date,CDU/CSU,SPD,GRÜNE,FDP,LINKE,AfD
2002-01-03,38.0,38.0,5.0,8.0,7.0,
2002-01-04,38.0,38.0,5.5,8.0,7.0,
2002-01-05,37.666666666666664,38.0,5.666666666666667,7.666666666666667,7.0,
2002-01-06,37.666666666666664,38.0,5.666666666666667,7.666666666666667,7.0,
2002-01-07,37.666666666666664,38.0,5.666666666666667,7.666666666666667,7.0,
2002-01-08,37.666666666666664,38.0,5.666666666666667,7.666666666666667,7.0,
2002-01-09,37.666666666666664,38.0,5.666666666666667,7.666666666666667,7.0,
2002-01-10,37.5,38.0,5.75,8.0,6.75,
2002-01-11,37.8,38.0,5.6,8.0,6.8,
2002-01-12,38.0,38.0,5.666666666666667,7.833333333333333,6.833333333333333,
2002-01-13,38.0,38.0,5.666666666666667,7.833333333333333,6.833333333333333,
2002-01-14,38.0,38.0,5.666666666666667,7.833333333333333,6.833333333333333,
2002-01-15,38.0,38.0,5.666666666666667,7.833333333333333,6.833333333333333,
2002-01-16,38.0,38.0,5.666666666666667,7.833333333333333,6.833333333333333,
2002-01-17,38.42857142857143,37.714285714285715,5.714285714285714,7.714285714285714,6.714285714285714,
2002-01-18,38.5625,37.625,5.75,7.75,6.75,
2002-01-19,38.5625,37.625,5.75,7.75,6.75,
2002-01-20,38.5625,37.625,5.75,7.75,6.75,
2002-01-21,38.5625,37.625,5.75,7.75,6.75,
2002-01-22,38.5625,37.625,5.75,7.75,6.75,
2002-01-23,38.5625,37.625,5.75,7.75,6.75,
2002-01-24,38.833333333333336,37.44444444444444,5.666666666666667,7.777777777777778,6.666666666666667,
2002-01-25,38.95,37.3,5.7,7.9,6.7,
2002-01-26,39.13636363636363,37.36363636363637,5.636363636363637,7.818181818181818,6.636363636363637,
2002-01-27,39.13636363636363,37.36363636363637,5.636363636363637,7.818181818181818,6.636363636363637,
2002-01-28,39.13636363636363,37.36363636363637,5.636363636363637,7.818181818181818,6.636363636363637,
2002-01-29,39.13636363636363,37.36363636363637,5.636363636363637,7.818181818181818,6.636363636363637,
2002-01-30,39.13636363636363,37.36363636363637,5.636363636363637,7.818181818181818,6.636363636363637,
2002-01-31,39.208333333333336,37.166666666666664,5.666666666666667,7.916666666666667,6.583333333333333,
2002-02-01,39.34615384615385,37.07692307692308,5.6923076923076925,7.923076923076923,6.615384615384615,
2002-02-02,39.464285714285715,37.07142857142857,5.714285714285714,7.928571428571429,6.571428571428571,
2002-02-03,39.464285714285715,37.07142857142857,5.714285714285714,7.928571428571429,6.571428571428571,
2002-02-04,39.464285714285715,37.07142857142857,5.714285714285714,7.928571428571429,6.571428571428571,
2002-02-05,39.464285714285715,37.07142857142857,5.714285714285714,7.928571428571429,6.571428571428571,
2002-02-06,39.464285714285715,37.07142857142857,5.714285714285714,7.928571428571429,6.571428571428571,
2002-02-07,39.56666666666667,37.0,5.733333333333333,7.933333333333334,6.533333333333333,
2002-02-08,39.65625,36.9375,5.75,7.9375,6.5,
2002-02-09,39.73529411764706,37.0,5.705882352941177,7.9411764705882355,6.470588235294118,
2002-02-10,39.861111111111114,36.833333333333336,5.722222222222222,7.944444444444445,6.444444444444445,
2002-02-11,39.861111111111114,36.833333333333336,5.722222222222222,7.944444444444445,6.444444444444445,
2002-02-12,39.861111111111114,36.833333333333336,5.722222222222222,7.944444444444445,6.444444444444445,
2002-02-13,39.861111111111114,36.833333333333336,5.722222222222222,7.944444444444445,6.444444444444445,
2002-02-14,39.861111111111114,36.833333333333336,5.722222222222222,7.944444444444445,6.444444444444445,
2002-02-15,39.921052631578945,36.78947368421053,5.7368421052631575,7.947368421052632,6.421052631578948,
2002-02-16,39.975,36.8,5.7,7.95,6.4,
2002-02-17,39.975,36.8,5.7,7.95,6.4,
2002-02-18,39.975,36.8,5.7,7.95,6.4,
2002-02-19,39.975,36.8,5.7,7.95,6.4,
2002-02-20,39.975,36.8,5.7,7.95,6.4,
2002-02-21,40.023809523809526,36.714285714285715,5.714285714285714,7.9523809523809526,6.380952380952381,
2002-02-22,40.06818181818182,36.63636363636363,5.7272727272727275,8.0,6.363636363636363,
2002-02-23,40.108695652173914,36.65217391304348,5.695652173913044,8.043478260869565,6.3478260869565215,
2002-02-24,40.108695652173914,36.65217391304348,5.695652173913044,8.043478260869565,6.3478260869565215,
2002-02-25,40.108695652173914,36.65217391304348,5.695652173913044,8.043478260869565,6.3478260869565215,
2002-02-26,40.108695652173914,36.65217391304348,5.695652173913044,8.043478260869565,6.3478260869565215,
2002-02-27,40.108695652173914,36.65217391304348,5.695652173913044,8.043478260869565,6.3478260869565215,
2002-02-28,40.104166666666664,36.583333333333336,5.708333333333333,8.083333333333334,6.333333333333333,
2002-03-01,40.1,36.56,5.72,8.12,6.32,
2002-03-02,40.13461538461539,36.57692307692308,5.6923076923076925,8.076923076923077,6.3076923076923075,
2002-03-03,40.13461538461539,36.57692307692308,5.6923076923076925,8.076923076923077,6.3076923076923075,
2002-03-04,40.13461538461539,36.57692307692308,5.6923076923076925,8.076923076923077,6.3076923076923075,
2002-03-05,40.13461538461539,36.57692307692308,5.6923076923076925,8.076923076923077,6.3076923076923075,
2002-03-06,40.166666666666664,36.48148148148148,5.703703703703703,8.074074074074074,6.333333333333333,
2002-03-07,40.166666666666664,36.48148148148148,5.703703703703703,8.074074074074074,6.333333333333333,
2002-03-08,40.142857142857146,36.5,5.714285714285714,8.107142857142858,6.321428571428571,
2002-03-09,40.142857142857146,36.5,5.714285714285714,8.107142857142858,6.321428571428571,
2002-03-10,40.142857142857146,36.5,5.714285714285714,8.107142857142858,6.321428571428571,
2002-03-11,40.142857142857146,36.5,5.714285714285714,8.107142857142858,6.321428571428571,
2002-03-12,40.142857142857146,36.5,5.714285714285714,8.107142857142858,6.321428571428571,
2002-03-13,40.13793103448276,36.44827586206897,5.724137931034483,8.137931034482758,6.310344827586207,
2002-03-14,40.13793103448276,36.44827586206897,5.724137931034483,8.137931034482758,6.310344827586207,
2002-03-15,40.166666666666664,36.43333333333333,5.766666666666667,8.133333333333333,6.3,
2002-03-16,40.16129032258065,36.41935483870968,5.774193548387097,8.129032258064516,6.290322580645161,
2002-03-17,40.16129032258065,36.41935483870968,5.774193548387097,8.129032258064516,6.290322580645161,
2002-03-18,40.16129032258065,36.41935483870968,5.774193548387097,8.129032258064516,6.290322580645161,
2002-03-19,40.16129032258065,36.41935483870968,5.774193548387097,8.129032258064516,6.290322580645161,
2002-03-20,40.1875,36.3125,5.78125,8.15625,6.3125,
2002-03-21,40.1875,36.3125,5.78125,8.15625,6.3125,
2002-03-22,40.21212121212121,36.303030303030305,5.818181818181818,8.151515151515152,6.2727272727272725,
2002-03-23,40.205882352941174,36.26470588235294,5.852941176470588,8.176470588235293,6.264705882352941,
2002-03-24,40.205882352941174,36.26470588235294,5.852941176470588,8.176470588235293,6.264705882352941,
2002-03-25,40.205882352941174,36.26470588235294,5.852941176470588,8.176470588235293,6.264705882352941,
2002-03-26,40.22857142857143,36.2,5.857142857142857,8.2,6.257142857142857,
2002-03-27,40.19444444444444,36.166666666666664,5.916666666666667,8.222222222222221,6.25,
2002-03-28,40.189189189189186,36.16216216216216,5.918918918918919,8.243243243243244,6.243243243243243,
2002-03-29,40.189189189189186,36.16216216216216,5.918918918918919,8.243243243243244,6.243243243243243,
2002-03-30,40.189189189189186,36.16216216216216,5.918918918918919,8.243243243243244,6.243243243243243,
2002-03-31,40.189189189189186,36.16216216216216,5.918918918918919,8.243243243243244,6.243243243243243,
2002-04-01,40.189189189189186,36.16216216216216,5.918918918918919,8.243243243243244,6.243243243243243,
2002-04-02,40.189189189189186,36.16216216216216,5.918918918918919,8.243243243243244,6.243243243243243,
2002-04-03,40.18421052631579,36.10526315789474,5.921052631578948,8.263157894736842,6.2631578947368425,
2002-04-04,40.18421052631579,36.10526315789474,5.921052631578948,8.263157894736842,6.2631578947368425,
2002-04-05,40.15384615384615,36.05128205128205,5.948717948717949,8.282051282051283,6.282051282051282,
2002-04-06,40.125,36.05,5.975,8.3,6.3,
2002-04-07,40.125,36.05,5.975,8.3,6.3,
2002-04-08,40.125,36.05,5.975,8.3,6.3,
2002-04-09,40.125,36.05,5.975,8.3,6.3,
2002-04-10,40.1219512195122,35.97560975609756,6.0,8.317073170731707,6.317073170731708,
2002-04-11,40.1219512195122,35.97560975609756,6.0,8.317073170731707,6.317073170731708,
2002-04-12,40.095238095238095,35.95238095238095,6.023809523809524,8.333333333333334,6.333333333333333,
2002-04-13,40.06976744186046,35.97674418604651,6.023255813953488,8.325581395348838,6.325581395348837,
2002-04-14,40.06976744186046,35.97674418604651,6.023255813953488,8.325581395348838,6.325581395348837,
2002-04-15,40.06976744186046,35.97674418604651,6.023255813953488,8.325581395348838,6.325581395348837,
2002-04-16,40.06976744186046,35.97674418604651,6.023255813953488,8.325581395348838,6.325581395348837,
2002-04-17,40.06818181818182,35.95454545454545,6.045454545454546,8.340909090909092,6.295454545454546,
2002-04-18,40.06818181818182,35.95454545454545,6.045454545454546,8.340909090909092,6.295454545454546,
2002-04-19,40.044444444444444,35.93333333333333,6.066666666666666,8.355555555555556,6.288888888888889,
2002-04-20,40.02173913043478,35.93478260869565,6.065217391304348,8.369565217391305,6.282608695652174,
2002-04-21,40.02173913043478,35.93478260869565,6.065217391304348,8.369565217391305,6.282608695652174,
2002-04-22,40.02173913043478,35.93478260869565,6.065217391304348,8.369565217391305,6.282608695652174,
2002-04-23,40.02173913043478,35.93478260869565,6.065217391304348,8.369565217391305,6.282608695652174,
2002-04-24,40.0,35.8936170212766,6.085106382978723,8.425531914893616,6.276595744680851,
2002-04-25,40.0,35.8936170212766,6.085106382978723,8.425531914893616,6.276595744680851,
2002-04-26,39.979166666666664,35.854166666666664,6.104166666666667,8.458333333333334,6.270833333333333,
2002-04-27,39.97959183673469,35.83673469387755,6.081632653061225,8.46938775510204,6.26530612244898,
2002-04-28,39.97959183673469,35.83673469387755,6.081632653061225,8.46938775510204,6.26530612244898,
2002-04-29,40.0,35.76,6.08,8.52,6.26,
2002-04-30,40.0,35.76,6.08,8.52,6.26,
2002-05-01,40.0,35.76,6.08,8.52,6.26,
2002-05-02,40.0,35.76,6.08,8.52,6.26,
2002-05-03,40.01960784313726,35.68627450980392,6.098039215686274,8.568627450980392,6.235294117647059,
2002-05-04,40.01923076923077,35.65384615384615,6.096153846153846,8.596153846153847,6.230769230769231,
2002-05-05,40.01923076923077,35.65384615384615,6.096153846153846,8.596153846153847,6.230769230769231,
2002-05-06,40.01923076923077,35.65384615384615,6.096153846153846,8.596153846153847,6.230769230769231,
2002-05-07,40.0377358490566,35.56603773584906,6.113207547169812,8.660377358490566,6.226415094339623,
2002-05-08,40.0377358490566,35.56603773584906,6.113207547169812,8.660377358490566,6.226415094339623,
2002-05-09,40.01851851851852,35.5,6.111111111111111,8.703703703703704,6.222222222222222,
2002-05-10,40.03636363636364,35.41818181818182,6.127272727272727,8.745454545454546,6.218181818181818,
2002-05-11,40.03636363636364,35.41818181818182,6.127272727272727,8.745454545454546,6.218181818181818,
2002-05-12,40.03636363636364,35.41818181818182,6.127272727272727,8.745454545454546,6.218181818181818,
2002-05-13,40.03636363636364,35.41818181818182,6.127272727272727,8.745454545454546,6.218181818181818,
2002-05-14,40.03636363636364,35.41818181818182,6.127272727272727,8.745454545454546,6.218181818181818,
2002-05-15,40.05357142857143,35.357142857142854,6.142857142857143,8.785714285714286,6.214285714285714,
2002-05-16,40.01754385964912,35.31578947368421,6.157894736842105,8.842105263157896,6.192982456140351,
2002-05-17,40.01724137931034,35.258620689655174,6.172413793103448,8.89655172413793,6.189655172413793,
2002-05-18,40.01724137931034,35.258620689655174,6.172413793103448,8.89655172413793,6.189655172413793,
2002-05-19,40.01724137931034,35.258620689655174,6.172413793103448,8.89655172413793,6.189655172413793,
2002-05-20,40.01724137931034,35.258620689655174,6.172413793103448,8.89655172413793,6.189655172413793,
2002-05-21,40.01724137931034,35.258620689655174,6.172413793103448,8.89655172413793,6.189655172413793,
2002-05-22,40.01724137931034,35.258620689655174,6.172413793103448,8.89655172413793,6.189655172413793,
2002-05-23,40.0,35.20338983050848,6.203389830508475,8.915254237288135,6.169491525423729,
2002-05-24,39.983333333333334,35.15,6.216666666666667,8.983333333333333,6.166666666666667,
2002-05-25,39.983333333333334,35.15,6.216666666666667,8.983333333333333,6.166666666666667,
2002-05-26,39.983333333333334,35.15,6.216666666666667,8.983333333333333,6.166666666666667,
2002-05-27,39.983333333333334,35.15,6.216666666666667,8.983333333333333,6.166666666666667,
2002-05-28,39.983333333333334,35.15,6.216666666666667,8.983333333333333,6.166666666666667,
2002-05-29,39.950819672131146,35.131147540983605,6.213114754098361,9.032786885245901,6.163934426229508,
2002-05-30,39.935483870967744,35.096774193548384,6.209677419354839,9.064516129032258,6.161290322580645,
2002-05-31,39.92063492063492,35.06349206349206,6.222222222222222,9.095238095238095,6.158730158730159,
2002-06-01,39.92063492063492,35.06349206349206,6.222222222222222,9.095238095238095,6.158730158730159,
2002-06-02,39.92063492063492,35.06349206349206,6.222222222222222,9.095238095238095,6.158730158730159,
2002-06-03,39.92063492063492,35.06349206349206,6.222222222222222,9.095238095238095,6.158730158730159,
2002-06-04,39.921875,35.0625,6.21875,9.09375,6.15625,
2002-06-05,39.921875,35.0625,6.21875,9.09375,6.15625,
2002-06-06,39.9,35.03846153846154,6.2384615384615385,9.107692307692307,6.153846153846154,
2002-06-07,39.9,35.03846153846154,6.2384615384615385,9.107692307692307,6.153846153846154,
2002-06-08,39.9,35.03846153846154,6.2384615384615385,9.107692307692307,6.153846153846154,
2002-06-09,39.9,35.03846153846154,6.2384615384615385,9.107692307692307,6.153846153846154,
2002-06-10,39.9,35.03846153846154,6.2384615384615385,9.107692307692307,6.153846153846154,
2002-06-11,39.9,35.03846153846154,6.2384615384615385,9.107692307692307,6.153846153846154,
2002-06-12,39.871212121212125,35.053030303030305,6.234848484848484,9.121212121212121,6.151515151515151,
2002-06-13,39.85820895522388,35.05223880597015,6.2388059701492535,9.14179104477612,6.141791044776119,
2002-06-14,39.85820895522388,35.05223880597015,6.2388059701492535,9.14179104477612,6.141791044776119,
2002-06-15,39.85820895522388,35.05223880597015,6.2388059701492535,9.14179104477612,6.141791044776119,
2002-06-16,39.85820895522388,35.05223880597015,6.2388059701492535,9.14179104477612,6.141791044776119,
2002-06-17,39.85820895522388,35.05223880597015,6.2388059701492535,9.14179104477612,6.141791044776119,
2002-06-18,39.85820895522388,35.05223880597015,6.2388059701492535,9.14179104477612,6.141791044776119,
2002-06-19,39.830882352941174,35.06617647058823,6.235294117647059,9.154411764705882,6.139705882352941,
2002-06-20,39.80434782608695,35.05072463768116,6.246376811594203,9.166666666666666,6.13768115942029,
2002-06-21,39.792857142857144,35.06428571428572,6.257142857142857,9.178571428571429,6.135714285714286,
2002-06-22,39.792857142857144,35.06428571428572,6.257142857142857,9.178571428571429,6.135714285714286,
2002-06-23,39.792857142857144,35.06428571428572,6.257142857142857,9.178571428571429,6.135714285714286,
2002-06-24,39.792857142857144,35.06428571428572,6.257142857142857,9.178571428571429,6.135714285714286,
2002-06-25,39.792857142857144,35.06428571428572,6.257142857142857,9.178571428571429,6.135714285714286,
2002-06-26,39.809859154929576,35.063380281690144,6.253521126760563,9.17605633802817,6.119718309859155,
2002-06-27,39.80555555555556,35.06944444444444,6.25,9.180555555555555,6.111111111111111,
2002-06-28,39.80555555555556,35.06944444444444,6.25,9.180555555555555,6.111111111111111,
2002-06-29,39.80555555555556,35.06944444444444,6.25,9.180555555555555,6.111111111111111,
2002-06-30,39.80555555555556,35.06944444444444,6.25,9.180555555555555,6.111111111111111,
2002-07-01,39.80555555555556,35.06944444444444,6.25,9.180555555555555,6.111111111111111,
2002-07-02,39.794520547945204,35.082191780821915,6.2465753424657535,9.178082191780822,6.109589041095891,
2002-07-03,39.794520547945204,35.082191780821915,6.2465753424657535,9.178082191780822,6.109589041095891,
2002-07-04,39.78378378378378,35.08108108108108,6.243243243243243,9.175675675675675,6.108108108108108,
2002-07-05,39.78666666666667,35.093333333333334,6.24,9.173333333333334,6.1066666666666665,
2002-07-06,39.78666666666667,35.093333333333334,6.24,9.173333333333334,6.1066666666666665,
2002-07-07,39.78666666666667,35.093333333333334,6.24,9.173333333333334,6.1066666666666665,
2002-07-08,39.78666666666667,35.093333333333334,6.24,9.173333333333334,6.1066666666666665,
2002-07-09,39.78666666666667,35.093333333333334,6.24,9.173333333333334,6.1066666666666665,
2002-07-10,39.776315789473685,35.10526315789474,6.25,9.157894736842104,6.105263157894737,
2002-07-11,39.77922077922078,35.103896103896105,6.246753246753247,9.155844155844155,6.097402597402597,
2002-07-12,39.77922077922078,35.103896103896105,6.246753246753247,9.155844155844155,6.097402597402597,
2002-07-13,39.77922077922078,35.103896103896105,6.246753246753247,9.155844155844155,6.097402597402597,
2002-07-14,39.77922077922078,35.103896103896105,6.246753246753247,9.155844155844155,6.097402597402597,
2002-07-15,39.77922077922078,35.103896103896105,6.246753246753247,9.155844155844155,6.097402597402597,
2002-07-16,39.77922077922078,35.103896103896105,6.246753246753247,9.155844155844155,6.097402597402597,
2002-07-17,39.782051282051285,35.12820512820513,6.243589743589744,9.14102564102564,6.083333333333333,
2002-07-18,39.79746835443038,35.12658227848101,6.2405063291139244,9.139240506329115,6.069620253164557,
2002-07-19,39.8,35.125,6.2375,9.1375,6.06875,
2002-07-20,39.8,35.125,6.2375,9.1375,6.06875,
2002-07-21,39.8,35.125,6.2375,9.1375,6.06875,
2002-07-22,39.8,35.125,6.2375,9.1375,6.06875,
2002-07-23,39.8,35.125,6.2375,9.1375,6.06875,
2002-07-24,39.80246913580247,35.135802469135804,6.234567901234568,9.135802469135802,6.067901234567901,
2002-07-25,39.792682926829265,35.1219512195122,6.2439024390243905,9.134146341463415,6.067073170731708,
2002-07-26,39.80722891566265,35.12048192771084,6.253012048192771,9.132530120481928,6.054216867469879,
2002-07-27,39.80722891566265,35.12048192771084,6.253012048192771,9.132530120481928,6.054216867469879,
2002-07-28,39.80722891566265,35.12048192771084,6.253012048192771,9.132530120481928,6.054216867469879,
2002-07-29,39.80722891566265,35.12048192771084,6.253012048192771,9.132530120481928,6.054216867469879,
2002-07-30,39.80722891566265,35.12048192771084,6.253012048192771,9.132530120481928,6.054216867469879,
2002-07-31,39.833333333333336,35.11904761904762,6.25,9.130952380952381,6.041666666666667,
2002-08-01,39.833333333333336,35.11904761904762,6.25,9.130952380952381,6.041666666666667,
2002-08-02,39.83529411764706,35.11176470588235,6.258823529411765,9.123529411764705,6.035294117647059,
2002-08-03,39.83529411764706,35.11176470588235,6.258823529411765,9.123529411764705,6.035294117647059,
2002-08-04,39.83529411764706,35.11176470588235,6.258823529411765,9.123529411764705,6.035294117647059,
2002-08-05,39.83529411764706,35.11176470588235,6.258823529411765,9.123529411764705,6.035294117647059,
2002-08-06,39.83529411764706,35.11176470588235,6.258823529411765,9.123529411764705,6.035294117647059,
2002-08-07,39.86046511627907,35.11046511627907,6.255813953488372,9.122093023255815,6.023255813953488,
2002-08-08,39.87356321839081,35.09770114942529,6.264367816091954,9.120689655172415,6.0,
2002-08-09,39.88636363636363,35.08522727272727,6.2727272727272725,9.119318181818182,5.988636363636363,
2002-08-10,39.88636363636363,35.08522727272727,6.2727272727272725,9.119318181818182,5.988636363636363,
2002-08-11,39.88636363636363,35.08522727272727,6.2727272727272725,9.119318181818182,5.988636363636363,
2002-08-12,39.89887640449438,35.07303370786517,6.269662921348314,9.117977528089888,5.977528089887641,
2002-08-13,39.89887640449438,35.07303370786517,6.269662921348314,9.117977528089888,5.977528089887641,
2002-08-14,39.91111111111111,35.07222222222222,6.266666666666667,9.127777777777778,5.955555555555556,
2002-08-15,39.91208791208791,35.06043956043956,6.274725274725275,9.137362637362637,5.945054945054945,
2002-08-16,39.91304347826087,35.04891304347826,6.282608695652174,9.146739130434783,5.934782608695652,
2002-08-17,39.913978494623656,35.05913978494624,6.290322580645161,9.134408602150538,5.924731182795699,
2002-08-18,39.913978494623656,35.05913978494624,6.290322580645161,9.134408602150538,5.924731182795699,
2002-08-19,39.913978494623656,35.05913978494624,6.290322580645161,9.134408602150538,5.924731182795699,
2002-08-20,39.913978494623656,35.05913978494624,6.290322580645161,9.134408602150538,5.924731182795699,
2002-08-21,39.913978494623656,35.05913978494624,6.290322580645161,9.134408602150538,5.924731182795699,
2002-08-22,39.91489361702128,35.047872340425535,6.287234042553192,9.132978723404255,5.925531914893617,
2002-08-23,39.915789473684214,35.05789473684211,6.294736842105263,9.126315789473685,5.910526315789474,
2002-08-24,39.915789473684214,35.05789473684211,6.294736842105263,9.126315789473685,5.910526315789474,
2002-08-25,39.915789473684214,35.05789473684211,6.294736842105263,9.126315789473685,5.910526315789474,
2002-08-26,39.915789473684214,35.05789473684211,6.294736842105263,9.126315789473685,5.910526315789474,
2002-08-27,39.915789473684214,35.05789473684211,6.294736842105263,9.126315789473685,5.910526315789474,
2002-08-28,39.916666666666664,35.088541666666664,6.302083333333333,9.114583333333334,5.901041666666667,
2002-08-29,39.91752577319588,35.108247422680414,6.298969072164948,9.11340206185567,5.881443298969073,
2002-08-30,39.92857142857143,35.14795918367347,6.3061224489795915,9.091836734693878,5.862244897959184,
2002-08-31,39.92857142857143,35.14795918367347,6.3061224489795915,9.091836734693878,5.862244897959184,
2002-09-01,39.92857142857143,35.14795918367347,6.3061224489795915,9.091836734693878,5.862244897959184,
2002-09-02,39.92857142857143,35.14795918367347,6.3061224489795915,9.091836734693878,5.862244897959184,
2002-09-03,39.92857142857143,35.14795918367347,6.3061224489795915,9.091836734693878,5.862244897959184,
2002-09-04,39.91919191919192,35.186868686868685,6.313131313131313,9.080808080808081,5.843434343434343,
2002-09-05,39.91,35.205,6.31,9.07,5.835,
2002-09-06,39.90594059405941,35.23267326732673,6.321782178217822,9.064356435643564,5.816831683168317,
2002-09-07,39.90594059405941,35.23267326732673,6.321782178217822,9.064356435643564,5.816831683168317,
2002-09-08,39.90594059405941,35.23267326732673,6.321782178217822,9.064356435643564,5.816831683168317,
2002-09-09,39.88725490196079,35.26960784313726,6.333333333333333,9.058823529411764,5.799019607843137,
2002-09-10,39.86893203883495,35.29611650485437,6.339805825242719,9.048543689320388,5.781553398058253,
2002-09-11,39.85096153846154,35.32211538461539,6.355769230769231,9.048076923076923,5.774038461538462,
2002-09-12,39.833333333333336,35.34761904761905,6.3619047619047615,9.038095238095238,5.757142857142857,
2002-09-13,39.79716981132076,35.37735849056604,6.377358490566038,9.033018867924529,5.747169811320755,
2002-09-14,39.79716981132076,35.37735849056604,6.377358490566038,9.033018867924529,5.747169811320755,
2002-09-15,39.79716981132076,35.37735849056604,6.377358490566038,9.033018867924529,5.747169811320755,
2002-09-16,39.79716981132076,35.37735849056604,6.377358490566038,9.033018867924529,5.747169811320755,
2002-09-17,39.79716981132076,35.37735849056604,6.377358490566038,9.033018867924529,5.747169811320755,
2002-09-18,39.7803738317757,35.42056074766355,6.383177570093458,9.023364485981308,5.730841121495327,
2002-09-19,39.7803738317757,35.42056074766355,6.383177570093458,9.023364485981308,5.730841121495327,
2002-09-20,39.7803738317757,35.42056074766355,6.383177570093458,9.023364485981308,5.730841121495327,
2002-09-21,39.7803738317757,35.42056074766355,6.383177570093458,9.023364485981308,5.730841121495327,
2002-09-22,39.7803738317757,35.42056074766355,6.383177570093458,9.023364485981308,5.730841121495327,
2002-09-23,39.7803738317757,35.42056074766355,6.383177570093458,9.023364485981308,5.730841121495327,
2002-09-24,39.7803738317757,35.42056074766355,6.383177570093458,9.023364485981308,5.730841121495327,
2002-09-25,39.7803738317757,35.42056074766355,6.383177570093458,9.023364485981308,5.730841121495327,
2002-09-26,39.773148148148145,35.44444444444444,6.407407407407407,9.00462962962963,5.714814814814815,
2002-09-27,39.773148148148145,35.44444444444444,6.407407407407407,9.00462962962963,5.714814814814815,
2002-09-28,39.773148148148145,35.44444444444444,6.407407407407407,9.00462962962963,5.714814814814815,
2002-09-29,39.773148148148145,35.44444444444444,6.407407407407407,9.00462962962963,5.714814814814815,
2002-09-30,39.773148148148145,35.44444444444444,6.407407407407407,9.00462962962963,5.714814814814815,
2002-10-01,39.76605504587156,35.477064220183486,6.440366972477064,8.986238532110091,5.689908256880734,
2002-10-02,39.76605504587156,35.477064220183486,6.440366972477064,8.986238532110091,5.689908256880734,
2002-10-03,39.768181818181816,35.5,6.463636363636364,8.968181818181819,5.674545454545455,
2002-10-04,39.76126126126126,35.52252252252252,6.486486486486487,8.95045045045045,5.65945945945946,
2002-10-05,39.76126126126126,35.52252252252252,6.486486486486487,8.95045045045045,5.65945945945946,
2002-10-06,39.76126126126126,35.52252252252252,6.486486486486487,8.95045045045045,5.65945945945946,
2002-10-07,39.76126126126126,35.52252252252252,6.486486486486487,8.95045045045045,5.65945945945946,
2002-10-08,39.76126126126126,35.52252252252252,6.486486486486487,8.95045045045045,5.65945945945946,
2002-10-09,39.763392857142854,35.544642857142854,6.517857142857143,8.924107142857142,5.644642857142857,
2002-10-10,39.76548672566372,35.56637168141593,6.530973451327434,8.9070796460177,5.6300884955752215,
2002-10-11,39.75877192982456,35.58771929824562,6.552631578947368,8.890350877192983,5.615789473684211,
2002-10-12,39.75877192982456,35.58771929824562,6.552631578947368,8.890350877192983,5.615789473684211,
2002-10-13,39.75877192982456,35.58771929824562,6.552631578947368,8.890350877192983,5.615789473684211,
2002-10-14,39.75877192982456,35.58771929824562,6.552631578947368,8.890350877192983,5.615789473684211,
2002-10-15,39.75877192982456,35.58771929824562,6.552631578947368,8.890350877192983,5.615789473684211,
2002-10-16,39.75877192982456,35.58771929824562,6.552631578947368,8.890350877192983,5.615789473684211,
2002-10-17,39.76086956521739,35.60434782608696,6.582608695652174,8.865217391304348,5.597391304347826,
2002-10-18,39.76293103448276,35.62068965517241,6.603448275862069,8.84051724137931,5.583620689655173,
2002-10-19,39.76293103448276,35.62068965517241,6.603448275862069,8.84051724137931,5.583620689655173,
2002-10-20,39.76293103448276,35.62068965517241,6.603448275862069,8.84051724137931,5.583620689655173,
2002-10-21,39.76293103448276,35.62068965517241,6.603448275862069,8.84051724137931,5.583620689655173,
2002-10-22,39.76293103448276,35.62068965517241,6.603448275862069,8.84051724137931,5.583620689655173,
2002-10-23,39.77350427350427,35.63247863247863,6.632478632478633,8.824786324786325,5.561538461538462,
2002-10-24,39.78389830508475,35.644067796610166,6.661016949152542,8.80084745762712,5.5398305084745765,
2002-10-25,39.794117647058826,35.64705882352941,6.689075630252101,8.777310924369749,5.526890756302522,
2002-10-26,39.794117647058826,35.64705882352941,6.689075630252101,8.777310924369749,5.526890756302522,
2002-10-27,39.794117647058826,35.64705882352941,6.689075630252101,8.777310924369749,5.526890756302522,
2002-10-28,39.794117647058826,35.64705882352941,6.689075630252101,8.777310924369749,5.526890756302522,
2002-10-29,39.794117647058826,35.64705882352941,6.689075630252101,8.777310924369749,5.526890756302522,
2002-10-30,39.82083333333333,35.641666666666666,6.716666666666667,8.754166666666666,5.505833333333333,
2002-10-31,39.83884297520661,35.63636363636363,6.743801652892562,8.723140495867769,5.493388429752066,
2002-11-01,39.864754098360656,35.631147540983605,6.762295081967213,8.700819672131148,5.481147540983607,
2002-11-02,39.864754098360656,35.631147540983605,6.762295081967213,8.700819672131148,5.481147540983607,
2002-11-03,39.864754098360656,35.631147540983605,6.762295081967213,8.700819672131148,5.481147540983607,
2002-11-04,39.864754098360656,35.631147540983605,6.762295081967213,8.700819672131148,5.481147540983607,
2002-11-05,39.864754098360656,35.631147540983605,6.762295081967213,8.700819672131148,5.481147540983607,
2002-11-06,39.90650406504065,35.609756097560975,6.788617886178862,8.670731707317072,5.469105691056911,
2002-11-07,39.939516129032256,35.596774193548384,6.814516129032258,8.641129032258064,5.45725806451613,
2002-11-08,39.939516129032256,35.596774193548384,6.814516129032258,8.641129032258064,5.45725806451613,
2002-11-09,39.939516129032256,35.596774193548384,6.814516129032258,8.641129032258064,5.45725806451613,
2002-11-10,39.939516129032256,35.596774193548384,6.814516129032258,8.641129032258064,5.45725806451613,
2002-11-11,39.939516129032256,35.596774193548384,6.814516129032258,8.641129032258064,5.45725806451613,
2002-11-12,39.939516129032256,35.596774193548384,6.814516129032258,8.641129032258064,5.45725806451613,
2002-11-13,39.988,35.568,6.84,8.612,5.445600000000001,
2002-11-14,40.035714285714285,35.53968253968254,6.857142857142857,8.583333333333334,5.442063492063492,
2002-11-15,40.07244094488189,35.51784776902887,6.877690288713911,8.559842519685038,5.430708661417323,
2002-11-16,40.07244094488189,35.51784776902887,6.877690288713911,8.559842519685038,5.430708661417323,
2002-11-17,40.07244094488189,35.51784776902887,6.877690288713911,8.559842519685038,5.430708661417323,
2002-11-18,40.07244094488189,35.51784776902887,6.877690288713911,8.559842519685038,5.430708661417323,
2002-11-19,40.07244094488189,35.51784776902887,6.877690288713911,8.559842519685038,5.430708661417323,
2002-11-20,40.07244094488189,35.51784776902887,6.877690288713911,8.559842519685038,5.430708661417323,
2002-11-21,40.134375,35.47083333333333,6.905989583333334,8.53203125,5.41953125,
2002-11-22,40.134375,35.47083333333333,6.905989583333334,8.53203125,5.41953125,
2002-11-23,40.134375,35.47083333333333,6.905989583333334,8.53203125,5.41953125,
2002-11-24,40.134375,35.47083333333333,6.905989583333334,8.53203125,5.41953125,
2002-11-25,40.134375,35.47083333333333,6.905989583333334,8.53203125,5.41953125,
2002-11-26,40.134375,35.47083333333333,6.905989583333334,8.53203125,5.41953125,
2002-11-27,40.21085271317829,35.41291989664082,6.929974160206719,8.504651162790697,5.408527131782946,
2002-11-28,40.286153846153844,35.35589743589743,6.953589743589744,8.477692307692307,5.397692307692308,
2002-11-29,40.34503816793893,35.31501272264631,6.984478371501273,8.451145038167938,5.387022900763359,
2002-11-30,40.34503816793893,35.31501272264631,6.984478371501273,8.451145038167938,5.387022900763359,
2002-12-01,40.34503816793893,35.31501272264631,6.984478371501273,8.451145038167938,5.387022900763359,
2002-12-02,40.34503816793893,35.31501272264631,6.984478371501273,8.451145038167938,5.387022900763359,
2002-12-03,40.34503816793893,35.31501272264631,6.984478371501273,8.451145038167938,5.387022900763359,
2002-12-04,40.418181818181814,35.2520202020202,7.01489898989899,8.417424242424241,5.376515151515152,
2002-12-05,40.48270676691729,35.197493734335836,7.03734335839599,8.39172932330827,5.373684210526316,
2002-12-06,40.538805970149255,35.14378109452736,7.074378109452737,8.36641791044776,5.363432835820896,
2002-12-07,40.538805970149255,35.14378109452736,7.074378109452737,8.36641791044776,5.363432835820896,
2002-12-08,40.538805970149255,35.14378109452736,7.074378109452737,8.36641791044776,5.363432835820896,
2002-12-09,40.538805970149255,35.14378109452736,7.074378109452737,8.36641791044776,5.363432835820896,
2002-12-10,40.538805970149255,35.14378109452736,7.074378109452737,8.36641791044776,5.363432835820896,
2002-12-11,40.59407407407407,35.09827160493827,7.103456790123457,8.334074074074074,5.3533333333333335,
2002-12-12,40.648529411764706,35.04975490196078,7.12843137254902,8.313235294117646,5.347058823529412,
2002-12-13,40.68759124087591,35.02749391727494,7.142092457420925,8.28905109489051,5.337226277372263,
2002-12-14,40.68759124087591,35.02749391727494,7.142092457420925,8.28905109489051,5.337226277372263,
2002-12-15,40.68759124087591,35.02749391727494,7.142092457420925,8.28905109489051,5.337226277372263,
2002-12-16,40.68759124087591,35.02749391727494,7.142092457420925,8.28905109489051,5.337226277372263,
2002-12-17,40.74057971014493,34.991062801932365,7.16280193236715,8.257971014492753,5.327536231884058,
2002-12-18,40.78992805755396,34.92925659472422,7.186810551558753,8.251079136690649,5.325179856115108,
2002-12-19,40.84142857142857,34.886904761904766,7.214047619047619,8.227857142857143,5.315714285714286,
2002-12-20,40.88510638297873,34.85224586288416,7.240898345153664,8.204964539007094,5.306382978723405,
2002-12-21,40.88510638297873,34.85224586288416,7.240898345153664,8.204964539007094,5.306382978723405,
2002-12-22,40.88510638297873,34.85224586288416,7.240898345153664,8.204964539007094,5.306382978723405,
2002-12-23,40.88510638297873,34.85224586288416,7.240898345153664,8.204964539007094,5.306382978723405,
2002-12-24,40.88510638297873,34.85224586288416,7.240898345153664,8.204964539007094,5.306382978723405,
2002-12-25,40.88510638297873,34.85224586288416,7.240898345153664,8.204964539007094,5.306382978723405,
2002-12-26,40.88510638297873,34.85224586288416,7.240898345153664,8.204964539007094,5.306382978723405,
2002-12-27,40.88510638297873,34.85224586288416,7.240898345153664,8.204964539007094,5.306382978723405,
2002-12-28,40.88510638297873,34.85224586288416,7.240898345153664,8.204964539007094,5.306382978723405,
2002-12-29,40.88510638297873,34.85224586288416,7.240898345153664,8.204964539007094,5.306382978723405,
2002-12-30,40.88510638297873,34.85224586288416,7.240898345153664,8.204964539007094,5.306382978723405,
2002-12-31,40.88510638297873,34.85224586288416,7.240898345153664,8.204964539007094,5.306382978723405,
2003-01-01,40.93521126760564,34.818075117370896,7.267370892018779,8.182394366197183,5.290140845070423,
2003-01-02,40.93521126760564,34.818075117370896,7.267370892018779,8.182394366197183,5.290140845070423,
2003-01-03,40.98111888111888,34.78438228438229,7.286480186480187,8.16013986013986,5.2846153846153845,
2003-01-04,40.98111888111888,34.78438228438229,7.286480186480187,8.16013986013986,5.2846153846153845,
2003-01-05,40.98111888111888,34.78438228438229,7.286480186480187,8.16013986013986,5.2846153846153845,
2003-01-06,40.98111888111888,34.78438228438229,7.286480186480187,8.16013986013986,5.2846153846153845,
2003-01-07,41.02291666666667,34.758101851851855,7.312268518518518,8.138194444444444,5.268750000000001,
2003-01-08,41.02291666666667,34.758101851851855,7.312268518518518,8.138194444444444,5.268750000000001,
2003-01-09,41.06413793103449,34.72528735632184,7.33080459770115,8.123448275862069,5.260000000000001,
2003-01-10,41.11164383561644,34.68607305936073,7.362785388127854,8.102054794520548,5.244520547945206,
2003-01-11,41.11164383561644,34.68607305936073,7.362785388127854,8.102054794520548,5.244520547945206,
2003-01-12,41.11164383561644,34.68607305936073,7.362785388127854,8.102054794520548,5.244520547945206,
2003-01-13,41.11164383561644,34.68607305936073,7.362785388127854,8.102054794520548,5.244520547945206,
2003-01-14,41.11164383561644,34.68607305936073,7.362785388127854,8.102054794520548,5.244520547945206,
2003-01-15,41.15170068027211,34.6609977324263,7.380725623582767,8.080952380952382,5.236054421768708,
2003-01-16,41.19797297297298,34.62274774774775,7.398423423423424,8.066891891891892,5.227702702702703,
2003-01-17,41.236912751677856,34.5917225950783,7.422595078299777,8.053020134228188,5.212751677852349,
2003-01-18,41.236912751677856,34.5917225950783,7.422595078299777,8.053020134228188,5.212751677852349,
2003-01-19,41.236912751677856,34.5917225950783,7.422595078299777,8.053020134228188,5.212751677852349,
2003-01-20,41.236912751677856,34.5917225950783,7.422595078299777,8.053020134228188,5.212751677852349,
2003-01-21,41.236912751677856,34.5917225950783,7.422595078299777,8.053020134228188,5.212751677852349,
2003-01-22,41.275333333333336,34.56777777777778,7.446444444444444,8.032666666666668,5.198,
2003-01-23,41.31324503311259,34.54415011037528,7.45673289183223,8.019205298013246,5.190066225165563,
2003-01-24,41.35065789473684,34.51754385964912,7.470175438596492,8.00592105263158,5.178947368421053,
2003-01-25,41.35065789473684,34.51754385964912,7.470175438596492,8.00592105263158,5.178947368421053,
2003-01-26,41.35065789473684,34.51754385964912,7.470175438596492,8.00592105263158,5.178947368421053,
2003-01-27,41.35065789473684,34.51754385964912,7.470175438596492,8.00592105263158,5.178947368421053,
2003-01-28,41.35065789473684,34.51754385964912,7.470175438596492,8.00592105263158,5.178947368421053,
2003-01-29,41.38104575163399,34.495860566448805,7.48115468409586,7.997058823529412,5.172549019607843,
2003-01-30,41.41753246753247,34.46666666666667,7.497510822510822,7.9840909090909085,5.164935064935065,
2003-01-31,41.453548387096774,34.43784946236559,7.513655913978494,7.977741935483871,5.150967741935483,
2003-02-01,41.453548387096774,34.43784946236559,7.513655913978494,7.977741935483871,5.150967741935483,
2003-02-02,41.453548387096774,34.43784946236559,7.513655913978494,7.977741935483871,5.150967741935483,
2003-02-03,41.453548387096774,34.43784946236559,7.513655913978494,7.977741935483871,5.150967741935483,
2003-02-04,41.50192307692308,34.39017094017094,7.536004273504273,7.971474358974358,5.137179487179487,
2003-02-05,41.50192307692308,34.39017094017094,7.536004273504273,7.971474358974358,5.137179487179487,
2003-02-06,41.54331210191083,34.35583864118896,7.551698513800424,7.958917197452229,5.129936305732484,
2003-02-07,41.5873417721519,34.321940928270045,7.567194092827004,7.946518987341772,5.119620253164557,
2003-02-08,41.5873417721519,34.321940928270045,7.567194092827004,7.946518987341772,5.119620253164557,
2003-02-09,41.5873417721519,34.321940928270045,7.567194092827004,7.946518987341772,5.119620253164557,
2003-02-10,41.5873417721519,34.321940928270045,7.567194092827004,7.946518987341772,5.119620253164557,
2003-02-11,41.627672955974845,34.27589098532495,7.595073375262054,7.940566037735849,5.1062893081761,
2003-02-12,41.627672955974845,34.27589098532495,7.595073375262054,7.940566037735849,5.1062893081761,
2003-02-13,41.67375,34.23041666666667,7.616354166666666,7.9346875,5.099375,
2003-02-14,41.7192546583851,34.185507246376815,7.643581780538302,7.922670807453416,5.086335403726708,
2003-02-15,41.7192546583851,34.185507246376815,7.643581780538302,7.922670807453416,5.086335403726708,
2003-02-16,41.7192546583851,34.185507246376815,7.643581780538302,7.922670807453416,5.086335403726708,
2003-02-17,41.7192546583851,34.185507246376815,7.643581780538302,7.922670807453416,5.086335403726708,
2003-02-18,41.7192546583851,34.185507246376815,7.643581780538302,7.922670807453416,5.086335403726708,
2003-02-19,41.7559670781893,34.14650205761317,7.661831275720165,7.91820987654321,5.07798353909465,
2003-02-20,41.79427402862986,34.10879345603272,7.682310838445808,7.912576687116564,5.071370143149284,
2003-02-21,41.83516260162602,34.077642276422765,7.696443089430894,7.900914634146342,5.061788617886179,
2003-02-22,41.83516260162602,34.077642276422765,7.696443089430894,7.900914634146342,5.061788617886179,
2003-02-23,41.83516260162602,34.077642276422765,7.696443089430894,7.900914634146342,5.061788617886179,
2003-02-24,41.83516260162602,34.077642276422765,7.696443089430894,7.900914634146342,5.061788617886179,
2003-02-25,41.83516260162602,34.077642276422765,7.696443089430894,7.900914634146342,5.061788617886179,
2003-02-26,41.86646464646464,34.04686868686869,7.722525252525252,7.88939393939394,5.049292929292929,
2003-02-27,41.86646464646464,34.04686868686869,7.722525252525252,7.88939393939394,5.049292929292929,
2003-02-28,41.90341365461847,34.01044176706827,7.742269076305221,7.881024096385542,5.042971887550201,
2003-03-01,41.90341365461847,34.01044176706827,7.742269076305221,7.881024096385542,5.042971887550201,
2003-03-02,41.90341365461847,34.01044176706827,7.742269076305221,7.881024096385542,5.042971887550201,
2003-03-03,41.90341365461847,34.01044176706827,7.742269076305221,7.881024096385542,5.042971887550201,
2003-03-04,41.93393213572854,33.98642714570858,7.761776447105788,7.869760479041916,5.030738522954092,
2003-03-05,41.93393213572854,33.98642714570858,7.761776447105788,7.869760479041916,5.030738522954092,
2003-03-06,41.9640873015873,33.95079365079365,7.7810515873015875,7.864583333333333,5.0246031746031745,
2003-03-07,42.005719921104536,33.90966469428008,7.806015779092703,7.853550295857988,5.012623274161736,
2003-03-08,42.005719921104536,33.90966469428008,7.806015779092703,7.853550295857988,5.012623274161736,
2003-03-09,42.005719921104536,33.90966469428008,7.806015779092703,7.853550295857988,5.012623274161736,
2003-03-10,42.005719921104536,33.90966469428008,7.806015779092703,7.853550295857988,5.012623274161736,
2003-03-11,42.005719921104536,33.90966469428008,7.806015779092703,7.853550295857988,5.012623274161736,
2003-03-12,42.04098039215686,33.88078431372549,7.824803921568628,7.8426470588235295,5.00078431372549,
2003-03-13,42.06998050682261,33.840545808966866,7.843372319688109,7.837719298245614,4.994931773879142,
2003-03-14,42.107364341085265,33.81531007751938,7.855910852713179,7.824127906976744,4.98624031007752,
2003-03-15,42.107364341085265,33.81531007751938,7.855910852713179,7.824127906976744,4.98624031007752,
2003-03-16,42.107364341085265,33.81531007751938,7.855910852713179,7.824127906976744,4.98624031007752,
2003-03-17,42.107364341085265,33.81531007751938,7.855910852713179,7.824127906976744,4.98624031007752,
2003-03-18,42.107364341085265,33.81531007751938,7.855910852713179,7.824127906976744,4.98624031007752,
2003-03-19,42.13622350674374,33.782466281310214,7.873892100192679,7.822832369942196,4.9770712909441235,
2003-03-20,42.13622350674374,33.782466281310214,7.873892100192679,7.822832369942196,4.9770712909441235,
2003-03-21,42.16704980842912,33.75498084291188,7.888984674329502,7.81235632183908,4.971455938697318,
2003-03-22,42.16704980842912,33.75498084291188,7.888984674329502,7.81235632183908,4.971455938697318,
2003-03-23,42.183238095238096,33.744952380952384,7.906761904761905,7.802,4.960190476190476,
2003-03-24,42.183238095238096,33.744952380952384,7.906761904761905,7.802,4.960190476190476,
2003-03-25,42.183238095238096,33.744952380952384,7.906761904761905,7.802,4.960190476190476,
2003-03-26,42.183238095238096,33.744952380952384,7.906761904761905,7.802,4.960190476190476,
2003-03-27,42.183238095238096,33.744952380952384,7.906761904761905,7.802,4.960190476190476,
2003-03-28,42.20681818181818,33.72935606060606,7.920549242424243,7.789867424242424,4.952840909090909,
2003-03-29,42.20681818181818,33.72935606060606,7.920549242424243,7.789867424242424,4.952840909090909,
2003-03-30,42.20681818181818,33.72935606060606,7.920549242424243,7.789867424242424,4.952840909090909,
2003-03-31,42.20681818181818,33.72935606060606,7.920549242424243,7.789867424242424,4.952840909090909,
2003-04-01,42.21694915254237,33.725235404896424,7.937947269303201,7.779755178907721,4.94180790960452,
2003-04-02,42.21694915254237,33.725235404896424,7.937947269303201,7.779755178907721,4.94180790960452,
2003-04-03,42.21694915254237,33.725235404896424,7.937947269303201,7.779755178907721,4.94180790960452,
2003-04-04,42.23258426966292,33.712734082397006,7.955149812734082,7.769756554307116,4.9337078651685395,
2003-04-05,42.23258426966292,33.712734082397006,7.955149812734082,7.769756554307116,4.9337078651685395,
2003-04-06,42.23258426966292,33.712734082397006,7.955149812734082,7.769756554307116,4.9337078651685395,
2003-04-07,42.23258426966292,33.712734082397006,7.955149812734082,7.769756554307116,4.9337078651685395,
2003-04-08,42.23258426966292,33.712734082397006,7.955149812734082,7.769756554307116,4.9337078651685395,
2003-04-09,42.24245810055866,33.708752327746744,7.972160148975791,7.759869646182495,4.922905027932961,
2003-04-10,42.26333333333333,33.693703703703704,7.988981481481481,7.750092592592592,4.917777777777778,
2003-04-11,42.28121546961326,33.68434622467772,7.997329650092081,7.740423572744015,4.909944751381215,
2003-04-12,42.28121546961326,33.68434622467772,7.997329650092081,7.740423572744015,4.909944751381215,
2003-04-13,42.28121546961326,33.68434622467772,7.997329650092081,7.740423572744015,4.909944751381215,
2003-04-14,42.28121546961326,33.68434622467772,7.997329650092081,7.740423572744015,4.909944751381215,
2003-04-15,42.28121546961326,33.68434622467772,7.997329650092081,7.740423572744015,4.909944751381215,
2003-04-16,42.28956043956044,33.67399267399268,8.012179487179488,7.738553113553114,4.902747252747252,
2003-04-17,42.303005464480876,33.658014571949,8.024408014571948,7.735883424408015,4.897814207650273,
2003-04-18,42.32853260869565,33.638134057971016,8.040579710144927,7.721014492753624,4.8929347826086955,
2003-04-19,42.32853260869565,33.638134057971016,8.040579710144927,7.721014492753624,4.8929347826086955,
2003-04-20,42.32853260869565,33.638134057971016,8.040579710144927,7.721014492753624,4.8929347826086955,
2003-04-21,42.32853260869565,33.638134057971016,8.040579710144927,7.721014492753624,4.8929347826086955,
2003-04-22,42.32853260869565,33.638134057971016,8.040579710144927,7.721014492753624,4.8929347826086955,
2003-04-23,42.34297297297297,33.61846846846847,8.056576576576576,7.717117117117118,4.888108108108108,
2003-04-24,42.36801075268817,33.59901433691756,8.067025089605735,7.713261648745521,4.883333333333333,
2003-04-25,42.38743315508021,33.57976827094474,8.088057040998217,7.704099821746881,4.873262032085561,
2003-04-26,42.38743315508021,33.57976827094474,8.088057040998217,7.704099821746881,4.873262032085561,
2003-04-27,42.38743315508021,33.57976827094474,8.088057040998217,7.704099821746881,4.873262032085561,
2003-04-28,42.38743315508021,33.57976827094474,8.088057040998217,7.704099821746881,4.873262032085561,
2003-04-29,42.406648936170214,33.55540780141844,8.10354609929078,7.695035460992909,4.873936170212766,
2003-04-30,42.406648936170214,33.55540780141844,8.10354609929078,7.695035460992909,4.873936170212766,
2003-05-01,42.42566137566138,33.53130511463845,8.118871252204586,7.691358024691358,4.874603174603174,
2003-05-02,42.44973684210526,33.512719298245614,8.126140350877193,7.685087719298246,4.87,
2003-05-03,42.44973684210526,33.512719298245614,8.126140350877193,7.685087719298246,4.87,
2003-05-04,42.44973684210526,33.512719298245614,8.126140350877193,7.685087719298246,4.87,
2003-05-05,42.44973684210526,33.512719298245614,8.126140350877193,7.685087719298246,4.87,
2003-05-06,42.478795811518324,33.47862129144852,8.146422338568936,7.676265270506109,4.86544502617801,
2003-05-07,42.478795811518324,33.47862129144852,8.146422338568936,7.676265270506109,4.86544502617801,
2003-05-08,42.50234375,33.44487847222222,8.161284722222222,7.672743055555556,4.866145833333333,
2003-05-09,42.52564766839379,33.42184801381693,8.175993091537133,7.6692573402417965,4.861658031088083,
2003-05-10,42.52564766839379,33.42184801381693,8.175993091537133,7.6692573402417965,4.861658031088083,
2003-05-11,42.52564766839379,33.42184801381693,8.175993091537133,7.6692573402417965,4.861658031088083,
2003-05-12,42.52564766839379,33.42184801381693,8.175993091537133,7.6692573402417965,4.861658031088083,
2003-05-13,42.5590206185567,33.383591065292094,8.195704467353952,7.6606529209622,4.85721649484536,
2003-05-14,42.56589743589744,33.36316239316239,8.211623931623931,7.667008547008547,4.8538461538461535,
2003-05-15,42.593622448979595,33.32559523809524,8.230952380952381,7.6585034013605435,4.854591836734694,
2003-05-16,42.61598984771574,33.30363790186125,8.237394247038917,7.655160744500845,4.850253807106599,
2003-05-17,42.61598984771574,33.30363790186125,8.237394247038917,7.655160744500845,4.850253807106599,
2003-05-18,42.61598984771574,33.30363790186125,8.237394247038917,7.655160744500845,4.850253807106599,
2003-05-19,42.61598984771574,33.30363790186125,8.237394247038917,7.655160744500845,4.850253807106599,
2003-05-20,42.64318181818182,33.26675084175084,8.256397306397306,7.651851851851852,4.845959595959596,
2003-05-21,42.64318181818182,33.26675084175084,8.256397306397306,7.651851851851852,4.845959595959596,
2003-05-22,42.67261306532664,33.231490787269685,8.271440536013401,7.646063651591289,4.841708542713568,
2003-05-23,42.694250000000004,33.205333333333336,8.280083333333334,7.647833333333333,4.8375,
2003-05-24,42.694250000000004,33.205333333333336,8.280083333333334,7.647833333333333,4.8375,
2003-05-25,42.694250000000004,33.205333333333336,8.280083333333334,7.647833333333333,4.8375,
2003-05-26,42.694250000000004,33.205333333333336,8.280083333333334,7.647833333333333,4.8375,
2003-05-27,42.725621890547266,33.16451077943615,8.298590381426202,7.644610281923715,4.833333333333333,
2003-05-28,42.725621890547266,33.16451077943615,8.298590381426202,7.644610281923715,4.833333333333333,
2003-05-29,42.74678217821782,33.133993399339936,8.311963696369636,7.646369636963696,4.829207920792079,
2003-05-30,42.7628078817734,33.11855500821018,8.3252052545156,7.6431855500821015,4.825123152709359,
2003-05-31,42.7628078817734,33.11855500821018,8.3252052545156,7.6431855500821015,4.825123152709359,
2003-06-01,42.7628078817734,33.11855500821018,8.3252052545156,7.6431855500821015,4.825123152709359,
2003-06-02,42.7628078817734,33.11855500821018,8.3252052545156,7.6431855500821015,4.825123152709359,
2003-06-03,42.77377450980392,33.10326797385621,8.333415032679738,7.644934640522876,4.821078431372549,
2003-06-04,42.77377450980392,33.10326797385621,8.333415032679738,7.644934640522876,4.821078431372549,
2003-06-05,42.79926829268293,33.07349593495935,8.341544715447155,7.641788617886179,4.817073170731708,
2003-06-06,42.81723300970874,33.05857605177994,8.347168284789644,7.636245954692557,4.813106796116505,
2003-06-07,42.81723300970874,33.05857605177994,8.347168284789644,7.636245954692557,4.813106796116505,
2003-06-08,42.81723300970874,33.05857605177994,8.347168284789644,7.636245954692557,4.813106796116505,
2003-06-09,42.81723300970874,33.05857605177994,8.347168284789644,7.636245954692557,4.813106796116505,
2003-06-10,42.82777777777778,33.043800322061195,8.359983896940419,7.63317230273752,4.809178743961352,
2003-06-11,42.82777777777778,33.043800322061195,8.359983896940419,7.63317230273752,4.809178743961352,
2003-06-12,42.84302884615385,33.02916666666667,8.36786858974359,7.630128205128205,4.805288461538462,
2003-06-13,42.862918660287086,33.00988835725678,8.375677830940988,7.627113237639553,4.801435406698564,
2003-06-14,42.862918660287086,33.00988835725678,8.375677830940988,7.627113237639553,4.801435406698564,
2003-06-15,42.862918660287086,33.00988835725678,8.375677830940988,7.627113237639553,4.801435406698564,
2003-06-16,42.862918660287086,33.00988835725678,8.375677830940988,7.627113237639553,4.801435406698564,
2003-06-17,42.877857142857145,32.995555555555555,8.392936507936508,7.619365079365079,4.792857142857143,
2003-06-18,42.87890995260664,32.98088467614534,8.403870458135861,7.620221169036334,4.789099526066351,
2003-06-19,42.89599056603774,32.963286163522014,8.412578616352201,7.617295597484277,4.783018867924528,
2003-06-20,42.9199530516432,32.94937402190923,8.415336463223788,7.609702660406885,4.779342723004695,
2003-06-21,42.9199530516432,32.94937402190923,8.415336463223788,7.609702660406885,4.779342723004695,
2003-06-22,42.9199530516432,32.94937402190923,8.415336463223788,7.609702660406885,4.779342723004695,
2003-06-23,42.9199530516432,32.94937402190923,8.415336463223788,7.609702660406885,4.779342723004695,
2003-06-24,42.92967289719626,32.94026479750779,8.43208722741433,7.602180685358255,4.771028037383178,
2003-06-25,42.92967289719626,32.94026479750779,8.43208722741433,7.602180685358255,4.771028037383178,
2003-06-26,42.9393023255814,32.921937984496125,8.444031007751938,7.5993798449612395,4.767441860465116,
2003-06-27,42.95810185185186,32.908410493827155,8.44891975308642,7.591975308641975,4.763888888888889,
2003-06-28,42.95810185185186,32.908410493827155,8.44891975308642,7.591975308641975,4.763888888888889,
2003-06-29,42.95810185185186,32.908410493827155,8.44891975308642,7.591975308641975,4.763888888888889,
2003-06-30,42.95810185185186,32.908410493827155,8.44891975308642,7.591975308641975,4.763888888888889,
2003-07-01,42.95810185185186,32.908410493827155,8.44891975308642,7.591975308641975,4.763888888888889,
2003-07-02,42.96751152073733,32.9042242703533,8.456067588325652,7.584639016897081,4.76036866359447,
2003-07-03,42.981422018348624,32.89090214067278,8.463149847094801,7.577370030581039,4.756880733944954,
2003-07-04,42.99977168949772,32.87770167427701,8.470167427701675,7.574733637747336,4.7534246575342465,
2003-07-05,42.99977168949772,32.87770167427701,8.470167427701675,7.574733637747336,4.7534246575342465,
2003-07-06,42.99977168949772,32.87770167427701,8.470167427701675,7.574733637747336,4.7534246575342465,
2003-07-07,42.99977168949772,32.87770167427701,8.470167427701675,7.574733637747336,4.7534246575342465,
2003-07-08,43.004318181818185,32.87371212121212,8.477121212121212,7.572121212121211,4.75,
2003-07-09,43.004318181818185,32.87371212121212,8.477121212121212,7.572121212121211,4.75,
2003-07-10,43.013348416289595,32.86523378582202,8.488536953242836,7.5650075414781295,4.746606334841629,
2003-07-11,43.0268018018018,32.861336336336336,8.490840840840841,7.557957957957957,4.743243243243243,
2003-07-12,43.0268018018018,32.861336336336336,8.490840840840841,7.557957957957957,4.743243243243243,
2003-07-13,43.0268018018018,32.861336336336336,8.490840840840841,7.557957957957957,4.743243243243243,
2003-07-14,43.0268018018018,32.861336336336336,8.490840840840841,7.557957957957957,4.743243243243243,
2003-07-15,43.03565022421525,32.85747384155456,8.502092675635277,7.550971599402092,4.73542600896861,
2003-07-16,43.03565022421525,32.85747384155456,8.502092675635277,7.550971599402092,4.73542600896861,
2003-07-17,43.03995535714286,32.85364583333333,8.508779761904762,7.548511904761904,4.732142857142857,
2003-07-18,43.053111111111114,32.84762962962963,8.510962962962964,7.541629629629629,4.728888888888889,
2003-07-19,43.053111111111114,32.84762962962963,8.510962962962964,7.541629629629629,4.728888888888889,
2003-07-20,43.053111111111114,32.84762962962963,8.510962962962964,7.541629629629629,4.728888888888889,
2003-07-21,43.053111111111114,32.84762962962963,8.510962962962964,7.541629629629629,4.728888888888889,
2003-07-22,43.05730088495576,32.84387905604719,8.517551622418878,7.539233038348082,4.725663716814159,
2003-07-23,43.06343612334802,32.83046989720999,8.526284875183554,7.540822320117474,4.721145374449339,
2003-07-24,43.0719298245614,32.826827485380115,8.532748538011695,7.53406432748538,4.717982456140351,
2003-07-25,43.08034934497817,32.8188500727802,8.5391557496361,7.5317321688500725,4.714847161572052,
2003-07-26,43.08034934497817,32.8188500727802,8.5391557496361,7.5317321688500725,4.714847161572052,
2003-07-27,43.08034934497817,32.8188500727802,8.5391557496361,7.5317321688500725,4.714847161572052,
2003-07-28,43.08034934497817,32.8188500727802,8.5391557496361,7.5317321688500725,4.714847161572052,
2003-07-29,43.08869565217391,32.81094202898551,8.549855072463767,7.529420289855072,4.707391304347826,
2003-07-30,43.08869565217391,32.81094202898551,8.549855072463767,7.529420289855072,4.707391304347826,
2003-07-31,43.096969696969694,32.803102453102454,8.560461760461761,7.527128427128427,4.704329004329004,
2003-08-01,43.109482758620686,32.79533045977011,8.562356321839081,7.520545977011494,4.701293103448276,
2003-08-02,43.109482758620686,32.79533045977011,8.562356321839081,7.520545977011494,4.701293103448276,
2003-08-03,43.109482758620686,32.79533045977011,8.562356321839081,7.520545977011494,4.701293103448276,
2003-08-04,43.109482758620686,32.79533045977011,8.562356321839081,7.520545977011494,4.701293103448276,
2003-08-05,43.121888412017164,32.78762517882689,8.568526466380543,7.514020028612303,4.698283261802575,
2003-08-06,43.121888412017164,32.78762517882689,8.568526466380543,7.514020028612303,4.698283261802575,
2003-08-07,43.12564102564102,32.77998575498575,8.574643874643876,7.511823361823362,4.69957264957265,
2003-08-08,43.13787234042553,32.76815602836879,8.580709219858155,7.509645390070922,4.6965957446808515,
2003-08-09,43.13787234042553,32.76815602836879,8.580709219858155,7.509645390070922,4.6965957446808515,
2003-08-10,43.13787234042553,32.76815602836879,8.580709219858155,7.509645390070922,4.6965957446808515,
2003-08-11,43.13787234042553,32.76815602836879,8.580709219858155,7.509645390070922,4.6965957446808515,
2003-08-12,43.14576271186441,32.75642655367231,8.590960451977402,7.507485875706215,4.69364406779661,
2003-08-13,43.14576271186441,32.75642655367231,8.590960451977402,7.507485875706215,4.69364406779661,
2003-08-14,43.153586497890295,32.75323488045007,8.59690576652602,7.50112517580872,4.69493670886076,
2003-08-15,43.161344537815125,32.74166666666667,8.602801120448179,7.503221288515406,4.68781512605042,
2003-08-16,43.161344537815125,32.74166666666667,8.602801120448179,7.503221288515406,4.68781512605042,
2003-08-17,43.161344537815125,32.74166666666667,8.602801120448179,7.503221288515406,4.68781512605042,
2003-08-18,43.161344537815125,32.74166666666667,8.602801120448179,7.503221288515406,4.68781512605042,
2003-08-19,43.16066945606694,32.73019525801953,8.612831241283125,7.505299860529986,4.684937238493724,
2003-08-20,43.16291666666667,32.72298611111111,8.618194444444445,7.505694444444444,4.683333333333334,
2003-08-21,43.16639004149378,32.71583679114799,8.62392807745505,7.5035961272475795,4.680497925311204,
2003-08-22,43.17603305785124,32.70668044077135,8.629614325068871,7.499449035812671,4.677685950413223,
2003-08-23,43.17603305785124,32.70668044077135,8.629614325068871,7.499449035812671,4.677685950413223,
2003-08-24,43.17603305785124,32.70668044077135,8.629614325068871,7.499449035812671,4.677685950413223,
2003-08-25,43.17603305785124,32.70668044077135,8.629614325068871,7.499449035812671,4.677685950413223,
2003-08-26,43.17942386831276,32.69554183813443,8.639368998628258,7.497393689986282,4.674897119341564,
2003-08-27,43.19098360655738,32.68039617486339,8.649043715846995,7.499453551912568,4.668032786885246,
2003-08-28,43.198367346938774,32.66945578231292,8.658639455782314,7.497414965986394,4.66530612244898,
2003-08-29,43.20975609756098,32.65860433604336,8.66409214092141,7.491327913279132,4.662601626016261,
2003-08-30,43.20975609756098,32.65860433604336,8.66409214092141,7.491327913279132,4.662601626016261,
2003-08-31,43.20975609756098,32.65860433604336,8.66409214092141,7.491327913279132,4.662601626016261,
2003-09-01,43.20975609756098,32.65860433604336,8.66409214092141,7.491327913279132,4.662601626016261,
2003-09-02,43.212955465587044,32.647840755735494,8.673549257759785,7.489338731443994,4.659919028340081,
2003-09-03,43.212955465587044,32.647840755735494,8.673549257759785,7.489338731443994,4.659919028340081,
2003-09-04,43.21612903225807,32.64119623655914,8.682930107526882,7.4833333333333325,4.661290322580645,
2003-09-05,43.22730923694779,32.62657295850067,8.688219544846051,7.477376171352074,4.658634538152611,
2003-09-06,43.22730923694779,32.62657295850067,8.688219544846051,7.477376171352074,4.658634538152611,
2003-09-07,43.22730923694779,32.62657295850067,8.688219544846051,7.477376171352074,4.658634538152611,
2003-09-08,43.22730923694779,32.62657295850067,8.688219544846051,7.477376171352074,4.658634538152611,
2003-09-09,43.2344,32.61606666666667,8.701466666666667,7.475466666666666,4.652,
2003-09-10,43.2344,32.61606666666667,8.701466666666667,7.475466666666666,4.652,
2003-09-11,43.245418326693226,32.601660026560424,8.7066401062417,7.4735723771580345,4.653386454183267,
2003-09-12,43.25436507936508,32.59133597883598,8.70978835978836,7.469708994708994,4.650793650793651,
2003-09-13,43.25436507936508,32.59133597883598,8.70978835978836,7.469708994708994,4.650793650793651,
2003-09-14,43.25436507936508,32.59133597883598,8.70978835978836,7.469708994708994,4.650793650793651,
2003-09-15,43.25436507936508,32.59133597883598,8.70978835978836,7.469708994708994,4.650793650793651,
2003-09-16,43.26521739130435,32.58109354413702,8.718840579710145,7.467852437417655,4.644268774703558,
2003-09-17,43.27145669291339,32.56856955380577,8.725262467191602,7.469750656167979,4.640944881889763,
2003-09-18,43.282156862745104,32.55849673202614,8.730261437908498,7.463986928104575,4.642352941176471,
2003-09-19,43.2927734375,32.544596354166664,8.735221354166667,7.462174479166666,4.63984375,
2003-09-20,43.2927734375,32.544596354166664,8.735221354166667,7.462174479166666,4.63984375,
2003-09-21,43.2927734375,32.544596354166664,8.735221354166667,7.462174479166666,4.63984375,
2003-09-22,43.2927734375,32.544596354166664,8.735221354166667,7.462174479166666,4.63984375,
2003-09-23,43.30719844357977,32.5269130998703,8.744033722438392,7.460376134889754,4.633463035019455,
2003-09-24,43.30719844357977,32.5269130998703,8.744033722438392,7.460376134889754,4.633463035019455,
2003-09-25,43.31763565891473,32.513242894056845,8.752777777777778,7.454715762273902,4.634883720930232,
2003-09-26,43.33571428571429,32.49581724581724,8.761454311454312,7.449099099099099,4.632432432432433,
2003-09-27,43.33571428571429,32.49581724581724,8.761454311454312,7.449099099099099,4.632432432432433,
2003-09-28,43.33571428571429,32.49581724581724,8.761454311454312,7.449099099099099,4.632432432432433,
2003-09-29,43.33571428571429,32.49581724581724,8.761454311454312,7.449099099099099,4.632432432432433,
2003-09-30,43.361346153846156,32.47083333333333,8.773910256410257,7.443525641025641,4.626153846153846,
2003-10-01,43.361346153846156,32.47083333333333,8.773910256410257,7.443525641025641,4.626153846153846,
2003-10-02,43.382950191570885,32.44987228607918,8.786270753512133,7.434163473818646,4.623754789272031,
2003-10-03,43.40820610687023,32.42907124681933,8.79472010178117,7.424872773536896,4.617557251908397,
2003-10-04,43.40820610687023,32.42907124681933,8.79472010178117,7.424872773536896,4.617557251908397,
2003-10-05,43.40820610687023,32.42907124681933,8.79472010178117,7.424872773536896,4.617557251908397,
2003-10-06,43.40820610687023,32.42907124681933,8.79472010178117,7.424872773536896,4.617557251908397,
2003-10-07,43.43326996197719,32.40462610899873,8.803105196451204,7.419455006337135,4.615209125475285,
2003-10-08,43.43326996197719,32.40462610899873,8.803105196451204,7.419455006337135,4.615209125475285,
2003-10-09,43.45814393939394,32.38415404040404,8.811426767676767,7.410290404040404,4.612878787878787,
2003-10-10,43.477169811320756,32.36761006289308,8.817798742138365,7.403081761006289,4.606792452830189,
2003-10-11,43.477169811320756,32.36761006289308,8.817798742138365,7.403081761006289,4.606792452830189,
2003-10-12,43.477169811320756,32.36761006289308,8.817798742138365,7.403081761006289,4.606792452830189,
2003-10-13,43.477169811320756,32.36761006289308,8.817798742138365,7.403081761006289,4.606792452830189,
2003-10-14,43.505451127819555,32.33991228070175,8.826002506265665,7.397807017543859,4.604511278195488,
2003-10-15,43.517790262172284,32.31953807740325,8.834893882646691,7.399313358302122,4.603370786516853,
2003-10-16,43.538246268656714,32.29968905472637,8.84297263681592,7.394092039800995,4.601119402985074,
2003-10-17,43.562267657992564,32.27627013630732,8.850991325898388,7.385192069392812,4.595167286245353,
2003-10-18,43.562267657992564,32.27627013630732,8.850991325898388,7.385192069392812,4.595167286245353,
2003-10-19,43.562267657992564,32.27627013630732,8.850991325898388,7.385192069392812,4.595167286245353,
2003-10-20,43.562267657992564,32.27627013630732,8.850991325898388,7.385192069392812,4.595167286245353,
2003-10-21,43.589814814814815,32.24932098765432,8.85895061728395,7.380061728395061,4.592962962962963,
2003-10-22,43.61346863468635,32.22257072570726,8.870541205412053,7.374969249692496,4.587084870848708,
2003-10-23,43.635110294117645,32.19969362745098,8.880208333333332,7.371752450980392,4.58125,
2003-10-24,43.654761904761905,32.18064713064713,8.886141636141636,7.366727716727716,4.577289377289377,
2003-10-25,43.654761904761905,32.18064713064713,8.886141636141636,7.366727716727716,4.577289377289377,
2003-10-26,43.654761904761905,32.18064713064713,8.886141636141636,7.366727716727716,4.577289377289377,
2003-10-27,43.654761904761905,32.18064713064713,8.886141636141636,7.366727716727716,4.577289377289377,
2003-10-28,43.681569343065696,32.15079075425791,8.893856447688563,7.365389294403893,4.575182481751824,
2003-10-29,43.681569343065696,32.15079075425791,8.893856447688563,7.365389294403893,4.575182481751824,
2003-10-30,43.70454545454545,32.124787878787885,8.90151515151515,7.3640606060606055,4.573090909090909,
2003-10-31,43.73097826086956,32.095350241545894,8.909118357487921,7.359118357487922,4.571014492753623,
2003-11-01,43.73097826086956,32.095350241545894,8.909118357487921,7.359118357487922,4.571014492753623,
2003-11-02,43.73097826086956,32.095350241545894,8.909118357487921,7.359118357487922,4.571014492753623,
2003-11-03,43.73097826086956,32.095350241545894,8.909118357487921,7.359118357487922,4.571014492753623,
2003-11-04,43.73097826086956,32.095350241545894,8.909118357487921,7.359118357487922,4.571014492753623,
2003-11-05,43.7572202166065,32.06251504211793,8.916666666666666,7.354211793020457,4.572563176895306,
2003-11-06,43.77607913669065,32.0371103117506,8.924160671462829,7.352937649880095,4.570503597122302,
2003-11-07,43.801971326164875,32.00830346475508,8.928016726403822,7.3516726403823185,4.568458781362007,
2003-11-08,43.801971326164875,32.00830346475508,8.928016726403822,7.3516726403823185,4.568458781362007,
2003-11-09,43.801971326164875,32.00830346475508,8.928016726403822,7.3516726403823185,4.568458781362007,
2003-11-10,43.801971326164875,32.00830346475508,8.928016726403822,7.3516726403823185,4.568458781362007,
2003-11-11,43.82053571428571,31.983273809523812,8.935416666666667,7.346845238095239,4.569999999999999,
2003-11-12,43.83149466192171,31.962336892052193,8.943119810201662,7.347034400948992,4.570818505338079,
2003-11-13,43.85336879432624,31.934101654846334,8.950413711583925,7.342257683215131,4.572340425531915,
2003-11-14,43.87155477031802,31.916666666666664,8.955889281507657,7.3357479387514735,4.570318021201413,
2003-11-15,43.87155477031802,31.916666666666664,8.955889281507657,7.3357479387514735,4.570318021201413,
2003-11-16,43.87155477031802,31.916666666666664,8.955889281507657,7.3357479387514735,4.570318021201413,
2003-11-17,43.87155477031802,31.916666666666664,8.955889281507657,7.3357479387514735,4.570318021201413,
2003-11-18,43.88609154929577,31.892312206572768,8.963086854460094,7.334565727699531,4.5718309859154935,
2003-11-19,43.88609154929577,31.892312206572768,8.963086854460094,7.334565727699531,4.5718309859154935,
2003-11-20,43.907543859649124,31.864619883040934,8.966725146198831,7.333391812865498,4.573333333333333,
2003-11-21,43.92534965034965,31.844114219114218,8.9738344988345,7.332226107226108,4.5695804195804195,
2003-11-22,43.92534965034965,31.844114219114218,8.9738344988345,7.332226107226108,4.5695804195804195,
2003-11-23,43.92534965034965,31.844114219114218,8.9738344988345,7.332226107226108,4.5695804195804195,
2003-11-24,43.92534965034965,31.844114219114218,8.9738344988345,7.332226107226108,4.5695804195804195,
2003-11-25,43.936062717770035,31.82375145180023,8.98089430894309,7.331068524970965,4.571080139372823,
2003-11-26,43.936062717770035,31.82375145180023,8.98089430894309,7.331068524970965,4.571080139372823,
2003-11-27,43.95017361111111,31.80353009259259,8.984432870370371,7.329918981481482,4.5725694444444445,
2003-11-28,43.9659169550173,31.790369088811993,8.989677047289504,7.325317185697809,4.5688581314878896,
2003-11-29,43.9659169550173,31.790369088811993,8.989677047289504,7.325317185697809,4.5688581314878896,
2003-11-30,43.9659169550173,31.790369088811993,8.989677047289504,7.325317185697809,4.5688581314878896,
2003-12-01,43.9659169550173,31.790369088811993,8.989677047289504,7.325317185697809,4.5688581314878896,
2003-12-02,43.979827586206895,31.770402298850573,8.9966091954023,7.324195402298852,4.566896551724138,
2003-12-03,43.979827586206895,31.770402298850573,8.9966091954023,7.324195402298852,4.566896551724138,
2003-12-04,43.99707903780069,31.750572737686138,9.000057273768615,7.3230813287514325,4.5683848797250866,
2003-12-05,44.021061643835615,31.730878995433788,9.003481735159818,7.318550228310503,4.5630136986301375,
2003-12-06,44.021061643835615,31.730878995433788,9.003481735159818,7.318550228310503,4.5630136986301375,
2003-12-07,44.021061643835615,31.730878995433788,9.003481735159818,7.318550228310503,4.5630136986301375,
2003-12-08,44.021061643835615,31.730878995433788,9.003481735159818,7.318550228310503,4.5630136986301375,
2003-12-09,44.03464163822525,31.7113196814562,9.010295790671218,7.314050056882822,4.5645051194539255,
2003-12-10,44.03464163822525,31.7113196814562,9.010295790671218,7.314050056882822,4.5645051194539255,
2003-12-11,44.05493197278911,31.68849206349206,9.013662131519276,7.312981859410431,4.562585034013606,
2003-12-12,44.071694915254234,31.67090395480226,9.017005649717515,7.3085310734463285,4.560677966101696,
2003-12-13,44.071694915254234,31.67090395480226,9.017005649717515,7.3085310734463285,4.560677966101696,
2003-12-14,44.071694915254234,31.67090395480226,9.017005649717515,7.3085310734463285,4.560677966101696,
2003-12-15,44.071694915254234,31.67090395480226,9.017005649717515,7.3085310734463285,4.560677966101696,
2003-12-16,44.08158783783784,31.655123873873872,9.023704954954956,7.30748873873874,4.562162162162163,
2003-12-17,44.09276094276094,31.634399551066217,9.031705948372615,7.309147025813692,4.562962962962963,
2003-12-18,44.107550335570465,31.61717002237136,9.036633109619686,7.3081096196868005,4.562751677852349,
2003-12-19,44.12391304347826,31.59838350055741,9.043199554069119,7.303734671125976,4.560869565217391,
2003-12-20,44.12391304347826,31.59838350055741,9.043199554069119,7.303734671125976,4.560869565217391,
2003-12-21,44.12391304347826,31.59838350055741,9.043199554069119,7.303734671125976,4.560869565217391,
2003-12-22,44.140166666666666,31.586388888888887,9.046388888888888,7.299388888888888,4.559,
2003-12-23,44.140166666666666,31.586388888888887,9.046388888888888,7.299388888888888,4.559,
2003-12-24,44.140166666666666,31.586388888888887,9.046388888888888,7.299388888888888,4.559,
2003-12-25,44.140166666666666,31.586388888888887,9.046388888888888,7.299388888888888,4.559,
2003-12-26,44.140166666666666,31.586388888888887,9.046388888888888,7.299388888888888,4.559,
2003-12-27,44.140166666666666,31.586388888888887,9.046388888888888,7.299388888888888,4.559,
2003-12-28,44.140166666666666,31.586388888888887,9.046388888888888,7.299388888888888,4.559,
2003-12-29,44.140166666666666,31.586388888888887,9.046388888888888,7.299388888888888,4.559,
2003-12-30,44.140166666666666,31.586388888888887,9.046388888888888,7.299388888888888,4.559,
2003-12-31,44.1563122923588,31.57115171650055,9.052879291251383,7.295071982281285,4.557142857142857,
2004-01-01,44.16903973509933,31.559326710816777,9.056015452538631,7.290783664459161,4.555298013245033,
2004-01-02,44.16903973509933,31.559326710816777,9.056015452538631,7.290783664459161,4.555298013245033,
2004-01-03,44.16903973509933,31.559326710816777,9.056015452538631,7.290783664459161,4.555298013245033,
2004-01-04,44.16903973509933,31.559326710816777,9.056015452538631,7.290783664459161,4.555298013245033,
2004-01-05,44.16903973509933,31.559326710816777,9.056015452538631,7.290783664459161,4.555298013245033,
2004-01-06,44.18168316831683,31.547579757975797,9.059130913091309,7.286523652365236,4.5534653465346535,
2004-01-07,44.18168316831683,31.547579757975797,9.059130913091309,7.286523652365236,4.5534653465346535,
2004-01-08,44.19095394736842,31.532620614035086,9.062225877192981,7.285581140350877,4.554934210526316,
2004-01-09,44.20344262295082,31.514480874316938,9.065300546448087,7.284644808743169,4.556393442622951,
2004-01-10,44.20344262295082,31.514480874316938,9.065300546448087,7.284644808743169,4.556393442622951,
2004-01-11,44.20344262295082,31.514480874316938,9.065300546448087,7.284644808743169,4.556393442622951,
2004-01-12,44.20344262295082,31.514480874316938,9.065300546448087,7.284644808743169,4.556393442622951,
2004-01-13,44.21584967320261,31.499727668845313,9.071623093681916,7.280446623093682,4.557843137254902,
2004-01-14,44.21584967320261,31.499727668845313,9.071623093681916,7.280446623093682,4.557843137254902,
2004-01-15,44.22817589576547,31.485070575461453,9.074647122692724,7.279533116178067,4.55928338762215,
2004-01-16,44.24042207792208,31.470508658008654,9.079274891774892,7.275378787878788,4.5590909090909095,
2004-01-17,44.24042207792208,31.470508658008654,9.079274891774892,7.275378787878788,4.5590909090909095,
2004-01-18,44.24042207792208,31.470508658008654,9.079274891774892,7.275378787878788,4.5590909090909095,
2004-01-19,44.24042207792208,31.470508658008654,9.079274891774892,7.275378787878788,4.5590909090909095,
2004-01-20,44.255825242718444,31.452804746494063,9.082254584681769,7.274487594390507,4.557281553398059,
2004-01-21,44.255825242718444,31.452804746494063,9.082254584681769,7.274487594390507,4.557281553398059,
2004-01-22,44.26790322580645,31.43360215053763,9.088440860215053,7.275215053763441,4.557096774193549,
2004-01-23,44.276688102893885,31.412915326902464,9.097802786709538,7.2775455519828505,4.558520900321543,
2004-01-24,44.276688102893885,31.412915326902464,9.097802786709538,7.2775455519828505,4.558520900321543,
2004-01-25,44.276688102893885,31.412915326902464,9.097802786709538,7.2775455519828505,4.558520900321543,
2004-01-26,44.276688102893885,31.412915326902464,9.097802786709538,7.2775455519828505,4.558520900321543,
2004-01-27,44.29503205128205,31.38915598290598,9.097489316239315,7.279861111111111,4.5599358974358974,
2004-01-28,44.30335463258786,31.369701810436638,9.102289669861555,7.281842385516507,4.561980830670927,
2004-01-29,44.31831210191083,31.349416135881107,9.108333333333334,7.280944798301486,4.563375796178344,
2004-01-30,44.330000000000005,31.32925925925926,9.114338624338625,7.283227513227513,4.564761904761905,
2004-01-31,44.330000000000005,31.32925925925926,9.114338624338625,7.283227513227513,4.564761904761905,
2004-02-01,44.330000000000005,31.32925925925926,9.114338624338625,7.283227513227513,4.564761904761905,
2004-02-02,44.330000000000005,31.32925925925926,9.114338624338625,7.283227513227513,4.564761904761905,
2004-02-03,44.34477848101266,31.306065400843885,9.117141350210971,7.2854957805907175,4.566139240506329,
2004-02-04,44.34477848101266,31.306065400843885,9.117141350210971,7.2854957805907175,4.566139240506329,
2004-02-05,44.356309148264984,31.28932702418507,9.123080967402734,7.284595162986331,4.567507886435331,
2004-02-06,44.370911949685535,31.26640461215933,9.128983228511531,7.286844863731656,4.568867924528302,
2004-02-07,44.370911949685535,31.26640461215933,9.128983228511531,7.286844863731656,4.568867924528302,
2004-02-08,44.370911949685535,31.26640461215933,9.128983228511531,7.286844863731656,4.568867924528302,
2004-02-09,44.370911949685535,31.26640461215933,9.128983228511531,7.286844863731656,4.568867924528302,
2004-02-10,44.379153605015674,31.24989550679206,9.134848484848485,7.289080459770115,4.567084639498433,
2004-02-11,44.39359375,31.227239583333336,9.140677083333333,7.288177083333333,4.5684375,
2004-02-12,44.39359375,31.227239583333336,9.140677083333333,7.288177083333333,4.5684375,
2004-02-13,44.40482866043614,31.21251298026999,9.14491173416407,7.285721703011423,4.568224299065421,
2004-02-14,44.40482866043614,31.21251298026999,9.14491173416407,7.285721703011423,4.568224299065421,
2004-02-15,44.40482866043614,31.21251298026999,9.14491173416407,7.285721703011423,4.568224299065421,
2004-02-16,44.40482866043614,31.21251298026999,9.14491173416407,7.285721703011423,4.568224299065421,
2004-02-17,44.41288819875776,31.196325051759835,9.150672877846791,7.284834368530021,4.569565217391305,
2004-02-18,44.4233746130031,31.174664602683176,9.15454076367389,7.288286893704851,4.571517027863777,
2004-02-19,44.432870370370374,31.15406378600823,9.161779835390947,7.289711934156379,4.5720679012345675,
2004-02-20,44.44076923076923,31.135128205128204,9.167435897435897,7.294974358974359,4.573384615384615,
2004-02-21,44.44076923076923,31.135128205128204,9.167435897435897,7.294974358974359,4.573384615384615,
2004-02-22,44.44076923076923,31.135128205128204,9.167435897435897,7.294974358974359,4.573384615384615,
2004-02-23,44.44076923076923,31.135128205128204,9.167435897435897,7.294974358974359,4.573384615384615,
2004-02-24,44.44861963190184,31.119376278118608,9.173057259713701,7.294069529652352,4.574693251533742,
2004-02-25,44.44861963190184,31.119376278118608,9.173057259713701,7.294069529652352,4.574693251533742,
2004-02-26,44.45948012232416,31.09760448521916,9.178644240570845,7.293170234454639,4.575993883792049,
2004-02-27,44.4672256097561,31.079014227642276,9.184197154471544,7.298373983739838,4.5772865853658535,
2004-02-28,44.4672256097561,31.079014227642276,9.184197154471544,7.298373983739838,4.5772865853658535,
2004-02-29,44.4672256097561,31.079014227642276,9.184197154471544,7.298373983739838,4.5772865853658535,
2004-03-01,44.4672256097561,31.079014227642276,9.184197154471544,7.298373983739838,4.5772865853658535,
2004-03-02,44.474924012158056,31.063576494427558,9.19275582573455,7.300506585612969,4.575531914893617,
2004-03-03,44.474924012158056,31.063576494427558,9.19275582573455,7.300506585612969,4.575531914893617,
2004-03-04,44.48560606060606,31.042171717171716,9.198232323232324,7.302626262626263,4.576818181818181,
2004-03-05,44.50075528700906,31.026938569989927,9.202165156092649,7.29718026183283,4.576586102719033,
2004-03-06,44.50075528700906,31.026938569989927,9.202165156092649,7.29718026183283,4.576586102719033,
2004-03-07,44.50075528700906,31.026938569989927,9.202165156092649,7.29718026183283,4.576586102719033,
2004-03-08,44.50075528700906,31.026938569989927,9.202165156092649,7.29718026183283,4.576586102719033,
2004-03-09,44.51430722891566,31.008785140562246,9.210592369477911,7.293273092369478,4.574849397590361,
2004-03-10,44.51430722891566,31.008785140562246,9.210592369477911,7.293273092369478,4.574849397590361,
2004-03-11,44.51430722891566,31.008785140562246,9.210592369477911,7.293273092369478,4.574849397590361,
2004-03-12,44.52927927927928,30.987737737737735,9.215965965965966,7.290890890890891,4.576126126126126,
2004-03-13,44.52927927927928,30.987737737737735,9.215965965965966,7.290890890890891,4.576126126126126,
2004-03-14,44.52927927927928,30.987737737737735,9.215965965965966,7.290890890890891,4.576126126126126,
2004-03-15,44.52927927927928,30.987737737737735,9.215965965965966,7.290890890890891,4.576126126126126,
2004-03-16,44.54266467065868,30.969810379241515,9.224301397205588,7.287025948103793,4.577395209580838,
2004-03-17,44.55059701492537,30.948407960199006,9.23228855721393,7.289452736318408,4.5780597014925375,
2004-03-18,44.563095238095244,30.92996031746032,9.237549603174603,7.287103174603175,4.579315476190477,
2004-03-19,44.573293768545994,30.919782393669635,9.242779426310584,7.281800197823936,4.57759643916914,
2004-03-20,44.573293768545994,30.919782393669635,9.242779426310584,7.281800197823936,4.57759643916914,
2004-03-21,44.573293768545994,30.919782393669635,9.242779426310584,7.281800197823936,4.57759643916914,
2004-03-22,44.573293768545994,30.919782393669635,9.242779426310584,7.281800197823936,4.57759643916914,
2004-03-23,44.58343195266272,30.905226824457596,9.25093688362919,7.278007889546351,4.578846153846154,
2004-03-24,44.58343195266272,30.905226824457596,9.25093688362919,7.278007889546351,4.578846153846154,
2004-03-25,44.59646017699115,30.884857423795477,9.25904621435595,7.274237954768928,4.580088495575222,
2004-03-26,44.6064705882353,30.870490196078432,9.264166666666666,7.270490196078431,4.581323529411765,
2004-03-27,44.6064705882353,30.870490196078432,9.264166666666666,7.270490196078431,4.581323529411765,
2004-03-28,44.6064705882353,30.870490196078432,9.264166666666666,7.270490196078431,4.581323529411765,
2004-03-29,44.6064705882353,30.870490196078432,9.264166666666666,7.270490196078431,4.581323529411765,
2004-03-30,44.613489736070385,30.859139784946237,9.269257086999023,7.2667644183773215,4.582551319648094,
2004-03-31,44.613489736070385,30.859139784946237,9.269257086999023,7.2667644183773215,4.582551319648094,
2004-04-01,44.6233918128655,30.844931773879143,9.274317738791423,7.2630604288499026,4.583771929824562,
2004-04-02,44.63177842565598,30.836637512147718,9.277891156462585,7.259378036929057,4.583527696793003,
2004-04-03,44.63177842565598,30.836637512147718,9.277891156462585,7.259378036929057,4.583527696793003,
2004-04-04,44.63177842565598,30.836637512147718,9.277891156462585,7.259378036929057,4.583527696793003,
2004-04-05,44.63177842565598,30.836637512147718,9.277891156462585,7.259378036929057,4.583527696793003,
2004-04-06,44.63866279069768,30.825484496124034,9.282897286821706,7.255717054263566,4.584738372093024,
2004-04-07,44.63866279069768,30.825484496124034,9.282897286821706,7.255717054263566,4.584738372093024,
2004-04-08,44.64260869565218,30.814396135265703,9.287874396135265,7.254975845410628,4.5859420289855075,
2004-04-09,44.64260869565218,30.814396135265703,9.287874396135265,7.254975845410628,4.5859420289855075,
2004-04-10,44.64260869565218,30.814396135265703,9.287874396135265,7.254975845410628,4.5859420289855075,
2004-04-11,44.64260869565218,30.814396135265703,9.287874396135265,7.254975845410628,4.5859420289855075,
2004-04-12,44.64260869565218,30.814396135265703,9.287874396135265,7.254975845410628,4.5859420289855075,
2004-04-13,44.64942196531792,30.80626204238921,9.292822736030828,7.251348747591522,4.5871387283236995,
2004-04-14,44.64942196531792,30.80626204238921,9.292822736030828,7.251348747591522,4.5871387283236995,
2004-04-15,44.65619596541787,30.79529298751201,9.29774255523535,7.247742555235351,4.588328530259366,
2004-04-16,44.66005747126437,30.784386973180077,9.302634099616858,7.247030651340996,4.589511494252874,
2004-04-17,44.66005747126437,30.784386973180077,9.302634099616858,7.247030651340996,4.589511494252874,
2004-04-18,44.66005747126437,30.784386973180077,9.302634099616858,7.247030651340996,4.589511494252874,
2004-04-19,44.66005747126437,30.784386973180077,9.302634099616858,7.247030651340996,4.589511494252874,
2004-04-20,44.66676217765043,30.773543457497613,9.307497612225406,7.2434574976122255,4.590687679083095,
2004-04-21,44.67371428571428,30.75561904761905,9.313761904761904,7.246476190476191,4.592714285714286,
2004-04-22,44.678917378917376,30.74207027540361,9.318566001899335,7.247198480531814,4.593874643874644,
2004-04-23,44.6845643939394,30.733333333333334,9.322395833333333,7.2436553030303035,4.594081439393939,
2004-04-24,44.6845643939394,30.733333333333334,9.322395833333333,7.2436553030303035,4.594081439393939,
2004-04-25,44.6845643939394,30.733333333333334,9.322395833333333,7.2436553030303035,4.594081439393939,
2004-04-26,44.6845643939394,30.733333333333334,9.322395833333333,7.2436553030303035,4.594081439393939,
2004-04-27,44.69112370160529,30.72275731822474,9.329981114258734,7.240132200188858,4.592398489140699,
2004-04-28,44.69112370160529,30.72275731822474,9.329981114258734,7.240132200188858,4.592398489140699,
2004-04-29,44.69112370160529,30.72275731822474,9.329981114258734,7.240132200188858,4.592398489140699,
2004-04-30,44.69764595103578,30.710828625235404,9.33469868173258,7.238041431261771,4.593549905838041,
2004-05-01,44.69764595103578,30.710828625235404,9.33469868173258,7.238041431261771,4.593549905838041,
2004-05-02,44.69764595103578,30.710828625235404,9.33469868173258,7.238041431261771,4.593549905838041,
2004-05-03,44.69764595103578,30.710828625235404,9.33469868173258,7.238041431261771,4.593549905838041,
2004-05-04,44.70131455399061,30.70037558685446,9.339389671361502,7.23737089201878,4.594694835680751,
2004-05-05,44.70131455399061,30.70037558685446,9.339389671361502,7.23737089201878,4.594694835680751,
2004-05-06,44.70131455399061,30.70037558685446,9.339389671361502,7.23737089201878,4.594694835680751,
2004-05-07,44.706367041198504,30.68998127340824,9.345458801498127,7.235299625468166,4.594428838951311,
2004-05-08,44.706367041198504,30.68998127340824,9.345458801498127,7.235299625468166,4.594428838951311,
2004-05-09,44.706367041198504,30.68998127340824,9.345458801498127,7.235299625468166,4.594428838951311,
2004-05-10,44.706367041198504,30.68998127340824,9.345458801498127,7.235299625468166,4.594428838951311,
2004-05-11,44.709990662931844,30.679645191409897,9.350093370681606,7.234640522875818,4.595564892623716,
2004-05-12,44.709990662931844,30.679645191409897,9.350093370681606,7.234640522875818,4.595564892623716,
2004-05-13,44.71918063314712,30.66657355679702,9.351908752327747,7.231191806331472,4.599487895716946,
2004-05-14,44.726926648096565,30.65636025998143,9.356499535747446,7.2291550603528325,4.597818012999071,
2004-05-15,44.726926648096565,30.65636025998143,9.356499535747446,7.2291550603528325,4.597818012999071,
2004-05-16,44.726926648096565,30.65636025998143,9.356499535747446,7.2291550603528325,4.597818012999071,
2004-05-17,44.726926648096565,30.65636025998143,9.356499535747446,7.2291550603528325,4.597818012999071,
2004-05-18,44.73324074074074,30.643425925925925,9.363842592592592,7.225740740740742,4.5989351851851845,
2004-05-19,44.74048938134811,30.627100646352723,9.369621421975992,7.226361957525392,4.598799630655587,
2004-05-20,44.746731123388585,30.614318600368325,9.374125230202578,7.222974217311234,4.602670349907919,
2004-05-21,44.75293847566575,30.601606978879705,9.378604224058769,7.219605142332415,4.60376492194674,
2004-05-22,44.75293847566575,30.601606978879705,9.378604224058769,7.219605142332415,4.60376492194674,
2004-05-23,44.75293847566575,30.601606978879705,9.378604224058769,7.219605142332415,4.60376492194674,
2004-05-24,44.75293847566575,30.601606978879705,9.378604224058769,7.219605142332415,4.60376492194674,
2004-05-25,44.75636446886447,30.5889652014652,9.385805860805862,7.219001831501831,4.60485347985348,
2004-05-26,44.75636446886447,30.5889652014652,9.385805860805862,7.219001831501831,4.60485347985348,
2004-05-27,44.75636446886447,30.5889652014652,9.385805860805862,7.219001831501831,4.60485347985348,
2004-05-28,44.76251141552512,30.58187214611872,9.387488584474886,7.21703196347032,4.604566210045662,
2004-05-29,44.76251141552512,30.58187214611872,9.387488584474886,7.21703196347032,4.604566210045662,
2004-05-30,44.76251141552512,30.58187214611872,9.387488584474886,7.21703196347032,4.604566210045662,
2004-05-31,44.76251141552512,30.58187214611872,9.387488584474886,7.21703196347032,4.604566210045662,
2004-06-01,44.77135701275045,30.572085610200364,9.389162112932604,7.21643897996357,4.602914389799636,
2004-06-02,44.77135701275045,30.572085610200364,9.389162112932604,7.21643897996357,4.602914389799636,
2004-06-03,44.77135701275045,30.572085610200364,9.389162112932604,7.21643897996357,4.602914389799636,
2004-06-04,44.776067211625794,30.56099000908265,9.39355131698456,7.214486830154405,4.603996366939146,
2004-06-05,44.776067211625794,30.56099000908265,9.39355131698456,7.214486830154405,4.603996366939146,
2004-06-06,44.776067211625794,30.56099000908265,9.39355131698456,7.214486830154405,4.603996366939146,
2004-06-07,44.776067211625794,30.56099000908265,9.39355131698456,7.214486830154405,4.603996366939146,
2004-06-08,44.77939311594203,30.55403079710145,9.397916666666667,7.213903985507247,4.605072463768116,
2004-06-09,44.77939311594203,30.55403079710145,9.397916666666667,7.213903985507247,4.605072463768116,
2004-06-10,44.77939311594203,30.55403079710145,9.397916666666667,7.213903985507247,4.605072463768116,
2004-06-11,44.78541102077687,30.543044263775972,9.400903342366757,7.2146793134598015,4.606142728093948,
2004-06-12,44.78541102077687,30.543044263775972,9.400903342366757,7.2146793134598015,4.606142728093948,
2004-06-13,44.78541102077687,30.543044263775972,9.400903342366757,7.2146793134598015,4.606142728093948,
2004-06-14,44.78541102077687,30.543044263775972,9.400903342366757,7.2146793134598015,4.606142728093948,
2004-06-15,44.78599099099099,30.533468468468467,9.407927927927927,7.214099099099099,4.607207207207208,
2004-06-16,44.78899371069183,30.518553459119495,9.411680143755614,7.215947888589398,4.609344115004492,
2004-06-17,44.79493727598567,30.50640681003584,9.41594982078853,7.215367383512545,4.610394265232975,
2004-06-18,44.79548704200179,30.488963360142986,9.422877569258265,7.217470956210903,4.614119749776586,
2004-06-19,44.79548704200179,30.488963360142986,9.422877569258265,7.217470956210903,4.614119749776586,
2004-06-20,44.79548704200179,30.488963360142986,9.422877569258265,7.217470956210903,4.614119749776586,
2004-06-21,44.79548704200179,30.488963360142986,9.422877569258265,7.217470956210903,4.614119749776586,
2004-06-22,44.79603386809269,30.47161319073084,9.432442067736185,7.219563279857398,4.617825311942958,
2004-06-23,44.79603386809269,30.47161319073084,9.432442067736185,7.219563279857398,4.617825311942958,
2004-06-24,44.79924444444445,30.45702222222222,9.437955555555556,7.220311111111111,4.620177777777777,
2004-06-25,44.80110815602837,30.44383865248227,9.444769503546098,7.219725177304965,4.622517730496454,
2004-06-26,44.80110815602837,30.44383865248227,9.444769503546098,7.219725177304965,4.622517730496454,
2004-06-27,44.80110815602837,30.44383865248227,9.444769503546098,7.219725177304965,4.622517730496454,
2004-06-28,44.80110815602837,30.44383865248227,9.444769503546098,7.219725177304965,4.622517730496454,
2004-06-29,44.80163572060124,30.426746242263484,9.451547303271441,7.221794871794872,4.626171529619805,
2004-06-30,44.80163572060124,30.426746242263484,9.451547303271441,7.221794871794872,4.626171529619805,
2004-07-01,44.80216049382716,30.412389770723102,9.460934744268076,7.22120811287478,4.629805996472663,
2004-07-02,44.802682497801236,30.39283201407212,9.470272647317502,7.220624450307828,4.636059806508356,
2004-07-03,44.802682497801236,30.39283201407212,9.470272647317502,7.220624450307828,4.636059806508356,
2004-07-04,44.802682497801236,30.39283201407212,9.470272647317502,7.220624450307828,4.636059806508356,
2004-07-05,44.802682497801236,30.39283201407212,9.470272647317502,7.220624450307828,4.636059806508356,
2004-07-06,44.80320175438597,30.376008771929826,9.476929824561402,7.22530701754386,4.639649122807017,
2004-07-07,44.80320175438597,30.376008771929826,9.476929824561402,7.22530701754386,4.639649122807017,
2004-07-08,44.80371828521435,30.359273840769905,9.486176727909012,7.227340332458443,4.643219597550306,
2004-07-09,44.80684991273996,30.34524432809773,9.492757417102966,7.226745200698081,4.644153577661431,
2004-07-10,44.80684991273996,30.34524432809773,9.492757417102966,7.226745200698081,4.644153577661431,
2004-07-11,44.80684991273996,30.34524432809773,9.492757417102966,7.226745200698081,4.644153577661431,
2004-07-12,44.80735422106179,30.326066144473455,9.501914708442124,7.22615317667537,4.650304612706702,
2004-07-13,44.810460069444446,30.30698784722222,9.508420138888889,7.228168402777778,4.653819444444444,
2004-07-14,44.810460069444446,30.30698784722222,9.508420138888889,7.228168402777778,4.653819444444444,
2004-07-15,44.81095238095238,30.29320346320346,9.514891774891774,7.230173160173161,4.657316017316017,
2004-07-16,44.81403281519862,30.274309153713297,9.523920552677028,7.229576856649396,4.663385146804836,
2004-07-17,44.81403281519862,30.274309153713297,9.523920552677028,7.229576856649396,4.663385146804836,
2004-07-18,44.81403281519862,30.274309153713297,9.523920552677028,7.229576856649396,4.663385146804836,
2004-07-19,44.81403281519862,30.274309153713297,9.523920552677028,7.229576856649396,4.663385146804836,
2004-07-20,44.8119293712317,30.26068044788975,9.532902670111971,7.228983634797588,4.666838931955211,
2004-07-21,44.81035223367698,30.245060137457045,9.539776632302406,7.232259450171822,4.670274914089347,
2004-07-22,44.809554413024856,30.231576692373608,9.546101113967438,7.232947729220223,4.672407883461868,
2004-07-23,44.80876068376069,30.219444444444445,9.551111111111112,7.232350427350427,4.675811965811966,
2004-07-24,44.80876068376069,30.219444444444445,9.551111111111112,7.232350427350427,4.675811965811966,
2004-07-25,44.80876068376069,30.219444444444445,9.551111111111112,7.232350427350427,4.675811965811966,
2004-07-26,44.80876068376069,30.219444444444445,9.551111111111112,7.232350427350427,4.675811965811966,
2004-07-27,44.804134697357206,30.208653026427964,9.55993179880648,7.231756180733163,4.679198635976129,
2004-07-28,44.804134697357206,30.208653026427964,9.55993179880648,7.231756180733163,4.679198635976129,
2004-07-29,44.8046343537415,30.192814625850342,9.568707482993197,7.231164965986395,4.682568027210884,
2004-07-30,44.802586938083124,30.179601357082273,9.574893977947413,7.230576759966073,4.688464800678541,
2004-07-31,44.802586938083124,30.179601357082273,9.574893977947413,7.230576759966073,4.688464800678541,
2004-08-01,44.802586938083124,30.179601357082273,9.574893977947413,7.230576759966073,4.688464800678541,
2004-08-02,44.802586938083124,30.179601357082273,9.574893977947413,7.230576759966073,4.688464800678541,
2004-08-03,44.80054991539763,30.1664551607445,9.583587140439933,7.229991539763113,4.691793570219966,
2004-08-04,44.80054991539763,30.1664551607445,9.583587140439933,7.229991539763113,4.691793570219966,
2004-08-05,44.79599156118144,30.15337552742616,9.589704641350211,7.231940928270043,4.697637130801688,
2004-08-06,44.79398148148149,30.13531144781145,9.598316498316498,7.233880471380472,4.7034511784511785,
2004-08-07,44.79398148148149,30.13531144781145,9.598316498316498,7.233880471380472,4.7034511784511785,
2004-08-08,44.79398148148149,30.13531144781145,9.598316498316498,7.233880471380472,4.7034511784511785,
2004-08-09,44.79398148148149,30.13531144781145,9.598316498316498,7.233880471380472,4.7034511784511785,
2004-08-10,44.78946263643997,30.12489504617968,9.606884970612931,7.235810243492863,4.70671704450042,
2004-08-11,44.78946263643997,30.12489504617968,9.606884970612931,7.235810243492863,4.70671704450042,
2004-08-12,44.78496649916248,30.112018425460636,9.61289782244556,7.237730318257957,4.712479061976549,
2004-08-13,44.782999164578115,30.096700083542192,9.618880534670009,7.237134502923977,4.720718462823726,
2004-08-14,44.782999164578115,30.096700083542192,9.618880534670009,7.237134502923977,4.720718462823726,
2004-08-15,44.782999164578115,30.096700083542192,9.618880534670009,7.237134502923977,4.720718462823726,
2004-08-16,44.782999164578115,30.096700083542192,9.618880534670009,7.237134502923977,4.720718462823726,
2004-08-17,44.778416666666665,30.083083333333335,9.625208333333333,7.2392916666666665,4.726916666666667,
2004-08-18,44.778416666666665,30.083083333333335,9.625208333333333,7.2392916666666665,4.726916666666667,
2004-08-19,44.77273482959268,30.067913549459686,9.633624272651705,7.242435577722361,4.7338320864505405,
2004-08-20,44.76832504145936,30.052819237147595,9.641998341625207,7.239344941956882,4.74195688225539,
2004-08-21,44.76832504145936,30.052819237147595,9.641998341625207,7.239344941956882,4.74195688225539,
2004-08-22,44.76832504145936,30.052819237147595,9.641998341625207,7.239344941956882,4.74195688225539,
2004-08-23,44.76832504145936,30.052819237147595,9.641998341625207,7.239344941956882,4.74195688225539,
2004-08-24,44.76145574855252,30.042762613730357,9.650330851943755,7.241232423490488,4.747559966914806,
2004-08-25,44.76145574855252,30.042762613730357,9.650330851943755,7.241232423490488,4.747559966914806,
2004-08-26,44.76145574855252,30.042762613730357,9.650330851943755,7.241232423490488,4.747559966914806,
2004-08-27,44.76204620462046,30.03275577557756,9.651196369636963,7.238160066006601,4.750660066006601,
2004-08-28,44.757695473251026,30.020329218106998,9.656995884773663,7.237572016460906,4.756213991769547,
2004-08-29,44.757695473251026,30.020329218106998,9.656995884773663,7.237572016460906,4.756213991769547,
2004-08-30,44.757695473251026,30.020329218106998,9.656995884773663,7.237572016460906,4.756213991769547,
2004-08-31,44.75090311986863,30.010426929392448,9.662766830870279,7.2394499178981935,4.761740558292282,
2004-09-01,44.75090311986863,30.010426929392448,9.662766830870279,7.2394499178981935,4.761740558292282,
2004-09-02,44.75090311986863,30.010426929392448,9.662766830870279,7.2394499178981935,4.761740558292282,
2004-09-03,44.74905814905814,30.0005733005733,9.66850941850942,7.2364045864045865,4.767239967239967,
2004-09-04,44.74905814905814,30.0005733005733,9.66850941850942,7.2364045864045865,4.767239967239967,
2004-09-05,44.74905814905814,30.0005733005733,9.66850941850942,7.2364045864045865,4.767239967239967,
2004-09-06,44.74905814905814,30.0005733005733,9.66850941850942,7.2364045864045865,4.767239967239967,
2004-09-07,44.73986928104575,29.993218954248366,9.676674836601308,7.238276143790849,4.770261437908497,
2004-09-08,44.73986928104575,29.993218954248366,9.676674836601308,7.238276143790849,4.770261437908497,
2004-09-09,44.73986928104575,29.993218954248366,9.676674836601308,7.238276143790849,4.770261437908497,
2004-09-10,44.73806030969845,29.983455582722087,9.68480032599837,7.235248573757131,4.7732681336593314,
2004-09-11,44.73806030969845,29.983455582722087,9.68480032599837,7.235248573757131,4.7732681336593314,
2004-09-12,44.73806030969845,29.983455582722087,9.68480032599837,7.235248573757131,4.7732681336593314,
2004-09-13,44.73806030969845,29.983455582722087,9.68480032599837,7.235248573757131,4.7732681336593314,
2004-09-14,44.72894308943089,29.97617886178862,9.690447154471546,7.2371138211382116,4.77869918699187,
2004-09-15,44.728629359286295,29.96090835360908,9.694606650446065,7.2389699918897,4.7853203568532034,
2004-09-16,44.728629359286295,29.96090835360908,9.694606650446065,7.2389699918897,4.7853203568532034,
2004-09-17,44.72443365695793,29.951294498381873,9.702629449838188,7.235962783171521,4.788268608414239,
2004-09-18,44.72443365695793,29.951294498381873,9.702629449838188,7.235962783171521,4.788268608414239,
2004-09-19,44.72443365695793,29.951294498381873,9.702629449838188,7.235962783171521,4.788268608414239,
2004-09-20,44.72443365695793,29.951294498381873,9.702629449838188,7.235962783171521,4.788268608414239,
2004-09-21,44.71541565778854,29.946569814366423,9.705770782889427,7.237812752219532,4.79362389023406,
2004-09-22,44.71541565778854,29.946569814366423,9.705770782889427,7.237812752219532,4.79362389023406,
2004-09-23,44.70885668276973,29.937037037037037,9.70889694041868,7.237238325281804,4.801368760064412,
2004-09-24,44.7059437751004,29.92875502008032,9.713212851405622,7.235461847389558,4.80425702811245,
2004-09-25,44.7059437751004,29.92875502008032,9.713212851405622,7.235461847389558,4.80425702811245,
2004-09-26,44.7059437751004,29.92875502008032,9.713212851405622,7.235461847389558,4.80425702811245,
2004-09-27,44.7059437751004,29.92875502008032,9.713212851405622,7.235461847389558,4.80425702811245,
2004-09-28,44.692227564102566,29.926522435897432,9.718709935897435,7.23729967948718,4.809535256410256,
2004-09-29,44.692227564102566,29.926522435897432,9.718709935897435,7.23729967948718,4.809535256410256,
2004-09-30,44.692227564102566,29.926522435897432,9.718709935897435,7.23729967948718,4.809535256410256,
2004-10-01,44.68337330135891,29.924300559552357,9.72418065547562,7.236730615507594,4.812390087929656,
2004-10-02,44.68337330135891,29.924300559552357,9.72418065547562,7.236730615507594,4.812390087929656,
2004-10-03,44.68337330135891,29.924300559552357,9.72418065547562,7.236730615507594,4.812390087929656,
2004-10-04,44.68337330135891,29.924300559552357,9.72418065547562,7.236730615507594,4.812390087929656,
2004-10-05,44.67216905901117,29.922089314194576,9.72962519936204,7.238556618819777,4.815231259968102,
2004-10-06,44.67216905901117,29.922089314194576,9.72962519936204,7.238556618819777,4.815231259968102,
2004-10-07,44.67216905901117,29.922089314194576,9.72962519936204,7.238556618819777,4.815231259968102,
2004-10-08,44.66340493237868,29.919888623707237,9.735043754972155,7.2379872712808275,4.8180588703261735,
2004-10-09,44.66340493237868,29.919888623707237,9.735043754972155,7.2379872712808275,4.8180588703261735,
2004-10-10,44.66340493237868,29.919888623707237,9.735043754972155,7.2379872712808275,4.8180588703261735,
2004-10-11,44.66340493237868,29.919888623707237,9.735043754972155,7.2379872712808275,4.8180588703261735,
2004-10-12,44.66340493237868,29.919888623707237,9.735043754972155,7.2379872712808275,4.8180588703261735,
2004-10-13,44.65111111111111,29.918888888888887,9.739246031746031,7.239801587301588,4.822063492063492,
2004-10-14,44.65111111111111,29.918888888888887,9.739246031746031,7.239801587301588,4.822063492063492,
2004-10-15,44.64243863816311,29.916706254948533,9.744615993665876,7.238044338875693,4.823673792557403,
2004-10-16,44.64243863816311,29.916706254948533,9.744615993665876,7.238044338875693,4.823673792557403,
2004-10-17,44.64243863816311,29.916706254948533,9.744615993665876,7.238044338875693,4.823673792557403,
2004-10-18,44.64243863816311,29.916706254948533,9.744615993665876,7.238044338875693,4.823673792557403,
2004-10-19,44.62906793048973,29.919273301737753,9.748775671406003,7.239849921011059,4.825276461295418,
2004-10-20,44.62167060677699,29.9123719464145,9.754334121355397,7.242592592592593,4.82876280535855,
2004-10-21,44.61312893081761,29.91022012578616,9.757272012578616,7.242020440251572,4.8327044025157235,
2004-10-22,44.59756862745098,29.91278431372549,9.762549019607842,7.243803921568627,4.833098039215686,
2004-10-23,44.59756862745098,29.91278431372549,9.762549019607842,7.243803921568627,4.833098039215686,
2004-10-24,44.59756862745098,29.91278431372549,9.762549019607842,7.243803921568627,4.833098039215686,
2004-10-25,44.59756862745098,29.91278431372549,9.762549019607842,7.243803921568627,4.833098039215686,
2004-10-26,44.5820813771518,29.920031298904536,9.76780125195618,7.2455790297339595,4.83114241001565,
2004-10-27,44.569008587041374,29.922560499609677,9.77302888368462,7.245003903200625,4.833879781420765,
2004-10-28,44.569008587041374,29.922560499609677,9.77302888368462,7.245003903200625,4.833879781420765,
2004-10-29,44.5559968847352,29.92390965732087,9.777063862928348,7.24559968847352,4.836604361370717,
2004-10-30,44.5559968847352,29.92390965732087,9.777063862928348,7.24559968847352,4.836604361370717,
2004-10-31,44.5559968847352,29.92390965732087,9.777063862928348,7.24559968847352,4.836604361370717,
2004-11-01,44.5559968847352,29.92390965732087,9.777063862928348,7.24559968847352,4.836604361370717,
2004-11-02,44.54071484071484,29.93108003108003,9.77991452991453,7.2473581973581975,4.836985236985237,
2004-11-03,44.52782945736434,29.933565891472867,9.785077519379843,7.249108527131783,4.83968992248062,
2004-11-04,44.52782945736434,29.933565891472867,9.785077519379843,7.249108527131783,4.83968992248062,
2004-11-05,44.51732405259087,29.933720030935806,9.792536736272234,7.250850734725445,4.8400618716163955,
2004-11-06,44.51732405259087,29.933720030935806,9.792536736272234,7.250850734725445,4.8400618716163955,
2004-11-07,44.51732405259087,29.933720030935806,9.792536736272234,7.250850734725445,4.8400618716163955,
2004-11-08,44.51732405259087,29.933720030935806,9.792536736272234,7.250850734725445,4.8400618716163955,
2004-11-09,44.5045524691358,29.93850308641975,9.795331790123456,7.25258487654321,4.840432098765432,
2004-11-10,44.49183987682833,29.940954580446494,9.800423402617398,7.252001539645882,4.843110084680523,
2004-11-11,44.49183987682833,29.940954580446494,9.800423402617398,7.252001539645882,4.843110084680523,
2004-11-12,44.4826420890937,29.941090629800307,9.804339477726574,7.251420890937021,4.844623655913979,
2004-11-13,44.4826420890937,29.941090629800307,9.804339477726574,7.251420890937021,4.844623655913979,
2004-11-14,44.4826420890937,29.941090629800307,9.804339477726574,7.251420890937021,4.844623655913979,
2004-11-15,44.4826420890937,29.941090629800307,9.804339477726574,7.251420890937021,4.844623655913979,
2004-11-16,44.47233716475096,29.943524904214556,9.807088122605363,7.253141762452108,4.844980842911878,
2004-11-17,44.459785932721715,29.945948012232414,9.809824159021407,7.2548547400611625,4.84762996941896,
2004-11-18,44.447177726926014,29.949389778794814,9.81357742181541,7.257475209763539,4.848893974065599,
2004-11-19,44.43474124809742,29.954071537290716,9.818569254185693,7.256887366818874,4.84923896499239,
2004-11-20,44.43474124809742,29.954071537290716,9.818569254185693,7.256887366818874,4.84923896499239,
2004-11-21,44.43474124809742,29.954071537290716,9.818569254185693,7.256887366818874,4.84923896499239,
2004-11-22,44.43474124809742,29.954071537290716,9.818569254185693,7.256887366818874,4.84923896499239,
2004-11-23,44.420083523158695,29.95645406226272,9.821260440394838,7.260858010630221,4.8518602885345485,
2004-11-24,44.405492424242425,29.961098484848485,9.826212121212123,7.260265151515152,4.854469696969697,
2004-11-25,44.405492424242425,29.961098484848485,9.826212121212123,7.260265151515152,4.854469696969697,
2004-11-26,44.395502645502646,29.96345427059713,9.827739984882843,7.260808767951626,4.855933484504913,
2004-11-27,44.395502645502646,29.96345427059713,9.827739984882843,7.260808767951626,4.855933484504913,
2004-11-28,44.395502645502646,29.96345427059713,9.827739984882843,7.260808767951626,4.855933484504913,
2004-11-29,44.395502645502646,29.96345427059713,9.827739984882843,7.260808767951626,4.855933484504913,
2004-11-30,44.38103318250377,29.968061840120665,9.83265460030166,7.262481146304676,4.856259426847663,
2004-12-01,44.3688863807374,29.970391271632806,9.835289691497367,7.264145974416855,4.8588412340105345,
2004-12-02,44.3688863807374,29.970391271632806,9.835289691497367,7.264145974416855,4.8588412340105345,
2004-12-03,44.35904654654655,29.977214714714716,9.837912912912914,7.263551051051052,4.856906906906907,
2004-12-04,44.35904654654655,29.977214714714716,9.837912912912914,7.263551051051052,4.856906906906907,
2004-12-05,44.35904654654655,29.977214714714716,9.837912912912914,7.263551051051052,4.856906906906907,
2004-12-06,44.35904654654655,29.977214714714716,9.837912912912914,7.263551051051052,4.856906906906907,
2004-12-07,44.34475655430712,29.984007490636703,9.840524344569289,7.2652059925093635,4.859475655430711,
2004-12-08,44.33501494768311,29.986285500747385,9.843124065769807,7.264611360239163,4.86203288490284,
2004-12-09,44.33501494768311,29.986285500747385,9.843124065769807,7.264611360239163,4.86203288490284,
2004-12-10,44.326435495898586,29.98855331841909,9.844593586875467,7.265137956748696,4.863460104399702,
2004-12-11,44.326435495898586,29.98855331841909,9.844593586875467,7.265137956748696,4.863460104399702,
2004-12-12,44.326435495898586,29.98855331841909,9.844593586875467,7.265137956748696,4.863460104399702,
2004-12-13,44.326435495898586,29.98855331841909,9.844593586875467,7.265137956748696,4.863460104399702,
2004-12-14,44.31454613095239,29.993043154761903,9.84717261904762,7.266778273809524,4.863764880952381,
2004-12-15,44.303489235337786,29.994283593170007,9.8496288047513,7.268856718634002,4.866295471417966,
2004-12-16,44.293925925925926,29.99874074074074,9.852185185185185,7.2704814814814815,4.868814814814815,
2004-12-17,44.28440502586844,30.003178122690315,9.854730229120474,7.269881744271988,4.869105691056911,
2004-12-18,44.28440502586844,30.003178122690315,9.854730229120474,7.269881744271988,4.869105691056911,
2004-12-19,44.28440502586844,30.003178122690315,9.854730229120474,7.269881744271988,4.869105691056911,
2004-12-20,44.28440502586844,30.003178122690315,9.854730229120474,7.269881744271988,4.869105691056911,
2004-12-21,44.27492625368731,30.009808259587018,9.85505162241888,7.269284660766962,4.869395280235988,
2004-12-22,44.26548933038999,30.011994113318615,9.85757910228109,7.2686902133922,4.871891096394408,
2004-12-23,44.25168869309839,30.020778267254038,9.862298091042584,7.268098384728341,4.872173274596182,
2004-12-24,44.25168869309839,30.020778267254038,9.862298091042584,7.268098384728341,4.872173274596182,
2004-12-25,44.25168869309839,30.020778267254038,9.862298091042584,7.268098384728341,4.872173274596182,
2004-12-26,44.25168869309839,30.020778267254038,9.862298091042584,7.268098384728341,4.872173274596182,
2004-12-27,44.25168869309839,30.020778267254038,9.862298091042584,7.268098384728341,4.872173274596182,
2004-12-28,44.23794871794872,30.02952380952381,9.862600732600733,7.2697069597069595,4.872454212454213,
2004-12-29,44.23794871794872,30.02952380952381,9.862600732600733,7.2697069597069595,4.872454212454213,
2004-12-30,44.23794871794872,30.02952380952381,9.862600732600733,7.2697069597069595,4.872454212454213,
2004-12-31,44.23794871794872,30.02952380952381,9.862600732600733,7.2697069597069595,4.872454212454213,
2005-01-01,44.23794871794872,30.02952380952381,9.862600732600733,7.2697069597069595,4.872454212454213,
2005-01-02,44.23794871794872,30.02952380952381,9.862600732600733,7.2697069597069595,4.872454212454213,
2005-01-03,44.23794871794872,30.02952380952381,9.862600732600733,7.2697069597069595,4.872454212454213,
2005-01-04,44.22426900584795,30.038230994152045,9.862902046783626,7.271308479532164,4.872733918128655,
2005-01-05,44.20846097738877,30.046900072939458,9.865390226112327,7.272902990517871,4.875200583515682,
2005-01-06,44.20846097738877,30.046900072939458,9.865390226112327,7.272902990517871,4.875200583515682,
2005-01-07,44.194905385735076,30.053347889374088,9.87005094614265,7.274490538573508,4.8754730713246,
2005-01-08,44.194905385735076,30.053347889374088,9.87005094614265,7.274490538573508,4.8754730713246,
2005-01-09,44.194905385735076,30.053347889374088,9.87005094614265,7.274490538573508,4.8754730713246,
2005-01-10,44.194905385735076,30.053347889374088,9.87005094614265,7.274490538573508,4.8754730713246,
2005-01-11,44.18140885984023,30.064124909222947,9.870334059549746,7.273892519970952,4.875744371822803,
2005-01-12,44.16797101449275,30.072681159420288,9.872789855072464,7.275471014492754,4.876014492753623,
2005-01-13,44.16797101449275,30.072681159420288,9.872789855072464,7.275471014492754,4.876014492753623,
2005-01-14,44.15459146782357,30.077946493130874,9.875234996384672,7.275958062183658,4.877368040491684,
2005-01-15,44.15459146782357,30.077946493130874,9.875234996384672,7.275958062183658,4.877368040491684,
2005-01-16,44.15459146782357,30.077946493130874,9.875234996384672,7.275958062183658,4.877368040491684,
2005-01-17,44.15459146782357,30.077946493130874,9.875234996384672,7.275958062183658,4.877368040491684,
2005-01-18,44.15459146782357,30.077946493130874,9.875234996384672,7.275958062183658,4.877368040491684,
2005-01-19,44.14126984126984,30.086435786435786,9.876587301587302,7.277525252525253,4.877633477633478,
2005-01-20,44.128005759539235,30.094888408927282,9.879013678905688,7.276925845932325,4.877897768178546,
2005-01-21,44.114798850574715,30.101149425287353,9.883584770114943,7.2784841954022985,4.876005747126436,
2005-01-22,44.114798850574715,30.101149425287353,9.883584770114943,7.2784841954022985,4.876005747126436,
2005-01-23,44.114798850574715,30.101149425287353,9.883584770114943,7.2784841954022985,4.876005747126436,
2005-01-24,44.114798850574715,30.101149425287353,9.883584770114943,7.2784841954022985,4.876005747126436,
2005-01-25,44.114798850574715,30.101149425287353,9.883584770114943,7.2784841954022985,4.876005747126436,
2005-01-26,44.1015770609319,30.107096774193547,9.886057347670251,7.280465949820788,4.876344086021505,
2005-01-27,44.1015770609319,30.107096774193547,9.886057347670251,7.280465949820788,4.876344086021505,
2005-01-28,44.09062947067239,30.11223175965665,9.888447782546494,7.279864091559371,4.876609442060086,
2005-01-29,44.09062947067239,30.11223175965665,9.888447782546494,7.279864091559371,4.876609442060086,
2005-01-30,44.09062947067239,30.11223175965665,9.888447782546494,7.279864091559371,4.876609442060086,
2005-01-31,44.09062947067239,30.11223175965665,9.888447782546494,7.279864091559371,4.876609442060086,
2005-02-01,44.09062947067239,30.11223175965665,9.888447782546494,7.279864091559371,4.876609442060086,
2005-02-02,44.077587437544615,30.12055674518201,9.890827980014276,7.281406138472519,4.875802997858672,
2005-02-03,44.077587437544615,30.12055674518201,9.890827980014276,7.281406138472519,4.875802997858672,
2005-02-04,44.066737891737894,30.12457264957265,9.893198005698006,7.280804843304843,4.8760683760683765,
2005-02-05,44.066737891737894,30.12457264957265,9.893198005698006,7.280804843304843,4.8760683760683765,
2005-02-06,44.066737891737894,30.12457264957265,9.893198005698006,7.280804843304843,4.8760683760683765,
2005-02-07,44.066737891737894,30.12457264957265,9.893198005698006,7.280804843304843,4.8760683760683765,
2005-02-08,44.066737891737894,30.12457264957265,9.893198005698006,7.280804843304843,4.8760683760683765,
2005-02-09,44.057000710732055,30.131769722814497,9.894491826581378,7.280206112295664,4.8752665245202556,
2005-02-10,44.057000710732055,30.131769722814497,9.894491826581378,7.280206112295664,4.8752665245202556,
2005-02-11,44.048368794326244,30.133617021276596,9.896843971631204,7.279609929078014,4.875531914893617,
2005-02-12,44.048368794326244,30.133617021276596,9.896843971631204,7.279609929078014,4.875531914893617,
2005-02-13,44.048368794326244,30.133617021276596,9.896843971631204,7.279609929078014,4.875531914893617,
2005-02-14,44.048368794326244,30.133617021276596,9.896843971631204,7.279609929078014,4.875531914893617,
2005-02-15,44.039773531493275,30.139702760084923,9.897062986553433,7.281139419674451,4.873673036093418,
2005-02-16,44.02718926553672,30.144597457627118,9.899505649717513,7.282450564971751,4.87468220338983,
2005-02-17,44.02718926553672,30.144597457627118,9.899505649717513,7.282450564971751,4.87468220338983,
2005-02-18,44.01867512332628,30.148520084566595,9.90183227625088,7.28185341789993,4.874947145877378,
2005-02-19,44.01867512332628,30.148520084566595,9.90183227625088,7.28185341789993,4.874947145877378,
2005-02-20,44.01867512332628,30.148520084566595,9.90183227625088,7.28185341789993,4.874947145877378,
2005-02-21,44.01019690576652,30.154535864978904,9.904149085794655,7.281258790436006,4.875210970464135,
2005-02-22,44.01019690576652,30.154535864978904,9.904149085794655,7.281258790436006,4.875210970464135,
2005-02-23,44.00175438596491,30.160526315789475,9.903298245614035,7.281719298245614,4.874421052631579,
2005-02-24,44.00175438596491,30.160526315789475,9.903298245614035,7.281719298245614,4.874421052631579,
2005-02-25,43.996498599439775,30.163340336134453,9.903501400560224,7.280077030812325,4.87468487394958,
2005-02-26,43.996498599439775,30.163340336134453,9.903501400560224,7.280077030812325,4.87468487394958,
2005-02-27,43.996498599439775,30.163340336134453,9.903501400560224,7.280077030812325,4.87468487394958,
2005-02-28,43.996498599439775,30.163340336134453,9.903501400560224,7.280077030812325,4.87468487394958,
2005-03-01,43.996498599439775,30.163340336134453,9.903501400560224,7.280077030812325,4.87468487394958,
2005-03-02,43.992313067784764,30.16719077568134,9.901607267645003,7.279489867225716,4.873899371069182,
2005-03-03,43.992313067784764,30.16719077568134,9.901607267645003,7.279489867225716,4.873899371069182,
2005-03-04,43.99023709902371,30.168933054393307,9.90181311018131,7.276813110181311,4.874163179916318,
2005-03-05,43.99023709902371,30.168933054393307,9.90181311018131,7.276813110181311,4.874163179916318,
2005-03-06,43.99023709902371,30.168933054393307,9.90181311018131,7.276813110181311,4.874163179916318,
2005-03-07,43.99023709902371,30.168933054393307,9.90181311018131,7.276813110181311,4.874163179916318,
2005-03-08,43.99023709902371,30.168933054393307,9.90181311018131,7.276813110181311,4.874163179916318,
2005-03-09,43.988169798190675,30.17171189979123,9.898886569241474,7.276235212247738,4.874425887265136,
2005-03-10,43.988169798190675,30.17171189979123,9.898886569241474,7.276235212247738,4.874425887265136,
2005-03-11,43.98819444444444,30.171354166666667,9.899097222222222,7.2735763888888885,4.874687499999999,
2005-03-12,43.98819444444444,30.171354166666667,9.899097222222222,7.2735763888888885,4.874687499999999,
2005-03-13,43.98819444444444,30.171354166666667,9.899097222222222,7.2735763888888885,4.874687499999999,
2005-03-14,43.98819444444444,30.171354166666667,9.899097222222222,7.2735763888888885,4.874687499999999,
2005-03-15,43.98819444444444,30.171354166666667,9.899097222222222,7.2735763888888885,4.874687499999999,
2005-03-16,43.98613998613998,30.172037422037423,9.897505197505197,7.2735620235620235,4.875017325017325,
2005-03-17,43.9820193637621,30.171680497925312,9.899792531120331,7.275069156293223,4.87320193637621,
2005-03-18,43.97895100069013,30.172360248447205,9.898964803312628,7.2734644582470676,4.873464458247066,
2005-03-19,43.97895100069013,30.172360248447205,9.898964803312628,7.2734644582470676,4.873464458247066,
2005-03-20,43.97895100069013,30.172360248447205,9.898964803312628,7.2734644582470676,4.873464458247066,
2005-03-21,43.97895100069013,30.172360248447205,9.898964803312628,7.2734644582470676,4.873464458247066,
2005-03-22,43.983126721763085,30.169938016528924,9.897107438016528,7.272899449035813,4.871659779614324,
2005-03-23,43.983161512027486,30.16958762886598,9.895257731958763,7.27233676975945,4.8719243986254295,
2005-03-24,43.983161512027486,30.16958762886598,9.895257731958763,7.27233676975945,4.8719243986254295,
2005-03-25,43.983161512027486,30.16958762886598,9.895257731958763,7.27233676975945,4.8719243986254295,
2005-03-26,43.983161512027486,30.16958762886598,9.895257731958763,7.27233676975945,4.8719243986254295,
2005-03-27,43.983161512027486,30.16958762886598,9.895257731958763,7.27233676975945,4.8719243986254295,
2005-03-28,43.983161512027486,30.16958762886598,9.895257731958763,7.27233676975945,4.8719243986254295,
2005-03-29,43.987311385459535,30.165123456790123,9.891358024691357,7.27383401920439,4.87218792866941,
2005-03-30,43.99144421629021,30.162731006160165,9.889527720739219,7.273271731690623,4.872450376454483,
2005-03-31,43.99144421629021,30.162731006160165,9.889527720739219,7.273271731690623,4.872450376454483,
2005-04-01,43.99351092896175,30.16034836065574,9.887704918032787,7.27271174863388,4.872711748633879,
2005-04-02,43.99351092896175,30.16034836065574,9.887704918032787,7.27271174863388,4.872711748633879,
2005-04-03,43.99351092896175,30.16034836065574,9.887704918032787,7.27271174863388,4.872711748633879,
2005-04-04,43.99351092896175,30.16034836065574,9.887704918032787,7.27271174863388,4.872711748633879,
2005-04-05,43.99351092896175,30.16034836065574,9.887704918032787,7.27271174863388,4.872711748633879,
2005-04-06,43.99761417859577,30.15593047034765,9.883844580777096,7.2741990456714385,4.872972051806407,
2005-04-07,43.999659863945574,30.15357142857143,9.88204081632653,7.273639455782313,4.873231292517007,
2005-04-08,43.999659863945574,30.15357142857143,9.88204081632653,7.273639455782313,4.873231292517007,
2005-04-09,43.999659863945574,30.15357142857143,9.88204081632653,7.273639455782313,4.873231292517007,
2005-04-10,43.999659863945574,30.15357142857143,9.88204081632653,7.273639455782313,4.873231292517007,
2005-04-11,43.999659863945574,30.15357142857143,9.88204081632653,7.273639455782313,4.873231292517007,
2005-04-12,43.99966055668703,30.153258655804482,9.882281059063136,7.273082145281738,4.871452817379497,
2005-04-13,44.00372628726287,30.148882113821138,9.878455284552846,7.272527100271003,4.871714092140921,
2005-04-14,44.00372628726287,30.148882113821138,9.878455284552846,7.272527100271003,4.871714092140921,
2005-04-15,44.0027045300879,30.148580121703855,9.876673427991886,7.270960108181204,4.871974306964165,
2005-04-16,44.0027045300879,30.148580121703855,9.876673427991886,7.270960108181204,4.871974306964165,
2005-04-17,44.0027045300879,30.148580121703855,9.876673427991886,7.270960108181204,4.871974306964165,
2005-04-18,44.0027045300879,30.148580121703855,9.876673427991886,7.270960108181204,4.871974306964165,
2005-04-19,44.004723346828605,30.146255060728745,9.874898785425101,7.270411605937922,4.872233468286099,
2005-04-20,44.00673400673401,30.143468013468013,9.873333333333333,7.270875420875421,4.872558922558922,
2005-04-21,44.00673400673401,30.143468013468013,9.873333333333333,7.270875420875421,4.872558922558922,
2005-04-22,44.00672043010753,30.14317876344086,9.873588709677419,7.268313172043011,4.872815860215053,
2005-04-23,44.00672043010753,30.14317876344086,9.873588709677419,7.268313172043011,4.872815860215053,
2005-04-24,44.00672043010753,30.14317876344086,9.873588709677419,7.268313172043011,4.872815860215053,
2005-04-25,44.00672043010753,30.14317876344086,9.873588709677419,7.268313172043011,4.872815860215053,
2005-04-26,44.008718980549965,30.140878604963113,9.871830985915492,7.267773306505701,4.8750838363514415,
2005-04-27,44.01271753681392,30.136579651941098,9.868072289156627,7.267235609103079,4.875334672021419,
2005-04-28,44.01271753681392,30.136579651941098,9.868072289156627,7.267235609103079,4.875334672021419,
2005-04-29,44.01369405477622,30.135303941215764,9.867334669338678,7.264696058784235,4.875584502338009,
2005-04-30,44.01369405477622,30.135303941215764,9.867334669338678,7.264696058784235,4.875584502338009,
2005-05-01,44.01369405477622,30.135303941215764,9.867334669338678,7.264696058784235,4.875584502338009,
2005-05-02,44.01369405477622,30.135303941215764,9.867334669338678,7.264696058784235,4.875584502338009,
2005-05-03,44.01566666666666,30.133033333333334,9.8636,7.266166666666667,4.8758333333333335,
2005-05-04,44.01763140385895,30.130771789753826,9.863872255489023,7.265635395874917,4.874085163007319,
2005-05-05,44.01763140385895,30.130771789753826,9.863872255489023,7.265635395874917,4.874085163007319,
2005-05-06,44.01763140385895,30.130771789753826,9.863872255489023,7.265635395874917,4.874085163007319,
2005-05-07,44.01763140385895,30.130771789753826,9.863872255489023,7.265635395874917,4.874085163007319,
2005-05-08,44.01763140385895,30.130771789753826,9.863872255489023,7.265635395874917,4.874085163007319,
2005-05-09,44.01763140385895,30.130771789753826,9.863872255489023,7.265635395874917,4.874085163007319,
2005-05-10,44.01763140385895,30.130771789753826,9.863872255489023,7.265635395874917,4.874085163007319,
2005-05-11,44.01958831341301,30.12652722443559,9.860159362549801,7.267098273572377,4.87433598937583,
2005-05-12,44.01958831341301,30.12652722443559,9.860159362549801,7.267098273572377,4.87433598937583,
2005-05-13,44.019549370444,30.124287607687208,9.860437375745526,7.268555334658715,4.87259774685222,
2005-05-14,44.019549370444,30.124287607687208,9.860437375745526,7.268555334658715,4.87259774685222,
2005-05-15,44.019549370444,30.124287607687208,9.860437375745526,7.268555334658715,4.87259774685222,
2005-05-16,44.019549370444,30.124287607687208,9.860437375745526,7.268555334658715,4.87259774685222,
2005-05-17,44.019549370444,30.124287607687208,9.860437375745526,7.268555334658715,4.87259774685222,
2005-05-18,44.02104828042328,30.121362433862434,9.859623015873016,7.270601851851851,4.8720568783068785,
2005-05-19,44.02104828042328,30.121362433862434,9.859623015873016,7.270601851851851,4.8720568783068785,
2005-05-20,44.02298679867987,30.119141914191417,9.85990099009901,7.2700660066006595,4.870330033003301,
2005-05-21,44.02298679867987,30.119141914191417,9.85990099009901,7.2700660066006595,4.870330033003301,
2005-05-22,44.02689393939394,30.116930171277996,9.856225296442688,7.271508563899868,4.868610013175231,
2005-05-23,44.03078566732413,30.116699539776462,9.850591715976332,7.270973044049967,4.868869165023011,
2005-05-24,44.03269356955381,30.11253280839895,9.846948818897637,7.2743766404199475,4.869127296587927,
2005-05-25,44.03269356955381,30.11253280839895,9.846948818897637,7.2743766404199475,4.869127296587927,
2005-05-26,44.03269356955381,30.11253280839895,9.846948818897637,7.2743766404199475,4.869127296587927,
2005-05-27,44.036558611656844,30.111329404060246,9.843320235756385,7.2718729535036015,4.869384413883432,
2005-05-28,44.036558611656844,30.111329404060246,9.843320235756385,7.2718729535036015,4.869384413883432,
2005-05-29,44.036558611656844,30.111329404060246,9.843320235756385,7.2718729535036015,4.869384413883432,
2005-05-30,44.036558611656844,30.111329404060246,9.843320235756385,7.2718729535036015,4.869384413883432,
2005-05-31,44.04236928104575,30.109150326797383,9.839705882352941,7.26937908496732,4.871601307189543,
2005-06-01,44.05207110241357,30.105022831050228,9.83610567514677,7.2688519243313765,4.869895629484671,
2005-06-02,44.05978190104167,30.100911458333332,9.83447265625,7.268326822916666,4.868196614583334,
2005-06-03,44.05978190104167,30.100911458333332,9.83447265625,7.268326822916666,4.868196614583334,
2005-06-04,44.06746263807668,30.096816114359974,9.830896686159845,7.26585445094217,4.87040285899935,
2005-06-05,44.06746263807668,30.096816114359974,9.830896686159845,7.26585445094217,4.87040285899935,
2005-06-06,44.06746263807668,30.096816114359974,9.830896686159845,7.26585445094217,4.87040285899935,
2005-06-07,44.06746263807668,30.096816114359974,9.830896686159845,7.26585445094217,4.87040285899935,
2005-06-08,44.077059014267185,30.09273670557717,9.827334630350194,7.263391699092088,4.870654993514916,
2005-06-09,44.077059014267185,30.09273670557717,9.827334630350194,7.263391699092088,4.870654993514916,
2005-06-10,44.07982200647249,30.09061488673139,9.824757281553397,7.262880258899676,4.870906148867315,
2005-06-11,44.08741925064599,30.084625322997415,9.821220930232558,7.262370801033591,4.873094315245479,
2005-06-12,44.08741925064599,30.084625322997415,9.821220930232558,7.262370801033591,4.873094315245479,
2005-06-13,44.08741925064599,30.084625322997415,9.821220930232558,7.262370801033591,4.873094315245479,
2005-06-14,44.091118633139914,30.080593165699547,9.81769825918762,7.261863313990974,4.879142488716957,
2005-06-15,44.09856821106821,30.075032175032174,9.81438223938224,7.262419562419563,4.879182754182754,
2005-06-16,44.09856821106821,30.075032175032174,9.81438223938224,7.262419562419563,4.879182754182754,
2005-06-17,44.09856821106821,30.075032175032174,9.81438223938224,7.262419562419563,4.879182754182754,
2005-06-18,44.10030507385999,30.069107257546563,9.810886319845858,7.261913937058446,4.887122671804752,
2005-06-19,44.10030507385999,30.069107257546563,9.810886319845858,7.261913937058446,4.887122671804752,
2005-06-20,44.10030507385999,30.069107257546563,9.810886319845858,7.261913937058446,4.887122671804752,
2005-06-21,44.10030507385999,30.069107257546563,9.810886319845858,7.261913937058446,4.887122671804752,
2005-06-22,44.10972756410256,30.061282051282053,9.805480769230769,7.25948717948718,4.895032051282051,
2005-06-23,44.113355726167626,30.057325655790148,9.802015355086374,7.258989123480486,4.897152911068458,
2005-06-24,44.11409642401022,30.0514687100894,9.800478927203066,7.258492975734355,4.9040549169859515,
2005-06-25,44.11770235818993,30.045634161886554,9.797036328871894,7.257998725302741,4.911886551943913,
2005-06-26,44.11770235818993,30.045634161886554,9.797036328871894,7.257998725302741,4.911886551943913,
2005-06-27,44.11770235818993,30.045634161886554,9.797036328871894,7.257998725302741,4.911886551943913,
2005-06-28,44.123202926208656,30.03791348600509,9.791698473282443,7.255597964376591,4.923505089058524,
2005-06-29,44.123202926208656,30.03791348600509,9.791698473282443,7.255597964376591,4.923505089058524,
2005-06-30,44.12296825396825,30.032126984126986,9.788285714285715,7.255111111111111,4.933174603174603,
2005-07-01,44.12296825396825,30.032126984126986,9.788285714285715,7.255111111111111,4.933174603174603,
2005-07-02,44.12273447401775,30.02446134347275,9.786787072243346,7.254626108998733,4.944708491761723,
2005-07-03,44.12273447401775,30.02446134347275,9.786787072243346,7.254626108998733,4.944708491761723,
2005-07-04,44.12273447401775,30.02446134347275,9.786787072243346,7.254626108998733,4.944708491761723,
2005-07-05,44.120604048070845,30.018722327640734,9.783396584440228,7.254142947501581,4.956198608475648,
2005-07-06,44.12605744949495,30.011111111111113,9.778125000000001,7.251767676767677,4.965751262626262,
2005-07-07,44.12392879647133,30.005419029615627,9.77476370510397,7.251291745431632,4.97715816005041,
2005-07-08,44.12369496855346,29.999748427672955,9.773301886792453,7.250817610062893,4.982861635220125,
2005-07-09,44.121578782172,29.99598242310107,9.769962335216572,7.250345260514752,4.994193345888261,
2005-07-10,44.121578782172,29.99598242310107,9.769962335216572,7.250345260514752,4.994193345888261,
2005-07-11,44.121578782172,29.99598242310107,9.769962335216572,7.250345260514752,4.994193345888261,
2005-07-12,44.121578782172,29.99598242310107,9.769962335216572,7.250345260514752,4.994193345888261,
2005-07-13,44.125109649122805,29.990350877192984,9.764755639097745,7.249874686716792,5.0036027568922306,
2005-07-14,44.12112257661038,29.984740462789244,9.763320825515947,7.251282051282051,5.014853033145716,
2005-07-15,44.11902309612984,29.979151061173532,9.760018726591762,7.250811485642947,5.027933832709113,
2005-07-16,44.116931464174456,29.973582554517133,9.756728971962618,7.250342679127726,5.040965732087227,
2005-07-17,44.116931464174456,29.973582554517133,9.756728971962618,7.250342679127726,5.040965732087227,
2005-07-18,44.116931464174456,29.973582554517133,9.756728971962618,7.250342679127726,5.040965732087227,
2005-07-19,44.11895211442786,29.96691542288557,9.753824626865672,7.251741293532338,5.04872512437811,
2005-07-20,44.11966170080696,29.96139044072005,9.750558659217877,7.251272501551831,5.057945375543141,
2005-07-21,44.11572180916977,29.955885997521683,9.749163568773234,7.2508054522924414,5.070848822800496,
2005-07-22,44.113651824366116,29.949474335188622,9.747773654916513,7.2503401360544215,5.081849103277675,
2005-07-23,44.113651824366116,29.949474335188622,9.747773654916513,7.2503401360544215,5.081849103277675,
2005-07-24,44.113651824366116,29.949474335188622,9.747773654916513,7.2503401360544215,5.081849103277675,
2005-07-25,44.113651824366116,29.949474335188622,9.747773654916513,7.2503401360544215,5.081849103277675,
2005-07-26,44.113651824366116,29.949474335188622,9.747773654916513,7.2503401360544215,5.081849103277675,
2005-07-27,44.113441358024694,29.944012345679013,9.744537037037038,7.249876543209877,5.092808641975309,
2005-07-28,44.109534812076404,29.94041897720271,9.741312384473199,7.249414664202095,5.1055760936537276,
2005-07-29,44.105642681426815,29.933148831488314,9.739944649446494,7.25079950799508,5.11829643296433,
2005-07-30,44.105642681426815,29.933148831488314,9.739944649446494,7.25079950799508,5.11829643296433,
2005-07-31,44.105642681426815,29.933148831488314,9.739944649446494,7.25079950799508,5.11829643296433,
2005-08-01,44.105642681426815,29.933148831488314,9.739944649446494,7.25079950799508,5.11829643296433,
2005-08-02,44.105642681426815,29.933148831488314,9.739944649446494,7.25079950799508,5.11829643296433,
2005-08-03,44.10452731737262,29.925905463474525,9.735819521178637,7.2512584407612035,5.130969920196439,
2005-08-04,44.101577818627455,29.921446078431373,9.732628676470588,7.249877450980392,5.14359681372549,
2005-08-05,44.09772171253823,29.917920489296634,9.731284403669726,7.25125382262997,5.150672782874618,
2005-08-06,44.09772171253823,29.917920489296634,9.731284403669726,7.25125382262997,5.150672782874618,
2005-08-07,44.09772171253823,29.917920489296634,9.731284403669726,7.25125382262997,5.150672782874618,
2005-08-08,44.09772171253823,29.917920489296634,9.731284403669726,7.25125382262997,5.150672782874618,
2005-08-09,44.09571123321123,29.916239316239317,9.728113553113554,7.250793650793651,5.159554334554334,
2005-08-10,44.09187995124924,29.912736136502133,9.723126142595978,7.250335161486898,5.17205971968312,
2005-08-11,44.087150243309004,29.910158150851583,9.720894160583942,7.249878345498783,5.182694647201947,
2005-08-12,44.083348512446875,29.90850030358227,9.719581056466303,7.251244687310261,5.189647844565878,
2005-08-13,44.08137878787879,29.906848484848485,9.714636363636364,7.250787878787879,5.19839393939394,
2005-08-14,44.08137878787879,29.906848484848485,9.714636363636364,7.250787878787879,5.19839393939394,
2005-08-15,44.08137878787879,29.906848484848485,9.714636363636364,7.250787878787879,5.19839393939394,
2005-08-16,44.077510586811854,29.904204476709015,9.71152450090744,7.2516031457955235,5.208469449485784,
2005-08-17,44.073746980676326,29.904378019323673,9.708423913043479,7.251147342995169,5.215338164251208,
2005-08-18,44.069996986136225,29.902742616033755,9.703526220614828,7.250693188667872,5.22579867389994,
2005-08-19,44.06806558363417,29.901113116726837,9.702256317689532,7.2520457280385076,5.230806257521059,
2005-08-20,44.06806558363417,29.901113116726837,9.702256317689532,7.2520457280385076,5.230806257521059,
2005-08-21,44.06806558363417,29.901113116726837,9.702256317689532,7.2520457280385076,5.230806257521059,
2005-08-22,44.06614114114114,29.89948948948949,9.697387387387387,7.253393393393393,5.237597597597598,
2005-08-23,44.06224520383693,29.897781774580338,9.694424460431655,7.254466426858513,5.246432853717026,
2005-08-24,44.06224520383693,29.897781774580338,9.694424460431655,7.254466426858513,5.246432853717026,
2005-08-25,44.05854278874925,29.898862956313586,9.691382405745063,7.254009575104727,5.2540694195092765,
2005-08-26,44.05664575866189,29.89904420549582,9.688351254480287,7.255346475507765,5.258990442054959,
2005-08-27,44.05564997018485,29.89582587954681,9.68479427549195,7.256320810971974,5.267650566487776,
2005-08-28,44.05564997018485,29.89582587954681,9.68479427549195,7.256320810971974,5.267650566487776,
2005-08-29,44.05376488095238,29.896011904761906,9.68,7.257648809523809,5.272529761904762,
2005-08-30,44.050103980986336,29.896197266785503,9.675222816399287,7.25718954248366,5.280956625074272,
2005-08-31,44.050103980986336,29.896197266785503,9.675222816399287,7.25718954248366,5.280956625074272,
2005-09-01,44.04734578884935,29.899051008303676,9.670462633451958,7.255842230130487,5.288463819691578,
2005-09-02,44.044330965068085,29.900651272942568,9.66669626998224,7.256275902901125,5.294789816459444,
2005-09-03,44.0424793144208,29.902600472813237,9.661968085106384,7.255821513002364,5.301359338061466,
2005-09-04,44.0424793144208,29.902600472813237,9.661968085106384,7.255821513002364,5.301359338061466,
2005-09-05,44.03886430678466,29.90631268436578,9.659026548672568,7.255368731563423,5.30613569321534,
2005-09-06,44.03886430678466,29.90631268436578,9.659026548672568,7.255368731563423,5.30613569321534,
2005-09-07,44.03526207302709,29.91177856301531,9.654328621908128,7.254034157832745,5.311778563015312,
2005-09-08,44.03079071134626,29.918106995884774,9.649647266313934,7.253145208700765,5.317842445620223,
2005-09-09,44.02589495305164,29.924149061032868,9.645158450704225,7.252699530516432,5.323356807511737,
2005-09-10,44.01969830111306,29.93219097832455,9.640509666080844,7.252255418863504,5.328060925600468,
2005-09-11,44.01969830111306,29.93219097832455,9.640509666080844,7.252255418863504,5.328060925600468,
2005-09-12,44.01615497076023,29.93932748538012,9.636754385964911,7.250935672514621,5.330994152046784,
2005-09-13,44.012361354349096,29.94503794512551,9.63231173380035,7.250058377116171,5.33610624635143,
2005-09-14,44.012361354349096,29.94503794512551,9.63231173380035,7.250058377116171,5.33610624635143,
2005-09-15,44.012361354349096,29.94503794512551,9.63231173380035,7.250058377116171,5.33610624635143,
2005-09-16,44.007969114219115,29.94950466200466,9.62770979020979,7.251369463869465,5.341637529137529,
2005-09-17,44.007969114219115,29.94950466200466,9.62770979020979,7.251369463869465,5.341637529137529,
2005-09-18,44.007969114219115,29.94950466200466,9.62770979020979,7.251369463869465,5.341637529137529,
2005-09-19,44.007969114219115,29.94950466200466,9.62770979020979,7.251369463869465,5.341637529137529,
2005-09-20,44.007969114219115,29.94950466200466,9.62770979020979,7.251369463869465,5.341637529137529,
2005-09-21,44.007969114219115,29.94950466200466,9.62770979020979,7.251369463869465,5.341637529137529,
2005-09-22,43.99312100058174,29.955700988947058,9.624869109947644,7.256166375799884,5.348894706224549,
2005-09-23,43.98093786295006,29.964488966318232,9.622038327526132,7.257462253193961,5.353513356562137,
2005-09-24,43.98093786295006,29.964488966318232,9.622038327526132,7.257462253193961,5.353513356562137,
2005-09-25,43.98093786295006,29.964488966318232,9.622038327526132,7.257462253193961,5.353513356562137,
2005-09-26,43.98093786295006,29.964488966318232,9.622038327526132,7.257462253193961,5.353513356562137,
2005-09-27,43.98093786295006,29.964488966318232,9.622038327526132,7.257462253193961,5.353513356562137,
2005-09-28,43.9670579710145,29.97150724637681,9.619217391304348,7.263971014492754,5.358115942028985,
2005-09-29,43.95322627314815,29.978501157407404,9.61640625,7.266984953703704,5.364438657407407,
2005-09-30,43.95322627314815,29.978501157407404,9.61640625,7.266984953703704,5.364438657407407,
2005-10-01,43.95322627314815,29.978501157407404,9.61640625,7.266984953703704,5.364438657407407,
2005-10-02,43.95322627314815,29.978501157407404,9.61640625,7.266984953703704,5.364438657407407,
2005-10-03,43.95322627314815,29.978501157407404,9.61640625,7.266984953703704,5.364438657407407,
2005-10-04,43.95322627314815,29.978501157407404,9.61640625,7.266984953703704,5.364438657407407,
2005-10-05,43.93944251877527,29.98547082611207,9.61360485268631,7.273454650491046,5.369006354708261,
2005-10-06,43.92570645905421,29.99241637831603,9.610813148788928,7.278171856978086,5.373558246828143,
2005-10-07,43.91719919401267,29.99933793897524,9.606303972366149,7.277691421991941,5.379821531375935,
2005-10-08,43.91719919401267,29.99933793897524,9.606303972366149,7.277691421991941,5.379821531375935,
2005-10-09,43.91719919401267,29.99933793897524,9.606303972366149,7.277691421991941,5.379821531375935,
2005-10-10,43.91719919401267,29.99933793897524,9.606303972366149,7.277691421991941,5.379821531375935,
2005-10-11,43.91719919401267,29.99933793897524,9.606303972366149,7.277691421991941,5.379821531375935,
2005-10-12,43.903548850574715,30.006235632183905,9.60353448275862,7.282385057471265,5.386063218390804,
2005-10-13,43.891666666666666,30.01310958118187,9.60077452667814,7.285341365461848,5.390562248995984,
2005-10-14,43.88154352806415,30.021678121420386,9.5963058419244,7.286569301260023,5.395045819014891,
2005-10-15,43.88154352806415,30.021678121420386,9.5963058419244,7.286569301260023,5.395045819014891,
2005-10-16,43.88154352806415,30.021678121420386,9.5963058419244,7.286569301260023,5.395045819014891,
2005-10-17,43.871455117209834,30.028502001143508,9.593567753001716,7.289508290451687,5.397798742138365,
2005-10-18,43.856264269406395,30.035302511415523,9.592551369863013,7.292437214611873,5.403966894977168,
2005-10-19,43.84232193732194,30.041396011396014,9.59094017094017,7.296723646723646,5.409344729344729,
2005-10-20,43.83064562002276,30.04815130830489,9.588225255972697,7.299630261660978,5.41547212741752,
2005-10-21,43.83064562002276,30.04815130830489,9.588225255972697,7.299630261660978,5.41547212741752,
2005-10-22,43.83064562002276,30.04815130830489,9.588225255972697,7.299630261660978,5.41547212741752,
2005-10-23,43.83064562002276,30.04815130830489,9.588225255972697,7.299630261660978,5.41547212741752,
2005-10-24,43.83064562002276,30.04815130830489,9.588225255972697,7.299630261660978,5.41547212741752,
2005-10-25,43.83064562002276,30.04815130830489,9.588225255972697,7.299630261660978,5.41547212741752,
2005-10-26,43.81645371947757,30.053180011357185,9.587223168654173,7.303378762067007,5.4224304372515615,
2005-10-27,43.80316043083901,30.059892290249433,9.586224489795917,7.3062641723356005,5.428514739229025,
2005-10-28,43.79161007357103,30.068279569892475,9.583531409168081,7.309139784946236,5.432880588568195,
2005-10-29,43.79161007357103,30.068279569892475,9.583531409168081,7.309139784946236,5.432880588568195,
2005-10-30,43.79161007357103,30.068279569892475,9.583531409168081,7.309139784946236,5.432880588568195,
2005-10-31,43.79161007357103,30.068279569892475,9.583531409168081,7.309139784946236,5.432880588568195,
2005-11-01,43.77501412429379,30.07324858757062,9.582542372881356,7.313700564971751,5.440621468926554,
2005-11-02,43.760166384658774,30.079892836999438,9.579864636209814,7.319937958262831,5.444952058657642,
2005-11-03,43.746213400900906,30.082291666666666,9.578885135135135,7.325309684684684,5.452646396396396,
2005-11-04,43.746213400900906,30.082291666666666,9.578885135135135,7.325309684684684,5.452646396396396,
2005-11-05,43.746213400900906,30.082291666666666,9.578885135135135,7.325309684684684,5.452646396396396,
2005-11-06,43.746213400900906,30.082291666666666,9.578885135135135,7.325309684684684,5.452646396396396,
2005-11-07,43.746213400900906,30.082291666666666,9.578885135135135,7.325309684684684,5.452646396396396,
2005-11-08,43.72977796514896,30.085525576166386,9.577908937605397,7.333192804946599,5.458628442945475,
2005-11-09,43.72977796514896,30.085525576166386,9.577908937605397,7.333192804946599,5.458628442945475,
2005-11-10,43.71676487093154,30.090432098765433,9.575252525252525,7.3376823793490455,5.466273849607183,
2005-11-11,43.703795518207286,30.095322128851542,9.574285714285715,7.34047619047619,5.472212885154062,
2005-11-12,43.703795518207286,30.095322128851542,9.574285714285715,7.34047619047619,5.472212885154062,
2005-11-13,43.703795518207286,30.095322128851542,9.574285714285715,7.34047619047619,5.472212885154062,
2005-11-14,43.690869686800895,30.100195749440715,9.573322147651007,7.344938478747203,5.476454138702461,
2005-11-15,43.67212451144612,30.103378001116695,9.572361809045226,7.352735901730876,5.484031267448353,
2005-11-16,43.67212451144612,30.103378001116695,9.572361809045226,7.352735901730876,5.484031267448353,
2005-11-17,43.655950390189524,30.109894091415832,9.571404682274247,7.358835005574136,5.489910813823857,
2005-11-18,43.655950390189524,30.109894091415832,9.571404682274247,7.358835005574136,5.489910813823857,
2005-11-19,43.655950390189524,30.109894091415832,9.571404682274247,7.358835005574136,5.489910813823857,
2005-11-20,43.655950390189524,30.109894091415832,9.571404682274247,7.358835005574136,5.489910813823857,
2005-11-21,43.655950390189524,30.109894091415832,9.571404682274247,7.358835005574136,5.489910813823857,
2005-11-22,43.63649137451308,30.11304952698943,9.57212020033389,7.364913745130773,5.4974401780745685,
2005-11-23,43.62101388888889,30.117527777777777,9.5695,7.371555555555556,5.504027777777778,
2005-11-24,43.60666943982252,30.123987798114253,9.568552412645591,7.375929007210205,5.509844703272323,
2005-11-25,43.59569490586932,30.130426356589147,9.567607973421927,7.378626799557032,5.513981173864894,
2005-11-26,43.59569490586932,30.130426356589147,9.567607973421927,7.378626799557032,5.513981173864894,
2005-11-27,43.59569490586932,30.130426356589147,9.567607973421927,7.378626799557032,5.513981173864894,
2005-11-28,43.59569490586932,30.130426356589147,9.567607973421927,7.378626799557032,5.513981173864894,
2005-11-29,43.57978164731896,30.133526810392482,9.566666666666666,7.382974018794914,5.523079049198452,
2005-11-30,43.56557671081678,30.13496136865342,9.565728476821192,7.390618101545254,5.528835540838852,
2005-12-01,43.55307162534435,30.141349862258952,9.564793388429752,7.394931129476584,5.532920110192837,
2005-12-02,43.55307162534435,30.141349862258952,9.564793388429752,7.394931129476584,5.532920110192837,
2005-12-03,43.55307162534435,30.141349862258952,9.564793388429752,7.394931129476584,5.532920110192837,
2005-12-04,43.55307162534435,30.141349862258952,9.564793388429752,7.394931129476584,5.532920110192837,
2005-12-05,43.55307162534435,30.141349862258952,9.564793388429752,7.394931129476584,5.532920110192837,
2005-12-06,43.55307162534435,30.141349862258952,9.564793388429752,7.394931129476584,5.532920110192837,
2005-12-07,43.537307480748076,30.14606710671067,9.563861386138614,7.400880088008801,5.538641364136414,
2005-12-08,43.524890170236134,30.15241625480505,9.562932454695222,7.405161998901702,5.54269632070291,
2005-12-09,43.514158442982456,30.15874451754386,9.560361842105262,7.408607456140351,5.547560307017544,
2005-12-10,43.514158442982456,30.15874451754386,9.560361842105262,7.408607456140351,5.547560307017544,
2005-12-11,43.514158442982456,30.15874451754386,9.560361842105262,7.408607456140351,5.547560307017544,
2005-12-12,43.514158442982456,30.15874451754386,9.560361842105262,7.408607456140351,5.547560307017544,
2005-12-13,43.514158442982456,30.15874451754386,9.560361842105262,7.408607456140351,5.547560307017544,
2005-12-14,43.50181992337165,30.160125889436234,9.557799671592775,7.416146688560482,5.5532293377120965,
2005-12-15,43.487882513661205,30.164781420765028,9.55688524590164,7.4203825136612025,5.558879781420765,
2005-12-16,43.487882513661205,30.164781420765028,9.55688524590164,7.4203825136612025,5.558879781420765,
2005-12-17,43.487882513661205,30.164781420765028,9.55688524590164,7.4203825136612025,5.558879781420765,
2005-12-18,43.487882513661205,30.164781420765028,9.55688524590164,7.4203825136612025,5.558879781420765,
2005-12-19,43.487882513661205,30.164781420765028,9.55688524590164,7.4203825136612025,5.558879781420765,
2005-12-20,43.487882513661205,30.164781420765028,9.55688524590164,7.4203825136612025,5.558879781420765,
2005-12-21,43.47579105291871,30.168112384069833,9.554991816693946,7.424768139661757,5.565111838516094,
2005-12-22,43.47579105291871,30.168112384069833,9.554991816693946,7.424768139661757,5.565111838516094,
2005-12-23,43.47579105291871,30.168112384069833,9.554991816693946,7.424768139661757,5.565111838516094,
2005-12-24,43.47579105291871,30.168112384069833,9.554991816693946,7.424768139661757,5.565111838516094,
2005-12-25,43.47579105291871,30.168112384069833,9.554991816693946,7.424768139661757,5.565111838516094,
2005-12-26,43.47579105291871,30.168112384069833,9.554991816693946,7.424768139661757,5.565111838516094,
2005-12-27,43.47579105291871,30.168112384069833,9.554991816693946,7.424768139661757,5.565111838516094,
2005-12-28,43.465209694989106,30.171105664488017,9.552450980392157,7.430610021786493,5.569090413943355,
2005-12-29,43.465209694989106,30.171105664488017,9.552450980392157,7.430610021786493,5.569090413943355,
2005-12-30,43.465209694989106,30.171105664488017,9.552450980392157,7.430610021786493,5.569090413943355,
2005-12-31,43.465209694989106,30.171105664488017,9.552450980392157,7.430610021786493,5.569090413943355,
2006-01-01,43.465209694989106,30.171105664488017,9.552450980392157,7.430610021786493,5.569090413943355,
2006-01-02,43.465209694989106,30.171105664488017,9.552450980392157,7.430610021786493,5.569090413943355,
2006-01-03,43.465209694989106,30.171105664488017,9.552450980392157,7.430610021786493,5.569090413943355,
2006-01-04,43.45466286025013,30.17408917890158,9.551549755301796,7.434801522566613,5.57305600870038,
2006-01-05,43.44740770901194,30.17543431053203,9.550651465798046,7.437350705754615,5.578637350705755,
2006-01-06,43.44740770901194,30.17543431053203,9.550651465798046,7.437350705754615,5.578637350705755,
2006-01-07,43.44740770901194,30.17543431053203,9.550651465798046,7.437350705754615,5.578637350705755,
2006-01-08,43.44740770901194,30.17543431053203,9.550651465798046,7.437350705754615,5.578637350705755,
2006-01-09,43.44017615176151,30.17677506775068,9.549756097560977,7.43989159891599,5.582574525745257,
2006-01-10,43.44017615176151,30.17677506775068,9.549756097560977,7.43989159891599,5.582574525745257,
2006-01-11,43.42972132034632,30.178111471861474,9.54724025974026,7.445670995670996,5.5864989177489175,
2006-01-12,43.42254186925986,30.181064289573204,9.546353322528363,7.4465694219340905,5.59203133441383,
2006-01-13,43.41538565264293,30.185625674217906,9.543851132686084,7.449083063646171,5.5959277238403455,
2006-01-14,43.41538565264293,30.185625674217906,9.543851132686084,7.449083063646171,5.5959277238403455,
2006-01-15,43.41538565264293,30.185625674217906,9.543851132686084,7.449083063646171,5.5959277238403455,
2006-01-16,43.41538565264293,30.185625674217906,9.543851132686084,7.449083063646171,5.5959277238403455,
2006-01-17,43.40663704900377,30.18371028540657,9.54297253634895,7.45320409262251,5.60304254173398,
2006-01-18,43.39791666666667,30.185026881720432,9.538870967741936,7.4605376344086025,5.606908602150537,
2006-01-19,43.390834675254965,30.187949543746647,9.538003220611916,7.461406333870102,5.612372517444981,
2006-01-20,43.390834675254965,30.187949543746647,9.538003220611916,7.461406333870102,5.612372517444981,
2006-01-21,43.390834675254965,30.187949543746647,9.538003220611916,7.461406333870102,5.612372517444981,
2006-01-22,43.390834675254965,30.187949543746647,9.538003220611916,7.461406333870102,5.612372517444981,
2006-01-23,43.382167738478024,30.189255091103966,9.535530546623795,7.4670953912111475,5.617818863879957,
2006-01-24,43.373528624933115,30.188951310861423,9.534670947030499,7.469555912252543,5.623247726056714,
2006-01-25,43.36555822649573,30.19009081196581,9.532532051282052,7.473450854700855,5.6276175213675215,
2006-01-26,43.360173333333336,30.194586666666662,9.53008,7.472693333333334,5.633013333333333,
2006-01-27,43.35640308839191,30.19906815761448,9.526038338658147,7.473535676251331,5.636794462193823,
2006-01-28,43.35640308839191,30.19906815761448,9.526038338658147,7.473535676251331,5.636794462193823,
2006-01-29,43.35640308839191,30.19906815761448,9.526038338658147,7.473535676251331,5.636794462193823,
2006-01-30,43.35640308839191,30.19906815761448,9.526038338658147,7.473535676251331,5.636794462193823,
2006-01-31,43.34945507708666,30.198750664540135,9.52360446570973,7.475970228601808,5.643753322700691,
2006-02-01,43.34571390658174,30.200026539278127,9.521178343949044,7.476804670912951,5.647505307855626,
2006-02-02,43.340394806571275,30.202888182299944,9.517170111287758,7.477636459989402,5.6528351881293055,
2006-02-03,43.340394806571275,30.202888182299944,9.517170111287758,7.477636459989402,5.6528351881293055,
2006-02-04,43.340394806571275,30.202888182299944,9.517170111287758,7.477636459989402,5.6528351881293055,
2006-02-05,43.340394806571275,30.202888182299944,9.517170111287758,7.477636459989402,5.6528351881293055,
2006-02-06,43.340394806571275,30.202888182299944,9.517170111287758,7.477636459989402,5.6528351881293055,
2006-02-07,43.335092592592595,30.204153439153437,9.514761904761905,7.48005291005291,5.658148148148148,
2006-02-08,43.33139197041733,30.203829899630215,9.512361331220285,7.482461701003698,5.661859482303222,
2006-02-09,43.32770305907173,30.205089662447254,9.50996835443038,7.4832805907173,5.665559071729958,
2006-02-10,43.32770305907173,30.205089662447254,9.50996835443038,7.4832805907173,5.665559071729958,
2006-02-11,43.32770305907173,30.205089662447254,9.50996835443038,7.4832805907173,5.665559071729958,
2006-02-12,43.32770305907173,30.205089662447254,9.50996835443038,7.4832805907173,5.665559071729958,
2006-02-13,43.322446024223275,30.207925223801997,9.507582938388627,7.484096893101633,5.669246972090574,
2006-02-14,43.31562828601472,30.209174553101995,9.506782334384859,7.4864879074658255,5.6745005257623555,
2006-02-15,43.31040682414698,30.207270341207348,9.505984251968504,7.488871391076116,5.678162729658792,
2006-02-16,43.3083464360587,30.206944444444442,9.503616352201258,7.491247379454927,5.681813417190775,
2006-02-17,43.30472265829409,30.209759288330716,9.501255886970172,7.4920460491889065,5.683882783882784,
2006-02-18,43.30472265829409,30.209759288330716,9.501255886970172,7.4920460491889065,5.683882783882784,
2006-02-19,43.30472265829409,30.209759288330716,9.501255886970172,7.4920460491889065,5.683882783882784,
2006-02-20,43.30472265829409,30.209759288330716,9.501255886970172,7.4920460491889065,5.683882783882784,
2006-02-21,43.30472265829409,30.209759288330716,9.501255886970172,7.4920460491889065,5.683882783882784,
2006-02-22,43.296564785788924,30.20935214211076,9.49960815047022,7.49582027168234,5.6893939393939394,
2006-02-23,43.291405842462176,30.20902451747522,9.497261345852895,7.498174230568596,5.694574856546688,
2006-02-24,43.28782552083333,30.210260416666664,9.495703125,7.499739583333333,5.697395833333333,
2006-02-25,43.28782552083333,30.210260416666664,9.495703125,7.499739583333333,5.697395833333333,
2006-02-26,43.28782552083333,30.210260416666664,9.495703125,7.499739583333333,5.697395833333333,
2006-02-27,43.28782552083333,30.210260416666664,9.495703125,7.499739583333333,5.697395833333333,
2006-02-28,43.28269630785231,30.208372334893394,9.494929797191888,7.502080083203328,5.702548101924077,
2006-03-01,43.276025441329175,30.20493250259605,9.494158878504672,7.505970924195223,5.707684319833853,
2006-03-02,43.27248574390876,30.204613789528253,9.494945567651634,7.508294453084499,5.709694142042509,
2006-03-03,43.27248574390876,30.204613789528253,9.494945567651634,7.508294453084499,5.709694142042509,
2006-03-04,43.27248574390876,30.204613789528253,9.494945567651634,7.508294453084499,5.709694142042509,
2006-03-05,43.27248574390876,30.204613789528253,9.494945567651634,7.508294453084499,5.709694142042509,
2006-03-06,43.27248574390876,30.204613789528253,9.494945567651634,7.508294453084499,5.709694142042509,
2006-03-07,43.26429865424431,30.204296066252585,9.49417701863354,7.510610766045549,5.7148033126294,
2006-03-08,43.260788113695085,30.199328165374677,9.493410852713179,7.514470284237726,5.718346253229974,
2006-03-09,43.25728844169247,30.197471620227038,9.492647058823529,7.516769865841073,5.7218782249742,
2006-03-10,43.253799587841314,30.200257599175682,9.488794435857805,7.517516743946419,5.725399278722309,
2006-03-11,43.253799587841314,30.200257599175682,9.488794435857805,7.517516743946419,5.725399278722309,
2006-03-12,43.253799587841314,30.200257599175682,9.488794435857805,7.517516743946419,5.725399278722309,
2006-03-13,43.253799587841314,30.200257599175682,9.488794435857805,7.517516743946419,5.725399278722309,
2006-03-14,43.24723508230453,30.19994855967078,9.48804012345679,7.51980452674897,5.730452674897119,
2006-03-15,43.24092193117617,30.197560349255266,9.486594761171032,7.525166923472008,5.735798664612224,
2006-03-16,43.2359358974359,30.19725641025641,9.485846153846154,7.527435897435897,5.739282051282051,
2006-03-17,43.23096518177164,30.19541730670763,9.485099846390169,7.531233998975934,5.742754736303123,
2006-03-18,43.23096518177164,30.19541730670763,9.485099846390169,7.531233998975934,5.742754736303123,
2006-03-19,43.23096518177164,30.19541730670763,9.485099846390169,7.531233998975934,5.742754736303123,
2006-03-20,43.23096518177164,30.19541730670763,9.485099846390169,7.531233998975934,5.742754736303123,
2006-03-21,43.23096518177164,30.19541730670763,9.485099846390169,7.531233998975934,5.742754736303123,
2006-03-22,43.22447597137015,30.19205010224949,9.48435582822086,7.536554192229039,5.747750511247443,
2006-03-23,43.22447597137015,30.19205010224949,9.48435582822086,7.536554192229039,5.747750511247443,
2006-03-24,43.22106942317509,30.19328739152629,9.483614088820827,7.537263910158243,5.751199591628382,
2006-03-25,43.22106942317509,30.19328739152629,9.483614088820827,7.537263910158243,5.751199591628382,
2006-03-26,43.22106942317509,30.19328739152629,9.483614088820827,7.537263910158243,5.751199591628382,
2006-03-27,43.22106942317509,30.19328739152629,9.483614088820827,7.537263910158243,5.751199591628382,
2006-03-28,43.21308613659531,30.192991845056067,9.482874617737004,7.539500509683996,5.7561671763506626,
2006-03-29,43.205127226463105,30.18964376590331,9.482137404580152,7.544783715012723,5.761119592875318,
2006-03-30,43.205127226463105,30.18964376590331,9.482137404580152,7.544783715012723,5.761119592875318,
2006-03-31,43.20176575203252,30.19087906504065,9.479878048780488,7.547002032520325,5.764532520325203,
2006-04-01,43.20176575203252,30.19087906504065,9.479878048780488,7.547002032520325,5.764532520325203,
2006-04-02,43.20176575203252,30.19087906504065,9.479878048780488,7.547002032520325,5.764532520325203,
2006-04-03,43.20176575203252,30.19087906504065,9.479878048780488,7.547002032520325,5.764532520325203,
2006-04-04,43.19384830035515,30.19058853373922,9.479147640791476,7.549213597158802,5.769457128361238,
2006-04-05,43.187474670719354,30.185739614994937,9.479939209726444,7.552938196555218,5.774366767983789,
2006-04-06,43.18263783510369,30.18545776428933,9.479210925644917,7.556651492159838,5.777744056651492,
2006-04-07,43.179330808080806,30.188207070707072,9.476969696969697,7.55580808080808,5.781111111111111,
2006-04-08,43.179330808080806,30.188207070707072,9.476969696969697,7.55580808080808,5.781111111111111,
2006-04-09,43.179330808080806,30.188207070707072,9.476969696969697,7.55580808080808,5.781111111111111,
2006-04-10,43.179330808080806,30.188207070707072,9.476969696969697,7.55580808080808,5.781111111111111,
2006-04-11,43.17300806858295,30.18489662128089,9.477760968229955,7.559505799293999,5.785980837115481,
2006-04-12,43.16481621349446,30.184768378650553,9.476510574018127,7.563645518630413,5.791062437059416,
2006-04-13,43.16004273504274,30.185997988939164,9.475791855203619,7.565811965811966,5.7943941679235795,
2006-04-14,43.16004273504274,30.185997988939164,9.475791855203619,7.565811965811966,5.7943941679235795,
2006-04-15,43.16004273504274,30.185997988939164,9.475791855203619,7.565811965811966,5.7943941679235795,
2006-04-16,43.16004273504274,30.185997988939164,9.475791855203619,7.565811965811966,5.7943941679235795,
2006-04-17,43.16004273504274,30.185997988939164,9.475791855203619,7.565811965811966,5.7943941679235795,
2006-04-18,43.16004273504274,30.185997988939164,9.475791855203619,7.565811965811966,5.7943941679235795,
2006-04-19,43.152271586345385,30.186470883534135,9.47507530120482,7.568724899598394,5.799221887550201,
2006-04-20,43.152271586345385,30.186470883534135,9.47507530120482,7.568724899598394,5.799221887550201,
2006-04-21,43.14452380952381,30.189949874686715,9.475112781954888,7.570125313283208,5.802531328320802,
2006-04-22,43.14452380952381,30.189949874686715,9.475112781954888,7.570125313283208,5.802531328320802,
2006-04-23,43.14452380952381,30.189949874686715,9.475112781954888,7.570125313283208,5.802531328320802,
2006-04-24,43.14452380952381,30.189949874686715,9.475112781954888,7.570125313283208,5.802531328320802,
2006-04-25,43.1352977977978,30.191166166166166,9.474399399399399,7.573773773773774,5.807332332332332,
2006-04-26,43.126099450274864,30.189380309845077,9.473688155922039,7.578910544727636,5.812118940529735,
2006-04-27,43.126099450274864,30.189380309845077,9.473688155922039,7.578910544727636,5.812118940529735,
2006-04-28,43.12067115768463,30.19134231536926,9.472230538922155,7.580289421157684,5.815394211576846,
2006-04-29,43.12067115768463,30.19134231536926,9.472230538922155,7.580289421157684,5.815394211576846,
2006-04-30,43.12067115768463,30.19134231536926,9.472230538922155,7.580289421157684,5.815394211576846,
2006-05-01,43.12067115768463,30.19134231536926,9.472230538922155,7.580289421157684,5.815394211576846,
2006-05-02,43.12067115768463,30.19134231536926,9.472230538922155,7.580289421157684,5.815394211576846,
2006-05-03,43.113016940707524,30.19105630293971,9.47152466367713,7.58315894369706,5.8201544593921275,
2006-05-04,43.113016940707524,30.19105630293971,9.47152466367713,7.58315894369706,5.8201544593921275,
2006-05-05,43.10687810945274,30.19226368159204,9.47231343283582,7.585273631840796,5.823407960199005,
2006-05-06,43.10687810945274,30.19226368159204,9.47231343283582,7.585273631840796,5.823407960199005,
2006-05-07,43.10687810945274,30.19226368159204,9.47231343283582,7.585273631840796,5.823407960199005,
2006-05-08,43.10687810945274,30.19226368159204,9.47231343283582,7.585273631840796,5.823407960199005,
2006-05-09,43.097776949826134,30.191977148534523,9.47160953800298,7.588872329855937,5.829632389468455,
2006-05-10,43.09167906746032,30.190203373015873,9.470907738095239,7.590972222222222,5.834350198412698,
2006-05-11,43.09167906746032,30.190203373015873,9.470907738095239,7.590972222222222,5.834350198412698,
2006-05-12,43.08411342248638,30.191406636948983,9.470208023774145,7.593065874195146,5.8390539871223375,
2006-05-13,43.08411342248638,30.191406636948983,9.470208023774145,7.593065874195146,5.8390539871223375,
2006-05-14,43.08411342248638,30.191406636948983,9.470208023774145,7.593065874195146,5.8390539871223375,
2006-05-15,43.08411342248638,30.191406636948983,9.470208023774145,7.593065874195146,5.8390539871223375,
2006-05-16,43.08411342248638,30.191406636948983,9.470208023774145,7.593065874195146,5.8390539871223375,
2006-05-17,43.07619930761622,30.18941641938675,9.46839762611276,7.59782393669634,5.84515331355094,
2006-05-18,43.0671975308642,30.18913580246914,9.469185185185184,7.6013827160493825,5.849827160493827,
2006-05-19,43.064139546351086,30.19181459566075,9.467011834319527,7.6034516765286,5.851528599605523,
2006-05-20,43.064139546351086,30.19181459566075,9.467011834319527,7.6034516765286,5.851528599605523,
2006-05-21,43.064139546351086,30.19181459566075,9.467011834319527,7.6034516765286,5.851528599605523,
2006-05-22,43.064139546351086,30.19181459566075,9.467011834319527,7.6034516765286,5.851528599605523,
2006-05-23,43.05518217626785,30.190054160512066,9.46632200886263,7.609207287050714,5.856917774495322,
2006-05-24,43.05518217626785,30.190054160512066,9.46632200886263,7.609207287050714,5.856917774495322,
2006-05-25,43.05518217626785,30.190054160512066,9.46632200886263,7.609207287050714,5.856917774495322,
2006-05-26,43.05518217626785,30.190054160512066,9.46632200886263,7.609207287050714,5.856917774495322,
2006-05-27,43.05518217626785,30.190054160512066,9.46632200886263,7.609207287050714,5.856917774495322,
2006-05-28,43.05518217626785,30.190054160512066,9.46632200886263,7.609207287050714,5.856917774495322,
2006-05-29,43.05518217626785,30.190054160512066,9.46632200886263,7.609207287050714,5.856917774495322,
2006-05-30,43.04330137659784,30.189773844641103,9.467109144542773,7.615683382497542,5.863028515240904,
2006-05-31,43.02998281786942,30.186548846342664,9.466421207658321,7.623613156602848,5.869121256750122,
2006-06-01,43.02111519607843,30.186274509803923,9.46720588235294,7.627107843137255,5.873725490196078,
2006-06-02,43.02111519607843,30.186274509803923,9.46720588235294,7.627107843137255,5.873725490196078,
2006-06-03,43.02111519607843,30.186274509803923,9.46720588235294,7.627107843137255,5.873725490196078,
2006-06-04,43.02111519607843,30.186274509803923,9.46720588235294,7.627107843137255,5.873725490196078,
2006-06-05,43.02111519607843,30.186274509803923,9.46720588235294,7.627107843137255,5.873725490196078,
2006-06-06,43.02111519607843,30.186274509803923,9.46720588235294,7.627107843137255,5.873725490196078,
2006-06-07,43.00860254527655,30.183798335780715,9.466519823788547,7.634263338228096,5.879784630445423,
2006-06-08,43.00860254527655,30.183798335780715,9.466519823788547,7.634263338228096,5.879784630445423,
2006-06-09,42.99979227761486,30.183528836754643,9.467302052785923,7.637732160312805,5.88435972629521,
2006-06-10,42.99979227761486,30.183528836754643,9.467302052785923,7.637732160312805,5.88435972629521,
2006-06-11,42.99979227761486,30.183528836754643,9.467302052785923,7.637732160312805,5.88435972629521,
2006-06-12,42.99979227761486,30.183528836754643,9.467302052785923,7.637732160312805,5.88435972629521,
2006-06-13,42.98807955100049,30.18033186920449,9.466617862371889,7.644119082479258,5.890385553928746,
2006-06-14,42.97640107212476,30.18006822612086,9.46593567251462,7.649025341130605,5.896393762183235,
2006-06-15,42.97640107212476,30.18006822612086,9.46593567251462,7.649025341130605,5.896393762183235,
2006-06-16,42.96913625304136,30.181265206812654,9.464525547445255,7.651727493917275,5.900924574209245,
2006-06-17,42.96913625304136,30.181265206812654,9.464525547445255,7.651727493917275,5.900924574209245,
2006-06-18,42.96913625304136,30.181265206812654,9.464525547445255,7.651727493917275,5.900924574209245,
2006-06-19,42.96913625304136,30.181265206812654,9.464525547445255,7.651727493917275,5.900924574209245,
2006-06-20,42.95751943634597,30.182458697764822,9.463848396501458,7.656608357628766,5.90689990281827,
2006-06-21,42.94656720038816,30.181950509461426,9.464240659873848,7.6622028141678795,5.9125181950509464,
2006-06-22,42.94656720038816,30.181950509461426,9.464240659873848,7.6622028141678795,5.9125181950509464,
2006-06-23,42.94656720038816,30.181950509461426,9.464240659873848,7.6622028141678795,5.9125181950509464,
2006-06-24,42.94656720038816,30.181950509461426,9.464240659873848,7.6622028141678795,5.9125181950509464,
2006-06-25,42.94656720038816,30.181950509461426,9.464240659873848,7.6622028141678795,5.9125181950509464,
2006-06-26,42.94656720038816,30.181950509461426,9.464240659873848,7.6622028141678795,5.9125181950509464,
2006-06-27,42.93356346899225,30.183139534883722,9.46501937984496,7.667054263565891,5.918459302325582,
2006-06-28,42.919146105466865,30.182873730043543,9.464344460570876,7.674794388001935,5.924383164005806,
2006-06-29,42.919146105466865,30.182873730043543,9.464344460570876,7.674794388001935,5.924383164005806,
2006-06-30,42.919146105466865,30.182873730043543,9.464344460570876,7.674794388001935,5.924383164005806,
2006-07-01,42.919146105466865,30.182873730043543,9.464344460570876,7.674794388001935,5.924383164005806,
2006-07-02,42.919146105466865,30.182873730043543,9.464344460570876,7.674794388001935,5.924383164005806,
2006-07-03,42.919146105466865,30.182873730043543,9.464344460570876,7.674794388001935,5.924383164005806,
2006-07-04,42.90621980676329,30.184057971014493,9.46367149758454,7.6810628019323675,5.930289855072464,
2006-07-05,42.8918837433671,30.180897250361795,9.464447660395562,7.6887602508441875,5.936179450072358,
2006-07-06,42.88047928709056,30.179190751445088,9.465221579961465,7.694990366088632,5.942052023121387,
2006-07-07,42.88047928709056,30.179190751445088,9.465221579961465,7.694990366088632,5.942052023121387,
2006-07-08,42.88047928709056,30.179190751445088,9.465221579961465,7.694990366088632,5.942052023121387,
2006-07-09,42.88047928709056,30.179190751445088,9.465221579961465,7.694990366088632,5.942052023121387,
2006-07-10,42.88047928709056,30.179190751445088,9.465221579961465,7.694990366088632,5.942052023121387,
2006-07-11,42.88047928709056,30.179190751445088,9.465221579961465,7.694990366088632,5.942052023121387,
2006-07-12,42.86622174122174,30.17676767676768,9.465993265993266,7.7026455026455025,5.947907647907647,
2006-07-13,42.85488712776177,30.173631123919307,9.468203650336216,7.708837656099904,5.952305475504322,
2006-07-14,42.84646282973621,30.174820143884894,9.466091127098322,7.713573141486811,5.953812949640287,
2006-07-15,42.84646282973621,30.174820143884894,9.466091127098322,7.713573141486811,5.953812949640287,
2006-07-16,42.84646282973621,30.174820143884894,9.466091127098322,7.713573141486811,5.953812949640287,
2006-07-17,42.84646282973621,30.174820143884894,9.466091127098322,7.713573141486811,5.953812949640287,
2006-07-18,42.84646282973621,30.174820143884894,9.466091127098322,7.713573141486811,5.953812949640287,
2006-07-19,42.83403975095785,30.172749042145593,9.46647509578544,7.721216475095785,5.9592432950191565,
2006-07-20,42.82280009564801,30.17250119560019,9.464371114299379,7.7273553323768525,5.963605930176949,
2006-07-21,42.81159264565425,30.170821394460365,9.465138490926456,7.734909264565425,5.967956064947469,
2006-07-22,42.81159264565425,30.170821394460365,9.465138490926456,7.734909264565425,5.967956064947469,
2006-07-23,42.81159264565425,30.170821394460365,9.465138490926456,7.734909264565425,5.967956064947469,
2006-07-24,42.81159264565425,30.170821394460365,9.465138490926456,7.734909264565425,5.967956064947469,
2006-07-25,42.81159264565425,30.170821394460365,9.465138490926456,7.734909264565425,5.967956064947469,
2006-07-26,42.79755603242727,30.170577014783024,9.465188364329995,7.742441583214115,5.9737243681449685,
2006-07-27,42.79755603242727,30.170577014783024,9.465188364329995,7.742441583214115,5.9737243681449685,
2006-07-28,42.79755603242727,30.170577014783024,9.465188364329995,7.742441583214115,5.9737243681449685,
2006-07-29,42.79755603242727,30.170577014783024,9.465188364329995,7.742441583214115,5.9737243681449685,
2006-07-30,42.79755603242727,30.170577014783024,9.465188364329995,7.742441583214115,5.9737243681449685,
2006-07-31,42.79755603242727,30.170577014783024,9.465188364329995,7.742441583214115,5.9737243681449685,
2006-08-01,42.79755603242727,30.170577014783024,9.465188364329995,7.742441583214115,5.9737243681449685,
2006-08-02,42.78213095238095,30.169619047619047,9.465952380952382,7.74995238095238,5.97947619047619,
2006-08-03,42.771029481692814,30.16795054683785,9.466714217784117,7.756015216357584,5.98378506894912,
2006-08-04,42.771029481692814,30.16795054683785,9.466714217784117,7.756015216357584,5.98378506894912,
2006-08-05,42.771029481692814,30.16795054683785,9.466714217784117,7.756015216357584,5.98378506894912,
2006-08-06,42.771029481692814,30.16795054683785,9.466714217784117,7.756015216357584,5.98378506894912,
2006-08-07,42.771029481692814,30.16795054683785,9.466714217784117,7.756015216357584,5.98378506894912,
2006-08-08,42.771029481692814,30.16795054683785,9.466714217784117,7.756015216357584,5.98378506894912,
2006-08-09,42.7556861348528,30.166286799620135,9.467473884140551,7.763485280151946,5.989506172839506,
2006-08-10,42.7556861348528,30.166286799620135,9.467473884140551,7.763485280151946,5.989506172839506,
2006-08-11,42.7556861348528,30.166286799620135,9.467473884140551,7.763485280151946,5.989506172839506,
2006-08-12,42.7556861348528,30.166286799620135,9.467473884140551,7.763485280151946,5.989506172839506,
2006-08-13,42.7556861348528,30.166286799620135,9.467473884140551,7.763485280151946,5.989506172839506,
2006-08-14,42.7556861348528,30.166286799620135,9.467473884140551,7.763485280151946,5.989506172839506,
2006-08-15,42.7556861348528,30.166286799620135,9.467473884140551,7.763485280151946,5.989506172839506,
2006-08-16,42.740054528212426,30.16524419155998,9.46818397344713,7.771171171171171,5.9958274063537225,
2006-08-17,42.740054528212426,30.16524419155998,9.46818397344713,7.771171171171171,5.9958274063537225,
2006-08-18,42.730480587121214,30.165009469696972,9.467518939393939,7.7771780303030305,5.997253787878788,
2006-08-19,42.730480587121214,30.165009469696972,9.467518939393939,7.7771780303030305,5.997253787878788,
2006-08-20,42.730480587121214,30.165009469696972,9.467518939393939,7.7771780303030305,5.997253787878788,
2006-08-21,42.730480587121214,30.165009469696972,9.467518939393939,7.7771780303030305,5.997253787878788,
2006-08-22,42.730480587121214,30.165009469696972,9.467518939393939,7.7771780303030305,5.997253787878788,
2006-08-23,42.71455082742317,30.163356973995274,9.468274231678487,7.786004728132387,6.002222222222223,
2006-08-24,42.71455082742317,30.163356973995274,9.468274231678487,7.786004728132387,6.002222222222223,
2006-08-25,42.70149905571294,30.162417374881965,9.469027384324834,7.793389990557129,6.00646836638338,
2006-08-26,42.70149905571294,30.162417374881965,9.469027384324834,7.793389990557129,6.00646836638338,
2006-08-27,42.70149905571294,30.162417374881965,9.469027384324834,7.793389990557129,6.00646836638338,
2006-08-28,42.70149905571294,30.162417374881965,9.469027384324834,7.793389990557129,6.00646836638338,
2006-08-29,42.70149905571294,30.162417374881965,9.469027384324834,7.793389990557129,6.00646836638338,
2006-08-30,42.684240924092414,30.161480433757664,9.46977840641207,7.801461574728902,6.014238566713814,
2006-08-31,42.684240924092414,30.161480433757664,9.46977840641207,7.801461574728902,6.014238566713814,
2006-09-01,42.67479990583804,30.161252354048965,9.469114877589453,7.805979284369115,6.017043314500942,
2006-09-02,42.67479990583804,30.161252354048965,9.469114877589453,7.805979284369115,6.017043314500942,
2006-09-03,42.67479990583804,30.161252354048965,9.469114877589453,7.805979284369115,6.017043314500942,
2006-09-04,42.67479990583804,30.161252354048965,9.469114877589453,7.805979284369115,6.017043314500942,
2006-09-05,42.67479990583804,30.161252354048965,9.469114877589453,7.805979284369115,6.017043314500942,
2006-09-06,42.657628114715564,30.160319699106726,9.469863657733898,7.813305124588623,6.024071462153268,
2006-09-07,42.64543427230047,30.157276995305168,9.470610328638497,7.822018779342723,6.028262910798122,
2006-09-08,42.64543427230047,30.157276995305168,9.470610328638497,7.822018779342723,6.028262910798122,
2006-09-09,42.64543427230047,30.157276995305168,9.470610328638497,7.822018779342723,6.028262910798122,
2006-09-10,42.64543427230047,30.157276995305168,9.470610328638497,7.822018779342723,6.028262910798122,
2006-09-11,42.64543427230047,30.157276995305168,9.470610328638497,7.822018779342723,6.028262910798122,
2006-09-12,42.64543427230047,30.157276995305168,9.470610328638497,7.822018779342723,6.028262910798122,
2006-09-13,42.62835208626348,30.154946085325832,9.47205813408345,7.830707923112986,6.03455227379278,
2006-09-14,42.62835208626348,30.154946085325832,9.47205813408345,7.830707923112986,6.03455227379278,
2006-09-15,42.62835208626348,30.154946085325832,9.47205813408345,7.830707923112986,6.03455227379278,
2006-09-16,42.62835208626348,30.154946085325832,9.47205813408345,7.830707923112986,6.03455227379278,
2006-09-17,42.62835208626348,30.154946085325832,9.47205813408345,7.830707923112986,6.03455227379278,
2006-09-18,42.62835208626348,30.154946085325832,9.47205813408345,7.830707923112986,6.03455227379278,
2006-09-19,42.610615636704125,30.154728464419478,9.472799625468165,7.837968164794007,6.041526217228465,
2006-09-20,42.598398784478725,30.151566152407664,9.474170172978027,7.845418419822347,6.0470079476390834,
2006-09-21,42.598398784478725,30.151566152407664,9.474170172978027,7.845418419822347,6.0470079476390834,
2006-09-22,42.5828548085901,30.151353874883284,9.476307189542483,7.853338001867415,6.051143790849673,
2006-09-23,42.5828548085901,30.151353874883284,9.476307189542483,7.853338001867415,6.051143790849673,
2006-09-24,42.5828548085901,30.151353874883284,9.476307189542483,7.853338001867415,6.051143790849673,
2006-09-25,42.56385780885781,30.15114219114219,9.475641025641025,7.863333333333334,6.056666666666667,
2006-09-26,42.56385780885781,30.15114219114219,9.475641025641025,7.863333333333334,6.056666666666667,
2006-09-27,42.54631052141527,30.15093109869646,9.476373370577281,7.871904096834265,6.062174115456238,
2006-09-28,42.54631052141527,30.15093109869646,9.476373370577281,7.871904096834265,6.062174115456238,
2006-09-29,42.53299628079963,30.152115295211527,9.475708972570898,7.879056252905626,6.063482101348209,
2006-09-30,42.53299628079963,30.152115295211527,9.475708972570898,7.879056252905626,6.063482101348209,
2006-10-01,42.53299628079963,30.152115295211527,9.475708972570898,7.879056252905626,6.063482101348209,
2006-10-02,42.53299628079963,30.152115295211527,9.475708972570898,7.879056252905626,6.063482101348209,
2006-10-03,42.53299628079963,30.152115295211527,9.475708972570898,7.879056252905626,6.063482101348209,
2006-10-04,42.515540854224696,30.152599814298977,9.476439182915506,7.888277623026927,6.068268337975859,
2006-10-05,42.49813398238294,30.156560037088546,9.477167362076958,7.895387111729254,6.07234585071859,
2006-10-06,42.49813398238294,30.156560037088546,9.477167362076958,7.895387111729254,6.07234585071859,
2006-10-07,42.49813398238294,30.156560037088546,9.477167362076958,7.895387111729254,6.07234585071859,
2006-10-08,42.49813398238294,30.156560037088546,9.477167362076958,7.895387111729254,6.07234585071859,
2006-10-09,42.49813398238294,30.156560037088546,9.477167362076958,7.895387111729254,6.07234585071859,
2006-10-10,42.49813398238294,30.156560037088546,9.477167362076958,7.895387111729254,6.07234585071859,
2006-10-11,42.47938657407407,30.157037037037036,9.478587962962962,7.904560185185185,6.077800925925926,
2006-10-12,42.47938657407407,30.157037037037036,9.478587962962962,7.904560185185185,6.077800925925926,
2006-10-13,42.466239019879794,30.159593157651408,9.4793111419325,7.908853444290338,6.080466944059177,
2006-10-14,42.466239019879794,30.159593157651408,9.4793111419325,7.908853444290338,6.080466944059177,
2006-10-15,42.466239019879794,30.159593157651408,9.4793111419325,7.908853444290338,6.080466944059177,
2006-10-16,42.466239019879794,30.159593157651408,9.4793111419325,7.908853444290338,6.080466944059177,
2006-10-17,42.45118882733149,30.159926131117267,9.481417359187441,7.915627885503231,6.084926131117267,
2006-10-18,42.43327570308898,30.1617796219456,9.482826187183033,7.923351775011525,6.089649608114338,
2006-10-19,42.418865101289136,30.164318600368325,9.484921731123388,7.928982504604051,6.093669429097606,
2006-10-20,42.40311494252874,30.165471264367817,9.485632183908045,7.93735632183908,6.09767816091954,
2006-10-21,42.40311494252874,30.165471264367817,9.485632183908045,7.93735632183908,6.09767816091954,
2006-10-22,42.40311494252874,30.165471264367817,9.485632183908045,7.93735632183908,6.09767816091954,
2006-10-23,42.40311494252874,30.165471264367817,9.485632183908045,7.93735632183908,6.09767816091954,
2006-10-24,42.40311494252874,30.165471264367817,9.485632183908045,7.93735632183908,6.09767816091954,
2006-10-25,42.38603076216713,30.16455463728191,9.487718089990818,7.94570707070707,6.103053259871442,
2006-10-26,42.38603076216713,30.16455463728191,9.487718089990818,7.94570707070707,6.103053259871442,
2006-10-27,42.37449564419991,30.165703805593765,9.48842274186153,7.949908298945437,6.107038055937643,
2006-10-28,42.37449564419991,30.165703805593765,9.48842274186153,7.949908298945437,6.107038055937643,
2006-10-29,42.37449564419991,30.165703805593765,9.48842274186153,7.949908298945437,6.107038055937643,
2006-10-30,42.37449564419991,30.165703805593765,9.48842274186153,7.949908298945437,6.107038055937643,
2006-10-31,42.35749771062271,30.164102564102564,9.49187271062271,7.956845238095237,6.113759157509158,
2006-11-01,42.337802926383176,30.162505715592136,9.493941472336534,7.966506630086877,6.120461819844536,
2006-11-02,42.32227168949772,30.16365296803653,9.497374429223743,7.973401826484018,6.1244063926940635,
2006-11-03,42.32227168949772,30.16365296803653,9.497374429223743,7.973401826484018,6.1244063926940635,
2006-11-04,42.32227168949772,30.16365296803653,9.497374429223743,7.973401826484018,6.1244063926940635,
2006-11-05,42.32227168949772,30.16365296803653,9.497374429223743,7.973401826484018,6.1244063926940635,
2006-11-06,42.32227168949772,30.16365296803653,9.497374429223743,7.973401826484018,6.1244063926940635,
2006-11-07,42.30404696762426,30.16342909256726,9.499430004559963,7.981646146830825,6.131076151390789,
2006-11-08,42.287238160291444,30.1632058287796,9.498747723132968,7.989867941712204,6.137727686703096,
2006-11-09,42.287238160291444,30.1632058287796,9.498747723132968,7.989867941712204,6.137727686703096,
2006-11-10,42.27729649840837,30.164347430650295,9.49806730331969,7.993974533879036,6.140268303774443,
2006-11-11,42.27729649840837,30.164347430650295,9.49806730331969,7.993974533879036,6.140268303774443,
2006-11-12,42.27729649840837,30.164347430650295,9.49806730331969,7.993974533879036,6.140268303774443,
2006-11-13,42.283139799635705,30.153642987249544,9.504212204007285,7.993966302367942,6.139093806921676,
2006-11-14,42.273713570127505,30.14278233151184,9.510632969034608,8.000318761384335,6.144011839708561,
2006-11-15,42.26278460837887,30.130487249544625,9.516097449908926,8.01124772313297,6.149476320582878,
2006-11-16,42.25151205093224,30.133037744429284,9.516757617098682,8.015325147794453,6.152000909504321,
2006-11-17,42.25151205093224,30.133037744429284,9.516757617098682,8.015325147794453,6.152000909504321,
2006-11-18,42.25151205093224,30.133037744429284,9.516757617098682,8.015325147794453,6.152000909504321,
2006-11-19,42.25151205093224,30.133037744429284,9.516757617098682,8.015325147794453,6.152000909504321,
2006-11-20,42.25868624772313,30.12229052823315,9.521561930783243,8.013979963570128,6.1522085610200365,
2006-11-21,42.26314409484724,30.111513907888735,9.527747378020976,8.013999088007296,6.151048791609668,
2006-11-22,42.250832193342454,30.099886000911994,9.53390332877337,8.02357501139991,6.155836753305974,
2006-11-23,42.250832193342454,30.099886000911994,9.53390332877337,8.02357501139991,6.155836753305974,
2006-11-24,42.242292805100185,30.10111566484517,9.534540072859745,8.026275045537341,6.158356102003643,
2006-11-25,42.242292805100185,30.10111566484517,9.534540072859745,8.026275045537341,6.158356102003643,
2006-11-26,42.242292805100185,30.10111566484517,9.534540072859745,8.026275045537341,6.158356102003643,
2006-11-27,42.22999772313297,30.092918943533697,9.540004553734063,8.033105646630236,6.162454462659381,
2006-11-28,42.219751821493624,30.08335610200364,9.545469034608379,8.038570127504554,6.167918943533698,
2006-11-29,42.20580945884493,30.080513869940884,9.547453387903593,8.043974533879036,6.174511141427923,
2006-11-30,42.20580945884493,30.080513869940884,9.547453387903593,8.043974533879036,6.174511141427923,
2006-12-01,42.20580945884493,30.080513869940884,9.547453387903593,8.043974533879036,6.174511141427923,
2006-12-02,42.20580945884493,30.080513869940884,9.547453387903593,8.043974533879036,6.174511141427923,
2006-12-03,42.20580945884493,30.080513869940884,9.547453387903593,8.043974533879036,6.174511141427923,
2006-12-04,42.207456739526414,30.07242714025501,9.553665755919855,8.04403460837887,6.174749544626594,
2006-12-05,42.19789389799636,30.062864298724953,9.56049635701275,8.046766848816029,6.180214025500911,
2006-12-06,42.186964936247726,30.046470856102005,9.568693078324227,8.054963570127505,6.187044626593807,
2006-12-07,42.177160072760344,30.047771714415642,9.570645748067303,8.057617098681218,6.189517962710323,
2006-12-08,42.177160072760344,30.047771714415642,9.570645748067303,8.057617098681218,6.189517962710323,
2006-12-09,42.177160072760344,30.047771714415642,9.570645748067303,8.057617098681218,6.189517962710323,
2006-12-10,42.177160072760344,30.047771714415642,9.570645748067303,8.057617098681218,6.189517962710323,
2006-12-11,42.180134335154825,30.041006375227685,9.575523679417122,8.056329690346084,6.189776867030965,
2006-12-12,42.18174874601003,30.032854537163704,9.580414956680347,8.05640674874601,6.188668490652075,
2006-12-13,42.170804833561334,30.02122663018696,9.58657090743274,8.061878704970361,6.194824441404469,
2006-12-14,42.15964253187614,30.022563752276866,9.589867941712205,8.06589253187614,6.197290528233151,
2006-12-15,42.15260345611642,30.023897226011822,9.59042746703047,8.067166894042748,6.1997498863119604,
2006-12-16,42.15260345611642,30.023897226011822,9.59042746703047,8.067166894042748,6.1997498863119604,
2006-12-17,42.15260345611642,30.023897226011822,9.59042746703047,8.067166894042748,6.1997498863119604,
2006-12-18,42.15417805100182,30.01573315118397,9.595332422586521,8.067258652094718,6.20002276867031,
2006-12-19,42.14734744990893,30.008902550091076,9.600796903460838,8.069990892531877,6.204121129326047,
2006-12-20,42.13578096539162,29.997244990892533,9.608037340619308,8.076548269581057,6.209448998178506,
2006-12-21,42.1359667122663,29.991769265845875,9.61297309621523,8.076652986776107,6.209735522115823,
2006-12-22,42.1359667122663,29.991769265845875,9.61297309621523,8.076652986776107,6.209735522115823,
2006-12-23,42.1359667122663,29.991769265845875,9.61297309621523,8.076652986776107,6.209735522115823,
2006-12-24,42.1359667122663,29.991769265845875,9.61297309621523,8.076652986776107,6.209735522115823,
2006-12-25,42.1359667122663,29.991769265845875,9.61297309621523,8.076652986776107,6.209735522115823,
2006-12-26,42.13752283105023,29.983538812785387,9.617922374429224,8.07675799086758,6.210022831050228,
2006-12-27,42.12656392694064,29.9712100456621,9.626141552511415,8.083607305936074,6.214132420091324,
2006-12-28,42.12656392694064,29.9712100456621,9.626141552511415,8.083607305936074,6.214132420091324,
2006-12-29,42.12656392694064,29.9712100456621,9.626141552511415,8.083607305936074,6.214132420091324,
2006-12-30,42.12656392694064,29.9712100456621,9.626141552511415,8.083607305936074,6.214132420091324,
2006-12-31,42.12656392694064,29.9712100456621,9.626141552511415,8.083607305936074,6.214132420091324,
2007-01-01,42.12810928212163,29.964311842706906,9.631115683584818,8.083721993598537,6.214426154549611,
2007-01-02,42.12965888278388,29.95739468864469,9.63610347985348,8.08246336996337,6.214720695970696,
2007-01-03,42.11866987179487,29.94640567765568,9.644345238095237,8.085210622710623,6.2202152014652015,
2007-01-04,42.11027663465935,29.946479195244628,9.64620484682213,8.089208962048469,6.222656607224509,
2007-01-05,42.11027663465935,29.946479195244628,9.64620484682213,8.089208962048469,6.222656607224509,
2007-01-06,42.11027663465935,29.946479195244628,9.64620484682213,8.089208962048469,6.222656607224509,
2007-01-07,42.11027663465935,29.946479195244628,9.64620484682213,8.089208962048469,6.222656607224509,
2007-01-08,42.11317536630037,29.939537545787545,9.65121336996337,8.087957875457876,6.222962454212454,
2007-01-09,42.11608207244383,29.931201283814765,9.656235671710224,8.086703347088491,6.223269142595139,
2007-01-10,42.10645346171481,29.92157267308574,9.664488766620815,8.09220541036222,6.227395690050436,
2007-01-11,42.10645346171481,29.92157267308574,9.664488766620815,8.09220541036222,6.227395690050436,
2007-01-12,42.09737866300366,29.923740842490844,9.66426282051282,8.095512820512822,6.229830586080586,
2007-01-13,42.09737866300366,29.923740842490844,9.66426282051282,8.095512820512822,6.229830586080586,
2007-01-14,42.09888812471343,29.91813388353966,9.669303071985327,8.0956441999083,6.228771205868868,
2007-01-15,42.09888812471343,29.91813388353966,9.669303071985327,8.0956441999083,6.228771205868868,
2007-01-16,42.10246786042241,29.90837924701561,9.674357208448118,8.094398530762168,6.229086317722682,
2007-01-17,42.09132278771206,29.908505272810636,9.676180651077487,8.099770747363594,6.232897753324163,
2007-01-18,42.09132278771206,29.908505272810636,9.676180651077487,8.099770747363594,6.232897753324163,
2007-01-19,42.09132278771206,29.908505272810636,9.676180651077487,8.099770747363594,6.232897753324163,
2007-01-20,42.09132278771206,29.908505272810636,9.676180651077487,8.099770747363594,6.232897753324163,
2007-01-21,42.09420339761249,29.901492194674013,9.681244260789715,8.098530762167126,6.23321854912764,
2007-01-22,42.09420339761249,29.901492194674013,9.681244260789715,8.098530762167126,6.23321854912764,
2007-01-23,42.08552571166208,29.89295224977043,9.685514233241506,8.104591368227732,6.238590449954086,
2007-01-24,42.078638659320475,29.886065197428834,9.691023875114784,8.11010101010101,6.241345270890725,
2007-01-25,42.078638659320475,29.886065197428834,9.691023875114784,8.11010101010101,6.241345270890725,
2007-01-26,42.078638659320475,29.886065197428834,9.691023875114784,8.11010101010101,6.241345270890725,
2007-01-27,42.078638659320475,29.886065197428834,9.691023875114784,8.11010101010101,6.241345270890725,
2007-01-28,42.08012643678161,29.88177011494253,9.696114942528736,8.10887356321839,6.240298850574712,
2007-01-29,42.08012643678161,29.88177011494253,9.696114942528736,8.10887356321839,6.240298850574712,
2007-01-30,42.0697816091954,29.87487356321839,9.700252873563219,8.115080459770114,6.245816091954023,
2007-01-31,42.07264042357274,29.867794659300184,9.70398250460405,8.113858195211787,6.246155616942909,
2007-02-01,42.06288505747126,29.86935632183908,9.70577011494253,8.11783908045977,6.248574712643678,
2007-02-02,42.06288505747126,29.86935632183908,9.70577011494253,8.11783908045977,6.248574712643678,
2007-02-03,42.064353130755066,29.863651012891342,9.710888581952117,8.116620626151013,6.248918047882135,
2007-02-04,42.06859151682803,29.856546795758412,9.713254956201014,8.115398801290917,6.2492623328722905,
2007-02-05,42.0714566020314,29.8480378578024,9.718397968605725,8.114173591874422,6.24960757156048,
2007-02-06,42.06029276164131,29.84824804057169,9.720170585523283,8.119548178884278,6.2534117104656515,
2007-02-07,42.06029276164131,29.84824804057169,9.720170585523283,8.119548178884278,6.2534117104656515,
2007-02-08,42.047778545119705,29.851220073664823,9.721938305709024,8.124907918968692,6.255824125230202,
2007-02-09,42.04081609195402,29.85142528735632,9.72232183908046,8.127494252873563,6.258229885057471,
2007-02-10,42.04081609195402,29.85142528735632,9.72232183908046,8.127494252873563,6.258229885057471,
2007-02-11,42.04363489871086,29.84569521178637,9.727463167587477,8.126289134438306,6.257205340699815,
2007-02-12,42.04363489871086,29.84569521178637,9.727463167587477,8.126289134438306,6.257205340699815,
2007-02-13,42.04784462886123,29.839949285384968,9.731235592438912,8.125080682342093,6.256177962194559,
2007-02-14,42.039545873674506,29.831650530198246,9.736768095896727,8.127846934071,6.26032733978792,
2007-02-15,42.039545873674506,29.831650530198246,9.736768095896727,8.127846934071,6.26032733978792,
2007-02-16,42.039545873674506,29.831650530198246,9.736768095896727,8.127846934071,6.26032733978792,
2007-02-17,42.039545873674506,29.831650530198246,9.736768095896727,8.127846934071,6.26032733978792,
2007-02-18,42.042370729455214,29.827262234533702,9.74055863342567,8.126638965835642,6.259302862419205,
2007-02-19,42.042370729455214,29.827262234533702,9.74055863342567,8.126638965835642,6.259302862419205,
2007-02-20,42.046590383726304,29.820087840961627,9.744359685621822,8.12542764678687,6.258275543226999,
2007-02-21,42.039170134073046,29.810933888118356,9.75053166897827,8.13146093388812,6.263268608414239,
2007-02-22,42.039170134073046,29.810933888118356,9.75053166897827,8.13146093388812,6.263268608414239,
2007-02-23,42.02803554939981,29.811195752539245,9.749492151431209,8.135433979686058,6.268444136657433,
2007-02-24,42.02803554939981,29.811195752539245,9.749492151431209,8.135433979686058,6.268444136657433,
2007-02-25,42.03084835876098,29.8039990753583,9.753305594082294,8.13423485899214,6.270203421174295,
2007-02-26,42.03084835876098,29.8039990753583,9.753305594082294,8.13423485899214,6.270203421174295,
2007-02-27,42.02252658344891,29.795677300046233,9.758853444290338,8.137008784096164,6.275751271382339,
2007-02-28,42.02672453703703,29.787060185185187,9.764074074074074,8.135810185185186,6.276134259259259,
2007-03-01,42.01836569579288,29.78874248728618,9.765788257050392,8.138395746648174,6.2785251964863615,
2007-03-02,42.011415050784855,29.790420129270547,9.76472760849492,8.140974145891043,6.280909510618652,
2007-03-03,42.011415050784855,29.790420129270547,9.76472760849492,8.140974145891043,6.280909510618652,
2007-03-04,42.01559177068886,29.784581599630144,9.768562182154415,8.137008784096164,6.281299121590384,
2007-03-05,42.01559177068886,29.784581599630144,9.768562182154415,8.137008784096164,6.281299121590384,
2007-03-06,42.0086569579288,29.7790337494221,9.772723069810448,8.138395746648174,6.286846971798428,
2007-03-07,42.01144675925926,29.771782407407407,9.779351851851851,8.137199074074074,6.28724537037037,
2007-03-08,42.004496070272765,29.772098936662044,9.781044845122516,8.139782709200185,6.28962089690245,
2007-03-09,42.005891203703705,29.76900462962963,9.786296296296296,8.135810185185186,6.290023148148148,
2007-03-10,42.005891203703705,29.76900462962963,9.786296296296296,8.135810185185186,6.290023148148148,
2007-03-11,42.005891203703705,29.76900462962963,9.786296296296296,8.135810185185186,6.290023148148148,
2007-03-12,42.005891203703705,29.76900462962963,9.786296296296296,8.135810185185186,6.290023148148148,
2007-03-13,41.997557870370365,29.764837962962964,9.791851851851852,8.135810185185186,6.295578703703703,
2007-03-14,42.0003361149745,29.758947612424667,9.797125637459434,8.133217431617988,6.29598980064905,
2007-03-15,42.0003361149745,29.758947612424667,9.797125637459434,8.133217431617988,6.29598980064905,
2007-03-16,41.9933912037037,29.762060185185188,9.796018518518519,8.134421296296297,6.298356481481481,
2007-03-17,41.99477283263792,29.76033843300881,9.799907278627723,8.129044969865555,6.298771441817339,
2007-03-18,41.99477283263792,29.76033843300881,9.799907278627723,8.129044969865555,6.298771441817339,
2007-03-19,41.99894382544104,29.7572191272052,9.805199628597958,8.12504642525534,6.299187558031569,
2007-03-20,41.9919800371402,29.754433611884867,9.810770659238626,8.123653667595173,6.30336583101207,
2007-03-21,41.982394529439034,29.75477515067223,9.811868335651369,8.128210477515067,6.307950857672694,
2007-03-22,41.97408564814815,29.75511574074074,9.81212962962963,8.130810185185185,6.311689814814815,
2007-03-23,41.97408564814815,29.75511574074074,9.81212962962963,8.130810185185185,6.311689814814815,
2007-03-24,41.97408564814815,29.75511574074074,9.81212962962963,8.130810185185185,6.311689814814815,
2007-03-25,41.97544042651831,29.751993509503944,9.816040797403803,8.126819656930923,6.312123319425128,
2007-03-26,41.980977251624886,29.74746982358403,9.81996285979573,8.121425255338904,6.313950789229342,
2007-03-27,41.97401346332405,29.744684308263697,9.825533890436398,8.11863974001857,6.3181290622098425,
2007-03-28,41.97401346332405,29.744684308263697,9.825533890436398,8.11863974001857,6.3181290622098425,
2007-03-29,41.97401346332405,29.744684308263697,9.825533890436398,8.11863974001857,6.3181290622098425,
2007-03-30,41.96709550301345,29.746430227167362,9.82438572090867,8.1198655540102,6.3218590635141405,
2007-03-31,41.96709550301345,29.746430227167362,9.82438572090867,8.1198655540102,6.3218590635141405,
2007-04-01,41.96709550301345,29.746430227167362,9.82438572090867,8.1198655540102,6.3218590635141405,
2007-04-02,41.971227948003715,29.74329155060353,9.826926648096565,8.117246982358402,6.323700092850511,
2007-04-03,41.96704967502321,29.740506035283197,9.831104921077067,8.113068709377902,6.329271123491179,
2007-04-04,41.96704967502321,29.740506035283197,9.831104921077067,8.113068709377902,6.329271123491179,
2007-04-05,41.958750579508575,29.74225776541493,9.832730644413537,8.11708391284191,6.331594807603153,
2007-04-06,41.958750579508575,29.74225776541493,9.832730644413537,8.11708391284191,6.331594807603153,
2007-04-07,41.958750579508575,29.74225776541493,9.832730644413537,8.11708391284191,6.331594807603153,
2007-04-08,41.96426415970288,29.736327762302693,9.838068709377902,8.111675951717734,6.332056638811514,
2007-04-09,41.96839841933984,29.731775918177593,9.843421664342166,8.107647605764761,6.332519758251976,
2007-04-10,41.97254422718808,29.727211359404098,9.847392923649908,8.10360800744879,6.332984171322161,
2007-04-11,41.962819618781964,29.726197117619712,9.849000464900048,8.10625290562529,6.338098558809857,
2007-04-12,41.962819618781964,29.726197117619712,9.849000464900048,8.10625290562529,6.338098558809857,
2007-04-13,41.962819618781964,29.726197117619712,9.849000464900048,8.10625290562529,6.338098558809857,
2007-04-14,41.96556098696462,29.718831471135942,9.85437616387337,8.105004655493483,6.338570763500932,
2007-04-15,41.96556098696462,29.718831471135942,9.85437616387337,8.105004655493483,6.338570763500932,
2007-04-16,41.970407925407926,29.713543123543126,9.857668997668998,8.102354312354313,6.339044289044289,
2007-04-17,41.96185986964618,29.71443202979516,9.856750465549348,8.106052141527002,6.344436685288641,
2007-04-18,41.96185986964618,29.71443202979516,9.856750465549348,8.106052141527002,6.344436685288641,
2007-04-19,41.953544862854486,29.7162250116225,9.858344955834495,8.108693630869363,6.34674569967457,
2007-04-20,41.94664577530176,29.71940575673166,9.858542246982358,8.109935004642526,6.349048282265553,
2007-04-21,41.94664577530176,29.71940575673166,9.858542246982358,8.109935004642526,6.349048282265553,
2007-04-22,41.952150162715014,29.71064621106462,9.863923756392376,8.107298930729893,6.34953509995351,
2007-04-23,41.94796606229661,29.7022780102278,9.86741050674105,8.109390980939098,6.355811250581125,
2007-04-24,41.941074744661094,29.70129990714949,9.866202414113278,8.112024141132776,6.362279480037141,
2007-04-25,41.941074744661094,29.70129990714949,9.866202414113278,8.112024141132776,6.362279480037141,
2007-04-26,41.941074744661094,29.70129990714949,9.866202414113278,8.112024141132776,6.362279480037141,
2007-04-27,41.941074744661094,29.70129990714949,9.866202414113278,8.112024141132776,6.362279480037141,
2007-04-28,41.941074744661094,29.70129990714949,9.866202414113278,8.112024141132776,6.362279480037141,
2007-04-29,41.94657136215714,29.69251510925151,9.87159460715946,8.109390980939098,6.362784751278475,
2007-04-30,41.952083333333334,29.686499068901302,9.875605214152701,8.106750465549348,6.363291433891993,
2007-05-01,41.95621212121212,29.677668997669,9.87962703962704,8.104102564102565,6.363799533799534,
2007-05-02,41.94929003724395,29.676722532588453,9.879795158286779,8.106750465549348,6.368878026070764,
2007-05-03,41.94238726173872,29.67856810785681,9.881357508135752,8.109390980939098,6.371152952115295,
2007-05-04,41.94238726173872,29.67856810785681,9.881357508135752,8.109390980939098,6.371152952115295,
2007-05-05,41.94238726173872,29.67856810785681,9.881357508135752,8.109390980939098,6.371152952115295,
2007-05-06,41.943703445065175,29.671135940409684,9.886778398510241,8.108147113594041,6.373067970204842,
2007-05-07,41.94712121212121,29.662983682983683,9.892214452214452,8.106200466200466,6.3742890442890445,
2007-05-08,41.938815176908754,29.663454376163873,9.893761638733706,8.108845437616388,6.377956238361267,
2007-05-09,41.938815176908754,29.663454376163873,9.893761638733706,8.108845437616388,6.377956238361267,
2007-05-10,41.938815176908754,29.663454376163873,9.893761638733706,8.108845437616388,6.377956238361267,
2007-05-11,41.93053231055323,29.665318456531846,9.895304509530451,8.111483031148303,6.38021850302185,
2007-05-12,41.93462523277467,29.65647113594041,9.90074487895717,8.11024208566108,6.3807495344506515,
2007-05-13,41.93462523277467,29.65647113594041,9.90074487895717,8.11024208566108,6.3807495344506515,
2007-05-14,41.938729603729605,29.64899766899767,9.906200466200467,8.108997668997668,6.381282051282051,
2007-05-15,41.9317365967366,29.63920745920746,9.913193473193473,8.111794871794872,6.386876456876457,
2007-05-16,41.924429702048414,29.639501862197395,9.913035381750467,8.115479515828678,6.3907355679702045,
2007-05-17,41.924429702048414,29.639501862197395,9.913035381750467,8.115479515828678,6.3907355679702045,
2007-05-18,41.91895629939563,29.642794049279406,9.911761971176198,8.115318456531845,6.3943747094374705,
2007-05-19,41.91895629939563,29.642794049279406,9.911761971176198,8.115318456531845,6.3943747094374705,
2007-05-20,41.91198279869828,29.634425848442586,9.917340771734077,8.119502556950255,6.40134821013482,
2007-05-21,41.914653165735565,29.62693202979516,9.922811918063315,8.118272811918063,6.402607076350093,
2007-05-22,41.90500929800093,29.626057647605766,9.924314272431427,8.120897257089727,6.4090190609019055,
2007-05-23,41.90500929800093,29.626057647605766,9.924314272431427,8.120897257089727,6.4090190609019055,
2007-05-24,41.90500929800093,29.626057647605766,9.924314272431427,8.120897257089727,6.4090190609019055,
2007-05-25,41.89678505106778,29.62518570102136,9.924419684308264,8.123514391829156,6.4154131847725155,
2007-05-26,41.89678505106778,29.62518570102136,9.924419684308264,8.123514391829156,6.4154131847725155,
2007-05-27,41.89943049744305,29.614900046490007,9.929893072989307,8.123686657368665,6.4173872617387255,
2007-05-28,41.90068668528864,29.607378957169463,9.935381750465549,8.122462756052142,6.419366852886405,
2007-05-29,41.89230679702048,29.600395716946,9.942364990689013,8.123859404096834,6.426350093109869,
2007-05-30,41.89230679702048,29.600395716946,9.942364990689013,8.123859404096834,6.426350093109869,
2007-05-31,41.89230679702048,29.600395716946,9.942364990689013,8.123859404096834,6.426350093109869,
2007-06-01,41.88827289632729,29.602347745234777,9.939655973965598,8.123686657368665,6.4299395629939555,
2007-06-02,41.88827289632729,29.602347745234777,9.939655973965598,8.123686657368665,6.4299395629939555,
2007-06-03,41.89091014897579,29.593412476722534,9.9451582867784,8.122462756052142,6.430540037243947,
2007-06-04,41.89495337995338,29.58724941724942,9.94927738927739,8.121235431235432,6.43114219114219,
2007-06-05,41.89620681605976,29.5796685340803,9.953408029878618,8.120004668534081,6.433146591970121,
2007-06-06,41.88516317016317,29.578857808857812,9.954871794871796,8.122634032634032,6.4409324009324,
2007-06-07,41.878340316573556,29.5808426443203,9.956331471135941,8.123859404096834,6.444506517690875,
2007-06-08,41.878340316573556,29.5808426443203,9.956331471135941,8.123859404096834,6.444506517690875,
2007-06-09,41.878340316573556,29.5808426443203,9.956331471135941,8.123859404096834,6.444506517690875,
2007-06-10,41.87817016317016,29.573263403263407,9.961864801864802,8.122634032634032,6.446526806526806,
2007-06-11,41.87817016317016,29.573263403263407,9.961864801864802,8.122634032634032,6.446526806526806,
2007-06-12,41.87257575757576,29.564172494172496,9.964662004662005,8.124731934731935,6.4556177156177155,
2007-06-13,41.862977188081935,29.563663873370576,9.965130353817505,8.128049348230913,6.460986964618249,
2007-06-14,41.85758949325895,29.56287773128777,9.96657368665737,8.129265457926547,6.464528126452812,
2007-06-15,41.85758949325895,29.56287773128777,9.96657368665737,8.129265457926547,6.464528126452812,
2007-06-16,41.85758949325895,29.56287773128777,9.96657368665737,8.129265457926547,6.464528126452812,
2007-06-17,41.85739059590316,29.55528398510242,9.97211359404097,8.128049348230913,6.46657355679702,
2007-06-18,41.85858974358975,29.549067599067598,9.976270396270397,8.126829836829836,6.4700233100233095,
2007-06-19,41.85159673659673,29.54067599067599,9.980466200466202,8.128228438228438,6.481212121212121,
2007-06-20,41.85159673659673,29.54067599067599,9.980466200466202,8.128228438228438,6.481212121212121,
2007-06-21,41.85159673659673,29.54067599067599,9.980466200466202,8.128228438228438,6.481212121212121,
2007-06-22,41.84740093240093,29.536480186480183,9.983263403263404,8.128228438228438,6.488205128205128,
2007-06-23,41.84740093240093,29.536480186480183,9.983263403263404,8.128228438228438,6.488205128205128,
2007-06-24,41.84320512820513,29.528088578088575,9.988857808857809,8.126829836829836,6.496596736596737,
2007-06-25,41.839009324009325,29.521095571095568,9.993053613053613,8.126829836829836,6.5049883449883446,
2007-06-26,41.83341491841492,29.51130536130536,9.997249417249417,8.126829836829836,6.517575757575758,
2007-06-27,41.8359827264239,29.50221755368814,10.001447245564894,8.12700746965453,6.519701213818861,
2007-06-28,41.8359827264239,29.50221755368814,10.001447245564894,8.12700746965453,6.519701213818861,
2007-06-29,41.8359827264239,29.50221755368814,10.001447245564894,8.12700746965453,6.519701213818861,
2007-06-30,41.8359827264239,29.50221755368814,10.001447245564894,8.12700746965453,6.519701213818861,
2007-07-01,41.8359827264239,29.50221755368814,10.001447245564894,8.12700746965453,6.519701213818861,
2007-07-02,41.8385577372604,29.49590930341281,10.007059373539038,8.125783076203833,6.520430107526882,
2007-07-03,41.84113998127341,29.486774344569287,10.011282771535582,8.125257490636704,6.523267790262172,
2007-07-04,41.832947639083685,29.481884057971012,10.011266947171576,8.127886863020104,6.533754090696587,
2007-07-05,41.827579365079366,29.479808590102706,10.011251167133521,8.130508870214753,6.5400093370681605,
2007-07-06,41.827579365079366,29.479808590102706,10.011251167133521,8.130508870214753,6.5400093370681605,
2007-07-07,41.827579365079366,29.479808590102706,10.011251167133521,8.130508870214753,6.5400093370681605,
2007-07-08,41.830142589995326,29.46785881252922,10.015474520804114,8.130691912108462,6.542169237961664,
2007-07-09,41.83271301498127,29.457279962546814,10.021114232209738,8.129470973782771,6.545739700374532,
2007-07-10,41.83388420065635,29.443858415377402,10.025363338021567,8.131059540553212,6.549320206282231,
2007-07-11,41.82569054307116,29.440426029962545,10.025327715355806,8.133684456928838,6.558380149812734,
2007-07-12,41.82032491818607,29.43840579710145,10.02669471715755,8.134899485741,6.564609630668537,
2007-07-13,41.82032491818607,29.43840579710145,10.02669471715755,8.134899485741,6.564609630668537,
2007-07-14,41.82032491818607,29.43840579710145,10.02669471715755,8.134899485741,6.564609630668537,
2007-07-15,41.82428604868914,29.4249765917603,10.030945692883895,8.13508895131086,6.568211610486891,
2007-07-16,41.82825832161275,29.4143225503985,10.036615096108768,8.135278949835913,6.570417252695734,
2007-07-17,41.8247421472105,29.40067979371777,10.039709329582747,8.136544772620722,6.582372245663385,
2007-07-18,41.81656132958801,29.39730805243446,10.038249063670412,8.139161985018726,6.592790262172285,
2007-07-19,41.81656132958801,29.39730805243446,10.038249063670412,8.139161985018726,6.592790262172285,
2007-07-20,41.81937031835206,29.383263108614234,10.038951310861423,8.139864232209737,6.601217228464419,
2007-07-21,41.8247421472105,29.371143928738867,10.043225503984997,8.140060947022972,6.604875761837787,
2007-07-22,41.83012910798122,29.35899061032864,10.046103286384977,8.138849765258216,6.607136150234742,
2007-07-23,41.83553126469205,29.34680300893277,10.050399623883404,8.139045604137282,6.610813352139163,
2007-07-24,41.84377354048964,29.333874764595105,10.053295668549906,8.138535781544256,6.6135122410546145,
2007-07-25,41.8369417019276,29.330582980724028,10.05322049835449,8.139750822755053,6.62251998119417,
2007-07-26,41.8369417019276,29.330582980724028,10.05322049835449,8.139750822755053,6.62251998119417,
2007-07-27,41.8369417019276,29.330582980724028,10.05322049835449,8.139750822755053,6.62251998119417,
2007-07-28,41.8369417019276,29.330582980724028,10.05322049835449,8.139750822755053,6.62251998119417,
2007-07-29,41.84236111111111,29.315513182674202,10.057532956685499,8.139948210922787,6.626224105461394,
2007-07-30,41.83835213916314,29.31224729666197,10.057451810061119,8.141161259990596,6.632393041842971,
2007-07-31,41.83835213916314,29.31224729666197,10.057451810061119,8.141161259990596,6.632393041842971,
2007-08-01,41.83153755868545,29.308990610328642,10.055962441314554,8.143779342723004,6.641361502347418,
2007-08-02,41.8261486169714,29.30714955461791,10.057290201594,8.144983591186122,6.647491795593061,
2007-08-03,41.8261486169714,29.30714955461791,10.057290201594,8.144983591186122,6.647491795593061,
2007-08-04,41.8261486169714,29.30714955461791,10.057290201594,8.144983591186122,6.647491795593061,
2007-08-05,41.8261486169714,29.30714955461791,10.057290201594,8.144983591186122,6.647491795593061,
2007-08-06,41.83012910798122,29.294906103286387,10.058779342723005,8.146596244131455,6.651220657276996,
2007-08-07,41.83012910798122,29.294906103286387,10.058779342723005,8.146596244131455,6.651220657276996,
2007-08-08,41.821929207688704,29.29027191748711,10.0586966713549,8.149203000468823,6.660150023441163,
2007-08-09,41.821929207688704,29.29027191748711,10.0586966713549,8.149203000468823,6.660150023441163,
2007-08-10,41.81656132958801,29.28845973782772,10.058614232209738,8.151802434456929,6.664840823970038,
2007-08-11,41.8205227379278,29.27480075011721,10.0586966713549,8.153422409751522,6.6699953117674635,
2007-08-12,41.8205227379278,29.27480075011721,10.0586966713549,8.153422409751522,6.6699953117674635,
2007-08-13,41.823086854460094,29.262511737089206,10.06018779342723,8.155046948356807,6.6737558685446015,
2007-08-14,41.8199882629108,29.247159624413147,10.062018779342724,8.159976525821596,6.683755868544601,
2007-08-15,41.811802625410216,29.243999062353492,10.061931551804971,8.162564463197373,6.692639474917956,
2007-08-16,41.811802625410216,29.243999062353492,10.061931551804971,8.162564463197373,6.692639474917956,
2007-08-17,41.809257958801496,29.243656367041197,10.059035580524345,8.16374063670412,6.6958801498127345,
2007-08-18,41.809257958801496,29.243656367041197,10.059035580524345,8.16374063670412,6.6958801498127345,
2007-08-19,41.811802625410216,29.231340834505392,10.05911861228317,8.166783872480075,6.699671823722458,
2007-08-20,41.814354460093895,29.21899061032864,10.062018779342724,8.168427230046948,6.703474178403757,
2007-08-21,41.81012910798122,29.204906103286387,10.062018779342724,8.174061032863849,6.714741784037559,
2007-08-22,41.81012910798122,29.204906103286387,10.062018779342724,8.174061032863849,6.714741784037559,
2007-08-23,41.81012910798122,29.204906103286387,10.062018779342724,8.174061032863849,6.714741784037559,
2007-08-24,41.81012910798122,29.204906103286387,10.062018779342724,8.174061032863849,6.714741784037559,
2007-08-25,41.81012910798122,29.204906103286387,10.062018779342724,8.174061032863849,6.714741784037559,
2007-08-26,41.81012910798122,29.204906103286387,10.062018779342724,8.174061032863849,6.714741784037559,
2007-08-27,41.812682181476255,29.193206393982134,10.062106252938412,8.177127409496943,6.719275975552422,
2007-08-28,41.80704043253409,29.18121767748002,10.062106252938412,8.182769158439116,6.730559473436766,
2007-08-29,41.80704043253409,29.18121767748002,10.062106252938412,8.182769158439116,6.730559473436766,
2007-08-30,41.801678403755865,29.180962441314556,10.060610328638498,8.183920187793428,6.736572769953052,
2007-08-31,41.801678403755865,29.180962441314556,10.060610328638498,8.183920187793428,6.736572769953052,
2007-09-01,41.801678403755865,29.180962441314556,10.060610328638498,8.183920187793428,6.736572769953052,
2007-09-02,41.802809120827455,29.169934179595675,10.060695815702868,8.185590032910202,6.74184297132111,
2007-09-03,41.80394303201506,29.158874764595105,10.060781544256121,8.188677024482109,6.7471280602636545,
2007-09-04,41.79829331450094,29.147575329566855,10.05936911487759,8.192914312617702,6.758427495291903,
2007-09-05,41.79829331450094,29.147575329566855,10.05936911487759,8.192914312617702,6.758427495291903,
2007-09-06,41.794346497414196,29.1445463093559,10.060695815702868,8.19405265632346,6.762999529854255,
2007-09-07,41.794346497414196,29.1445463093559,10.060695815702868,8.19405265632346,6.762999529854255,
2007-09-08,41.794346497414196,29.1445463093559,10.060695815702868,8.19405265632346,6.762999529854255,
2007-09-09,41.792643596986814,29.136275894538606,10.060781544256121,8.197151600753296,6.76831450094162,
2007-09-10,41.79235030645921,29.127982083922678,10.060867515322961,8.201673738802452,6.772230080150873,
2007-09-11,41.78386374351721,29.116666666666667,10.062281942479963,8.207331447430457,6.783545497406884,
2007-09-12,41.78386374351721,29.116666666666667,10.062281942479963,8.207331447430457,6.783545497406884,
2007-09-13,41.78386374351721,29.116666666666667,10.062281942479963,8.207331447430457,6.783545497406884,
2007-09-14,41.781344161958565,29.11650188323917,10.060781544256121,8.207038606403012,6.788088512241055,
2007-09-15,41.781344161958565,29.11650188323917,10.060781544256121,8.207038606403012,6.788088512241055,
2007-09-16,41.7767916077322,29.11100895803866,10.060867515322961,8.21157472890146,6.792032060348893,
2007-09-17,41.77364258734655,29.10408404154863,10.060953729933901,8.216123701605287,6.795986779981115,
2007-09-18,41.76830504479019,29.102522395096653,10.060867515322961,8.217232437529466,6.801933050447903,
2007-09-19,41.762982580037665,29.099270244821092,10.060216572504707,8.220880414312617,6.808286252354049,
2007-09-20,41.75908556652562,29.096309355900328,10.061542078044193,8.223389750822754,6.812787964268923,
2007-09-21,41.75908556652562,29.096309355900328,10.061542078044193,8.223389750822754,6.812787964268923,
2007-09-22,41.75908556652562,29.096309355900328,10.061542078044193,8.223389750822754,6.812787964268923,
2007-09-23,41.75309557438795,29.092208097928435,10.061629001883238,8.227942561205273,6.8167608286252355,
2007-09-24,41.74708863743517,29.08809523809524,10.063130598774164,8.232508250825083,6.819330504479019,
2007-09-25,41.73619754832626,29.08135313531353,10.063177746346064,8.238731730315887,6.829938708156529,
2007-09-26,41.73619754832626,29.08135313531353,10.063177746346064,8.238731730315887,6.829938708156529,
2007-09-27,41.73619754832626,29.08135313531353,10.063177746346064,8.238731730315887,6.829938708156529,
2007-09-28,41.73619754832626,29.08135313531353,10.063177746346064,8.238731730315887,6.829938708156529,
2007-09-29,41.73619754832626,29.08135313531353,10.063177746346064,8.238731730315887,6.829938708156529,
2007-09-30,41.73619754832626,29.08135313531353,10.063177746346064,8.238731730315887,6.829938708156529,
2007-10-01,41.72063884959924,29.077817067421027,10.063884959924565,8.244389438943895,6.841254125412541,
2007-10-02,41.72063884959924,29.077817067421027,10.063884959924565,8.244389438943895,6.841254125412541,
2007-10-03,41.72063884959924,29.077817067421027,10.063884959924565,8.244389438943895,6.841254125412541,
2007-10-04,41.71820856873823,29.074882297551788,10.06379472693032,8.244044256120526,6.847128060263653,
2007-10-05,41.71719558062999,29.076187118006583,10.060883874000941,8.24228960977903,6.851574988246356,
2007-10-06,41.71719558062999,29.076187118006583,10.060883874000941,8.24228960977903,6.851574988246356,
2007-10-07,41.705496704331445,29.07770715630885,10.060969868173258,8.246869114877589,6.855602636534839,
2007-10-08,41.69376473361621,29.07923149457803,10.061056105610561,8.2514615747289,6.859641678453559,
2007-10-09,41.68483238904627,29.077927289896127,10.059726156751653,8.256067044381492,6.863692162417374,
2007-10-10,41.6796204620462,29.076402640264025,10.059641678453561,8.257119283356907,6.869542668552569,
2007-10-11,41.6796204620462,29.076402640264025,10.059641678453561,8.257119283356907,6.869542668552569,
2007-10-12,41.6796204620462,29.076402640264025,10.059641678453561,8.257119283356907,6.869542668552569,
2007-10-13,41.6796204620462,29.076402640264025,10.059641678453561,8.257119283356907,6.869542668552569,
2007-10-14,41.66783522190746,29.07934372049103,10.058309726156752,8.263149197355995,6.873607176581681,
2007-10-15,41.657434988179666,29.080874704491727,10.05839243498818,8.267777777777777,6.876264775413711,
2007-10-16,41.643747044917255,29.07952718676123,10.055555555555555,8.274160756501182,6.886548463356974,
2007-10-17,41.643747044917255,29.07952718676123,10.055555555555555,8.274160756501182,6.886548463356974,
2007-10-18,41.64283522190746,29.07799811142587,10.05547686496695,8.272355996222851,6.890958451369216,
2007-10-19,41.640511551155114,29.08071664309288,10.052569542668554,8.27055634134842,6.893941537010844,
2007-10-20,41.640511551155114,29.08071664309288,10.052569542668554,8.27055634134842,6.893941537010844,
2007-10-21,41.631503777148254,29.080830972615672,10.051227573182247,8.276605288007554,6.89804060434372,
2007-10-22,41.622470449172575,29.081654846335695,10.050591016548465,8.280543735224585,6.90144208037825,
2007-10-23,41.61254137115839,29.07598108747045,10.050591016548465,8.286217494089835,6.911371158392434,
2007-10-24,41.61254137115839,29.07598108747045,10.050591016548465,8.286217494089835,6.911371158392434,
2007-10-25,41.61254137115839,29.07598108747045,10.050591016548465,8.286217494089835,6.911371158392434,
2007-10-26,41.61254137115839,29.07598108747045,10.050591016548465,8.286217494089835,6.911371158392434,
2007-10-27,41.60346827651515,29.07466856060606,10.050662878787879,8.29230587121212,6.915506628787878,
2007-10-28,41.59493835941205,29.078473210052152,10.050023707918445,8.293717401612138,6.918231389284021,
2007-10-29,41.585814339981006,29.07858499525166,10.048670465337132,8.29840930674264,6.922388414055081,
2007-10-30,41.57513057929725,29.077160493827158,10.04582146248813,8.303395061728395,6.930935422602089,
2007-10-31,41.57513057929725,29.077160493827158,10.04582146248813,8.303395061728395,6.930935422602089,
2007-11-01,41.57288999525842,29.078473210052152,10.042911332385017,8.302963489805595,6.9353010905642485,
2007-11-02,41.57288999525842,29.078473210052152,10.042911332385017,8.302963489805595,6.9353010905642485,
2007-11-03,41.57288999525842,29.078473210052152,10.042911332385017,8.302963489805595,6.9353010905642485,
2007-11-04,41.57288999525842,29.078473210052152,10.042911332385017,8.302963489805595,6.9353010905642485,
2007-11-05,41.57288999525842,29.078473210052152,10.042911332385017,8.302963489805595,6.9353010905642485,
2007-11-06,41.56639441287879,29.079782196969692,10.041429924242424,8.305374053030304,6.939654356060606,
2007-11-07,41.56639441287879,29.079782196969692,10.041429924242424,8.305374053030304,6.939654356060606,
2007-11-08,41.56639441287879,29.079782196969692,10.041429924242424,8.305374053030304,6.939654356060606,
2007-11-09,41.564172576832156,29.08108747044917,10.038534278959812,8.303522458628843,6.943995271867612,
2007-11-10,41.564172576832156,29.08108747044917,10.038534278959812,8.303522458628843,6.943995271867612,
2007-11-11,41.55503077651515,29.079782196969692,10.03716856060606,8.308214962121212,6.9495975378787875,
2007-11-12,41.55503077651515,29.079782196969692,10.03716856060606,8.308214962121212,6.9495975378787875,
2007-11-13,41.54657420578474,29.078473210052152,10.037221431958274,8.312920815552395,6.953082029397819,
2007-11-14,41.540826231060606,29.077367424242425,10.03660037878788,8.316027462121212,6.958191287878788,
2007-11-15,41.54005910165485,29.078676122931444,10.035130023640663,8.315579196217495,6.961087470449172,
2007-11-16,41.54005910165485,29.078676122931444,10.035130023640663,8.315579196217495,6.961087470449172,
2007-11-17,41.53230350378788,29.07594696969697,10.033759469696971,8.320288825757576,6.966714015151515,
2007-11-18,41.52445626477542,29.074420803782505,10.033711583924351,8.322671394799055,6.973853427895981,
2007-11-19,41.51667850378788,29.07310606060606,10.033759469696971,8.325970643939394,6.978077651515151,
2007-11-20,41.50745614035088,29.07321005215742,10.030962541488858,8.330701754385965,6.983736367946894,
2007-11-21,41.499633049242426,29.07168560606061,10.030918560606061,8.333072916666667,6.990861742424243,
2007-11-22,41.499633049242426,29.07168560606061,10.030918560606061,8.333072916666667,6.990861742424243,
2007-11-23,41.497505910165486,29.074420803782505,10.029456264775416,8.329763593380616,6.99371158392435,
2007-11-24,41.497505910165486,29.074420803782505,10.029456264775416,8.329763593380616,6.99371158392435,
2007-11-25,41.48968986742425,29.07168560606061,10.029498106060608,8.33449337121212,6.997964015151515,
2007-11-26,41.48042911332385,29.071787577050735,10.029540066382173,8.337814129919394,7.002228544333807,
2007-11-27,41.46762683736368,29.069653864390705,10.027406353722144,8.342081555239451,7.014319582740636,
2007-11-28,41.46762683736368,29.069653864390705,10.027406353722144,8.342081555239451,7.014319582740636,
2007-11-29,41.46762683736368,29.069653864390705,10.027406353722144,8.342081555239451,7.014319582740636,
2007-11-30,41.46762683736368,29.069653864390705,10.027406353722144,8.342081555239451,7.014319582740636,
2007-12-01,41.46762683736368,29.069653864390705,10.027406353722144,8.342081555239451,7.014319582740636,
2007-12-02,41.45974596391263,29.06690408357075,10.02602089268756,8.346842355175689,7.020037986704653,
2007-12-03,41.45184260580124,29.06414645744175,10.027484545886828,8.350190204469806,7.024346172135045,
2007-12-04,41.43757727056586,29.059153590109368,10.028197812648598,8.355896338563957,7.036471707085116,
2007-12-05,41.43757727056586,29.059153590109368,10.028197812648598,8.355896338563957,7.036471707085116,
2007-12-06,41.43552943969611,29.05764482431149,10.026733143399811,8.356813865147199,7.042117758784426,
2007-12-07,41.43552943969611,29.05764482431149,10.026733143399811,8.356813865147199,7.042117758784426,
2007-12-08,41.43552943969611,29.05764482431149,10.026733143399811,8.356813865147199,7.042117758784426,
2007-12-09,41.429018069424636,29.05458868283405,10.027983832620066,8.35924869234427,7.046172135045174,
2007-12-10,41.421059523809525,29.0532380952381,10.028023809523809,8.362619047619047,7.05052380952381,
2007-12-11,41.40820238095238,29.051809523809528,10.026595238095238,8.364047619047618,7.063380952380952,
2007-12-12,41.40820238095238,29.051809523809528,10.026595238095238,8.364047619047618,7.063380952380952,
2007-12-13,41.40820238095238,29.051809523809528,10.026595238095238,8.364047619047618,7.063380952380952,
2007-12-14,41.40619353304803,29.052448882548745,10.024417498811221,8.364241559676652,7.066856871136472,
2007-12-15,41.39534523809524,29.055380952380958,10.02302380952381,8.366190476190475,7.072666666666667,
2007-12-16,41.39534523809524,29.055380952380958,10.02302380952381,8.366190476190475,7.072666666666667,
2007-12-17,41.38589651883643,29.05546018121126,10.02305674773486,8.369575584167858,7.077062470195518,
2007-12-18,41.370803528850736,29.054744873628998,10.022699093943729,8.374868860276585,7.087505960896519,
2007-12-19,41.370803528850736,29.054744873628998,10.022699093943729,8.374868860276585,7.087505960896519,
2007-12-20,41.370803528850736,29.054744873628998,10.022699093943729,8.374868860276585,7.087505960896519,
2007-12-21,41.365988095238095,29.0532380952381,10.022666666666668,8.377190476190476,7.093095238095239,
2007-12-22,41.35649737720553,29.05617548879352,10.019837863614688,8.379160705770147,7.098950882212685,
2007-12-23,41.35649737720553,29.05617548879352,10.019837863614688,8.379160705770147,7.098950882212685,
2007-12-24,41.345546800382046,29.059121298949385,10.018433619866284,8.38113658070678,7.1033906399235915,
2007-12-25,41.33456480153037,29.062075561932094,10.0155906264945,8.384552845528454,7.109277857484457,
2007-12-26,41.33456480153037,29.062075561932094,10.0155906264945,8.384552845528454,7.109277857484457,
2007-12-27,41.33456480153037,29.062075561932094,10.0155906264945,8.384552845528454,7.109277857484457,
2007-12-28,41.33456480153037,29.062075561932094,10.0155906264945,8.384552845528454,7.109277857484457,
2007-12-29,41.33456480153037,29.062075561932094,10.0155906264945,8.384552845528454,7.109277857484457,
2007-12-30,41.325466954022986,29.06379310344828,10.014750957854407,8.38625478927203,7.114128352490422,
2007-12-31,41.315863309352515,29.065323741007198,10.013333333333334,8.388249400479616,7.118609112709832,
2008-01-01,41.30551152737752,29.065417867435162,10.013352545629203,8.391690682036502,7.123823246878002,
2008-01-02,41.30551152737752,29.065417867435162,10.013352545629203,8.391690682036502,7.123823246878002,
2008-01-03,41.30551152737752,29.065417867435162,10.013352545629203,8.391690682036502,7.123823246878002,
2008-01-04,41.30551152737752,29.065417867435162,10.013352545629203,8.391690682036502,7.123823246878002,
2008-01-05,41.30551152737752,29.065417867435162,10.013352545629203,8.391690682036502,7.123823246878002,
2008-01-06,41.29729437229437,29.065512265512268,10.010485810485811,8.395141895141895,7.12977392977393,
2008-01-07,41.29729437229437,29.065512265512268,10.010485810485811,8.395141895141895,7.12977392977393,
2008-01-08,41.282864357864355,29.065512265512268,10.007599807599808,8.400192400192399,7.13987493987494,
2008-01-09,41.276693083573484,29.062536023054758,10.006147934678195,8.403938520653218,7.145437079731028,
2008-01-10,41.273417266187046,29.06388489208633,10.004700239808155,8.404796163069545,7.14810551558753,
2008-01-11,41.27446120689655,29.065229885057473,10.000383141762454,8.402777777777777,7.150766283524904,
2008-01-12,41.26622302158273,29.06388489208633,9.9989448441247,8.406235011990407,7.15673860911271,
2008-01-13,41.26622302158273,29.06388489208633,9.9989448441247,8.406235011990407,7.15673860911271,
2008-01-14,41.25796109510086,29.065417867435162,9.997502401536984,8.408261287223823,7.161287223823247,
2008-01-15,41.24067002881844,29.065417867435162,9.99317963496638,8.415465898174832,7.174255523535063,
2008-01-16,41.2360071942446,29.06388489208633,9.993189448441248,8.41630695443645,7.179760191846523,
2008-01-17,41.2360071942446,29.06388489208633,9.993189448441248,8.41630695443645,7.179760191846523,
2008-01-18,41.2360071942446,29.06388489208633,9.993189448441248,8.41630695443645,7.179760191846523,
2008-01-19,41.2360071942446,29.06388489208633,9.993189448441248,8.41630695443645,7.179760191846523,
2008-01-20,41.22626080691642,29.06397694524496,9.991738712776177,8.419788664745436,7.185782901056676,
2008-01-21,41.21792929292929,29.06695526695527,9.990283790283792,8.421837421837422,7.1903799903799905,
2008-01-22,41.20229677729677,29.065752765752766,9.98994708994709,8.428379028379029,7.2001443001442995,
2008-01-23,41.19768251681076,29.064217098943324,9.987079731027858,8.430643611911623,7.205619596541786,
2008-01-24,41.194520383693046,29.06556354916067,9.985659472422062,8.431462829736212,7.209640287769784,
2008-01-25,41.194520383693046,29.06556354916067,9.985659472422062,8.431462829736212,7.209640287769784,
2008-01-26,41.194520383693046,29.06556354916067,9.985659472422062,8.431462829736212,7.209640287769784,
2008-01-27,41.186011047070124,29.066906820365034,9.984245917387128,8.432660902977906,7.215129682997117,
2008-01-28,41.186011047070124,29.066906820365034,9.984245917387128,8.432660902977906,7.215129682997117,
2008-01-29,41.169440441882806,29.068347742555236,9.983525456292027,8.438424591738713,7.22521613832853,
2008-01-30,41.16631894484413,29.06537170263789,9.980671462829736,8.439232613908873,7.2320863309352506,
2008-01-31,41.16079490874159,29.06114313160423,9.979202689721422,8.442747358309317,7.238184438040345,
2008-02-01,41.16079490874159,29.06114313160423,9.979202689721422,8.442747358309317,7.238184438040345,
2008-02-02,41.151930455635494,29.055299760191847,9.979232613908874,8.446426858513188,7.247913669064747,
2008-02-03,41.151930455635494,29.055299760191847,9.979232613908874,8.446426858513188,7.247913669064747,
2008-02-04,41.151930455635494,29.055299760191847,9.979232613908874,8.446426858513188,7.247913669064747,
2008-02-05,41.135623501199035,29.053860911270984,9.977314148681055,8.452661870503597,7.261342925659473,
2008-02-06,41.135623501199035,29.053860911270984,9.977314148681055,8.452661870503597,7.261342925659473,
2008-02-07,41.13111829501916,29.055220306513412,9.975909961685824,8.453448275862069,7.266714559386973,
2008-02-08,41.13093017694882,29.05657580105213,9.971640363462459,8.451362984218077,7.270636059301769,
2008-02-09,41.12680795019157,29.050909961685825,9.970162835249042,8.454885057471264,7.276772030651341,
2008-02-10,41.12680795019157,29.050909961685825,9.970162835249042,8.454885057471264,7.276772030651341,
2008-02-11,41.12680795019157,29.050909961685825,9.970162835249042,8.454885057471264,7.276772030651341,
2008-02-12,41.112440134099614,29.047318007662838,9.967289272030651,8.460632183908046,7.290421455938697,
2008-02-13,41.10510521281683,29.04438067910091,9.965901482544238,8.46284074605452,7.298613103778097,
2008-02-14,41.10510521281683,29.04438067910091,9.965901482544238,8.46284074605452,7.298613103778097,
2008-02-15,41.10510521281683,29.04438067910091,9.965901482544238,8.46284074605452,7.298613103778097,
2008-02-16,41.10510521281683,29.04438067910091,9.965901482544238,8.46284074605452,7.298613103778097,
2008-02-17,41.10094588122605,29.038697318007664,9.964415708812261,8.466379310344829,7.304789272030651,
2008-02-18,41.093896882494,29.035875299760193,9.962925659472422,8.469928057553958,7.309544364508393,
2008-02-19,41.079652278177456,29.030263788968828,9.96263788968825,8.477026378896882,7.32167865707434,
2008-02-20,41.07091714559387,29.030220306513414,9.961254789272031,8.477777777777778,7.329837164750958,
2008-02-21,41.07091714559387,29.030220306513414,9.961254789272031,8.477777777777778,7.329837164750958,
2008-02-22,41.06507651841224,29.030176948828316,9.959875657580106,8.479961740793879,7.336537541846007,
2008-02-23,41.06507651841224,29.030176948828316,9.959875657580106,8.479961740793879,7.336537541846007,
2008-02-24,41.06114703065134,29.026197318007664,9.9588122605364,8.481513409961686,7.341906130268199,
2008-02-25,41.055839328537175,29.023717026378897,9.958393285371704,8.483285371702637,7.346714628297361,
2008-02-26,41.04001199040768,29.01940047961631,9.95695443645084,8.490479616306954,7.3596642685851315,
2008-02-27,41.032770593869735,29.01793582375479,9.95557950191571,8.49264846743295,7.3663314176245205,
2008-02-28,41.032770593869735,29.01793582375479,9.95557950191571,8.49264846743295,7.3663314176245205,
2008-02-29,41.03128885700622,29.01934481109517,9.951339072214253,8.491941654710665,7.371544715447154,
2008-03-01,41.02694603629418,29.019317096466093,9.94997612225406,8.49266953199618,7.378175740210123,
2008-03-02,41.014052053486154,29.015019102196753,9.947110792741165,8.49696752626552,7.392502387774593,
2008-03-03,41.005463892874225,29.01360593017695,9.947034911525586,8.49911525585844,7.397369679579148,
2008-03-04,40.992551410808225,29.01073648971784,9.94273075083692,8.503419416547107,7.413151602104255,
2008-03-05,40.98826408787011,29.003557784145176,9.942812798471826,8.505563514804201,7.42258834765998,
2008-03-06,40.98541964711493,29.002122079160706,9.942894611349548,8.504840247973295,7.429136862184072,
2008-03-07,40.98541964711493,29.002122079160706,9.942894611349548,8.504840247973295,7.429136862184072,
2008-03-08,40.97823543457498,29.00212511938873,9.941380133715379,8.508428844317097,7.432617000955109,
2008-03-09,40.97823543457498,29.00212511938873,9.941380133715379,8.508428844317097,7.432617000955109,
2008-03-10,40.971030607364895,29.00212816834051,9.939861310377811,8.510593017694882,7.43610712577714,
2008-03-11,40.95668340506935,28.997824007651843,9.940578670492588,8.51417981826877,7.4490196078431365,
2008-03-12,40.95244746895893,28.989231136580706,9.942096466093602,8.516308500477555,7.458404966571155,
2008-03-13,40.95244746895893,28.989231136580706,9.942096466093602,8.516308500477555,7.458404966571155,
2008-03-14,40.95108488316643,28.989246542680018,9.940748688602767,8.5155698617072,7.462041010968049,
2008-03-15,40.94098615090736,28.9920964660936,9.93779847182426,8.519173829990448,7.467000955109837,
2008-03-16,40.94098615090736,28.9920964660936,9.93779847182426,8.519173829990448,7.467000955109837,
2008-03-17,40.93229316116691,28.994954567192732,9.936274509803923,8.521353419416547,7.470540411286465,
2008-03-18,40.91722859875658,28.98885700621712,9.935485413677666,8.526948828311811,7.483596365375418,
2008-03-19,40.91161652340019,28.983142311365807,9.935577841451767,8.529059216809932,7.492932187201528,
2008-03-20,40.907451120648545,28.980305197901764,9.937100619933238,8.529732951835955,7.499380066762041,
2008-03-21,40.907451120648545,28.980305197901764,9.937100619933238,8.529732951835955,7.499380066762041,
2008-03-22,40.895857211079274,28.984574976122254,9.93414517669532,8.533357211079274,7.504393505253104,
2008-03-23,40.89154710664754,28.983978957436637,9.932185557149689,8.53283118125299,7.509134385461502,
2008-03-24,40.88133381226054,28.988266283524908,9.929214559386974,8.53647030651341,7.512739463601533,
2008-03-25,40.87252997601919,28.98824940047962,9.929832134292566,8.538681055155875,7.51779376498801,
2008-03-26,40.86768438697318,28.980363984674334,9.931369731800766,8.541499042145594,7.527107279693487,
2008-03-27,40.86768438697318,28.980363984674334,9.931369731800766,8.541499042145594,7.527107279693487,
2008-03-28,40.86357006217121,28.978957436633195,9.930033476805356,8.545026303204208,7.533524629363941,
2008-03-29,40.85331657088123,28.983237547892724,9.92705938697318,8.547246168582376,7.53860153256705,
2008-03-30,40.85331657088123,28.983237547892724,9.92705938697318,8.547246168582376,7.53860153256705,
2008-03-31,40.84231414868106,28.987170263788972,9.92515587529976,8.550191846522782,7.54369304556355,
2008-04-01,40.833441402497606,28.988592699327572,9.925048030739674,8.550984630163304,7.548799231508165,
2008-04-02,40.82792565947243,28.982134292565952,9.925875299760191,8.55450839328537,7.557362110311751,
2008-04-03,40.82242576628353,28.97784961685824,9.927418582375479,8.556585249042145,7.563745210727969,
2008-04-04,40.81981109516978,28.976446676231472,9.926087996174079,8.557221425155427,7.568675274988045,
2008-04-05,40.808057950191575,28.982159961685827,9.923108237547893,8.559458812260536,7.573802681992337,
2008-04-06,40.808057950191575,28.982159961685827,9.923108237547893,8.559458812260536,7.573802681992337,
2008-04-07,40.79914868105516,28.985011990407678,9.921558752997603,8.560263788968825,7.578944844124701,
2008-04-08,40.78476019184653,28.980695443645086,9.920119904076738,8.566019184652278,7.59189448441247,
2008-04-09,40.780759099616866,28.973539272030656,9.920234674329503,8.569516283524903,7.599664750957855,
2008-04-10,40.780759099616866,28.973539272030656,9.920234674329503,8.569516283524903,7.599664750957855,
2008-04-11,40.780759099616866,28.973539272030656,9.920234674329503,8.569516283524903,7.599664750957855,
2008-04-12,40.774688249400484,28.97206235011991,9.920119904076738,8.570335731414868,7.60484412470024,
2008-04-13,40.774688249400484,28.97206235011991,9.920119904076738,8.570335731414868,7.60484412470024,
2008-04-14,40.76427713736792,28.974903938520658,9.920004803073967,8.57259846301633,7.610038424591739,
2008-04-15,40.750588376561005,28.96914024975985,9.920725264169068,8.577641690682036,7.623006724303554,
2008-04-16,40.74663069544365,28.961990407673863,9.919400479616307,8.581127098321343,7.632182254196643,
2008-04-17,40.74663069544365,28.961990407673863,9.919400479616307,8.581127098321343,7.632182254196643,
2008-04-18,40.745557950191575,28.9591714559387,9.91807950191571,8.58029214559387,7.637021072796935,
2008-04-19,40.739436450839335,28.957673860911274,9.91652278177458,8.582565947242205,7.6422541966426865,
2008-04-20,40.739436450839335,28.957673860911274,9.91652278177458,8.582565947242205,7.6422541966426865,
2008-04-21,40.73185638808838,28.956171950048034,9.916402497598463,8.584846301633045,7.6475024015369835,
2008-04-22,40.71658261287224,28.95300192122959,9.917267050912585,8.590609990393851,7.658597502401537,
2008-04-23,40.71267386091127,28.948273381294964,9.9173860911271,8.59263788968825,7.665803357314149,
2008-04-24,40.71267386091127,28.948273381294964,9.9173860911271,8.59263788968825,7.665803357314149,
2008-04-25,40.70590277777778,28.945474137931033,9.918941570881227,8.594659961685824,7.672030651340997,
2008-04-26,40.69828537170264,28.943956834532372,9.915947242206236,8.598393285371703,7.678752997601919,
2008-04-27,40.69482468780019,28.942579250720456,9.914817483189243,8.599543707973103,7.684053794428435,
2008-04-28,40.68644781144781,28.94213564213564,9.914333814333816,8.601851851851851,7.69009139009139,
2008-04-29,40.670574795574794,28.934920634920633,9.916498316498318,8.607623857623857,7.703799903799904,
2008-04-30,40.670574795574794,28.934920634920633,9.916498316498318,8.607623857623857,7.703799903799904,
2008-05-01,40.66528578290105,28.932132564841496,9.916618635926994,8.609630163304514,7.709990393852066,
2008-05-02,40.66528578290105,28.932132564841496,9.916618635926994,8.609630163304514,7.709990393852066,
2008-05-03,40.65903078403078,28.929148629148624,9.913612313612315,8.613395863395864,7.716786916786917,
2008-05-04,40.65903078403078,28.929148629148624,9.913612313612315,8.613395863395864,7.716786916786917,
2008-05-05,40.65275770712909,28.929046242774564,9.91204238921002,8.615727360308284,7.722157996146436,
2008-05-06,40.635416666666664,28.924710982658958,9.912764932562622,8.622952793834296,7.735163776493256,
2008-05-07,40.63017075517075,28.916161616161613,9.912890812890813,8.626382876382875,7.744203944203945,
2008-05-08,40.63017075517075,28.916161616161613,9.912890812890813,8.626382876382875,7.744203944203945,
2008-05-09,40.62926272814601,28.913400576368872,9.911575408261289,8.625480307396733,7.748895292987513,
2008-05-10,40.62926272814601,28.913400576368872,9.911575408261289,8.625480307396733,7.748895292987513,
2008-05-11,40.62295574795574,28.908946608946607,9.911447811447813,8.62926887926888,7.7543049543049545,
2008-05-12,40.61518545279383,28.907369942196528,9.911319845857419,8.633068400770712,7.759730250481696,
2008-05-13,40.60594548962855,28.905788712011574,9.91119150988905,8.63543174143753,7.765171249397009,
2008-05-14,40.59856695568401,28.899421965317917,9.912764932562622,8.639571290944122,7.772013487475916,
2008-05-15,40.59856695568401,28.899421965317917,9.912764932562622,8.639571290944122,7.772013487475916,
2008-05-16,40.591931216931215,28.89379509379509,9.915776815776818,8.642977392977393,7.778114478114478,
2008-05-17,40.58700626204239,28.8893063583815,9.915655105973027,8.645351637764932,7.783574181117534,
2008-05-18,40.58700626204239,28.8893063583815,9.915655105973027,8.645351637764932,7.783574181117534,
2008-05-19,40.580619874577906,28.8862518089725,9.91408586589484,8.649179932465026,7.789049686444766,
2008-05-20,40.56556922334781,28.87698986975398,9.916039556198745,8.65735648818138,7.801278340569223,
2008-05-21,40.55608140655106,28.871387283236995,9.916160886319846,8.66218689788054,7.811681117533719,
2008-05-22,40.549506974506976,28.865800865800868,9.917724867724868,8.667003367003367,7.819167869167869,
2008-05-23,40.549506974506976,28.865800865800868,9.917724867724868,8.667003367003367,7.819167869167869,
2008-05-24,40.54307562620424,28.86127167630058,9.916160886319846,8.670857418111753,7.826131984585742,
2008-05-25,40.54307562620424,28.86127167630058,9.916160886319846,8.670857418111753,7.826131984585742,
2008-05-26,40.538072841292816,28.85672937771346,9.916039556198745,8.673275446213218,7.8316690786300045,
2008-05-27,40.52070670525808,28.84876989869754,9.91748673420164,8.68051133622769,7.8461408586589485,
2008-05-28,40.51272880539499,28.840317919075144,9.91905105973025,8.685308285163776,7.855033718689788,
2008-05-29,40.51272880539499,28.840317919075144,9.91905105973025,8.685308285163776,7.855033718689788,
2008-05-30,40.511988936988935,28.834776334776336,9.91916786916787,8.685762385762386,7.85957190957191,
2008-05-31,40.50694845857418,28.830202312138727,9.91905105973025,8.688198458574181,7.865149325626204,
2008-06-01,40.50124216111915,28.828798842257598,9.918210323203088,8.689339122045347,7.871177038109021,
2008-06-02,40.49472222222222,28.824202898550727,9.918091787439614,8.693236714975846,7.876787439613527,
2008-06-03,40.480229468599035,28.815507246376814,9.918091787439614,8.70048309178744,7.891280193236716,
2008-06-04,40.47374577906416,28.8027496382055,9.921104679208876,8.706705258080078,7.901567776169802,
2008-06-05,40.46439065510597,28.795809248554914,9.924108863198459,8.712909441233142,7.9103805394990365,
2008-06-06,40.46439065510597,28.795809248554914,9.924108863198459,8.712909441233142,7.9103805394990365,
2008-06-07,40.45782682103232,28.79261939218524,9.92255185721177,8.715388326097445,7.91748673420164,
2008-06-08,40.45782682103232,28.79261939218524,9.92255185721177,8.715388326097445,7.91748673420164,
2008-06-09,40.45124396135266,28.789420289855073,9.920990338164252,8.717874396135267,7.92316425120773,
2008-06-10,40.44319061441703,28.786211901306242,9.922327044025158,8.721819061441703,7.928858248669569,
2008-06-11,40.433852657004834,28.776376811594204,9.92388888888889,8.728743961352658,7.939106280193237,
2008-06-12,40.433852657004834,28.776376811594204,9.92388888888889,8.728743961352658,7.939106280193237,
2008-06-13,40.42960684997588,28.770911722141825,9.924722624216113,8.732030873130729,7.944983116256633,
2008-06-14,40.42153381642512,28.76768115942029,9.924613526570049,8.735990338164251,7.950700483091788,
2008-06-15,40.42153381642512,28.76768115942029,9.924613526570049,8.735990338164251,7.950700483091788,
2008-06-16,40.41634010643445,28.7644412191582,9.924504112239962,8.738509917755202,7.954983067247219,
2008-06-17,40.408224321705426,28.76264534883721,9.924394379844962,8.741036821705427,7.960731589147287,
2008-06-18,40.40037493952588,28.754281567489116,9.925229801644896,8.746492501209483,7.970222544750847,
2008-06-19,40.40037493952588,28.754281567489116,9.925229801644896,8.746492501209483,7.970222544750847,
2008-06-20,40.40037493952588,28.754281567489116,9.925229801644896,8.746492501209483,7.970222544750847,
2008-06-21,40.3936894379845,28.75247093023256,9.923667635658916,8.749031007751938,7.975993217054264,
2008-06-22,40.3936894379845,28.75247093023256,9.923667635658916,8.749031007751938,7.975993217054264,
2008-06-23,40.386984473556524,28.74774381368268,9.923556525958274,8.753032508491025,7.9803250849102385,
2008-06-24,40.371700630761765,28.74090247452693,9.924065987384765,8.759509946627851,7.995463367297428,
2008-06-25,40.365346414728684,28.73110465116279,9.922722868217056,8.765673449612404,8.005644379844961,
2008-06-26,40.365346414728684,28.73110465116279,9.922722868217056,8.765673449612404,8.005644379844961,
2008-06-27,40.360462022254474,28.722786647314948,9.925737784228351,8.768916303821964,8.011441702951137,
2008-06-28,40.35662548449613,28.72093023255814,9.924176356589149,8.770033914728684,8.017272286821706,
2008-06-29,40.351758854924796,28.717612809315867,9.924211547792334,8.77173702086366,8.022683163512857,
2008-06-30,40.34644071914481,28.714285714285715,9.924101068999029,8.774319727891157,8.02854713313897,
2008-07-01,40.33891727493918,28.71167883211679,9.923990267639903,8.777639902676398,8.034428223844282,
2008-07-02,40.331134596695826,28.704810495626823,9.924101068999029,8.78379494655005,8.042395529640427,
2008-07-03,40.324830179524504,28.699417758369723,9.925667151868025,8.78847646773411,8.04961183891315,
2008-07-04,40.324830179524504,28.699417758369723,9.925667151868025,8.78847646773411,8.04961183891315,
2008-07-05,40.31947278911565,28.69752186588921,9.924101068999029,8.791083576287658,8.055515063168125,
2008-07-06,40.311180048661804,28.697080291970803,9.922530413625305,8.792238442822384,8.062895377128953,
2008-07-07,40.30432504873295,28.69517543859649,9.920955165692009,8.794858674463939,8.068835282651072,
2008-07-08,40.28970516569201,28.68786549707602,9.920955165692009,8.802168615984405,8.083455165692007,
2008-07-09,40.28344282238443,28.678102189781022,9.921070559610706,8.808296836982969,8.090632603406325,
2008-07-10,40.28344282238443,28.678102189781022,9.921070559610706,8.808296836982969,8.090632603406325,
2008-07-11,40.28011418853256,28.67274052478134,9.921914480077746,8.810762876579203,8.096331389698737,
2008-07-12,40.27468369829684,28.67080291970803,9.920340632603406,8.813406326034062,8.102311435523115,
2008-07-13,40.27468369829684,28.67080291970803,9.920340632603406,8.813406326034062,8.102311435523115,
2008-07-14,40.2692373294347,28.667397660818715,9.918762183235868,8.817519493177388,8.106846978557504,
2008-07-15,40.25169346978558,28.664473684210527,9.918762183235868,8.82629142300195,8.120004873294347,
2008-07-16,40.24548661800487,28.656204379562045,9.918880778588807,8.832384428223845,8.127128953771289,
2008-07-17,40.24548661800487,28.656204379562045,9.918880778588807,8.832384428223845,8.127128953771289,
2008-07-18,40.24548661800487,28.656204379562045,9.918880778588807,8.832384428223845,8.127128953771289,
2008-07-19,40.238535575048736,28.654239766081872,9.915838206627681,8.835063352826511,8.134624756335283,
2008-07-20,40.238535575048736,28.654239766081872,9.915838206627681,8.835063352826511,8.134624756335283,
2008-07-21,40.230100048804296,28.65373352855051,9.915714982918496,8.837750122010737,8.139214250854074,
2008-07-22,40.216630063445585,28.64904831625183,9.9165934602245,8.844924353343094,8.150927281600781,
2008-07-23,40.21192738791424,28.641520467836255,9.917446393762182,8.84880604288499,8.158747563352826,
2008-07-24,40.20431873479319,28.639124087591238,9.920486618004865,8.851946472019465,8.162895377128953,
2008-07-25,40.20431873479319,28.639124087591238,9.920486618004865,8.851946472019465,8.162895377128953,
2008-07-26,40.19584551656921,28.637134502923974,9.918908382066276,8.854653996101364,8.170443469785575,
2008-07-27,40.18903123474866,28.636017569546116,9.918277208394338,8.855978526110297,8.176842362127866,
2008-07-28,40.18051075268817,28.634017595307913,9.918157380254154,8.860166177908113,8.181500488758553,
2008-07-29,40.17196524718551,28.63348017621145,9.91803720019579,8.862897699461575,8.187640724424865,
2008-07-30,40.16658113391984,28.62595307917888,9.918157380254154,8.867497556207233,8.195430107526882,
2008-07-31,40.16658113391984,28.62595307917888,9.918157380254154,8.867497556207233,8.195430107526882,
2008-08-01,40.16658113391984,28.62595307917888,9.918157380254154,8.867497556207233,8.195430107526882,
2008-08-02,40.15654674498287,28.62687224669603,9.916568771414587,8.870239843367596,8.203059226627508,
2008-08-03,40.15654674498287,28.62687224669603,9.916568771414587,8.870239843367596,8.203059226627508,
2008-08-04,40.14795343137255,28.62632352941176,9.91497549019608,8.874460784313726,8.207769607843137,
2008-08-05,40.136389297987236,28.62724594992636,9.913377515954835,8.878694158075602,8.213966617574865,
2008-08-06,40.13104166666667,28.61970588235294,9.913504901960785,8.882549019607843,8.222475490196079,
2008-08-07,40.12497552618698,28.612922173274594,9.915100342633382,8.887126774351444,8.230959373470386,
2008-08-08,40.12497552618698,28.612922173274594,9.915100342633382,8.887126774351444,8.230959373470386,
2008-08-09,40.11045343137255,28.61676470588235,9.91203431372549,8.891372549019607,8.238651960784313,
2008-08-10,40.11045343137255,28.61676470588235,9.91203431372549,8.891372549019607,8.238651960784313,
2008-08-11,40.09736131566029,28.619145802650955,9.908959253804614,8.897103583701522,8.244894452626411,
2008-08-12,40.08275565388397,28.621533923303833,9.907350049164208,8.902851524090462,8.252630285152408,
2008-08-13,40.07747913598429,28.611782032400587,9.908959253804614,8.906676485027,8.261094747177221,
2008-08-14,40.07747913598429,28.611782032400587,9.908959253804614,8.906676485027,8.261094747177221,
2008-08-15,40.07736519607843,28.60647058823529,9.909093137254903,8.906813725490196,8.265122549019607,
2008-08-16,40.062751595483554,28.610309278350513,9.90748649975454,8.911094747177222,8.271404025527737,
2008-08-17,40.062751595483554,28.610309278350513,9.90748649975454,8.911094747177222,8.271404025527737,
2008-08-18,40.04809488692232,28.612684365781707,9.90587512291052,8.916863323500491,8.277704031465092,
2008-08-19,40.0298058013766,28.610471976401175,9.904400196656834,8.925417895771877,8.292453294001966,
2008-08-20,40.024607265586646,28.600736377025033,9.90527736867943,8.930682376043201,8.30085910652921,
2008-08-21,40.024607265586646,28.600736377025033,9.90527736867943,8.930682376043201,8.30085910652921,
2008-08-22,40.020159313725486,28.595441176470587,9.905416666666667,8.935196078431373,8.307769607843136,
2008-08-23,40.003988708885615,28.600736377025033,9.903804614629356,8.939518900343643,8.314113892979872,
2008-08-24,39.993965093411994,28.603244837758112,9.901892822025564,8.941199606686332,8.320034414945919,
2008-08-25,39.977740904621434,28.597345132743364,9.901892822025564,8.950049164208457,8.333308751229104,
2008-08-26,39.96293697685869,28.601181683899558,9.900270802560314,8.95588380108321,8.34118660758247,
2008-08-27,39.95782940019666,28.591445427728612,9.901155358898722,8.960373647984268,8.349532940019664,
2008-08-28,39.95782940019666,28.591445427728612,9.901155358898722,8.960373647984268,8.349532940019664,
2008-08-29,39.95782940019666,28.591445427728612,9.901155358898722,8.960373647984268,8.349532940019664,
2008-08-30,39.94151895617922,28.59675036927622,9.899532250123091,8.964746430329887,8.355957656326932,
2008-08-31,39.92663954635108,28.60207100591716,9.896425049309663,8.96913214990138,8.363880670611438,
2008-09-01,39.91245679012346,28.605925925925927,9.894049382716048,8.97279012345679,8.371827160493826,
2008-09-02,39.8931975308642,28.602962962962962,9.894790123456788,8.980197530864197,8.387382716049382,
2008-09-03,39.88891765285996,28.59171597633136,9.894945759368836,8.986143984220908,8.39568540433925,
2008-09-04,39.8831733136386,28.587887740029544,9.895100935499753,8.989118660758248,8.402486459871984,
2008-09-05,39.8831733136386,28.587887740029544,9.895100935499753,8.989118660758248,8.402486459871984,
2008-09-06,39.866728303747536,28.59467455621302,9.893466469428008,8.992061143984222,8.408999013806705,
2008-09-07,39.866728303747536,28.59467455621302,9.893466469428008,8.992061143984222,8.408999013806705,
2008-09-08,39.851716049382716,28.6,9.891827160493825,8.995012345679012,8.41553086419753,
2008-09-09,39.830481481481485,28.601481481481482,9.889358024691358,9.002913580246913,8.42985185185185,
2008-09-10,39.8248150887574,28.597633136094675,9.889521696252466,9.007347140039448,8.435133136094674,
2008-09-11,39.81916543574594,28.593796159527326,9.889684884293452,9.010290497291974,8.441875923190546,
2008-09-12,39.819432153392334,28.589970501474927,9.888372664700098,9.010275319567354,8.445648967551621,
2008-09-13,39.819432153392334,28.589970501474927,9.888372664700098,9.010275319567354,8.445648967551621,
2008-09-14,39.802917282127034,28.598227474150665,9.886730674544559,9.014721811915312,8.450738552437222,
2008-09-15,39.789312130177514,28.60355029585799,9.88508382642998,9.017702169625245,8.4573224852071,
2008-09-16,39.772703703703705,28.61037037037037,9.884913580246913,9.02069135802469,8.463925925925926,
2008-09-17,39.76771449704142,28.60631163708087,9.884245562130177,9.023767258382643,8.470389546351084,
2008-09-18,39.76771449704142,28.60631163708087,9.884245562130177,9.023767258382643,8.470389546351084,
2008-09-19,39.76362629246676,28.602461841457412,9.884416543574593,9.028163466272773,8.475603151157065,
2008-09-20,39.749963017751476,28.6077909270217,9.882766272189349,9.032642998027614,8.480744575936882,
2008-09-21,39.73937037037037,28.611506172839505,9.880962962962963,9.035061728395062,8.486197530864198,
2008-09-22,39.72414688427299,28.618348170128584,9.879302670623145,9.039564787339268,8.491369930761623,
2008-09-23,39.7048590504451,28.61612265084075,9.877818991097923,9.047725024727992,8.504723046488625,
2008-09-24,39.69937037037037,28.610765432098766,9.87651851851852,9.050617283950618,8.512864197530865,
2008-09-25,39.69937037037037,28.610765432098766,9.87651851851852,9.050617283950618,8.512864197530865,
2008-09-26,39.69937037037037,28.610765432098766,9.87651851851852,9.050617283950618,8.512864197530865,
2008-09-27,39.68705489614243,28.61612265084075,9.874851632047479,9.053659742828883,8.518076162215628,
2008-09-28,39.68705489614243,28.61612265084075,9.874851632047479,9.053659742828883,8.518076162215628,
2008-09-29,39.671731054977705,28.62298167409609,9.874665676077267,9.056711243189698,8.523303615651313,
2008-09-30,39.65784970238095,28.62688492063492,9.872991071428572,9.059771825396826,8.53077876984127,
2008-10-01,39.651671619613666,28.622238732045567,9.871693907875187,9.063397721644378,8.538162456661714,
2008-10-02,39.64477002967359,28.616864490603362,9.873367952522257,9.06923837784372,8.541815034619189,
2008-10-03,39.64477002967359,28.616864490603362,9.873367952522257,9.06923837784372,8.541815034619189,
2008-10-04,39.633841010401184,28.620752847944527,9.871693907875187,9.072313026250619,8.547077761267955,
2008-10-05,39.633841010401184,28.620752847944527,9.871693907875187,9.072313026250619,8.547077761267955,
2008-10-06,39.621391369047615,28.624652777777776,9.871502976190477,9.075396825396826,8.552356150793651,
2008-10-07,39.608159463487326,28.625583705911573,9.870566318926976,9.079980129160457,8.559885742672629,
2008-10-08,39.59832589285714,28.622420634920633,9.87075892857143,9.085813492063492,8.566493055555556,
2008-10-09,39.59832589285714,28.622420634920633,9.87075892857143,9.085813492063492,8.566493055555556,
2008-10-10,39.59595096582466,28.617038137691928,9.867979197622587,9.08865775136206,8.571594848935117,
2008-10-11,39.583444940476184,28.62093253968254,9.866294642857143,9.091765873015873,8.578397817460317,
2008-10-12,39.583444940476184,28.62093253968254,9.866294642857143,9.091765873015873,8.578397817460317,
2008-10-13,39.569411326378535,28.624838549428713,9.866095380029806,9.094883258817685,8.583730750124193,
2008-10-14,39.55235074626865,28.628756218905473,9.86589552238806,9.099502487562189,8.592064676616916,
2008-10-15,39.54457277694983,28.62285146547441,9.866095380029806,9.10481867858917,8.59863387978142,
2008-10-16,39.54457277694983,28.62285146547441,9.866095380029806,9.10481867858917,8.59863387978142,
2008-10-17,39.54457277694983,28.62285146547441,9.866095380029806,9.10481867858917,8.59863387978142,
2008-10-18,39.53195273631841,28.626766169154227,9.864402985074628,9.109452736318408,8.604004975124377,
2008-10-19,39.53195273631841,28.626766169154227,9.864402985074628,9.109452736318408,8.604004975124377,
2008-10-20,39.51630543099153,28.632187344294962,9.864200298953662,9.112605879422023,8.610886895864475,
2008-10-21,39.49612605879422,28.63114100647733,9.864648729446936,9.121873442949676,8.623741903338317,
2008-10-22,39.49041044776119,28.625721393034826,9.864353233830846,9.126666666666667,8.630273631840797,
2008-10-23,39.49041044776119,28.625721393034826,9.864353233830846,9.126666666666667,8.630273631840797,
2008-10-24,39.48818926974664,28.620317933432688,9.863065076999503,9.129458519622455,8.63380526577248,
2008-10-25,39.47697761194029,28.62273631840796,9.86136815920398,9.132636815920398,8.639228855721393,
2008-10-26,39.46513452914798,28.62740408570005,9.859068261086197,9.13462879920279,8.644967613353264,
2008-10-27,39.45160928143712,28.63058882235529,9.85810878243513,9.137824351297406,8.651172654690619,
2008-10-28,39.42765718562874,28.63058882235529,9.85810878243513,9.14680638722555,8.664645708582835,
2008-10-29,39.42253363228699,28.62366716492277,9.855331340308918,9.152566018933731,8.67112605879422,
2008-10-30,39.42253363228699,28.62366716492277,9.855331340308918,9.152566018933731,8.67112605879422,
2008-10-31,39.40819610778443,28.624600798403193,9.855114770459082,9.157285429141716,8.67811876247505,
2008-11-01,39.40819610778443,28.624600798403193,9.855114770459082,9.157285429141716,8.67811876247505,
2008-11-02,39.40819610778443,28.624600798403193,9.855114770459082,9.157285429141716,8.67811876247505,
2008-11-03,39.40819610778443,28.624600798403193,9.855114770459082,9.157285429141716,8.67811876247505,
2008-11-04,39.40819610778443,28.624600798403193,9.855114770459082,9.157285429141716,8.67811876247505,
2008-11-05,39.40310164424514,28.620677628300946,9.850847035376182,9.161534628799203,8.684578973592426,
2008-11-06,39.39727611940298,28.615273631840797,9.851815920398009,9.16502487562189,8.691019900497512,
2008-11-07,39.39817436661699,28.609885742672628,9.850546448087432,9.16775956284153,8.692970690511675,
2008-11-08,39.39817436661699,28.609885742672628,9.850546448087432,9.16775956284153,8.692970690511675,
2008-11-09,39.38384328358209,28.61228855721393,9.848830845771143,9.172487562189055,8.69997512437811,
2008-11-10,39.37096412556054,28.61320378674639,9.848604882909815,9.177229696063776,8.707000498256104,
2008-11-11,39.37096412556054,28.61320378674639,9.848604882909815,9.177229696063776,8.707000498256104,
2008-11-12,39.36593283582089,28.607064676616915,9.847338308457712,9.182189054726368,8.713407960199005,
2008-11-13,39.36593283582089,28.607064676616915,9.847338308457712,9.182189054726368,8.713407960199005,
2008-11-14,39.362406855439644,28.601689021361153,9.849056135121709,9.184898161947341,8.719796323894684,
2008-11-15,39.349514925373136,28.602587064676616,9.848830845771143,9.189651741293533,8.726840796019902,
2008-11-16,39.349514925373136,28.602587064676616,9.848830845771143,9.189651741293533,8.726840796019902,
2008-11-17,39.33807922272048,28.604982561036373,9.848604882909815,9.192924763328351,8.732411559541605,
2008-11-18,39.3251122754491,28.60888223552894,9.848378243512974,9.19620758483034,8.737999001996009,
2008-11-19,39.31969357249626,28.603288490284005,9.849003487792725,9.200498256103637,8.743522670652716,
2008-11-20,39.31175373134328,28.59791044776119,9.849228855721393,9.206169154228856,8.749875621890547,
2008-11-21,39.31128912071535,28.592548435171384,9.849453551912568,9.208842523596621,8.751738698460011,
2008-11-22,39.29832089552239,28.594925373134327,9.847736318407959,9.213631840796019,8.757338308457712,
2008-11-23,39.29832089552239,28.594925373134327,9.847736318407959,9.213631840796019,8.757338308457712,
2008-11-24,39.28531390134529,28.597309417040357,9.847508719481812,9.216940707523667,8.76295465869457,
2008-11-25,39.27226796407186,28.599700598802393,9.846531936127743,9.221756487025948,8.769336327345309,
2008-11-26,39.26737668161435,28.592077727952166,9.848256103637269,9.225909317389139,8.77566018933732,
2008-11-27,39.26737668161435,28.592077727952166,9.848256103637269,9.225909317389139,8.77566018933732,
2008-11-28,39.26737668161435,28.592077727952166,9.848256103637269,9.225909317389139,8.77566018933732,
2008-11-29,39.252806886227546,28.595958083832333,9.848028942115768,9.229241516966068,8.782809381237525,
2008-11-30,39.252806886227546,28.595958083832333,9.848028942115768,9.229241516966068,8.782809381237525,
2008-12-01,39.23969265367317,28.600599700149925,9.846301849075461,9.231834082958521,8.789230384807597,
2008-12-02,39.22804054054054,28.606006006006005,9.843068068068067,9.233683683683683,8.79491991991992,
2008-12-03,39.22320089955023,28.59910044977511,9.844052973513243,9.238580709645177,8.800474762618691,
2008-12-04,39.21987275449102,28.59071856287425,9.847280439121755,9.242714570858283,8.805264471057885,
2008-12-05,39.21987275449102,28.59071856287425,9.847280439121755,9.242714570858283,8.805264471057885,
2008-12-06,39.20371064467766,28.597601199400298,9.84855072463768,9.244577711144428,8.810969515242379,
2008-12-07,39.19215465465465,28.602552552552552,9.847422422422422,9.246596596596596,8.816391391391392,
2008-12-08,39.17740601503759,28.60796992481203,9.845689223057644,9.249974937343358,8.822130325814538,
2008-12-09,39.15785714285714,28.60796992481203,9.845689223057644,9.255989974937343,8.834160401002507,
2008-12-10,39.15611861861861,28.599549549549547,9.847422422422422,9.26011011011011,8.837412412412412,
2008-12-11,39.15611861861861,28.599549549549547,9.847422422422422,9.26011011011011,8.837412412412412,
2008-12-12,39.15363568215892,28.59340329835082,9.8484007996002,9.264217891054473,8.84065467266367,
2008-12-13,39.13885135135135,28.6003003003003,9.848173173173173,9.266116116116116,8.846421421421422,
2008-12-14,39.13885135135135,28.6003003003003,9.848173173173173,9.266116116116116,8.846421421421422,
2008-12-15,39.12552631578947,28.60421052631579,9.846441102756891,9.26952380952381,8.852205513784462,
2008-12-16,39.10748120300752,28.60421052631579,9.844937343358396,9.277042606516291,8.86122807017544,
2008-12-17,39.10426676676676,28.59824824824825,9.84602102102102,9.281281281281283,8.866191191191193,
2008-12-18,39.10426676676676,28.59824824824825,9.84602102102102,9.281281281281283,8.866191191191193,
2008-12-19,39.101111944027984,28.591354322838583,9.847751124437782,9.285357321339331,8.869390304847578,
2008-12-20,39.08925175175175,28.59524524524525,9.84602102102102,9.287287287287288,8.876701701701704,
2008-12-21,39.07434837092732,28.60215538847118,9.844285714285714,9.290726817042607,8.882531328320804,
2008-12-22,39.071233733733735,28.59524524524525,9.844519519519519,9.294794794794795,8.887212212212214,
2008-12-23,39.051714214214215,28.594494494494494,9.84527027027027,9.303053053053054,8.898473473473475,
2008-12-24,39.051714214214215,28.594494494494494,9.84527027027027,9.303053053053054,8.898473473473475,
2008-12-25,39.051714214214215,28.594494494494494,9.84527027027027,9.303053053053054,8.898473473473475,
2008-12-26,39.051714214214215,28.594494494494494,9.84527027027027,9.303053053053054,8.898473473473475,
2008-12-27,39.0397619047619,28.59839598997494,9.843533834586466,9.306516290726817,8.904335839598998,
2008-12-28,39.0265687751004,28.605020080321285,9.842695783132529,9.307881526104417,8.909914658634538,
2008-12-29,39.01378833584716,28.61121166415284,9.840196078431372,9.310231271995978,8.916189039718452,
2008-12-30,39.00172457200403,28.616666666666667,9.838444108761328,9.310699899295065,8.922104733131924,
2008-12-31,39.00172457200403,28.616666666666667,9.838444108761328,9.310699899295065,8.922104733131924,
2009-01-01,39.00172457200403,28.616666666666667,9.838444108761328,9.310699899295065,8.922104733131924,
2009-01-02,39.00172457200403,28.616666666666667,9.838444108761328,9.310699899295065,8.922104733131924,
2009-01-03,38.98962430660615,28.620625315179023,9.836686838124054,9.314195663136662,8.928038325769037,
2009-01-04,38.98962430660615,28.620625315179023,9.836686838124054,9.314195663136662,8.928038325769037,
2009-01-05,38.975972222222225,28.62762626262626,9.834924242424242,9.31770202020202,8.9339898989899,
2009-01-06,38.963796155791606,28.63313100657562,9.833156297420333,9.318184117349519,8.939959534648457,
2009-01-07,38.960063131313134,28.62611111111111,9.834166666666665,9.323005050505051,8.943080808080808,
2009-01-08,38.95709783156833,28.62213817448311,9.834417549167926,9.328567826525466,8.944679778113969,
2009-01-09,38.95867321248741,28.618177240684794,9.831646525679757,9.331092648539778,8.946273917421953,
2009-01-10,38.946507816439734,28.62213817448311,9.828366111951587,9.333106404437721,8.953756933938477,
2009-01-11,38.946507816439734,28.62213817448311,9.828366111951587,9.333106404437721,8.953756933938477,
2009-01-12,38.932790404040404,28.629141414141415,9.826590909090909,9.335126262626263,8.959747474747475,
2009-01-13,38.91675518462316,28.63313100657562,9.825569044006068,9.340945877592311,8.966514921598382,
2009-01-14,38.912335858585855,28.62838383838384,9.825075757575757,9.345732323232323,8.970353535353535,
2009-01-15,38.912335858585855,28.62838383838384,9.825075757575757,9.345732323232323,8.970353535353535,
2009-01-16,38.912335858585855,28.62838383838384,9.825075757575757,9.345732323232323,8.970353535353535,
2009-01-17,38.89702832574608,28.633889731917048,9.821775417298937,9.350809307030856,8.977895801719777,
2009-01-18,38.89702832574608,28.633889731917048,9.821775417298937,9.350809307030856,8.977895801719777,
2009-01-19,38.89702832574608,28.633889731917048,9.821775417298937,9.350809307030856,8.977895801719777,
2009-01-20,38.88091438703141,28.640932117527864,9.819984802431609,9.355141843971632,8.983941236068896,
2009-01-21,38.87578401618614,28.63464845725847,9.820257966616085,9.361431461810824,8.987759231158321,
2009-01-22,38.87578401618614,28.63464845725847,9.820257966616085,9.361431461810824,8.987759231158321,
2009-01-23,38.871426767676766,28.62989898989899,9.822045454545453,9.366944444444444,8.990050505050505,
2009-01-24,38.85605715730905,28.6354071825999,9.81874051593323,9.372053616590794,8.996105209914012,
2009-01-25,38.84337639311043,28.64275582573455,9.815577507598784,9.373986828774063,9.002482269503547,
2009-01-26,38.82829781836631,28.648680872653475,9.813774733637747,9.37836123795028,9.008574327752411,
2009-01-27,38.8085870116692,28.64479959411466,9.813470319634703,9.390613901572808,9.020370370370372,
2009-01-28,38.80279888551165,28.634701114488344,9.813753799392098,9.40065856129686,9.024898682877408,
2009-01-29,38.80279888551165,28.634701114488344,9.813753799392098,9.40065856129686,9.024898682877408,
2009-01-30,38.800063227111785,28.630703085483052,9.812518968133535,9.407637835103694,9.024860900354073,
2009-01-31,38.786081560283684,28.634701114488344,9.809194528875379,9.412816616008106,9.03097771023303,
2009-02-01,38.786081560283684,28.634701114488344,9.809194528875379,9.412816616008106,9.03097771023303,
2009-02-02,38.770535261288686,28.64175545408422,9.805859969558599,9.41801116184678,9.0371131405378,
2009-02-03,38.75646595528455,28.6457825203252,9.804039634146342,9.423221544715448,9.043267276422766,
2009-02-04,38.74922628107559,28.637950279046166,9.805859969558599,9.433231861998987,9.047006595636734,
2009-02-05,38.74200861195542,28.632421479229986,9.807674772036474,9.443211752786222,9.049974670719353,
2009-02-06,38.74200861195542,28.632421479229986,9.807674772036474,9.443211752786222,9.049974670719353,
2009-02-07,38.72943937087773,28.634906139015726,9.805859969558599,9.448452562151193,9.056139015728059,
2009-02-08,38.72943937087773,28.634906139015726,9.805859969558599,9.448452562151193,9.056139015728059,
2009-02-09,38.71530741869918,28.63892276422764,9.804039634146342,9.453709349593497,9.062322154471547,
2009-02-10,38.693203760162596,28.63282520325203,9.804801829268293,9.468953252032522,9.073755081300813,
2009-02-11,38.68606037544394,28.62425164890918,9.805098934550989,9.48193810248605,9.076686960933538,
2009-02-12,38.68606037544394,28.62425164890918,9.805098934550989,9.48193810248605,9.076686960933538,
2009-02-13,38.685017730496455,28.618743667679833,9.805395136778115,9.48728470111449,9.07809017223911,
2009-02-14,38.67236174530695,28.62120750887874,9.803576864535769,9.492592592592594,9.08429731100964,
2009-02-15,38.67236174530695,28.62120750887874,9.803576864535769,9.492592592592594,9.08429731100964,
2009-02-16,38.661191565040646,28.623678861788616,9.801753048780487,9.496392276422766,9.090523373983741,
2009-02-17,38.65638001014713,28.618924403855907,9.803576864535769,9.50476915271436,9.091907661085745,
2009-02-18,38.64930344478216,28.608865248226948,9.803875379939209,9.517679837892604,9.09632725430598,
2009-02-19,38.64073090541224,28.604906423874553,9.805690440060697,9.527516439049066,9.09921598381386,
2009-02-20,38.64073090541224,28.604906423874553,9.805690440060697,9.527516439049066,9.09921598381386,
2009-02-21,38.62802684903748,28.605825734549136,9.803875379939209,9.532877406281663,9.105445795339413,
2009-02-22,38.62802684903748,28.605825734549136,9.803875379939209,9.532877406281663,9.105445795339413,
2009-02-23,38.615284119736174,28.608269913749364,9.802054794520547,9.538254693049215,9.111694571283614,
2009-02-24,38.59945459157788,28.604769152714358,9.802054794520547,9.550126839167936,9.120522577371892,
2009-02-25,38.59170466058764,28.597011144883485,9.803115501519757,9.562208713272543,9.124138804457953,
2009-02-26,38.59170466058764,28.597011144883485,9.803115501519757,9.562208713272543,9.124138804457953,
2009-02-27,38.59170466058764,28.597011144883485,9.803115501519757,9.562208713272543,9.124138804457953,
2009-02-28,38.5789066463724,28.599441907661085,9.801293759512937,9.567630644342973,9.130416032470826,
2009-03-01,38.56591717479675,28.60569105691057,9.798704268292683,9.569563008130082,9.136255081300813,
2009-03-02,38.55380407124682,28.60966921119593,9.796870229007633,9.572722646310432,9.142569974554707,
2009-03-03,38.53141221374046,28.60712468193384,9.79737913486005,9.5864631043257,9.153765903307887,
2009-03-04,38.52298018292683,28.600101626016258,9.799212398373983,9.597764227642276,9.156580284552845,
2009-03-05,38.51305175038052,28.59766615930999,9.801040081177067,9.609030948756976,9.157864028411973,
2009-03-06,38.51075227963526,28.590678824721373,9.801342451874365,9.617223910840933,9.159143870314082,
2009-03-07,38.497831050228314,28.593099949264328,9.797995941146626,9.622729578893962,9.166996448503298,
2009-03-08,38.497831050228314,28.593099949264328,9.797995941146626,9.622729578893962,9.166996448503298,
2009-03-09,38.497831050228314,28.593099949264328,9.797995941146626,9.622729578893962,9.166996448503298,
2009-03-10,38.47652207001522,28.592338914256718,9.796473871131404,9.63718924403856,9.17612886859462,
2009-03-11,38.469718844984804,28.58687943262411,9.795263424518742,9.6483789260385,9.178900709219857,
2009-03-12,38.469718844984804,28.58687943262411,9.795263424518742,9.6483789260385,9.178900709219857,
2009-03-13,38.469718844984804,28.58687943262411,9.795263424518742,9.6483789260385,9.178900709219857,
2009-03-14,38.458257229832576,28.58929477422628,9.793429731100963,9.652409944190765,9.185261288685945,
2009-03-15,38.458257229832576,28.58929477422628,9.793429731100963,9.652409944190765,9.185261288685945,
2009-03-16,38.458257229832576,28.58929477422628,9.793429731100963,9.652409944190765,9.185261288685945,
2009-03-17,38.43923135464232,28.587011669203445,9.792668696093353,9.666869609335363,9.19363267376966,
2009-03-18,38.43096504559271,28.580040526849032,9.792983789260385,9.678014184397163,9.196377912867273,
2009-03-19,38.43096504559271,28.580040526849032,9.792983789260385,9.678014184397163,9.196377912867273,
2009-03-20,38.42272382397572,28.577642893272632,9.793297926150732,9.687607486090036,9.197597369752149,
2009-03-21,38.41120820668693,28.580040526849032,9.791464032421478,9.691691995947314,9.203976697061803,
2009-03-22,38.41120820668693,28.580040526849032,9.791464032421478,9.691691995947314,9.203976697061803,
2009-03-23,38.39661339421613,28.583967529173005,9.791146626078133,9.697311009639776,9.208853373921867,
2009-03-24,38.37591324200913,28.583282597666155,9.790005073566716,9.709868087265347,9.219507864028412,
2009-03-25,38.36926291793313,28.576317122593714,9.7903242147923,9.719427558257346,9.222213779128673,
2009-03-26,38.36926291793313,28.576317122593714,9.7903242147923,9.719427558257346,9.222213779128673,
2009-03-27,38.36718512898331,28.570890237733934,9.789124936772888,9.727440566514922,9.223394031360646,
2009-03-28,38.35406534954407,28.574797365754808,9.785764944275583,9.733105369807497,9.2298125633232,
2009-03-29,38.34037290715373,28.58061897513952,9.783231861998985,9.73658041603247,9.236935565702687,
2009-03-30,38.32717225609756,28.58455284552845,9.781377032520325,9.742276422764228,9.241869918699186,
2009-03-31,38.305830792682926,28.586077235772354,9.77832825203252,9.757520325203252,9.252540650406504,
2009-04-01,38.29927701674277,28.58061897513952,9.778665651953323,9.768543886352106,9.253678335870116,
2009-04-02,38.29274316109422,28.57669706180344,9.780521783181356,9.776494427558257,9.256332320162107,
2009-04-03,38.29274316109422,28.57669706180344,9.780521783181356,9.776494427558257,9.256332320162107,
2009-04-04,38.281012176560125,28.58061897513952,9.777143581938102,9.780720446473872,9.26281075596144,
2009-04-05,38.281012176560125,28.58061897513952,9.777143581938102,9.780720446473872,9.26281075596144,
2009-04-06,38.281012176560125,28.58061897513952,9.777143581938102,9.780720446473872,9.26281075596144,
2009-04-07,38.26426940639269,28.574530695078636,9.777143581938102,9.795180111618468,9.271182141045154,
2009-04-08,38.25778875379939,28.57061803444782,9.777482269503546,9.80309017223911,9.273809523809524,
2009-04-09,38.25284522003035,28.567475973697515,9.778578654527061,9.810976226605968,9.273394031360647,
2009-04-10,38.25284522003035,28.567475973697515,9.778578654527061,9.810976226605968,9.273394031360647,
2009-04-11,38.23803191489362,28.569858156028364,9.778242147922999,9.815248226950354,9.281408308004051,
2009-04-12,38.23803191489362,28.569858156028364,9.778242147922999,9.815248226950354,9.281408308004051,
2009-04-13,38.23803191489362,28.569858156028364,9.778242147922999,9.815248226950354,9.281408308004051,
2009-04-14,38.22545662100457,28.573008625063416,9.776382546930492,9.82029426686961,9.287924911212581,
2009-04-15,38.21979483282675,28.568338399189457,9.776722391084093,9.828166160081054,9.290526849037487,
2009-04-16,38.21979483282675,28.568338399189457,9.776722391084093,9.828166160081054,9.290526849037487,
2009-04-17,38.21490895295903,28.56444107233181,9.778578654527061,9.834496712190187,9.29160343955488,
2009-04-18,38.203077507598785,28.56529888551165,9.776722391084093,9.838804457953394,9.298125633232015,
2009-04-19,38.203077507598785,28.56529888551165,9.776722391084093,9.838804457953394,9.298125633232015,
2009-04-20,38.203077507598785,28.56529888551165,9.776722391084093,9.838804457953394,9.298125633232015,
2009-04-21,38.1859802431611,28.56491894630192,9.776342451874367,9.847543059777102,9.306484295845998,
2009-04-22,38.181145675265554,28.556474456246836,9.776681841173495,9.856879109762266,9.309054122407687,
2009-04-23,38.181145675265554,28.556474456246836,9.776681841173495,9.856879109762266,9.309054122407687,
2009-04-24,38.17935606060606,28.552601010101004,9.77550505050505,9.863156565656565,9.31010101010101,
2009-04-25,38.169006069802734,28.55495700556398,9.772129489124936,9.867501264542236,9.316641375821952,
2009-04-26,38.157256838905774,28.560359675785204,9.770567375886523,9.870491388044579,9.322593718338398,
2009-04-27,38.14379756468797,28.564256722475896,9.768696093353627,9.87486047691527,9.329173008625062,
2009-04-28,38.133346036585365,28.571214430894305,9.765294715447153,9.877718495934959,9.334247967479675,
2009-04-29,38.12933789954338,28.567300862506336,9.764890918315576,9.884753932014204,9.334500253678335,
2009-04-30,38.12933789954338,28.567300862506336,9.764890918315576,9.884753932014204,9.334500253678335,
2009-05-01,38.12933789954338,28.567300862506336,9.764890918315576,9.884753932014204,9.334500253678335,
2009-05-02,38.11886432926829,28.57426321138211,9.759959349593496,9.887627032520324,9.339583333333334,
2009-05-03,38.11886432926829,28.57426321138211,9.759959349593496,9.887627032520324,9.339583333333334,
2009-05-04,38.1068320610687,28.579720101781167,9.757302798982188,9.891272264631043,9.345445292620864,
2009-05-05,38.09232824427481,28.58048346055979,9.752722646310431,9.901959287531806,9.35384223918575,
2009-05-06,38.08761432926829,28.57502540650406,9.751575203252031,9.911255081300812,9.354827235772357,
2009-05-07,38.08139269406392,28.57262810755961,9.75347539320142,9.917478437341451,9.355809233891426,
2009-05-08,38.07974924012158,28.57023809523809,9.752330293819655,9.922163120567376,9.356788247213778,
2009-05-09,38.069216133942156,28.577194317605272,9.748909183155758,9.925088787417554,9.361897513952307,
2009-05-10,38.069216133942156,28.577194317605272,9.748909183155758,9.925088787417554,9.361897513952307,
2009-05-11,38.05865091463414,28.582647357723573,9.743953252032519,9.929547764227642,9.367022357723577,
2009-05-12,38.04188262195122,28.590269308943085,9.739380081300812,9.938694105691056,9.373119918699187,
2009-05-13,38.038774733637744,28.586326737696595,9.738254693049212,9.944875697615423,9.374074074074073,
2009-05-14,38.034156534954406,28.58543566362715,9.740172239108409,9.951038500506584,9.373505572441742,
2009-05-15,38.029552352048555,28.58454729387961,9.743601416287303,9.955665149215983,9.372938796155792,
2009-05-16,38.01895896656535,28.59151469098277,9.740172239108409,9.957117527862207,9.378064842958459,
2009-05-17,38.01895896656535,28.59151469098277,9.740172239108409,9.957117527862207,9.378064842958459,
2009-05-18,38.00833333333333,28.59850329781836,9.73521055301877,9.96009639776763,9.383206494165398,
2009-05-19,37.99349315068493,28.59850329781836,9.733307965499746,9.97037037037037,9.390436326737696,
2009-05-20,37.98894376899696,28.59607396149949,9.735233029381964,9.974974670719352,9.391362715298886,
2009-05-21,37.98894376899696,28.59607396149949,9.735233029381964,9.974974670719352,9.391362715298886,
2009-05-22,37.97827245053272,28.604591577879244,9.730263825469304,9.979502790461694,9.395002536783359,
2009-05-23,37.96604420731707,28.613135162601623,9.726803861788618,9.982520325203252,9.400177845528455,
2009-05-24,37.96604420731707,28.613135162601623,9.726803861788618,9.982520325203252,9.400177845528455,
2009-05-25,37.95530534351145,28.61865139949109,9.723333333333333,9.985547073791349,9.405368956743002,
2009-05-26,37.94300458715596,28.627242609582055,9.718323139653414,9.990112130479103,9.409046890927625,
2009-05-27,37.93774809160305,28.62246819338422,9.719516539440203,9.996997455470737,9.410712468193385,
2009-05-28,37.93774809160305,28.62246819338422,9.719516539440203,9.996997455470737,9.410712468193385,
2009-05-29,37.93479420731707,28.621519308943085,9.719944105691056,10.00005081300813,9.410086382113821,
2009-05-30,37.92553435114504,28.627048346055975,9.714936386768446,10.004631043256996,9.41529262086514,
2009-05-31,37.91594036697247,28.63381753312946,9.711136595310906,10.006931702344545,9.420514780835882,
2009-06-01,37.905857580398155,28.639382337927515,9.707631444614599,10.0107708014293,9.426518631955078,
2009-06-02,37.895743865030674,28.64419734151329,9.704882413087935,10.01538854805726,9.431774028629857,
2009-06-03,37.890543644716686,28.63861664114344,9.706865747830525,10.022256253190402,9.433409903011741,
2009-06-04,37.890543644716686,28.63861664114344,9.706865747830525,10.022256253190402,9.433409903011741,
2009-06-05,37.890543644716686,28.63861664114344,9.706865747830525,10.022256253190402,9.433409903011741,
2009-06-06,37.88270705521472,28.642663599182004,9.701814928425357,10.026891615541922,9.438675869120654,
2009-06-07,37.88270705521472,28.642663599182004,9.701814928425357,10.026891615541922,9.438675869120654,
2009-06-08,37.87177419354838,28.64979518689196,9.696748591909882,10.031541218637992,9.443958013312852,
2009-06-09,37.859485407066046,28.648259088581668,9.69521249359959,10.042293906810036,9.448566308243727,
2009-06-10,37.85509969325153,28.642663599182004,9.69874744376278,10.04836400817996,9.449412065439672,
2009-06-11,37.85225880551301,28.637085247575293,9.703802960694231,10.05441551812149,9.44872383869321,
2009-06-12,37.85095565749235,28.63152395514781,9.705784913353721,10.058919469928643,9.446508664627931,
2009-06-13,37.841539050535985,28.637085247575293,9.700740173557937,10.063603879530373,9.451786625829504,
2009-06-14,37.841539050535985,28.637085247575293,9.700740173557937,10.063603879530373,9.451786625829504,
2009-06-15,37.83362730061349,28.642663599182004,9.697213701431492,10.066768916155418,9.455547034764825,
2009-06-16,37.82135736196319,28.644964212678936,9.69491308793456,10.076738241308792,9.459381390593046,
2009-06-17,37.817036753445635,28.637085247575293,9.69920877998979,10.083511995916282,9.460974987238387,
2009-06-18,37.81425840978593,28.63152395514781,9.701197757390418,10.089500509683996,9.461799184505606,
2009-06-19,37.81425840978593,28.63152395514781,9.701197757390418,10.089500509683996,9.461799184505606,
2009-06-20,37.8063169984686,28.635553854007146,9.696145992853497,10.092700357325166,9.467100561510975,
2009-06-21,37.8063169984686,28.635553854007146,9.696145992853497,10.092700357325166,9.467100561510975,
2009-06-22,37.79835122699386,28.641129856850714,9.692612474437627,10.095910020449898,9.470884458077709,
2009-06-23,37.78608128834355,28.641129856850714,9.69107873210634,10.106646216768915,9.475485685071574,
2009-06-24,37.783346094946396,28.630959673302705,9.69461459928535,10.114139867279224,9.476288922919856,
2009-06-25,37.783346094946396,28.630959673302705,9.69461459928535,10.114139867279224,9.476288922919856,
2009-06-26,37.779090214067274,28.62387869520897,9.69966870540265,10.121610601427115,9.475560652395515,
2009-06-27,37.77117151607963,28.62996426748341,9.695916283818274,10.12470648289944,9.479045431342522,
2009-06-28,37.77117151607963,28.62996426748341,9.695916283818274,10.12470648289944,9.479045431342522,
2009-06-29,37.763918711656444,28.6370654396728,9.690848670756646,10.12719836400818,9.482080777096115,
2009-06-30,37.75164877300614,28.6370654396728,9.689314928425357,10.139468302658488,9.48668200408998,
2009-07-01,37.748966309341505,28.625370086778965,9.69285349668198,10.14691168963757,9.488999489535477,
2009-07-02,37.744762996941894,28.61676860346585,9.697910295616717,10.154332313965341,9.489780835881753,
2009-07-03,37.742099236641224,28.61124681933842,9.699898218829517,10.158676844783715,9.489033078880407,
2009-07-04,37.735588685015294,28.61523955147808,9.694852191641182,10.16197757390418,9.492838939857288,
2009-07-05,37.735588685015294,28.61523955147808,9.694852191641182,10.16197757390418,9.492838939857288,
2009-07-06,37.735588685015294,28.61523955147808,9.694852191641182,10.16197757390418,9.492838939857288,
2009-07-07,37.72446401225115,28.619244512506377,9.694384890250127,10.168351199591628,9.49818785094436,
2009-07-08,37.715275650842266,28.61311893823379,9.695916283818274,10.180602348136805,9.501250638080654,
2009-07-09,37.71265290519878,28.606065239551477,9.697910295616717,10.18644240570846,9.503542303771662,
2009-07-10,37.71265290519878,28.606065239551477,9.697910295616717,10.18644240570846,9.503542303771662,
2009-07-11,37.706087289433384,28.610056151097496,9.694384890250127,10.189790709545687,9.507376212353241,
2009-07-12,37.706087289433384,28.610056151097496,9.694384890250127,10.189790709545687,9.507376212353241,
2009-07-13,37.706087289433384,28.610056151097496,9.694384890250127,10.189790709545687,9.507376212353241,
2009-07-14,37.696434049079755,28.614059304703474,9.690848670756646,10.196216768916155,9.511221881390593,
2009-07-15,37.69383614088821,28.605461970393055,9.694384890250127,10.20127616130679,9.512736089841756,
2009-07-16,37.69383614088821,28.605461970393055,9.694384890250127,10.20127616130679,9.512736089841756,
2009-07-17,37.69124617737003,28.597655453618753,9.699439347604486,10.207084607543322,9.512716615698267,
2009-07-18,37.68617917304748,28.60010209290454,9.694384890250127,10.210464522715672,9.51809596733027,
2009-07-19,37.68617917304748,28.60010209290454,9.694384890250127,10.210464522715672,9.51809596733027,
2009-07-20,37.68617917304748,28.60010209290454,9.694384890250127,10.210464522715672,9.51809596733027,
2009-07-21,37.674693721286374,28.597039305768245,9.69285349668198,10.221949974476773,9.52422154160286,
2009-07-22,37.67213302752294,28.58848114169215,9.695616717635067,10.227726809378186,9.526478083588175,
2009-07-23,37.67213302752294,28.58848114169215,9.695616717635067,10.227726809378186,9.526478083588175,
2009-07-24,37.669580152671756,28.581475826972007,9.697608142493639,10.233486005089059,9.525674300254453,
2009-07-25,37.6644877675841,28.583893985728846,9.694087665647299,10.236901121304792,9.52953618756371,
2009-07-26,37.65386676875957,28.591373149566103,9.691475242470647,10.240326697294538,9.532644206227667,
2009-07-27,37.65386676875957,28.591373149566103,9.691475242470647,10.240326697294538,9.532644206227667,
2009-07-28,37.645667177914106,28.595347648261754,9.68640081799591,10.24683026584867,9.538062372188138,
2009-07-29,37.64391271056661,28.587544665645733,9.689178152118426,10.252577845839713,9.538769780500255,
2009-07-30,37.6413990825688,28.580530071355756,9.694240570846075,10.258307849133537,9.5394750254842,
2009-07-31,37.6413990825688,28.580530071355756,9.694240570846075,10.258307849133537,9.5394750254842,
2009-08-01,37.63625574272588,28.581419091373146,9.69224093925472,10.261766207248597,9.543363961204696,
2009-08-02,37.63625574272588,28.581419091373146,9.69224093925472,10.261766207248597,9.543363961204696,
2009-08-03,37.62956288343558,28.58537832310838,9.69023517382413,10.266768916155419,9.545731083844581,
2009-08-04,37.62054531490015,28.588581669226826,9.687455197132616,10.272555043522786,9.551177675371223,
2009-08-05,37.618059815950915,28.57770961145194,9.691768916155418,10.279038854805727,9.553399795501022,
2009-08-06,37.614050535987744,28.56916794282797,9.696835119959163,10.287799897907096,9.554083716181726,
2009-08-07,37.611582568807336,28.560652395514776,9.700356778797145,10.293476044852191,9.553236493374108,
2009-08-08,37.60945635528331,28.55997958141909,9.696835119959163,10.296988259315977,9.55714650331802,
2009-08-09,37.60945635528331,28.55997958141909,9.696835119959163,10.296988259315977,9.55714650331802,
2009-08-10,37.60945635528331,28.55997958141909,9.696835119959163,10.296988259315977,9.55714650331802,
2009-08-11,37.604256134969326,28.559304703476478,9.693302658486706,10.302044989775052,9.562602249488753,
2009-08-12,37.60256508422665,28.550025523226132,9.696835119959163,10.306942317508934,9.564803471158754,
2009-08-13,37.60164373088685,28.540010193679915,9.700356778797145,10.314118246687054,9.563939857288482,
2009-08-14,37.60164373088685,28.540010193679915,9.700356778797145,10.314118246687054,9.563939857288482,
2009-08-15,37.5979709035222,28.539305768249104,9.696835119959163,10.317662072485962,9.569397651863195,
2009-08-16,37.5979709035222,28.539305768249104,9.696835119959163,10.317662072485962,9.569397651863195,
2009-08-17,37.5979709035222,28.539305768249104,9.696835119959163,10.317662072485962,9.569397651863195,
2009-08-18,37.591079632465544,28.530117406840223,9.69836651352731,10.329147524247064,9.573991832567636,
2009-08-19,37.58941131498471,28.52089704383282,9.701885830784912,10.333995922528032,9.575407747196738,
2009-08-20,37.58941131498471,28.52089704383282,9.701885830784912,10.333995922528032,9.575407747196738,
2009-08-21,37.58774809160305,28.51246819338422,9.706157760814248,10.340356234096692,9.574529262086514,
2009-08-22,37.58774809160305,28.51246819338422,9.706157760814248,10.340356234096692,9.574529262086514,
2009-08-23,37.5848241590214,28.51095820591233,9.70341488277268,10.343934760448523,9.579230377166157,
2009-08-24,37.583931297709924,28.50254452926208,9.708447837150127,10.347989821882951,9.578346055979644,
2009-08-25,37.578707951070335,28.501783893985724,9.704943934760447,10.353873598369011,9.584582059123344,
2009-08-26,37.577061068702285,28.49338422391857,9.708447837150127,10.358676844783716,9.585216284987277,
2009-08-27,37.57313262195122,28.485010162601622,9.713465447154471,10.365752032520325,9.585848577235772,
2009-08-28,37.5722602739726,28.476661593099944,9.716945712836123,10.371283612379504,9.584956874682902,
2009-08-29,37.570083841463415,28.472815040650403,9.714227642276422,10.37489837398374,9.591183943089431,
2009-08-30,37.56408396946565,28.475063613231548,9.71058524173028,10.377913486005088,9.596208651399492,
2009-08-31,37.558830275229354,28.47426095820591,9.70861365953109,10.383078491335372,9.600942915392457,
2009-09-01,37.555007645259934,28.462028542303766,9.710907237512743,10.392252803261977,9.60782364933741,
2009-09-02,37.55187022900763,28.453689567430022,9.713638676844784,10.397760814249363,9.609185750636131,
2009-09-03,37.54721798780488,28.447662601626014,9.717123983739837,10.403252032520324,9.611305894308943,
2009-09-04,37.54638508371385,28.43937087772704,9.719076610857433,10.410248604769151,9.611897513952307,
2009-09-05,37.54569359756098,28.43241869918699,9.715599593495934,10.413922764227642,9.620452235772357,
2009-09-06,37.54347328244275,28.428498727735366,9.712111959287531,10.41913486005089,9.625979643765904,
2009-09-07,37.54347328244275,28.428498727735366,9.712111959287531,10.41913486005089,9.625979643765904,
2009-09-08,37.54124617737003,28.425331294597346,9.709378185524974,10.423598369011213,9.631523955147808,
2009-09-09,37.537366412213736,28.41628498727735,9.712366412213742,10.428040712468194,9.635903307888041,
2009-09-10,37.533498475609754,28.408028455284548,9.715853658536586,10.433485772357724,9.639507113821137,
2009-09-11,37.531164383561645,28.399797057331302,9.717808219178083,10.438914256722477,9.641577879249112,
2009-09-12,37.53044969512195,28.392784552845526,9.715853658536586,10.442632113821139,9.648653455284553,
2009-09-13,37.52820610687023,28.388804071246817,9.712366412213742,10.446361323155216,9.654223918575063,
2009-09-14,37.52820610687023,28.388804071246817,9.712366412213742,10.446361323155216,9.654223918575063,
2009-09-15,37.52209923664122,28.377353689567425,9.710839694656489,10.45323155216285,9.664910941475826,
2009-09-16,37.51977896341463,28.369156504065035,9.71280487804878,10.45635162601626,9.667708333333334,
2009-09-17,37.51594368340943,28.364789446981224,9.71400304414003,10.460984271943175,9.670497209538306,
2009-09-18,37.513639817629176,28.359675785207695,9.715197568389058,10.46484295845998,9.672517730496454,
2009-09-19,37.51137747336377,28.354134956874677,9.71324200913242,10.46859462201928,9.679629629629629,
2009-09-20,37.509108231707316,28.350101626016258,9.709756097560977,10.473882113821139,9.685238821138212,
2009-09-21,37.509108231707316,28.350101626016258,9.709756097560977,10.473882113821139,9.685238821138212,
2009-09-22,37.50072408536585,28.34095528455284,9.708993902439024,10.483790650406505,9.694385162601625,
2009-09-23,37.49691780821917,28.337392186707252,9.710958904109589,10.487620497209539,9.694850329781836,
2009-09-24,37.49691780821917,28.337392186707252,9.710958904109589,10.487620497209539,9.694850329781836,
2009-09-25,37.490083586626135,28.332320162107393,9.711398176291794,10.492958459979738,9.698353596757851,
2009-09-26,37.486263318112634,28.32825976661593,9.709436834094369,10.496752917300864,9.70550481988838,
2009-09-27,37.48395579268293,28.324186991869915,9.707469512195123,10.50055894308943,9.711153455284553,
2009-09-28,37.481717557251905,28.319414758269716,9.704809160305343,10.503765903307889,9.717735368956744,
2009-09-29,37.479396024464826,28.3137869520897,9.701299694189602,10.509123343527014,9.724949031600408,
2009-09-30,37.479396024464826,28.3137869520897,9.701299694189602,10.509123343527014,9.724949031600408,
2009-10-01,37.479396024464826,28.3137869520897,9.701299694189602,10.509123343527014,9.724949031600408,
2009-10-02,37.4756106870229,28.304147582697198,9.70328244274809,10.514452926208651,9.729949109414758,
2009-10-03,37.474808868501526,28.300025484199793,9.701299694189602,10.516768603465852,9.735652395514782,
2009-10-04,37.4740045941807,28.294359367023986,9.697779479326186,10.522154160285861,9.741373149566105,
2009-10-05,37.4740045941807,28.294359367023986,9.697779479326186,10.522154160285861,9.741373149566105,
2009-10-06,37.470130368098154,28.29020961145194,9.6965490797546,10.52678936605317,9.747878323108385,
2009-10-07,37.46481623277182,28.27981112812659,9.697779479326186,10.53287391526289,9.753624298111282,
2009-10-08,37.45951834862385,28.271738022426092,9.699770642201834,10.538175331294598,9.758588175331294,
2009-10-09,37.45951834862385,28.271738022426092,9.699770642201834,10.538175331294598,9.758588175331294,
2009-10-10,37.45869065849923,28.266028586013267,9.69624808575804,10.542062276671771,9.765875446656457,
2009-10-11,37.45632668711656,28.261835378323102,9.694248466257669,10.545961145194275,9.771651329243355,
2009-10-12,37.45632668711656,28.261835378323102,9.694248466257669,10.545961145194275,9.771651329243355,
2009-10-13,37.4524193548387,28.25455709165386,9.692242703533026,10.551408090117768,9.780517153097799,
2009-10-14,37.44712423312883,28.241896728016354,9.694248466257669,10.558997955010225,9.786221881390594,
2009-10-15,37.44712423312883,28.241896728016354,9.694248466257669,10.558997955010225,9.786221881390594,
2009-10-16,37.44261102603369,28.232337927514035,9.697013782542113,10.564267483409903,9.791143440530883,
2009-10-17,37.441756134969324,28.225025562372185,9.695015337423312,10.568200408997956,9.796958077709611,
2009-10-18,37.437826420890936,28.22076292882744,9.693010752688172,10.573681515617,9.80279057859703,
2009-10-19,37.437826420890936,28.22076292882744,9.693010752688172,10.573681515617,9.80279057859703,
2009-10-20,37.433115384615384,28.216487179487174,9.69176923076923,10.578410256410256,9.809410256410256,
2009-10-21,37.428609831029185,28.204633896569376,9.693778801843317,10.585202252944189,9.81431131592422,
2009-10-22,37.428609831029185,28.204633896569376,9.693778801843317,10.585202252944189,9.81431131592422,
2009-10-23,37.42488496932515,28.193583844580772,9.695782208588957,10.590439672801637,9.820731083844581,
2009-10-24,37.42246543778801,28.187736815156164,9.693778801843317,10.59441884280594,9.828136200716846,
2009-10-25,37.4195,28.18410256410256,9.691846153846154,10.598102564102565,9.834025641025642,
2009-10-26,37.415523882896764,28.178222907036464,9.689830508474577,10.60210580380072,9.839933230611196,
2009-10-27,37.41153549382716,28.172325102880656,9.687808641975309,10.607664609053499,9.847402263374486,
2009-10-28,37.40730611196713,28.161787365177197,9.690600924499229,10.613405238828967,9.851746276322547,
2009-10-29,37.40730611196713,28.161787365177197,9.690600924499229,10.613405238828967,9.851746276322547,
2009-10-30,37.40514102564103,28.15230769230769,9.692615384615385,10.617076923076924,9.856589743589744,
2009-10-31,37.401142783769906,28.144838212634824,9.692141756548535,10.622650231124808,9.864072932717,
2009-11-01,37.397132201646095,28.140432098765434,9.690123456790124,10.628240740740742,9.870036008230453,
2009-11-02,37.396200412158684,28.131375579598146,9.686553323029367,10.633848531684698,9.877563111798043,
2009-11-03,37.396200412158684,28.131375579598146,9.686553323029367,10.633848531684698,9.877563111798043,
2009-11-04,37.39173096707819,28.121141975308642,9.690895061728394,10.637500000000001,9.881610082304528,
2009-11-05,37.3880457113508,28.11171032357473,9.694453004622495,10.642681047765794,9.88487416538264,
2009-11-06,37.3880457113508,28.11171032357473,9.694453004622495,10.642681047765794,9.88487416538264,
2009-11-07,37.38710133744856,28.102623456790123,9.693981481481481,10.64675925925926,9.89241255144033,
2009-11-08,37.38710133744856,28.102623456790123,9.693981481481481,10.64675925925926,9.89241255144033,
2009-11-09,37.38710133744856,28.102623456790123,9.693981481481481,10.64675925925926,9.89241255144033,
2009-11-10,37.38710133744856,28.102623456790123,9.693981481481481,10.64675925925926,9.89241255144033,
2009-11-11,37.383423215202875,28.09090909090909,9.698305084745762,10.650385208012327,9.89643040575244,
2009-11-12,37.383423215202875,28.09090909090909,9.698305084745762,10.650385208012327,9.89643040575244,
2009-11-13,37.37975641025641,28.08,9.703384615384616,10.654,9.899666666666667,
2009-11-14,37.37880071905496,28.070878274268104,9.702927580893682,10.65808936825886,9.907216230097587,
2009-11-15,37.37938528806585,28.061728395061728,9.700925925925926,10.662191358024693,9.913245884773664,
2009-11-16,37.37938528806585,28.061728395061728,9.700925925925926,10.662191358024693,9.913245884773664,
2009-11-17,37.37842606903658,28.054095826893352,9.697372488408037,10.666306027820712,9.920839773312727,
2009-11-18,37.374755658436214,28.04320987654321,9.701697530864196,10.669135802469137,9.924819958847737,
2009-11-19,37.371096558808425,28.03235747303544,9.705238828967643,10.672727272727274,9.929558294812534,
2009-11-20,37.36744871794872,28.023076923076925,9.70876923076923,10.676307692307693,9.932743589743591,
2009-11-21,37.3664740626605,28.012326656394453,9.708320493066255,10.681972265023113,9.940344119157679,
2009-11-22,37.365496399176955,28.003086419753085,9.706327160493826,10.686111111111112,9.947968106995885,
2009-11-23,37.365496399176955,28.003086419753085,9.706327160493826,10.686111111111112,9.947968106995885,
2009-11-24,37.364515713549714,27.99613601236476,9.704327666151467,10.691035548686244,9.954842864502835,
2009-11-25,37.3616383744856,27.986368312757197,9.70787037037037,10.694598765432099,9.958256172839507,
2009-11-26,37.3616383744856,27.986368312757197,9.70787037037037,10.694598765432099,9.958256172839507,
2009-11-27,37.35799948638932,27.98022598870056,9.708320493066255,10.698151001540833,9.961402157164871,
2009-11-28,37.35799948638932,27.98022598870056,9.708320493066255,10.698151001540833,9.961402157164871,
2009-11-29,37.35700874485597,27.970936213991767,9.707098765432098,10.702314814814816,9.969058641975309,
2009-11-30,37.35601494075219,27.961617722823284,9.705100463678516,10.708037094281298,9.976738794435859,
2009-12-01,37.355018059855524,27.95381836945304,9.701547987616099,10.712229102167184,9.985990712074305,
2009-12-02,37.352923750643996,27.943843379701182,9.705873261205564,10.714219474497682,9.988330757341577,
2009-12-03,37.34929269547325,27.937757201646086,9.710956790123456,10.716203703703703,9.989891975308643,
2009-12-04,37.34929269547325,27.937757201646086,9.710956790123456,10.716203703703703,9.989891975308643,
2009-12-05,37.34929269547325,27.937757201646086,9.710956790123456,10.716203703703703,9.989891975308643,
2009-12-06,37.348338485316845,27.93013910355487,9.70891293147862,10.720092735703245,9.997552807831015,
2009-12-07,37.348338485316845,27.93013910355487,9.70891293147862,10.720092735703245,9.997552807831015,
2009-12-08,37.34578173374613,27.923065015479875,9.706914344685243,10.725851393188854,10.00528895768834,
2009-12-09,37.342156105100464,27.913137557959814,9.712004121586812,10.727820710973724,10.008371973209686,
2009-12-10,37.342156105100464,27.913137557959814,9.712004121586812,10.727820710973724,10.008371973209686,
2009-12-11,37.338541666666664,27.907870370370368,9.71630658436214,10.729783950617284,10.009902263374485,
2009-12-12,37.338541666666664,27.907870370370368,9.71630658436214,10.729783950617284,10.009902263374485,
2009-12-13,37.337519319938174,27.898454404945902,9.714322514167955,10.734003091190107,10.01841834106131,
2009-12-14,37.33391203703704,27.892438271604938,9.719393004115227,10.735956790123456,10.019933127572017,
2009-12-15,37.331336939721794,27.886089644513138,9.717413704276147,10.741731066460586,10.027691911385885,
2009-12-16,37.32799639917695,27.877006172839504,9.721450617283951,10.743930041152263,10.03073559670782,
2009-12-17,37.32799639917695,27.877006172839504,9.721450617283951,10.743930041152263,10.03073559670782,
2009-12-18,37.32799639917695,27.877006172839504,9.721450617283951,10.743930041152263,10.03073559670782,
2009-12-19,37.32799639917695,27.877006172839504,9.721450617283951,10.743930041152263,10.03073559670782,
2009-12-20,37.32463936115405,27.868315301391036,9.720247295208654,10.74971664090675,10.039283874291602,
2009-12-21,37.32105195473251,27.857716049382717,9.725308641975309,10.75164609053498,10.04076646090535,
2009-12-22,37.316911385883564,27.852859350850075,9.723338485316846,10.757444616177228,10.048557444616177,
2009-12-23,37.31179269547325,27.846913580246913,9.726851851851851,10.759362139917695,10.051568930041153,
2009-12-24,37.31179269547325,27.846913580246913,9.726851851851851,10.759362139917695,10.051568930041153,
2009-12-25,37.31179269547325,27.846913580246913,9.726851851851851,10.759362139917695,10.051568930041153,
2009-12-26,37.30763781555899,27.838948995363214,9.726429675425038,10.763626996393612,10.060922205048945,
2009-12-27,37.30641124871001,27.831811145510834,9.72438080495356,10.768059855521157,10.068214654282766,
2009-12-28,37.302846470891296,27.82279752704791,9.72789799072643,10.769963936115404,10.071200412158682,
2009-12-29,37.298671310629516,27.816331269349842,9.72592879256966,10.775799793601651,10.07905056759546,
2009-12-30,37.298671310629516,27.816331269349842,9.72592879256966,10.775799793601651,10.07905056759546,
2009-12-31,37.298671310629516,27.816331269349842,9.72592879256966,10.775799793601651,10.07905056759546,
2010-01-01,37.29448320413437,27.80829457364341,9.723953488372093,10.781653746770026,10.086925064599484,
2010-01-02,37.29448320413437,27.80829457364341,9.723953488372093,10.781653746770026,10.086925064599484,
2010-01-03,37.29028209109731,27.800232919254658,9.724301242236024,10.786749482401657,10.095600414078675,
2010-01-04,37.29028209109731,27.800232919254658,9.724301242236024,10.786749482401657,10.095600414078675,
2010-01-05,37.28373509590462,27.79447900466563,9.723872472783826,10.793416277864178,10.103525142560912,
2010-01-06,37.28018892339545,27.785481366459624,9.728959627329193,10.795289855072465,10.10491718426501,
2010-01-07,37.27820413436693,27.78116279069767,9.73248062015504,10.79560723514212,10.104754521963825,
2010-01-08,37.27820413436693,27.78116279069767,9.73248062015504,10.79560723514212,10.104754521963825,
2010-01-09,37.27820413436693,27.78116279069767,9.73248062015504,10.79560723514212,10.104754521963825,
2010-01-10,37.27087215320911,27.774611801242234,9.73361801242236,10.801501035196688,10.113457556935817,
2010-01-11,37.27087215320911,27.774611801242234,9.73361801242236,10.801501035196688,10.113457556935817,
2010-01-12,37.26196215655781,27.769595645412128,9.733203732503888,10.808968377397616,10.121410057024365,
2010-01-13,37.25767339544514,27.76141304347826,9.739052795031055,10.809265010351968,10.123550724637681,
2010-01-14,37.25767339544514,27.76141304347826,9.739052795031055,10.809265010351968,10.123550724637681,
2010-01-15,37.25572351421189,27.757131782945734,9.742558139534884,10.809560723514211,10.124909560723514,
2010-01-16,37.25572351421189,27.757131782945734,9.742558139534884,10.809560723514211,10.124909560723514,
2010-01-17,37.24680383022775,27.751319875776396,9.74448757763975,10.815476190476192,10.132867494824016,
2010-01-18,37.24680383022775,27.751319875776396,9.74448757763975,10.815476190476192,10.132867494824016,
2010-01-19,37.232828674948244,27.74200310559006,9.750698757763974,10.82324016563147,10.142184265010352,
2010-01-20,37.2293669250646,27.733875968992244,9.757286821705426,10.823514211886305,10.143514211886306,
2010-01-21,37.2293669250646,27.733875968992244,9.757286821705426,10.823514211886305,10.143514211886306,
2010-01-22,37.22746388028896,27.729643962848296,9.762306501547988,10.822239422084623,10.14484004127967,
2010-01-23,37.22746388028896,27.729643962848296,9.762306501547988,10.822239422084623,10.14484004127967,
2010-01-24,37.21851421188631,27.7253488372093,9.76328165374677,10.827751937984496,10.152764857881138,
2010-01-25,37.21108954451346,27.721816770186333,9.761361283643891,10.832142857142857,10.162318840579712,
2010-01-26,37.20286417833074,27.717496111975116,9.761767755313635,10.838880248833593,10.170347330222913,
2010-01-27,37.19970238095238,27.710688405797104,9.767572463768117,10.838612836438923,10.17215320910973,
2010-01-28,37.19970238095238,27.710688405797104,9.767572463768117,10.838612836438923,10.17215320910973,
2010-01-29,37.19939276485788,27.708036175710596,9.771033591731266,10.837312661498707,10.171886304909561,
2010-01-30,37.18572722567288,27.706030020703935,9.772230848861284,10.843271221532092,10.181469979296066,
2010-01-31,37.17512960082944,27.702462415759463,9.773431829963712,10.849248315189216,10.18952825298082,
2010-02-01,37.17512960082944,27.702462415759463,9.773431829963712,10.849248315189216,10.18952825298082,
2010-02-02,37.17512960082944,27.702462415759463,9.773431829963712,10.849248315189216,10.18952825298082,
2010-02-03,37.173304865424434,27.69593685300207,9.779994824016564,10.847153209109731,10.190786749482402,
2010-02-04,37.17148578811369,27.693307493540054,9.788087855297158,10.842739018087855,10.192041343669251,
2010-02-05,37.17148578811369,27.693307493540054,9.788087855297158,10.842739018087855,10.192041343669251,
2010-02-06,37.15777691511387,27.69283126293996,9.790864389233954,10.847153209109731,10.200103519668737,
2010-02-07,37.14402540176257,27.690798341109385,9.792094349403836,10.853136340072576,10.208190772420943,
2010-02-08,37.14402540176257,27.690798341109385,9.792094349403836,10.853136340072576,10.208190772420943,
2010-02-09,37.13178868120457,27.688759086188995,9.793328141225338,10.85913811007269,10.216303219106958,
2010-02-10,37.12847330222913,27.682244686365994,9.80220321410057,10.855469155002591,10.217522032141005,
2010-02-11,37.12847330222913,27.682244686365994,9.80220321410057,10.855469155002591,10.217522032141005,
2010-02-12,37.12847330222913,27.682244686365994,9.80220321410057,10.855469155002591,10.217522032141005,
2010-02-13,37.12847330222913,27.682244686365994,9.80220321410057,10.855469155002591,10.217522032141005,
2010-02-14,37.11465472481828,27.6817497403946,9.805010384215992,10.859916926272067,10.225649013499481,
2010-02-15,37.102353094123764,27.679693187727512,9.806266250650026,10.865938637545502,10.233801352054082,
2010-02-16,37.102353094123764,27.679693187727512,9.806266250650026,10.865938637545502,10.233801352054082,
2010-02-17,37.099078400830734,27.672403946002078,9.815913811007269,10.861474558670821,10.236552440290758,
2010-02-18,37.099078400830734,27.672403946002078,9.815913811007269,10.861474558670821,10.236552440290758,
2010-02-19,37.094258683255575,27.67135821669259,9.823976153447383,10.860134784862623,10.23618455158113,
2010-02-20,37.083502076843196,27.667731048805816,9.823701973001038,10.866147455867083,10.245898234683281,
2010-02-21,37.06959178367135,27.667212688507544,9.826547061882476,10.872178887155487,10.254082163286531,
2010-02-22,37.06959178367135,27.667212688507544,9.826547061882476,10.872178887155487,10.254082163286531,
2010-02-23,37.05945137805512,27.657072282891317,9.833567342693708,10.878419136765471,10.262662506500261,
2010-02-24,37.05546469366563,27.650597092419524,9.841614745586709,10.875493250259606,10.265368639667706,
2010-02-25,37.05546469366563,27.650597092419524,9.841614745586709,10.875493250259606,10.265368639667706,
2010-02-26,37.05382322446864,27.646474857439088,9.84808190772421,10.874131674442717,10.264955935717989,
2010-02-27,37.041446002076846,27.64436656282451,9.849402907580478,10.880166147455867,10.273156801661475,
2010-02-28,37.02903016120645,27.642615704628188,9.850572022880915,10.885439417576704,10.28133125325013,
2010-03-01,37.02586967808931,27.638499480789203,9.858592938733125,10.884060228452752,10.27933541017653,
2010-03-02,37.014989599583984,27.634815392615707,9.858372334893396,10.891679667186688,10.287571502860114,
2010-03-03,37.01107217030114,27.627596053997927,9.867159916926271,10.88951194184839,10.289460020768432,
2010-03-04,37.00949974079834,27.62350959046138,9.873587350959045,10.888128564022809,10.29056505961638,
2010-03-05,37.00949974079834,27.62350959046138,9.873587350959045,10.888128564022809,10.29056505961638,
2010-03-06,36.99705347871236,27.621365524402908,9.87494807892004,10.894184839044652,10.297248182762202,
2010-03-07,36.983008320332814,27.62077483099324,9.877873114924597,10.900260010400416,10.305512220488819,
2010-03-08,36.983008320332814,27.62077483099324,9.877873114924597,10.900260010400416,10.305512220488819,
2010-03-09,36.971263020833334,27.617838541666668,9.878463541666665,10.907916666666667,10.313802083333332,
2010-03-10,36.965847633905355,27.61219448777951,9.886453458138325,10.904940197607905,10.316432657306292,
2010-03-11,36.965847633905355,27.61219448777951,9.886453458138325,10.904940197607905,10.316432657306292,
2010-03-12,36.964343198338526,27.608125649013502,9.892860851505711,10.903530633437175,10.315939771547248,
2010-03-13,36.95180707228289,27.605954238169527,9.895813832553301,10.908060322412897,10.324232969318773,
2010-03-14,36.93923177083333,27.60377604166667,9.895651041666666,10.914166666666667,10.334114583333333,
2010-03-15,36.93923177083333,27.60377604166667,9.895651041666666,10.914166666666667,10.334114583333333,
2010-03-16,36.93923177083333,27.60377604166667,9.895651041666666,10.914166666666667,10.334114583333333,
2010-03-17,36.93542641705668,27.5973738949558,9.90439417576703,10.91040041601664,10.335153406136245,
2010-03-18,36.93542641705668,27.5973738949558,9.90439417576703,10.91040041601664,10.335153406136245,
2010-03-19,36.93241173416407,27.596443406022846,9.91077362409138,10.90742471443406,10.334631360332294,
2010-03-20,36.93241173416407,27.596443406022846,9.91077362409138,10.90742471443406,10.334631360332294,
2010-03-21,36.91982579303172,27.595813832553304,9.913754550182007,10.911960478419136,10.342953718148726,
2010-03-22,36.91982579303172,27.595813832553304,9.913754550182007,10.911960478419136,10.342953718148726,
2010-03-23,36.908763020833334,27.59361979166667,9.913619791666665,10.916510416666666,10.352864583333332,
2010-03-24,36.9047451898076,27.58983359334373,9.919994799791992,10.913000520020802,10.35439417576703,
2010-03-25,36.900220664589824,27.587357217030114,9.927907580477672,10.910020768431984,10.353842159916926,
2010-03-26,36.900375842405396,27.584888543286674,9.932685329186105,10.907050285121825,10.354847071021254,
2010-03-27,36.900375842405396,27.584888543286674,9.932685329186105,10.907050285121825,10.354847071021254,
2010-03-28,36.888110072689514,27.583229491173412,9.93343717549325,10.911111111111111,10.363811007268952,
2010-03-29,36.888110072689514,27.583229491173412,9.93343717549325,10.911111111111111,10.363811007268952,
2010-03-30,36.87097611630322,27.576998961578397,9.939667705088265,10.911111111111111,10.376272066458982,
2010-03-31,36.86806635562468,27.57532400207361,9.945982374287196,10.907361327112493,10.377242094349404,
2010-04-01,36.85384215991693,27.57310488058151,9.949013499480788,10.911889927310488,10.38717549325026,
2010-04-02,36.839573582943316,27.569318772750904,9.953614144565782,10.917992719708788,10.395579823192927,
2010-04-03,36.82682291666667,27.568645833333328,9.956666666666667,10.920989583333334,10.404010416666667,
2010-04-04,36.82682291666667,27.568645833333328,9.956666666666667,10.920989583333334,10.404010416666667,
2010-04-05,36.82682291666667,27.568645833333328,9.956666666666667,10.920989583333334,10.404010416666667,
2010-04-06,36.81246739697444,27.56562336984872,9.959728742827334,10.92869066249348,10.412467396974439,
2010-04-07,36.80807291666667,27.56161458333333,9.966822916666667,10.924114583333333,10.414947916666666,
2010-04-08,36.80807291666667,27.56161458333333,9.966822916666667,10.924114583333333,10.414947916666666,
2010-04-09,36.80807291666667,27.56161458333333,9.966822916666667,10.924114583333333,10.414947916666666,
2010-04-10,36.79212310902452,27.55936358894105,9.969900886802295,10.931820552947313,10.42185706833594,
2010-04-11,36.77298850574713,27.55867293625914,9.972988505747127,10.93798328108673,10.431922675026124,
2010-04-12,36.755363683935116,27.55798011512297,9.974515960230246,10.944165358451073,10.442019884877027,
2010-04-13,36.755363683935116,27.55798011512297,9.974515960230246,10.944165358451073,10.442019884877027,
2010-04-14,36.735740450026164,27.551700680272106,9.985504971219257,10.947305075876505,10.450654107796964,
2010-04-15,36.735740450026164,27.551700680272106,9.985504971219257,10.947305075876505,10.450654107796964,
2010-04-16,36.734587251828636,27.549268547544404,9.991797283176593,10.944252873563219,10.44994775339603,
2010-04-17,36.734587251828636,27.549268547544404,9.991797283176593,10.944252873563219,10.44994775339603,
2010-04-18,36.71533228676086,27.548560962846672,9.99492412349555,10.952014652014652,10.458503401360543,
2010-04-19,36.71533228676086,27.548560962846672,9.99492412349555,10.952014652014652,10.458503401360543,
2010-04-20,36.70151991614256,27.546278825995802,9.99727463312369,10.958228511530399,10.467085953878406,
2010-04-21,36.68186582809224,27.54234800838574,10.007494758909854,10.960587002096435,10.47416142557652,
2010-04-22,36.67922553636839,27.539926739926734,10.015332286760858,10.957509157509158,10.47184720041863,
2010-04-23,36.681295715778475,27.537513061650987,10.020010449320793,10.952873563218391,10.47110762800418,
2010-04-24,36.66666666666667,27.536787022501304,10.023181580324437,10.959079016221873,10.47498691784406,
2010-04-25,36.648925576519915,27.537316561844865,10.026205450733752,10.964439203354297,10.483752620545072,
2010-04-26,36.648925576519915,27.537316561844865,10.026205450733752,10.964439203354297,10.483752620545072,
2010-04-27,36.648925576519915,27.537316561844865,10.026205450733752,10.964439203354297,10.483752620545072,
2010-04-28,36.634250524109014,27.534958071278826,10.03590146750524,10.967059748427673,10.485587002096436,
2010-04-29,36.63168498168498,27.532548403976975,10.045264259549974,10.962401883830456,10.484824699110414,
2010-04-30,36.63168498168498,27.532548403976975,10.045264259549974,10.962401883830456,10.484824699110414,
2010-05-01,36.63168498168498,27.532548403976975,10.045264259549974,10.962401883830456,10.484824699110414,
2010-05-02,36.61223794549266,27.534958071278826,10.050052410901467,10.970204402515723,10.48715932914046,
2010-05-03,36.59745406824147,27.53422572178478,10.053280839895013,10.976456692913386,10.494225721784776,
2010-05-04,36.58498948475289,27.535068349106204,10.054942166140904,10.982728706624606,10.497371188222923,
2010-05-05,36.566062039957934,27.532702418506837,10.067560462670873,10.985094637223975,10.498948475289168,
2010-05-06,36.566062039957934,27.532702418506837,10.067560462670873,10.985094637223975,10.498948475289168,
2010-05-07,36.566062039957934,27.532702418506837,10.067560462670873,10.985094637223975,10.498948475289168,
2010-05-08,36.54957872564508,27.53512374934176,10.0724065297525,10.992969984202212,10.49815692469721,
2010-05-09,36.54957872564508,27.53512374934176,10.0724065297525,10.992969984202212,10.49815692469721,
2010-05-10,36.537790084388185,27.535970464135023,10.075685654008439,10.999287974683545,10.498945147679324,
2010-05-11,36.5353607161664,27.530384412848868,10.083464981569247,10.992969984202212,10.501316482359137,
2010-05-12,36.51956292785676,27.530384412848868,10.092943654555029,10.994549763033175,10.501316482359137,
2010-05-13,36.51956292785676,27.530384412848868,10.092943654555029,10.994549763033175,10.501316482359137,
2010-05-14,36.51243427970557,27.53112513144059,10.103838065194532,10.988249211356468,10.502103049421661,
2010-05-15,36.50218536071616,27.531964191679833,10.107161664033702,10.994549763033175,10.501316482359137,
2010-05-16,36.48557489451476,27.53438818565401,10.11207805907173,11.00245253164557,10.50210970464135,
2010-05-17,36.47525092445853,27.535235076597992,10.115425250924458,11.00879556259905,10.501320655044902,
2010-05-18,36.463306878306874,27.536084656084657,10.117195767195767,11.015158730158731,10.505291005291005,
2010-05-19,36.44505291005291,27.535291005291004,10.129100529100528,11.015158730158731,10.506084656084656,
2010-05-20,36.43959323824617,27.536027469624933,10.138404648705757,11.00879556259905,10.505282620179608,
2010-05-21,36.43889767932489,27.535179324894514,10.144514767932488,11.000870253164557,10.506065400843882,
2010-05-22,36.43889767932489,27.535179324894514,10.144514767932488,11.000870253164557,10.506065400843882,
2010-05-23,36.42374537770734,27.536027469624933,10.149498151082936,11.007210776545167,10.506867406233491,
2010-05-24,36.414894179894176,27.536878306878307,10.15132275132275,11.011984126984128,10.506084656084656,
2010-05-25,36.40442501324854,27.537731849496556,10.15474297827239,11.018362480127186,10.503709591944885,
2010-05-26,36.38640699523052,27.538526762056176,10.166666666666666,11.019687334393216,10.502649708532061,
2010-05-27,36.381031746031745,27.537671957671957,10.175925925925926,11.013306878306878,10.503439153439153,
2010-05-28,36.381031746031745,27.537671957671957,10.175925925925926,11.013306878306878,10.503439153439153,
2010-05-29,36.36701112877583,27.539480657127715,10.179067302596714,11.01809750927398,10.505511393746687,
2010-05-30,36.35406050955414,27.540339702760082,10.182537154989385,11.024495753715499,10.506316348195329,
2010-05-31,36.34505582137161,27.541201488569907,10.18442317916002,11.030914407230197,10.503934077618288,
2010-06-01,36.32432216905901,27.540404040404038,10.19558745348219,11.030914407230197,10.507123870281765,
2010-06-02,36.31664012738853,27.541135881104033,10.204830148619957,11.025291932059448,10.508704883227175,
2010-06-03,36.31664012738853,27.541135881104033,10.204830148619957,11.025291932059448,10.508704883227175,
2010-06-04,36.31295707472178,27.543455219925807,10.212453630100688,11.01730259671436,10.507896131425543,
2010-06-05,36.31295707472178,27.543455219925807,10.212453630100688,11.01730259671436,10.507896131425543,
2010-06-06,36.30071656050955,27.544320594479828,10.215976645435244,11.02369957537155,10.507112526539277,
2010-06-07,36.29162679425837,27.543593833067515,10.219510898458267,11.030116959064328,10.504731525784157,
2010-06-08,36.28250798722045,27.54605963791267,10.221458998935038,11.034957401490948,10.50234291799787,
2010-06-09,36.275677830940985,27.544391281233384,10.231472620946304,11.026927166400851,10.505528973950026,
2010-06-10,36.275677830940985,27.544391281233384,10.231472620946304,11.026927166400851,10.505528973950026,
2010-06-11,36.26727707006369,27.546709129511676,10.240658174097664,11.018922505307856,10.507908704883226,
2010-06-12,36.26727707006369,27.546709129511676,10.240658174097664,11.018922505307856,10.507908704883226,
2010-06-13,36.255741626794254,27.5491759702286,10.245029239766081,11.024534821903243,10.505528973950026,
2010-06-14,36.245766773162934,27.549254526091584,10.248615548455804,11.031762513312033,10.503141640042598,
2010-06-15,36.22979233226837,27.550851970181043,10.261395101171459,11.026970181043664,10.506336528221512,
2010-06-16,36.22145135566188,27.550770866560338,10.271345029239766,11.018952684742159,10.507921318447634,
2010-06-17,36.22145135566188,27.550770866560338,10.271345029239766,11.018952684742159,10.507921318447634,
2010-06-18,36.21632165605095,27.556263269639064,10.278874734607218,11.009368365180467,10.508704883227175,
2010-06-19,36.20550239234449,27.553960659223815,10.282509303561936,11.015762892078682,10.509516214779373,
2010-06-20,36.19624600638977,27.553248136315226,10.287752928647498,11.022177848775293,10.50713525026624,
2010-06-21,36.18776,27.55173333333333,10.290613333333333,11.028613333333332,10.506346666666666,
2010-06-22,36.17844551282051,27.54941239316239,10.292681623931625,11.03346688034188,10.508760683760682,
2010-06-23,36.16001602564102,27.54821047008547,10.308106303418803,11.031864316239316,10.511164529914529,
2010-06-24,36.16001602564102,27.54821047008547,10.308106303418803,11.031864316239316,10.511164529914529,
2010-06-25,36.16001602564102,27.54821047008547,10.308106303418803,11.031864316239316,10.511164529914529,
2010-06-26,36.15072231139647,27.54676297485286,10.31181112894596,11.03721241305511,10.510781166399143,
2010-06-27,36.141318327974275,27.542818863879955,10.31552786709539,11.043703108252947,10.513210075026794,
2010-06-28,36.131884057971014,27.540472356414384,10.320866881374128,11.050214707461084,10.512426194310251,
2010-06-29,36.114170692431564,27.537251744498118,10.335359634997316,11.043773483628556,10.517257112184648,
2010-06-30,36.10755627009647,27.53960342979635,10.344466773847802,11.035664523043945,10.519640943193997,
2010-07-01,36.10256821829856,27.543552701979664,10.355149812734082,11.02597645799893,10.518806848582129,
2010-07-02,36.09147909967846,27.541211146838155,10.360543944265808,11.030841371918543,10.521248660235798,
2010-07-03,36.08212560386473,27.538942565754155,10.364264626945786,11.035963499731615,10.521846484165325,
2010-07-04,36.08212560386473,27.538942565754155,10.364264626945786,11.035963499731615,10.521846484165325,
2010-07-05,36.07258064516129,27.534166666666664,10.368077956989247,11.042473118279569,10.523494623655914,
2010-07-06,36.06138933764136,27.530183091006997,10.371903607969843,11.047388260635433,10.527571351642434,
2010-07-07,36.04119547657512,27.529213785675818,10.387735595045772,11.042864835756596,10.529833064081851,
2010-07-08,36.04119547657512,27.529213785675818,10.387735595045772,11.042864835756596,10.529833064081851,
2010-07-09,36.02993527508091,27.52521574973031,10.39321736785329,11.047788565264293,10.533926645091693,
2010-07-10,36.02025931928687,27.521204754186925,10.398716909778498,11.054349000540247,10.534792004321988,
2010-07-11,36.02025931928687,27.521204754186925,10.398716909778498,11.054349000540247,10.534792004321988,
2010-07-12,36.00974025974026,27.51474567099567,10.404234307359307,11.061742424242423,10.536471861471862,
2010-07-13,35.999430894308944,27.50940379403794,10.408875338753386,11.067533875338752,10.539214092140922,
2010-07-14,35.979918699186996,27.506151761517614,10.425135501355014,11.064281842818428,10.542466124661248,
2010-07-15,35.979918699186996,27.506151761517614,10.425135501355014,11.064281842818428,10.542466124661248,
2010-07-16,35.96528455284553,27.506151761517614,10.436517615176152,11.061029810298102,10.545718157181572,
2010-07-17,35.96528455284553,27.506151761517614,10.436517615176152,11.061029810298102,10.545718157181572,
2010-07-18,35.955456026058634,27.497204125950052,10.442114549402822,11.06845819761129,10.549049945711184,
2010-07-19,35.94641109298532,27.487411636759106,10.447729744426319,11.075502990755846,10.551984774333878,
2010-07-20,35.930505709624796,27.48439369222403,10.461432843936922,11.07468733007069,10.553697661772702,
2010-07-21,35.91555193039696,27.475965198477432,10.477746057640022,11.070880913539968,10.558047852093528,
2010-07-22,35.91555193039696,27.475965198477432,10.477746057640022,11.070880913539968,10.558047852093528,
2010-07-23,35.90087003806416,27.469439912996194,10.493243610657967,11.068433931484503,10.562941816204459,
2010-07-24,35.89114923747277,27.460076252723315,10.498788126361655,11.07549019607843,10.566721132897603,
2010-07-25,35.89114923747277,27.460076252723315,10.498788126361655,11.07549019607843,10.566721132897603,
2010-07-26,35.89114923747277,27.460076252723315,10.498788126361655,11.07549019607843,10.566721132897603,
2010-07-27,35.88196944899072,27.451827605019098,10.504514457174032,11.080523731587562,10.570103655210037,
2010-07-28,35.873175381263614,27.453540305010897,10.515944989106753,11.07140522875817,10.570806100217865,
2010-07-29,35.873175381263614,27.453540305010897,10.515944989106753,11.07140522875817,10.570806100217865,
2010-07-30,35.873175381263614,27.453540305010897,10.515944989106753,11.07140522875817,10.570806100217865,
2010-07-31,35.873175381263614,27.453540305010897,10.515944989106753,11.07140522875817,10.570806100217865,
2010-08-01,35.873175381263614,27.453540305010897,10.515944989106753,11.07140522875817,10.570806100217865,
2010-08-02,35.873786142935074,27.443644298963452,10.52006273867976,11.07315875613748,10.572558647026732,
2010-08-03,35.87193989071038,27.431256830601097,10.524193989071039,11.078196721311475,10.576775956284152,
2010-08-04,35.863147845062734,27.433006001091112,10.534792689579923,11.069885433715221,10.57746863066012,
2010-08-05,35.85520152505446,27.438834422657955,10.545356753812635,11.059967320261437,10.57652505446623,
2010-08-06,35.85520152505446,27.438834422657955,10.545356753812635,11.059967320261437,10.57652505446623,
2010-08-07,35.85520152505446,27.438834422657955,10.545356753812635,11.059967320261437,10.57652505446623,
2010-08-08,35.85496453900709,27.428096017457722,10.549522640480086,11.060065466448444,10.580741953082379,
2010-08-09,35.85472677595628,27.41732240437159,10.55370218579235,11.06344262295082,10.583333333333332,
2010-08-10,35.85472677595628,27.41732240437159,10.55370218579235,11.06344262295082,10.583333333333332,
2010-08-11,35.84514457174031,27.419912711402077,10.56588925259138,11.054337152209492,10.584015275504637,
2010-08-12,35.84514457174031,27.419912711402077,10.56588925259138,11.054337152209492,10.584015275504637,
2010-08-13,35.84514457174031,27.419912711402077,10.56588925259138,11.054337152209492,10.584015275504637,
2010-08-14,35.84514457174031,27.419912711402077,10.56588925259138,11.054337152209492,10.584015275504637,
2010-08-15,35.84489071038251,27.409125683060115,10.5700956284153,11.054426229508197,10.588251366120218,
2010-08-16,35.84463601532567,27.398303229337717,10.574315818281335,11.05615763546798,10.592501368363436,
2010-08-17,35.83149972632731,27.39501915708813,10.590736179529284,11.054515599343185,10.59168035030104,
2010-08-18,35.82357923497268,27.396010928961754,10.603702185792349,11.044590163934426,10.591530054644808,
2010-08-19,35.82357923497268,27.396010928961754,10.603702185792349,11.044590163934426,10.591530054644808,
2010-08-20,35.815684669939984,27.401909438079656,10.612534097108565,11.03469721767594,10.590561920349154,
2010-08-21,35.815684669939984,27.401909438079656,10.612534097108565,11.03469721767594,10.590561920349154,
2010-08-22,35.8153825136612,27.391092896174868,10.616816939890711,11.03639344262295,10.593169398907103,
2010-08-23,35.81343732895457,27.380240831964976,10.621113847837986,11.039737274220032,10.59742747673782,
2010-08-24,35.809841008771926,27.367708333333336,10.627069627192983,11.044736842105262,10.601699561403509,
2010-08-25,35.801122058018606,27.367925561029015,10.640818281335523,11.036453201970444,10.601532567049809,
2010-08-26,35.801122058018606,27.367925561029015,10.640818281335523,11.036453201970444,10.601532567049809,
2010-08-27,35.79291187739463,27.36299945265463,10.65395457033388,11.029885057471263,10.606458675424193,
2010-08-28,35.794216008771926,27.352083333333336,10.656674890350876,11.033223684210526,10.609100877192981,
2010-08-29,35.79437122460186,27.341790225151016,10.659980779791324,11.03525535420099,10.61249313563976,
2010-08-30,35.792381738173816,27.33080308030803,10.664370187018703,11.038613861386139,10.61515401540154,
2010-08-31,35.792381738173816,27.33080308030803,10.664370187018703,11.038613861386139,10.61515401540154,
2010-09-01,35.78448654585392,27.332729269632072,10.67727896760022,11.03031301482702,10.613316858868755,
2010-09-02,35.7782620614035,27.337116228070176,10.687678179824562,11.020394736842107,10.612308114035088,
2010-09-03,35.7782620614035,27.337116228070176,10.687678179824562,11.020394736842107,10.612308114035088,
2010-09-04,35.7782620614035,27.337116228070176,10.687678179824562,11.020394736842107,10.612308114035088,
2010-09-05,35.77872048325096,27.3277869302581,10.69045853926414,11.022899505766064,10.614140582097749,
2010-09-06,35.77835533553355,27.316776677667768,10.693248074807482,11.026237623762377,10.616804180418043,
2010-09-07,35.77633608815427,27.304077134986226,10.697699724517907,11.029586776859505,10.621129476584024,
2010-09-08,35.76845434543454,27.302750275027503,10.713050055005501,11.02046204620462,10.620929592959296,
2010-09-09,35.76845434543454,27.302750275027503,10.713050055005501,11.02046204620462,10.620929592959296,
2010-09-10,35.76224601867106,27.308841295991215,10.723407468423943,11.010543657331137,10.619906644700714,
2010-09-11,35.765154015401535,27.2994499449945,10.726251375137513,11.012211221122113,10.620929592959296,
2010-09-12,35.76641873278236,27.288374655647385,10.730757575757575,11.012231404958678,10.625261707988981,
2010-09-13,35.76685982339956,27.281401766004414,10.73362306843267,11.013079470198676,10.626296909492275,
2010-09-14,35.76685982339956,27.281401766004414,10.73362306843267,11.013079470198676,10.626296909492275,
2010-09-15,35.75815426997245,27.279283746556473,10.748939393939395,11.003966942148761,10.626914600550965,
2010-09-16,35.75815426997245,27.279283746556473,10.748939393939395,11.003966942148761,10.626914600550965,
2010-09-17,35.75112761276127,27.282948294829485,10.760079757975799,10.994059405940595,10.626705170517052,
2010-09-18,35.75402203856749,27.275151515151517,10.762988980716253,10.992396694214877,10.62939393939394,
2010-09-19,35.75402203856749,27.275151515151517,10.762988980716253,10.992396694214877,10.62939393939394,
2010-09-20,35.753614790286974,27.265673289183223,10.767563465783665,10.994039735099339,10.630435982339957,
2010-09-21,35.747820088300216,27.259878587196468,10.783291942604857,10.989900662251657,10.628780353200884,
2010-09-22,35.73831955922864,27.256143250688705,10.801831955922866,10.980826446280993,10.628567493112948,
2010-09-23,35.73831955922864,27.256143250688705,10.801831955922866,10.980826446280993,10.628567493112948,
2010-09-24,35.73005509641873,27.251184573002757,10.8183608815427,10.972561983471076,10.630220385674932,
2010-09-25,35.73540286975717,27.24332229580574,10.821371412803533,10.97086092715232,10.631263796909494,
2010-09-26,35.73540286975717,27.24332229580574,10.821371412803533,10.97086092715232,10.631263796909494,
2010-09-27,35.73828081813156,27.232117191818684,10.824391929242676,10.970812603648426,10.633969043670536,
2010-09-28,35.73828081813156,27.232117191818684,10.824391929242676,10.970812603648426,10.633969043670536,
2010-09-29,35.728780353200875,27.230905077262694,10.842066777041943,10.961754966887417,10.632919426048566,
2010-09-30,35.728780353200875,27.230905077262694,10.842066777041943,10.961754966887417,10.632919426048566,
2010-10-01,35.7226170798898,27.234655647382922,10.854724517906336,10.951900826446282,10.631046831955924,
2010-10-02,35.728780353200875,27.226766004415012,10.856139624724062,10.95182119205298,10.63209161147903,
2010-10-03,35.73106688778331,27.217523493642897,10.860876174682145,10.951160862354893,10.63405196241017,
2010-10-04,35.73228128460686,27.206256921373203,10.863967331118495,10.952740863787376,10.636766334440752,
2010-10-05,35.73017193566278,27.19495285635053,10.867068774265114,10.955990016638935,10.641153632834165,
2010-10-06,35.72231450719823,27.192137320044296,10.885562015503876,10.946926910299004,10.639258028792913,
2010-10-07,35.716141514648974,27.191818684356,10.900677169707022,10.937064676616915,10.639856274184632,
2010-10-08,35.716141514648974,27.191818684356,10.900677169707022,10.937064676616915,10.639856274184632,
2010-10-09,35.718992248062015,27.183831672203766,10.903834440753046,10.938621262458472,10.639258028792913,
2010-10-10,35.72018857459789,27.17748197448697,10.907002218524681,10.93685524126456,10.641985579589573,
2010-10-11,35.719722222222224,27.166111111111114,10.910180555555556,10.938416666666667,10.646388888888888,
2010-10-12,35.719722222222224,27.166111111111114,10.910180555555556,10.938416666666667,10.646388888888888,
2010-10-13,35.70937326677759,27.162506932889627,10.931128674431504,10.927703826955074,10.646977260122018,
2010-10-14,35.70937326677759,27.162506932889627,10.931128674431504,10.927703826955074,10.646977260122018,
2010-10-15,35.701550387596896,27.163898117386488,10.947854374307862,10.917857142857143,10.645902547065337,
2010-10-16,35.701550387596896,27.163898117386488,10.947854374307862,10.917857142857143,10.645902547065337,
2010-10-17,35.70438158624515,27.15418746533555,10.951095396561287,10.917720465890183,10.648641153632834,
2010-10-18,35.70388888888888,27.142777777777777,10.954347222222223,10.91925,10.653055555555556,
2010-10-19,35.701725097384525,27.13132999443517,10.959279354479689,10.921619365609349,10.656649972175849,
2010-10-20,35.69305555555555,27.12888888888889,10.97851388888889,10.911472222222223,10.655833333333334,
2010-10-21,35.69305555555555,27.12888888888889,10.97851388888889,10.911472222222223,10.655833333333334,
2010-10-22,35.68691070438158,27.132002218524683,10.993524681087077,10.901636161952302,10.653078202995008,
2010-10-23,35.68691070438158,27.132002218524683,10.993524681087077,10.901636161952302,10.653078202995008,
2010-10-24,35.686388888888885,27.125555555555557,10.998513888888889,10.899805555555556,10.655833333333334,
2010-10-25,35.6875347801892,27.115748469671676,11.001850306065666,10.901307735114079,10.658597662771285,
2010-10-26,35.6875347801892,27.115748469671676,11.001850306065666,10.901307735114079,10.658597662771285,
2010-10-27,35.67972222222222,27.113333333333333,11.019625000000001,10.891472222222221,10.6575,
2010-10-28,35.67972222222222,27.113333333333333,11.019625000000001,10.891472222222221,10.6575,
2010-10-29,35.67972222222222,27.113333333333333,11.019625000000001,10.891472222222221,10.6575,
2010-10-30,35.67972222222222,27.113333333333333,11.019625000000001,10.891472222222221,10.6575,
2010-10-31,35.67902058987201,27.10484140233723,11.023998330550919,10.892793544796882,10.659654980523094,
2010-11-01,35.67902058987201,27.10484140233723,11.023998330550919,10.892793544796882,10.659654980523094,
2010-11-02,35.67902058987201,27.10484140233723,11.023998330550919,10.892793544796882,10.659654980523094,
2010-11-03,35.67038888888889,27.099666666666664,11.043958333333334,10.882138888888887,10.660222222222222,
2010-11-04,35.6642817526345,27.099500831946756,11.062188019966722,10.872351636161952,10.657459789240155,
2010-11-05,35.6642817526345,27.099500831946756,11.062188019966722,10.872351636161952,10.657459789240155,
2010-11-06,35.6642817526345,27.099500831946756,11.062188019966722,10.872351636161952,10.657459789240155,
2010-11-07,35.662055555555554,27.09133333333333,11.067291666666666,10.872138888888887,10.661888888888889,
2010-11-08,35.662055555555554,27.09133333333333,11.067291666666666,10.872138888888887,10.661888888888889,
2010-11-09,35.662055555555554,27.09133333333333,11.067291666666666,10.872138888888887,10.661888888888889,
2010-11-10,35.655130338325016,27.087853577371046,11.085482529118137,10.863200221852468,10.660787576261786,
2010-11-11,35.655130338325016,27.087853577371046,11.085482529118137,10.863200221852468,10.660787576261786,
2010-11-12,35.64905869324474,27.087707641196012,11.102782392026578,10.85346068660022,10.658859357696567,
2010-11-13,35.64905869324474,27.087707641196012,11.102782392026578,10.85346068660022,10.658859357696567,
2010-11-14,35.639091915836104,27.079401993355482,11.12437707641196,10.845155038759689,10.662181616832779,
2010-11-15,35.63349972268441,27.07287853577371,11.127911813643927,10.84822518025513,10.664947310038825,
2010-11-16,35.627464008859356,27.07109634551495,11.144310631229235,10.838510520487263,10.663842746400885,
2010-11-17,35.62310668877833,27.064344941956882,11.162313432835822,10.828828081813155,10.664400221116638,
2010-11-18,35.62310668877833,27.064344941956882,11.162313432835822,10.828828081813155,10.664400221116638,
2010-11-19,35.61749723145072,27.057807308970098,11.165905315614618,10.831866002214838,10.668826135105205,
2010-11-20,35.61749723145072,27.057807308970098,11.165905315614618,10.831866002214838,10.668826135105205,
2010-11-21,35.60919158361019,27.049501661129568,11.185838870431894,10.823560354374306,10.672148394241418,
2010-11-22,35.60354963948974,27.041264559068217,11.189475873544094,10.828258458125346,10.674930671103716,
2010-11-23,35.59788888888889,27.031333333333333,11.194791666666667,10.831305555555554,10.679388888888889,
2010-11-24,35.593566278424845,27.027537437603993,11.210690515806988,10.822434830837492,10.677426511369939,
2010-11-25,35.593566278424845,27.027537437603993,11.210690515806988,10.822434830837492,10.677426511369939,
2010-11-26,35.593566278424845,27.027537437603993,11.210690515806988,10.822434830837492,10.677426511369939,
2010-11-27,35.589555555555556,27.02425,11.214375,10.823805555555555,10.678555555555555,
2010-11-28,35.58122222222222,27.012583333333332,11.237708333333334,10.813805555555554,10.680222222222222,
2010-11-29,35.57551474680022,27.004257095158597,11.24144407345576,10.81850306065665,10.683027267668336,
2010-11-30,35.57551474680022,27.004257095158597,11.24144407345576,10.81850306065665,10.683027267668336,
2010-12-01,35.57288888888889,26.995916666666666,11.259375,10.808805555555555,10.681888888888889,
2010-12-02,35.5669439822518,26.995923460898503,11.275582362728786,10.799140321686078,10.68075429839157,
2010-12-03,35.56028840820854,26.98926788685524,11.29554908485857,10.789156960621186,10.68075429839157,
2010-12-04,35.556222222222225,26.98425,11.299375,10.792138888888887,10.683555555555555,
2010-12-05,35.54888888888889,26.972749999999998,11.319041666666667,10.783972222222221,10.686305555555556,
2010-12-06,35.54145798553144,26.962687813021702,11.32458263772955,10.790289371174179,10.689120756816918,
2010-12-07,35.53232998885173,26.952591973244147,11.331814381270902,10.794955406911928,10.693617614269789,
2010-12-08,35.52977184195882,26.945993322203673,11.347954924874792,10.783611574846967,10.692459654980524,
2010-12-09,35.52977184195882,26.945993322203673,11.347954924874792,10.783611574846967,10.692459654980524,
2010-12-10,35.525555555555556,26.946083333333334,11.362375,10.773972222222222,10.691305555555557,
2010-12-11,35.519755147468,26.940984974958262,11.367988313856427,10.776933778519755,10.692459654980524,
2010-12-12,35.50973845297718,26.930968280467447,11.386352253756261,10.771925431274346,10.69579855314413,
2010-12-13,35.502229654403564,26.922491638795986,11.3936872909699,10.776560758082496,10.698634336677816,
2010-12-14,35.502229654403564,26.922491638795986,11.3936872909699,10.776560758082496,10.698634336677816,
2010-12-15,35.499721758486366,26.917612687813023,11.4080550918197,10.765247634947134,10.699137451307736,
2010-12-16,35.495555555555555,26.917749999999998,11.422375,10.755638888888889,10.696305555555556,
2010-12-17,35.4930671103716,26.91955074875208,11.434983361064893,10.74606211869107,10.693483083749307,
2010-12-18,35.48555555555556,26.91275,11.440708333333333,10.748972222222221,10.696305555555556,
2010-12-19,35.47388888888889,26.90608333333333,11.460708333333333,10.742305555555555,10.69963888888889,
2010-12-20,35.4646633277685,26.899248747913187,11.466485809682805,10.7468836950473,10.704145798553144,
2010-12-21,35.463055555555556,26.898166666666665,11.478625000000001,10.736472222222222,10.70213888888889,
2010-12-22,35.463055555555556,26.898166666666665,11.478625000000001,10.736472222222222,10.70213888888889,
2010-12-23,35.463055555555556,26.898166666666665,11.478625000000001,10.736472222222222,10.70213888888889,
2010-12-24,35.455481357818584,26.88964941569282,11.484432387312188,10.741040623260991,10.70664997217585,
2010-12-25,35.44955406911929,26.882775919732442,11.48858695652174,10.743952062430322,10.709503901895207,
2010-12-26,35.43952062430323,26.87943143812709,11.505309364548495,10.737263099219621,10.712848383500559,
2010-12-27,35.428531546622,26.874204355108876,11.511180904522613,10.740173087660525,10.717392518146287,
2010-12-28,35.41680625348967,26.86247906197655,11.531281407035177,10.73179787828029,10.724092685650476,
2010-12-29,35.41680625348967,26.86247906197655,11.531281407035177,10.73179787828029,10.724092685650476,
2010-12-30,35.41680625348967,26.86247906197655,11.531281407035177,10.73179787828029,10.724092685650476,
2010-12-31,35.41680625348967,26.86247906197655,11.531281407035177,10.73179787828029,10.724092685650476,
2011-01-01,35.41680625348967,26.86247906197655,11.531281407035177,10.73179787828029,10.724092685650476,
2011-01-02,35.41230425055929,26.85729865771812,11.53645134228188,10.73319351230425,10.726649888143177,
2011-01-03,35.40459383753502,26.852016806722688,11.542394957983193,10.73610644257703,10.729551820728293,
2011-01-04,35.39282913165266,26.840252100840335,11.561722689075632,10.728543417366946,10.73543417366947,
2011-01-05,35.39282913165266,26.840252100840335,11.561722689075632,10.728543417366946,10.73543417366947,
2011-01-06,35.39384787472036,26.83884228187919,11.57420302013423,10.717253914988815,10.732522371364654,
2011-01-07,35.39384787472036,26.83884228187919,11.57420302013423,10.717253914988815,10.732522371364654,
2011-01-08,35.38610644257703,26.835210084033612,11.578529411764707,10.720140056022409,10.73543417366947,
2011-01-09,35.3793837535014,26.831848739495797,11.59701680672269,10.711736694677871,10.73543417366947,
2011-01-10,35.3699214365881,26.82651515151515,11.599705387205388,10.714618406285073,10.74172278338945,
2011-01-11,35.3699214365881,26.82651515151515,11.599705387205388,10.714618406285073,10.74172278338945,
2011-01-12,35.369299719887955,26.82344537815126,11.615504201680674,10.701652661064426,10.738795518207285,
2011-01-13,35.369299719887955,26.82344537815126,11.615504201680674,10.701652661064426,10.738795518207285,
2011-01-14,35.36868008948546,26.82709731543624,11.626216442953021,10.692086129753916,10.734200223713648,
2011-01-15,35.364257703081236,26.82176470588235,11.630630252100842,10.694929971988795,10.737114845938377,
2011-01-16,35.35417366946779,26.820084033613444,11.647436974789917,10.686526610644258,10.738795518207285,
2011-01-17,35.34466891133558,26.81641414141414,11.65189393939394,10.689365881032549,10.743406285072952,
2011-01-18,35.33513209668353,26.807672849915683,11.659738617200675,10.69390106801574,10.748032602585724,
2011-01-19,35.33625140291807,26.802946127946125,11.673779461279462,10.682631874298542,10.745089786756454,
2011-01-20,35.33625140291807,26.802946127946125,11.673779461279462,10.682631874298542,10.745089786756454,
2011-01-21,35.3340056022409,26.804957983193276,11.686092436974791,10.67140056022409,10.740476190476192,
2011-01-22,35.327833894500564,26.79957912457912,11.690614478114478,10.674214365881033,10.743406285072952,
2011-01-23,35.32084736251403,26.796801346801345,11.70820707070707,10.664113355780023,10.74306958473625,
2011-01-24,35.31074635241302,26.79175084175084,11.725042087542088,10.657379349046016,10.744753086419752,
2011-01-25,35.30148709315376,26.789225589225587,11.740193602693603,10.649803591470258,10.745594837261503,
2011-01-26,35.304341736694674,26.782857142857143,11.754075630252101,10.638627450980392,10.74266106442577,
2011-01-27,35.304341736694674,26.782857142857143,11.754075630252101,10.638627450980392,10.74266106442577,
2011-01-28,35.30550894854586,26.783221476510064,11.76623322147651,10.629166666666666,10.73805928411633,
2011-01-29,35.30550894854586,26.783221476510064,11.76623322147651,10.629166666666666,10.73805928411633,
2011-01-30,35.30047539149888,26.783221476510064,11.78133389261745,10.617421700223714,10.73805928411633,
2011-01-31,35.30047539149888,26.783221476510064,11.78133389261745,10.617421700223714,10.73805928411633,
2011-02-01,35.290896358543414,26.776134453781513,11.786008403361345,10.621820728291317,10.74266106442577,
2011-02-02,35.29208612975391,26.768120805369126,11.801468120805369,10.612388143176734,10.739737136465324,
2011-02-03,35.29327191513121,26.765159128978222,11.813525963149079,10.602987158012285,10.735147962032384,
2011-02-04,35.29327191513121,26.765159128978222,11.813525963149079,10.602987158012285,10.735147962032384,
2011-02-05,35.288730425055924,26.75973154362416,11.818246644295302,10.605676733780761,10.73805928411633,
2011-02-06,35.283696868008946,26.758053691275165,11.831669463087248,10.595609619686801,10.739737136465324,
2011-02-07,35.283696868008946,26.758053691275165,11.831669463087248,10.595609619686801,10.739737136465324,
2011-02-08,35.27408963585434,26.7509243697479,11.83810924369748,10.59829131652661,10.744341736694677,
2011-02-09,35.27530760626398,26.742953020134227,11.851803691275169,10.588898210290829,10.74309284116331,
2011-02-10,35.27530760626398,26.742953020134227,11.851803691275169,10.588898210290829,10.74309284116331,
2011-02-11,35.27652149637074,26.743383584589612,11.860427135678393,10.579536571747628,10.740173087660525,
2011-02-12,35.27195190156599,26.73791946308725,11.865226510067114,10.582186800894855,10.74309284116331,
2011-02-13,35.263562639821025,26.73456375838926,11.880327181208054,10.575475391498882,10.744770693512304,
2011-02-14,35.25517337807606,26.727852348993288,11.897105704697987,10.567086129753916,10.746448545861297,
2011-02-15,35.24551820728291,26.718991596638656,11.903655462184874,10.573081232492997,10.751064425770307,
2011-02-16,35.24678411633109,26.711073825503355,11.915562080536914,10.56373042505593,10.751482102908277,
2011-02-17,35.24678411633109,26.711073825503355,11.915562080536914,10.56373042505593,10.751482102908277,
2011-02-18,35.24720826353992,26.70904522613065,11.926591289782245,10.554410943606923,10.74854829704076,
2011-02-19,35.24091163310962,26.706879194630872,11.929823825503355,10.555341163310962,10.751482102908277,
2011-02-20,35.23629753914989,26.698322147651005,11.947189597315438,10.548126398210291,10.75123042505593,
2011-02-21,35.22829131652661,26.691092436974788,11.952142857142858,10.550728291316526,10.755854341736695,
2011-02-22,35.22829131652661,26.691092436974788,11.952142857142858,10.550728291316526,10.755854341736695,
2011-02-23,35.22958612975391,26.68951342281879,11.961031879194632,10.542673378076064,10.752488814317674,
2011-02-24,35.22920156337241,26.69003350083752,11.969472361809046,10.535064209938582,10.74787828029034,
2011-02-25,35.23049052396878,26.693896321070234,11.974540133779264,10.525808249721294,10.744955406911929,
2011-02-26,35.23049052396878,26.693896321070234,11.974540133779264,10.525808249721294,10.744955406911929,
2011-02-27,35.22547380156075,26.689715719063543,11.986245819397995,10.51995540691193,10.744955406911929,
2011-02-28,35.22547380156075,26.689715719063543,11.986245819397995,10.51995540691193,10.744955406911929,
2011-03-01,35.22082635399218,26.679983249581237,11.990410385259633,10.523338916806253,10.749553322166388,
2011-03-02,35.218784838350054,26.68051839464883,11.997115384615386,10.514102564102565,10.74829988851728,
2011-03-03,35.218784838350054,26.68051839464883,11.997115384615386,10.514102564102565,10.74829988851728,
2011-03-04,35.218784838350054,26.68051839464883,11.997115384615386,10.514102564102565,10.74829988851728,
2011-03-05,35.21580122836404,26.67328308207705,12.00213567839196,10.51496370742602,10.751228364042435,
2011-03-06,35.20910106085985,26.67328308207705,12.012185929648242,10.508263539921831,10.751228364042435,
2011-03-07,35.20910106085985,26.67328308207705,12.012185929648242,10.508263539921831,10.751228364042435,
2011-03-08,35.20190156599553,26.665184563758388,12.018078859060404,10.511633109619687,10.75584451901566,
2011-03-09,35.203238414293686,26.66407035175879,12.024748743718593,10.502400893355667,10.754578447794529,
2011-03-10,35.20289855072463,26.666304347826085,12.02972408026756,10.494871794871795,10.751644370122632,
2011-03-11,35.20289855072463,26.666304347826085,12.02972408026756,10.494871794871795,10.751644370122632,
2011-03-12,35.20289855072463,26.666304347826085,12.02972408026756,10.494871794871795,10.751644370122632,
2011-03-13,35.19788182831661,26.662959866220735,12.039757525083614,10.48901895206243,10.753316610925307,
2011-03-14,35.19788182831661,26.662959866220735,12.039757525083614,10.48901895206243,10.753316610925307,
2011-03-15,35.19151312116136,26.65569514237856,12.04317420435511,10.491513121161363,10.757928531546622,
2011-03-16,35.19314381270903,26.656270903010032,12.049790969899666,10.483723522853957,10.754988851727983,
2011-03-17,35.19314381270903,26.656270903010032,12.049790969899666,10.483723522853957,10.754988851727983,
2011-03-18,35.192821368948245,26.658514190317195,12.06306343906511,10.474568725653867,10.748720089037285,
2011-03-19,35.18979933110368,26.65292642140468,12.068185618729098,10.47536231884058,10.749972129319955,
2011-03-20,35.1814381270903,26.651254180602006,12.083235785953178,10.468673355629877,10.749972129319955,
2011-03-21,35.179465776293824,26.65183639398998,12.09645242070117,10.45954368391764,10.74538119087368,
2011-03-22,35.174749163879596,26.644565217391303,12.10163043478261,10.461984392419174,10.74829988851728,
2011-03-23,35.17111853088481,26.641819699499163,12.114816360601003,10.452865887590429,10.74538119087368,
2011-03-24,35.170833333333334,26.642416666666666,12.129625,10.443777777777777,10.73913888888889,
2011-03-25,35.170833333333334,26.642416666666666,12.129625,10.443777777777777,10.73913888888889,
2011-03-26,35.170833333333334,26.642416666666666,12.129625,10.443777777777777,10.73913888888889,
2011-03-27,35.16458333333333,26.639333333333333,12.149208333333334,10.432444444444444,10.737555555555556,
2011-03-28,35.16151919866444,26.63372287145242,12.152796327212021,10.433166388425152,10.74045631608236,
2011-03-29,35.15175585284281,26.6247491638796,12.159740802675586,10.4355629877369,10.746711259754738,
2011-03-30,35.148163606010016,26.6220367278798,12.17449916527546,10.42648859209794,10.742125765164163,
2011-03-31,35.148163606010016,26.6220367278798,12.17449916527546,10.42648859209794,10.742125765164163,
2011-04-01,35.14625,26.624333333333333,12.185875000000001,10.417444444444444,10.737555555555556,
2011-04-02,35.14315525876461,26.620367278797996,12.19119365609349,10.415637173066221,10.739621591541459,
2011-04-03,35.139583333333334,26.619333333333334,12.209208333333335,10.406611111111111,10.735055555555556,
2011-04-04,35.139583333333334,26.619333333333334,12.209208333333335,10.406611111111111,10.735055555555556,
2011-04-05,35.139583333333334,26.619333333333334,12.209208333333335,10.406611111111111,10.735055555555556,
2011-04-06,35.1310316139767,26.613311148086524,12.235482529118137,10.3942872989462,10.732168607875764,
2011-04-07,35.12749169435216,26.613953488372093,12.253363787375417,10.385326688815061,10.725968992248063,
2011-04-08,35.12749169435216,26.613953488372093,12.253363787375417,10.385326688815061,10.725968992248063,
2011-04-09,35.12770382695508,26.60831946755408,12.257113144758737,10.382640044370493,10.727176927343317,
2011-04-10,35.12603993344426,26.60332778702163,12.282071547420966,10.367665002773155,10.723849140321686,
2011-04-11,35.12291666666667,26.59766666666667,12.285875,10.368277777777777,10.726722222222223,
2011-04-12,35.12291666666667,26.59766666666667,12.285875,10.368277777777777,10.726722222222223,
2011-04-13,35.114392678868555,26.59334442595674,12.310357737104827,10.357681641708263,10.722185246810872,
2011-04-14,35.114392678868555,26.59334442595674,12.310357737104827,10.357681641708263,10.722185246810872,
2011-04-15,35.11171096345515,26.593189368770766,12.328945182724253,10.347120708748616,10.716832779623479,
2011-04-16,35.11171096345515,26.593189368770766,12.328945182724253,10.347120708748616,10.716832779623479,
2011-04-17,35.10755813953488,26.58405315614618,12.353862126245849,10.334662236987818,10.715171650055371,
2011-04-18,35.10755813953488,26.58405315614618,12.353862126245849,10.334662236987818,10.715171650055371,
2011-04-19,35.09925249169435,26.57574750830565,12.378779069767443,10.325249169435216,10.712956810631228,
2011-04-20,35.09925249169435,26.57574750830565,12.378779069767443,10.325249169435216,10.712956810631228,
2011-04-21,35.09925249169435,26.57574750830565,12.378779069767443,10.325249169435216,10.712956810631228,
2011-04-22,35.09925249169435,26.57574750830565,12.378779069767443,10.325249169435216,10.712956810631228,
2011-04-23,35.099417637271216,26.573377703826957,12.384400998336107,10.322462562396007,10.71414309484193,
2011-04-24,35.096089850249584,26.56505823627288,12.407695507487523,10.3108153078203,10.7108153078203,
2011-04-25,35.096089850249584,26.56505823627288,12.407695507487523,10.3108153078203,10.7108153078203,
2011-04-26,35.09125,26.557666666666666,12.414208333333335,10.312166666666666,10.713666666666667,
2011-04-27,35.08444259567388,26.55008319467554,12.438477537437604,10.301663893510815,10.7108153078203,
2011-04-28,35.08444259567388,26.55008319467554,12.438477537437604,10.301663893510815,10.7108153078203,
2011-04-29,35.08444259567388,26.55008319467554,12.438477537437604,10.301663893510815,10.7108153078203,
2011-04-30,35.084583333333335,26.542666666666666,12.444208333333334,10.3005,10.712,
2011-05-01,35.08219444444444,26.532944444444443,12.467986111111111,10.288,10.709055555555556,
2011-05-02,35.08219444444444,26.532944444444443,12.467986111111111,10.288,10.709055555555556,
2011-05-03,35.08219444444444,26.532944444444443,12.467986111111111,10.288,10.709055555555556,
2011-05-04,35.07540210759844,26.523738214087633,12.493829728230727,10.277537437603995,10.70454797559623,
2011-05-05,35.07527685492801,26.522868217054263,12.511281838316723,10.267109634551495,10.698394241417498,
2011-05-06,35.07515201768933,26.522001105583193,12.528676064123825,10.256716417910448,10.692260917634052,
2011-05-07,35.07693798449612,26.51456256921373,12.532876522702104,10.25548172757475,10.693410852713178,
2011-05-08,35.07693798449612,26.504595791805095,12.556132336655592,10.242192691029901,10.691749723145072,
2011-05-09,35.07693798449612,26.504595791805095,12.556132336655592,10.242192691029901,10.691749723145072,
2011-05-10,35.07693798449612,26.504595791805095,12.556132336655592,10.242192691029901,10.691749723145072,
2011-05-11,35.07017689331122,26.49712548369265,12.57842730790492,10.2318407960199,10.688944168048646,
2011-05-12,35.07017689331122,26.49712548369265,12.57842730790492,10.2318407960199,10.688944168048646,
2011-05-13,35.066749448123616,26.49630242825607,12.594025938189846,10.22317880794702,10.684492273730685,
2011-05-14,35.068518518518516,26.48883360972913,12.599986180210061,10.220232172470979,10.68562741846324,
2011-05-15,35.068518518518516,26.48220011055832,12.6198866777225,10.206965174129353,10.683969043670537,
2011-05-16,35.06863233665559,26.478017718715392,12.624238648947951,10.203986710963456,10.685105204872647,
2011-05-17,35.06863233665559,26.478017718715392,12.624238648947951,10.203986710963456,10.685105204872647,
2011-05-18,35.06437258153676,26.474737423991154,12.643103924820343,10.194112769485905,10.680237700386954,
2011-05-19,35.06437258153676,26.474737423991154,12.643103924820343,10.194112769485905,10.680237700386954,
2011-05-20,35.060954746136865,26.47064017660044,12.66025110375276,10.18385761589404,10.677455849889625,
2011-05-21,35.060954746136865,26.47064017660044,12.66025110375276,10.18385761589404,10.677455849889625,
2011-05-22,35.0617825607064,26.46650110375276,12.680118653421633,10.16978476821192,10.67414459161148,
2011-05-23,35.061885019347706,26.463957987838583,12.68290491984522,10.166749585406302,10.676920950801549,
2011-05-24,35.058665559246954,26.45642303433001,12.690683831672205,10.165365448504984,10.683028792912515,
2011-05-25,35.05359314538419,26.447374239911554,12.712755666113875,10.156799336650083,10.680237700386954,
2011-05-26,35.05359314538419,26.447374239911554,12.712755666113875,10.156799336650083,10.680237700386954,
2011-05-27,35.05184878587196,26.44994481236203,12.728131898454746,10.146605960264901,10.67414459161148,
2011-05-28,35.05184878587196,26.44994481236203,12.728131898454746,10.146605960264901,10.67414459161148,
2011-05-29,35.051517660044155,26.445419426048563,12.7467853200883,10.134961368653423,10.671274834437085,
2011-05-30,35.05160309563295,26.43952459922609,12.754657269209508,10.13186843559978,10.674046434494196,
2011-05-31,35.043311221669434,26.431232725262575,12.781191265892758,10.116943062465452,10.672388059701492,
2011-06-01,35.043311221669434,26.431232725262575,12.781191265892758,10.116943062465452,10.672388059701492,
2011-06-02,35.043311221669434,26.431232725262575,12.781191265892758,10.116943062465452,10.672388059701492,
2011-06-03,35.043311221669434,26.431232725262575,12.781191265892758,10.116943062465452,10.672388059701492,
2011-06-04,35.043311221669434,26.431232725262575,12.781191265892758,10.116943062465452,10.672388059701492,
2011-06-05,35.043311221669434,26.42294085129906,12.803579325594251,10.103676064123826,10.669071310116086,
2011-06-06,35.043311221669434,26.42294085129906,12.803579325594251,10.103676064123826,10.669071310116086,
2011-06-07,35.043311221669434,26.42294085129906,12.803579325594251,10.103676064123826,10.669071310116086,
2011-06-08,35.03496136865343,26.415618101545252,12.827083333333334,10.095226269315674,10.664652317880794,
2011-06-09,35.03159779614325,26.4132782369146,12.845550964187328,10.0868044077135,10.660247933884298,
2011-06-10,35.029895489548956,26.415896589658963,12.860657315731574,10.076760176017602,10.654207920792079,
2011-06-11,35.029895489548956,26.415896589658963,12.860657315731574,10.076760176017602,10.654207920792079,
2011-06-12,35.03319581958196,26.41012101210121,12.880459295929594,10.061908690869087,10.650907590759076,
2011-06-13,35.03325068870524,26.405840220385674,12.88522038567493,10.058705234159781,10.653636363636362,
2011-06-14,35.03325068870524,26.405840220385674,12.88522038567493,10.058705234159781,10.653636363636362,
2011-06-15,35.026595159515956,26.4002200220022,12.90686193619362,10.048707370737075,10.650907590759076,
2011-06-16,35.026595159515956,26.4002200220022,12.90686193619362,10.048707370737075,10.650907590759076,
2011-06-17,35.026595159515956,26.4002200220022,12.90686193619362,10.048707370737075,10.650907590759076,
2011-06-18,35.026595159515956,26.4002200220022,12.90686193619362,10.048707370737075,10.650907590759076,
2011-06-19,35.026595159515956,26.393619361936192,12.928314081408141,10.035506050605061,10.649257425742574,
2011-06-20,35.026595159515956,26.393619361936192,12.928314081408141,10.035506050605061,10.649257425742574,
2011-06-21,35.02243272926964,26.3888522789676,12.946554091158704,10.02638660076881,10.645716639209226,
2011-06-22,35.02157346491229,26.390679824561403,12.959799890350878,10.017297149122808,10.639720394736841,
2011-06-23,35.02157346491229,26.390679824561403,12.959799890350878,10.017297149122808,10.639720394736841,
2011-06-24,35.019896004378765,26.390038314176245,12.97628626163109,10.007416529830325,10.633743842364531,
2011-06-25,35.019896004378765,26.390038314176245,12.97628626163109,10.007416529830325,10.633743842364531,
2011-06-26,35.02027914614121,26.38440065681445,12.99604542966612,9.995648604269295,10.629748221127532,
2011-06-27,35.02027914614121,26.38440065681445,12.99604542966612,9.995648604269295,10.629748221127532,
2011-06-28,35.01866776315789,26.37845394736842,13.002617872807019,9.992351973684212,10.635718201754386,
2011-06-29,35.01371100164204,26.37290640394089,13.020675971538042,9.98415435139573,10.63303229337712,
2011-06-30,35.01371100164204,26.37290640394089,13.020675971538042,9.98415435139573,10.63303229337712,
2011-07-01,35.01371100164204,26.37290640394089,13.020675971538042,9.98415435139573,10.63303229337712,
2011-07-02,35.01371100164204,26.37290640394089,13.020675971538042,9.98415435139573,10.63303229337712,
2011-07-03,35.01781609195402,26.367980295566504,13.038738368910783,9.96937602627258,10.630569239189928,
2011-07-04,35.01781609195402,26.367980295566504,13.038738368910783,9.96937602627258,10.630569239189928,
2011-07-05,35.020312499999996,26.36282894736842,13.04373629385965,9.964391447368422,10.633251096491227,
2011-07-06,35.01699507389162,26.357307060755335,13.060084838533115,9.95623973727422,10.630569239189928,
2011-07-07,35.012049180327864,26.35672131147541,13.076379781420766,9.948114754098361,10.626256830601093,
2011-07-08,35.012049180327864,26.35672131147541,13.076379781420766,9.948114754098361,10.626256830601093,
2011-07-09,35.012049180327864,26.35672131147541,13.076379781420766,9.948114754098361,10.626256830601093,
2011-07-10,35.0161475409836,26.352622950819672,13.094412568306012,9.934180327868853,10.62051912568306,
2011-07-11,35.0161475409836,26.352622950819672,13.094412568306012,9.934180327868853,10.62051912568306,
2011-07-12,35.01453201970443,26.34663382594417,13.101135741652984,9.932430213464697,10.624822112753147,
2011-07-13,35.00795081967213,26.342786885245904,13.117363387978143,9.922704918032787,10.62379781420765,
2011-07-14,35.00795081967213,26.342786885245904,13.117363387978143,9.922704918032787,10.62379781420765,
2011-07-15,35.004664484451716,26.347135842880526,13.131901254773595,9.913011456628478,10.61786688488816,
2011-07-16,35.004664484451716,26.347135842880526,13.131901254773595,9.913011456628478,10.61786688488816,
2011-07-17,35.00711947626841,26.3430441898527,13.149904528096018,9.899918166939445,10.614593562465902,
2011-07-18,35.008770491803276,26.34032786885246,13.15506830601093,9.893196721311476,10.61724043715847,
2011-07-19,35.008770491803276,26.34032786885246,13.15506830601093,9.893196721311476,10.61724043715847,
2011-07-20,35.00548281505728,26.338952536824877,13.168726132024005,9.884779050736498,10.613366066557555,
2011-07-21,35.000571895424834,26.338398692810458,13.183156318082789,9.876797385620916,10.609095860566448,
2011-07-22,34.997308319738984,26.3394779771615,13.199170744970093,9.86721044045677,10.604839586731918,
2011-07-23,34.997308319738984,26.3394779771615,13.199170744970093,9.86721044045677,10.604839586731918,
2011-07-24,35.00138662316476,26.337030995106037,13.217930940728658,9.850897226753672,10.602392604676455,
2011-07-25,35.00138662316476,26.337030995106037,13.217930940728658,9.850897226753672,10.602392604676455,
2011-07-26,35.00138662316476,26.337030995106037,13.217930940728658,9.850897226753672,10.602392604676455,
2011-07-27,34.99812703583061,26.33485342019544,13.232233984799132,9.839739413680782,10.601411509229099,
2011-07-28,34.99812703583061,26.33485342019544,13.232233984799132,9.839739413680782,10.601411509229099,
2011-07-29,34.99812703583061,26.33485342019544,13.232233984799132,9.839739413680782,10.601411509229099,
2011-07-30,35.00628058727569,26.328874388254487,13.237506797172378,9.834584013050572,10.600761283306145,
2011-07-31,35.00481239804242,26.329037520391516,13.256348558999457,9.819657422512234,10.59758020663404,
2011-08-01,35.00481239804242,26.329037520391516,13.256348558999457,9.819657422512234,10.59758020663404,
2011-08-02,35.01053921568628,26.323039215686272,13.26003540305011,9.813643790849673,10.600190631808278,
2011-08-03,35.005628058727574,26.322512234910274,13.274293094072867,9.80252854812398,10.59921152800435,
2011-08-04,35.0007328990228,26.325244299674264,13.290133007600435,9.793078175895765,10.594978284473399,
2011-08-05,35.0105220228385,26.319249592169655,13.297131593257205,9.784584013050571,10.59594888526373,
2011-08-06,35.0105220228385,26.319249592169655,13.297131593257205,9.784584013050571,10.59594888526373,
2011-08-07,35.01541598694943,26.315986949429035,13.315076128330615,9.76990212071778,10.59268624252311,
2011-08-08,35.01541598694943,26.315986949429035,13.315076128330615,9.76990212071778,10.59268624252311,
2011-08-09,35.0187091503268,26.30833333333333,13.322126906318084,9.764624183006536,10.598556644880174,
2011-08-10,35.013784665579124,26.309461663947797,13.334651984774334,9.75358890701468,10.59594888526373,
2011-08-11,35.013784665579124,26.309461663947797,13.334651984774334,9.75358890701468,10.59594888526373,
2011-08-12,35.0121335504886,26.31384364820847,13.34550760043431,9.744218241042345,10.590092290988057,
2011-08-13,35.0121335504886,26.31384364820847,13.34550760043431,9.744218241042345,10.590092290988057,
2011-08-14,35.017019543973944,26.30814332247557,13.363422909880564,9.727117263843647,10.5892779587405,
2011-08-15,35.02520391517129,26.297226753670472,13.368909733550842,9.721778140293637,10.591870581837956,
2011-08-16,35.02190553745928,26.301628664495112,13.379709554831704,9.71327361563518,10.586834961997829,
2011-08-17,35.0169918699187,26.301138211382113,13.39210027100271,9.703983739837398,10.584254742547426,
2011-08-18,35.0169918699187,26.301138211382113,13.39210027100271,9.703983739837398,10.584254742547426,
2011-08-19,35.01534090909091,26.302272727272726,13.404450757575757,9.696347402597402,10.578436147186148,
2011-08-20,35.01534090909091,26.302272727272726,13.404450757575757,9.696347402597402,10.578436147186148,
2011-08-21,35.018587662337666,26.299837662337662,13.419872835497834,9.680925324675325,10.575189393939393,
2011-08-22,35.018587662337666,26.299837662337662,13.419872835497834,9.680925324675325,10.575189393939393,
2011-08-23,35.02186991869919,26.290569105691056,13.425433604336042,9.678780487804877,10.579376693766937,
2011-08-24,35.01696428571429,26.2900974025974,13.437729978354978,9.671185064935065,10.575189393939393,
2011-08-25,35.01531604538088,26.29124797406807,13.449986493787142,9.663614262560777,10.569394921663966,
2011-08-26,35.01531604538088,26.29124797406807,13.449986493787142,9.663614262560777,10.569394921663966,
2011-08-27,35.020860389610384,26.284577922077922,13.453963744588744,9.658522727272729,10.571455627705628,
2011-08-28,35.024918831168826,26.278896103896102,13.469385822510823,9.644724025974027,10.569020562770563,
2011-08-29,35.02983739837398,26.26959349593496,13.47340108401084,9.640894308943091,10.571571815718157,
2011-08-30,35.0364006514658,26.26188925081433,13.479058089033659,9.633794788273617,10.574131378935938,
2011-08-31,35.03308943089431,26.259837398373982,13.491287262872628,9.626260162601627,10.571571815718157,
2011-09-01,35.03303571428571,26.262662337662338,13.501853354978355,9.617126623376624,10.56577380952381,
2011-09-02,35.03303571428571,26.262662337662338,13.501853354978355,9.617126623376624,10.56577380952381,
2011-09-03,35.03303571428571,26.262662337662338,13.501853354978355,9.617126623376624,10.56577380952381,
2011-09-04,35.036282467532466,26.26022727272727,13.51808712121212,9.600892857142858,10.562527056277055,
2011-09-05,35.036282467532466,26.26022727272727,13.51808712121212,9.600892857142858,10.562527056277055,
2011-09-06,35.0379674796748,26.25252032520325,13.523807588075881,9.598617886178863,10.565067750677507,
2011-09-07,35.03303571428571,26.253733766233765,13.53269751082251,9.589529220779221,10.562527056277055,
2011-09-08,35.03303571428571,26.253733766233765,13.53269751082251,9.589529220779221,10.562527056277055,
2011-09-09,35.03217179902755,26.259805510534846,13.541558616963803,9.579659643435981,10.555942733657481,
2011-09-10,35.04034090909091,26.255357142857143,13.544061147186147,9.574107142857144,10.55522186147186,
2011-09-11,35.04845779220779,26.256980519480518,13.55704816017316,9.55625,10.550351731601731,
2011-09-12,35.055040650406504,26.249268292682924,13.559579945799458,9.550650406504065,10.552872628726288,
2011-09-13,35.055040650406504,26.249268292682924,13.559579945799458,9.550650406504065,10.552872628726288,
2011-09-14,35.04845779220779,26.253733766233765,13.568411796536797,9.54163961038961,10.550351731601731,
2011-09-15,35.04845779220779,26.253733766233765,13.568411796536797,9.54163961038961,10.550351731601731,
2011-09-16,35.04513776337115,26.259805510534846,13.577215018908698,9.534278768233388,10.544597514856834,
2011-09-17,35.0549512987013,26.253733766233765,13.58139880952381,9.527029220779221,10.543858225108226,
2011-09-18,35.05819805194805,26.253733766233765,13.597632575757576,9.510795454545455,10.538988095238095,
2011-09-19,35.05819805194805,26.253733766233765,13.597632575757576,9.510795454545455,10.538988095238095,
2011-09-20,35.058292682926826,26.2460162601626,13.60510840108401,9.508373983739839,10.543116531165312,
2011-09-21,35.054139610389605,26.249675324675323,13.614948593073594,9.499431818181819,10.538988095238095,
2011-09-22,35.054139610389605,26.249675324675323,13.614948593073594,9.499431818181819,10.538988095238095,
2011-09-23,35.05243111831442,26.25575364667747,13.622055645596976,9.490518638573745,10.531631550513236,
2011-09-24,35.0588474025974,26.249594155844157,13.626799242424243,9.48538961038961,10.531520562770561,
2011-09-25,35.06534090909091,26.251217532467532,13.639786255411256,9.467532467532468,10.526650432900432,
2011-09-26,35.06534090909091,26.24797077922078,13.652773268398269,9.456168831168831,10.52340367965368,
2011-09-27,35.06534090909091,26.24797077922078,13.652773268398269,9.456168831168831,10.52340367965368,
2011-09-28,35.05875202593193,26.252431118314426,13.661439762290653,9.444084278768234,10.517693138843867,
2011-09-29,35.05875202593193,26.252431118314426,13.661439762290653,9.444084278768234,10.517693138843867,
2011-09-30,35.05875202593193,26.252431118314426,13.661439762290653,9.444084278768234,10.517693138843867,
2011-10-01,35.05875202593193,26.252431118314426,13.661439762290653,9.444084278768234,10.517693138843867,
2011-10-02,35.061993517017825,26.25,13.671974608319827,9.427876823338735,10.512020529443543,
2011-10-03,35.061993517017825,26.25,13.671974608319827,9.427876823338735,10.512020529443543,
2011-10-04,35.06047077922078,26.242288961038962,13.677935606060606,9.426948051948052,10.516098484848484,
2011-10-05,35.05388978930308,26.24513776337115,13.683319827120476,9.416531604538088,10.510399783900594,
2011-10-06,35.04894822006472,26.25121359223301,13.688686623516721,9.406148867313917,10.503101402373247,
2011-10-07,35.05388978930308,26.24513776337115,13.694665045921123,9.401944894651539,10.505537547271745,
2011-10-08,35.0588474025974,26.239042207792206,13.70066287878788,9.397727272727273,10.504734848484848,
2011-10-09,35.0588474025974,26.239042207792206,13.71040313852814,9.383116883116884,10.49824134199134,
2011-10-10,35.0588474025974,26.239042207792206,13.71040313852814,9.383116883116884,10.49824134199134,
2011-10-11,35.0588474025974,26.239042207792206,13.71040313852814,9.383116883116884,10.49824134199134,
2011-10-12,35.05226904376013,26.240275526742302,13.71573473797947,9.374392220421393,10.494192328471096,
2011-10-13,35.05226904376013,26.240275526742302,13.71573473797947,9.374392220421393,10.494192328471096,
2011-10-14,35.05056634304207,26.24635922330097,13.719430960086301,9.36569579288026,10.486920172599783,
2011-10-15,35.05388978930308,26.241896272285253,13.72383846569422,9.363047001620746,10.486088600756347,
2011-10-16,35.05226904376013,26.24513776337115,13.731942193408969,9.348460291734197,10.479605618584548,
2011-10-17,35.052353896103895,26.23741883116883,13.736377164502166,9.347402597402597,10.48363095238095,
2011-10-18,35.052353896103895,26.23741883116883,13.736377164502166,9.347402597402597,10.48363095238095,
2011-10-19,35.04578606158833,26.24068071312804,13.74126148028093,9.338330632090761,10.47920043219881,
2011-10-20,35.04578606158833,26.24068071312804,13.74126148028093,9.338330632090761,10.47920043219881,
2011-10-21,35.04578606158833,26.24068071312804,13.74126148028093,9.338330632090761,10.47920043219881,
2011-10-22,35.04578606158833,26.24068071312804,13.74126148028093,9.338330632090761,10.47920043219881,
2011-10-23,35.04416531604538,26.239870340356564,13.750175580767154,9.323743922204214,10.473527822798486,
2011-10-24,35.04254457050243,26.236628849270666,13.758279308481901,9.312398703403566,10.470286331712586,
2011-10-25,35.039366883116884,26.228896103896105,13.764380411255411,9.312905844155845,10.474296536796535,
2011-10-26,35.03282009724473,26.230145867098866,13.768003781739601,9.302674230145866,10.470286331712586,
2011-10-27,35.03282009724473,26.230145867098866,13.768003781739601,9.302674230145866,10.470286331712586,
2011-10-28,35.03033980582524,26.238673139158575,13.769997303128372,9.293284789644012,10.463861920172599,
2011-10-29,35.02876823338736,26.23095623987034,13.776107509454349,9.292139384116693,10.466234467855212,
2011-10-30,35.02466234467855,26.22857914640735,13.786966504592113,9.276256077795786,10.463155051323609,
2011-10-31,35.02466234467855,26.22857914640735,13.786966504592113,9.276256077795786,10.463155051323609,
2011-11-01,35.02466234467855,26.22857914640735,13.786966504592113,9.276256077795786,10.463155051323609,
2011-11-02,35.01976806903991,26.231445523193095,13.790547464940671,9.266100323624595,10.459169363538296,
2011-11-03,35.01812062466344,26.23914916532041,13.792501346257406,9.257592891760904,10.451965535810446,
2011-11-04,35.01812062466344,26.23914916532041,13.792501346257406,9.257592891760904,10.451965535810446,
2011-11-05,35.01812062466344,26.23914916532041,13.792501346257406,9.257592891760904,10.451965535810446,
2011-11-06,35.01650511577814,26.240764674205707,13.798963381798602,9.243053311793215,10.450350026925149,
2011-11-07,35.01650511577814,26.240764674205707,13.798963381798602,9.243053311793215,10.450350026925149,
2011-11-08,35.01650511577814,26.240764674205707,13.798963381798602,9.243053311793215,10.450350026925149,
2011-11-09,35.013252688172045,26.243602150537633,13.80090053763441,9.232983870967741,10.446397849462365,
2011-11-10,35.013252688172045,26.243602150537633,13.80090053763441,9.232983870967741,10.446397849462365,
2011-11-11,35.01162104133119,26.249651100375736,13.806052066559314,9.224557165861514,10.440848094471283,
2011-11-12,35.01162104133119,26.249651100375736,13.806052066559314,9.224557165861514,10.440848094471283,
2011-11-13,35.01162104133119,26.25126140633387,13.812493290391842,9.213285024154588,10.437627482555019,
2011-11-14,35.01002688172043,26.24521505376344,13.817029569892474,9.210403225806452,10.441559139784946,
2011-11-15,35.01002688172043,26.24521505376344,13.817029569892474,9.210403225806452,10.441559139784946,
2011-11-16,35.00679012345679,26.248040794417605,13.820544820182503,9.200805152979065,10.438432635534085,
2011-11-17,35.00679012345679,26.248040794417605,13.820544820182503,9.200805152979065,10.438432635534085,
2011-11-18,35.00679012345679,26.248040794417605,13.820544820182503,9.200805152979065,10.438432635534085,
2011-11-19,35.00679012345679,26.248040794417605,13.820544820182503,9.200805152979065,10.438432635534085,
2011-11-20,35.00517981749866,26.248040794417605,13.828596349973163,9.18792270531401,10.436822329575952,
2011-11-21,35.00517981749866,26.248040794417605,13.828596349973163,9.18792270531401,10.436822329575952,
2011-11-22,35.00438172043011,26.239569892473117,13.83557795698925,9.185806451612903,10.440752688172042,
2011-11-23,35.005984970477726,26.23918411164788,13.835842726784758,9.17584541062802,10.436822329575952,
2011-11-24,35.004367631296894,26.242015005359058,13.840929796355843,9.165916398713826,10.432904608788853,
2011-11-25,35.004360620652754,26.24804708400214,13.842790262172286,9.156821829855538,10.426591760299624,
2011-11-26,35.004360620652754,26.24804708400214,13.842790262172286,9.156821829855538,10.426591760299624,
2011-11-27,35.004360620652754,26.246441947565543,13.849210807918675,9.142375601926163,10.424986623863028,
2011-11-28,35.004360620652754,26.246441947565543,13.849210807918675,9.142375601926163,10.424986623863028,
2011-11-29,35.004360620652754,26.246441947565543,13.849210807918675,9.142375601926163,10.424986623863028,
2011-11-30,35.00435363247863,26.244444444444444,13.852657585470087,9.132532051282052,10.422702991452992,
2011-12-01,35.00434666666667,26.250453333333333,13.856093333333336,9.12272,10.417226666666666,
2011-12-02,35.00434666666667,26.250453333333333,13.856093333333336,9.12272,10.417226666666666,
2011-12-03,35.0048344017094,26.24476495726496,13.862112713675215,9.117467948717948,10.418055555555556,
2011-12-04,35.00323183760684,26.239957264957265,13.870125534188036,9.103044871794872,10.418055555555556,
2011-12-05,35.00323183760684,26.239957264957265,13.870125534188036,9.103044871794872,10.418055555555556,
2011-12-06,35.00323183760684,26.239957264957265,13.870125534188036,9.103044871794872,10.418055555555556,
2011-12-07,35.00322666666666,26.239573333333333,13.873533333333334,9.09328,10.415786666666667,
2011-12-08,35.00322666666666,26.239573333333333,13.873533333333334,9.09328,10.415786666666667,
2011-12-09,35.00322666666666,26.239573333333333,13.873533333333334,9.09328,10.415786666666667,
2011-12-10,35.00563568376068,26.231944444444444,13.879740918803419,9.087820512820514,10.418055555555556,
2011-12-11,35.005626666666664,26.237973333333333,13.879933333333334,9.07808,10.412586666666666,
2011-12-12,35.00563568376068,26.230341880341882,13.884548611111112,9.075000000000001,10.416452991452992,
2011-12-13,35.00402666666667,26.236373333333333,13.887133333333335,9.06608,10.410986666666666,
2011-12-14,35.0040202342918,26.239190628328007,13.887313631522897,9.056389776357827,10.407135250266242,
2011-12-15,35.0040202342918,26.239190628328007,13.887313631522897,9.056389776357827,10.407135250266242,
2011-12-16,35.00241892610314,26.246783625730995,13.892278043593834,9.048325358851676,10.400106326422117,
2011-12-17,35.0040202342918,26.240788072417466,13.89689829605964,9.043610223642172,10.40234291799787,
2011-12-18,35.00241892610314,26.246783625730995,13.898657628920787,9.03397129186603,10.39691653375864,
2011-12-19,35.005617678381256,26.237593184238552,13.903288072417466,9.02923322683706,10.400745473908414,
2011-12-20,35.002426666666665,26.231573333333333,13.909533333333334,9.02768,10.404586666666667,
2011-12-21,35.002422790202345,26.234398296059638,13.909677848775294,9.016453674121406,10.399148029818956,
2011-12-22,35.002422790202345,26.234398296059638,13.909677848775294,9.016453674121406,10.399148029818956,
2011-12-23,35.00401382243488,26.24040404040404,13.913011695906434,9.006858054226475,10.392131844763425,
2011-12-24,35.00401382243488,26.24040404040404,13.913011695906434,9.006858054226475,10.392131844763425,
2011-12-25,35.007203615098355,26.24040404040404,13.919391281233388,8.994098883572567,10.387347155768209,
2011-12-26,35.007203615098355,26.24040404040404,13.919391281233388,8.994098883572567,10.387347155768209,
2011-12-27,35.007203615098355,26.24040404040404,13.919391281233388,8.994098883572567,10.387347155768209,
2011-12-28,35.007192144373676,26.2432059447983,13.919519639065818,8.984554140127388,10.383545647558387,
2011-12-29,35.007192144373676,26.2432059447983,13.919519639065818,8.984554140127388,10.383545647558387,
2011-12-30,35.007192144373676,26.2432059447983,13.919519639065818,8.984554140127388,10.383545647558387,
2011-12-31,35.007192144373676,26.2432059447983,13.919519639065818,8.984554140127388,10.383545647558387,
2012-01-01,35.009356725146205,26.236576289207868,13.925053163211057,8.979186602870813,10.384795321637426,
2012-01-02,35.009356725146205,26.236576289207868,13.925053163211057,8.979186602870813,10.384795321637426,
2012-01-03,35.01096911608094,26.23056443024494,13.93292066027689,8.975958466453674,10.385410010649627,
2012-01-04,35.01095162147794,26.231791600212652,13.93302764486975,8.966427432216905,10.38160552897395,
2012-01-05,35.01093418259023,26.237791932059444,13.936319002123142,8.955334394904458,10.374628450106156,
2012-01-06,35.01093418259023,26.237791932059444,13.936319002123142,8.955334394904458,10.374628450106156,
2012-01-07,35.01414141414142,26.23338649654439,13.941002126528442,8.952073365231259,10.375225943646996,
2012-01-08,35.014118895966035,26.237791932059444,13.944280785562633,8.942595541401273,10.369851380042462,
2012-01-09,35.01254651780968,26.230196703880914,13.948976608187134,8.940909090909091,10.373631047315257,
2012-01-10,35.00937167199148,26.222577209797656,13.956882321618743,8.939217252396165,10.377422790202342,
2012-01-11,35.01095162147794,26.22222222222222,13.960140882509304,8.928149920255184,10.372036150983519,
2012-01-12,35.01095162147794,26.22222222222222,13.960140882509304,8.928149920255184,10.372036150983519,
2012-01-13,35.012526539278134,26.229830148619957,13.961796709129512,8.920302547770701,10.365074309978768,
2012-01-14,35.01414141414142,26.22381711855396,13.968115364167996,8.916985645933014,10.365656565656565,
2012-01-15,35.014118895966035,26.228237791932056,13.9713508492569,8.907563694267516,10.360297239915074,
2012-01-16,35.01095162147794,26.22222222222222,13.976089845826687,8.905821371610845,10.364061669324826,
2012-01-17,35.01095162147794,26.22222222222222,13.976089845826687,8.905821371610845,10.364061669324826,
2012-01-18,35.01093418259023,26.223460721868364,13.977720276008492,8.896417197452228,10.358704883227176,
2012-01-19,35.01250662427133,26.227874933757285,13.979345521992581,8.88704292527822,10.353365129835717,
2012-01-20,35.01250662427133,26.227874933757285,13.979345521992581,8.88704292527822,10.353365129835717,
2012-01-21,35.012526539278134,26.223460721868364,13.984089702760084,8.883678343949045,10.35552016985138,
2012-01-22,35.01250662427133,26.227874933757285,13.985704822469527,8.874324324324323,10.350185479597243,
2012-01-23,35.01250662427133,26.227874933757285,13.985704822469527,8.874324324324323,10.350185479597243,
2012-01-24,35.00934182590234,26.218683651804668,13.993643842887474,8.874124203821657,10.353927813163482,
2012-01-25,35.01012188659248,26.221515633280337,13.996436142024377,8.865580286168521,10.348595654478007,
2012-01-26,35.01169312169313,26.225925925925925,13.9980291005291,8.85626984126984,10.343280423280422,
2012-01-27,35.01325937665082,26.231907025884837,14.00120179609086,8.846988906497623,10.337982039091388,
2012-01-28,35.01169312169313,26.227513227513224,14.005965608465608,8.84515873015873,10.34010582010582,
2012-01-29,35.00994708994709,26.225925925925925,14.012949735449737,8.831825396825398,10.335978835978835,
2012-01-30,35.00837307896131,26.2199258081611,14.01932962374139,8.829968203497616,10.338102808691042,
2012-01-31,35.00837307896131,26.2199258081611,14.01932962374139,8.829968203497616,10.338102808691042,
2012-02-01,35.00994708994709,26.221164021164018,14.020886243386245,8.820714285714287,10.334391534391534,
2012-02-02,35.01151611199155,26.225567881669306,14.022437929212892,8.81148969889065,10.329107237189644,
2012-02-03,35.01151611199155,26.225567881669306,14.022437929212892,8.81148969889065,10.329107237189644,
2012-02-04,35.01153439153439,26.219576719576718,14.027235449735452,8.809603174603176,10.33121693121693,
2012-02-05,35.01151611199155,26.22239830956154,14.02719228737454,8.800396196513471,10.325937665081879,
2012-02-06,35.01151611199155,26.22239830956154,14.02719228737454,8.800396196513471,10.325937665081879,
2012-02-07,35.00835978835979,26.21481481481481,14.03517195767196,8.800079365079366,10.328042328042327,
2012-02-08,35.01310089804543,26.21605916534601,14.03353143159007,8.790887480190175,10.324352879027996,
2012-02-09,35.01310089804543,26.21605916534601,14.03353143159007,8.790887480190175,10.324352879027996,
2012-02-10,35.016244725738396,26.220464135021096,14.033478375527428,8.781724683544304,10.31909282700422,
2012-02-11,35.01468568409931,26.214474379292128,14.039870575805601,8.779793977812995,10.319598520866348,
2012-02-12,35.016244725738396,26.215717299578056,14.039807489451478,8.770648734177216,10.315928270042193,
2012-02-13,35.01468568409931,26.208135235076597,14.044624933967249,8.767115689381933,10.319598520866348,
2012-02-14,35.01468568409931,26.208135235076597,14.044624933967249,8.767115689381933,10.319598520866348,
2012-02-15,35.01940928270042,26.207805907172993,14.042972046413505,8.756408227848102,10.317510548523206,
2012-02-16,35.01940928270042,26.207805907172993,14.042972046413505,8.756408227848102,10.317510548523206,
2012-02-17,35.02095839915745,26.212216956292785,14.046063717746184,8.747314375987362,10.31226961558715,
2012-02-18,35.02095839915745,26.212216956292785,14.046063717746184,8.747314375987362,10.31226961558715,
2012-02-19,35.02095839915745,26.21063717746182,14.050803054239076,8.736255924170617,10.307530279094259,
2012-02-20,35.02095839915745,26.21063717746182,14.050803054239076,8.736255924170617,10.307530279094259,
2012-02-21,35.02095839915745,26.21063717746182,14.050803054239076,8.736255924170617,10.307530279094259,
2012-02-22,35.024079915878026,26.211093585699263,14.052694532071506,8.727602523659307,10.30349631966351,
2012-02-23,35.02876640419947,26.210761154855643,14.054186351706038,8.718582677165355,10.298293963254592,
2012-02-24,35.02876640419947,26.210761154855643,14.054186351706038,8.718582677165355,10.298293963254592,
2012-02-25,35.02747108307045,26.204232386961095,14.061842797055732,8.715378548895899,10.298449001051525,
2012-02-26,35.02742782152231,26.205485564304464,14.063320209973755,8.706377952755906,10.294829396325458,
2012-02-27,35.025893796004205,26.19792323869611,14.068151945320716,8.704337539432178,10.298449001051525,
2012-02-28,35.02277514481306,26.188757240652976,14.074578725645077,8.703870458135862,10.302080042127434,
2012-02-29,35.02747108307045,26.188459516298632,14.0744610935857,8.6948738170347,10.298449001051525,
2012-03-01,35.03057742782153,26.191312335958006,14.074343832020999,8.685905511811024,10.293254593175853,
2012-03-02,35.0290483701367,26.18688222923239,14.08234752891693,8.680678233438487,10.293717139852786,
2012-03-03,35.02593470247499,26.18243812532912,14.090376513954714,8.678593996840442,10.292601369141654,
2012-03-04,35.025893796004205,26.18530494216614,14.09023396424816,8.669637223974764,10.287407991587802,
2012-03-05,35.025893796004205,26.18530494216614,14.09023396424816,8.669637223974764,10.287407991587802,
2012-03-06,35.025893796004205,26.18530494216614,14.09023396424816,8.669637223974764,10.287407991587802,
2012-03-07,35.02900262467192,26.18501312335958,14.091666666666667,8.660708661417322,10.283805774278214,
2012-03-08,35.02900262467192,26.18501312335958,14.091666666666667,8.660708661417322,10.283805774278214,
2012-03-09,35.03052935010482,26.191011530398324,14.091522536687632,8.65180817610063,10.278642557651992,
2012-03-10,35.03052935010482,26.191011530398324,14.091522536687632,8.65180817610063,10.278642557651992,
2012-03-11,35.0289570230608,26.189439203354297,14.097811844863733,8.640801886792453,10.273925576519915,
2012-03-12,35.02585301837271,26.181863517060368,14.102690288713912,8.638661417322835,10.27750656167979,
2012-03-13,35.02585301837271,26.181863517060368,14.102690288713912,8.638661417322835,10.27750656167979,
2012-03-14,35.027384696016775,26.181577568134173,14.104101153039833,8.629795597484277,10.27549790356394,
2012-03-15,35.027384696016775,26.181577568134173,14.104101153039833,8.629795597484277,10.27549790356394,
2012-03-16,35.03048142333857,26.187571951857667,14.102367870225015,8.620957613814756,10.270355834641549,
2012-03-17,35.0289570230608,26.181577568134173,14.107245807127883,8.618789308176101,10.27235324947589,
2012-03-18,35.02891156462585,26.18286237571952,14.107077446363162,8.611538461538462,10.268785975928832,
2012-03-19,35.02891156462585,26.18286237571952,14.107077446363162,8.611538461538462,10.268785975928832,
2012-03-20,35.027384696016775,26.175288259958073,14.111962788259959,8.60935534591195,10.27235324947589,
2012-03-21,35.028126635269494,26.178152799581373,14.114141810570382,8.60094191522763,10.268785975928832,
2012-03-22,35.03121734587252,26.179440961337512,14.113962904911181,8.59373040752351,10.26522988505747,
2012-03-23,35.03121734587252,26.179440961337512,14.113962904911181,8.59373040752351,10.26522988505747,
2012-03-24,35.03126635269493,26.17501308215594,14.118851386708531,8.589952904238618,10.2656462585034,
2012-03-25,35.02859759288331,26.172108843537412,14.127014652014655,8.579356357927788,10.262271062271061,
2012-03-26,35.02859759288331,26.172108843537412,14.127014652014655,8.579356357927788,10.262271062271061,
2012-03-27,35.025457875457874,26.167399267399265,14.136433804290949,8.573076923076924,10.259131344845631,
2012-03-28,35.02698537095089,26.1671368861024,14.13621995820272,8.565909090909091,10.257157784743992,
2012-03-29,35.02859759288331,26.1611198325484,14.141143380429098,8.562087912087913,10.2559916274202,
2012-03-30,35.03012016718913,26.165569487983277,14.140922152560085,8.553369905956114,10.250888192267503,
2012-03-31,35.03016745159602,26.1611198325484,14.145852956567245,8.551098901098902,10.249712192569335,
2012-04-01,35.03090386624869,26.160867293625913,14.14405694879833,8.543181818181818,10.246185997910136,
2012-04-02,35.03090386624869,26.160867293625913,14.14405694879833,8.543181818181818,10.246185997910136,
2012-04-03,35.03090386624869,26.160867293625913,14.150326541274818,8.533777429467085,10.238349007314524,
2012-04-04,35.03085550339072,26.162180490349503,14.150091288471572,8.52511737089202,10.233281168492436,
2012-04-05,35.03085550339072,26.162180490349503,14.150091288471572,8.52511737089202,10.233281168492436,
2012-04-06,35.03085550339072,26.162180490349503,14.150091288471572,8.52511737089202,10.233281168492436,
2012-04-07,35.032471264367814,26.156165099268545,14.155028735632186,8.522805642633228,10.232079414838035,
2012-04-08,35.03398539384455,26.155920709441833,14.153221178925406,8.515727699530517,10.227021387584768,
2012-04-09,35.035494791666665,26.15255208333333,14.148294270833336,8.510234375,10.223541666666666,
2012-04-10,35.0292905581638,26.144966092853412,14.157916014606158,8.511032863849765,10.225456442357851,
2012-04-11,35.02924479166667,26.14786458333333,14.156106770833336,8.503984375,10.220416666666667,
2012-04-12,35.02924479166667,26.14786458333333,14.156106770833336,8.503984375,10.220416666666667,
2012-04-13,35.029199167966716,26.14919396775871,14.155863234529383,8.495397815912638,10.213832553302131,
2012-04-14,35.029199167966716,26.14919396775871,14.155863234529383,8.495397815912638,10.213832553302131,
2012-04-15,35.03075923036921,26.144513780551218,14.15742329693188,8.48603744149766,10.206032241289652,
2012-04-16,35.029199167966716,26.138273530941234,14.160543421736872,8.47823712948518,10.20291211648466,
2012-04-17,35.029199167966716,26.138273530941234,14.160543421736872,8.47823712948518,10.20291211648466,
2012-04-18,35.02876427829699,26.138836967808928,14.158735721703014,8.471651090342679,10.19792315680166,
2012-04-19,35.02876427829699,26.138836967808928,14.158735721703014,8.471651090342679,10.19792315680166,
2012-04-20,35.02876427829699,26.138836967808928,14.158735721703014,8.471651090342679,10.19792315680166,
2012-04-21,35.0272490899636,26.135933437337492,14.166783671346856,8.469266770670828,10.195111804472178,
2012-04-22,35.0256890275611,26.132501300052002,14.170995839833594,8.459126365054603,10.189963598543942,
2012-04-23,35.021008840353616,26.127821112844515,14.176196047841913,8.451846073842953,10.185283411336453,
2012-04-24,35.021008840353616,26.127821112844515,14.176196047841913,8.451846073842953,10.185283411336453,
2012-04-25,35.02097611630322,26.124506749740394,14.172806334371753,8.446469366562825,10.180321910695742,
2012-04-26,35.02097611630322,26.124506749740394,14.172806334371753,8.446469366562825,10.180321910695742,
2012-04-27,35.02094349403836,26.12897874546397,14.172537584240537,8.437998963193364,10.173820632452047,
2012-04-28,35.01941848390447,26.12606438213915,14.179036863966768,8.435565939771546,10.169418483904465,
2012-04-29,35.01938828408502,26.125868325557285,14.177203214100569,8.430222913426645,10.164489372731985,
2012-04-30,35.01938828408502,26.125868325557285,14.177203214100569,8.430222913426645,10.164489372731985,
2012-05-01,35.016277864178335,26.11964748574391,14.184979263867287,8.422446863659927,10.159823742871954,
2012-05-02,35.017805383022775,26.117908902691514,14.181586438923395,8.415579710144927,10.156469979296066,
2012-05-03,35.01159420289855,26.116356107660458,14.187797619047618,8.407815734989647,10.150258799171842,
2012-05-04,35.008501814411616,26.111871435977193,14.19431052358735,8.405339554173146,10.148937273198548,
2012-05-05,35.006957424714436,26.11048805815161,14.200843717549324,8.402855659397716,10.142938733125648,
2012-05-06,35.005391394504926,26.111871435977193,14.198976153447381,8.397563504406428,10.138050803525141,
2012-05-07,35.005391394504926,26.111871435977193,14.198976153447381,8.397563504406428,10.138050803525141,
2012-05-08,35.005391394504926,26.111871435977193,14.198976153447381,8.397563504406428,10.138050803525141,
2012-05-09,35.00590062111801,26.11273291925466,14.199184782608695,8.391770186335403,10.132142857142858,
2012-05-10,35.00590062111801,26.11273291925466,14.199184782608695,8.391770186335403,10.132142857142858,
2012-05-11,35.00590062111801,26.11273291925466,14.199184782608695,8.391770186335403,10.132142857142858,
2012-05-12,35.004341085271314,26.114108527131787,14.197325581395349,8.384961240310078,10.127286821705427,
2012-05-13,35.002795031055896,26.114285714285717,14.203843167701862,8.382453416149069,10.121273291925466,
2012-05-14,34.998133748055984,26.111353032659412,14.210381026438569,8.379937791601867,10.1199066874028,
2012-05-15,34.99710144927536,26.114285714285717,14.2095367494824,8.374689440993789,10.113509316770187,
2012-05-16,34.997105943152455,26.120310077519385,14.207661498708008,8.367906976744186,10.105581395348837,
2012-05-17,34.997105943152455,26.120310077519385,14.207661498708008,8.367906976744186,10.105581395348837,
2012-05-18,34.99401444788442,26.126315789473686,14.205792053663568,8.362693498452012,10.097678018575852,
2012-05-19,34.99401444788442,26.126315789473686,14.205792053663568,8.362693498452012,10.097678018575852,
2012-05-20,34.99246646026832,26.126315789473686,14.208888028895768,8.354953560371518,10.086842105263159,
2012-05-21,34.98780361757106,26.12341085271318,14.213863049095606,8.353953488372094,10.085426356589148,
2012-05-22,34.98472652218783,26.132507739938085,14.213531991744064,8.347213622291022,10.079102167182663,
2012-05-23,34.98191653786708,26.1353941267388,14.212171561051004,8.342812982998455,10.072539927872231,
2012-05-24,34.97731481481481,26.14135802469136,14.208757716049382,8.339197530864197,10.066255144032922,
2012-05-25,34.976579352850536,26.14730354391372,14.2076656394453,8.333281972265024,10.059219311761685,
2012-05-26,34.97345679012346,26.14398148148148,14.214621913580247,8.331635802469137,10.05545267489712,
2012-05-27,34.97187017001546,26.142658423493042,14.222681607418858,8.329057187017002,10.049356002060794,
2012-05-28,34.97187017001546,26.142658423493042,14.222681607418858,8.329057187017002,10.049356002060794,
2012-05-29,34.961051004636786,26.145749613601236,14.231955177743432,8.32287480680062,10.041628026790315,
2012-05-30,34.95648148148148,26.147067901234568,14.230054012345681,8.317746913580248,10.035390946502059,
2012-05-31,34.95648148148148,26.147067901234568,14.230054012345681,8.317746913580248,10.035390946502059,
2012-06-01,34.95648148148148,26.147067901234568,14.230054012345681,8.317746913580248,10.035390946502059,
2012-06-02,34.95648148148148,26.147067901234568,14.230054012345681,8.317746913580248,10.035390946502059,
2012-06-03,34.950308641975305,26.150154320987653,14.233140432098766,8.311574074074075,10.024588477366255,
2012-06-04,34.950308641975305,26.150154320987653,14.233140432098766,8.311574074074075,10.024588477366255,
2012-06-05,34.94833076527992,26.15659989727786,14.232781201848999,8.305957883923986,10.01633281972265,
2012-06-06,34.9468717948718,26.162512820512816,14.230884615384616,8.300871794871794,10.008615384615386,
2012-06-07,34.9468717948718,26.162512820512816,14.230884615384616,8.300871794871794,10.008615384615386,
2012-06-08,34.94062660503339,26.16122239342578,14.23740369799692,8.29979455572676,10.007087827426812,
2012-06-09,34.94062660503339,26.16122239342578,14.23740369799692,8.29979455572676,10.007087827426812,
2012-06-10,34.932922444786854,26.1658448895737,14.243567026194146,8.292090395480226,9.996302003081665,
2012-06-11,34.928189300411525,26.163014403292177,14.248572530864198,8.29099794238683,9.994753086419754,
2012-06-12,34.92829994863893,26.17046738572162,14.246648690292758,8.285927067283,9.987057010785826,
2012-06-13,34.923794871794875,26.17174358974359,14.246269230769231,8.280871794871794,9.98246153846154,
2012-06-14,34.923794871794875,26.17174358974359,14.246269230769231,8.280871794871794,9.98246153846154,
2012-06-15,34.922375832053255,26.18069636456733,14.244354838709679,8.275832053251408,9.974807987711214,
2012-06-16,34.922375832053255,26.18069636456733,14.244354838709679,8.275832053251408,9.974807987711214,
2012-06-17,34.91776753712238,26.185304659498204,14.247427035330261,8.269687660010241,9.965591397849463,
2012-06-18,34.91776753712238,26.185304659498204,14.247427035330261,8.269687660010241,9.965591397849463,
2012-06-19,34.913159242191504,26.18991295442908,14.25357142857143,8.262007168458782,9.957910906298004,
2012-06-20,34.9109918200409,26.191922290388543,14.253565950920246,8.257387525562372,9.951840490797547,
2012-06-21,34.9109918200409,26.191922290388543,14.253565950920246,8.257387525562372,9.951840490797547,
2012-06-22,34.90959673302706,26.196988259315976,14.252411944869833,8.252399183256763,9.945022970903523,
2012-06-23,34.90669734151329,26.19560327198364,14.258473926380368,8.248951942740286,9.943251533742332,
2012-06-24,34.90362985685072,26.200204498977506,14.263075153374233,8.241283231083845,9.932515337423313,
2012-06-25,34.90224604389995,26.207554874936193,14.262672281776416,8.23631955079122,9.926493108728943,
2012-06-26,34.89442740286299,26.203271983640082,14.272277607361962,8.235148261758692,9.927914110429448,
2012-06-27,34.89305768249107,26.204492087799895,14.27032924961715,8.228662582950484,9.92343032159265,
2012-06-28,34.89305768249107,26.204492087799895,14.27032924961715,8.228662582950484,9.92343032159265,
2012-06-29,34.89305768249107,26.204492087799895,14.27032924961715,8.228662582950484,9.92343032159265,
2012-06-30,34.89135991820041,26.201738241308792,14.278412576687115,8.224412065439672,9.920245398773005,
2012-07-01,34.889994895354775,26.20908626850434,14.27645482388974,8.219474221541603,9.914241960183768,
2012-07-02,34.889994895354775,26.20908626850434,14.27645482388974,8.219474221541603,9.914241960183768,
2012-07-03,34.890163098878695,26.21335372069317,14.276032110091743,8.21302242609582,9.906727828746178,
2012-07-04,34.891857506361326,26.214554707379133,14.272557251908397,8.205063613231552,9.902290076335877,
2012-07-05,34.892022357723576,26.22032520325203,14.272141768292682,8.198653455284553,9.897865853658537,
2012-07-06,34.892022357723576,26.22032520325203,14.272141768292682,8.198653455284553,9.897865853658537,
2012-07-07,34.89033078880407,26.216081424936387,14.280190839694656,8.19590330788804,9.894656488549618,
2012-07-08,34.888973577235774,26.22032520325203,14.279763719512195,8.191031504065041,9.888719512195122,
2012-07-09,34.88422391857507,26.216081424936387,14.287824427480915,8.189796437659034,9.887022900763359,
2012-07-10,34.884400406504064,26.21880081300813,14.287385670731707,8.183409552845529,9.88109756097561,
2012-07-11,34.88609842719432,26.218467782851345,14.285426179604261,8.177042110603754,9.876712328767123,
2012-07-12,34.88609842719432,26.218467782851345,14.285426179604261,8.177042110603754,9.876712328767123,
2012-07-13,34.887791286727456,26.224214792299897,14.2834726443769,8.170694022289767,9.870820668693009,
2012-07-14,34.8845763571791,26.221511922881785,14.291514459665144,8.169431760527651,9.867579908675799,
2012-07-15,34.88323201621074,26.225734549138803,14.289551671732521,8.164614994934144,9.863221884498481,
2012-07-16,34.87696600710299,26.224556062912228,14.294558599695586,8.163343480466768,9.863013698630137,
2012-07-17,34.878672745694026,26.228774062816615,14.29411094224924,8.157016210739615,9.857142857142858,
2012-07-18,34.88037430450177,26.229185634800203,14.292905918057663,8.152225594334851,9.851289833080425,
2012-07-19,34.88037430450177,26.229185634800203,14.292905918057663,8.152225594334851,9.851289833080425,
2012-07-20,34.88055555555556,26.23489898989899,14.29246212121212,8.145934343434343,9.845454545454546,
2012-07-21,34.87733940313607,26.23373798684876,14.298975720789073,8.143120890237734,9.842185128983308,
2012-07-22,34.87752525252525,26.23792929292929,14.297007575757576,8.138358585858585,9.836363636363636,
2012-07-23,34.87752525252525,26.23792929292929,14.297007575757576,8.138358585858585,9.836363636363636,
2012-07-24,34.869949494949495,26.238939393939393,14.305088383838385,8.133308080808082,9.83030303030303,
2012-07-25,34.871659102370145,26.240090771558247,14.301601109430157,8.127054967221381,9.826021180030256,
2012-07-26,34.871659102370145,26.240090771558247,14.301601109430157,8.127054967221381,9.826021180030256,
2012-07-27,34.871659102370145,26.240090771558247,14.301601109430157,8.127054967221381,9.826021180030256,
2012-07-28,34.866919191919195,26.237424242424243,14.308118686868687,8.125732323232324,9.824242424242424,
2012-07-29,34.863888888888894,26.240757575757577,14.31175505050505,8.115429292929292,9.817727272727273,
2012-07-30,34.85761254425898,26.23960546282246,14.31678047546788,8.112569549822965,9.817450682852808,
2012-07-31,34.85761254425898,26.23960546282246,14.31678047546788,8.112569549822965,9.817450682852808,
2012-08-01,34.85934343434344,26.241515151515152,14.314027777777778,8.107853535353536,9.811666666666667,
2012-08-02,34.85955622793747,26.24871406959153,14.31506555723651,8.101638930912758,9.80590015128593,
2012-08-03,34.85955622793747,26.24871406959153,14.31506555723651,8.101638930912758,9.80590015128593,
2012-08-04,34.85631313131314,26.24606060606061,14.32236111111111,8.098762626262626,9.803333333333335,
2012-08-05,34.85804336863339,26.250226928895614,14.320360564800806,8.094074634392335,9.79909228441755,
2012-08-06,34.85804336863339,26.250226928895614,14.320360564800806,8.094074634392335,9.79909228441755,
2012-08-07,34.85976837865056,26.255891238670696,14.31836606243706,8.089400805639476,9.793353474320243,
2012-08-08,34.8614881850176,26.255505279034693,14.316377576671695,8.084741075917547,9.78763197586727,
2012-08-09,34.8614881850176,26.255505279034693,14.316377576671695,8.084741075917547,9.78763197586727,
2012-08-10,34.85825780463243,26.25438066465257,14.321387210473313,8.083358509566969,9.784290030211482,
2012-08-11,34.85825780463243,26.25438066465257,14.321387210473313,8.083358509566969,9.784290030211482,
2012-08-12,34.85997988939165,26.257013574660636,14.320902463549523,8.077199597787834,9.780090497737557,
2012-08-13,34.85221550855992,26.255891238670696,14.32742950654582,8.077316213494461,9.778247734138974,
2012-08-14,34.84315206445116,26.255891238670696,14.336492950654582,8.07278449144008,9.772205438066466,
2012-08-15,34.844896933132226,26.255505279034693,14.334477124183007,8.066641528406235,9.768024132730016,
2012-08-16,34.844896933132226,26.255505279034693,14.334477124183007,8.066641528406235,9.768024132730016,
2012-08-17,34.84663654618474,26.25963855421687,14.33246736947791,8.062023092369477,9.762349397590363,
2012-08-18,34.84663654618474,26.25963855421687,14.33246736947791,8.062023092369477,9.762349397590363,
2012-08-19,34.84211847389558,26.261144578313257,14.336985441767068,8.055998995983936,9.75632530120482,
2012-08-20,34.84211847389558,26.261144578313257,14.336985441767068,8.055998995983936,9.75632530120482,
2012-08-21,34.843859649122805,26.263759398496244,14.33798245614035,8.049899749373434,9.750676691729325,
2012-08-22,34.84484484484484,26.26561561561562,14.337474974974974,8.045695695695695,9.746546546546547,
2012-08-23,34.84657671164418,26.268215892053973,14.335469765117441,8.04112943528236,9.740929535232384,
2012-08-24,34.8498003992016,26.272305389221557,14.331973552894212,8.036576846307385,9.735329341317366,
2012-08-25,34.84455272363818,26.27113943028486,14.338468265867066,8.034382808595701,9.733058470764618,
2012-08-26,34.84628243512974,26.273727544910184,14.337961576846308,8.028343313373254,9.728967065868265,
2012-08-27,34.837056471764114,26.27113943028486,14.344465267366317,8.029885057471265,9.72856071964018,
2012-08-28,34.829560219890055,26.268140929535235,14.354960019990004,8.025387306346827,9.724062968515744,
2012-08-29,34.835803393213574,26.267739520958088,14.351434630738522,8.020858283433133,9.719985029940121,
2012-08-30,34.835803393213574,26.267739520958088,14.351434630738522,8.020858283433133,9.719985029940121,
2012-08-31,34.835803393213574,26.267739520958088,14.351434630738522,8.020858283433133,9.719985029940121,
2012-09-01,34.829560219890055,26.26514242878561,14.359457771114442,8.019390304847576,9.718065967016493,
2012-09-02,34.8313123752495,26.267739520958088,14.357422654690618,8.014870259481038,9.713997005988025,
2012-09-03,34.8313123752495,26.267739520958088,14.357422654690618,8.014870259481038,9.713997005988025,
2012-09-04,34.83305929247633,26.271823617339315,14.356888390632784,8.008868958644744,9.708445440956654,
2012-09-05,34.83927860696517,26.271417910447763,14.354863184079601,8.002885572139304,9.704402985074628,
2012-09-06,34.84249875807253,26.276974664679585,14.352844013909587,7.9969200198708394,9.698882265275708,
2012-09-07,34.84249875807253,26.276974664679585,14.352844013909587,7.9969200198708394,9.698882265275708,
2012-09-08,34.83554726368159,26.2729104477612,14.360833333333334,7.9961691542288555,9.698432835820897,
2012-09-09,34.837282662692495,26.275484351713864,14.360295578738201,7.990213611525087,9.69441132637854,
2012-09-10,34.829577114427856,26.26992537313433,14.36978855721393,7.990199004975125,9.693955223880598,
2012-09-11,34.83281172379533,26.272503725782418,14.369237456532538,7.984252359662196,9.68845007451565,
2012-09-12,34.839012896825395,26.272098214285716,14.36719990079365,7.978323412698413,9.685937500000001,
2012-09-13,34.839012896825395,26.272098214285716,14.36719990079365,7.978323412698413,9.685937500000001,
2012-09-14,34.840737989103516,26.27763744427935,14.365168400198117,7.972412085190689,9.680460624071323,
2012-09-15,34.8375248015873,26.272098214285716,14.373152281746032,7.969394841269842,9.67998511904762,
2012-09-16,34.84222387320455,26.27169390787519,14.372597820703318,7.963496780584448,9.676002971768202,
2012-09-17,34.84222387320455,26.27169390787519,14.372597820703318,7.963496780584448,9.676002971768202,
2012-09-18,34.83454861111111,26.266145833333336,14.382080853174603,7.964930555555556,9.675520833333334,
2012-09-19,34.83925210500247,26.26575037147103,14.378541357107478,7.960525012382368,9.673031203566122,
2012-09-20,34.840974282888226,26.269807121661724,14.376496043521266,7.954648862512364,9.66906528189911,
2012-09-21,34.845654320987656,26.26940740740741,14.374456790123457,7.950271604938272,9.66362962962963,
2012-09-22,34.845654320987656,26.26940740740741,14.374456790123457,7.950271604938272,9.66362962962963,
2012-09-23,34.84491358024691,26.26748148148148,14.379493827160497,7.9421234567901235,9.659851851851853,
2012-09-24,34.83578140454995,26.26194362017804,14.387475272007915,7.942037586547972,9.660830860534125,
2012-09-25,34.837506172839504,26.26748148148148,14.386901234567903,7.937679012345679,9.655407407407408,
2012-09-26,34.8392258382643,26.270044378698223,14.384849605522684,7.9329635108481265,9.651849112426037,
2012-09-27,34.837506172839504,26.26748148148148,14.391345679012348,7.929901234567901,9.64837037037037,
2012-09-28,34.84144477317554,26.272263313609468,14.388547830374755,7.924087771203156,9.64371301775148,
2012-09-29,34.84144477317554,26.272263313609468,14.388547830374755,7.924087771203156,9.64371301775148,
2012-09-30,34.84292406311637,26.27078402366864,14.39298570019724,7.916691321499014,9.637795857988166,
2012-10-01,34.84292406311637,26.27078402366864,14.39298570019724,7.916691321499014,9.637795857988166,
2012-10-02,34.83700690335306,26.267085798816566,14.39816321499014,7.913732741617357,9.635576923076924,
2012-10-03,34.83700690335306,26.267085798816566,14.39816321499014,7.913732741617357,9.635576923076924,
2012-10-04,34.8431560807484,26.27407680945347,14.393143771541114,7.907951747907435,9.631683899556869,
2012-10-05,34.8431560807484,26.27407680945347,14.393143771541114,7.907951747907435,9.631683899556869,
2012-10-06,34.83848619329388,26.27078402366864,14.400382149901382,7.906336291913215,9.628920118343196,
2012-10-07,34.841678975873954,26.273338257016245,14.39683653372723,7.9020433284096505,9.626514032496308,
2012-10-08,34.841678975873954,26.273338257016245,14.39683653372723,7.9020433284096505,9.626514032496308,
2012-10-09,34.84338741396263,26.278834808259585,14.391826450344151,7.897763028515241,9.6226401179941,
2012-10-10,34.84509081983309,26.284315169366714,14.388303878252334,7.892022582228768,9.61877761413844,
2012-10-11,34.849730392156864,26.291249999999998,14.384791666666668,7.8862990196078435,9.613455882352943,
2012-10-12,34.849730392156864,26.291249999999998,14.384791666666668,7.8862990196078435,9.613455882352943,
2012-10-13,34.84656357388316,26.29020618556701,14.39124938635248,7.883186057928326,9.609941089837998,
2012-10-14,34.85120098039216,26.29566176470588,14.386262254901963,7.877475490196079,9.607573529411766,
2012-10-15,34.84531862745098,26.300073529411765,14.390674019607845,7.870122549019608,9.60169117647059,
2012-10-16,34.84531862745098,26.300073529411765,14.390674019607845,7.870122549019608,9.60169117647059,
2012-10-17,34.84738130200685,26.305506607929516,14.387897699461577,7.864806656877142,9.597870778267255,
2012-10-18,34.84738130200685,26.305506607929516,14.387897699461577,7.864806656877142,9.597870778267255,
2012-10-19,34.84738130200685,26.305506607929516,14.387897699461577,7.864806656877142,9.597870778267255,
2012-10-20,34.84274509803922,26.301544117647058,14.395821078431375,7.864607843137255,9.594338235294119,
2012-10-21,34.84738130200685,26.305506607929516,14.392302985805191,7.858932941752325,9.590528634361235,
2012-10-22,34.84738130200685,26.305506607929516,14.392302985805191,7.858932941752325,9.590528634361235,
2012-10-23,34.84003915810083,26.309177679882524,14.39891091532061,7.852325012236907,9.586857562408223,
2012-10-24,34.844672531769305,26.310190615835776,14.395393450635389,7.845210166177909,9.58599706744868,
2012-10-25,34.84929233772572,26.311200585651537,14.39188628599317,7.83958028306491,9.58367496339678,
2012-10-26,34.85462962962963,26.315862573099412,14.38985136452242,7.833966861598441,9.579166666666667,
2012-10-27,34.85009760858956,26.312664714494876,14.396644704734019,7.831234748657883,9.577379209370426,
2012-10-28,34.85470272904484,26.31659356725146,14.39314083820663,7.825633528265108,9.575073099415205,
2012-10-29,34.85470272904484,26.31659356725146,14.39314083820663,7.825633528265108,9.575073099415205,
2012-10-30,34.85372807017544,26.31756822612085,14.398501461988305,7.816374269005848,9.569712475633528,
2012-10-31,34.85372807017544,26.31756822612085,14.398501461988305,7.816374269005848,9.569712475633528,
2012-11-01,34.85372807017544,26.31756822612085,14.398501461988305,7.816374269005848,9.569712475633528,
2012-11-02,34.85372807017544,26.31756822612085,14.398501461988305,7.816374269005848,9.569712475633528,
2012-11-03,34.85372807017544,26.31756822612085,14.398501461988305,7.816374269005848,9.569712475633528,
2012-11-04,34.85832116788321,26.321484184914837,14.3964598540146,7.81080291970803,9.56742092457421,
2012-11-05,34.85832116788321,26.321484184914837,14.3964598540146,7.81080291970803,9.56742092457421,
2012-11-06,34.86290087463557,26.326846452866857,14.395881924198251,7.805247813411079,9.562220602526725,
2012-11-07,34.866011644832604,26.326370693837937,14.396761280931587,7.798253275109171,9.559946627850557,
2012-11-08,34.8734738372093,26.331710271317824,14.396184593023257,7.7927325581395355,9.554772286821706,
2012-11-09,34.8734738372093,26.331710271317824,14.396184593023257,7.7927325581395355,9.554772286821706,
2012-11-10,34.8734738372093,26.331710271317824,14.396184593023257,7.7927325581395355,9.554772286821706,
2012-11-11,34.87801161103048,26.337034349298495,14.392706821480408,7.787227866473151,9.55106434446057,
2012-11-12,34.87801161103048,26.337034349298495,14.392706821480408,7.787227866473151,9.55106434446057,
2012-11-13,34.88253623188406,26.342342995169076,14.392137681159422,7.783188405797103,9.545917874396135,
2012-11-14,34.88849493487699,26.341847563917025,14.39157018813314,7.777713458755428,9.543680656054027,
2012-11-15,34.88849493487699,26.341847563917025,14.39157018813314,7.777713458755428,9.543680656054027,
2012-11-16,34.89443641618497,26.34713391136801,14.389559248554914,7.772254335260117,9.538559730250482,
2012-11-17,34.889942112879886,26.344741919922814,14.397358900144718,7.769030390738061,9.536444766039557,
2012-11-18,34.892836468885676,26.346189097925706,14.403147612156296,7.758900144717801,9.530656054027979,
2012-11-19,34.89138929088278,26.344741919922814,14.410383502170768,7.751664254703329,9.52776169802219,
2012-11-20,34.88108695652174,26.33944444444444,14.421123188405797,7.752753623188407,9.528526570048308,
2012-11-21,34.88379160636759,26.34257115291847,14.420875542691752,7.747322720694647,9.525229136517124,
2012-11-22,34.88684971098266,26.342076107899803,14.423157514450867,7.741907514450868,9.523025048169558,
2012-11-23,34.892784992784996,26.34591149591149,14.4239898989899,7.736507936507937,9.517941317941318,
2012-11-24,34.889739884393066,26.344966281310207,14.431828034682082,7.7317919075144514,9.514354527938343,
2012-11-25,34.889739884393066,26.34641136801541,14.439053468208094,7.72456647398844,9.508574181117535,
2012-11-26,34.889739884393066,26.34641136801541,14.439053468208094,7.72456647398844,9.508574181117535,
2012-11-27,34.891341991341996,26.350240500240496,14.439862914862916,7.71919191919192,9.504954304954305,
2012-11-28,34.894380403458214,26.34973583093179,14.442110951008647,7.713832853025937,9.502785782901057,
2012-11-29,34.894380403458214,26.34973583093179,14.442110951008647,7.713832853025937,9.502785782901057,
2012-11-30,34.89884892086331,26.35354916067146,14.441474820143887,7.708489208633094,9.499184652278178,
2012-12-01,34.89486071085495,26.35021613832853,14.448210854947167,7.705139289145053,9.498078770413064,
2012-12-02,34.89486071085495,26.35021613832853,14.456856388088378,7.696493756003843,9.49375600384246,
2012-12-03,34.88893698893699,26.344949494949493,14.464730639730641,7.6946127946127945,9.493025493025494,
2012-12-04,34.88909702209414,26.34877521613833,14.465501921229588,7.690730067243035,9.489433237271854,
2012-12-05,34.89213429256595,26.348273381294963,14.467709832134293,7.6854196642685855,9.485851318944844,
2012-12-06,34.89803639846743,26.353520114942526,14.467037835249043,7.6801245210727975,9.482279693486591,
2012-12-07,34.89803639846743,26.353520114942526,14.467037835249043,7.6801245210727975,9.482279693486591,
2012-12-08,34.89645083932854,26.348273381294963,14.473465227817748,7.676786570743405,9.480095923261391,
2012-12-09,34.8978896882494,26.349712230215825,14.482098321342926,7.669592326139089,9.472901678657076,
2012-12-10,34.8978896882494,26.349712230215825,14.482098321342926,7.669592326139089,9.472901678657076,
2012-12-11,34.90090996168583,26.353520114942526,14.481405651340998,7.6643199233716475,9.469348659003831,
2012-12-12,34.90522030651341,26.35639367816092,14.48715277777778,7.65426245210728,9.460727969348659,
2012-12-13,34.90522030651341,26.35639367816092,14.48715277777778,7.65426245210728,9.460727969348659,
2012-12-14,34.912529890004784,26.361621233859395,14.485019129603062,7.649019607843138,9.457197513151602,
2012-12-15,34.91240421455939,26.35639367816092,14.49289990421456,7.645641762452107,9.452107279693488,
2012-12-16,34.91970349115256,26.358751793400288,14.492192730750839,7.640411286465806,9.448589191774271,
2012-12-17,34.92257293161167,26.35731707317073,14.499366331898614,7.63323768531803,9.44285031085605,
2012-12-18,34.91539933046389,26.355882352941176,14.507974653275946,7.63036824485892,9.438546150167385,
2012-12-19,34.919460362941734,26.358954154727794,14.50724689589303,7.626241642788921,9.435410697230182,
2012-12-20,34.919460362941734,26.358954154727794,14.50724689589303,7.626241642788921,9.435410697230182,
2012-12-21,34.92672865999046,26.364163090128756,14.505090605627087,7.62105388650453,9.431926561754889,
2012-12-22,34.92662368672397,26.36038681948424,14.512977554918818,7.617645654250239,9.4268147086915,
2012-12-23,34.93235434574976,26.361819484240687,14.518708213944604,7.609049665711557,9.419651384909265,
2012-12-24,34.93235434574976,26.361819484240687,14.518708213944604,7.609049665711557,9.419651384909265,
2012-12-25,34.93235434574976,26.361819484240687,14.518708213944604,7.609049665711557,9.419651384909265,
2012-12-26,34.94103481163567,26.362732474964233,14.516535526943253,7.603886504530282,9.41762041010968,
2012-12-27,34.94103481163567,26.362732474964233,14.516535526943253,7.603886504530282,9.41762041010968,
2012-12-28,34.94103481163567,26.362732474964233,14.516535526943253,7.603886504530282,9.41762041010968,
2012-12-29,34.94009073543457,26.36024355300859,14.524009073543457,7.599116523400191,9.41401623686724,
2012-12-30,34.94000478240076,26.356456241032994,14.531934481109516,7.597106647537064,9.408871353419418,
2012-12-31,34.94000478240076,26.356456241032994,14.531934481109516,7.597106647537064,9.408871353419418,
2013-01-01,34.93704501915708,26.35265804597701,14.539882662835248,7.593654214559387,9.40514846743295,
2013-01-02,34.93704501915708,26.35265804597701,14.539882662835248,7.593654214559387,9.40514846743295,
2013-01-03,34.93704501915708,26.35265804597701,14.539882662835248,7.593654214559387,9.40514846743295,
2013-01-04,34.945743663318986,26.356456241032994,14.536238641798182,7.5884983261597325,9.400263032042085,
2013-01-05,34.94422892720306,26.3555316091954,14.54275622605364,7.5850335249042145,9.395090996168582,
2013-01-06,34.949976053639844,26.354094827586202,14.549940134099616,7.576412835249042,9.389343869731801,
2013-01-07,34.95578670492587,26.356456241032994,14.54915112386418,7.571281683405069,9.385915829746533,
2013-01-08,34.94853927203065,26.351221264367812,14.559997605363984,7.57066570881226,9.38359674329502,
2013-01-09,34.95428639846743,26.34547413793103,14.568618295019157,7.560608237547893,9.379286398467434,
2013-01-10,34.961470306513405,26.346910919540225,14.575802203065134,7.55198754789272,9.36779214559387,
2013-01-11,34.97156862745098,26.349282639885217,14.57354136776662,7.54689143950263,9.36296030607365,
2013-01-12,34.968654214559386,26.346910919540225,14.581549329501916,7.5448036398467435,9.356297892720306,
2013-01-13,34.972964559386966,26.349784482758615,14.587296455938697,7.534746168582376,9.347677203065134,
2013-01-14,34.967170263788965,26.34741007194244,14.593896882494004,7.534076738609113,9.343860911270983,
2013-01-15,34.972964559386966,26.349784482758615,14.594480363984674,7.528999042145594,9.340493295019158,
2013-01-16,34.98448110951697,26.344978479196552,14.593627450980392,7.522501195600191,9.338570062171211,
2013-01-17,34.98448110951697,26.344978479196552,14.593627450980392,7.522501195600191,9.338570062171211,
2013-01-18,34.99453199617955,26.344484240687674,14.591344317096466,7.517454632282712,9.335219675262655,
2013-01-19,34.99165471066475,26.343543758966998,14.597931611669058,7.515327594452415,9.329961740793879,
2013-01-20,34.998828311812524,26.34641319942611,14.600801052128169,7.506719273075084,9.319918699186992,
2013-01-21,34.998828311812524,26.34641319942611,14.600801052128169,7.506719273075084,9.319918699186992,
2013-01-22,35.00026303204208,26.343543758966998,14.607974653275944,7.500980392156863,9.315614538498327,
2013-01-23,35.0081423113658,26.342335243553006,14.607103629417383,7.496680993314231,9.313013371537727,
2013-01-24,35.01814496900334,26.343276108726748,14.606235097758702,7.491678588459704,9.308273724368146,
2013-01-25,35.026690476190474,26.347071428571425,14.603940476190475,7.486690476190477,9.303547619047619,
2013-01-26,35.024582737243676,26.349356223175963,14.609883166428233,7.481807343824512,9.298116356700048,
2013-01-27,35.03030519790176,26.352217453505002,14.614175011921795,7.473223652837388,9.288102050548403,
2013-01-28,35.026050620821394,26.351289398280798,14.619352913085006,7.471036294173831,9.284216809933142,
2013-01-29,35.03412017167382,26.352694325226512,14.619897472579877,7.467501192179304,9.279518359561278,
2013-01-30,35.04121428571428,26.350761904761903,14.620440476190478,7.46254761904762,9.277690476190475,
2013-01-31,35.04828815977175,26.35168806466952,14.62098193057537,7.457608178792202,9.27301474084641,
2013-02-01,35.04828815977175,26.35168806466952,14.62098193057537,7.457608178792202,9.27301474084641,
2013-02-02,35.04828815977175,26.35168806466952,14.62098193057537,7.457608178792202,9.27301474084641,
2013-02-03,35.053281027104134,26.3566809320019,14.625261531145984,7.448335710889206,9.263029006181645,
2013-02-04,35.06032763532763,26.360446343779678,14.625795346628681,7.443423551756886,9.25838081671415,
2013-02-05,35.05613409415121,26.35810746552544,14.63382073228721,7.438349976224442,9.254469805040419,
2013-02-06,35.06460113960114,26.356172839506172,14.63434235517569,7.433452041785376,9.251258309591643,
2013-02-07,35.07019914651493,26.359933617828354,14.634862494073023,7.428568041725937,9.246633475580843,
2013-02-08,35.07019914651493,26.359933617828354,14.634862494073023,7.428568041725937,9.246633475580843,
2013-02-09,35.07019914651493,26.359933617828354,14.634862494073023,7.428568041725937,9.246633475580843,
2013-02-10,35.07446657183499,26.36348980559507,14.641263632053107,7.4186107159791375,9.237387387387388,
2013-02-11,35.07172364672365,26.36400759734093,14.646450617283952,7.414933523266857,9.233452041785375,
2013-02-12,35.07172364672365,26.36543209876543,14.65499762583096,7.4078110161443504,9.226329534662868,
2013-02-13,35.08300142247511,26.36348980559507,14.654065908013278,7.4015410146989105,9.22316263632053,
2013-02-14,35.08300142247511,26.36348980559507,14.654065908013278,7.4015410146989105,9.22316263632053,
2013-02-15,35.089985795454545,26.36439393939394,14.655977746212123,7.396709280303031,9.220004734848485,
2013-02-16,35.088691322901845,26.36348980559507,14.662600758653392,7.39158368895211,9.214627785680417,
2013-02-17,35.0929587482219,26.367757230915124,14.66971313418682,7.381626363205311,9.204670459933618,
2013-02-18,35.0929587482219,26.367757230915124,14.66971313418682,7.381626363205311,9.204670459933618,
2013-02-19,35.099928977272725,26.37054924242424,14.670182291666668,7.378243371212122,9.20011837121212,
2013-02-20,35.10829787234042,26.36931442080378,14.67065011820331,7.374160756501182,9.196643026004727,
2013-02-21,35.11522662889518,26.371624173748817,14.671116619452315,7.370797922568461,9.192115203021718,
2013-02-22,35.12213578500707,26.376756247053276,14.670167373880247,7.366030174446017,9.187600188590288,
2013-02-23,35.11947592067988,26.37728989612842,14.676782341831919,7.3622993389990565,9.182200188857413,
2013-02-24,35.123725212464585,26.381539187913123,14.683864494806423,7.35238432483475,9.172285174693107,
2013-02-25,35.123725212464585,26.381539187913123,14.683864494806423,7.35238432483475,9.172285174693107,
2013-02-26,35.123725212464585,26.382955618508024,14.692363078375827,7.348135033050048,9.166619452313503,
2013-02-27,35.13062234794908,26.380999528524278,14.69421263554927,7.343399339933994,9.164969354078265,
2013-02-28,35.13891242937853,26.381873822975514,14.694644538606404,7.33867702448211,9.160499058380415,
2013-03-01,35.13891242937853,26.381873822975514,14.694644538606404,7.33867702448211,9.160499058380415,
2013-03-02,35.13712871287129,26.38128241395568,14.700436115040077,7.333498349834984,9.156907119283357,
2013-03-03,35.13995756718529,26.383168316831686,14.707508250825084,7.326426214049977,9.148892032060349,
2013-03-04,35.148234463276836,26.38262711864407,14.707921374764595,7.323140301318268,9.145856873822975,
2013-03-05,35.1470297029703,26.381753889674684,14.71316595945309,7.31935407826497,9.141819896275342,
2013-03-06,35.15388418079096,26.379802259887008,14.71357109227872,7.314665725047082,9.14020715630885,
2013-03-07,35.160719322990126,26.37926657263752,14.716795956746592,7.309990597085097,9.137188528443817,
2013-03-08,35.16894366197183,26.38154929577465,14.715786384976527,7.305328638497653,9.134178403755868,
2013-03-09,35.1663610719323,26.38349788434415,14.721732487070993,7.301527973671839,9.128020686412787,
2013-03-10,35.17316901408451,26.384366197183102,14.72212441314554,7.296877934272301,9.12643192488263,
2013-03-11,35.170592383638926,26.38349788434415,14.728784673248708,7.293065350258581,9.122378937470616,
2013-03-12,35.177394366197184,26.384366197183102,14.730575117370893,7.289835680751175,9.117981220657276,
2013-03-13,35.18417721518988,26.38101265822785,14.732360525082045,7.285208626347868,9.116408813877168,
2013-03-14,35.19094101123596,26.37907303370787,14.73554541198502,7.281999063670413,9.113436329588014,
2013-03-15,35.19094101123596,26.37907303370787,14.73554541198502,7.281999063670413,9.113436329588014,
2013-03-16,35.19120956399438,26.37819971870605,14.742205813408345,7.2767698077824665,9.107969995311768,
2013-03-17,35.19402250351617,26.38523206751055,14.750644631973747,7.266924519456166,9.099531176746366,
2013-03-18,35.19402250351617,26.38523206751055,14.750644631973747,7.266924519456166,9.099531176746366,
2013-03-19,35.19402250351617,26.38382559774965,14.760489920300047,7.262705110173465,9.093905297702765,
2013-03-20,35.200421348314606,26.382233146067417,14.761177434456929,7.260931647940075,9.090262172284644,
2013-03-21,35.200421348314606,26.382233146067417,14.761177434456929,7.260931647940075,9.090262172284644,
2013-03-22,35.20645161290323,26.383800841514727,14.761512388966807,7.257410004675083,9.08768115942029,
2013-03-23,35.20645161290323,26.383800841514727,14.761512388966807,7.257410004675083,9.08768115942029,
2013-03-24,35.212762973352035,26.387307152875177,14.767122487143526,7.248293595137915,9.079967274427302,
2013-03-25,35.21806722689076,26.388165266106444,14.766048085901028,7.24514472455649,9.07845471521942,
2013-03-26,35.2250700280112,26.386764705882356,14.768849206349207,7.236741363211952,9.072852474323062,
2013-03-27,35.2250700280112,26.386764705882356,14.768849206349207,7.236741363211952,9.072852474323062,
2013-03-28,35.23034965034965,26.38902097902098,14.769172494172494,7.2322144522144525,9.071351981351981,
2013-03-29,35.23034965034965,26.38902097902098,14.769172494172494,7.2322144522144525,9.071351981351981,
2013-03-30,35.22983193277311,26.390126050420168,14.775361811391223,7.226027077497665,9.066619981325864,
2013-03-31,35.23683473389355,26.391526610644256,14.782364612511671,7.216223155929038,9.055415499533147,
2013-04-01,35.23576437587658,26.393478260869564,14.787669471715756,7.209513791491351,9.049883122954652,
2013-04-02,35.23576437587658,26.393478260869564,14.787669471715756,7.209513791491351,9.049883122954652,
2013-04-03,35.24243697478991,26.390126050420168,14.78796685340803,7.2064192343604105,9.0484126984127,
2013-04-04,35.25048951048951,26.39097902097902,14.786864801864802,7.201934731934732,9.046946386946386,
2013-04-05,35.25048951048951,26.39097902097902,14.786864801864802,7.201934731934732,9.046946386946386,
2013-04-06,35.25224089635854,26.391526610644256,14.793569094304388,7.196615312791783,9.040009337068161,
2013-04-07,35.2578431372549,26.395728291316527,14.799171335200747,7.186811391223156,9.031605975723624,
2013-04-08,35.2578431372549,26.395728291316527,14.799171335200747,7.186811391223156,9.031605975723624,
2013-04-09,35.25644257703081,26.397128851540614,14.807574696545284,7.181209150326797,9.026003734827265,
2013-04-10,35.26447552447552,26.392377622377623,14.806445221445221,7.179557109557109,9.025967365967366,
2013-04-11,35.26447552447552,26.392377622377623,14.806445221445221,7.179557109557109,9.025967365967366,
2013-04-12,35.273882681564245,26.39322625698324,14.806017225325885,7.175116387337058,9.02243947858473,
2013-04-13,35.27426573426573,26.395174825174823,14.812738927738929,7.168368298368298,9.015477855477855,
2013-04-14,35.28125874125874,26.403566433566432,14.815536130536131,7.157179487179487,9.005687645687646,
2013-04-15,35.28305322128851,26.406932773109244,14.819479458450047,7.148996265172736,8.998692810457516,
2013-04-16,35.289650349650344,26.405431235431234,14.818799533799535,7.146456876456876,8.995431235431235,3.0
2013-04-17,35.2965782122905,26.403468342644317,14.819052607076351,7.143459031657355,8.993342644320299,3.0
2013-04-18,35.2965782122905,26.403468342644317,14.819052607076351,7.143459031657355,8.993342644320299,3.0
2013-04-19,35.2965782122905,26.403468342644317,14.819052607076351,7.143459031657355,8.993342644320299,3.0
2013-04-20,35.2965782122905,26.403468342644317,14.819052607076351,7.143459031657355,8.993342644320299,3.0
2013-04-21,35.30425977653631,26.409404096834262,14.823242551210429,7.131238361266294,8.981820297951582,3.333333333333333
2013-04-22,35.30801952580195,26.408833100883307,14.823489074848908,7.128265922826592,8.977661552766156,3.888888888888889
2013-04-23,35.30495810055866,26.410800744878955,14.829527467411546,7.1228584729981375,8.973440409683427,3.888888888888889
2013-04-24,35.314295676429566,26.406043700604368,14.828370525337053,7.119897721989772,8.970688052068805,3.4166666666666665
2013-04-25,35.314295676429566,26.406043700604368,14.828370525337053,7.119897721989772,8.970688052068805,3.4166666666666665
2013-04-26,35.3208217270195,26.407567316620238,14.827216805942435,7.115552460538533,8.967246982358404,3.333333333333333
2013-04-27,35.3208217270195,26.407567316620238,14.827216805942435,7.115552460538533,8.967246982358404,3.333333333333333
2013-04-28,35.32778551532033,26.413138347260908,14.83209145775302,7.103714020427112,8.95680129990715,3.1111111111111107
2013-04-29,35.33150208623088,26.412563745943437,14.833715808993974,7.100788131664348,8.954079740380157,3.095238095238095
2013-04-30,35.33150208623088,26.412563745943437,14.833715808993974,7.100788131664348,8.954079740380157,3.095238095238095
2013-05-01,35.33659722222222,26.40782407407407,14.83255787037037,7.097870370370369,8.95275462962963,3.083333333333333
2013-05-02,35.343065187239944,26.407258437355523,14.832790106333796,7.093573740175682,8.950046232085068,3.074074074074074
2013-05-03,35.347437673130194,26.40669436749769,14.833021698984304,7.0913665743305625,8.945960295475532,3.1166666666666663
2013-05-04,35.34861303744799,26.40822931114193,14.839239482200648,7.083934350439204,8.939782709200186,3.1166666666666663
2013-05-05,35.35,26.415164123901985,14.847561257512714,7.072838650023115,8.928687008784097,3.015151515151515
2013-05-06,35.35,26.415164123901985,14.847561257512714,7.072838650023115,8.928687008784097,3.015151515151515
2013-05-07,35.35092464170134,26.41840036985668,14.851722145168749,7.064054553860379,8.922214516874712,3.013888888888889
2013-05-08,35.35092464170134,26.41840036985668,14.851722145168749,7.064054553860379,8.922214516874712,3.013888888888889
2013-05-09,35.35092464170134,26.41840036985668,14.851722145168749,7.064054553860379,8.922214516874712,3.013888888888889
2013-05-10,35.35736380424746,26.41920590951062,14.850542474607572,7.061195752539243,8.918167128347184,3.0128205128205128
2013-05-11,35.35736380424746,26.41920590951062,14.850542474607572,7.061195752539243,8.918167128347184,3.0128205128205128
2013-05-12,35.3615189289012,26.421975992613113,14.857467682363804,7.048730378578024,8.910549399815329,2.9404761904761902
2013-05-13,35.36290397045244,26.424746075715607,14.863007848568792,7.037650046168052,8.90223915050785,2.944444444444444
2013-05-14,35.36290397045244,26.424746075715607,14.863007848568792,7.037650046168052,8.90223915050785,2.944444444444444
2013-05-15,35.36931765790687,26.4200092208391,14.861814200092208,7.033448593822038,8.902374366067313,2.8854166666666665
2013-05-16,35.37571362799263,26.418047882136282,14.860623848987109,7.029258747697974,8.899746777163905,2.892156862745098
2013-05-17,35.38071264367816,26.419195402298854,14.85909195402299,7.025080459770115,8.89712643678161,2.898148148148148
2013-05-18,35.37985727440147,26.42115561694291,14.86580340699816,7.0195902394106815,8.890078268876612,2.898148148148148
2013-05-19,35.384000920810315,26.426680478821364,14.872709484346226,7.0071593001841626,8.881790976058932,2.9035087719298245
2013-05-20,35.384000920810315,26.426680478821364,14.872709484346226,7.0071593001841626,8.881790976058932,2.9035087719298245
2013-05-21,35.3803826648225,26.428653757491933,14.878757491931767,7.00232826187183,8.877478100507146,2.9035087719298245
2013-05-22,35.38538213627993,26.427716390423573,14.876162523020259,6.999562615101289,8.875575506445673,2.9145833333333333
2013-05-23,35.38538213627993,26.427716390423573,14.876162523020259,6.999562615101289,8.875575506445673,2.9145833333333333
2013-05-24,35.39312643678161,26.42850574712644,14.874954022988506,6.995425287356322,8.8716091954023,2.871031746031746
2013-05-25,35.39505064456722,26.427716390423573,14.881687384898711,6.988512891344383,8.86590699815838,2.871031746031746
2013-05-26,35.40057550644567,26.43324125230203,14.885831031307552,6.976081952117863,8.857619705340701,2.831439393939394
2013-05-27,35.405540229885055,26.431264367816095,14.8846091954023,6.9719770114942525,8.855057471264368,2.8387681159420293
2013-05-28,35.41186868686869,26.427915518824612,14.88339072543618,6.967883379247016,8.853879706152433,2.845486111111111
2013-05-29,35.41186868686869,26.427915518824612,14.88339072543618,6.967883379247016,8.853879706152433,2.845486111111111
2013-05-30,35.41186868686869,26.427915518824612,14.88339072543618,6.967883379247016,8.853879706152433,2.845486111111111
2013-05-31,35.42093076570381,26.427326914259517,14.882175607519487,6.9638010087116005,8.849954149472719,2.851666666666667
2013-06-01,35.42464465841357,26.42622650160477,14.887540119211371,6.953622191655205,8.84307657038056,2.8958333333333335
2013-06-02,35.42877120586887,26.42966529115085,14.892354424575883,6.944681338835397,8.834135717560752,2.8626543209876547
2013-06-03,35.42936179981635,26.428879706152436,14.896338383838383,6.939095500459137,8.831152433425162,2.8626543209876547
2013-06-04,35.434273269142594,26.42966529115085,14.896480972031178,6.935052728106374,8.827258138468594,2.867559523809524
2013-06-05,35.4419184981685,26.42632783882784,14.893875915750916,6.931021062271063,8.826121794871796,2.8721264367816093
2013-06-06,35.44954275262917,26.427114769090082,14.892649748513946,6.927000457247371,8.822245084590763,2.876388888888889
2013-06-07,35.45851598173516,26.429269406392695,14.89005707762557,6.92299086757991,8.81837899543379,2.8803763440860215
2013-06-08,35.45851598173516,26.429269406392695,14.89005707762557,6.92299086757991,8.81837899543379,2.8803763440860215
2013-06-09,35.46468036529681,26.43269406392694,14.894166666666667,6.91203196347032,8.809474885844748,2.8841145833333335
2013-06-10,35.46468036529681,26.43269406392694,14.894166666666667,6.91203196347032,8.809474885844748,2.8841145833333335
2013-06-11,35.46951664386685,26.432102143182856,14.892943456452349,6.909416324669404,8.806999544003649,2.887626262626263
2013-06-12,35.4757058287796,26.428779599271405,14.890357468123861,6.9068078324225874,8.80726320582878,2.8615196078431375
2013-06-13,35.4757058287796,26.428779599271405,14.890357468123861,6.9068078324225874,8.80726320582878,2.8615196078431375
2013-06-14,35.48324238290132,26.428194633924512,14.890507048658481,6.902842201000455,8.804797635288768,2.836904761904762
2013-06-15,35.48324238290132,26.428194633924512,14.890507048658481,6.902842201000455,8.804797635288768,2.836904761904762
2013-06-16,35.4893815370623,26.430241018644843,14.894599818099136,6.893974533879036,8.796612096407458,2.8136574074074074
2013-06-17,35.4886839708561,26.433561020036432,14.899920309653917,6.886999089253188,8.78950364298725,2.8136574074074074
2013-06-18,35.49620281946339,26.431605275125058,14.898692587539792,6.884424738517509,8.788426557526149,2.791666666666667
2013-06-19,35.50165758401453,26.428973660308813,14.898490009082652,6.88185740236149,8.786330608537693,2.7905701754385968
2013-06-20,35.50165758401453,26.428973660308813,14.898490009082652,6.88185740236149,8.786330608537693,2.7905701754385968
2013-06-21,35.509138321995465,26.427029478458053,14.897267573696146,6.879297052154196,8.78390022675737,2.7905701754385968
2013-06-22,35.509138321995465,26.427029478458053,14.897267573696146,6.879297052154196,8.78390022675737,2.7905701754385968
2013-06-23,35.515260770975054,26.431111111111115,14.901349206349206,6.869092970521542,8.775736961451248,2.7702991452991452
2013-06-24,35.5199954710145,26.430525362318843,14.902841938405798,6.865194746376813,8.773324275362318,2.7510416666666666
2013-06-25,35.51390022675737,26.4324716553288,14.90951247165533,6.862290249433107,8.7702947845805,2.7510416666666666
2013-06-26,35.52135416666667,26.426449275362323,14.909635416666667,6.859759963768116,8.769248188405797,2.7327235772357725
2013-06-27,35.52135416666667,26.426449275362323,14.909635416666667,6.859759963768116,8.769248188405797,2.7327235772357725
2013-06-28,35.530144730891,26.42587064676617,14.907044323835368,6.855879692446857,8.766169154228857,2.739087301587302
2013-06-29,35.529370471014495,26.425769927536233,14.914390851449275,6.8498414855072465,8.760416666666668,2.739087301587302
2013-06-30,35.53548460144928,26.429846014492757,14.91778759057971,6.839651268115943,8.75090579710145,2.7218992248062017
2013-07-01,35.54154228855722,26.427905924920854,14.917899140660335,6.8357982813206695,8.748530076888287,2.7282196969696972
2013-07-02,35.5395606884058,26.429846014492757,14.92458106884058,6.828781702898551,8.742753623188406,2.7282196969696972
2013-07-03,35.5469696969697,26.423835368611492,14.923326549072819,6.826300316598824,8.743102668475803,2.712037037037037
2013-07-04,35.55571364046974,26.42190605239386,14.922075429087624,6.822470641373081,8.74074074074074,2.712037037037037
2013-07-05,35.552397105382184,26.426549072817732,14.92739710538218,6.815445499773858,8.734961555857078,2.712037037037037
2013-07-06,35.552397105382184,26.426549072817732,14.92739710538218,6.815445499773858,8.734961555857078,2.712037037037037
2013-07-07,35.55985979194935,26.431976481230215,14.929432383536861,6.804590682948892,8.726820443238354,2.6965579710144927
2013-07-08,35.55985979194935,26.431976481230215,14.929432383536861,6.804590682948892,8.726820443238354,2.6965579710144927
2013-07-09,35.56452122854562,26.43139114724481,14.928172990063235,6.802145438121048,8.724480578139115,2.7030141843971633
2013-07-10,35.57187640956248,26.425394677492108,14.928270184934597,6.799706811005864,8.724853405502932,2.6883680555555554
2013-07-11,35.57187640956248,26.425394677492108,14.928270184934597,6.799706811005864,8.724853405502932,2.6883680555555554
2013-07-12,35.57876126126126,26.424594594594595,14.925889639639639,6.797499999999999,8.721621621621622,2.6981292517006805
2013-07-13,35.57819124943617,26.426522327469556,14.931202074875959,6.7918132611637345,8.71447902571042,2.6981292517006805
2013-07-14,35.58360396932792,26.433288227334238,14.93390843482183,6.7809878213802435,8.705006765899865,2.664166666666667
2013-07-15,35.583039747064134,26.43387533875339,14.940593947606143,6.775271002710027,8.699186991869919,2.664166666666667
2013-07-16,35.58766350924673,26.43283716734326,14.939772214704556,6.7728687415426245,8.697789806044204,2.6642156862745097
2013-07-17,35.59497747747748,26.4281981981982,14.938502252252253,6.770472972972972,8.696846846846848,2.6514423076923075
2013-07-18,35.59497747747748,26.4281981981982,14.938502252252253,6.770472972972972,8.696846846846848,2.6514423076923075
2013-07-19,35.60227170490328,26.427620332883492,14.935886189833559,6.766734143049932,8.694556905083221,2.6580188679245285
2013-07-20,35.600833333333334,26.429549549549552,14.943457207207208,6.760563063063063,8.687837837837838,2.6580188679245285
2013-07-21,35.60623873873874,26.4281981981982,14.947511261261264,6.752454954954955,8.682432432432432,2.6458333333333335
2013-07-22,35.60570590888588,26.42877762742445,14.954206134415879,6.746707262065855,8.6765899864682,2.6458333333333335
2013-07-23,35.602999548940005,26.42877762742445,14.962325214253498,6.741294542174109,8.671177266576455,2.6522727272727273
2013-07-24,35.61029279279279,26.422792792792794,14.958322072072074,6.738941441441441,8.671621621621622,2.640625
2013-07-25,35.61891587944219,26.42087269455691,14.957028789923529,6.735245164192532,8.6693657219973,2.629385964912281
2013-07-26,35.61891587944219,26.42087269455691,14.957028789923529,6.735245164192532,8.6693657219973,2.629385964912281
2013-07-27,35.61891587944219,26.42087269455691,14.957028789923529,6.735245164192532,8.6693657219973,2.629385964912281
2013-07-28,35.62377417903734,26.41970310391363,14.961842105263159,6.727013045434098,8.662843004948268,2.6357758620689653
2013-07-29,35.62377417903734,26.41970310391363,14.961842105263159,6.727013045434098,8.662843004948268,2.6357758620689653
2013-07-30,35.62647323436797,26.41970310391363,14.968589743589744,6.7162168241115605,8.656095366621683,2.641949152542373
2013-07-31,35.63371518418688,26.41374663072776,14.965936657681942,6.713903863432165,8.655211141060198,2.63125
2013-08-01,35.64228353521759,26.413189771197846,14.963290713324362,6.7115971287572895,8.652983400628084,2.63125
2013-08-02,35.64814068100358,26.413978494623656,14.961995967741936,6.709296594982078,8.65076164874552,2.63125
2013-08-03,35.64766711529834,26.41520861372813,14.969347240915209,6.7035217586361595,8.644908030506954,2.63125
2013-08-04,35.65305069537909,26.41520861372813,14.974730820995962,6.695446388515029,8.636832660385824,2.6209016393442623
2013-08-05,35.657549283154125,26.414650537634408,14.973420698924732,6.693167562724014,8.63597670250896,2.6108870967741935
2013-08-06,35.657549283154125,26.414650537634408,14.973420698924732,6.693167562724014,8.63597670250896,2.6108870967741935
2013-08-07,35.66337807606264,26.41006711409396,14.972114093959732,6.690894854586129,8.633780760626399,2.617063492063492
2013-08-08,35.66337807606264,26.41006711409396,14.972114093959732,6.690894854586129,8.633780760626399,2.617063492063492
2013-08-09,35.67187220732797,26.408176943699733,14.96947050938338,6.688628239499552,8.63159070598749,2.617063492063492
2013-08-10,35.67187220732797,26.408176943699733,14.96947050938338,6.688628239499552,8.63159070598749,2.617063492063492
2013-08-11,35.67924486148347,26.407506702412867,14.974832439678284,6.67991510277033,8.624218051831994,2.607421875
2013-08-12,35.680156599552575,26.409395973154364,14.9801677852349,6.671431767337807,8.621029082774049,2.607421875
2013-08-13,35.68460679177837,26.408847184986595,14.978853887399465,6.669191242180518,8.620196604110813,2.6134615384615385
2013-08-14,35.690383757251226,26.404283801874165,14.97620481927711,6.666956715751896,8.619366354306115,2.6193181818181817
2013-08-15,35.69881907308378,26.4024064171123,14.972225935828877,6.664728163992869,8.618538324420678,2.6193181818181817
2013-08-16,35.705896751223854,26.400534045393858,14.969592790387184,6.662505562972852,8.617712505562974,2.6193181818181817
2013-08-17,35.705896751223854,26.400534045393858,14.969592790387184,6.662505562972852,8.617712505562974,2.6193181818181817
2013-08-18,35.71524254561638,26.397196261682243,14.972263017356475,6.653159768580329,8.611036938139742,2.595149253731343
2013-08-19,35.71524254561638,26.397196261682243,14.972263017356475,6.653159768580329,8.611036938139742,2.595149253731343
2013-08-20,35.71657765910103,26.398086337338672,14.980273698264353,6.645594125500668,8.605696484201157,2.591299019607843
2013-08-21,35.72228888888889,26.393888888888885,14.977966666666667,6.6454,8.604222222222223,2.589975845410628
2013-08-22,35.72228888888889,26.393888888888885,14.977966666666667,6.6454,8.604222222222223,2.589975845410628
2013-08-23,35.72998224589436,26.39136706613404,14.974667110519308,6.64387483355526,8.604083444296494,2.5958333333333337
2013-08-24,35.72998224589436,26.39136706613404,14.974667110519308,6.64387483355526,8.604083444296494,2.5958333333333337
2013-08-25,35.73752774079006,26.391810918774965,14.977330226364847,6.633666222814026,8.597425654682645,2.6015258215962445
2013-08-26,35.74186613475177,26.38996010638298,14.976030585106383,6.632823581560284,8.595301418439716,2.607060185185185
2013-08-27,35.74186613475177,26.38996010638298,14.976030585106383,6.632823581560284,8.595301418439716,2.607060185185185
2013-08-28,35.74884904825144,26.384130146082338,14.970750332005313,6.630655157149181,8.597166888003542,2.6124429223744294
2013-08-29,35.75581343943413,26.38362068965517,14.966147214854113,6.6291556145004416,8.595711759504864,2.61768018018018
2013-08-30,35.75581343943413,26.38362068965517,14.966147214854113,6.6291556145004416,8.595711759504864,2.61768018018018
2013-08-31,35.756153165117304,26.384395750332,14.972343957503321,6.6217574147853036,8.590393979637007,2.61768018018018
2013-09-01,35.760579902611774,26.381739707835322,14.974114652501106,6.613346613545818,8.586409915891988,2.622777777777778
2013-09-02,35.76487621573828,26.38123342175066,14.971496463306808,6.6112068965517246,8.585632183908046,2.6277412280701755
2013-09-03,35.761907923860115,26.38306772908366,14.979426737494466,6.605378486055777,8.582425852146967,2.6277412280701755
2013-09-04,35.76752873563218,26.37990716180371,14.975143678160919,6.603912466843502,8.581984969053934,2.6390692640692643
2013-09-05,35.7744591611479,26.38006622516556,14.96855408388521,6.602450331125828,8.58121412803532,2.6436965811965814
2013-09-06,35.7744591611479,26.38006622516556,14.96855408388521,6.602450331125828,8.58121412803532,2.6436965811965814
2013-09-07,35.77813881520778,26.380570291777186,14.97381741821397,6.595291777188329,8.575353669319187,2.6436965811965814
2013-09-08,35.78344385499558,26.381896551724132,14.977796198054818,6.584681697612733,8.570048629531389,2.6482067510548526
2013-09-09,35.787704194260485,26.384039735099336,14.972527593818985,6.581258278145696,8.569293598233996,2.652604166666667
2013-09-10,35.793276014109345,26.38220899470899,14.967272927689594,6.5791666666666675,8.569863315696649,2.6568930041152266
2013-09-11,35.797512109203,26.38038309114927,14.959390136503742,6.578401585204756,8.571752531924263,2.6610772357723578
2013-09-12,35.80305628847845,26.382519788918202,14.952847405452946,6.576319261213721,8.570998240985048,2.659136546184739
2013-09-13,35.80858585858586,26.382015810276677,14.947639437856829,6.5755599472990784,8.570245937637242,2.6750992063492065
2013-09-14,35.80858585858586,26.382015810276677,14.947639437856829,6.5755599472990784,8.570245937637242,2.6750992063492065
2013-09-15,35.811660079051386,26.382894158981113,14.952470355731224,6.565458937198068,8.564097496706191,2.690686274509804
2013-09-16,35.812071240105546,26.384718557607737,14.95834432717678,6.558948988566403,8.558245382585751,2.690686274509804
2013-09-17,35.81075197889182,26.384718557607737,14.95834432717678,6.551033421284081,8.558245382585751,2.6942829457364343
2013-09-18,35.81495388669302,26.384211682037765,14.953129117259552,6.5503074220465525,8.558827404479578,2.703544061302682
2013-09-19,35.818706140350876,26.385899122807018,14.944418859649122,6.549364035087719,8.559188596491229,2.725852272727273
2013-09-20,35.82354358300482,26.385830048182214,14.937045554095487,6.547985107314936,8.55976784932107,2.7420411985018727
2013-09-21,35.82354358300482,26.385830048182214,14.937045554095487,6.547985107314936,8.55976784932107,2.7420411985018727
2013-09-22,35.823311403508775,26.38831140350877,14.94485745614035,6.54015350877193,8.553925438596492,2.7420411985018727
2013-09-23,35.823311403508775,26.38831140350877,14.94485745614035,6.54015350877193,8.553925438596492,2.7420411985018727
2013-09-24,35.821761089152396,26.390140535792707,14.950054896794025,6.534277558190602,8.548067632850241,2.7420411985018727
2013-09-25,35.821761089152396,26.390140535792707,14.950054896794025,6.534277558190602,8.548067632850241,2.7420411985018727
2013-09-26,35.821761089152396,26.390140535792707,14.950054896794025,6.534277558190602,8.548067632850241,2.7420411985018727
2013-09-27,35.83120614035088,26.389627192982452,14.939594298245613,6.529627192982455,8.549978070175438,2.7671296296296295
2013-09-28,35.83120614035088,26.389627192982452,14.939594298245613,6.529627192982455,8.549978070175438,2.7671296296296295
2013-09-29,35.84081140350877,26.39111842105263,14.935296052631578,6.517697368421052,8.54546052631579,2.8026556776556775
2013-09-30,35.843236714975845,26.392951251646902,14.941798418972331,6.509156785243741,8.539591567852437,2.8026556776556775
2013-10-01,35.847189284145806,26.392951251646902,14.939163372859024,6.499934123847167,8.538274044795784,2.826539855072464
2013-10-02,35.847189284145806,26.392951251646902,14.939163372859024,6.499934123847167,8.538274044795784,2.826539855072464
2013-10-03,35.847189284145806,26.392951251646902,14.939163372859024,6.499934123847167,8.538274044795784,2.826539855072464
2013-10-04,35.847189284145806,26.392951251646902,14.939163372859024,6.499934123847167,8.538274044795784,2.826539855072464
2013-10-05,35.847189284145806,26.392951251646902,14.939163372859024,6.499934123847167,8.538274044795784,2.826539855072464
2013-10-06,35.85509442248573,26.394927536231883,14.935210803689063,6.489393939393939,8.533003952569171,2.8606630824372763
2013-10-07,35.85509442248573,26.394927536231883,14.935210803689063,6.489393939393939,8.533003952569171,2.8606630824372763
2013-10-08,35.85509442248573,26.394927536231883,14.935210803689063,6.489393939393939,8.533003952569171,2.8606630824372763
2013-10-09,35.86712719298246,26.391776315789475,14.926085526315788,6.4848026315789475,8.532302631578947,2.8940602836879434
2013-10-10,35.87584318878668,26.39060446780552,14.917641261498028,6.480880420499343,8.532917214191853,2.9135964912280703
2013-10-11,35.87584318878668,26.39060446780552,14.917641261498028,6.480880420499343,8.532917214191853,2.9135964912280703
2013-10-12,35.87584318878668,26.39060446780552,14.917641261498028,6.480880420499343,8.532917214191853,2.9135964912280703
2013-10-13,35.883727551467366,26.3919185282523,14.915670170827857,6.468396846254928,8.529632063074901,2.945746527777778
2013-10-14,35.88225877192983,26.39638157894737,14.919506578947367,6.461118421052631,8.525065789473684,2.945746527777778
2013-10-15,35.89029785370127,26.39520367936925,14.911727989487515,6.457227332457292,8.52568988173456,2.977233676975945
2013-10-16,35.90094050743657,26.392060367454068,14.902657480314959,6.454002624671916,8.525,3.0080782312925174
2013-10-17,35.90094050743657,26.392060367454068,14.902657480314959,6.454002624671916,8.525,3.0080782312925174
2013-10-18,35.90094050743657,26.392060367454068,14.902657480314959,6.454002624671916,8.525,3.0080782312925174
2013-10-19,35.9021243977223,26.393889618922472,14.907785808147173,6.446714848883048,8.519119579500657,3.0080782312925174
2013-10-20,35.90738063950942,26.39651773981603,14.905157687253613,6.434888304862024,8.517805519053876,3.0281986531986536
2013-10-21,35.91668853893263,26.395997375328083,14.898720472440944,6.431036745406824,8.517782152230971,3.037916666666667
2013-10-22,35.91460797196671,26.3984888304862,14.904500657030223,6.423718791064389,8.514520367936925,3.037916666666667
2013-10-23,35.922594050743655,26.396653543307085,14.896095800524932,6.421194225721784,8.515157480314961,3.059818481848185
2013-10-24,35.922594050743655,26.396653543307085,14.896095800524932,6.421194225721784,8.515157480314961,3.059818481848185
2013-10-25,35.92793796417649,26.397444298820446,14.888368283093053,6.418020969855832,8.515792922673658,3.078839869281046
2013-10-26,35.92653105861767,26.400590551181104,14.894783464566927,6.409383202099737,8.51253280839895,3.078839869281046
2013-10-27,35.931824146981626,26.402384076990373,14.89403980752406,6.397440944881889,8.508377077865267,3.0974919093851137
2013-10-28,35.931824146981626,26.402384076990373,14.89403980752406,6.397440944881889,8.508377077865267,3.0974919093851137
2013-10-29,35.93042049934297,26.40554095488392,14.899156811213315,6.390078843626807,8.505102934734998,3.0974919093851137
2013-10-30,35.93838582677165,26.40402449693788,14.892071303587052,6.386614173228346,8.505752405949256,3.1133814102564106
2013-10-31,35.93838582677165,26.40402449693788,14.892071303587052,6.386614173228346,8.505752405949256,3.1133814102564106
2013-11-01,35.93699080157687,26.4071835304424,14.898499780989926,6.379237844940866,8.501160753394656,3.1133814102564106
2013-11-02,35.93822368421053,26.407719298245613,14.903629385964912,6.371842105263157,8.496557017543859,3.1133814102564106
2013-11-03,35.946189224704334,26.40586946999562,14.895871660096365,6.367411300919842,8.497218572054315,3.1313492063492063
2013-11-04,35.946189224704334,26.40586946999562,14.895871660096365,6.367411300919842,8.497218572054315,3.1313492063492063
2013-11-05,35.946189224704334,26.40586946999562,14.895871660096365,6.367411300919842,8.497218572054315,3.1313492063492063
2013-11-06,35.95413385826772,26.40468066491688,14.889118547681539,6.363320209973753,8.497878390201224,3.1442610062893084
2013-11-07,35.96205766710354,26.404150283966796,14.882710790738313,6.358912188728702,8.498536478811708,3.1522585669781935
2013-11-08,35.96996073298429,26.403621291448513,14.875010907504363,6.354515706806282,8.499192844677138,3.1693672839506175
2013-11-09,35.96996073298429,26.403621291448513,14.875010907504363,6.354515706806282,8.499192844677138,3.1693672839506175
2013-11-10,35.97653594771242,26.40309368191721,14.868638344226579,6.350130718954247,8.499847494553377,3.1861620795107037
2013-11-11,35.97653594771242,26.40309368191721,14.868638344226579,6.350130718954247,8.499847494553377,3.1861620795107037
2013-11-12,35.98439947780679,26.401261966927763,14.863587902523934,6.347062663185378,8.499847693646648,3.1981060606060607
2013-11-13,35.99093872229465,26.398131247283786,14.855943068231204,6.3440026075619285,8.50180356366797,3.2143393393393396
2013-11-14,35.99093872229465,26.398131247283786,14.855943068231204,6.3440026075619285,8.50180356366797,3.2143393393393396
2013-11-15,35.99093872229465,26.398131247283786,14.855943068231204,6.3440026075619285,8.50180356366797,3.2143393393393396
2013-11-16,35.99093872229465,26.398131247283786,14.855943068231204,6.3440026075619285,8.50180356366797,3.2143393393393396
2013-11-17,35.99680573663625,26.399435028248586,14.855291177748805,6.331616688396348,8.499196001738374,3.230282738095238
2013-11-18,35.99549608355091,26.39995648389904,14.861629677980853,6.322911227154046,8.497236727589208,3.230282738095238
2013-11-19,35.996801566579634,26.39865100087032,14.862935161009574,6.313772845953002,8.495931244560488,3.24594395280236
2013-11-20,36.00332464146023,26.39617557583659,14.856594958713602,6.310756192959582,8.497566275532376,3.259137426900585
2013-11-21,36.00332464146023,26.39617557583659,14.856594958713602,6.310756192959582,8.497566275532376,3.259137426900585
2013-11-22,36.0111328125,26.394357638888888,14.85027126736111,6.306445312499999,8.49822048611111,3.2655797101449275
2013-11-23,36.0111328125,26.394357638888888,14.85027126736111,6.306445312499999,8.49822048611111,3.2655797101449275
2013-11-24,36.0189453125,26.39370659722222,14.850922309027778,6.294075520833332,8.494965277777778,3.2805316091954024
2013-11-25,36.0189453125,26.39370659722222,14.850922309027778,6.294075520833332,8.494965277777778,3.2805316091954024
2013-11-26,36.0189453125,26.39370659722222,14.850922309027778,6.294075520833332,8.494965277777778,3.2805316091954024
2013-11-27,36.02444733420026,26.393194625054182,14.844939315127872,6.291092327698308,8.495947117468575,3.290954415954416
2013-11-28,36.02444733420026,26.393194625054182,14.844939315127872,6.291092327698308,8.495947117468575,3.290954415954416
2013-11-29,36.03220779220779,26.39268398268398,14.836049783549784,6.286818181818181,8.497900432900433,3.3054378531073447
2013-11-30,36.03220779220779,26.39268398268398,14.836049783549784,6.286818181818181,8.497900432900433,3.3054378531073447
2013-12-01,36.039350649350645,26.394632034632032,14.834751082251081,6.274480519480519,8.494653679653679,3.3196778711484596
2013-12-02,36.039350649350645,26.394632034632032,14.834751082251081,6.274480519480519,8.494653679653679,3.3196778711484596
2013-12-03,36.047792207792206,26.39268398268398,14.834751082251081,6.262142857142856,8.493354978354978,3.3253472222222222
2013-12-04,36.05551232166018,26.38828361435365,14.828480328577605,6.257911802853436,8.495309122351923,3.3391873278236917
2013-12-05,36.064507772020725,26.386485319516407,14.822225820379966,6.253691709844559,8.49596286701209,3.344603825136612
2013-12-06,36.064507772020725,26.386485319516407,14.822225820379966,6.253691709844559,8.49596286701209,3.344603825136612
2013-12-07,36.065823605706875,26.388348465196717,14.827442715088628,6.244228274967574,8.491742325983571,3.344603825136612
2013-12-08,36.074902723735406,26.393536532641594,14.826145698227409,6.227367055771724,8.487851275399914,3.3580623306233064
2013-12-09,36.082577720207254,26.391731433506045,14.819894214162348,6.224481865284973,8.489162348877375,3.3672715053763445
2013-12-10,36.090349740932645,26.39043609671848,14.821189550949912,6.210233160621761,8.489162348877375,3.3723333333333336
2013-12-11,36.09928848641656,26.38734368262182,14.8136589047003,6.206080206985769,8.491116860715826,3.385251322751323
2013-12-12,36.09928848641656,26.38734368262182,14.8136589047003,6.206080206985769,8.491116860715826,3.385251322751323
2013-12-13,36.10691214470284,26.385551248923342,14.806147717484926,6.203229974160206,8.49306632213609,3.3900918635170605
2013-12-14,36.10691214470284,26.385551248923342,14.806147717484926,6.203229974160206,8.49306632213609,3.3900918635170605
2013-12-15,36.117248062015506,26.38748923341947,14.80356373815676,6.187726098191214,8.489836347975883,3.4026692708333335
2013-12-16,36.119987063389395,26.389284174213024,14.808484260457092,6.175032341526519,8.486589047003019,3.4026692708333335
2013-12-17,36.127583979328165,26.38813522825151,14.800979758828595,6.172222222222222,8.487898363479758,3.4111757105943155
2013-12-18,36.127583979328165,26.38813522825151,14.800979758828595,6.172222222222222,8.487898363479758,3.4111757105943155
2013-12-19,36.13451612903226,26.38698924731183,14.79543010752688,6.169419354838709,8.488559139784947,3.419551282051282
2013-12-20,36.14207474226804,26.387779209621996,14.787961769759448,6.166623711340205,8.487929553264605,3.4239821882951653
2013-12-21,36.14612903225807,26.390860215053767,14.79284946236559,6.153935483870967,8.483397849462365,3.4239821882951653
2013-12-22,36.15516129032258,26.393440860215055,14.791559139784944,6.135870967741934,8.480817204301076,3.435921717171717
2013-12-23,36.15516129032258,26.393440860215055,14.791559139784944,6.135870967741934,8.480817204301076,3.435921717171717
2013-12-24,36.15277777777778,26.395241171403963,14.797749784668389,6.127002583979327,8.47885443583118,3.435921717171717
2013-12-25,36.15277777777778,26.395241171403963,14.797749784668389,6.127002583979327,8.47885443583118,3.435921717171717
2013-12-26,36.15277777777778,26.395241171403963,14.797749784668389,6.127002583979327,8.47885443583118,3.435921717171717
2013-12-27,36.15277777777778,26.395241171403963,14.797749784668389,6.127002583979327,8.47885443583118,3.435921717171717
2013-12-28,36.153622250970244,26.396399310047435,14.802662785683482,6.115523932729624,8.476886589047004,3.435921717171717
2013-12-29,36.156411917098445,26.402094127806564,14.808883851468046,6.100129533678755,8.472322970639032,3.435921717171717
2013-12-30,36.16050583657587,26.40261565067013,14.813824038045826,6.087289234760051,8.469044530912235,3.435921717171717
2013-12-31,36.16050583657587,26.40261565067013,14.813824038045826,6.087289234760051,8.469044530912235,3.435921717171717
2014-01-01,36.16806994818653,26.399503454231436,14.807588514680482,6.085880829015543,8.471027633851469,3.4401629072681708
2014-01-02,36.16806994818653,26.399503454231436,14.807588514680482,6.085880829015543,8.471027633851469,3.4401629072681708
2014-01-03,36.16806994818653,26.399503454231436,14.807588514680482,6.085880829015543,8.471027633851469,3.4401629072681708
2014-01-04,36.168806744487675,26.401707738867273,14.812527021184607,6.0745784695201035,8.46800691742326,3.4401629072681708
2014-01-05,36.17227272727273,26.40547619047619,14.818127705627704,6.05974025974026,8.464069264069265,3.4401629072681708
2014-01-06,36.17918287937743,26.4036532641591,14.810581495892778,6.057068741893644,8.466061392131431,3.451803482587065
2014-01-07,36.17918287937743,26.4036532641591,14.810581495892778,6.057068741893644,8.466061392131431,3.451803482587065
2014-01-08,36.185427461139895,26.39924438687392,14.80435017271157,6.055699481865285,8.46804835924007,3.4632716049382717
2014-01-09,36.191655886157825,26.40002156101768,14.796841310909873,6.053040103492885,8.467442863303148,3.467218137254902
2014-01-10,36.191655886157825,26.40002156101768,14.796841310909873,6.053040103492885,8.467442863303148,3.467218137254902
2014-01-11,36.19708549222798,26.400539723661485,14.801759499136441,6.041450777202073,8.462867012089811,3.467218137254902
2014-01-12,36.20874352331606,26.401835060449052,14.799168825561312,6.024611398963731,8.460276338514682,3.4784063260340634
2014-01-13,36.22040155440414,26.400539723661485,14.797873488773746,6.007772020725389,8.4596286701209,3.4821859903381642
2014-01-14,36.21939040207523,26.4036532641591,14.804096411586682,5.996108949416342,8.457630782533506,3.4821859903381642
2014-01-15,36.22428756476684,26.39924438687392,14.797873488773746,5.994818652849741,8.4596286701209,3.49310551558753
2014-01-16,36.22428756476684,26.39924438687392,14.797873488773746,5.994818652849741,8.4596286701209,3.49310551558753
2014-01-17,36.23305304010349,26.396140577835276,14.790373005605863,5.9922380336351875,8.46162138852954,3.4967261904761906
2014-01-18,36.237240932642486,26.396653713298793,14.796578151986182,5.979274611398964,8.458333333333334,3.4967261904761906
2014-01-19,36.24630829015544,26.397949050086357,14.795282815198616,5.962435233160622,8.45703799654577,3.507387706855792
2014-01-20,36.24630829015544,26.397949050086357,14.795282815198616,5.962435233160622,8.45703799654577,3.507387706855792
2014-01-21,36.253751617076325,26.396140577835276,14.787785683484259,5.959896507115136,8.457740405347133,3.510856807511737
2014-01-22,36.25988372093023,26.393690783807063,14.781276916451333,5.958333333333333,8.459086993970717,3.5142773892773893
2014-01-23,36.25988372093023,26.393690783807063,14.781276916451333,5.958333333333333,8.459086993970717,3.5142773892773893
2014-01-24,36.25988372093023,26.393690783807063,14.781276916451333,5.958333333333333,8.459086993970717,3.5142773892773893
2014-01-25,36.262807244501936,26.394846916774473,14.786168607158256,5.9453428201811125,8.457093574816732,3.5142773892773893
2014-01-26,36.27315653298835,26.397434238896075,14.784874946097455,5.929818887451487,8.454506252695127,3.5176504629629632
2014-01-27,36.27926356589147,26.39756675279931,14.778046942291127,5.927971576227391,8.454565030146426,3.520977011494253
2014-01-28,36.28350582147477,26.396787408365675,14.784228115567053,5.914941785252264,8.452565761103925,3.520977011494253
2014-01-29,36.28959948320413,26.394336778639104,14.778692937123168,5.9131136950904395,8.452950043066323,3.5276826484018264
2014-01-30,36.28959948320413,26.394336778639104,14.778692937123168,5.9131136950904395,8.452950043066323,3.5276826484018264
2014-01-31,36.297612903225804,26.39382795698925,14.771881720430105,5.910645161290323,8.453010752688172,3.530895691609977
2014-02-01,36.30071059431525,26.39362618432386,14.777723944875106,5.89922480620155,8.449720068906116,3.530895691609977
2014-02-02,36.31104651162791,26.394918173987943,14.776431955211024,5.883720930232558,8.448428079242033,3.534065315315315
2014-02-03,36.31774193548387,26.393118279569894,14.769623655913977,5.881290322580645,8.449139784946237,3.543903803131991
2014-02-04,36.31686046511628,26.394918173987943,14.777077950043065,5.869509043927649,8.44713608957795,3.543903803131991
2014-02-05,36.32419354838709,26.39182795698925,14.770913978494622,5.8670967741935485,8.447849462365593,3.5469444444444442
2014-02-06,36.33021907216495,26.3926116838488,14.763477233676975,5.864690721649485,8.448560996563575,3.556567328918322
2014-02-07,36.33021907216495,26.3926116838488,14.763477233676975,5.864690721649485,8.448560996563575,3.556567328918322
2014-02-08,36.33451612903226,26.39182795698925,14.770913978494622,5.851612903225806,8.443978494623657,3.556567328918322
2014-02-09,36.34483870967742,26.39182795698925,14.770913978494622,5.8348387096774195,8.442688172043011,3.559484649122807
2014-02-10,36.34786821705426,26.392334194659778,14.775785960378983,5.822997416020672,8.439384151593455,3.559484649122807
2014-02-11,36.35387096774193,26.39182795698925,14.768333333333333,5.820645161290322,8.440752688172044,3.568899782135076
2014-02-12,36.35985824742268,26.388745704467354,14.76218857388316,5.818298969072165,8.44276202749141,3.5716991341991338
2014-02-13,36.35985824742268,26.388745704467354,14.76218857388316,5.818298969072165,8.44276202749141,3.5716991341991338
2014-02-14,36.35985824742268,26.388745704467354,14.76218857388316,5.818298969072165,8.44276202749141,3.5716991341991338
2014-02-15,36.36032258064516,26.39182795698925,14.768333333333333,5.80516129032258,8.440752688172044,3.5716991341991338
2014-02-16,36.369354838709675,26.38924731182796,14.769623655913977,5.790967741935484,8.439462365591398,3.5809139784946233
2014-02-17,36.37709677419355,26.387311827956992,14.768978494623655,5.776774193548387,8.440752688172044,3.5900106837606836
2014-02-18,36.37709677419355,26.387311827956992,14.768978494623655,5.776774193548387,8.440752688172044,3.5900106837606836
2014-02-19,36.381765463917525,26.384235395189005,14.762832903780067,5.774484536082475,8.44276202749141,3.5989915074309975
2014-02-20,36.386422136422134,26.384384384384386,14.75734663234663,5.772200772200772,8.443479193479194,3.6078586497890295
2014-02-21,36.39492287917738,26.38131962296487,14.75123179091688,5.769922879177378,8.445479862896317,3.610324947589098
2014-02-22,36.39492287917738,26.38131962296487,14.75123179091688,5.769922879177378,8.445479862896317,3.610324947589098
2014-02-23,36.40327763496144,26.379391602399316,14.75123179091688,5.755784061696658,8.444194515852613,3.6190104166666663
2014-02-24,36.40327763496144,26.379391602399316,14.75123179091688,5.755784061696658,8.444194515852613,3.6190104166666663
2014-02-25,36.410668380462724,26.37778491859469,14.750589117395029,5.74293059125964,8.442909168808912,3.629140786749482
2014-02-26,36.41655969191271,26.372165169020114,14.744490800171159,5.741976893453145,8.444908001711596,3.637602880658436
2014-02-27,36.41655969191271,26.372165169020114,14.744490800171159,5.741976893453145,8.444908001711596,3.637602880658436
2014-02-28,36.42115384615385,26.371688034188036,14.738408119658118,5.73974358974359,8.445619658119659,3.6459611451942737
2014-03-01,36.42201540436457,26.37184424475824,14.744169875909284,5.7301026957638,8.442982456140351,3.6459611451942737
2014-03-02,36.428433889602054,26.373127941805734,14.744169875909284,5.714698331193838,8.441698759092855,3.6542174796747964
2014-03-03,36.428433889602054,26.373127941805734,14.744169875909284,5.714698331193838,8.441698759092855,3.6542174796747964
2014-03-04,36.43356867779204,26.37120239623449,14.746737270004278,5.70186136071887,8.441056910569106,3.6623737373737373
2014-03-05,36.43814102564102,26.365598290598292,14.740651709401709,5.699679487179488,8.444337606837607,3.6764558232931726
2014-03-06,36.44526248399488,26.362569355527103,14.735862142552282,5.697503201024328,8.445049082373027,3.678393213572854
2014-03-07,36.44526248399488,26.362569355527103,14.735862142552282,5.697503201024328,8.445049082373027,3.678393213572854
2014-03-08,36.44526248399488,26.362569355527103,14.735862142552282,5.697503201024328,8.445049082373027,3.678393213572854
2014-03-09,36.45358514724712,26.358728126333762,14.736502347417838,5.682778489116517,8.445689287238583,3.6862599206349205
2014-03-10,36.45358514724712,26.358728126333762,14.736502347417838,5.682778489116517,8.445689287238583,3.6862599206349205
2014-03-11,36.459398976982094,26.357630008525152,14.730445439045182,5.680626598465473,8.44575873827792,3.6969921104536487
2014-03-12,36.46647509578544,26.353341847594724,14.723126862494677,5.678480204342273,8.447743720732227,3.704656862745098
2014-03-13,36.46647509578544,26.353341847594724,14.723126862494677,5.678480204342273,8.447743720732227,3.704656862745098
2014-03-14,36.47225765306123,26.351615646258505,14.717102465986393,5.676339285714286,8.449723639455783,3.7063840155945416
2014-03-15,36.47286079182631,26.35206470838655,14.724404001702851,5.665708812260537,8.446466581524053,3.7063840155945416
2014-03-16,36.48052362707535,26.350787569178376,14.726958280119199,5.650383141762452,8.446466581524053,3.7139050387596897
2014-03-17,36.483695652173914,26.34995737425405,14.731724211423698,5.639705882352941,8.444479965899404,3.7139050387596897
2014-03-18,36.48881074168798,26.346121057118502,14.734281756180732,5.628196930946292,8.444479965899404,3.721339113680154
2014-03-19,36.49457215836526,26.34333759046403,14.727809706257982,5.6265432098765435,8.446040868454661,3.7286877394636013
2014-03-20,36.49457215836526,26.34333759046403,14.727809706257982,5.6265432098765435,8.446040868454661,3.7286877394636013
2014-03-21,36.49457215836526,26.34333759046403,14.727809706257982,5.6265432098765435,8.446040868454661,3.7286877394636013
2014-03-22,36.49776214833759,26.34121909633419,14.733855498721228,5.617114236999148,8.442774936061381,3.7286877394636013
2014-03-23,36.504156010230176,26.339940323955673,14.735134271099744,5.603047740835465,8.442774936061381,3.735952380952381
2014-03-24,36.50608194622279,26.337814767392235,14.739916773367478,5.5922962014511315,8.442061459667093,3.735952380952381
2014-03-25,36.50801282051282,26.335683760683764,14.743429487179487,5.582799145299146,8.441346153846155,3.735952380952381
2014-03-26,36.513764404609475,26.33269312846778,14.737355953905249,5.580772513871106,8.443341869398207,3.7431344696969693
2014-03-27,36.513764404609475,26.33269312846778,14.737355953905249,5.580772513871106,8.443341869398207,3.7431344696969693
2014-03-28,36.51950127877238,26.330988917306055,14.731297953964194,5.578111679454391,8.444053708439897,3.7502354048964217
2014-03-29,36.51984635083227,26.33269312846778,14.736395646606914,5.567648314127188,8.442381562099872,3.7502354048964217
2014-03-30,36.52752880921895,26.330132309005553,14.736395646606914,5.554844216816049,8.442381562099872,3.7572565543071157
2014-03-31,36.52752880921895,26.330132309005553,14.736395646606914,5.554844216816049,8.442381562099872,3.7572565543071157
2014-04-01,36.533248081841435,26.327791986359763,14.731617647058824,5.551577152600172,8.44309462915601,3.7641992551210426
2014-04-02,36.54022988505747,26.32354193273734,14.724297573435505,5.549595572584079,8.445083014048532,3.7766203703703702
2014-04-03,36.545918367346935,26.323129251700685,14.71827168367347,5.547619047619048,8.44579081632653,3.783379373848987
2014-04-04,36.545918367346935,26.323129251700685,14.71827168367347,5.547619047619048,8.44579081632653,3.783379373848987
2014-04-05,36.545918367346935,26.323129251700685,14.71827168367347,5.547619047619048,8.44579081632653,3.783379373848987
2014-04-06,36.55420918367347,26.32121598639456,14.717633928571429,5.532950680272109,8.44515306122449,3.7955586080586077
2014-04-07,36.55420918367347,26.32121598639456,14.717633928571429,5.532950680272109,8.44515306122449,3.7955586080586077
2014-04-08,36.56058673469388,26.316113945578234,14.717633928571429,5.522746598639457,8.446428571428571,3.8076047358834244
2014-04-09,36.56751592356688,26.311889596602974,14.711624203821657,5.520806794055202,8.448407643312102,3.814085144927536
2014-04-10,36.56751592356688,26.311889596602974,14.711624203821657,5.520806794055202,8.448407643312102,3.814085144927536
2014-04-11,36.57315521628499,26.310220525869383,14.705629770992367,5.518871925360476,8.450381679389313,3.8150900900900897
2014-04-12,36.57315521628499,26.310220525869383,14.705629770992367,5.518871925360476,8.450381679389313,3.8150900900900897
2014-04-13,36.58269720101781,26.307675996607298,14.70308524173028,5.505513146734522,8.44974554707379,3.8268369175627237
2014-04-14,36.587674714104196,26.304108428631938,14.697109275730623,5.504870817450234,8.45171537484117,3.83578431372549
2014-04-15,36.59327411167513,26.299915397631136,14.69114847715736,5.502961082910322,8.453680203045685,3.84729609929078
2014-04-16,36.59822560202788,26.298584706379387,14.685836501901141,5.501373046049853,8.454372623574145,3.8560405643738975
2014-04-17,36.59822560202788,26.298584706379387,14.685836501901141,5.501373046049853,8.454372623574145,3.8560405643738975
2014-04-18,36.59822560202788,26.298584706379387,14.685836501901141,5.501373046049853,8.454372623574145,3.8560405643738975
2014-04-19,36.598984771573605,26.30150169204738,14.690513959390863,5.490587986463622,8.45241116751269,3.8560405643738975
2014-04-20,36.60532994923858,26.30150169204738,14.687975888324873,5.477897631133673,8.451142131979696,3.8673245614035086
2014-04-21,36.60609911054638,26.303155442609068,14.690120711562898,5.467069038542991,8.450444726810673,3.8673245614035086
2014-04-22,36.60559796437659,26.30481340118745,14.694815521628499,5.457485156912639,8.451017811704835,3.8673245614035086
2014-04-23,36.61118170266836,26.302202456586194,14.689167725540026,5.455950868276155,8.452350698856417,3.8732547993019195
2014-04-24,36.61118170266836,26.302202456586194,14.689167725540026,5.455950868276155,8.452350698856417,3.8732547993019195
2014-04-25,36.61675126903553,26.300549915397635,14.683217005076141,5.454103214890018,8.454314720812183,3.879123263888889
2014-04-26,36.61753494282084,26.302837780601443,14.687261753494282,5.442609063955952,8.452986022871665,3.879123263888889
2014-04-27,36.62515883100381,26.303473104616693,14.684085133418042,5.429267259635749,8.452350698856417,3.8849309153713296
2014-04-28,36.62595419847328,26.305131467345213,14.688772264631043,5.4183630195080585,8.450381679389313,3.8849309153713296
2014-04-29,36.63182973316391,26.302202456586194,14.682814485387548,5.416878441338417,8.45108005082592,3.8945446735395186
2014-04-30,36.6361040609137,26.301818950930627,14.676871827411167,5.415080372250424,8.451776649746193,3.900213675213675
2014-05-01,36.6361040609137,26.301818950930627,14.676871827411167,5.415080372250424,8.451776649746193,3.900213675213675
2014-05-02,36.6361040609137,26.301818950930627,14.676871827411167,5.415080372250424,8.451776649746193,3.900213675213675
2014-05-03,36.6369123252859,26.304743752647187,14.681543837357053,5.4041719610334615,8.44853875476493,3.900213675213675
2014-05-04,36.64199491740788,26.308555696738672,14.679002541296061,5.39019483269801,8.44853875476493,3.9058248299319724
2014-05-05,36.64752538071066,26.306895093062607,14.674333756345177,5.387161590524536,8.449238578680204,3.911379018612521
2014-05-06,36.649618805590855,26.309826344769167,14.67646124523507,5.374947056332063,8.44853875476493,3.911379018612521
2014-05-07,36.65513959390863,26.305626057529615,14.670526649746193,5.373202199661591,8.450507614213198,3.9168771043771042
2014-05-08,36.65513959390863,26.305626057529615,14.670526649746193,5.373202199661591,8.450507614213198,3.9168771043771042
2014-05-09,36.65937896070976,26.303971271651882,14.665874524714829,5.3714617659484585,8.452471482889734,3.917294807370184
2014-05-10,36.661484771573605,26.306895093062607,14.669257614213198,5.360511844331642,8.449238578680204,3.917294807370184
2014-05-11,36.66656091370558,26.311971235194587,14.667988578680204,5.346552453468698,8.446700507614214,3.922708333333333
2014-05-12,36.66867852604828,26.316179584921645,14.670108005082593,5.334286319356206,8.444726810673444,3.922708333333333
2014-05-13,36.67439644218551,26.315226598898775,14.670108005082593,5.3228504870817455,8.445362134688692,3.929311774461028
2014-05-14,36.67829949238579,26.313557529610833,14.664498730964468,5.321806260575297,8.446065989847716,3.9383250825082508
2014-05-15,36.67829949238579,26.313557529610833,14.664498730964468,5.321806260575297,8.446065989847716,3.9383250825082508
2014-05-16,36.68124207858048,26.3131601182932,14.659854245880862,5.320130967469371,8.446768060836503,3.948481116584565
2014-05-17,36.68124207858048,26.3131601182932,14.659854245880862,5.320130967469371,8.446768060836503,3.948481116584565
2014-05-18,36.68377693282636,26.318229826784965,14.65605196451204,5.307456696239967,8.448035487959443,3.958537581699346
2014-05-19,36.68884664131812,26.319497253907905,14.6547845373891,5.294782425010562,8.44550063371356,3.9636178861788616
2014-05-20,36.68884664131812,26.319497253907905,14.6547845373891,5.294782425010562,8.44550063371356,3.9636178861788616
2014-05-21,36.69303797468354,26.3165611814346,14.648892405063291,5.293143459915613,8.447468354430379,3.9735032362459544
2014-05-22,36.69303797468354,26.3165611814346,14.648892405063291,5.293143459915613,8.447468354430379,3.9735032362459544
2014-05-23,36.69303797468354,26.3165611814346,14.648892405063291,5.293143459915613,8.447468354430379,3.9735032362459544
2014-05-24,36.69303797468354,26.3165611814346,14.648892405063291,5.293143459915613,8.447468354430379,3.9735032362459544
2014-05-25,36.696835443037976,26.317827004219414,14.646360759493671,5.282383966244726,8.446835443037974,3.98329307568438
2014-05-26,36.696835443037976,26.317827004219414,14.646360759493671,5.282383966244726,8.446835443037974,3.98329307568438
2014-05-27,36.70126582278481,26.320358649789032,14.64256329113924,5.269725738396625,8.446835443037974,3.992988782051282
2014-05-28,36.70126582278481,26.320358649789032,14.64256329113924,5.269725738396625,8.446835443037974,3.992988782051282
2014-05-29,36.70126582278481,26.320358649789032,14.64256329113924,5.269725738396625,8.446835443037974,3.992988782051282
2014-05-30,36.70126582278481,26.320358649789032,14.64256329113924,5.269725738396625,8.446835443037974,3.992988782051282
2014-05-31,36.70152091254753,26.323299535276725,14.645912547528518,5.259294465568231,8.44486692015209,3.992988782051282
2014-06-01,36.70532319391635,26.325834389522605,14.644011406844106,5.246620194338826,8.44359949302915,4.002591706539075
2014-06-02,36.70532319391635,26.325834389522605,14.644011406844106,5.246620194338826,8.44359949302915,4.002591706539075
2014-06-03,36.70785804816223,26.328369243768485,14.644011406844106,5.233312209547952,8.44359949302915,4.012103174603174
2014-06-04,36.709493670886076,26.324156118143463,14.638132911392406,5.231751054852322,8.445569620253165,4.031003159557661
2014-06-05,36.711757269279396,26.323746312684367,14.633533501896334,5.229561736198905,8.446270543615677,4.040290880503145
2014-06-06,36.711757269279396,26.323746312684367,14.633533501896334,5.229561736198905,8.446270543615677,4.040290880503145
2014-06-07,36.711757269279396,26.323746312684367,14.633533501896334,5.229561736198905,8.446270543615677,4.040290880503145
2014-06-08,36.71491782553729,26.32564264643911,14.631637168141593,5.215655288664139,8.446270543615677,4.054186228482003
2014-06-09,36.71582278481013,26.3285864978903,14.63370253164557,5.2045358649789035,8.444303797468354,4.054186228482003
2014-06-10,36.71582278481013,26.3285864978903,14.63370253164557,5.2045358649789035,8.444303797468354,4.054186228482003
2014-06-11,36.71871049304678,26.32532659081332,14.627844500632111,5.203329119258323,8.445638432364095,4.069119937694704
2014-06-12,36.71871049304678,26.32532659081332,14.627844500632111,5.203329119258323,8.445638432364095,4.069119937694704
2014-06-13,36.71871049304678,26.32532659081332,14.627844500632111,5.203329119258323,8.445638432364095,4.069119937694704
2014-06-14,36.71871049304678,26.32532659081332,14.627844500632111,5.203329119258323,8.445638432364095,4.069119937694704
2014-06-15,36.72250316055626,26.32975136957438,14.62594816687737,5.190054782975138,8.444374209860936,4.078100775193798
2014-06-16,36.72819216182048,26.3322798145807,14.623419721871048,5.17488411293721,8.442477876106194,4.086998456790123
2014-06-17,36.73198482932996,26.3322798145807,14.620891276864729,5.162241887905604,8.443742098609356,4.10042242703533
2014-06-18,36.73198482932996,26.3322798145807,14.620891276864729,5.162241887905604,8.443742098609356,4.10042242703533
2014-06-19,36.73198482932996,26.3322798145807,14.620891276864729,5.162241887905604,8.443742098609356,4.10042242703533
2014-06-20,36.7354797979798,26.33122895622896,14.616319444444445,5.16077441077441,8.443181818181818,4.109136085626911
2014-06-21,36.7354797979798,26.33122895622896,14.616319444444445,5.16077441077441,8.443181818181818,4.109136085626911
2014-06-22,36.73863636363637,26.334385521885526,14.613794191919192,5.148779461279461,8.440656565656566,4.1223363774733635
2014-06-23,36.74305555555556,26.33691077441078,14.612531565656566,5.1336279461279455,8.440656565656566,4.130871212121212
2014-06-24,36.74590163934426,26.335224884405214,14.607976040353089,5.132198402690205,8.441361916771752,4.1393288084464555
2014-06-25,36.75125944584383,26.331024349286317,14.602172544080604,5.130772460117548,8.442065491183879,4.152214714714715
2014-06-26,36.75125944584383,26.331024349286317,14.602172544080604,5.130772460117548,8.442065491183879,4.152214714714715
2014-06-27,36.754088050314465,26.329350104821806,14.597641509433963,5.1280922431865825,8.442767295597484,4.160500747384155
2014-06-28,36.7544080604534,26.333543240973974,14.599653652392947,5.116288832913518,8.442065491183879,4.160500747384155
2014-06-29,36.7588161209068,26.336691855583545,14.59713476070529,5.103064651553316,8.440176322418136,4.173177083333333
2014-06-30,36.764150943396224,26.333752620545077,14.591352201257862,5.10104821802935,8.440880503144655,4.1812962962962965
2014-07-01,36.76448362720403,26.337951301427374,14.593986146095718,5.0892107472712,8.440176322418136,4.1812962962962965
2014-07-02,36.76981132075472,26.333752620545077,14.58820754716981,5.0878406708595385,8.440880503144655,4.193768436578171
2014-07-03,36.77261306532663,26.333333333333336,14.583699748743719,5.0864740368509205,8.441582914572864,4.197320117474303
2014-07-04,36.772327044025154,26.337526205450736,14.58569182389937,5.076519916142558,8.440880503144655,4.197320117474303
2014-07-05,36.772327044025154,26.337526205450736,14.58569182389937,5.076519916142558,8.440880503144655,4.197320117474303
2014-07-06,36.776729559748425,26.340041928721178,14.58317610062893,5.063312368972746,8.439622641509434,4.205226608187134
2014-07-07,36.77896725440806,26.344248530646517,14.585170025188917,5.050797649034425,8.437657430730479,4.205226608187134
2014-07-08,36.782745591939545,26.346767422334175,14.58265113350126,5.038203190596137,8.437657430730479,4.210880640465793
2014-07-09,36.78805031446541,26.342557651991616,14.57814465408805,5.035639412997903,8.438364779874213,4.218659420289855
2014-07-10,36.78805031446541,26.342557651991616,14.57814465408805,5.035639412997903,8.438364779874213,4.218659420289855
2014-07-11,36.78805031446541,26.342557651991616,14.57814465408805,5.035639412997903,8.438364779874213,4.218659420289855
2014-07-12,36.7896725440806,26.346767422334175,14.579502518891688,5.024349286314021,8.437027707808564,4.218659420289855
2014-07-13,36.79534005037783,26.349286314021832,14.578872795969774,5.010495382031905,8.435138539042821,4.222041847041847
2014-07-14,36.80226700251889,26.348656591099918,14.577613350125944,4.997271200671704,8.432619647355164,4.2297054597701145
2014-07-15,36.80201765447667,26.352879361076084,14.582124842370744,4.984657419083648,8.430643127364439,4.2297054597701145
2014-07-16,36.806989924433246,26.349916036943746,14.577613350125944,4.982472712006716,8.431045340050378,4.237303290414879
2014-07-17,36.806989924433246,26.349916036943746,14.577613350125944,4.982472712006716,8.431045340050378,4.237303290414879
2014-07-18,36.81163522012579,26.348218029350107,14.57248427672956,4.980607966457023,8.432389937106919,4.238425925925926
2014-07-19,36.81163522012579,26.348218029350107,14.57248427672956,4.980607966457023,8.432389937106919,4.238425925925926
2014-07-20,36.81792452830189,26.35262054507338,14.570387840670861,4.9676100628930815,8.427987421383648,4.241666666666666
2014-07-21,36.820214105793454,26.356842989084807,14.573625104953821,4.956234256926952,8.423488664987406,4.241666666666666
2014-07-22,36.82525188916877,26.360621326616293,14.572365659109993,4.943639798488665,8.419710327455919,4.244879943502824
2014-07-23,36.831761006289305,26.356394129979037,14.5666142557652,4.941509433962264,8.421069182389937,4.250175808720113
2014-07-24,36.831761006289305,26.356394129979037,14.5666142557652,4.941509433962264,8.421069182389937,4.250175808720113
2014-07-25,36.831761006289305,26.356394129979037,14.5666142557652,4.941509433962264,8.421069182389937,4.250175808720113
2014-07-26,36.83280856423174,26.361251049538208,14.569846767422336,4.93198992443325,8.416561712846347,4.250175808720113
2014-07-27,36.839105793450884,26.363769941225865,14.568587321578507,4.920025188916877,8.414672544080604,4.253326330532213
2014-07-28,36.84142496847415,26.36485918453132,14.573717948717949,4.909205548549811,8.41078184110971,4.253326330532213
2014-07-29,36.84646910466583,26.36422866750736,14.573717948717949,4.897225725094578,8.40825977301387,4.256450488145049
2014-07-30,36.85421914357683,26.35873215785055,14.567957598656593,4.894836272040302,8.410264483627204,4.259548611111111
2014-07-31,36.85421914357683,26.35873215785055,14.567957598656593,4.894836272040302,8.410264483627204,4.259548611111111
2014-08-01,36.85421914357683,26.35873215785055,14.567957598656593,4.894836272040302,8.410264483627204,4.259548611111111
2014-08-02,36.85655737704918,26.36170659941152,14.57245691467003,4.883984867591425,8.406368221941992,4.259548611111111
2014-08-03,36.86538461538461,26.3604455653636,14.571195880622112,4.871374527112232,8.405107187894073,4.26262102351314
2014-08-04,36.86538461538461,26.3604455653636,14.571195880622112,4.871374527112232,8.405107187894073,4.26262102351314
2014-08-05,36.87547288776797,26.3604455653636,14.570565363598151,4.85750315258512,8.401954602774275,4.263601928374656
2014-08-06,36.883186397984886,26.35747271200672,14.56354953820319,4.856423173803527,8.402707808564232,4.266632373113855
2014-08-07,36.888364779874216,26.35702306079665,14.557809224318659,4.854088050314465,8.403459119496855,4.269637978142077
2014-08-08,36.888364779874216,26.35702306079665,14.557809224318659,4.854088050314465,8.403459119496855,4.269637978142077
2014-08-09,36.888364779874216,26.35702306079665,14.557809224318659,4.854088050314465,8.403459119496855,4.269637978142077
2014-08-10,36.89353015075377,26.357830820770523,14.5508270519263,4.851758793969849,8.404208542713567,4.272619047619048
2014-08-11,36.89353015075377,26.357830820770523,14.5508270519263,4.851758793969849,8.404208542713567,4.272619047619048
2014-08-12,36.895911949685534,26.36331236897275,14.555293501048219,4.840251572327044,8.398427672955975,4.272619047619048
2014-08-13,36.90232412060301,26.361599664991626,14.549256700167504,4.83856783919598,8.399183417085426,4.27659214092141
2014-08-14,36.90232412060301,26.361599664991626,14.549256700167504,4.83856783919598,8.399183417085426,4.27659214092141
2014-08-15,36.90232412060301,26.361599664991626,14.549256700167504,4.83856783919598,8.399183417085426,4.27659214092141
2014-08-16,36.90232412060301,26.361599664991626,14.549256700167504,4.83856783919598,8.399183417085426,4.27659214092141
2014-08-17,36.91111809045226,26.36850921273032,14.548628559463987,4.824120603015075,8.393530150753769,4.275472334682862
2014-08-18,36.914779874213835,26.3727463312369,14.553092243186583,4.8125786163522015,8.387735849056604,4.275472334682862
2014-08-19,36.919912060301506,26.372278056951426,14.547372278056953,4.810301507537688,8.388505025125628,4.274361559139785
2014-08-20,36.92544960267671,26.37118360518612,14.541666666666668,4.808239230447512,8.388854035968215,4.279283801874164
2014-08-21,36.92544960267671,26.37118360518612,14.541666666666668,4.808239230447512,8.388854035968215,4.279283801874164
2014-08-22,36.93055555555556,26.369465329991648,14.535975355054303,4.807226399331663,8.389619883040936,4.278166666666667
2014-08-23,36.93055555555556,26.369465329991648,14.535975355054303,4.807226399331663,8.389619883040936,4.278166666666667
2014-08-24,36.93932748538012,26.37698412698413,14.534722222222223,4.792815371762741,8.383980785296576,4.277058432934927
2014-08-25,36.93932748538012,26.37698412698413,14.534722222222223,4.792815371762741,8.383980785296576,4.277058432934927
2014-08-26,36.94238812212464,26.382475951484736,14.538529903805939,4.781263069845253,8.37818904224174,4.277058432934927
2014-08-27,36.94872598162072,26.38011695906433,14.532842522974102,4.779344193817878,8.379281537176274,4.279927248677249
2014-08-28,36.94872598162072,26.38011695906433,14.532842522974102,4.779344193817878,8.379281537176274,4.279927248677249
2014-08-29,36.955047976637466,26.378389653733837,14.525917813934084,4.777117229870672,8.380058406341261,4.282773386034256
2014-08-30,36.955047976637466,26.378389653733837,14.525917813934084,4.777117229870672,8.380058406341261,4.282773386034256
2014-08-31,36.96568627450981,26.38527325823947,14.523414685022946,4.762098456403838,8.375052148518982,4.285597112860892
2014-09-01,36.96568627450981,26.38527325823947,14.523414685022946,4.762098456403838,8.375052148518982,4.285597112860892
2014-09-02,36.97194409678765,26.390279516061746,14.522163120567377,4.748331247392574,8.370045890696705,4.292320261437909
2014-09-03,36.976979166666666,26.38729166666667,14.516510416666668,4.746145833333333,8.372083333333334,4.295084635416667
2014-09-04,36.98075322513525,26.384311277569708,14.510871826883063,4.743965875988348,8.37411568872243,4.305609597924773
2014-09-05,36.987011637572735,26.382585203657527,14.504000415627598,4.741791354945969,8.374896093100583,4.312177002583979
2014-09-06,36.987011637572735,26.382585203657527,14.504000415627598,4.741791354945969,8.374896093100583,4.312177002583979
2014-09-07,36.99615544472153,26.38715710723192,14.500883208645055,4.727660016625104,8.371571072319203,4.318693693693694
2014-09-08,36.99615544472153,26.38715710723192,14.500883208645055,4.727660016625104,8.371571072319203,4.318693693693694
2014-09-09,36.997399084477735,26.39263420724095,14.505253849354974,4.717332501040366,8.365792759051185,4.318693693693694
2014-09-10,37.00207813798836,26.388403990024937,14.499636325852038,4.715502909393184,8.366583541147133,4.327083333333333
2014-09-11,37.00207813798836,26.388403990024937,14.499636325852038,4.715502909393184,8.366583541147133,4.327083333333333
2014-09-12,37.00207813798836,26.388403990024937,14.499636325852038,4.715502909393184,8.366583541147133,4.327083333333333
2014-09-13,37.00207813798836,26.388403990024937,14.499636325852038,4.715502909393184,8.366583541147133,4.327083333333333
2014-09-14,37.01018287614298,26.392768079800497,14.495272236076476,4.703034081463009,8.36221945137157,4.337324393358877
2014-09-15,37.01269246774865,26.39825218476904,14.498387432376196,4.691427382438619,8.357677902621722,4.337324393358877
2014-09-16,37.01517040731505,26.39650872817955,14.49277847049044,4.689941812136326,8.359102244389028,4.3474872773536894
2014-09-17,37.02013283520133,26.39445828144458,14.48656081361561,4.6884599418846,8.35958904109589,4.356622306717364
2014-09-18,37.02013283520133,26.39445828144458,14.48656081361561,4.6884599418846,8.35958904109589,4.356622306717364
2014-09-19,37.02013283520133,26.39445828144458,14.48656081361561,4.6884599418846,8.35958904109589,4.356622306717364
2014-09-20,37.02013283520133,26.39445828144458,14.48656081361561,4.6884599418846,8.35958904109589,4.356622306717364
2014-09-21,37.0263594852636,26.400062266500623,14.482202158572022,4.6760066417600665,8.355230386052304,4.37042297979798
2014-09-22,37.0263594852636,26.400062266500623,14.482202158572022,4.6760066417600665,8.355230386052304,4.37042297979798
2014-09-23,37.03445413034454,26.40255292652553,14.476598173515983,4.662930676629307,8.351494396014944,4.389779874213837
2014-09-24,37.03752072968491,26.399564676616915,14.471030265339968,4.660862354892206,8.352300995024876,4.403352130325815
2014-09-25,37.03752072968491,26.399564676616915,14.471030265339968,4.660862354892206,8.352300995024876,4.403352130325815
2014-09-26,37.04120082815735,26.398447204968946,14.464855072463768,4.6587991718426505,8.353105590062112,4.414950062421973
2014-09-27,37.04120082815735,26.398447204968946,14.464855072463768,4.6587991718426505,8.353105590062112,4.414950062421973
2014-09-28,37.047412008281576,26.403416149068324,14.460507246376812,4.645755693581781,8.35,4.428327114427861
2014-09-29,37.05175983436853,26.408385093167702,14.459265010351968,4.633333333333334,8.345652173913043,4.443463444857497
2014-09-30,37.05431177446103,26.41386815920398,14.462323797678277,4.622927031509121,8.341106965174129,4.443463444857497
2014-10-01,37.060455486542445,26.409627329192546,14.455538302277434,4.619668737060041,8.340683229813665,4.46033950617284
2014-10-02,37.065343258891644,26.406637717121587,14.448769644334162,4.61641852770885,8.34274193548387,4.477091020910209
2014-10-03,37.065343258891644,26.406637717121587,14.448769644334162,4.61641852770885,8.34274193548387,4.477091020910209
2014-10-04,37.065343258891644,26.406637717121587,14.448769644334162,4.61641852770885,8.34274193548387,4.477091020910209
2014-10-05,37.0721670802316,26.40953267162945,14.446288254755997,4.60277088502895,8.338813068651778,4.493719362745098
2014-10-06,37.0721670802316,26.40953267162945,14.446288254755997,4.60277088502895,8.338813068651778,4.493719362745098
2014-10-07,37.078370554177006,26.408912324234908,14.446908602150538,4.58974358974359,8.334470636889991,4.506562881562882
2014-10-08,37.078370554177006,26.408912324234908,14.446908602150538,4.58974358974359,8.334470636889991,4.506562881562882
2014-10-09,37.078370554177006,26.408912324234908,14.446908602150538,4.58974358974359,8.334470636889991,4.506562881562882
2014-10-10,37.08323007021892,26.40716646014044,14.4401590251962,4.587773647253202,8.334056175134242,4.519312652068127
2014-10-11,37.08931518151815,26.404187293729375,14.434663778877889,4.58457095709571,8.333642739273927,4.531969696969697
2014-10-12,37.09066501445684,26.410264353572906,14.437061131763734,4.575382073523338,8.32971912432879,4.531969696969697
2014-10-13,37.09686080132177,26.410264353572906,14.433343659644775,4.562990499793474,8.327240809582817,4.548158212560387
2014-10-14,37.09686080132177,26.410264353572906,14.433343659644775,4.562990499793474,8.327240809582817,4.548158212560387
2014-10-15,37.100453795379536,26.40604372937294,14.427856848184819,4.561056105610561,8.328073432343235,4.560619735258725
2014-10-16,37.100453795379536,26.40604372937294,14.427856848184819,4.561056105610561,8.328073432343235,4.560619735258725
2014-10-17,37.100453795379536,26.40604372937294,14.427856848184819,4.561056105610561,8.328073432343235,4.560619735258725
2014-10-18,37.100453795379536,26.40604372937294,14.427856848184819,4.561056105610561,8.328073432343235,4.560619735258725
2014-10-19,37.10911716171617,26.40913778877888,14.422906353135314,4.549917491749175,8.324360561056105,4.56939448441247
2014-10-20,37.10911716171617,26.40913778877888,14.422906353135314,4.549917491749175,8.324360561056105,4.56939448441247
2014-10-21,37.11571782178218,26.409550330033007,14.419193481848186,4.5385726072607255,8.32167904290429,4.579898446833931
2014-10-22,37.120519159456116,26.40657189946436,14.41249484960857,4.53543469303667,8.32251751133086,4.592113095238095
2014-10-23,37.120519159456116,26.40657189946436,14.41249484960857,4.53543469303667,8.32251751133086,4.592113095238095
2014-10-24,37.127317676143385,26.40904408735064,14.408168520807582,4.523691800576843,8.31942727647301,4.600682087781732
2014-10-25,37.127317676143385,26.40904408735064,14.408168520807582,4.523691800576843,8.31942727647301,4.600682087781732
2014-10-26,37.134528224145036,26.41275236918006,14.404048207663783,4.512360939431397,8.315718994643593,4.605644208037825
2014-10-27,37.134528224145036,26.41275236918006,14.404048207663783,4.512360939431397,8.315718994643593,4.605644208037825
2014-10-28,37.13930041152263,26.40977366255144,14.39861111111111,4.5092592592592595,8.31656378600823,4.61763839811543
2014-10-29,37.144060830250716,26.405569256062474,14.393187422934648,4.50616522811344,8.317406494040279,4.629548122065728
2014-10-30,37.144060830250716,26.405569256062474,14.393187422934648,4.50616522811344,8.317406494040279,4.629548122065728
2014-10-31,37.14670781893004,26.412242798353912,14.394907407407407,4.496913580246914,8.31409465020576,4.629548122065728
2014-11-01,37.14670781893004,26.412242798353912,14.394907407407407,4.496913580246914,8.31409465020576,4.629548122065728
2014-11-02,37.15534979423868,26.413477366255144,14.391203703703704,4.485802469135803,8.310390946502057,4.637865497076024
2014-11-03,37.15534979423868,26.413477366255144,14.391203703703704,4.485802469135803,8.310390946502057,4.637865497076024
2014-11-04,37.15534979423868,26.413477366255144,14.391203703703704,4.485802469135803,8.310390946502057,4.637865497076024
2014-11-05,37.160090423345665,26.409884915741884,14.385172626387176,4.483662145499384,8.311241265926839,4.649621212121213
2014-11-06,37.16481937602627,26.408148604269297,14.379772167487685,4.481834975369458,8.3120894909688,4.65781068524971
2014-11-07,37.167488697081794,26.41358405260995,14.3827065351418,4.472564734895191,8.307542129058774,4.65781068524971
2014-11-08,37.167488697081794,26.41358405260995,14.3827065351418,4.472564734895191,8.307542129058774,4.65781068524971
2014-11-09,37.172208538587846,26.411843185550083,14.376077586206897,4.469519704433497,8.308394909688012,4.665943287037037
2014-11-10,37.172208538587846,26.411843185550083,14.376077586206897,4.469519704433497,8.308394909688012,4.665943287037037
2014-11-11,37.17691676916769,26.409491594915952,14.370694956949569,4.468327183271833,8.309245592455923,4.6774798154555945
2014-11-12,37.18161343161343,26.40530303030303,14.364097051597051,4.466523341523342,8.311322686322686,4.688936781609196
2014-11-13,37.18161343161343,26.40530303030303,14.364097051597051,4.466523341523342,8.311322686322686,4.688936781609196
2014-11-14,37.186298568507155,26.40480572597137,14.358742331288344,4.466523341523342,8.310940695296523,4.696878579610539
2014-11-15,37.186298568507155,26.40480572597137,14.358742331288344,4.466523341523342,8.310940695296523,4.696878579610539
2014-11-16,37.19366053169734,26.407259713701432,14.355061349693251,4.455466830466831,8.30848670756646,4.70476598173516
2014-11-17,37.19856850715746,26.407259713701432,14.35260736196319,4.44502457002457,8.30848670756646,4.712599544937429
2014-11-18,37.19856850715746,26.407259713701432,14.35260736196319,4.44502457002457,8.30848670756646,4.712599544937429
2014-11-19,37.20353349673203,26.404922385620917,14.346966911764707,4.443558282208589,8.308721405228757,4.71952947845805
2014-11-20,37.20353349673203,26.404922385620917,14.346966911764707,4.443558282208589,8.308721405228757,4.71952947845805
2014-11-21,37.20818033455732,26.404426764585885,14.342870257037944,4.441789215686274,8.308343533251733,4.723870056497176
2014-11-22,37.214038304808476,26.402709861450695,14.337561124694377,4.440024479804162,8.307966585167073,4.728181306306307
2014-11-23,37.21736026111791,26.40748674010608,14.338586291309669,4.431985294117647,8.30405956752346,4.728181306306307
2014-11-24,37.22198451507742,26.40454360228199,14.33205990220049,4.4296205630354955,8.306744091279542,4.737514029180696
2014-11-25,37.22931947840261,26.40454360228199,14.328392420537897,4.419828641370869,8.303076609616951,4.7417505592841165
2014-11-26,37.23514448514448,26.40038665038665,14.323107448107448,4.416870415647922,8.305148555148554,4.745958751393534
2014-11-27,37.23514448514448,26.40038665038665,14.323107448107448,4.416870415647922,8.305148555148554,4.745958751393534
2014-11-28,37.23973577235772,26.399898373983742,14.31905487804878,4.416870415647922,8.304776422764228,4.750138888888889
2014-11-29,37.24247049247049,26.402828652828653,14.319444444444445,4.408812729498164,8.30148555148555,4.750138888888889
2014-11-30,37.249796499796496,26.405881155881158,14.31456043956044,4.399020807833537,8.299043549043548,4.757613510520487
2014-12-01,37.249796499796496,26.405881155881158,14.31456043956044,4.399020807833537,8.299043549043548,4.757613510520487
2014-12-02,37.256512006512004,26.403439153439155,14.309676434676435,4.389228886168911,8.297822547822546,4.7700055187637975
2014-12-03,37.261077235772355,26.400508130081302,14.305640243902438,4.386308068459658,8.298678861788618,4.77406490649065
2014-12-04,37.26441331709297,26.400020300446613,14.301613885505482,4.383394383394384,8.299533089727973,4.781387061403509
2014-12-05,37.26441331709297,26.400020300446613,14.301613885505482,4.383394383394384,8.299533089727973,4.781387061403509
2014-12-06,37.26441331709297,26.400020300446613,14.301613885505482,4.383394383394384,8.299533089727973,4.781387061403509
2014-12-07,37.27151847340642,26.40326837190418,14.297350791717419,4.374033374033374,8.296691027202598,4.785382513661203
2014-12-08,37.27151847340642,26.40326837190418,14.297350791717419,4.374033374033374,8.296691027202598,4.785382513661203
2014-12-09,37.271849593495936,26.403760162601625,14.30015243902439,4.367155664221679,8.294613821138212,4.785382513661203
2014-12-10,37.276390580592775,26.400832318311,14.296132764920829,4.364265364265364,8.295473000406009,4.789351851851852
2014-12-11,37.28092051905921,26.397911597729113,14.29029805352798,4.361382113821138,8.296938361719382,4.799809989142237
2014-12-12,37.28665451599838,26.396213041717292,14.287515188335359,4.361382113821138,8.296577561765897,4.80370670995671
2014-12-13,37.28665451599838,26.396213041717292,14.287515188335359,4.361382113821138,8.296577561765897,4.80370670995671
2014-12-14,37.29272985014176,26.398035641960305,14.282654921020656,4.353455284552846,8.294147428108545,4.807578209277239
2014-12-15,37.29430251419303,26.398519870235198,14.281782238442823,4.349002849002849,8.290855636658556,4.807578209277239
2014-12-16,37.30022276225193,26.39580801944107,14.276377075739164,4.346138211382113,8.292527339003644,4.8130376344086025
2014-12-17,37.30410598705502,26.395327669902912,14.270580501618122,4.3451075923670315,8.292779126213592,4.820069667738478
2014-12-18,37.30410598705502,26.395327669902912,14.270580501618122,4.3451075923670315,8.292779126213592,4.820069667738478
2014-12-19,37.309797979797985,26.393636363636364,14.26540404040404,4.3451075923670315,8.292424242424243,4.823851495726496
2014-12-20,37.3154761904762,26.391949152542374,14.259029459241322,4.342254663422546,8.293280871670703,4.83080404685836
2014-12-21,37.31828282828283,26.395454545454545,14.257525252525252,4.337190418189199,8.29,4.83080404685836
2014-12-22,37.31828282828283,26.395454545454545,14.257525252525252,4.337190418189199,8.29,4.83080404685836
2014-12-23,37.31828282828283,26.395454545454545,14.257525252525252,4.337190418189199,8.29,4.83080404685836
2014-12-24,37.31828282828283,26.395454545454545,14.257525252525252,4.337190418189199,8.29,4.83080404685836
2014-12-25,37.31828282828283,26.395454545454545,14.257525252525252,4.337190418189199,8.29,4.83080404685836
2014-12-26,37.31828282828283,26.395454545454545,14.257525252525252,4.337190418189199,8.29,4.83080404685836
2014-12-27,37.31828282828283,26.395454545454545,14.257525252525252,4.337190418189199,8.29,4.83080404685836
2014-12-28,37.32109627831716,26.399575242718445,14.2554105987055,4.332723577235772,8.285497572815533,4.83080404685836
2014-12-29,37.32109627831716,26.399575242718445,14.2554105987055,4.332723577235772,8.285497572815533,4.83080404685836
2014-12-30,37.325131632239774,26.398845686512757,14.254505872823003,4.325803825803826,8.283414337788578,4.83080404685836
2014-12-31,37.325131632239774,26.398845686512757,14.254505872823003,4.325803825803826,8.283414337788578,4.83080404685836
2015-01-01,37.33080501618123,26.394720873786408,14.249342637540451,4.322967479674796,8.286711165048544,4.831342887473461
2015-01-02,37.33080501618123,26.394720873786408,14.249342637540451,4.322967479674796,8.286711165048544,4.831342887473461
2015-01-03,37.33120696638316,26.398238153098422,14.25025313892264,4.3154253154253155,8.284021871202917,4.831342887473461
2015-01-04,37.33465125709652,26.40176399026764,14.24934103811841,4.309698451507742,8.279501216545013,4.831342887473461
2015-01-05,37.33465125709652,26.40176399026764,14.24934103811841,4.309698451507742,8.279501216545013,4.831342887473461
2015-01-06,37.342558799675594,26.400547445255473,14.243258313057582,4.299918500407498,8.27889294403893,4.839814814814815
2015-01-07,37.34821790198461,26.39520048602673,14.23931753746456,4.298331298331298,8.280984204131228,4.8403217299578065
2015-01-08,37.35264967637541,26.394720873786408,14.23417273462783,4.296747967479674,8.280643203883495,4.843980021030495
2015-01-09,37.355508302956665,26.39641555285541,14.233242203321181,4.289784289784289,8.279769137302551,4.843980021030495
2015-01-10,37.36235841423949,26.393507281553397,14.226891181229773,4.288211382113821,8.280643203883495,4.850759958071279
2015-01-11,37.365836371000405,26.397630619684083,14.22534426893479,4.281847781847781,8.276731470230862,4.850759958071279
2015-01-12,37.367497972424985,26.39933090024331,14.225618410381182,4.274857375713121,8.273418491484184,4.850759958071279
2015-01-13,37.367497972424985,26.39933090024331,14.225618410381182,4.274857375713121,8.273418491484184,4.850759958071279
2015-01-14,37.37312677197246,26.393985419198057,14.220484001620088,4.274521774521774,8.275516403402188,4.854362591431557
2015-01-15,37.37995550161813,26.389866504854368,14.215362055016179,4.272357723577235,8.276395631067961,4.862630208333334
2015-01-16,37.384949494949495,26.388181818181817,14.210858585858585,4.271416971173365,8.276060606060605,4.866173416407062
2015-01-17,37.39053672316385,26.385290556900728,14.204550040355123,4.271086780210868,8.276937046004843,4.8728002070393375
2015-01-18,37.39525252525253,26.388181818181817,14.203585858585857,4.265326837190417,8.272424242424242,4.8728002070393375
2015-01-19,37.39525252525253,26.388181818181817,14.203585858585857,4.265326837190417,8.272424242424242,4.8728002070393375
2015-01-20,37.40252525252526,26.386363636363637,14.198737373737373,4.257105156313439,8.271818181818182,4.877837977296182
2015-01-21,37.40809120258273,26.381053268765132,14.193654156577884,4.255575831305758,8.273910411622277,4.881301440329218
2015-01-22,37.40809120258273,26.381053268765132,14.193654156577884,4.255575831305758,8.273910411622277,4.881301440329218
2015-01-23,37.40809120258273,26.381053268765132,14.193654156577884,4.255575831305758,8.273910411622277,4.881301440329218
2015-01-24,37.412434502216854,26.37938331318017,14.188583232567511,4.255265289590927,8.27478839177751,4.88474358974359
2015-01-25,37.415960451977405,26.382869249394673,14.186995560936237,4.250101378751014,8.271489104116222,4.88474358974359
2015-01-26,37.421503426037894,26.379987908101572,14.181932688432083,4.248582422033212,8.271765417170496,4.891232106339468
2015-01-27,37.42443502824859,26.37923728813559,14.18215294592413,4.2428021086780205,8.269673123486683,4.891232106339468
2015-01-28,37.42966545747683,26.376360338573157,14.177398226521563,4.241899554475496,8.270253929866989,4.894622833843018
2015-01-29,37.42966545747683,26.376360338573157,14.177398226521563,4.241899554475496,8.270253929866989,4.894622833843018
2015-01-30,37.43397745571659,26.37469806763285,14.174768518518517,4.240392394822006,8.269927536231885,4.897992886178862
2015-01-31,37.437072778447934,26.37303980699638,14.169732609569762,4.238888888888889,8.272014475271412,4.901342451874367
2015-02-01,37.440821256038646,26.374496779388085,14.16993760064412,4.233515372168284,8.268317230273752,4.901342451874367
2015-02-02,37.44927536231884,26.37328904991949,14.163898953301127,4.225627022653722,8.267109500805153,4.90770202020202
2015-02-03,37.449818621523576,26.373740427247082,14.165306328093509,4.2198258404212226,8.263804917372028,4.90770202020202
2015-02-04,37.45531400966183,26.369665861513692,14.160275764895328,4.219559061488673,8.265901771336555,4.907980866062437
2015-02-05,37.459589867310015,26.36801367108967,14.155257338158423,4.218080808080808,8.266787293928429,4.911270080321286
2015-02-06,37.459589867310015,26.36801367108967,14.155257338158423,4.218080808080808,8.266787293928429,4.911270080321286
2015-02-07,37.46682750301568,26.369219943707282,14.150432247687975,4.213232323232323,8.264374748693205,4.911536536536537
2015-02-08,37.46980676328502,26.36906199677939,14.150613929146536,4.20802993527508,8.261070853462158,4.911536536536537
2015-02-09,37.46980676328502,26.36906199677939,14.150613929146536,4.20802993527508,8.261070853462158,4.911536536536537
2015-02-10,37.473462002412546,26.367410534780863,14.146210293526336,4.206565656565656,8.261359067149176,4.919286427145709
2015-02-11,37.4789156626506,26.36335341365462,14.14121485943775,4.2075262308313155,8.262248995983937,4.922512437810946
2015-02-12,37.4789156626506,26.36335341365462,14.14121485943775,4.2075262308313155,8.262248995983937,4.922512437810946
2015-02-13,37.48435619735259,26.360509426393907,14.136231448054552,4.206066102378073,8.261933413557962,4.928695436507937
2015-02-14,37.48858173076923,26.358874198717952,14.131260016025639,4.205817230273752,8.264022435897436,4.931874381800198
2015-02-15,37.4927797833935,26.360509426393907,14.130816285599678,4.201229343006852,8.25952667468913,4.931874381800198
2015-02-16,37.4927797833935,26.360509426393907,14.130816285599678,4.201229343006852,8.25952667468913,4.931874381800198
2015-02-17,37.4927797833935,26.360509426393907,14.130816285599678,4.201229343006852,8.25952667468913,4.931874381800198
2015-02-18,37.49879807692308,26.357071314102566,14.125851362179485,4.200986312399356,8.259515224358974,4.9350345167652865
2015-02-19,37.50300120048019,26.35604241696679,14.120298119247698,4.201950140731805,8.260404161664667,4.938176007866273
2015-02-20,37.50300120048019,26.35604241696679,14.120298119247698,4.201950140731805,8.260404161664667,4.938176007866273
2015-02-21,37.507194244604314,26.355615507593928,14.11415867306155,4.201706827309237,8.26129096722622,4.941299019607843
2015-02-22,37.50960384153662,26.358443377350945,14.113095238095237,4.197125050261359,8.257402961184475,4.941299019607843
2015-02-23,37.50960384153662,26.358443377350945,14.113095238095237,4.197125050261359,8.257402961184475,4.941299019607843
2015-02-24,37.516206482593034,26.35574229691877,14.108593437374948,4.190490550864495,8.255902360944377,4.946603128054742
2015-02-25,37.52158273381295,26.35291766586731,14.102468025579535,4.191465863453815,8.256794564348521,4.949683235867447
2015-02-26,37.52158273381295,26.35291766586731,14.102468025579535,4.191465863453815,8.256794564348521,4.949683235867447
2015-02-27,37.52574850299401,26.351297405189623,14.098752495009979,4.190032089851584,8.256487025948104,4.955660835762877
2015-02-28,37.5299043062201,26.349681020733655,14.092653508771928,4.189803685897436,8.25737639553429,4.958696705426357
2015-03-01,37.532335329341315,26.351896207584833,14.092165668662673,4.184616927396711,8.254690618762476,4.958696705426357
2015-03-02,37.539520958083834,26.349500998003993,14.085578842315368,4.177396710790212,8.254690618762476,4.966062801932368
2015-03-03,37.53896882494005,26.349920063948844,14.086880495603516,4.172791164658634,8.25259792166267,4.966062801932368
2015-03-04,37.54311377245509,26.347105788423157,14.080788423153692,4.173786602486963,8.253493013972056,4.971941233140655
2015-03-05,37.54724880382775,26.34549441786284,14.075907097288674,4.1735777243589745,8.25438596491228,4.9749039385206535
2015-03-06,37.54724880382775,26.34549441786284,14.075907097288674,4.1735777243589745,8.25438596491228,4.9749039385206535
2015-03-07,37.55017921146953,26.343886897650343,14.071037435284746,4.173369347739095,8.255276782158504,4.9807231800766285
2015-03-08,37.552432216905906,26.34489633173844,14.070923046251993,4.16796875,8.25299043062201,4.9807231800766285
2015-03-09,37.55548902195609,26.345309381237527,14.068612774451097,4.163357400722021,8.250898203592815,4.9807231800766285
2015-03-10,37.55548902195609,26.345309381237527,14.068612774451097,4.163357400722021,8.250898203592815,4.9807231800766285
2015-03-11,37.55960925039873,26.342803030303035,14.062848883572567,4.1631610576923075,8.251794258373206,4.985792741165234
2015-03-12,37.55960925039873,26.342803030303035,14.062848883572567,4.1631610576923075,8.251794258373206,4.985792741165234
2015-03-13,37.56491437674234,26.340003982477104,14.058592194344882,4.162364945978392,8.25268817204301,4.9886904761904765
2015-03-14,37.56901352426412,26.33721161495625,14.054942322991248,4.162170263788969,8.253579952267303,4.991571699905033
2015-03-15,37.57327757865392,26.338211867781762,14.052618478693747,4.156962785114046,8.251493428912784,4.991571699905033
2015-03-16,37.57327757865392,26.338211867781762,14.052618478693747,4.156962785114046,8.251493428912784,4.991571699905033
2015-03-17,37.577366746221166,26.333631662688944,14.047185759745425,4.156175059952038,8.253579952267303,4.998697916666667
2015-03-18,37.58144616607072,26.330850218514108,14.04117004370282,4.157185628742515,8.254469606674613,5.00153446647781
2015-03-19,37.586111111111116,26.33045634920635,14.035763888888889,4.158193779904306,8.254166666666666,5.0043549905838045
2015-03-20,37.586111111111116,26.33045634920635,14.035763888888889,4.158193779904306,8.254166666666666,5.0043549905838045
2015-03-21,37.59325396825397,26.33045634920635,14.029811507936508,4.154605263157895,8.250595238095238,5.007159624413146
2015-03-22,37.59753675009933,26.330850218514108,14.028655145013905,4.15,8.247318235995232,5.007159624413146
2015-03-23,37.59753675009933,26.330850218514108,14.028655145013905,4.15,8.247318235995232,5.007159624413146
2015-03-24,37.60885975367501,26.326678585617802,14.020013905442987,4.1470059880239525,8.244338498212157,5.009246254681648
2015-03-25,37.61289682539683,26.323908730158735,14.015228174603173,4.1480263157894735,8.244047619047619,5.0092203548085905
2015-03-26,37.61289682539683,26.323908730158735,14.015228174603173,4.1480263157894735,8.244047619047619,5.0092203548085905
2015-03-27,37.616924296472455,26.322334522393977,14.011642885453824,4.146654719235364,8.244946492271106,5.011987895716946
2015-03-28,37.62212984956453,26.320764053840065,14.005690815518605,4.147673031026253,8.244655581947743,5.0147400185701025
2015-03-29,37.62940943321443,26.319361870788747,14.003913991280221,4.14426523297491,8.24078478002378,5.0147400185701025
2015-03-30,37.63492063492064,26.317361111111115,14.001537698412697,4.14084928229665,8.238690476190476,5.0147400185701025
2015-03-31,37.642658730158736,26.312896825396827,13.996775793650793,4.1378588516746415,8.236309523809524,5.017476851851852
2015-04-01,37.642658730158736,26.312896825396827,13.996775793650793,4.1378588516746415,8.236309523809524,5.017476851851852
2015-04-02,37.646650812524776,26.31133571145462,13.992023384859294,4.137694145758662,8.237217598097503,5.020198522622345
2015-04-03,37.646650812524776,26.31133571145462,13.992023384859294,4.137694145758662,8.237217598097503,5.020198522622345
2015-04-04,37.65182106096596,26.30977830562154,13.986094615993665,4.137529832935561,8.23812351543943,5.020142725598527
2015-04-05,37.65893777249307,26.308363059849388,13.984294490685691,4.133114297092791,8.234443123265953,5.020142725598527
2015-04-06,37.66448412698413,26.307539682539684,13.98189484126984,4.129685007974482,8.231150793650794,5.020142725598527
2015-04-07,37.66448412698413,26.307539682539684,13.98189484126984,4.129685007974482,8.231150793650794,5.020142725598527
2015-04-08,37.6696393182719,26.30360681728102,13.977160126833134,4.1295300677021105,8.232065001981768,5.022842056932967
2015-04-09,37.674782264449725,26.30087094220111,13.971249010292953,4.128182179793158,8.232977038796516,5.026900183150183
2015-04-10,37.674782264449725,26.30087094220111,13.971249010292953,4.128182179793158,8.232977038796516,5.026900183150183
2015-04-11,37.68784639746635,26.299683293745055,13.96412311955661,4.124602227525855,8.228226444972288,5.026826484018265
2015-04-12,37.695204122076895,26.297661514070555,13.961702338485928,4.120569494225408,8.224336107808165,5.026826484018265
2015-04-13,37.695204122076895,26.297661514070555,13.961702338485928,4.120569494225408,8.224336107808165,5.026826484018265
2015-04-14,37.70352754657154,26.291121680539042,13.955757035275465,4.116985264834727,8.223741577487118,5.030851548269581
2015-04-15,37.70863024544735,26.28840063341251,13.951058986539984,4.118038981702466,8.223475851148061,5.030767484105359
2015-04-16,37.7128311585607,26.287168841439307,13.946075523922499,4.119090186730234,8.224100434954527,5.0320425724637685
2015-04-17,37.71672590837283,26.286828593996844,13.941400078988941,4.117757936507936,8.225019747235388,5.0346657633243
2015-04-18,37.72061143984221,26.28530571992111,13.936735700197238,4.1176179151803405,8.225936883629192,5.037274774774775
2015-04-19,37.72738941548183,26.28505134281201,13.933698657187993,4.115376984126984,8.220872827804108,5.037274774774775
2015-04-20,37.72738941548183,26.28505134281201,13.933698657187993,4.115376984126984,8.220872827804108,5.037274774774775
2015-04-21,37.73923775671406,26.279719589257507,13.926589652448657,4.112400793650793,8.217318325434439,5.041217430368374
2015-04-22,37.744280078895464,26.27702169625247,13.921942800788955,4.112267142290923,8.217061143984221,5.043794802867383
2015-04-23,37.744280078895464,26.27702169625247,13.921942800788955,4.112267142290923,8.217061143984221,5.043794802867383
2015-04-24,37.748128447596535,26.274330181245077,13.918488967691095,4.1121338083927155,8.216804570527975,5.04635835567471
2015-04-25,37.758766745468876,26.269602048857372,13.910214736012607,4.110946159936659,8.213258471237195,5.048908199643494
2015-04-26,37.76676528599606,26.268145956607498,13.90714990138067,4.108699960364645,8.209368836291913,5.048908199643494
2015-04-27,37.76999605988968,26.266646966115054,13.903713553979511,4.107383214568488,8.209712371946415,5.051444444444445
2015-04-28,37.77564102564103,26.261045364891523,13.90241617357002,4.10632183908046,8.206410256410257,5.051444444444445
2015-04-29,37.78063435776202,26.258372734436566,13.897803388494877,4.10619556611243,8.20734830575256,5.04864804964539
2015-04-30,37.78063435776202,26.258372734436566,13.897803388494877,4.10619556611243,8.20734830575256,5.04864804964539
2015-05-01,37.78063435776202,26.258372734436566,13.897803388494877,4.10619556611243,8.20734830575256,5.04864804964539
2015-05-02,37.78063435776202,26.258372734436566,13.897803388494877,4.10619556611243,8.20734830575256,5.04864804964539
2015-05-03,37.79186367218282,26.254531126871555,13.889972419227737,4.102632620744259,8.204393223010245,5.051171529619806
2015-05-04,37.795651318378596,26.25304998032271,13.88478945297127,4.101324634242784,8.205922865013774,5.053681657848324
2015-05-05,37.795651318378596,26.25304998032271,13.88478945297127,4.101324634242784,8.205922865013774,5.053681657848324
2015-05-06,37.80060927672956,26.250393081761008,13.880208333333332,4.101204581358609,8.20685927672956,5.050901495162709
2015-05-07,37.803199842952495,26.248920298390267,13.875638005496661,4.101084812623274,8.207793482528466,5.053399122807018
2015-05-08,37.803199842952495,26.248920298390267,13.875638005496661,4.101084812623274,8.207793482528466,5.053399122807018
2015-05-09,37.812622693364744,26.246564585787205,13.866215155084411,4.0999013806706115,8.206615626226935,5.0558836395450575
2015-05-10,37.81947720125786,26.243317610062896,13.863698899371068,4.097650078988941,8.202142295597485,5.0558836395450575
2015-05-11,37.82516725698544,26.238882329791423,13.859996064541518,4.09657967576117,8.200019677292405,5.0558836395450575
2015-05-12,37.828911163522015,26.235062893081764,13.857802672955975,4.096465244865719,8.200963050314465,5.055737347294939
2015-05-13,37.83323517864154,26.233019238319596,13.852080879466039,4.095167652859961,8.202493129171575,5.058202785030462
2015-05-14,37.83323517864154,26.233019238319596,13.852080879466039,4.095167652859961,8.202493129171575,5.058202785030462
2015-05-15,37.836960784313725,26.231568627450983,13.848725490196077,4.095055161544523,8.204607843137255,5.058051215277778
2015-05-16,37.839502546024285,26.230121425773604,13.844202898550725,4.094942935852027,8.20554249902076,5.057900432900433
2015-05-17,37.84754901960785,26.228627450980394,13.839901960784314,4.093873128447596,8.201666666666666,5.057900432900433
2015-05-18,37.84754901960785,26.228627450980394,13.839901960784314,4.093873128447596,8.201666666666666,5.057900432900433
2015-05-19,37.85066588327458,26.226008617312967,13.83538973756365,4.09435261707989,8.203192322757541,5.059045768566494
2015-05-20,37.85318857589984,26.221048513302037,13.832061815336463,4.096599842767295,8.204127543035995,5.058893195521103
2015-05-21,37.85717076983197,26.220496287612352,13.826690113325517,4.0976639183352965,8.205060570535366,5.058741408934708
2015-05-22,37.85967993754879,26.2202380952381,13.823380171740826,4.097549019607843,8.205991412958626,5.058590402742074
2015-05-23,37.86218323586745,26.219980506822615,13.817738791423002,4.098609479044262,8.20692007797271,5.058440170940171
2015-05-24,37.87021857923497,26.216725214676035,13.814012490241998,4.097549019607843,8.203649492583919,5.058440170940171
2015-05-25,37.87021857923497,26.216725214676035,13.814012490241998,4.097549019607843,8.203649492583919,5.058440170940171
2015-05-26,37.87592809691286,26.20994529112935,13.812622118014849,4.096486062033765,8.201543571707699,5.058440170940171
2015-05-27,37.87841530054645,26.20706479313037,13.808450429352067,4.098725490196078,8.202771272443403,5.057651321398125
2015-05-28,37.87841530054645,26.20706479313037,13.808450429352067,4.098725490196078,8.202771272443403,5.057651321398125
2015-05-29,37.87841530054645,26.20706479313037,13.808450429352067,4.098725490196078,8.202771272443403,5.057651321398125
2015-05-30,37.888368462138956,26.199453551912573,13.802010148321623,4.09813725490196,8.202185792349727,5.0575042517006805
2015-05-31,37.896053145760064,26.195779601406798,13.798261039468542,4.097467608951708,8.199296600234467,5.0575042517006805
2015-06-01,37.89968774395004,26.194379391100703,13.793813427010148,4.098529411764706,8.199648711943794,5.057357930449534
2015-06-02,37.90788446526152,26.186182669789225,13.785616705698672,4.099705882352941,8.199648711943794,5.0572123519458545
2015-06-03,37.9103313840156,26.184795321637427,13.781189083820662,4.101938895417156,8.200584795321637,5.057067510548523
2015-06-04,37.9103313840156,26.184795321637427,13.781189083820662,4.101938895417156,8.200584795321637,5.057067510548523
2015-06-05,37.9103313840156,26.184795321637427,13.781189083820662,4.101938895417156,8.200584795321637,5.057067510548523
2015-06-06,37.912772585669785,26.18341121495327,13.776771806853581,4.102992957746479,8.20268691588785,5.0569234006734005
2015-06-07,37.92144249512671,26.180701754385964,13.7724171539961,4.101351351351352,8.199415204678363,5.0569234006734005
2015-06-08,37.92144249512671,26.180701754385964,13.7724171539961,4.101351351351352,8.199415204678363,5.0569234006734005
2015-06-09,37.92144249512671,26.180701754385964,13.7724171539961,4.101351351351352,8.199415204678363,5.0569234006734005
2015-06-10,37.92445482866044,26.178154205607477,13.76801012461059,4.102992957746479,8.200934579439252,5.055520570948783
2015-06-11,37.92445482866044,26.178154205607477,13.76801012461059,4.102992957746479,8.200934579439252,5.055520570948783
2015-06-12,37.92804356281603,26.176779463243875,13.764780241151302,4.102872215709262,8.203033838973163,5.052868509212731
2015-06-13,37.93045843045844,26.175407925407924,13.760392385392384,4.103922716627634,8.203962703962704,5.052736006683375
2015-06-14,37.939128743679504,26.17269544924154,13.756612213146635,4.101699882766706,8.200700116686114,5.052736006683375
2015-06-15,37.950797355114744,26.164527421236873,13.747860754570205,4.101113716295428,8.201283547257876,5.051354166666667
2015-06-16,37.950797355114744,26.164527421236873,13.747860754570205,4.101113716295428,8.201283547257876,5.051354166666667
2015-06-17,37.954351204351205,26.16083916083916,13.74465811965812,4.102166276346604,8.202214452214452,5.051226101413134
2015-06-18,37.95847885137757,26.160651920838184,13.740298797050833,4.103216374269006,8.202561117578579,5.048611111111112
2015-06-19,37.9608527131783,26.159302325581397,13.7359496124031,4.104264018691588,8.204651162790698,5.0484904880066175
2015-06-20,37.96322106078204,26.15795586527294,13.731610530391018,4.1053092182030335,8.205574912891986,5.048370462046205
2015-06-21,37.97248062015504,26.154651162790696,13.726647286821704,4.103679906542056,8.202325581395348,5.048370462046205
2015-06-22,37.97248062015504,26.154651162790696,13.726647286821704,4.103679906542056,8.202325581395348,5.048370462046205
2015-06-23,37.97483546264034,26.153310104529616,13.722319008904375,4.103558926487748,8.203832752613241,5.04701646090535
2015-06-24,37.97834493426141,26.149651972157773,13.718000773395204,4.104603729603729,8.205916473317865,5.044437602627258
2015-06-25,37.98300502124373,26.147161066048668,13.713692545384317,4.105646100116415,8.206836616454229,5.041871416871417
2015-06-26,37.98300502124373,26.147161066048668,13.713692545384317,4.105646100116415,8.206836616454229,5.041871416871417
2015-06-27,37.99459250675937,26.13789107763615,13.705581305523367,4.103317811408615,8.208574739281575,5.041768790849673
2015-06-28,38.00270688321733,26.135730858468676,13.700019334880123,4.1022727272727275,8.205916473317865,5.041768790849673
2015-06-29,38.00270688321733,26.135730858468676,13.700019334880123,4.1022727272727275,8.205916473317865,5.041768790849673
2015-06-30,38.012567672080436,26.128190255220417,13.692478731631864,4.1022727272727275,8.205336426914153,5.040444172779136
2015-07-01,38.017188103514876,26.124565469293163,13.688200077249903,4.103317811408615,8.207415990730011,5.03790650406504
2015-07-02,38.01948302469136,26.12326388888889,13.6850887345679,4.1043604651162795,8.20949074074074,5.037814274128142
2015-07-03,38.02292870905588,26.123121387283238,13.68198458574181,4.104239256678281,8.210404624277457,5.0352953074433655
2015-07-04,38.0252117013087,26.12066974595843,13.678887605850653,4.104118329466357,8.212471131639722,5.035209846650524
2015-07-05,38.03391136801542,26.11907514450867,13.672736030828515,4.101916376306621,8.209826589595377,5.035209846650524
2015-07-06,38.03391136801542,26.11907514450867,13.672736030828515,4.101916376306621,8.209826589595377,5.035209846650524
2015-07-07,38.04547206165704,26.11098265895954,13.665799614643545,4.10075493612079,8.208670520231214,5.032709339774557
2015-07-08,38.05003849114704,26.107390300230946,13.662721324095457,4.101798143851508,8.210739030023095,5.030220883534136
2015-07-09,38.05003849114704,26.107390300230946,13.662721324095457,4.101798143851508,8.210739030023095,5.030220883534136
2015-07-10,38.05003849114704,26.107390300230946,13.662721324095457,4.101798143851508,8.210739030023095,5.030220883534136
2015-07-11,38.05003849114704,26.107390300230946,13.662721324095457,4.101798143851508,8.210739030023095,5.030220883534136
2015-07-12,38.06274056966898,26.104503464203233,13.65290608160123,4.099477958236659,8.211316397228638,5.025340544871795
2015-07-13,38.074287913779834,26.099307159353348,13.64424557351809,4.098317865429235,8.210739030023095,5.021682653876898
2015-07-14,38.078815840061516,26.095732410611305,13.641195693963859,4.098203939745075,8.21280276816609,5.0192384370015946
2015-07-15,38.078815840061516,26.095732410611305,13.641195693963859,4.098203939745075,8.21280276816609,5.0192384370015946
2015-07-16,38.08160522273426,26.09504608294931,13.637000768049154,4.099826388888889,8.214285714285714,5.016805887032617
2015-07-17,38.08496355964711,26.09263521288838,13.633966244725737,4.102023121387283,8.215189873417721,5.01438492063492
2015-07-18,38.09061302681992,26.091379310344827,13.630938697318006,4.101905311778291,8.216091954022989,5.011975455265241
2015-07-19,38.0987725354814,26.09090909090909,13.623609512850019,4.100289017341041,8.213463751438434,5.011975455265241
2015-07-20,38.10325670498084,26.089655172413792,13.618869731800766,4.100173210161663,8.214942528735632,5.007207740916272
2015-07-21,38.11028001534331,26.084004602991946,13.614978902953586,4.099132947976878,8.21288837744534,5.007207740916272
2015-07-22,38.11360153256705,26.081609195402297,13.610823754789271,4.100173210161663,8.214942528735632,5.0048266351457835
2015-07-23,38.11806352851129,26.079219288174514,13.606678147722922,4.10121107266436,8.215843857634903,5.002456761006289
2015-07-24,38.121368501529055,26.077981651376145,13.603688837920489,4.101094470046083,8.216743119266056,5.000098039215686
2015-07-25,38.12695685376098,26.075601374570446,13.599560901107292,4.100978135788262,8.218785796105383,4.99540297339593
2015-07-26,38.135703363914374,26.075688073394495,13.592220948012232,4.0993663594470044,8.215596330275229,4.99540297339593
2015-07-27,38.135703363914374,26.075688073394495,13.592220948012232,4.0993663594470044,8.215596330275229,4.99540297339593
2015-07-28,38.147171253822634,26.071100917431192,13.583046636085626,4.098214285714286,8.214449541284404,4.990729898516784
2015-07-29,38.15158457426499,26.06758304696449,13.578942344406261,4.098101265822785,8.216494845360824,4.986078660436137
2015-07-30,38.155987795575896,26.065217391304348,13.575991609458429,4.099137931034483,8.217391304347826,4.983780108780109
2015-07-31,38.155987795575896,26.065217391304348,13.575991609458429,4.099137931034483,8.217391304347826,4.983780108780109
2015-08-01,38.16800152555302,26.058924485125857,13.566266209000762,4.096264367816092,8.218535469107552,4.979166666666666
2015-08-02,38.17735777014128,26.060137457044675,13.556605574646811,4.094649021864211,8.215922107674684,4.979166666666666
2015-08-03,38.18287566742944,26.058352402745996,13.552536231884057,4.094540229885057,8.217391304347826,4.974574632637277
2015-08-04,38.19110347460863,26.053837342497136,13.546296296296296,4.093498273878021,8.216494845360824,4.974574632637277
2015-08-05,38.1943173150267,26.051487414187644,13.542238749046529,4.094540229885057,8.217391304347826,4.970003858024691
2015-08-06,38.1943173150267,26.051487414187644,13.542238749046529,4.094540229885057,8.217391304347826,4.970003858024691
2015-08-07,38.1943173150267,26.051487414187644,13.542238749046529,4.094540229885057,8.217391304347826,4.970003858024691
2015-08-08,38.19980952380953,26.049142857142858,13.538190476190476,4.09443168771527,8.21942857142857,4.967763664357197
2015-08-09,38.20919145690313,26.04862700228833,13.529080854309687,4.092816091954023,8.217391304347826,4.967763664357197
2015-08-10,38.20919145690313,26.04862700228833,13.529080854309687,4.092816091954023,8.217391304347826,4.967763664357197
2015-08-11,38.22120518688025,26.041189931350115,13.519927536231883,4.0922413793103445,8.216819221967963,4.965533794162826
2015-08-12,38.22666666666667,26.037714285714287,13.51590476190476,4.093283582089552,8.217714285714285,4.961015325670497
2015-08-13,38.22666666666667,26.037714285714287,13.51590476190476,4.093283582089552,8.217714285714285,4.961015325670497
2015-08-14,38.23097412480974,26.03538812785388,13.513032724505326,4.0931766055045875,8.218607305936073,4.958811162079511
2015-08-15,38.23097412480974,26.03538812785388,13.513032724505326,4.0931766055045875,8.218607305936073,4.958811162079511
2015-08-16,38.24467275494673,26.033675799086758,13.500475646879757,4.091456422018348,8.219178082191782,4.954328756674294
2015-08-17,38.25494672754947,26.03082191780822,13.490201674277015,4.090883027522936,8.21689497716895,4.952149923896499
2015-08-18,38.25494672754947,26.03082191780822,13.490201674277015,4.090883027522936,8.21689497716895,4.952149923896499
2015-08-19,38.259502090459904,26.029076396807298,13.485936906119345,4.091638029782359,8.218358038768528,4.948272589217919
2015-08-20,38.259502090459904,26.029076396807298,13.485936906119345,4.091638029782359,8.218358038768528,4.948272589217919
2015-08-21,38.26376233864845,26.029043280182233,13.481966590736521,4.091533180778032,8.219248291571754,4.9438446969696965
2015-08-22,38.26801289343952,26.02673492605233,13.47800530906333,4.091428571428572,8.22127417519909,4.941704459561602
2015-08-23,38.27799924069856,26.027904328018224,13.466590736522399,4.09096109839817,8.218109339407745,4.941704459561602
2015-08-24,38.27799924069856,26.027904328018224,13.466590736522399,4.09096109839817,8.218109339407745,4.941704459561602
2015-08-25,38.28629798555683,26.025655644241734,13.458000760167236,4.08991981672394,8.216077537058153,4.941704459561602
2015-08-26,38.28995823842065,26.02249430523918,13.4543470007593,4.089816933638444,8.218394077448748,4.939008295625943
2015-08-27,38.29417899127797,26.02133105802048,13.450417140690178,4.090857142857143,8.220420932878271,4.934631301730624
2015-08-28,38.29417899127797,26.02133105802048,13.450417140690178,4.090857142857143,8.220420932878271,4.934631301730624
2015-08-29,38.29725378787879,26.01903409090909,13.446496212121211,4.090753424657534,8.222443181818182,4.932526276276276
2015-08-30,38.306124383769436,26.019434963974216,13.436196435343192,4.089904761904762,8.220231323473644,4.932526276276276
2015-08-31,38.30975378787879,26.016571969696972,13.432291666666666,4.089802130898021,8.221685606060605,4.931554307116104
2015-09-01,38.31693211983315,26.013177853621542,13.424819871065605,4.088761904761904,8.220800151687524,4.931554307116104
2015-09-02,38.3188446969697,26.010890151515156,13.422064393939394,4.089802130898021,8.223958333333332,4.927223467862481
2015-09-03,38.323023079833526,26.00860764283012,13.420450245932651,4.089699733941467,8.223704124101399,4.925149142431021
2015-09-04,38.323023079833526,26.00860764283012,13.420450245932651,4.089699733941467,8.223704124101399,4.925149142431021
2015-09-05,38.3260582010582,26.00633030990174,13.4177059712774,4.089597570235383,8.225718065003779,4.923084077380952
2015-09-06,38.33437381763148,26.006715853197125,13.408342792281498,4.088559483086279,8.223704124101399,4.923084077380952
2015-09-07,38.33437381763148,26.006715853197125,13.408342792281498,4.088559483086279,8.223704124101399,4.923084077380952
2015-09-08,38.33796296296297,26.004440665154952,13.405045351473923,4.088458618071374,8.225151171579743,4.923255382331106
2015-09-09,38.34097772744432,26.002170630426576,13.40118912797282,4.088357982555935,8.227161192902981,4.9212037037037035
2015-09-10,38.34097772744432,26.002170630426576,13.40118912797282,4.088357982555935,8.227161192902981,4.9212037037037035
2015-09-11,38.345116892911015,26.001602564102566,13.397907239819004,4.088257575757575,8.227469834087481,4.919161123429416
2015-09-12,38.34811676082863,26.000470809792844,13.395197740112994,4.088157396897465,8.229472693032015,4.917127581120944
2015-09-13,38.35699472096531,26.002733785822024,13.38433257918552,4.087689393939394,8.226338612368023,4.917127581120944
2015-09-14,38.36604449472097,25.99934012066365,13.370757918552036,4.08655303030303,8.226904223227752,4.9184142752023545
2015-09-15,38.36604449472097,25.99934012066365,13.370757918552036,4.08655303030303,8.226904223227752,4.9184142752023545
2015-09-16,38.3695856873823,25.99792843691149,13.366666666666667,4.087589860007567,8.228060263653484,4.915840675477239
2015-09-17,38.37368322046652,25.9956734386757,13.362866817155757,4.087490551776266,8.228931527464258,4.913827838827839
2015-09-18,38.37368322046652,25.9956734386757,13.362866817155757,4.087490551776266,8.228931527464258,4.913827838827839
2015-09-19,38.375516723036455,25.993423524990607,13.359075535512964,4.088523971309928,8.229800826756858,4.914016812865497
2015-09-20,38.38327689992476,25.994544770504138,13.349322799097065,4.086923658352229,8.227802859292701,4.914016812865497
2015-09-21,38.38453588876362,25.99285982713266,13.344983089064261,4.086825217063042,8.229800826756858,4.916393143690736
2015-09-22,38.39174191121144,25.991723100075244,13.335778781038375,4.085789871504157,8.22836719337848,4.916393143690736
2015-09-23,38.3935550544908,25.98947763998497,13.332018038331455,4.086825217063042,8.230364524614806,4.9143922852983986
2015-09-24,38.401899924755455,25.988337095560574,13.322234762979685,4.085789871504157,8.22836719337848,4.9143922852983986
2015-09-25,38.40482901164976,25.988350244269075,13.318489289740699,4.085692714231786,8.22923712889891,4.914578794480755
2015-09-26,38.41384817737693,25.987222848553177,13.30608793686584,4.084560211400528,8.22923712889891,4.916938405797101
2015-09-27,38.41995861550038,25.990594431903688,13.29627539503386,4.083522297808012,8.226109857035365,4.916938405797101
2015-09-28,38.42004885381436,25.987786546411126,13.293122886133032,4.083427708569271,8.228673431040962,4.919287780187997
2015-09-29,38.42004885381436,25.987786546411126,13.293122886133032,4.083427708569271,8.228673431040962,4.919287780187997
2015-09-30,38.42182807807808,25.98554804804805,13.289414414414415,4.08446455505279,8.230668168168167,4.919462481962482
2015-10-01,38.43083708708709,25.983295795795797,13.278153153153154,4.083333333333333,8.229542042042041,4.921796256299496
2015-10-02,38.43083708708709,25.983295795795797,13.278153153153154,4.083333333333333,8.229542042042041,4.921796256299496
2015-10-03,38.43260217472816,25.982189726284215,13.27334083239595,4.083239171374764,8.23153355830521,4.921964798850574
2015-10-04,38.43871996996997,25.98357732732733,13.26492117117117,4.081636500754148,8.230105105105105,4.921964798850574
2015-10-05,38.43871996996997,25.98357732732733,13.26492117117117,4.081636500754148,8.230105105105105,4.921964798850574
2015-10-06,38.439351331083614,25.981346081739783,13.26068616422947,4.082674199623352,8.2320959880015,4.924283154121864
2015-10-07,38.43998127340824,25.980243445692885,13.255898876404494,4.083709556057186,8.232958801498127,4.92873748211731
2015-10-08,38.44784644194757,25.981367041198503,13.243539325842697,4.082580887885628,8.232958801498127,4.928890078515346
2015-10-09,38.45071081182193,25.98026561915451,13.238776655443322,4.082487786546411,8.233819678264123,4.9311787749287745
2015-10-10,38.450205530642755,25.979166666666668,13.23402466367713,4.083521021021021,8.235799701046338,4.933457711442785
2015-10-11,38.4552001496446,25.98363262252151,13.224186307519641,4.082487786546411,8.233819678264123,4.933457711442785
2015-10-12,38.461934156378604,25.980826786382345,13.211840628507295,4.082487786546411,8.232697343808455,4.936790780141844
2015-10-13,38.46694756554307,25.979681647940076,13.204213483146068,4.081452219714071,8.231835205992509,4.936790780141844
2015-10-14,38.46642349420127,25.978582117471007,13.200617283950617,4.082487786546411,8.232697343808455,4.941171266808209
2015-10-15,38.471441947565545,25.980805243445694,13.192977528089887,4.081452219714071,8.23071161048689,4.941171266808209
2015-10-16,38.471441947565545,25.980805243445694,13.192977528089887,4.081452219714071,8.23071161048689,4.941171266808209
2015-10-17,38.469790497568276,25.980826786382345,13.188271604938272,4.082487786546411,8.232697343808455,4.945533192090395
2015-10-18,38.4748127340824,25.984176029962548,13.179494382022472,4.082580887885628,8.23071161048689,4.945533192090395
2015-10-19,38.47315750093528,25.98307145529368,13.175364758698093,4.0836151822623075,8.232136176580621,4.950933756166314
2015-10-20,38.47876917321362,25.98194912083801,13.16358024691358,4.084178880120255,8.231013842124954,4.955256680731364
2015-10-21,38.47823243647235,25.97972720478326,13.16115470852018,4.0840840840840835,8.232997010463377,4.959561403508771
2015-10-22,38.482136176580624,25.980826786382345,13.154601571268238,4.0830514844043595,8.231013842124954,4.959561403508771
2015-10-23,38.48215620328849,25.979166666666668,13.151625560538116,4.0840840840840835,8.231875934230194,4.963848039215686
2015-10-24,38.47937663307204,25.979189996267266,13.148096304591265,4.085114360704912,8.23385591638671,4.968116701607268
2015-10-25,38.48439835575486,25.981408819133037,13.140414798206278,4.08521021021021,8.23075485799701,4.968116701607268
2015-10-26,38.49055368499813,25.98026561915451,13.132716049382717,4.084178880120255,8.229891507669285,4.968116701607268
2015-10-27,38.4916760194538,25.976337448559672,13.123737373737374,4.0836151822623075,8.23045267489712,4.975505578800558
2015-10-28,38.488882660687594,25.97412182361734,13.121356502242152,4.085773273273273,8.231315396113603,4.9776443980514955
2015-10-29,38.49392068836514,25.974092779648338,13.113636363636363,4.084742577978203,8.229330340441452,4.9776443980514955
2015-10-30,38.49392068836514,25.974092779648338,13.113636363636363,4.084742577978203,8.229330340441452,4.9776443980514955
2015-10-31,38.49560419004864,25.97268986157875,13.103815937149271,4.085306275836151,8.229891507669285,4.983940972222222
2015-11-01,38.49560419004864,25.97268986157875,13.103815937149271,4.085306275836151,8.229891507669285,4.983940972222222
2015-11-02,38.49224588938715,25.971038863976084,13.100336322869955,4.0868993993994,8.231875934230194,4.990211365211365
2015-11-03,38.49224588938715,25.971038863976084,13.100336322869955,4.0868993993994,8.231875934230194,4.990211365211365
2015-11-04,38.48945502053005,25.96883165360209,13.097984322508399,4.087926509186351,8.232736095558044,4.994381051175656
2015-11-05,38.492814483016055,25.96547219111609,13.08902575587906,4.087926509186351,8.231616274729376,5.000603864734299
2015-11-06,38.492814483016055,25.96547219111609,13.08902575587906,4.087926509186351,8.231616274729376,5.000603864734299
2015-11-07,38.49505412467339,25.96659201194476,13.077827547592385,4.089051368578928,8.229376633072041,5.008867079889807
2015-11-08,38.49505412467339,25.96659201194476,13.077827547592385,4.089051368578928,8.229376633072041,5.008867079889807
2015-11-09,38.49002609992543,25.96439224459359,13.074384787472036,4.091198501872659,8.232475764354959,5.019158075601374
2015-11-10,38.49002609992543,25.96439224459359,13.074384787472036,4.091198501872659,8.232475764354959,5.019158075601374
2015-11-11,38.48947858472999,25.963314711359406,13.070949720670392,4.09221848110737,8.23221601489758,5.023233882030178
2015-11-12,38.48947858472999,25.963314711359406,13.070949720670392,4.09221848110737,8.23221601489758,5.023233882030178
2015-11-13,38.49004836309524,25.963355654761905,13.06640625,4.09211509715994,8.233072916666666,5.029346338124572
2015-11-14,38.493396577380956,25.964471726190478,13.055245535714286,4.093236173393124,8.230840773809524,5.035433743169398
2015-11-15,38.493396577380956,25.964471726190478,13.055245535714286,4.093236173393124,8.230840773809524,5.035433743169398
2015-11-16,38.49228050595239,25.961681547619047,13.045200892857142,4.094357249626308,8.231956845238095,5.0466087252897065
2015-11-17,38.489502043849875,25.96060943887031,13.04180602006689,4.095371407241508,8.232813080639167,5.052636054421768
2015-11-18,38.489502043849875,25.96060943887031,13.04180602006689,4.095371407241508,8.232813080639167,5.052636054421768
2015-11-19,38.49312523225567,25.958937198067634,13.030379041248606,4.095091452034341,8.233091787439614,5.058638832315003
2015-11-20,38.491462509279884,25.95786933927246,13.027004454342984,4.09610365398956,8.232832219747587,5.06664972899729
2015-11-21,38.4898034853541,25.95791620318873,13.022525027808676,4.097113594040968,8.233685576566556,5.070571331981068
2015-11-22,38.493689680772086,25.95898292501856,13.013641425389755,4.098340790454884,8.232832219747587,5.070571331981068
2015-11-23,38.48924731182796,25.95569150908417,13.009176863181313,4.100465549348231,8.235354097144976,5.080549932523616
2015-11-24,38.49313288789904,25.952301410541946,13.003619153674833,4.099459358687547,8.235616184112843,5.080549932523616
2015-11-25,38.493696700037084,25.950129773822766,13.00027808676307,4.100465549348231,8.236466444197255,5.0844276094276095
2015-11-26,38.49758723088345,25.95007423904974,12.993596881959911,4.099459358687547,8.235616184112843,5.0844276094276095
2015-11-27,38.4981460882462,25.94901742677049,12.989154616240267,4.099348230912477,8.235354097144976,5.09232190860215
2015-11-28,38.497592592592596,25.947962962962965,12.985833333333334,4.099237351190476,8.237314814814814,5.098172367538565
2015-11-29,38.500370782350764,25.950129773822766,12.978031145717464,4.099348230912477,8.236466444197255,5.098172367538565
2015-11-30,38.49592592592593,25.947407407407407,12.974166666666667,4.100911458333333,8.23787037037037,5.109019410977242
2015-12-01,38.500926955876906,25.945124212087507,12.9674638487208,4.101024208566108,8.238134964775677,5.109019410977242
2015-12-02,38.501481481481484,25.942962962962966,12.964166666666667,4.102027529761904,8.238981481481481,5.110804943219772
2015-12-03,38.50370370370371,25.940740740740743,12.955277777777777,4.100911458333333,8.23787037037037,5.120583333333333
2015-12-04,38.508713385242864,25.939562476826104,12.948553948832036,4.099906890130353,8.237022617723396,5.120583333333333
2015-12-05,38.51149425287357,25.936781609195403,12.939655172413794,4.098230912476723,8.238691138301817,5.126330671989354
2015-12-06,38.513177431328884,25.94005196733482,12.931792873051226,4.098340790454884,8.237843355605047,5.126330671989354
2015-12-07,38.513177431328884,25.94005196733482,12.931792873051226,4.098340790454884,8.237843355605047,5.126330671989354
2015-12-08,38.51206384558278,25.93615441722346,12.921213808463252,4.099459358687547,8.239513734224202,5.136039176626825
2015-12-09,38.51149425287357,25.934000741564702,12.917964404894327,4.099348230912477,8.240359658880237,5.141732935719019
2015-12-10,38.51429101707498,25.93170007423905,12.912305122494432,4.099459358687547,8.239513734224202,5.141732935719019
2015-12-11,38.51483129403041,25.92955135335558,12.909065628476085,4.099348230912477,8.240359658880237,5.149388227513227
2015-12-12,38.513148148148154,25.92962962962963,12.904722222222222,4.099237351190476,8.242314814814815,5.155033003300329
2015-12-13,38.515943641082686,25.934000741564702,12.89571746384872,4.098230912476723,8.241472005932517,5.155033003300329
2015-12-14,38.51483129403041,25.932332220986282,12.884593993325918,4.098789571694599,8.243696700037077,5.1646080368906455
2015-12-15,38.51537037037037,25.930185185185188,12.8825,4.098679315476191,8.244537037037036,5.170200525969756
2015-12-16,38.514798372179065,25.93026267110618,12.878745837957824,4.099684132292828,8.244820569737328,5.175770997375328
2015-12-17,38.51870370370371,25.929074074074077,12.874166666666667,4.098679315476191,8.24287037037037,5.175770997375328
2015-12-18,38.51812800591935,25.92693303736589,12.870976692563818,4.098569305091044,8.24260081391047,5.185248853962016
2015-12-19,38.51755358462676,25.92590539541759,12.866685144124169,4.099573125463994,8.243440502586843,5.190767973856209
2015-12-20,38.52034776174621,25.93026267110618,12.858768035516093,4.098569305091044,8.24149093599704,5.190767973856209
2015-12-21,38.516999260901706,25.927014042867704,12.855044345898005,4.100686711210097,8.244549150036955,5.1992009132420085
2015-12-22,38.520325203252035,25.92368810051737,12.847283813747229,4.099573125463994,8.245657797487066,5.204671223958333
2015-12-23,38.520325203252035,25.92368810051737,12.847283813747229,4.099573125463994,8.245657797487066,5.204671223958333
2015-12-24,38.52534221235664,25.92471328153903,12.840455049944506,4.0974544778892605,8.2437106918239,5.204671223958333
2015-12-25,38.52925925925926,25.92462962962963,12.83361111111111,4.0964471726190474,8.24287037037037,5.204671223958333
2015-12-26,38.52978172401036,25.922493525712174,12.82935627081021,4.096339650687477,8.244820569737328,5.212069525666017
2015-12-27,38.53259259259259,25.926851851851854,12.8225,4.095331101190476,8.24175925925926,5.212069525666017
2015-12-28,38.53259259259259,25.926851851851854,12.8225,4.095331101190476,8.24175925925926,5.212069525666017
2015-12-29,38.53537037037037,25.924074074074074,12.813055555555556,4.095331101190476,8.24287037037037,5.217493514915693
2015-12-30,38.53537037037037,25.924074074074074,12.813055555555556,4.095331101190476,8.24287037037037,5.217493514915693
2015-12-31,38.53930292918057,25.92510196514646,12.806173526140157,4.093202979515828,8.242028179458657,5.217493514915693
2016-01-01,38.53930292918057,25.92510196514646,12.806173526140157,4.093202979515828,8.242028179458657,5.217493514915693
2016-01-02,38.53930292918057,25.92510196514646,12.806173526140157,4.093202979515828,8.242028179458657,5.217493514915693
2016-01-03,38.542130660727544,25.925296956198963,12.801224944320714,4.091349739000745,8.24146250927988,5.217493514915693
2016-01-04,38.5449146250928,25.921121009651078,12.793429844097995,4.090231170768083,8.242576095025983,5.225323624595469
2016-01-05,38.54775176514307,25.917688591601635,12.790969899665551,4.089212392683837,8.241731698253437,5.225323624595469
2016-01-06,38.54714179658501,25.914439495174463,12.787861915367483,4.090231170768083,8.243689680772086,5.230700904392765
2016-01-07,38.55159613956942,25.909985152190053,12.78229398663697,4.087994034302759,8.242576095025983,5.237991618310767
2016-01-08,38.55159613956942,25.909985152190053,12.78229398663697,4.087994034302759,8.242576095025983,5.237991618310767
2016-01-09,38.552094920281796,25.906748238783834,12.779199110122358,4.087895716945996,8.244530960326289,5.24332368082368
2016-01-10,38.557164068299926,25.905530809205644,12.775612472160356,4.086875466070096,8.242576095025983,5.24332368082368
2016-01-11,38.55320726733408,25.900630329996293,12.772525027808676,4.08901303538175,8.244530960326289,5.255378933847141
2016-01-12,38.55320726733408,25.900630329996293,12.772525027808676,4.08901303538175,8.244530960326289,5.255378933847141
2016-01-13,38.552592592592596,25.89740740740741,12.769444444444444,4.090029761904762,8.246481481481482,5.262580128205128
2016-01-14,38.558769002595476,25.893956247682613,12.766963292547274,4.0867783985102415,8.245643307378568,5.262580128205128
2016-01-15,38.55703703703704,25.892407407407408,12.76388888888889,4.087239583333333,8.24537037037037,5.272632757517594
2016-01-16,38.55641879393267,25.890307066222718,12.760821309655938,4.088257153474545,8.246207917129116,5.279773307790549
2016-01-17,38.559259259259264,25.890185185185185,12.757222222222222,4.087239583333333,8.244259259259259,5.279773307790549
2016-01-18,38.556481481481484,25.884074074074075,12.751111111111111,4.087797619047619,8.24537037037037,5.293578712555767
2016-01-19,38.554753977062525,25.880873103958567,12.748057713651498,4.088814567075437,8.246207917129116,5.302560432569974
2016-01-20,38.554753977062525,25.880873103958567,12.748057713651498,4.088814567075437,8.246207917129116,5.302560432569974
2016-01-21,38.558703703703706,25.87851851851852,12.745555555555555,4.0866815476190474,8.244259259259259,5.302560432569974
2016-01-22,38.558703703703706,25.87851851851852,12.745555555555555,4.0866815476190474,8.244259259259259,5.302560432569974
2016-01-23,38.555863854975954,25.877543470218278,12.74139844617092,4.087699739873653,8.245098039215685,5.311507936507936
2016-01-24,38.558518518518525,25.876296296296296,12.737777777777778,4.085751488095238,8.244259259259259,5.311507936507936
2016-01-25,38.55179430262672,25.87310395856456,12.734739178690344,4.087885544407283,8.245098039215685,5.326124841571609
2016-01-26,38.55179430262672,25.86977432482427,12.72253052164262,4.0895577852099585,8.24787273399926,5.3349936748893105
2016-01-27,38.5489652623799,25.867701404286773,12.71951219512195,4.090571640682999,8.249815225424982,5.3438289141414135
2016-01-28,38.554014058453575,25.865334813170552,12.713651498335183,4.0895577852099585,8.24898261191269,5.3438289141414135
2016-01-29,38.55734369219386,25.862005179430263,12.703662597114317,4.0895577852099585,8.24898261191269,5.354521109010712
2016-01-30,38.55229120473023,25.859940872135997,12.699556541019955,4.090571640682999,8.250923872875092,5.367059748427673
2016-01-31,38.5584535701073,25.860895301516834,12.691453940066593,4.0895577852099585,8.25009248982612,5.367059748427673
2016-02-01,38.55623381428043,25.856455789863116,12.679245283018869,4.090672612411742,8.253422123566407,5.3804927809165095
2016-02-02,38.55623381428043,25.856455789863116,12.679245283018869,4.090672612411742,8.253422123566407,5.3804927809165095
2016-02-03,38.55284552845529,25.85439763488544,12.676274944567627,4.091685226429101,8.254249815225425,5.3910557644110275
2016-02-04,38.55789863115058,25.853126156122826,12.668146503884573,4.091787439613526,8.253422123566407,5.3910557644110275
2016-02-05,38.55789863115058,25.853126156122826,12.668146503884573,4.091787439613526,8.253422123566407,5.3910557644110275
2016-02-06,38.5539541759054,25.851071692535108,12.664079822616408,4.091685226429101,8.255358462675536,5.403455284552845
2016-02-07,38.560118386977436,25.852016278209398,12.654827968923419,4.090672612411742,8.255641879393266,5.403455284552845
2016-02-08,38.560118386977436,25.852016278209398,12.654827968923419,4.090672612411742,8.255641879393266,5.403455284552845
2016-02-09,38.5584535701073,25.845357010728822,12.645948945615983,4.091787439613526,8.25841657417684,5.415808364544319
2016-02-10,38.55561714708057,25.84331116038433,12.643015521064301,4.092798812175204,8.259238728750924,5.424376947040498
2016-02-11,38.56178320384758,25.84313725490196,12.631520532741398,4.091787439613526,8.25952645209027,5.424376947040498
2016-02-12,38.56178320384758,25.84313725490196,12.631520532741398,4.091787439613526,8.25952645209027,5.424376947040498
2016-02-13,38.55783444198079,25.841093865484112,12.627494456762749,4.092798812175204,8.260347376201034,5.436644900497512
2016-02-14,38.56733259341473,25.84424713281539,12.610432852386237,4.094017094017094,8.25952645209027,5.436644900497512
2016-02-15,38.566777654458015,25.839252682204958,12.597114317425083,4.096246748420661,8.262301146873844,5.449798261949099
2016-02-16,38.566777654458015,25.839252682204958,12.597114317425083,4.096246748420661,8.262301146873844,5.449798261949099
2016-02-17,38.56199186991871,25.83665927568367,12.59478935698448,4.098923533778767,8.264227642276422,5.457791201982651
2016-02-18,38.566426459719146,25.835550628233555,12.578159645232816,4.1000371195248695,8.266444937176644,5.468073593073592
2016-02-19,38.563584348468076,25.834625322997418,12.57530454042082,4.101038190582128,8.267257290513104,5.476466049382716
2016-02-20,38.55964233038349,25.83259587020649,12.57245575221239,4.100925925925925,8.269174041297935,5.488524337646334
2016-02-21,38.56912144702843,25.834625322997418,12.556478405315614,4.101038190582128,8.269472129937245,5.488524337646334
2016-02-22,38.56240781710915,25.830936578171094,12.554203539823009,4.103703703703704,8.271386430678465,5.501460639606396
2016-02-23,38.56801402731636,25.830195644149136,12.542081949058693,4.103819058212829,8.272240679217424,5.501460639606396
2016-02-24,38.564067109144545,25.82817109144543,12.539269911504425,4.105925925925925,8.27415191740413,5.509745242480049
2016-02-25,38.57133628645257,25.831303063861206,12.5265780730897,4.104931405265109,8.273348098929494,5.509745242480049
2016-02-26,38.569598082595874,25.82817109144543,12.524889380530974,4.107037037037037,8.273045722713864,5.517999387254902
2016-02-27,38.57402286135694,25.827064896755164,12.508296460176991,4.107777777777778,8.274520648967552,5.5280581039755345
2016-02-28,38.57402286135694,25.827064896755164,12.508296460176991,4.107777777777778,8.274520648967552,5.5280581039755345
2016-02-29,38.56924493554328,25.823941068139966,12.506077348066299,4.11015538290788,8.276427255985267,5.538537851037851
2016-03-01,38.56924493554328,25.823941068139966,12.506077348066299,4.11015538290788,8.276427255985267,5.538537851037851
2016-03-02,38.565305371596764,25.821927888153056,12.503311258278146,4.112250554323725,8.278329654157469,5.54486593540524
2016-03-03,38.57145488029467,25.822836095764274,12.491712707182321,4.112375138734739,8.278637200736648,5.54486593540524
2016-03-04,38.57145488029467,25.822836095764274,12.491712707182321,4.112375138734739,8.278637200736648,5.54486593540524
2016-03-05,38.56751287711553,25.82082413539367,12.48896247240618,4.113359201773836,8.280537159676232,5.554820559610706
2016-03-06,38.57587476979743,25.825046040515655,12.47292817679558,4.113485016648169,8.27974217311234,5.554820559610706
2016-03-07,38.57587476979743,25.825046040515655,12.47292817679558,4.113485016648169,8.27974217311234,5.554820559610706
2016-03-08,38.569168506254606,25.821927888153056,12.47130242825607,4.116130820399113,8.281640912435615,5.565649666059502
2016-03-09,38.565233370084535,25.818816611539877,12.4696802646086,4.118217054263566,8.282432929070195,5.573712121212121
2016-03-10,38.57027225901398,25.82082413539367,12.456953642384105,4.118348115299335,8.282744665194997,5.573712121212121
2016-03-11,38.57027225901398,25.82082413539367,12.456953642384105,4.118348115299335,8.282744665194997,5.573712121212121
2016-03-12,38.56743844174936,25.818816611539877,12.45534729878721,4.119324473975637,8.28353546490261,5.583560193587417
2016-03-13,38.5757910228109,25.82413539367182,12.438189845474614,4.119456762749445,8.28384841795438,5.583560193587417
2016-03-14,38.57247976453275,25.81972038263429,12.42384105960265,4.122228381374723,8.288263428991906,5.59699577294686
2016-03-15,38.57642725598527,25.819521178637203,12.412154696132596,4.122364039955605,8.289686924493555,5.59699577294686
2016-03-16,38.57247976453275,25.815305371596764,12.409492273730685,4.125554323725056,8.291574687270051,5.6067661241711875
2016-03-17,38.5757910228109,25.81199411331862,12.39514348785872,4.127771618625277,8.29047093451067,5.621916365824307
2016-03-18,38.57184858507902,25.809720690922457,12.393605292171996,4.130398671096345,8.290701947813304,5.6320570570570565
2016-03-19,38.566813509544794,25.805524963289283,12.394273127753303,4.132466814159292,8.291483113069017,5.645308752997602
2016-03-20,38.575156192576266,25.809720690922457,12.379272326350607,4.132613510520487,8.290701947813304,5.645308752997602
2016-03-21,38.5690161527166,25.805524963289283,12.377753303964758,4.135785398230088,8.293135095447871,5.656717534410532
2016-03-22,38.571218795888406,25.798917033773865,12.36784140969163,4.136891592920354,8.293135095447871,5.669877538829152
2016-03-23,38.571218795888406,25.798917033773865,12.36784140969163,4.136891592920354,8.293135095447871,5.669877538829152
2016-03-24,38.572320117474305,25.79671439060206,12.3568281938326,4.139103982300885,8.292033773861968,5.68299045915325
2016-03-25,38.572320117474305,25.79671439060206,12.3568281938326,4.139103982300885,8.292033773861968,5.68299045915325
2016-03-26,38.56729006233957,25.792537587092045,12.357535753575357,4.141160220994475,8.292812614594792,5.694270833333333
2016-03-27,38.573972099853165,25.7939610866373,12.344713656387665,4.14103982300885,8.293410425844346,5.694270833333333
2016-03-28,38.573972099853165,25.7939610866373,12.344713656387665,4.14103982300885,8.293410425844346,5.694270833333333
2016-03-29,38.57287077826726,25.789555800293687,12.333149779735683,4.14325221238938,8.295613069016152,5.7072935234699935
2016-03-30,38.570040337367075,25.783186651998534,12.333883388338833,4.1464088397790055,8.295287862119546,5.714931791221827
2016-03-31,38.57562408223202,25.78294787077827,12.323237885462555,4.146017699115045,8.295613069016152,5.714931791221827
2016-04-01,38.57562408223202,25.78294787077827,12.323237885462555,4.146017699115045,8.295613069016152,5.714931791221827
2016-04-02,38.56949028236158,25.77878621195453,12.323982398239824,4.148066298342542,8.295287862119546,5.72787152161042
2016-04-03,38.57672540381792,25.784049192364172,12.308920704845814,4.147123893805309,8.29451174743025,5.72787152161042
2016-04-04,38.56949028236158,25.77768610194353,12.309130913091309,4.150828729281768,8.295287862119546,5.74076536643026
2016-04-05,38.57452276064611,25.775238619676948,12.298458149779735,4.150995575221239,8.296714390602055,5.74076536643026
2016-04-06,38.57059039237257,25.769985331866522,12.2992299229923,4.15414364640884,8.296387972130546,5.748303834808259
2016-04-07,38.57059039237257,25.764484781811515,12.290429042904291,4.155248618784531,8.295287862119546,5.762882803297997
2016-04-08,38.567765567765576,25.760347985347988,12.29010989010989,4.158388520971302,8.29386446886447,5.773883009994121
2016-04-09,38.57216117216118,25.758150183150185,12.275824175824177,4.161699779249449,8.29386446886447,5.784844483568075
2016-04-10,38.57216117216118,25.758150183150185,12.275824175824177,4.161699779249449,8.29386446886447,5.784844483568075
2016-04-11,38.56439809732895,25.751280643980973,12.277167947310648,4.165380374862183,8.295188437614344,5.796646162858816
2016-04-12,38.56439809732895,25.751280643980973,12.277167947310648,4.165380374862183,8.295188437614344,5.796646162858816
2016-04-13,38.559393274853804,25.74607090643275,12.27905701754386,4.168502202643172,8.295961257309942,5.804020467836257
2016-04-14,38.565495792169784,25.74688986461764,12.26728869374314,4.167585446527013,8.296286132455178,5.804020467836257
2016-04-15,38.565495792169784,25.74688986461764,12.26728869374314,4.167585446527013,8.296286132455178,5.804020467836257
2016-04-16,38.559393274853804,25.74278143274854,12.268092105263158,4.170704845814978,8.297057748538013,5.813120256859311
2016-04-17,38.56878887669229,25.74688986461764,12.25192096597146,4.169790518191841,8.297383827296011,5.813120256859311
2016-04-18,38.56714233443103,25.74085254299305,12.239846322722283,4.17199558985667,8.299030369557263,5.826558857808857
2016-04-19,38.57216117216118,25.738369963369966,12.22912087912088,4.172185430463577,8.300457875457877,5.826558857808857
2016-04-20,38.56686791072082,25.734266373948042,12.228869374313941,4.175854465270121,8.301225759238932,5.835151250727167
2016-04-21,38.56796560556166,25.72877789974387,12.217892425905598,4.179162072767365,8.302323454079767,5.844149245063879
2016-04-22,38.56186038011696,25.724141081871345,12.21875,4.182268722466961,8.301991959064328,5.856594202898551
2016-04-23,38.5557685286601,25.72006206644761,12.21960569550931,4.184268426842684,8.302756480467323,5.867259837962963
2016-04-24,38.564053362573105,25.723044590643276,12.204495614035087,4.184471365638767,8.301991959064328,5.867259837962963
2016-04-25,38.5557685286601,25.7162285505659,12.20646221248631,4.1886688668866885,8.303851770719241,5.880488157134604
2016-04-26,38.5557685286601,25.7162285505659,12.20646221248631,4.1886688668866885,8.303851770719241,5.880488157134604
2016-04-27,38.549690007293954,25.712162654996355,12.207330415754923,4.192857142857143,8.304613420860687,5.887615340253748
2016-04-28,38.556863818912014,25.71294267981015,12.195509309967141,4.191969196919692,8.303851770719241,5.887615340253748
2016-04-29,38.556863818912014,25.71294267981015,12.195509309967141,4.191969196919692,8.303851770719241,5.887615340253748
2016-04-30,38.557411464037976,25.711299744432274,12.18236582694414,4.193619361936194,8.3043994158452,5.899899251583189
2016-05-01,38.56186038011696,25.7093384502924,12.172697368421053,4.193281938325991,8.305829678362574,5.899899251583189
2016-05-02,38.554673238408185,25.702537422416942,12.173603504928806,4.197469746974697,8.30768528660095,5.913002873563218
2016-05-03,38.554673238408185,25.69706097115736,12.162650602409638,4.201870187018702,8.309875867104783,5.918316121629374
2016-05-04,38.54859591539023,25.690827862873817,12.163566739606127,4.203846153846154,8.309536834427426,5.933920389461626
2016-05-05,38.5557685286601,25.69048922964586,12.152792990142387,4.201870187018702,8.309875867104783,5.933920389461626
2016-05-06,38.5557685286601,25.69048922964586,12.152792990142387,4.201870187018702,8.309875867104783,5.933920389461626
2016-05-07,38.54859591539023,25.686451495258936,12.152625820568927,4.203846153846154,8.310630926331145,5.947755860491709
2016-05-08,38.5557685286601,25.68939393939394,12.139649507119387,4.202970297029703,8.309875867104783,5.947755860491709
2016-05-09,38.54695477753465,25.682622173595917,12.140590809628009,4.207142857142857,8.311725018234865,5.963256278538813
2016-05-10,38.54695477753465,25.682622173595917,12.140590809628009,4.207142857142857,8.311725018234865,5.963256278538813
2016-05-11,38.54198542805101,25.677504553734064,12.141530054644809,4.211306256860593,8.31247723132969,5.970156695156695
2016-05-12,38.54695477753465,25.67715171407732,12.13183807439825,4.210439560439561,8.312819110138586,5.970156695156695
2016-05-13,38.540892531876146,25.672040072859748,12.133879781420765,4.2135016465422614,8.31247723132969,5.982153014789533
2016-05-14,38.53484352256187,25.6691229985444,12.134825327510917,4.214364035087719,8.313227802037845,5.994108461101646
2016-05-15,38.540892531876146,25.672040072859748,12.12295081967213,4.2135016465422614,8.31247723132969,5.994108461101646
2016-05-16,38.54804886943837,25.671681254558717,12.111050328227572,4.212637362637363,8.312819110138586,5.994108461101646
2016-05-17,38.54162112932605,25.665300546448087,12.111839708561021,4.216245883644347,8.314116575591985,6.005739795918367
2016-05-18,38.54162112932605,25.665300546448087,12.111839708561021,4.216245883644347,8.314116575591985,6.005739795918367
2016-05-19,38.54768417213713,25.663840262582056,12.102115244347193,4.2153846153846155,8.314460247994166,6.005739795918367
2016-05-20,38.540528233151186,25.658743169398907,12.10200364298725,4.2184412733260155,8.315209471766849,6.021010186757215
2016-05-21,38.53338791848618,25.654748908296945,12.1018922852984,4.220394736842105,8.315957059679768,6.032838983050848
2016-05-22,38.54162112932605,25.65655737704918,12.089981785063753,4.220636663007684,8.314116575591985,6.032838983050848
2016-05-23,38.53284206695779,25.649836244541486,12.090975254730713,4.223684210526316,8.315957059679768,6.048011844331641
2016-05-24,38.53284206695779,25.64001091703057,12.082241630276565,4.225877192982456,8.318140465793304,6.058065878378378
2016-05-25,38.53284206695779,25.64001091703057,12.082241630276565,4.225877192982456,8.318140465793304,6.058065878378378
2016-05-26,38.53998178506375,25.638524590163936,12.072495446265938,4.225027442371021,8.317395264116575,6.058065878378378
2016-05-27,38.53998178506375,25.638524590163936,12.072495446265938,4.225027442371021,8.317395264116575,6.058065878378378
2016-05-28,38.533933770014556,25.633460698689955,12.072416302765648,4.2269736842105265,8.318140465793304,6.0714586846543
2016-05-29,38.53998178506375,25.63360655737705,12.062112932604737,4.226399560922063,8.318214936247724,6.0714586846543
2016-05-30,38.54713712618527,25.6332056892779,12.051239970824216,4.22554945054945,8.318563092633115,6.0714586846543
2016-05-31,38.54385485047411,25.62445295404814,12.040299051787018,4.229945054945055,8.320204230488695,6.086489898989899
2016-06-01,38.53888888888889,25.619398907103825,12.041347905282333,4.231888035126235,8.320947176684882,6.093067226890756
2016-06-02,38.53779599271403,25.612841530054645,12.031511839708562,4.23463227222832,8.32040072859745,6.1063338926174495
2016-06-03,38.53175036390102,25.607805676855897,12.032569141193596,4.23656798245614,8.321142649199418,6.117881072026801
2016-06-04,38.525717920756094,25.603871319520174,12.033624136677572,4.2384994523548745,8.321882951653944,6.127717391304348
2016-06-05,38.53175036390102,25.60453056768559,12.022743813682679,4.239857456140351,8.320050946142649,6.127717391304348
2016-06-06,38.522446383133406,25.59732824427481,12.023809523809524,4.243975903614458,8.322428207924391,6.140859766277129
2016-06-07,38.522446383133406,25.59732824427481,12.023809523809524,4.243975903614458,8.322428207924391,6.140859766277129
2016-06-08,38.51751997095135,25.59232026143791,12.024872912127815,4.24699124726477,8.324255628177196,6.147291666666667
2016-06-09,38.523536895674305,25.58969465648855,12.013994910941477,4.247261774370208,8.32460923300618,6.147291666666667
2016-06-10,38.523536895674305,25.58969465648855,12.013994910941477,4.247261774370208,8.32460923300618,6.147291666666667
2016-06-11,38.51860929557008,25.584694989106755,12.016158315177924,4.24917943107221,8.325344952795934,6.15536605657238
2016-06-12,38.525717920756094,25.584242093784077,12.005270810614324,4.250547645125958,8.323518720465286,6.15536605657238
2016-06-13,38.523536895674305,25.574972737186478,11.993275172664486,4.254928806133625,8.326790258087968,6.168397009966777
2016-06-14,38.523536895674305,25.574972737186478,11.993275172664486,4.254928806133625,8.326790258087968,6.168397009966777
2016-06-15,38.51779230210603,25.569989106753813,11.993827160493828,4.25793216630197,8.328068264342775,6.176824212271973
2016-06-16,38.523809523809526,25.56733914940022,11.984005816066885,4.257119386637459,8.32842602689931,6.176824212271973
2016-06-17,38.51561365286856,25.56236383442266,11.986201888162674,4.26012035010941,8.329157588961511,6.189776490066225
2016-06-18,38.50961189698948,25.55848748639826,11.987305041712007,4.262021857923497,8.329887558940879,6.199380165289257
2016-06-19,38.51670297748729,25.556917211328976,11.977487291212782,4.263402625820569,8.329157588961511,6.199380165289257
2016-06-20,38.50852375770766,25.55087051142546,11.978599927457381,4.266393442622951,8.332063837504535,6.210602310231023
2016-06-21,38.51343500363109,25.54711328976035,11.969862018881628,4.266684901531729,8.333514887436456,6.210602310231023
2016-06-22,38.50743561842583,25.542165397170837,11.970982952484585,4.268579234972678,8.334240116068191,6.218492586490939
2016-06-23,38.51343500363109,25.54057734204793,11.961147421931736,4.268873085339169,8.333514887436456,6.218492586490939
2016-06-24,38.50852375770766,25.5367247007617,11.961189698948132,4.270765027322405,8.334240116068191,6.2280016447368425
2016-06-25,38.50743561842583,25.53019586507073,11.953572723975336,4.2724043715847,8.335872324990932,6.23747947454844
2016-06-26,38.51452432824982,25.529684095860567,11.943718228031955,4.272702407002188,8.335148874364561,6.23747947454844
2016-06-27,38.50525933986217,25.522578890097932,11.944867609720712,4.276775956284153,8.338048603554588,6.250204918032787
2016-06-28,38.50525933986217,25.51713819368879,11.93507435618426,4.277868852459016,8.340224882118244,6.256342062193126
2016-06-29,38.50525933986217,25.51713819368879,11.93507435618426,4.277868852459016,8.340224882118244,6.256342062193126
2016-06-30,38.51343500363109,25.51334422657952,11.926289034132171,4.277078774617068,8.340595497458242,6.256342062193126
2016-07-01,38.51343500363109,25.51334422657952,11.926289034132171,4.277078774617068,8.340595497458242,6.256342062193126
2016-07-02,38.50743561842583,25.510609357997822,11.926369241929635,4.27896174863388,8.3424011606819,6.264093137254902
2016-07-03,38.51452432824982,25.510076252723312,11.916485112563544,4.278172866520788,8.342774146695715,6.264093137254902
2016-07-04,38.51016702977488,25.503540305010894,11.906681190994917,4.281455142231947,8.346042120551925,6.27752854812398
2016-07-05,38.51016702977488,25.503540305010894,11.906681190994917,4.281455142231947,8.346042120551925,6.27752854812398
2016-07-06,38.506347479144,25.498639825897715,11.907870874138558,4.283333333333333,8.34784185709104,6.281962540716612
2016-07-07,38.50852375770766,25.492110990206747,11.90025389916576,4.284426229508196,8.348929996372869,6.291260162601626
2016-07-08,38.5036231884058,25.489402173913042,11.90144927536232,4.286299126637554,8.34963768115942,6.298904220779221
2016-07-09,38.49981903727832,25.486699239956568,11.90264205573652,4.287077426390404,8.350343829171191,6.304902755267423
2016-07-10,38.505797101449275,25.487228260869564,11.892753623188407,4.286299126637554,8.34963768115942,6.304902755267423
2016-07-11,38.50144927536232,25.47907608695652,11.884057971014494,4.290120087336245,8.353985507246378,6.314927184466019
2016-07-12,38.50144927536232,25.47907608695652,11.884057971014494,4.290120087336245,8.353985507246378,6.314927184466019
2016-07-13,38.49873326094825,25.47638436482085,11.884183858125226,4.291984732824427,8.354686934491495,6.31764943457189
2016-07-14,38.5009048136084,25.46986970684039,11.875497647484618,4.29525627044711,8.35577271082157,6.321975806451613
2016-07-15,38.49493853940709,25.46610629067245,11.877801879971077,4.297113289760349,8.355386840202458,6.331119162640902
2016-07-16,38.491152040447815,25.464517876489708,11.87793427230047,4.297878128400435,8.356085229324666,6.33701768488746
2016-07-17,38.49819233550253,25.462852494577007,11.870209689081706,4.298202614379085,8.355386840202458,6.33701768488746
2016-07-18,38.49819233550253,25.462852494577007,11.870209689081706,4.298202614379085,8.355386840202458,6.33701768488746
2016-07-19,38.49548083875633,25.45309110629067,11.862617498192336,4.302015250544662,8.360809833694866,6.344502407704655
2016-07-20,38.491693752257135,25.449349945828818,11.862766341639581,4.304951033732317,8.36150234741784,6.348758012820513
2016-07-21,38.49440231130372,25.44122426868906,11.855182376309138,4.308215451577802,8.363127482845792,6.3538
2016-07-22,38.49062049062049,25.4396645021645,11.856421356421357,4.308967391304348,8.362734487734489,6.361222044728435
2016-07-23,38.48684684684685,25.43702702702703,11.856576576576577,4.30971769815418,8.364504504504504,6.367025518341308
2016-07-24,38.494949494949495,25.433170995670995,11.8488455988456,4.310054347826087,8.36381673881674,6.367025518341308
2016-07-25,38.494949494949495,25.433170995670995,11.8488455988456,4.310054347826087,8.36381673881674,6.367025518341308
2016-07-26,38.49522005772006,25.424242424242426,11.841810966810968,4.311413043478261,8.367334054834055,6.373606687898089
2016-07-27,38.49522005772006,25.424242424242426,11.841810966810968,4.311413043478261,8.367334054834055,6.373606687898089
2016-07-28,38.50225713253882,25.4192849404117,11.834055615745758,4.311751904243743,8.367732033224991,6.373606687898089
2016-07-29,38.50225713253882,25.4192849404117,11.834055615745758,4.311751904243743,8.367732033224991,6.373606687898089
2016-07-30,38.49846681096681,25.416666666666668,11.833152958152958,4.3125,8.368416305916305,6.382551669316375
2016-07-31,38.50496569158541,25.41332611050921,11.824665944384254,4.312840043525571,8.368815456843626,6.382551669316375
2016-08-01,38.50496569158541,25.41332611050921,11.824665944384254,4.312840043525571,8.368815456843626,6.382551669316375
2016-08-02,38.50225713253882,25.403575297941494,11.817081979053809,4.315560391730141,8.374232574936801,6.393055555555556
2016-08-03,38.49846681096681,25.400974025974026,11.817279942279942,4.317391304347826,8.374909812409813,6.397187004754358
2016-08-04,38.49954906204906,25.392316017316016,11.811868686868687,4.318478260869565,8.375992063492063,6.406052215189874
2016-08-05,38.50442397977609,25.387323943661972,11.805164319248826,4.318824809575625,8.37856626941134,6.406052215189874
2016-08-06,38.49954906204906,25.38365800865801,11.80537518037518,4.320652173913044,8.380321067821068,6.413309636650869
2016-08-07,38.507674250632,25.37973997833153,11.79758035391838,4.323177366702938,8.381816540267245,6.413309636650869
2016-08-08,38.507674250632,25.37973997833153,11.79758035391838,4.323177366702938,8.381816540267245,6.413309636650869
2016-08-09,38.50009018759019,25.375,11.797258297258297,4.32554347826087,8.385191197691197,6.423698738170347
2016-08-10,38.49738738738739,25.37027027027027,11.798558558558558,4.326275787187839,8.386936936936937,6.427755905511811
2016-08-11,38.5044191919192,25.367424242424242,11.792929292929292,4.326630434782609,8.388437950937952,6.427755905511811
2016-08-12,38.50063063063063,25.363783783783784,11.794234234234233,4.328447339847991,8.389099099099099,6.434944968553459
2016-08-13,38.495770338372935,25.360151187904968,11.79445644348452,4.330260303687636,8.390838732901369,6.4421114599686025
2016-08-14,38.50387387387388,25.357297297297297,11.788828828828828,4.33170466883822,8.392342342342342,6.4421114599686025
2016-08-15,38.5109126984127,25.352272727272727,11.783189033189032,4.333152173913043,8.394931457431458,6.4421114599686025
2016-08-16,38.502792792792796,25.34702702702703,11.782342342342341,4.336047774158524,8.398288288288288,6.453173981191223
2016-08-17,38.500089992800575,25.34233261339093,11.783657307415407,4.337852494577007,8.398938084953205,6.457159624413146
2016-08-18,38.50711711711712,25.33945945945946,11.778018018018017,4.339305103148751,8.400450450450451,6.457159624413146
2016-08-19,38.50711711711712,25.33945945945946,11.778018018018017,4.339305103148751,8.400450450450451,6.457159624413146
2016-08-20,38.5022498200144,25.33693304535637,11.77933765298776,4.34002169197397,8.401097912167026,6.4626953125
2016-08-21,38.510360360360366,25.335135135135136,11.773693693693692,4.340390879478828,8.401531531531532,6.4626953125
2016-08-22,38.510360360360366,25.335135135135136,11.773693693693692,4.340390879478828,8.401531531531532,6.4626953125
2016-08-23,38.50711711711712,25.325405405405405,11.768828828828829,4.3431053203040175,8.406396396396397,6.474453978159127
2016-08-24,38.50305975521959,25.322354211663068,11.768808495320373,4.3457158351409975,8.40703743700504,6.479945482866044
2016-08-25,38.510090090090095,25.31945945945946,11.764234234234234,4.346091205211726,8.408558558558559,6.479945482866044
2016-08-26,38.5041396688265,25.315874730021598,11.764488840892728,4.346800433839479,8.409197264218863,6.490085536547434
2016-08-27,38.499280834232295,25.312297734627833,11.764742898238044,4.34750812567714,8.410913340524992,6.49708850931677
2016-08-28,38.50737940964723,25.309125269978402,11.759359251259898,4.348156182212581,8.411627069834413,6.49708850931677
2016-08-29,38.50737940964723,25.309125269978402,11.759359251259898,4.348156182212581,8.411627069834413,6.49708850931677
2016-08-30,38.49874145990651,25.304476806903992,11.759079467817331,4.351029252437703,8.413879899316793,6.509496124031008
2016-08-31,38.492816091954026,25.30091594827586,11.75933908045977,4.352813852813853,8.414511494252874,6.517995356037152
2016-09-01,38.49389367816092,25.29552801724138,11.753951149425287,4.354978354978355,8.416666666666668,6.5295595054095825
2016-09-02,38.49982020855808,25.291531823085222,11.748291981301689,4.355362946912242,8.419273642574614,6.5295595054095825
2016-09-03,38.49497126436782,25.2890625,11.747485632183908,4.357142857142857,8.419899425287356,6.538001543209877
2016-09-04,38.503056454512766,25.287216828478964,11.74289823804387,4.358613217768148,8.420352391226178,6.538001543209877
2016-09-05,38.49443247126437,25.283135775862068,11.742636494252872,4.360930735930736,8.421515804597702,6.551040061633282
2016-09-06,38.49982020855808,25.276429341963322,11.739122617763394,4.361863488624052,8.42358863718087,6.551040061633282
2016-09-07,38.49389367816092,25.27289870689655,11.739403735632184,4.3647186147186146,8.423132183908047,6.559423076923077
2016-09-08,38.503056454512766,25.269956850053937,11.733728874505573,4.366197183098592,8.42358863718087,6.559423076923077
2016-09-09,38.503056454512766,25.269956850053937,11.733728874505573,4.366197183098592,8.42358863718087,6.559423076923077
2016-09-10,38.49712643678161,25.267510775862068,11.732938218390803,4.367965367965368,8.424209770114944,6.5693164362519205
2016-09-11,38.50413520316433,25.264563106796118,11.728335131247752,4.369447453954496,8.424667385832434,6.5693164362519205
2016-09-12,38.5089992800576,25.258369330453565,11.724802015838732,4.369848156182212,8.42728581713463,6.5693164362519205
2016-09-13,38.50035958288386,25.254314994606258,11.724020136641496,4.372697724810401,8.428982380438692,6.582246932515337
2016-09-14,38.49335488505747,25.251885775862068,11.723239942528735,4.374458874458875,8.428520114942529,6.592075038284839
2016-09-15,38.49443247126437,25.24542025862069,11.718929597701148,4.377705627705628,8.428520114942529,6.601873088685015
2016-09-16,38.49443247126437,25.24542025862069,11.718929597701148,4.377705627705628,8.428520114942529,6.601873088685015
2016-09-17,38.487441693577324,25.244079655543594,11.71815572299964,4.378378378378378,8.42913527090061,6.613167938931298
2016-09-18,38.49335488505747,25.241109913793103,11.714619252873563,4.37987012987013,8.429597701149426,6.613167938931298
2016-09-19,38.484212414782924,25.23762109795479,11.713850017940437,4.382702702702702,8.431288123430212,6.625952743902439
2016-09-20,38.48904454022989,25.232489224137932,11.708153735632184,4.383116883116883,8.432830459770114,6.625952743902439
2016-09-21,38.48313598851812,25.230086114101184,11.707391460351632,4.3848648648648645,8.432364549695013,6.635654490106545
2016-09-22,38.48367420165052,25.22362755651238,11.70308575529243,4.388108108108108,8.431288123430212,6.6445668693009114
2016-09-23,38.47724014336918,25.22016129032258,11.703942652329749,4.389308855291577,8.431899641577061,6.656487101669196
2016-09-24,38.4702828499821,25.21777658431794,11.703186537773004,4.391046386192017,8.432509846043681,6.667613636363637
2016-09-25,38.476164874551976,25.21478494623656,11.698566308243727,4.392278617710583,8.432437275985663,6.667613636363637
2016-09-26,38.476164874551976,25.21478494623656,11.698566308243727,4.392278617710583,8.432437275985663,6.667613636363637
2016-09-27,38.467060508413894,25.210257787325457,11.69674185463659,4.395091693635383,8.435195130683853,6.680975794251134
2016-09-28,38.461194563662374,25.20788626609442,11.694921316165951,4.396821120689655,8.435801144492132,6.692031722054381
2016-09-29,38.467060508413894,25.202738990332975,11.690297171500179,4.398327939590075,8.436269244539922,6.692031722054381
2016-09-30,38.467060508413894,25.202738990332975,11.690297171500179,4.398327939590075,8.436269244539922,6.692031722054381
2016-10-01,38.460121602288986,25.200375536480685,11.689556509298997,4.401131465517241,8.437947067238913,6.700037707390648
2016-10-02,38.46276405298962,25.19951664876477,11.687074829931973,4.402642934196332,8.438417472252059,6.700037707390648
2016-10-03,38.46756272401434,25.196505376344085,11.681362007168458,4.404157667386609,8.43888888888889,6.700037707390648
2016-10-04,38.471295299605316,25.191334768568353,11.677789738069608,4.4051351351351355,8.44097595981342,6.700037707390648
2016-10-05,38.463799283154124,25.18736559139785,11.677329749103942,4.407397408207343,8.443458781362008,6.711031626506024
2016-10-06,38.46272401433692,25.17983870967742,11.673028673835125,4.410637149028077,8.444534050179211,6.721992481203007
2016-10-07,38.46272401433692,25.17983870967742,11.673028673835125,4.410637149028077,8.444534050179211,6.721992481203007
2016-10-08,38.45578231292517,25.17749731471536,11.673379878267095,4.41235167206041,8.446204797708557,6.7299174174174174
2016-10-09,38.45949820788531,25.17768817204301,11.668727598566308,4.413876889848812,8.445609318996416,6.7299174174174174
2016-10-10,38.453584229390685,25.169086021505375,11.663351254480286,4.417656587473002,8.450985663082438,6.742316341829086
2016-10-11,38.453584229390685,25.169086021505375,11.663351254480286,4.417656587473002,8.450985663082438,6.742316341829086
2016-10-12,38.448800572860726,25.165682062298604,11.662638739706408,4.419363538295577,8.45264948084497,6.750187125748503
2016-10-13,38.448800572860726,25.158163265306122,11.659416398138202,4.4236785329018335,8.454797708557107,6.759529147982063
2016-10-14,38.44402718168813,25.15477467811159,11.65978183118741,4.424299568965517,8.4564556509299,6.76884328358209
2016-10-15,38.43712040014291,25.15353697749196,11.659074669524829,4.425995694294941,8.45703822793855,6.778129657228018
2016-10-16,38.440808297567955,25.152628755364805,11.654417024320457,4.427532327586207,8.4564556509299,6.778129657228018
2016-10-17,38.440808297567955,25.152628755364805,11.654417024320457,4.427532327586207,8.4564556509299,6.778129657228018
2016-10-18,38.43122543765631,25.14871382636656,11.654787424080029,4.429763186221744,8.46078956770275,6.788132440476191
2016-10-19,38.42648108493933,25.1453426124197,11.654086366880799,4.431451612903226,8.46136688079943,6.795876671619614
2016-10-20,38.424339757316204,25.136777301927197,11.651945039257672,4.434946236559139,8.463508208422555,6.805452522255193
2016-10-21,38.424339757316204,25.136777301927197,11.651945039257672,4.434946236559139,8.463508208422555,6.805452522255193
2016-10-22,38.42326909350464,25.129282655246254,11.647127052105638,4.436559139784946,8.466720199857246,6.814629629629629
2016-10-23,38.42693819221151,25.126205787781352,11.644605216148625,4.4381054897739505,8.467220435869955,6.814629629629629
2016-10-24,38.42693819221151,25.126205787781352,11.644605216148625,4.4381054897739505,8.467220435869955,6.814629629629629
2016-10-25,38.42318685244731,25.117095391211148,11.63871025366202,4.440258342303552,8.473115398356557,6.825258875739645
2016-10-26,38.419521770164174,25.113758029978587,11.63802640970735,4.441935483870968,8.473679514632405,6.832902511078286
2016-10-27,38.42425866380851,25.108520900321544,11.63442300821722,4.443487621097955,8.475259021078957,6.832902511078286
2016-10-28,38.418451106352606,25.106263383297645,11.634814418272661,4.444086021505377,8.476891506067096,6.840523598820059
2016-10-29,38.41372549019608,25.104010695187167,11.634135472370765,4.4446831364124595,8.478520499108734,6.848122238586156
2016-10-30,38.417380442541045,25.10091006423983,11.631602426837972,4.447311827956989,8.480103497501785,6.848122238586156
2016-10-31,38.417380442541045,25.10091006423983,11.631602426837972,4.447311827956989,8.480103497501785,6.848122238586156
2016-11-01,38.4199714183637,25.09565916398714,11.626920328688817,4.448869752421959,8.48276170060736,6.848122238586156
2016-11-02,38.413365453247685,25.092612419700213,11.626249107780156,4.451344086021505,8.48518915060671,6.8556985294117645
2016-11-03,38.41122412562456,25.08404710920771,11.622501784439685,4.45510752688172,8.488401142041399,6.863986784140969
2016-11-04,38.41122412562456,25.08404710920771,11.622501784439685,4.45510752688172,8.488401142041399,6.863986784140969
2016-11-05,38.40650623885918,25.080748663101605,11.621836007130124,4.455692803437164,8.490017825311943,6.8715175953079175
2016-11-06,38.410153461812996,25.07762312633833,11.619289793004995,4.457258064516129,8.490542469664526,6.8715175953079175
2016-11-07,38.410153461812996,25.07762312633833,11.619289793004995,4.457258064516129,8.490542469664526,6.8715175953079175
2016-11-08,38.401693404634585,25.07433155080214,11.61862745098039,4.459989258861439,8.492691622103386,6.881222547584187
2016-11-09,38.39699074074074,25.072115384615383,11.617966524216524,4.461641630901288,8.494301994301996,6.887244152046784
2016-11-10,38.39699074074074,25.072115384615383,11.617966524216524,4.461641630901288,8.494301994301996,6.887244152046784
2016-11-11,38.39229811454999,25.068836712913555,11.619441479900392,4.462218649517685,8.495908929206688,6.89470802919708
2016-11-12,38.38761549395878,25.066631130063964,11.618781094527362,4.46279443254818,8.497512437810945,6.902150145772595
2016-11-13,38.39123087869086,25.064567769477055,11.616239772323016,4.464362272240086,8.498043400924939,6.902150145772595
2016-11-14,38.38589469939524,25.056563500533617,11.610369975097829,4.469185423365488,8.503913198150125,6.913209606986899
2016-11-15,38.38589469939524,25.056563500533617,11.610369975097829,4.469185423365488,8.503913198150125,6.913209606986899
2016-11-16,38.38175195451315,25.054371002132196,11.609719260838663,4.471627408993576,8.50497512437811,6.918059593023256
2016-11-17,38.385361081465675,25.05016008537887,11.605033795802205,4.473204715969989,8.506581287797937,6.918059593023256
2016-11-18,38.37855366027008,25.047974413646056,11.606520966595593,4.474839400428266,8.507107320540158,6.925435413642961
2016-11-19,38.37282570110047,25.0468583599574,11.606940007099752,4.475401069518717,8.507632232871849,6.934239130434783
2016-11-20,38.37535536602701,25.045842217484008,11.602256574271498,4.478051391862955,8.509239516702204,6.934239130434783
2016-11-21,38.37535536602701,25.045842217484008,11.602256574271498,4.478051391862955,8.509239516702204,6.934239130434783
2016-11-22,38.37055792466241,25.036247334754798,11.597459132906893,4.4796573875803,8.514036958066809,6.945911722141823
2016-11-23,38.368033368832094,25.034078807241748,11.595757898473552,4.480213903743316,8.515619453319134,6.95032514450867
2016-11-24,38.371624022743426,25.029850746268657,11.591062544420753,4.481798715203426,8.517235252309879,6.95032514450867
2016-11-25,38.3690983315584,25.02555910543131,11.59043308484203,4.482352941176471,8.518814341498048,6.959054834054834
2016-11-26,38.36551418439716,25.02340425531915,11.589804964539006,4.482905982905983,8.519326241134753,6.966318443804035
2016-11-27,38.3690983315584,25.02129925452609,11.586173233936812,4.484491978609626,8.520944266950657,6.966318443804035
2016-11-28,38.365370962016335,25.01384451544196,11.580848420305289,4.48716577540107,8.525736599219028,6.975719424460432
2016-11-29,38.365370962016335,25.01384451544196,11.580848420305289,4.48716577540107,8.525736599219028,6.975719424460432
2016-11-30,38.363918439716315,25.01063829787234,11.579166666666666,4.4877136752136755,8.526241134751773,6.981501436781609
2016-12-01,38.36750088746894,25.00638977635783,11.575523606673766,4.489304812834225,8.527866524671637,6.981501436781609
2016-12-02,38.36750088746894,25.00638977635783,11.575523606673766,4.489304812834225,8.527866524671637,6.981501436781609
2016-12-03,38.366046099290784,25.0031914893617,11.57491134751773,4.489850427350428,8.529432624113475,6.988701578192252
2016-12-04,38.3690983315584,25.0,11.570465033723819,4.490909090909091,8.531061412850551,6.988701578192252
2016-12-05,38.371624022743426,24.995735607675908,11.566808813077468,4.492505353319058,8.532693674484719,6.988701578192252
2016-12-06,38.36735963041934,24.98773987206823,11.560945273631841,4.494646680942184,8.537491115849326,6.998746418338109
2016-12-07,38.36483848065318,24.984558040468585,11.560347887823925,4.4962566844919785,8.539048633297835,7.003040057224607
2016-12-08,38.36590344337949,24.977103301384453,11.556088036918707,4.498395721925133,8.541178558750444,7.011607142857143
2016-12-09,38.3633865248227,24.973936170212767,11.554432624113474,4.4989316239316235,8.5427304964539,7.018723252496434
2016-12-10,38.36087495572087,24.97077577045696,11.552780729720155,4.4994663820704375,8.544279135671273,7.027243589743589
2016-12-11,38.3633865248227,24.968617021276597,11.549113475177304,4.5010683760683765,8.544858156028369,7.027243589743589
2016-12-12,38.36590344337949,24.964323748668797,11.545438409655661,4.502673796791444,8.546503372381967,7.027243589743589
2016-12-13,38.35913120567376,24.96063829787234,11.545390070921986,4.503739316239316,8.550177304964539,7.035739687055477
2016-12-14,38.35768685795254,24.956429330499468,11.543747786043216,4.505336179295624,8.550655331207935,7.041370738636363
2016-12-15,38.36125886524823,24.953191489361704,11.541134751773049,4.506944444444445,8.552304964539008,7.041370738636363
2016-12-16,38.35874955720865,24.948990435706694,11.539496989018774,4.508537886872999,8.552780729720157,7.049822695035461
2016-12-17,38.35624557678698,24.945859872611464,11.538924274593064,4.509061833688699,8.554317055909413,7.056834277620396
2016-12-18,38.35662415869643,24.943676939426144,11.537371590506552,4.510672358591249,8.554906128232377,7.056834277620396
2016-12-19,38.35662415869643,24.943676939426144,11.537371590506552,4.510672358591249,8.554906128232377,7.056834277620396
2016-12-20,38.35396741055615,24.935972369819343,11.53312079348211,4.514140875133404,8.558359900814736,7.063826025459689
2016-12-21,38.35396741055615,24.935972369819343,11.53312079348211,4.514140875133404,8.558359900814736,7.063826025459689
2016-12-22,38.3534360609281,24.93065887353879,11.528869996457669,4.518943436499466,8.559953949698903,7.0686793785310735
2016-12-23,38.34616065109696,24.92595541401274,11.527246992215144,4.520522388059701,8.563075017692853,7.080571227080395
2016-12-24,38.3436726758572,24.921792152704136,11.525627430187345,4.52209797657082,8.564598798161896,7.088908450704225
2016-12-25,38.34403750884643,24.920647558386413,11.524062278839349,4.524786780383796,8.564136588818117,7.088908450704225
2016-12-26,38.34403750884643,24.920647558386413,11.524062278839349,4.524786780383796,8.564136588818117,7.088908450704225
2016-12-27,38.346528515763374,24.916312433581297,11.519305703152673,4.5264140875133405,8.56579879560751,7.088908450704225
2016-12-28,38.34616065109696,24.911093418259025,11.517692852087755,4.526918976545843,8.566259731068648,7.095815752461322
2016-12-29,38.349716613531704,24.907810839532413,11.515054906128231,4.528548559231591,8.567924194119731,7.095815752461322
2016-12-30,38.349716613531704,24.907810839532413,11.515054906128231,4.528548559231591,8.567924194119731,7.095815752461322
2016-12-31,38.349716613531704,24.907810839532413,11.515054906128231,4.528548559231591,8.567924194119731,7.095815752461322
2017-01-01,38.351152482269505,24.906117021276597,11.511081560283687,4.52991452991453,8.568794326241136,7.095815752461322
2017-01-02,38.351526446574375,24.904952076677315,11.507365992190273,4.531550802139037,8.57046503372382,7.095815752461322
2017-01-03,38.344769503546104,24.900797872340426,11.505762411347517,4.5331196581196584,8.573581560283689,7.106917134831461
2017-01-04,38.343340417995044,24.89665249734325,11.504162238753098,4.534685165421558,8.574034714842366,7.113779803646564
2017-01-05,38.34493446687921,24.889213602550477,11.498317392844491,4.537886872998933,8.575628763726533,7.123424369747899
2017-01-06,38.34493446687921,24.889213602550477,11.498317392844491,4.537886872998933,8.575628763726533,7.123424369747899
2017-01-07,38.34456829440906,24.886146496815286,11.496726822363764,4.538379530916845,8.576079263977354,7.130244755244755
2017-01-08,38.34493446687921,24.884962805526037,11.49406659582005,4.540021344717182,8.576691462982643,7.130244755244755
2017-01-09,38.33962097059866,24.877523910733263,11.488753099539496,4.5442902881536815,8.580942260007085,7.1412360335195535
2017-01-10,38.33962097059866,24.877523910733263,11.488753099539496,4.5442902881536815,8.580942260007085,7.1412360335195535
2017-01-11,38.33819886765747,24.872346072186836,11.487172682236375,4.545842217484009,8.581387119603681,7.148012552301255
2017-01-12,38.34174636911088,24.86902231668438,11.484502302515054,4.547491995731057,8.583067658519306,7.148012552301255
2017-01-13,38.33926043878274,24.86491507430998,11.482926397735314,4.549040511727079,8.583510261854212,7.156162952646239
2017-01-14,38.33784022622835,24.860816542948037,11.481353835277483,4.550585729499468,8.585012371862849,7.162899860917942
2017-01-15,38.33926043878274,24.859607218683653,11.477618542108987,4.552238805970149,8.585633404104742,7.162899860917942
2017-01-16,38.33926043878274,24.859607218683653,11.477618542108987,4.552238805970149,8.585633404104742,7.162899860917942
2017-01-17,38.336606510969574,24.850053078556265,11.471779900920028,4.5570362473347545,8.589879688605803,7.171701388888889
2017-01-18,38.336249558147756,24.84597030752916,11.469158713326262,4.558572949946752,8.590314598798162,7.177011095700416
2017-01-19,38.3387296532201,24.842622080679405,11.4664720452937,4.560234541577826,8.592002830856334,7.177011095700416
2017-01-20,38.3387296532201,24.842622080679405,11.4664720452937,4.560234541577826,8.592002830856334,7.177011095700416
2017-01-21,38.336249558147756,24.838547189819725,11.46385648639095,4.561767838125665,8.594556380346413,7.183691135734072
2017-01-22,38.3387296532201,24.837314225053078,11.460102618542109,4.563432835820896,8.594125973106864,7.183691135734072
2017-01-23,38.33253799929304,24.83324496288441,11.456963591375043,4.566560170394037,8.596677271120537,7.19381051175657
2017-01-24,38.33395258315641,24.82776008492569,11.455325548478415,4.568230277185501,8.598372257607927,7.19381051175657
2017-01-25,38.33253799929304,24.82370095440085,11.453782255213856,4.56975505857295,8.598798161894663,7.200448895027624
2017-01-26,38.3335984446801,24.819459172852596,11.448480028278542,4.572949946751864,8.600388829975257,7.206379310344827
2017-01-27,38.33059675141243,24.818061440677965,11.445356638418078,4.574468085106383,8.600812146892656,7.213670798898072
2017-01-28,38.32918871252205,24.816137566137566,11.443827160493827,4.575982996811902,8.602292768959435,7.218878954607978
2017-01-29,38.33218573446328,24.812764830508474,11.439530367231638,4.577393617021277,8.602930790960452,7.218878954607978
2017-01-30,38.32741878531073,24.811705508474578,11.4326447740113,4.580053191489362,8.605579096045197,7.226820054945055
2017-01-31,38.32741878531073,24.811705508474578,11.4326447740113,4.580053191489362,8.605579096045197,7.226820054945055
2017-02-01,38.32389770723104,24.812962962962963,11.429012345679011,4.581562167906482,8.60599647266314,7.231995884773663
2017-02-02,38.32283950617284,24.812962962962963,11.421604938271605,4.583687566418703,8.607054673721342,7.238527397260274
2017-02-03,38.32283950617284,24.812962962962963,11.421604938271605,4.583687566418703,8.607054673721342,7.238527397260274
2017-02-04,38.31966490299824,24.812962962962963,11.414197530864197,4.585812964930924,8.608112874779541,7.243673050615595
2017-02-05,38.322122175141246,24.811705508474578,11.411458333333332,4.586436170212766,8.607697740112995,7.243673050615595
2017-02-06,38.313315696649035,24.81825396825397,11.406790123456789,4.587938363443145,8.609171075837743,7.250170765027322
2017-02-07,38.315766242937855,24.813824152542374,11.404043079096045,4.589627659574468,8.61087570621469,7.250170765027322
2017-02-08,38.31119929453263,24.82037037037037,11.400440917107582,4.590063761955367,8.610229276895945,7.253922237380627
2017-02-09,38.30855379188713,24.823544973544973,11.39620811287478,4.592720510095643,8.610229276895945,7.259025885558583
2017-02-10,38.30855379188713,24.823544973544973,11.39620811287478,4.592720510095643,8.610229276895945,7.259025885558583
2017-02-11,38.30537918871252,24.826719576719576,11.388800705467371,4.594845908607864,8.612345679012346,7.262755102040816
2017-02-12,38.308880649717516,24.824417372881356,11.386034604519773,4.596542553191489,8.614053672316384,7.262755102040816
2017-02-13,38.30008818342152,24.830952380952382,11.381393298059963,4.596971307120085,8.61552028218695,7.269191576086956
2017-02-14,38.30008818342152,24.830952380952382,11.381393298059963,4.596971307120085,8.61552028218695,7.269191576086956
2017-02-15,38.29554263565892,24.837473572938688,11.376761804087385,4.5973991507431,8.614869626497534,7.271540027137042
2017-02-16,38.297971781305115,24.836243386243385,11.375044091710757,4.598034006376196,8.616578483245151,7.271540027137042
2017-02-17,38.295855379188716,24.84259259259259,11.372927689594356,4.599096705632306,8.61552028218695,7.275237127371274
2017-02-18,38.28920014094433,24.851215644820297,11.368305144467934,4.600583864118896,8.614869626497534,7.277571041948579
2017-02-19,38.29268077601411,24.847883597883598,11.36657848324515,4.601222104144527,8.616578483245151,7.277571041948579
2017-02-20,38.29268077601411,24.847883597883598,11.36657848324515,4.601222104144527,8.616578483245151,7.277571041948579
2017-02-21,38.28897707231041,24.8510582010582,11.358641975308641,4.6038788522848035,8.620282186948854,7.282601351351351
2017-02-22,38.28391472868217,24.857293868921776,11.354563072586327,4.605891719745223,8.619626497533474,7.2839068825910935
2017-02-23,38.27968639887245,24.863636363636363,11.350334742776603,4.608014861995754,8.619626497533474,7.288915094339623
2017-02-24,38.2820987654321,24.86137566137566,11.348589065255732,4.6086609989373,8.621340388007056,7.288915094339623
2017-02-25,38.27545806906272,24.86892177589852,11.343992248062015,4.61119957537155,8.620683579985906,7.29121803499327
2017-02-26,38.27918871252205,24.867195767195767,11.342239858906526,4.611583421891605,8.622398589065256,7.29121803499327
2017-02-27,38.27918871252205,24.867195767195767,11.342239858906526,4.611583421891605,8.622398589065256,7.29121803499327
2017-02-28,38.270965468639886,24.87473572938689,11.337121212121211,4.61411889596603,8.621740662438338,7.296202956989247
2017-03-01,38.26539950721577,24.881203801478353,11.333597324885604,4.6166489925768825,8.62002815909891,7.298489932885906
2017-03-02,38.26990838618746,24.87896405919662,11.331835799859055,4.617303609341826,8.621740662438338,7.298489932885906
2017-03-03,38.27336860670194,24.877777777777776,11.328659611992945,4.617605384342897,8.624514991181659,7.298489932885906
2017-03-04,38.26779422128259,24.885306553911207,11.324083861874561,4.619072894550601,8.6238548273432,7.3021112600536195
2017-03-05,38.271252204585544,24.886243386243386,11.32336860670194,4.618668083599007,8.625573192239859,7.3021112600536195
2017-03-06,38.271252204585544,24.886243386243386,11.32336860670194,4.618668083599007,8.625573192239859,7.3021112600536195
2017-03-07,38.26649029982364,24.88888888888889,11.315432098765433,4.623450230251505,8.628218694885362,7.307061579651941
2017-03-08,38.260923185341795,24.896405919661735,11.3119274136716,4.62491153573956,8.626497533474279,7.307987967914438
2017-03-09,38.2577519379845,24.90169133192389,11.306642001409443,4.6259731068648255,8.627554615926709,7.312917222963952
2017-03-10,38.253255895811336,24.909186906019006,11.302094332981346,4.626369741958288,8.626891939457938,7.315166666666666
2017-03-11,38.250087997184096,24.915522703273496,11.295758535726858,4.628490632732413,8.62794790566702,7.316078561917443
2017-03-12,38.25246652572234,24.915433403805498,11.2950140944327,4.629157820240622,8.62861169837914,7.316078561917443
2017-03-13,38.24929527836505,24.91860465116279,11.287085976039466,4.632342533616418,8.63125440451022,7.3216422872340425
2017-03-14,38.24929527836505,24.91860465116279,11.287085976039466,4.632342533616418,8.63125440451022,7.3216422872340425
2017-03-15,38.2437521999296,24.92608236536431,11.282558958113341,4.633792859667726,8.629531854980641,7.323871181938911
2017-03-16,38.24823819591262,24.923890063424945,11.280743481324878,4.633404104741683,8.63125440451022,7.323871181938911
2017-03-17,38.24823819591262,24.923890063424945,11.280743481324878,4.633404104741683,8.63125440451022,7.323871181938911
2017-03-18,38.24269623372052,24.931362196409715,11.277279127067935,4.633792859667726,8.630587821189723,7.326094164456234
2017-03-19,38.24577167019027,24.92952783650458,11.274048625792812,4.63375796178344,8.633016208597603,7.326094164456234
2017-03-20,38.23812038014783,24.93699401619148,11.269007391763463,4.635737009544009,8.632875747976064,7.331622516556291
2017-03-21,38.23812038014783,24.93699401619148,11.269007391763463,4.635737009544009,8.632875747976064,7.331622516556291
2017-03-22,38.23812038014783,24.941217881027807,11.262671594508976,4.637857900318133,8.632875747976064,7.333829365079365
2017-03-23,38.232594936708864,24.948136427566805,11.259229957805907,4.639300847457627,8.631680731364275,7.337351387054161
2017-03-24,38.232594936708864,24.948136427566805,11.259229957805907,4.639300847457627,8.631680731364275,7.337351387054161
2017-03-25,38.231188466947955,24.95341068917018,11.253252461322083,4.639300847457627,8.633790436005626,7.339544854881266
2017-03-26,38.23460049278423,24.948081661386833,11.251407954945442,4.6399787910922585,8.63762759591693,7.339544854881266
2017-03-27,38.228023909985936,24.955520393811533,11.246395921237694,4.641419491525424,8.637482419127988,7.344367588932807
2017-03-28,38.22907876230661,24.958684950773556,11.240594233473981,4.643008474576271,8.640646976090014,7.343914473684211
2017-03-29,38.224622409553916,24.966104671584123,11.23612574639972,4.644444444444445,8.639971900245872,7.343462549277267
2017-03-30,38.228023909985936,24.96395921237693,11.235319971870606,4.6440677966101696,8.642756680731363,7.343462549277267
2017-03-31,38.228023909985936,24.96395921237693,11.235319971870606,4.6440677966101696,8.642756680731363,7.343462549277267
2017-04-01,38.228023909985936,24.96501406469761,11.22793600562588,4.646186440677966,8.644866385372714,7.344324146981627
2017-04-02,38.23336853220697,24.96180922210489,11.22571277719113,4.645281018027571,8.647835269271383,7.344324146981627
2017-04-03,38.23336853220697,24.964449137627593,11.219904963041182,4.645811240721103,8.651003167898628,7.346494102228047
2017-04-04,38.234952481520594,24.963393171418513,11.213041182682154,4.646341463414634,8.654699049630413,7.34734947643979
2017-04-05,38.234952481520594,24.963393171418513,11.213041182682154,4.646341463414634,8.654699049630413,7.34734947643979
2017-04-06,38.234952481520594,24.963393171418513,11.213041182682154,4.646341463414634,8.654699049630413,7.34734947643979
2017-04-07,38.231540084388186,24.97081575246132,11.208597046413502,4.646716101694915,8.654008438818565,7.349509803921569
2017-04-08,38.233649789029535,24.972925457102672,11.201213080168776,4.646716101694915,8.657172995780591,7.351664490861618
2017-04-09,38.240232312566,24.970784934882083,11.199313621964096,4.646341463414634,8.65997888067582,7.351664490861618
2017-04-10,38.23470464135021,24.97767229254571,11.194356540084389,4.648305084745763,8.659810126582279,7.3551173402868315
2017-04-11,38.232349841938884,24.982964524060414,11.189936775553214,4.6497354497354495,8.659114857744994,7.35595703125
2017-04-12,38.232349841938884,24.982964524060414,11.189936775553214,4.6497354497354495,8.659114857744994,7.35595703125
2017-04-13,38.23340358271865,24.985072005619948,11.18572181243414,4.650793650793651,8.660168598524763,7.360695708712614
2017-04-14,38.23340358271865,24.985072005619948,11.18572181243414,4.650793650793651,8.660168598524763,7.360695708712614
2017-04-15,38.23480857042501,24.98577449947313,11.178345626975764,4.652204585537919,8.664734808570426,7.362824675324675
2017-04-16,38.23927566807314,24.98048523206751,11.176424050632912,4.65183615819209,8.668600562587905,7.362824675324675
2017-04-17,38.23927566807314,24.98048523206751,11.176424050632912,4.65183615819209,8.668600562587905,7.362824675324675
2017-04-18,38.23927566807314,24.98048523206751,11.176424050632912,4.65183615819209,8.668600562587905,7.362824675324675
2017-04-19,38.23586231120478,24.986037934668072,11.170969441517387,4.6535273368606695,8.668949771689498,7.364948119325551
2017-04-20,38.239023533544085,24.986037934668072,11.164646996838778,4.654585537918871,8.671057253249035,7.368361398963731
2017-04-21,38.239023533544085,24.986037934668072,11.164646996838778,4.654585537918871,8.671057253249035,7.368361398963731
2017-04-22,38.24007727432385,24.986037934668072,11.1572708113804,4.654585537918871,8.675272216368107,7.370472186287193
2017-04-23,38.246659634317865,24.983913502109704,11.154272151898734,4.654219632768362,8.677039381153305,7.370472186287193
2017-04-24,38.246659634317865,24.983913502109704,11.154272151898734,4.654219632768362,8.677039381153305,7.370472186287193
2017-04-25,38.24771448663854,24.98233122362869,11.147679324894515,4.655543785310734,8.681522503516176,7.371931524547803
2017-04-26,38.245345978222694,24.987618545837723,11.143308746048472,4.656966490299824,8.680804355461891,7.374032258064516
2017-04-27,38.25087904360056,24.983386075949365,11.14240506329114,4.655543785310734,8.68257735583685,7.374032258064516
2017-04-28,38.24956094134176,24.987618545837723,11.139093782929399,4.656966490299824,8.682911837021427,7.374838917525773
2017-04-29,38.25061468212154,24.98551106427819,11.131717597471022,4.658024691358024,8.687126800140499,7.376930501930502
2017-04-30,38.255625879043606,24.98285864978903,11.128428270042194,4.657397598870056,8.689961322081576,7.376930501930502
2017-05-01,38.255625879043606,24.98285864978903,11.128428270042194,4.657397598870056,8.689961322081576,7.376930501930502
2017-05-02,38.255625879043606,24.981803797468356,11.121044303797468,4.659516242937853,8.695235583684951,7.379016709511568
2017-05-03,38.253249034070954,24.9849841938883,11.117755532139094,4.661992945326278,8.694502985598877,7.379813863928113
2017-05-04,38.25535651563049,24.983930453108535,11.111433087460485,4.664109347442681,8.696610467158413,7.381891025641026
2017-05-05,38.259845288326304,24.977584388185655,11.108386075949367,4.663753531073446,8.699454992967652,7.381891025641026
2017-05-06,38.25746399719003,24.98076923076923,11.104056902002107,4.6651675485008814,8.699771689497718,7.383962868117798
2017-05-07,38.26195499296765,24.97863924050633,11.102056962025317,4.665872175141242,8.701564697609003,7.383962868117798
2017-05-08,38.26195499296765,24.97863924050633,11.102056962025317,4.665872175141242,8.701564697609003,7.383962868117798
2017-05-09,38.2585177379698,24.98076923076923,11.097734457323499,4.668342151675485,8.702932911837022,7.387308184143222
2017-05-10,38.256140350877196,24.985,11.093421052631578,4.6708069062720226,8.702192982456141,7.386813537675606
2017-05-11,38.25929824561404,24.98078947368421,11.088157894736842,4.673978153629316,8.703245614035088,7.3901466836734695
2017-05-12,38.25929824561404,24.98078947368421,11.088157894736842,4.673978153629316,8.703245614035088,7.3901466836734695
2017-05-13,38.261403508771934,24.978684210526314,11.081842105263158,4.676092318534178,8.708508771929825,7.390923566878981
2017-05-14,38.26378644186864,24.976554267650158,11.080874604847208,4.677865961199294,8.710309097295399,7.390923566878981
2017-05-15,38.26722925457103,24.971255274261605,11.077795358649789,4.6785840395480225,8.712113220815754,7.390923566878981
2017-05-16,38.264840182648406,24.973393045310853,11.072444678609061,4.682098765432098,8.712416578854935,7.394243002544529
2017-05-17,38.26456140350877,24.974473684210526,11.068157894736842,4.6856060606060606,8.711666666666668,7.393742058449809
2017-05-18,38.26877192982457,24.971315789473685,11.061842105263159,4.689834390415785,8.711666666666668,7.395780456852792
2017-05-19,38.268489309498776,24.973449001051524,11.057570977917981,4.69332981344597,8.711969856291624,7.395278833967047
2017-05-20,38.27164388363127,24.971345951629864,11.050210304942166,4.696497712073214,8.715124430424115,7.396044303797468
2017-05-21,38.2740350877193,24.97026315789474,11.048157894736843,4.697233967582805,8.716929824561404,7.396044303797468
2017-05-22,38.272169645986686,24.971345951629864,11.042849631966352,4.70230552622316,8.718279004556608,7.3968078381795195
2017-05-23,38.275324220119174,24.96608832807571,11.036540483701367,4.7075853572685675,8.72038205397827,7.396306818181818
2017-05-24,38.275324220119174,24.96608832807571,11.036540483701367,4.7075853572685675,8.72038205397827,7.396306818181818
2017-05-25,38.27982456140351,24.96184210526316,11.034473684210527,4.707276250880902,8.722192982456141,7.396306818181818
2017-05-26,38.27847879425167,24.96293375394322,11.031282860147213,4.711809222104892,8.7214335786891,7.397068095838588
2017-05-27,38.28058184367333,24.958727655099896,11.024973711882229,4.716033086941217,8.723536628110761,7.397827455919395
2017-05-28,38.28298245614035,24.957105263157896,11.022368421052631,4.7157329105003525,8.72640350877193,7.397827455919395
2017-05-29,38.280056081317916,24.95820189274448,11.017087276550999,4.721312917986624,8.727742726954084,7.399842767295597
2017-05-30,38.283508771929824,24.952894736842104,11.013947368421052,4.72207540521494,8.73061403508772,7.399842767295597
2017-05-31,38.283210655450404,24.952944269190326,11.009726603575183,4.72659274903203,8.729845776375745,7.399340452261306
2017-06-01,38.28741675429373,24.946635120925343,11.00446898002103,4.731872580077437,8.731948825797406,7.400094102885822
2017-06-02,38.288165266106446,24.946691176470587,11.000262605042018,4.735319971870604,8.732230392156863,7.400845864661654
2017-06-03,38.29131652661065,24.943890056022408,10.992559523809524,4.737781293952179,8.734331232492998,7.401595744680851
2017-06-04,38.29372590255871,24.94172800560813,10.991500175254117,4.738560366068286,8.73615492464073,7.401595744680851
2017-06-05,38.29372590255871,24.94172800560813,10.991500175254117,4.738560366068286,8.73615492464073,7.401595744680851
2017-06-06,38.293417366946784,24.939688375350137,10.987307422969186,4.743055555555555,8.738532913165267,7.40234375
2017-06-07,38.29415879678209,24.938702343476738,10.984172787688003,4.746487530734106,8.737757957327737,7.401841448189763
2017-06-08,38.29625743266877,24.933455753760054,10.978926197971319,4.752809975412714,8.738807275271075,7.403834164588528
2017-06-09,38.29625743266877,24.933455753760054,10.978926197971319,4.752809975412714,8.738807275271075,7.403834164588528
2017-06-10,38.29699510831587,24.933525506638713,10.975803633822501,4.75517543859649,8.73908106219427,7.404576587795765
2017-06-11,38.299405386498776,24.930832458901712,10.974204267226302,4.754917456972251,8.741955229101086,7.404576587795765
2017-06-12,38.30202868135712,24.922962574326686,10.96528506470794,4.760186160871092,8.74720181881777,7.406560945273632
2017-06-13,38.30171208944794,24.921995108315862,10.96217679944095,4.7646491228070165,8.74641858839972,7.406055900621118
2017-06-14,38.30171208944794,24.921995108315862,10.96217679944095,4.7646491228070165,8.74641858839972,7.406055900621118
2017-06-15,38.30485674353599,24.91675401816911,10.95588749126485,4.768859649122806,8.74746680642907,7.406792803970223
2017-06-16,38.30485674353599,24.91675401816911,10.95588749126485,4.768859649122806,8.74746680642907,7.406792803970223
2017-06-17,38.30800139762404,24.91151292802236,10.949598183088748,4.770964912280701,8.750611460517122,7.407527881040892
2017-06-18,38.310423224903815,24.910370759006643,10.947446659671213,4.770723568668774,8.75349772647779,7.407527881040892
2017-06-19,38.310423224903815,24.910370759006643,10.947446659671213,4.770723568668774,8.75349772647779,7.407527881040892
2017-06-20,38.31035988819008,24.909940600978334,10.94304682040531,4.775964912280701,8.754542278127184,7.407951732673268
2017-06-21,38.311082024432814,24.907940663176262,10.939965095986038,4.779355064844023,8.75584642233857,7.407447466007417
2017-06-22,38.31350454227813,24.904699510831584,10.93675751222921,4.7801754385964905,8.757686932215234,7.407447466007417
2017-06-23,38.31422338568936,24.90479930191972,10.93368237347295,4.783561163687346,8.757940663176266,7.406944444444444
2017-06-24,38.31841186736475,24.898516579406632,10.92739965095986,4.786715737819838,8.76108202443281,7.407675709001233
2017-06-25,38.32084206848358,24.897361984626134,10.925227113906358,4.787543859649122,8.762928022361985,7.407675709001233
2017-06-26,38.32084206848358,24.897361984626134,10.925227113906358,4.787543859649122,8.762928022361985,7.407675709001233
2017-06-27,38.32189028651293,24.894217330538083,10.918413696715582,4.791754385964912,8.767120894479385,7.409020935960591
2017-06-28,38.32364746945899,24.89223385689354,10.916404886561955,4.794076410795653,8.7673647469459,7.408517835178352
2017-06-29,38.32888307155323,24.885951134380452,10.91221640488656,4.797230984928145,8.769458987783596,7.4080159705159705
2017-06-30,38.32888307155323,24.885951134380452,10.91221640488656,4.797230984928145,8.769458987783596,7.4080159705159705
2017-07-01,38.332024432809774,24.88176265270506,10.904886561954624,4.801437083771468,8.77260034904014,7.4075153374233125
2017-07-02,38.33499301187981,24.87901816911251,10.901642208245981,4.800964912280701,8.774458420684837,7.4075153374233125
2017-07-03,38.33551712089448,24.875873515024455,10.894828791055206,4.805175438596491,8.779175401816913,7.409466911764706
2017-07-04,38.33691850297307,24.871545995103183,10.8936691150752,4.804970144011239,8.782091640433718,7.409466911764706
2017-07-05,38.33761355695318,24.869584206848355,10.890635918937805,4.808333333333333,8.782320055904963,7.408965728274174
2017-07-06,38.34075821104123,24.864343116701605,10.88487071977638,4.813596491228069,8.783892382948988,7.40968826405868
2017-07-07,38.34249563699826,24.86343804537522,10.881849912739964,4.8169470732562205,8.78411867364747,7.409188034188034
2017-07-08,38.345636998254804,24.859249563699823,10.874520069808026,4.821153172099543,8.787260034904014,7.4086890243902435
2017-07-09,38.344951083158634,24.858053808525504,10.873340321453528,4.820964912280701,8.789133473095738,7.4086890243902435
2017-07-10,38.34249563699826,24.858202443280977,10.868760907504363,4.825359270942866,8.789877835951135,7.411236297198538
2017-07-11,38.343183403068345,24.855212691771268,10.86576011157601,4.828693977591036,8.790097629009763,7.411952554744525
2017-07-12,38.343183403068345,24.855212691771268,10.86576011157601,4.828693977591036,8.790097629009763,7.411952554744525
2017-07-13,38.345636998254804,24.85191972076789,10.863525305410121,4.828513845075358,8.79197207678883,7.411952554744525
2017-07-14,38.345636998254804,24.85191972076789,10.863525305410121,4.828513845075358,8.79197207678883,7.411952554744525
2017-07-15,38.3477312390925,24.847731239092493,10.857242582897033,4.831668419207851,8.795113438045377,7.412667071688943
2017-07-16,38.347047519217334,24.846523410202654,10.854996505939901,4.832543859649122,8.796995108315864,7.412667071688943
2017-07-17,38.34846100034977,24.841115774746413,10.852745715285064,4.83342114506498,8.799930045470445,7.412667071688943
2017-07-18,38.34783368273935,24.841282320055903,10.848445143256463,4.837543859649122,8.800401816911252,7.413986650485437
2017-07-19,38.34956369982548,24.838307155322862,10.84546247818499,4.84086926042762,8.800610820244328,7.413484848484848
2017-07-20,38.35202655485675,24.834993011879803,10.842155835080362,4.8417543859649115,8.802498252969952,7.413484848484848
2017-07-21,38.35375218150087,24.834118673647467,10.839179755671902,4.845075359270942,8.801657940663176,7.414194915254237
2017-07-22,38.354799301919726,24.830977312390925,10.832897033158813,4.849281458114265,8.804799301919722,7.414903264812575
2017-07-23,38.35412299091545,24.829751921733052,10.830625436757511,4.850175438596491,8.805642907058003,7.414903264812575
2017-07-24,38.35412299091545,24.829751921733052,10.830625436757511,4.850175438596491,8.805642907058003,7.414903264812575
2017-07-25,38.35569531795947,24.824510831586302,10.823812019566736,4.854912280701754,8.810359888190078,7.4168176328502415
2017-07-26,38.35741710296684,24.82155322862129,10.820855148342059,4.858219418156326,8.810558464223387,7.416314837153196
2017-07-27,38.35951134380454,24.818411867364745,10.81457242582897,4.862425516999648,8.811605584642235,7.418222891566265
2017-07-28,38.35951134380454,24.818411867364745,10.81457242582897,4.862425516999648,8.811605584642235,7.418222891566265
2017-07-29,38.35913528591353,24.817555788005578,10.81162831241283,4.865721288515405,8.811802649930266,7.4201263537906135
2017-07-30,38.35951134380454,24.81631762652705,10.810383944153577,4.865580091132141,8.812652705061083,7.4201263537906135
2017-07-31,38.36198462613557,24.8119322152341,10.808088749126485,4.866491228070175,8.814552760307478,7.4201263537906135
2017-08-01,38.36093640810622,24.810359888190074,10.801799440950385,4.870701754385964,8.818745632424879,7.422626201923077
2017-08-02,38.36265270506109,24.80741710296684,10.798865619546246,4.873992288818787,8.817888307155323,7.423319327731092
2017-08-03,38.36408106219427,24.805118798043324,10.796558350803632,4.873859649122807,8.818745632424879,7.423319327731092
2017-08-04,38.36408106219427,24.805118798043324,10.796558350803632,4.873859649122807,8.818745632424879,7.423319327731092
2017-08-05,38.36617749825297,24.797781271837874,10.790269042627532,4.877017543859648,8.822938504542279,7.424010791366906
2017-08-06,38.36866037075901,24.794421126267924,10.787950332284014,4.87715138742536,8.82458901713886,7.424010791366906
2017-08-07,38.36722571628232,24.794636617749823,10.783455625436757,4.881491228070175,8.826345213137667,7.425898203592815
2017-08-08,38.36813571178734,24.78969919552291,10.781654424623994,4.8824200913242,8.828786288912207,7.425898203592815
2017-08-09,38.36932215234102,24.788347309573723,10.778738644304681,4.885175438596491,8.828441649196368,7.426584928229665
2017-08-10,38.370759006645685,24.78602658272123,10.77640783490731,4.885054443273621,8.829310947883876,7.426584928229665
2017-08-11,38.372466806429074,24.785202655485673,10.773497554157931,4.888333333333333,8.828441649196368,7.4272700119474315
2017-08-12,38.374563242487774,24.7804856743536,10.767732354996506,4.892543859649122,8.831062194269743,7.427953460620525
2017-08-13,38.374563242487774,24.7804856743536,10.767732354996506,4.892543859649122,8.831062194269743,7.427953460620525
2017-08-14,38.37390696047569,24.773959426372855,10.767488632388947,4.893484369511766,8.832983560685555,7.427953460620525
2017-08-15,38.372466806429074,24.774196366177495,10.763539482879105,4.897807017543859,8.833158630328443,7.4310190703218115
2017-08-16,38.37364746945899,24.771815008726,10.76064572425829,4.901594812478093,8.832809773123909,7.43110119047619
2017-08-17,38.37508735150245,24.76843116701607,10.759346610761705,4.901491228070175,8.833682739343118,7.43110119047619
2017-08-18,38.37508735150245,24.76843116701607,10.759346610761705,4.901491228070175,8.833682739343118,7.43110119047619
2017-08-19,38.3782320055905,24.76214185883997,10.756201956673655,4.904649122807017,8.835779175401818,7.430588585017836
2017-08-20,38.38072752710738,24.7566456803078,10.754896817068905,4.9056023884791005,8.83770549143057,7.430588585017836
2017-08-21,38.381127450980394,24.750087535014003,10.753588935574228,4.9065576652601965,8.840686274509805,7.430588585017836
2017-08-22,38.38151451556489,24.74930045470444,10.749912556838055,4.9113979627678255,8.840328786288913,7.431858669833729
2017-08-23,38.38111460517121,24.74851502445842,10.74598183088749,4.914649122807017,8.840496156533893,7.4337188612099645
2017-08-24,38.38111460517121,24.74012928022362,10.74283717679944,4.9199122807017535,8.841544374563243,7.436759478672986
2017-08-25,38.38425925925926,24.73069531795947,10.73864430468204,4.925175438596491,8.843640810621944,7.438609467455621
2017-08-26,38.38385689354276,24.728883071553227,10.734729493891797,4.929460217315106,8.843804537521816,7.43927304964539
2017-08-27,38.38609364081062,24.723357791754015,10.732879105520615,4.930175438596491,8.845737246680644,7.43927304964539
2017-08-28,38.38609364081062,24.723357791754015,10.732879105520615,4.930175438596491,8.845737246680644,7.43927304964539
2017-08-29,38.384642233856894,24.72260034904014,10.728446771378708,4.933403434980721,8.84694589877836,7.442296340023613
2017-08-30,38.38423988842399,24.721844490934448,10.724546722454672,4.936624649859944,8.847105997210601,7.444133254716981
2017-08-31,38.38319386331939,24.715568340306834,10.720362622036262,4.940826330532213,8.849198047419806,7.448321554770318
2017-09-01,38.38383838383839,24.7127307558342,10.717520027864856,4.946135012242042,8.849355625217695,7.448970588235294
2017-09-02,38.38697318007663,24.704371299198883,10.71229536746778,4.950332284015389,8.851445489376525,7.449618096357227
2017-09-03,38.3873779637378,24.701970013947,10.710948396094839,4.952380952380952,8.851290097629011,7.449618096357227
2017-09-04,38.3858089260809,24.69830892608089,10.705195258019526,4.957107843137254,8.853382147838216,7.453198356807512
2017-09-05,38.38568935427575,24.69328097731239,10.702792321116927,4.958114265685243,8.85584642233857,7.453198356807512
2017-09-06,38.385547419804745,24.692032775453278,10.699703626220362,4.9623599439775905,8.855474198047421,7.454425556858148
2017-09-07,38.385024407252445,24.684187587168758,10.696042538354254,4.9681372549019605,8.857043235704325,7.456820843091335
2017-09-08,38.384099616858244,24.681905259491465,10.69322535701846,4.972367960825463,8.857715081853014,7.458625730994152
2017-09-09,38.3837513061651,24.67702890978753,10.68730407523511,4.97691500524659,8.859456635318704,7.460426401869159
2017-09-10,38.3837513061651,24.67702890978753,10.68730407523511,4.97691500524659,8.859456635318704,7.460426401869159
2017-09-11,38.38178496868476,24.67580027835769,10.68241127348643,4.981132075471698,8.86116910229645,7.464556592765461
2017-09-12,38.38178496868476,24.67580027835769,10.68241127348643,4.981132075471698,8.86116910229645,7.464556592765461
2017-09-13,38.3803441084463,24.67405283281196,10.679614181439,4.984293193717278,8.862356621480709,7.466346153846154
2017-09-14,38.379301355578725,24.664668057003826,10.673879040667362,4.990052356020942,8.86339937434828,7.47162398137369
2017-09-15,38.37682291666667,24.66293402777778,10.67109375,4.995292887029288,8.863541666666666,7.474563953488372
2017-09-16,38.37473958333333,24.654600694444447,10.66484375,5.000523012552302,8.867708333333333,7.478658536585366
2017-09-17,38.37617309697602,24.65319777546055,10.660323253388947,5.00261780104712,8.86861313868613,7.478658536585366
2017-09-18,38.372002085505734,24.644855752519987,10.653023983315954,5.007853403141361,8.873826903023984,7.482743619489559
2017-09-19,38.369791666666664,24.64262152777778,10.650260416666667,5.013075313807532,8.874479166666667,7.48508111239861
2017-09-20,38.369791666666664,24.64262152777778,10.650260416666667,5.013075313807532,8.874479166666667,7.48508111239861
2017-09-21,38.368229166666666,24.634027777777778,10.64609375,5.018828451882845,8.876302083333334,7.488570601851852
2017-09-22,38.36498439125911,24.631026708289976,10.643080124869927,5.023510971786834,8.877471383975026,7.492919075144509
2017-09-23,38.36536458333333,24.62543402777778,10.639583333333333,5.023535564853557,8.88046875,7.492919075144509
2017-09-24,38.36470281543274,24.62400069516858,10.636079249217936,5.024607329842932,8.88138686131387,7.492919075144509
2017-09-25,38.36470281543274,24.62400069516858,10.636079249217936,5.024607329842932,8.88138686131387,7.492919075144509
2017-09-26,38.36403966597077,24.61838900487126,10.633611691022965,5.0256813417190775,8.884394572025052,7.492919075144509
2017-09-27,38.36403966597077,24.61838900487126,10.633611691022965,5.0256813417190775,8.884394572025052,7.492919075144509
2017-09-28,38.36337513061651,24.61485545106235,10.631138975966563,5.026757607555089,8.886363636363637,7.492919075144509
2017-09-29,38.35710553814002,24.60649599442703,10.628004179728318,5.03305351521511,8.889498432601881,7.498123556581986
2017-09-30,38.35151356993737,24.602731384829507,10.627348643006263,5.039308176100629,8.890657620041754,7.503316032295271
2017-10-01,38.3455114822547,24.594902574808632,10.622912317327765,5.04769392033543,8.892484342379959,7.5096486175115205
2017-10-02,38.34691745036572,24.593434343434346,10.617293625914316,5.048793284365162,8.893416927899686,7.5096486175115205
2017-10-03,38.34623430962343,24.5888249651325,10.61270920502092,5.049894957983193,8.896443514644352,7.5096486175115205
2017-10-04,38.33960292580982,24.58402995471961,10.612068965517242,5.0561385099685205,8.897596656217345,7.514815880322209
2017-10-05,38.33995815899581,24.579410739191076,10.607479079497908,5.057247899159663,8.899581589958158,7.514815880322209
2017-10-06,38.33995815899581,24.579410739191076,10.607479079497908,5.057247899159663,8.899581589958158,7.514815880322209
2017-10-07,38.33577405857741,24.57208856345886,10.601202928870293,5.063550420168068,8.902719665271967,7.5199712643678165
2017-10-08,38.33717277486911,24.570593368237347,10.595549738219896,5.064668769716088,8.90366492146597,7.5199712643678165
2017-10-09,38.33717277486911,24.570593368237347,10.595549738219896,5.064668769716088,8.90366492146597,7.5199712643678165
2017-10-10,38.33089005235602,24.563263525305413,10.590314136125654,5.072029442691903,8.905759162303665,7.52626291618829
2017-10-11,38.32426778242678,24.558490237099026,10.590742677824268,5.078256302521009,8.905857740585773,7.531393348623853
2017-10-12,38.31799163179916,24.550122036262206,10.586558577405858,5.085609243697479,8.907949790794978,7.53536655211913
2017-10-13,38.310344827586206,24.546412399860678,10.586990595611285,5.091815320041973,8.909090909090908,7.540474828375286
2017-10-14,38.30616509926855,24.53805294322536,10.58176593521421,5.0981112277019935,8.912225705329154,7.545571428571429
2017-10-15,38.30753138075314,24.536523709902372,10.576098326359833,5.099264705882353,8.914225941422593,7.545571428571429
2017-10-16,38.30020920502092,24.527632496513252,10.571391213389122,5.105567226890757,8.916317991631798,7.55179794520548
2017-10-17,38.30020920502092,24.527632496513252,10.571391213389122,5.105567226890757,8.916317991631798,7.55179794520548
2017-10-18,38.29362591431557,24.522901428073844,10.57183908045977,5.111752360965372,8.916405433646814,7.556870011402508
2017-10-19,38.284221525600834,24.51558690351794,10.566614420062695,5.120146904512067,8.919540229885058,7.5630694760820045
2017-10-20,38.27661795407098,24.511917188587336,10.567066805845512,5.127358490566038,8.919624217118997,7.568117178612059
2017-10-21,38.2713987473904,24.5035664578984,10.562891440501044,5.134696016771488,8.921711899791232,7.573153409090909
2017-10-22,38.27168234064786,24.50095785440613,10.559299895506792,5.13588667366212,8.922675026123303,7.573153409090909
2017-10-23,38.27168234064786,24.50095785440613,10.559299895506792,5.13588667366212,8.922675026123303,7.573153409090909
2017-10-24,38.264367816091955,24.491553465691396,10.555120167189132,5.142182581322141,8.925809822361547,7.579313280363223
2017-10-25,38.257828810020875,24.488169798190675,10.554279749478079,5.148846960167715,8.926409185803758,7.58375850340136
2017-10-26,38.25600835945664,24.484500174155347,10.550679205851619,5.150052465897167,8.928422152560083,7.58375850340136
2017-10-27,38.248693834900735,24.47614071752003,10.547544409613375,5.156348373557188,8.930512016718913,7.588759909399774
2017-10-28,38.24346917450366,24.468826192964126,10.54440961337513,5.162644281217209,8.932601880877742,7.59375
2017-10-29,38.24398535564853,24.46460948396095,10.540794979079498,5.163077731092437,8.934361924686192,7.59375
2017-10-30,38.236415882967606,24.460989202368513,10.540229885057471,5.169202518363064,8.935475444096134,7.5998587570621465
2017-10-31,38.23457112970711,24.455195258019526,10.53765690376569,5.170430672268908,8.9375,7.5998587570621465
2017-11-01,38.229101358411704,24.450539881574365,10.538140020898641,5.176547743966422,8.937565308254964,7.603696388261851
2017-11-02,38.22724895397489,24.446827057182706,10.535564853556485,5.177783613445378,8.938546025104603,7.603696388261851
2017-11-03,38.22724895397489,24.446827057182706,10.535564853556485,5.177783613445378,8.938546025104603,7.603696388261851
2017-11-04,38.21969696969697,24.443225357018463,10.536050156739812,5.182843651626443,8.939655172413794,7.608652762119504
2017-11-05,38.21678870292887,24.440550906555092,10.53347280334728,5.184086134453781,8.940638075313808,7.608652762119504
2017-11-06,38.210292580982234,24.436955764541974,10.532915360501567,5.190188877229801,8.940700104493208,7.613597972972973
2017-11-07,38.20276617954071,24.434411969380655,10.53079331941545,5.195754716981132,8.94232776617954,7.6202193475815525
2017-11-08,38.20276617954071,24.434411969380655,10.53079331941545,5.195754716981132,8.94232776617954,7.6202193475815525
2017-11-09,38.19421272158498,24.430830726451166,10.531282586027112,5.202879581151833,8.942387904066736,7.62626404494382
2017-11-10,38.19421272158498,24.430830726451166,10.531282586027112,5.202879581151833,8.942387904066736,7.62626404494382
2017-11-11,38.18567708333333,24.428298611111114,10.530729166666667,5.208943514644352,8.943489583333333,7.6322951739618405
2017-11-12,38.18567708333333,24.428298611111114,10.530729166666667,5.208943514644352,8.943489583333333,7.6322951739618405
2017-11-13,38.17924037460978,24.423690600069374,10.530176899063475,5.216039707419018,8.943548387096774,7.6371917040358746
2017-11-14,38.16987513007284,24.414325355532434,10.527055150884495,5.222831765935214,8.948231009365244,7.643756998880179
2017-11-15,38.16987513007284,24.414325355532434,10.527055150884495,5.222831765935214,8.948231009365244,7.643756998880179
2017-11-16,38.1605098855359,24.408081859174473,10.523933402705515,5.230146290491118,8.950312174817897,7.648629753914989
2017-11-17,38.15426638917794,24.400797780090183,10.521852237252862,5.2364158829676075,8.952393340270552,7.6523743016759775
2017-11-18,38.146829521829524,24.39726264726265,10.522349272349272,5.241388308977036,8.952442827442827,7.658342633928571
2017-11-19,38.142819979188346,24.396635449184878,10.517689906347554,5.244775339602926,8.952393340270552,7.658342633928571
2017-11-20,38.133107873742624,24.38935137010059,10.514915019077351,5.251741553465692,8.955515088449532,7.662811222593832
2017-11-21,38.12114117238987,24.382067291016305,10.511533125216788,5.258533611981888,8.960978147762747,7.669868225686711
2017-11-22,38.12114117238987,24.382067291016305,10.511533125216788,5.258533611981888,8.960978147762747,7.669868225686711
2017-11-23,38.11177592785293,24.37686437738467,10.507370794311482,5.267938000696621,8.963059313215402,7.674684835001854
2017-11-24,38.11177592785293,24.37686437738467,10.507370794311482,5.267938000696621,8.963059313215402,7.674684835001854
2017-11-25,38.10553243149497,24.37062088102671,10.502167880679847,5.2731626610936955,8.96618106139438,7.67837962962963
2017-11-26,38.10043402777777,24.37204861111111,10.498524305555556,5.275540446304045,8.9671875,7.67837962962963
2017-11-27,38.094606312868535,24.368019424210893,10.499046132500867,5.2804771856496,8.96774193548387,7.683176100628931
2017-11-28,38.09053819444444,24.366319444444446,10.496440972222222,5.28181659693166,8.969791666666667,7.683176100628931
2017-11-29,38.09053819444444,24.366319444444446,10.496440972222222,5.28181659693166,8.969791666666667,7.683176100628931
2017-11-30,38.08012152777778,24.362673611111113,10.49435763888889,5.288092747559275,8.971875,7.686853288987436
2017-12-01,38.08012152777778,24.362673611111113,10.49435763888889,5.288092747559275,8.971875,7.686853288987436
2017-12-02,38.071788194444444,24.35642361111111,10.490190972222223,5.293322873082287,8.975,7.691629752676264
2017-12-03,38.06925616962113,24.355231143552313,10.486531108793884,5.294153577661431,8.976538060479667,7.691629752676264
2017-12-04,38.059871393813,24.348453249913106,10.483924226624957,5.299389179755672,8.980187695516163,7.69584255162242
2017-12-05,38.04944386513729,24.34115397984011,10.480795968022246,5.305671902268761,8.985401459854014,7.70170349907919
2017-12-06,38.04944386513729,24.34115397984011,10.480795968022246,5.305671902268761,8.985401459854014,7.70170349907919
2017-12-07,38.04005908932916,24.33489746263469,10.478710462287106,5.310907504363002,8.988529718456725,7.707551508462105
2017-12-08,38.03376736111111,24.333506944444444,10.48029513888889,5.313720362622036,8.988541666666666,7.7122840867328195
2017-12-09,38.02578125,24.326909722222222,10.476128472222223,5.317904463040446,8.992708333333333,7.717006240822321
2017-12-10,38.01953125,24.321701388888886,10.473003472222222,5.322088563458856,8.99375,7.720617895122846
2017-12-11,38.01746611053181,24.318908585331943,10.468282933611402,5.32347294938918,8.996871741397289,7.720617895122846
2017-12-12,38.01015625,24.316493055555554,10.468315972222223,5.327318688981869,8.9984375,7.726968864468865
2017-12-13,38.01015625,24.316493055555554,10.468315972222223,5.327318688981869,8.9984375,7.726968864468865
2017-12-14,38.00078125,24.309201388888887,10.46623263888889,5.332548814504881,9.000520833333333,7.732757043541896
2017-12-15,37.99869655891554,24.304310045185957,10.461505039972193,5.3339441535776615,9.003649635036496,7.732757043541896
2017-12-16,37.99296875,24.300868055555554,10.462586805555556,5.336732914923291,9.004166666666666,7.737984283625732
2017-12-17,37.98983315954119,24.300139033715674,10.457855404935698,5.3381326352530545,9.006256517205422,7.737984283625732
2017-12-18,37.98877870563674,24.295233124565065,10.45311412665275,5.339535290006989,9.009394572025052,7.737984283625732
2017-12-19,37.981491136600624,24.291797010775113,10.452641640597845,5.3433682373472955,9.011470281543275,7.7448430083972255
2017-12-20,37.981491136600624,24.291797010775113,10.452641640597845,5.3433682373472955,9.011470281543275,7.7448430083972255
2017-12-21,37.9752346193952,24.28554049356969,10.44899200556135,5.3496509598603845,9.013555787278415,7.748404449307076
2017-12-22,37.9752346193952,24.28554049356969,10.44899200556135,5.3496509598603845,9.013555787278415,7.748404449307076
2017-12-23,37.96897810218978,24.276937782412233,10.44403892944039,5.355148342059337,9.017726798748697,7.753597449908925
2017-12-24,37.96372651356994,24.27618302018093,10.440327070285317,5.3576170510132775,9.019832985386222,7.753597449908925
2017-12-25,37.96372651356994,24.27618302018093,10.440327070285317,5.3576170510132775,9.019832985386222,7.753597449908925
2017-12-26,37.961598746081506,24.273336816440263,10.434517589690005,5.359041622945086,9.021943573667711,7.753597449908925
2017-12-27,37.95746346555324,24.267832289491995,10.43615170494085,5.361809923130678,9.022964509394573,7.75823326055313
2017-12-28,37.9542842215256,24.264977359804945,10.43138279345176,5.3632388947184335,9.02612330198537,7.75823326055313
2017-12-29,37.9542842215256,24.264977359804945,10.43138279345176,5.3632388947184335,9.02612330198537,7.75823326055313
2017-12-30,37.95214435146443,24.260721757322177,10.426603905160391,5.363620448179272,9.02928870292887,7.75823326055313
2017-12-31,37.94895287958115,24.259424083769634,10.421815008726004,5.364528566421312,9.031675392670158,7.75823326055313
2018-01-01,37.94680293501048,24.25550314465409,10.41701607267645,5.364912280701755,9.03485324947589,7.75823326055313
2018-01-02,37.93894129979036,24.24449685534591,10.41282320055905,5.371228070175439,9.040094339622641,7.763949472918939
2018-01-03,37.932722513089004,24.240052356020943,10.41343804537522,5.375043813529619,9.04109947643979,7.770742556281772
2018-01-04,37.92434554973822,24.233769633507855,10.410296684118673,5.380301437083772,9.043193717277488,7.776432716721074
2018-01-05,37.92434554973822,24.233769633507855,10.410296684118673,5.380301437083772,9.043193717277488,7.776432716721074
2018-01-06,37.91701570680628,24.225392670157067,10.40715532286213,5.384507535927095,9.045287958115184,7.781023550724638
2018-01-07,37.91073298429319,24.22015706806283,10.402966841186737,5.389765159481248,9.046335078534032,7.783432862830257
2018-01-08,37.90078534031414,24.212303664921468,10.397731239092495,5.3960743077462325,9.051570680628272,7.789633044107014
2018-01-09,37.90078534031414,24.212303664921468,10.397731239092495,5.3960743077462325,9.051570680628272,7.789633044107014
2018-01-10,37.90078534031414,24.212303664921468,10.397731239092495,5.3960743077462325,9.051570680628272,7.789633044107014
2018-01-11,37.89858490566038,24.209381551362682,10.392907058001398,5.396491228070175,9.053721174004194,7.789633044107014
2018-01-12,37.89533053515215,24.207502623294857,10.38807275271074,5.396909027046013,9.055876180482686,7.789633044107014
2018-01-13,37.891247379454924,24.204140461215932,10.388714185883998,5.399649122807018,9.055817610062894,7.795278078728783
2018-01-14,37.88903462749213,24.20330535152151,10.383875480937391,5.401123990165086,9.056925498426024,7.795278078728783
2018-01-15,37.88090241343127,24.196222455403987,10.37757957327737,5.406656129258869,9.060335781741868,7.8003697691197695
2018-01-16,37.87762605042017,24.192226890756302,10.373774509803923,5.40813994374121,9.0625,7.8003697691197695
2018-01-17,37.87762605042017,24.192226890756302,10.373774509803923,5.40813994374121,9.0625,7.8003697691197695
2018-01-18,37.87132352941177,24.182773109243698,10.37062324929972,5.41235935302391,9.064600840336135,7.80490990990991
2018-01-19,37.866211962224554,24.17838405036726,10.372332983560685,5.415086055497015,9.065582371458552,7.809440244780418
2018-01-20,37.858866736621195,24.172088142707242,10.366037075900666,5.418247277836319,9.069779643231898,7.815039554117225
2018-01-21,37.85257082896118,24.16579223504722,10.361839804127317,5.422462240955392,9.071878279118573,7.819549209770115
2018-01-22,37.84627492130115,24.157397691500524,10.356593214410633,5.425623463294697,9.07607555089192,7.825125583064227
2018-01-23,37.839622641509436,24.150943396226417,10.356219426974144,5.4304385964912285,9.078092243186584,7.83176523297491
2018-01-24,37.839622641509436,24.150943396226417,10.356219426974144,5.4304385964912285,9.078092243186584,7.83176523297491
2018-01-25,37.833857442348005,24.142557651991613,10.350716282320057,5.436754385964913,9.07940251572327,7.83624239169352
2018-01-26,37.833857442348005,24.142557651991613,10.350716282320057,5.436754385964913,9.07940251572327,7.83624239169352
2018-01-27,37.827568134171905,24.136268343815512,10.345475192173305,5.439912280701755,9.08254716981132,7.840709942775394
2018-01-28,37.82555089192025,24.13509968520462,10.340328786288913,5.439322093431683,9.085257082896117,7.840709942775394
2018-01-29,37.821278825995805,24.12840670859539,10.341544374563243,5.443070175438597,9.08674004192872,7.846239728474456
2018-01-30,37.81951731374607,24.124868835257082,10.336656173487233,5.443800491745698,9.088667366211963,7.846239728474456
2018-01-31,37.81951731374607,24.124868835257082,10.336656173487233,5.443800491745698,9.088667366211963,7.846239728474456
2018-02-01,37.81217208814271,24.115424973767052,10.332458901713887,5.4490691956445385,9.09286463798531,7.852828336902213
2018-02-02,37.80377754459601,24.107030430220355,10.332458901713887,5.451176677204074,9.09601259181532,7.859402852049911
2018-02-03,37.795383001049316,24.10283315844701,10.329310947883876,5.455391640323147,9.098111227701994,7.8648949430199435
2018-02-04,37.795383001049316,24.10283315844701,10.329310947883876,5.455391640323147,9.098111227701994,7.8648949430199435
2018-02-05,37.78777544596013,24.091815320041974,10.326949982511369,5.461187214611872,9.100209863588667,7.871442547136251
2018-02-06,37.78777544596013,24.091815320041974,10.326949982511369,5.461187214611872,9.100209863588667,7.871442547136251
2018-02-07,37.78777544596013,24.091815320041974,10.326949982511369,5.461187214611872,9.100209863588667,7.871442547136251
2018-02-08,37.78043022035677,24.083420776495277,10.324851346624694,5.465402177730946,9.102308499475342,7.877976190476191
2018-02-09,37.77332285115304,24.07704402515723,10.327655485674354,5.470175438596492,9.103249475890985,7.883430954916578
2018-02-10,37.76937172774869,24.07277486910995,10.328359511343805,5.473887136347704,9.103141361256544,7.887810283687943
2018-02-11,37.76703354297694,24.07285115303983,10.323462613556954,5.474385964912281,9.104297693920335,7.887810283687943
2018-02-12,37.754979035639415,24.061844863731658,10.322414395527604,5.481228070175439,9.10796645702306,7.895368402408785
2018-02-13,37.754979035639415,24.061844863731658,10.322414395527604,5.481228070175439,9.10796645702306,7.895368402408785
2018-02-14,37.754979035639415,24.061844863731658,10.322414395527604,5.481228070175439,9.10796645702306,7.895368402408785
2018-02-15,37.748689727463315,24.051362683438157,10.320317959468904,5.485438596491228,9.11111111111111,7.902910474168436
2018-02-16,37.748689727463315,24.051362683438157,10.320317959468904,5.485438596491228,9.11111111111111,7.902910474168436
2018-02-17,37.742924528301884,24.04245283018868,10.316125087351503,5.489649122807018,9.114255765199161,7.90884588193708
2018-02-18,37.73950682056663,24.04354669464848,10.312259531304653,5.489111345275729,9.114375655823714,7.90884588193708
2018-02-19,37.73349056603774,24.034591194968552,10.315076869322153,5.49280701754386,9.116352201257861,7.917417019774011
2018-02-20,37.729013641133264,24.031479538300104,10.310685554389647,5.49438004917457,9.11909758656873,7.917417019774011
2018-02-21,37.729013641133264,24.031479538300104,10.310685554389647,5.49438004917457,9.11909758656873,7.917417019774011
2018-02-22,37.721668415529905,24.022035676810074,10.308586918502973,5.4985950122936424,9.121196222455405,7.923853615520282
2018-02-23,37.71619496855346,24.01493710691824,10.310359888190078,5.50280701754386,9.122379454926625,7.929748062015504
2018-02-24,37.70990566037736,24.00672606568833,10.307389937106919,5.50719298245614,9.125873515024459,7.941375968992248
2018-02-25,37.70724029380902,24.00568380552641,10.302465897166842,5.507727432384966,9.12757957327737,7.941375968992248
2018-02-26,37.7017819706499,23.996767994409506,10.304245283018869,5.511403508771929,9.130590496156534,7.949885603660683
2018-02-27,37.7017819706499,23.996767994409506,10.304245283018869,5.511403508771929,9.130590496156534,7.949885603660683
2018-02-28,37.7017819706499,23.996767994409506,10.304245283018869,5.511403508771929,9.130590496156534,7.949885603660683
2018-03-01,37.696016771488466,23.988120195667367,10.301100628930818,5.5158771929824555,9.132948986722573,7.961853220696938
2018-03-02,37.69569779643232,23.986009094088843,10.29616998950682,5.516420793818054,9.1362364463099,7.964984143763213
2018-03-03,37.691823899371066,23.978686233403216,10.297955974842766,5.520087719298245,9.137141858839973,7.971356916578669
2018-03-04,37.68730325288563,23.97971318642882,10.294071353620147,5.520635756937127,9.13938440013991,7.977669133192389
2018-03-05,37.682914046121596,23.972396925227116,10.295859538784066,5.524824561403508,9.140810621942698,7.984028511087645
2018-03-06,37.68048268625393,23.968695348023786,10.291972717733474,5.526431331225852,9.143581671913257,7.9892970401691334
2018-03-07,37.68048268625393,23.968695348023786,10.291972717733474,5.526431331225852,9.143581671913257,7.9892970401691334
2018-03-08,37.678046218487395,23.965511204481793,10.288077731092438,5.528041490857946,9.145833333333334,7.99563492063492
2018-03-09,37.67770767613039,23.963371889239397,10.282071503680337,5.528599084829285,9.148089730108659,8.000926906779661
2018-03-10,37.67279411764706,23.958158263305325,10.283876050420169,5.531206047819971,9.148984593837536,8.006216931216931
2018-03-11,37.66754201680672,23.952906162464988,10.2828256302521,5.535425457102672,9.15108543417367,8.01574074074074
2018-03-12,37.665089379600424,23.95075359270943,10.277865404837014,5.537046814501935,9.153347353662811,8.021054025423728
2018-03-13,37.65825446898002,23.941815632667367,10.273659305993691,5.541270679338261,9.159656501927795,8.033236228813559
2018-03-14,37.65825446898002,23.941815632667367,10.273659305993691,5.541270679338261,9.159656501927795,8.033236228813559
2018-03-15,37.65894736842105,23.938596491228072,10.268684210526315,5.541842847075405,9.161929824561405,8.039634146341463
2018-03-16,37.65299684542587,23.933403434980722,10.270504731861198,5.545494544174586,9.163862600771118,8.044888771186441
2018-03-17,37.64861549246407,23.926743778478794,10.266298633017875,5.5495424146427315,9.166666666666666,8.056011652542374
2018-03-18,37.64861549246407,23.926743778478794,10.266298633017875,5.5495424146427315,9.166666666666666,8.056011652542374
2018-03-19,37.64861549246407,23.926743778478794,10.266298633017875,5.5495424146427315,9.166666666666666,8.056011652542374
2018-03-20,37.64020329477742,23.9167542937259,10.262618296529968,5.554822245688138,9.17297581493165,8.068723516949152
2018-03-21,37.636379551820724,23.91158963585434,10.263392857142858,5.559511251758088,9.173844537815127,8.073412698412698
2018-03-22,37.63112745098039,23.903711484593835,10.259716386554622,5.5653129395218,9.17594537815126,8.08505291005291
2018-03-23,37.631791097090776,23.900455660708026,10.254731861198739,5.5669658570925735,9.178233438485805,8.090439618644067
2018-03-24,37.626400560224084,23.894782913165265,10.25656512605042,5.570587201125176,9.179621848739496,8.096164021164022
2018-03-25,37.623904661759546,23.895723799509287,10.252628811777077,5.57224568813798,9.17981072555205,8.102621822033898
2018-03-26,37.61601822642832,23.887311601822642,10.248948475289168,5.578581485392467,9.185068349106205,8.115333686440678
2018-03-27,37.614561403508766,23.88377192982456,10.245263157894737,5.580250176180409,9.187368421052632,8.12075821845175
2018-03-28,37.614561403508766,23.88377192982456,10.245263157894737,5.580250176180409,9.187368421052632,8.12075821845175
2018-03-29,37.61310151036178,23.881541974007725,10.240252897787144,5.581922398589065,9.189673340358272,8.126194267515924
2018-03-30,37.61310151036178,23.881541974007725,10.240252897787144,5.581922398589065,9.189673340358272,8.126194267515924
2018-03-31,37.608771929824556,23.875350877192982,10.242105263157894,5.58500704721635,9.191052631578948,8.130832449628844
2018-04-01,37.607305936073054,23.873375482964523,10.239199157007377,5.585626102292769,9.192834562697577,8.136146496815286
2018-04-02,37.607305936073054,23.873375482964523,10.239199157007377,5.585626102292769,9.192834562697577,8.136146496815286
2018-04-03,37.59782226905514,23.86389181594661,10.234984193888303,5.591975308641976,9.199157007376185,8.149946921443737
2018-04-04,37.59782226905514,23.86389181594661,10.234984193888303,5.591975308641976,9.199157007376185,8.149946921443737
2018-04-05,37.59044608359677,23.854408148928695,10.233930453108535,5.597266313932981,9.20231822971549,8.16268577494692
2018-04-06,37.58895921237693,23.853199718706048,10.229957805907173,5.598958333333334,9.20464135021097,8.16817215727949
2018-04-07,37.5815752461322,23.847398030942333,10.227320675105485,5.603725282485876,9.207278481012658,8.178799149840595
2018-04-08,37.5815752461322,23.847398030942333,10.227320675105485,5.603725282485876,9.207278481012658,8.178799149840595
2018-04-09,37.5815752461322,23.847398030942333,10.227320675105485,5.603725282485876,9.207278481012658,8.178799149840595
2018-04-10,37.570499296765114,23.838431786216596,10.224683544303797,5.609021892655368,9.21360759493671,8.192082890541977
2018-04-11,37.56898979232664,23.836149243224217,10.220696937697994,5.610728172499116,9.215945089757128,8.19654255319149
2018-04-12,37.566420014094426,23.83386187455955,10.216701902748415,5.611376503892428,9.218287526427062,8.203141640042599
2018-04-13,37.561598028863074,23.828757479760647,10.220696937697994,5.613909508660305,9.21805702217529,8.208244680851063
2018-04-14,37.55579021471313,23.819781766983454,10.21700105596621,5.619211735595617,9.222808870116156,8.218882978723403
2018-04-15,37.55214940098661,23.819591261451727,10.214059196617336,5.620930644019817,9.224101479915433,8.22444089456869
2018-04-16,37.54850088183421,23.81622574955908,10.21005291005291,5.6226532058094225,9.227513227513228,8.23001066098081
2018-04-17,37.5373897707231,23.80617283950617,10.208465608465609,5.627966702089975,9.232804232804233,8.242803837953092
2018-04-18,37.5373897707231,23.80617283950617,10.208465608465609,5.627966702089975,9.232804232804233,8.242803837953092
2018-04-19,37.52786596119929,23.796649029982362,10.207407407407407,5.634342897626639,9.235978835978836,8.255597014925373
2018-04-20,37.52786596119929,23.796649029982362,10.207407407407407,5.634342897626639,9.235978835978836,8.255597014925373
2018-04-21,37.52151675485008,23.788183421516752,10.205291005291006,5.638593694651081,9.24021164021164,8.266257995735607
2018-04-22,37.51889124293785,23.78795903954802,10.202330508474576,5.63927304964539,9.240466101694915,8.272945570971185
2018-04-23,37.51516754850088,23.781834215167546,10.205291005291006,5.642844491675523,9.24126984126984,8.276918976545842
2018-04-24,37.505114638447964,23.77336860670194,10.202116402116403,5.6486893375841305,9.244973544973545,8.29131130063966
2018-04-25,37.50140944326991,23.769908386187456,10.202959830866808,5.653308563340411,9.244714587737844,8.295260915867944
2018-04-26,37.49770723104056,23.768606701940033,10.2,5.654002833864683,9.246031746031745,8.301972281449894
2018-04-27,37.49348132487667,23.763037350246652,10.202431289640591,5.656493276716207,9.247357293868921,8.306975505857295
2018-04-28,37.48502466525722,23.755109231853417,10.200845665961944,5.660739561217269,9.25,8.318690095846645
2018-04-29,37.482892416225745,23.75432098765432,10.196031746031746,5.661441728657457,9.252116402116402,8.324626865671641
2018-04-30,37.47815362931642,23.747181113460183,10.197410147991544,5.66498584571833,9.253435517970402,8.332268370607029
2018-05-01,37.47442680776014,23.74585537918871,10.193386243386243,5.665692525681899,9.255820105820106,8.332268370607029
2018-05-02,37.47442680776014,23.74585537918871,10.193386243386243,5.665692525681899,9.255820105820106,8.332268370607029
2018-05-03,37.470692090395474,23.74452683615819,10.189353813559322,5.667464539007092,9.257150423728813,8.339019189765459
2018-05-04,37.46907034287734,23.74213503004595,10.183191940615059,5.66924032658857,9.259544008483562,8.345784418356457
2018-05-05,37.465395480225986,23.735522598870055,10.18458686440678,5.672251773049646,9.260328389830509,8.351279317697228
2018-05-06,37.4616472251679,23.73736302580417,10.179480381760339,5.672967696130636,9.261664899257688,8.358057630736393
2018-05-07,37.4616472251679,23.73736302580417,10.179480381760339,5.672967696130636,9.261664899257688,8.358057630736393
2018-05-08,37.4515729939908,23.727819017320606,10.177889713679745,5.677760028399006,9.265906680805939,8.371398078975453
2018-05-09,37.445798022598865,23.721751412429377,10.180879237288135,5.680230496453901,9.265625,8.378464818763327
2018-05-10,37.44202898550724,23.72039589961117,10.177889713679745,5.68095491657792,9.268027571580063,8.385272145144077
2018-05-11,37.43931351733899,23.719037508846426,10.172770700636942,5.682746979388771,9.270435244161359,8.39102564102564
2018-05-12,37.43513609049133,23.71191233651467,10.175238600212088,5.68574724884629,9.27120890774125,8.396478121664888
2018-05-13,37.4313517338995,23.7137296532201,10.171178343949045,5.686478322672353,9.271496815286625,8.403311965811966
2018-05-14,37.42126680820948,23.705237084217973,10.168524416135881,5.690742714996446,9.275743099787686,8.410885805763074
2018-05-15,37.42126680820948,23.705237084217973,10.168524416135881,5.690742714996446,9.275743099787686,8.410885805763074
2018-05-16,37.42126680820948,23.705237084217973,10.168524416135881,5.690742714996446,9.275743099787686,8.410885805763074
2018-05-17,37.41242038216561,23.6963906581741,10.168524416135881,5.695717839374557,9.277866242038217,8.422803272856633
2018-05-18,37.40880169671262,23.692470837751856,10.170466595970307,5.698171813986511,9.277571580063627,8.428749111584931
2018-05-19,37.40243902439025,23.683457051961824,10.168875927889713,5.702431664891729,9.280222693531282,8.439943141435679
2018-05-20,37.39861995753716,23.68524416135881,10.163747346072187,5.703180525941721,9.28052016985138,8.446816079686943
2018-05-21,37.39861995753716,23.68524416135881,10.163747346072187,5.703180525941721,9.28052016985138,8.446816079686943
2018-05-22,37.39514700673043,23.682961388593696,10.160556145944032,5.703753112771256,9.283652143110166,8.452457264957266
2018-05-23,37.389950460014155,23.67533616418967,10.161978060863412,5.706201137171287,9.285474168435952,8.459978655282818
2018-05-24,37.38611406305349,23.672865745660648,10.160024796315977,5.70695482034863,9.287902940134607,8.467948717948717
2018-05-25,37.38611406305349,23.672865745660648,10.160024796315977,5.70695482034863,9.287902940134607,8.467948717948717
2018-05-26,37.37973786751683,23.66365568544102,10.158607863974495,5.710156527926006,9.29144527098831,8.480056980056979
2018-05-27,37.37123627346794,23.658342189160468,10.157545164718385,5.71335823550338,9.293570669500532,8.491809116809117
2018-05-28,37.37123627346794,23.658342189160468,10.157545164718385,5.71335823550338,9.293570669500532,8.491809116809117
2018-05-29,37.36167198016295,23.648777895855474,10.155951115834219,5.717627178939879,9.298884165781084,8.505163817663817
2018-05-30,37.36167198016295,23.648777895855474,10.155951115834219,5.717627178939879,9.298884165781084,8.505163817663817
2018-05-31,37.358865248226955,23.647340425531915,10.152925531914894,5.717325498575499,9.30026595744681,8.512121212121212
2018-06-01,37.358865248226955,23.647340425531915,10.152925531914894,5.717325498575499,9.30026595744681,8.512121212121212
2018-06-02,37.35354609929078,23.63882978723404,10.150265957446809,5.719996438746439,9.303989361702127,8.523885918003565
2018-06-03,37.34966276180334,23.640575079872203,10.148296059637913,5.720766488413547,9.304313099041533,8.530870806566737
2018-06-04,37.339013134540295,23.632055378061768,10.145101171458998,5.725044563279858,9.309105431309904,8.545860099928623
2018-06-05,37.339013134540295,23.632055378061768,10.145101171458998,5.725044563279858,9.309105431309904,8.545860099928623
2018-06-06,37.339013134540295,23.632055378061768,10.145101171458998,5.725044563279858,9.309105431309904,8.545860099928623
2018-06-07,37.3361762615494,23.630597014925375,10.142057569296375,5.725820842255532,9.31050106609808,8.551804215791353
2018-06-08,37.33155839545616,23.626730564430243,10.145101171458998,5.72825311942959,9.311235356762513,8.556566738044253
2018-06-09,37.32463613773518,23.61874334398296,10.141906283280084,5.733065953654189,9.314962726304579,8.567808708065668
2018-06-10,37.32071783937456,23.62046908315565,10.138859275053305,5.733850820842256,9.31636460554371,8.574848160057163
2018-06-11,37.31572394165777,23.617929562433297,10.13580576307364,5.734637370489461,9.318836712913553,8.574848160057163
2018-06-12,37.306118818925654,23.60725720384205,10.132604055496264,5.737852804573063,9.324172892209178,8.582798001427552
2018-06-13,37.306118818925654,23.60725720384205,10.132604055496264,5.737852804573063,9.324172892209178,8.582798001427552
2018-06-14,37.29651369619353,23.599786552828174,10.132604055496264,5.741068238656664,9.326307363927429,8.596716630977873
2018-06-15,37.294693732193736,23.59722222222222,10.128472222222221,5.741863376251788,9.32772435897436,8.603787066809575
2018-06-16,37.289398790466024,23.590537175382426,10.130825329064388,5.745355484101466,9.32773034507293,8.60992148465382
2018-06-17,37.286502849002844,23.59116809116809,10.126691595441594,5.746155221745351,9.330217236467238,8.615934262236513
2018-06-18,37.286502849002844,23.59116809116809,10.126691595441594,5.746155221745351,9.330217236467238,8.615934262236513
2018-06-19,37.27261396011396,23.584757834757834,10.124554843304843,5.749374105865522,9.335559116809117,8.62384011420414
2018-06-20,37.26805407328353,23.581999288509426,10.125489149768764,5.753394069310469,9.335734614016365,8.628520499108735
2018-06-21,37.264066951566946,23.580484330484328,10.12241809116809,5.75420243204578,9.33716168091168,8.635617416131335
2018-06-22,37.264066951566946,23.580484330484328,10.12241809116809,5.75420243204578,9.33716168091168,8.635617416131335
2018-06-23,37.25551994301994,23.57193732193732,10.120281339031338,5.758494277539342,9.339298433048434,8.649536045681657
2018-06-24,37.24483618233618,23.565527065527064,10.120281339031338,5.762786123032904,9.341435185185185,8.662384011420414
2018-06-25,37.239750445632794,23.56399286987522,10.118270944741532,5.763605442176871,9.342869875222817,8.662384011420414
2018-06-26,37.22691622103387,23.558110516934047,10.116131907308377,5.7679018976011465,9.34607843137255,8.670231729055258
2018-06-27,37.22133190883191,23.55324074074074,10.119212962962962,5.770296852646639,9.34570868945869,8.675925925925926
2018-06-28,37.21836007130125,23.552762923351157,10.117201426024954,5.770050125313284,9.347147950089127,8.684135472370766
2018-06-29,37.212784900284895,23.54683048433048,10.121349715099713,5.77351573676681,9.347845441595442,8.689814814814815
2018-06-30,37.20477207977208,23.538639601139604,10.119212962962962,5.777986409155938,9.349448005698006,8.702813390313391
2018-07-01,37.20178253119429,23.538948306595366,10.115864527629233,5.777210884353742,9.351426024955437,8.70944741532977
2018-07-02,37.20178253119429,23.538948306595366,10.115864527629233,5.777210884353742,9.351426024955437,8.70944741532977
2018-07-03,37.188413547237076,23.53306595365419,10.115329768270943,5.7809702828499825,9.354099821746882,8.723885918003566
2018-07-04,37.188413547237076,23.53306595365419,10.115329768270943,5.7809702828499825,9.354099821746882,8.723885918003566
2018-07-05,37.177718360071296,23.525579322638148,10.117468805704098,5.784192624418189,9.355169340463458,8.737789661319074
2018-07-06,37.17576730906495,23.524000713775877,10.1133119200571,5.783960573476703,9.357690935046396,8.74393290506781
2018-07-07,37.1680926916221,23.517023172905528,10.115864527629233,5.787952022914429,9.357308377896613,8.752228163992871
2018-07-08,37.163990007137755,23.51864739471806,10.114917915774445,5.788799283154122,9.356620271234833,8.758386866523912
2018-07-09,37.151142041399,23.50901142041399,10.115453247680227,5.79310035842294,9.360367594575305,8.773911491791578
2018-07-10,37.151142041399,23.50901142041399,10.115453247680227,5.79310035842294,9.360367594575305,8.773911491791578
2018-07-11,37.151142041399,23.50901142041399,10.115453247680227,5.79310035842294,9.360367594575305,8.773911491791578
2018-07-12,37.14150606709493,23.502587437544612,10.11652391149179,5.796326164874553,9.360367594575305,8.788900785153462
2018-07-13,37.13294075660242,23.49402212705211,10.117594575303354,5.798476702508961,9.363579586009994,8.801748750892221
2018-07-14,37.12584670231729,23.487611408199644,10.120142602495543,5.801915503043324,9.36372549019608,8.80944741532977
2018-07-15,37.122769450392575,23.487062812276946,10.118397573162026,5.802240143369176,9.364917915774447,8.81513204853676
2018-07-16,37.10992148465382,23.476891506067098,10.121609564596715,5.806541218637993,9.367059243397573,8.830656673804427
2018-07-17,37.10285204991087,23.473172905525846,10.12361853832442,5.810508413891873,9.366666666666667,8.837254901960785
2018-07-18,37.10285204991087,23.473172905525846,10.12361853832442,5.810508413891873,9.366666666666667,8.837254901960785
2018-07-19,37.09975017844397,23.47153818700928,10.122680228408278,5.811379928315413,9.367059243397573,8.843504639543184
2018-07-20,37.09771346909611,23.466684530189355,10.121739907109681,5.813329745245785,9.368524473026081,8.849767774205073
2018-07-21,37.0875312611647,23.45971775634155,10.123347624151481,5.817097237172588,9.369596284387281,8.86262951053948
2018-07-22,37.08547925608011,23.458065092989987,10.124552932761086,5.816900143678161,9.368919885550788,8.868919885550788
2018-07-23,37.082348728965265,23.453186537773004,10.12468671679198,5.817781373606617,9.370390261367705,8.87576083064805
2018-07-24,37.07053347654851,23.444593626924455,10.125760830648048,5.821017619561309,9.373075546007877,8.890261367704978
2018-07-25,37.07053347654851,23.444593626924455,10.125760830648048,5.821017619561309,9.373075546007877,8.890261367704978
2018-07-26,37.06158252774794,23.435284640171858,10.130415324024346,5.824973031283711,9.372717508055853,8.903150733977803
2018-07-27,37.06158252774794,23.435284640171858,10.130415324024346,5.824973031283711,9.372717508055853,8.903150733977803
2018-07-28,37.05245255997135,23.427765843179376,10.135248836376656,5.8292880258899675,9.37218045112782,8.915503043322593
2018-07-29,37.05035842293906,23.425,10.13431899641577,5.829103671706264,9.37258064516129,8.921326164874552
2018-07-30,37.0486185862935,23.42043415859347,10.13625762468604,5.8290990990991,9.373161105130967,8.925905992106209
2018-07-31,37.037316110513096,23.41146393972013,10.13912809472551,5.832882882882883,9.374775744528169,8.940258342303553
2018-08-01,37.02974910394265,23.40456989247312,10.14220430107527,5.837383009359252,9.375448028673837,8.94784946236559
2018-08-02,37.021124239169346,23.398764769065522,10.147422126745434,5.838637180870191,9.375044754744005,8.956498388829216
2018-08-03,37.021124239169346,23.398764769065522,10.147422126745434,5.838637180870191,9.375044754744005,8.956498388829216
2018-08-04,37.01412732474964,23.392972103004293,10.151555793991417,5.842043821839081,9.374642346208871,8.96244635193133
2018-08-05,37.01412732474964,23.392972103004293,10.151555793991417,5.842043821839081,9.374642346208871,8.96244635193133
2018-08-06,37.01412732474964,23.392972103004293,10.151555793991417,5.842043821839081,9.374642346208871,8.96244635193133
2018-08-07,37.000178826895564,23.383315450643778,10.157457081545065,5.847970545977012,9.375715307582261,8.975321888412017
2018-08-08,37.000178826895564,23.383315450643778,10.157457081545065,5.847970545977012,9.375715307582261,8.975321888412017
2018-08-09,36.9937343358396,23.38050483351235,10.160848549946294,5.851042790363179,9.376118868600074,8.978517722878625
2018-08-10,36.98730329041488,23.37473175965665,10.166040772532188,5.853358477011494,9.375715307582261,8.986051502145923
2018-08-11,36.974964234620884,23.366684549356222,10.173551502145923,5.8587464080459775,9.376251788268958,8.995708154506438
2018-08-12,36.974964234620884,23.366684549356222,10.173551502145923,5.8587464080459775,9.376251788268958,8.995708154506438
2018-08-13,36.974964234620884,23.366684549356222,10.173551502145923,5.8587464080459775,9.376251788268958,8.995708154506438
2018-08-14,36.96641657734905,23.360396570203644,10.17604501607717,5.862665949049157,9.377992140050019,9.004287245444802
2018-08-15,36.96002855103497,23.356798715203425,10.17853319057816,5.866039426523298,9.377587437544612,9.01017130620985
2018-08-16,36.95462665237584,23.355037513397644,10.180868167202572,5.868048080373161,9.377992140050019,9.013397642015006
2018-08-17,36.95462665237584,23.355037513397644,10.180868167202572,5.868048080373161,9.377992140050019,9.013397642015006
2018-08-18,36.947180585296216,23.3487687366167,10.1860278372591,5.871415770609319,9.378122769450394,9.019271948608138
2018-08-19,36.93854948195784,23.34807073954984,10.188370846730976,5.874506637961967,9.37959985709182,9.02250803858521
2018-08-20,36.93258226037196,23.345761802575108,10.190182403433477,5.877065373563219,9.380007153075823,9.027092274678111
2018-08-21,36.923008217220435,23.338424437299036,10.193729903536978,5.881503408683172,9.38281529117542,9.034565916398714
2018-08-22,36.923008217220435,23.338424437299036,10.193729903536978,5.881503408683172,9.38281529117542,9.034565916398714
2018-08-23,36.90907466952483,23.330921757770632,10.19908896034298,5.886885540007176,9.38174347981422,9.046355841371918
2018-08-24,36.90907466952483,23.330921757770632,10.19908896034298,5.886885540007176,9.38174347981422,9.046355841371918
2018-08-25,36.89621293319042,23.322883172561628,10.205519828510182,5.892267671331181,9.38227938549482,9.054930332261522
2018-08-26,36.888590844062946,23.322156652360515,10.207886266094421,5.894306752873564,9.38376251788269,9.058208154506438
2018-08-27,36.888590844062946,23.322156652360515,10.207886266094421,5.894306752873564,9.38376251788269,9.058208154506438
2018-08-28,36.87906395141122,23.314844587352624,10.211414790996784,5.898726228919986,9.384958913897822,9.066184351554126
2018-08-29,36.87906395141122,23.314844587352624,10.211414790996784,5.898726228919986,9.384958913897822,9.066184351554126
2018-08-30,36.87356938483548,23.313036480686694,10.212714592274677,5.90184985632184,9.384298998569387,9.070547210300429
2018-08-31,36.86069384835479,23.30445278969957,10.21700643776824,5.906698994252874,9.38376251788269,9.084495708154506
2018-09-01,36.8533404787424,23.29876741693462,10.222132904608788,5.909490491567994,9.38281529117542,9.091371918542336
2018-09-02,36.8478183118741,23.296942060085836,10.22398068669528,5.91100933908046,9.383226037195996,9.09549356223176
2018-09-03,36.8388710253662,23.289121114683816,10.22749196141479,5.914872622891999,9.383887102536622,9.103965702036442
2018-09-04,36.83547925608011,23.28513948497854,10.228809012875537,5.916936063218391,9.384298998569387,9.108369098712446
2018-09-05,36.83547925608011,23.28513948497854,10.228809012875537,5.916936063218391,9.384298998569387,9.108369098712446
2018-09-06,36.82260371959943,23.276555793991417,10.233100858369099,5.922323994252874,9.385371959942777,9.120171673819742
2018-09-07,36.82260371959943,23.276555793991417,10.233100858369099,5.922323994252874,9.385371959942777,9.120171673819742
2018-09-08,36.81529117541979,23.269292604501608,10.237674169346196,5.9256368855400074,9.386030725259022,9.12593783494105
2018-09-09,36.809728183118736,23.26716738197425,10.23846566523605,5.927981321839081,9.386444921316167,9.130633047210301
2018-09-10,36.809728183118736,23.26716738197425,10.23846566523605,5.927981321839081,9.386444921316167,9.130633047210301
2018-09-11,36.80082172204359,23.260450160771704,10.242229367631296,5.931288123430212,9.386834583779923,9.138799571275456
2018-09-12,36.80082172204359,23.260450160771704,10.242229367631296,5.931288123430212,9.386834583779923,9.138799571275456
2018-09-13,36.795243204577964,23.258583690987123,10.243562231759658,5.93444683908046,9.38724964234621,9.143240343347639
2018-09-14,36.78795998570918,23.255091103965704,10.2497320471597,5.935593828489416,9.385762772418722,9.14951768488746
2018-09-15,36.78069236259814,23.24946466809422,10.254282655246252,5.9383512544802874,9.386420413990008,9.154710920770878
2018-09-16,36.77509824937477,23.2470525187567,10.254823151125402,5.94124506637962,9.386834583779923,9.159699892818864
2018-09-17,36.76062879599857,23.237406216505896,10.258038585209004,5.947703623968425,9.388442300821723,9.17416934619507
2018-09-18,36.74937477670596,23.230439442658092,10.261789924973204,5.9536239684248295,9.388442300821723,9.184887459807074
2018-09-19,36.74937477670596,23.230439442658092,10.261789924973204,5.9536239684248295,9.388442300821723,9.184887459807074
2018-09-20,36.735441229010355,23.220793140407288,10.267148981779206,5.960082526013635,9.389514112182924,9.19882100750268
2018-09-21,36.72555317630264,23.213597430406853,10.271680942184155,5.964426523297491,9.391238401142044,9.207708779443255
2018-09-22,36.710563882940754,23.205032119914346,10.275963597430406,5.969802867383513,9.393379728765169,9.21948608137045
2018-09-23,36.70596641657735,23.20418006430868,10.27733118971061,5.971923214926445,9.392729546266525,9.22400857449089
2018-09-24,36.69557458957887,23.196466809421842,10.281852248394005,5.976254480286738,9.394985724482513,9.233404710920771
2018-09-25,36.69557458957887,23.196466809421842,10.281852248394005,5.976254480286738,9.394985724482513,9.233404710920771
2018-09-26,36.69557458957887,23.196466809421842,10.281852248394005,5.976254480286738,9.394985724482513,9.233404710920771
2018-09-27,36.68058529621698,23.186830835117775,10.28720556745182,5.9827060931899645,9.396056388294078,9.247323340471093
2018-09-28,36.67130124777184,23.180213903743315,10.294385026737968,5.984872896527032,9.396702317290554,9.254545454545454
2018-09-29,36.65686274509804,23.17058823529412,10.301871657754011,5.9907805227354105,9.39830659536542,9.266310160427807
2018-09-30,36.65221270521056,23.16916488222698,10.302194860813705,5.992921146953405,9.397930049964312,9.271145610278372
2018-10-01,36.640819964349376,23.161497326203207,10.30668449197861,5.997225205871823,9.400178253119432,9.281016042780749
2018-10-02,36.63508208422555,23.159528907922912,10.307012847965739,6.000448028673835,9.400606709493221,9.286670235546039
2018-10-03,36.63508208422555,23.159528907922912,10.307012847965739,6.000448028673835,9.400606709493221,9.286670235546039
2018-10-04,36.629331904251515,23.157556270096464,10.307341907824222,6.00367778973807,9.401036084315828,9.291264737406216
2018-10-05,36.629331904251515,23.157556270096464,10.307341907824222,6.00367778973807,9.401036084315828,9.291264737406216
2018-10-06,36.619557458957885,23.150428265524624,10.314507494646682,6.0068996415770615,9.401677373304784,9.29737687366167
2018-10-07,36.61566630939621,23.14737406216506,10.314576634512326,6.009059921062074,9.401839942836729,9.302518756698822
2018-10-08,36.61566630939621,23.14737406216506,10.314576634512326,6.009059921062074,9.401839942836729,9.302518756698822
2018-10-09,36.598517327617,23.136655948553056,10.322079314040728,6.016594904915681,9.402911754197929,9.316452304394426
2018-10-10,36.598517327617,23.136655948553056,10.322079314040728,6.016594904915681,9.402911754197929,9.316452304394426
2018-10-11,36.582976062879595,23.124866023579848,10.330117899249732,6.023053462504485,9.40398356555913,9.329314040728832
2018-10-12,36.582976062879595,23.124866023579848,10.330117899249732,6.023053462504485,9.40398356555913,9.329314040728832
2018-10-13,36.56636298678099,23.116827438370848,10.337620578778136,6.02897380696089,9.40451947123973,9.340568060021436
2018-10-14,36.56053290414878,23.11695278969957,10.337982832618026,6.032237787356322,9.403880543633765,9.345225321888412
2018-10-15,36.55361618331543,23.114930182599355,10.338345864661655,6.035508809780655,9.404314357321878,9.350966702470462
2018-10-16,36.542829041487835,23.106223175965667,10.34549356223176,6.03924209770115,9.40548998569385,9.36024678111588
2018-10-17,36.542829041487835,23.106223175965667,10.34549356223176,6.03924209770115,9.40548998569385,9.36024678111588
2018-10-18,36.52673462088698,23.096030042918454,10.354077253218884,6.046515804597702,9.40548998569385,9.37151287553648
2018-10-19,36.51064020028612,23.084227467811157,10.36480686695279,6.050826149425288,9.406026466380546,9.383851931330472
2018-10-20,36.49239985693848,23.07296137339056,10.375536480686696,6.057830459770115,9.40656294706724,9.395654506437769
2018-10-21,36.48540995345506,23.071965628356605,10.37701396348013,6.061129090255304,9.40592552810598,9.400375939849624
2018-10-22,36.48540995345506,23.071965628356605,10.37701396348013,6.061129090255304,9.40592552810598,9.400375939849624
2018-10-23,36.468224131757964,23.06122448979592,10.387755102040817,6.066522833513125,9.406462585034015,9.414339419978518
2018-10-24,36.468224131757964,23.06122448979592,10.387755102040817,6.066522833513125,9.406462585034015,9.414339419978518
2018-10-25,36.46227598566308,23.059139784946236,10.389247311827956,6.068754499640029,9.406899641577063,9.419086021505377
2018-10-26,36.46227598566308,23.059139784946236,10.389247311827956,6.068754499640029,9.406899641577063,9.419086021505377
2018-10-27,36.443996415770606,23.04731182795699,10.401612903225807,6.074694024478042,9.407437275985664,9.43037634408602
2018-10-28,36.443996415770606,23.04731182795699,10.401612903225807,6.074694024478042,9.407437275985664,9.43037634408602
2018-10-29,36.42625448028674,23.03494623655914,10.411827956989248,6.0806335493160555,9.409587813620073,9.443279569892473
2018-10-30,36.420254754216,23.030678148546823,10.413347685683531,6.082882882882883,9.411105130965197,9.44913885898816
2018-10-31,36.420254754216,23.030678148546823,10.413347685683531,6.082882882882883,9.411105130965197,9.44913885898816
2018-11-01,36.415319683908045,23.028556034482758,10.414870689655173,6.085137085137085,9.41154813218391,9.453933189655173
2018-11-02,36.415319683908045,23.028556034482758,10.414870689655173,6.085137085137085,9.41154813218391,9.453933189655173
2018-11-03,36.40410836024399,23.018299246501616,10.427879440258343,6.088288288288289,9.411643344097598,9.458826695371368
2018-11-04,36.40410836024399,23.018299246501616,10.427879440258343,6.088288288288289,9.411643344097598,9.458826695371368
2018-11-05,36.39130824372759,23.008064516129032,10.437096774193549,6.092512598992081,9.413351254480288,9.466397849462366
2018-11-06,36.39130824372759,23.008064516129032,10.437096774193549,6.092512598992081,9.413351254480288,9.466397849462366
2018-11-07,36.39130824372759,23.008064516129032,10.437096774193549,6.092512598992081,9.413351254480288,9.466397849462366
2018-11-08,36.39130824372759,23.008064516129032,10.437096774193549,6.092512598992081,9.413351254480288,9.466397849462366
2018-11-09,36.3812209094164,22.998388829215898,10.449516648764769,6.095649047105358,9.412907268170427,9.47126745435016
2018-11-10,36.36900929899857,22.98980686695279,10.461909871244636,6.097701149425288,9.412464234620888,9.47719957081545
2018-11-11,36.352914878397705,22.979077253218883,10.475858369098713,6.102011494252874,9.411391273247498,9.486856223175966
2018-11-12,36.3412826009289,22.969453376205788,10.486066452304394,6.105130965195551,9.412022150768133,9.494372990353698
2018-11-13,36.3412826009289,22.969453376205788,10.486066452304394,6.105130965195551,9.412022150768133,9.494372990353698
2018-11-14,36.3412826009289,22.969453376205788,10.486066452304394,6.105130965195551,9.412022150768133,9.494372990353698
2018-11-15,36.330210563882936,22.95985010706638,10.499464668094218,6.107168458781362,9.411581013561744,9.499197002141328
2018-11-16,36.32466952483029,22.957663451232584,10.5010718113612,6.1094366702547545,9.410950339406932,9.504019292604502
2018-11-17,36.31468593861527,22.948608137044967,10.51338329764454,6.112007168458781,9.41051034975018,9.508297644539615
2018-11-18,36.30966416577349,22.94855305466238,10.513933547695606,6.113204162181558,9.409878528045732,9.513129689174706
2018-11-19,36.29305108967488,22.935155412647376,10.52572347266881,6.119124506637962,9.412022150768133,9.52545551982851
2018-11-20,36.29305108967488,22.935155412647376,10.52572347266881,6.119124506637962,9.412022150768133,9.52545551982851
2018-11-21,36.29305108967488,22.935155412647376,10.52572347266881,6.119124506637962,9.412022150768133,9.52545551982851
2018-11-22,36.28692775393419,22.93293991416309,10.52736051502146,6.121408045977012,9.412464234620888,9.530311158798284
2018-11-23,36.271906294706724,22.920064377682404,10.540236051502147,6.1257183908045985,9.411927753934194,9.54318669527897
2018-11-24,36.26143265451947,22.911039657020364,10.552518756698822,6.12881234302117,9.410950339406932,9.54849946409432
2018-11-25,36.257421316165946,22.910944206008583,10.553111587982833,6.130028735632184,9.410318311874107,9.55337982832618
2018-11-26,36.24803501250447,22.90139335476956,10.562165058949624,6.132579834947973,9.410950339406932,9.560289389067524
2018-11-27,36.2407904148784,22.90021459227468,10.563841201716738,6.134877873563219,9.410318311874107,9.566255364806867
2018-11-28,36.2407904148784,22.90021459227468,10.563841201716738,6.134877873563219,9.410318311874107,9.566255364806867
2018-11-29,36.226841917024316,22.88733905579399,10.577789699570815,6.140265804597702,9.408172389127326,9.576984978540773
2018-11-30,36.21802429439085,22.881028938906752,10.586816720257234,6.143882310728382,9.40773490532333,9.581189710610932
2018-12-01,36.20248302965344,22.869774919614148,10.59914255091104,6.149264442052386,9.40719899964273,9.592443729903536
2018-12-02,36.197335479256076,22.86802575107296,10.60005364806867,6.150772270114943,9.407099427753936,9.598444206008583
2018-12-03,36.18801357627724,22.857984994640944,10.607984994640944,6.154377466810191,9.40880671668453,9.605305466237942
2018-12-04,36.18801357627724,22.857984994640944,10.607984994640944,6.154377466810191,9.40880671668453,9.605305466237942
2018-12-05,36.18801357627724,22.857984994640944,10.607984994640944,6.154377466810191,9.40880671668453,9.605305466237942
2018-12-06,36.176223651304035,22.84512325830654,10.619774919614148,6.157606745604593,9.40773490532333,9.616023579849946
2018-12-07,36.16336191496963,22.831725616291532,10.633172561629154,6.161374237531396,9.40719899964273,9.62566988210075
2018-12-08,36.15569236259814,22.823340471092077,10.64213062098501,6.164426523297491,9.406763026409708,9.630353319057816
2018-12-09,36.15050017863523,22.821543408360128,10.642282958199356,6.166218155723,9.40746695248303,9.635852090032154
2018-12-10,36.14445039257673,22.812633832976445,10.650160599571734,6.169265232974911,9.4070306923626,9.640524625267666
2018-12-11,36.13763844230082,22.809217577706324,10.65139335476956,6.171600287047005,9.40800285816363,9.646570203644158
2018-12-12,36.13763844230082,22.809217577706324,10.65139335476956,6.171600287047005,9.40800285816363,9.646570203644158
2018-12-13,36.12531261164701,22.79796355841372,10.662647374062166,6.176444205238608,9.40639514112183,9.657288317256162
2018-12-14,36.11298678099321,22.787245444801716,10.67282958199357,6.17967348403301,9.40639514112183,9.668006430868168
2018-12-15,36.1075124910778,22.778907922912207,10.682280513918629,6.1816308243727605,9.404889364739473,9.671573875802999
2018-12-16,36.10119685602,22.777599142550912,10.683011789924974,6.183979189092214,9.40532332976063,9.677652733118972
2018-12-17,36.09594062947067,22.7730686695279,10.684817596566523,6.186332614942529,9.405758226037197,9.682671673819742
2018-12-18,36.0883351196856,22.764737406216504,10.692658092175778,6.189899533548619,9.40585923544123,9.688370846730976
2018-12-19,36.0883351196856,22.764737406216504,10.692658092175778,6.189899533548619,9.40585923544123,9.688370846730976
2018-12-20,36.074401571989995,22.755627009646304,10.70230439442658,6.194743451740223,9.40585923544123,9.69908896034298
2018-12-21,36.074401571989995,22.755627009646304,10.70230439442658,6.194743451740223,9.40585923544123,9.69908896034298
2018-12-22,36.06225437656306,22.74312254376563,10.71337977849232,6.199766774309293,9.404966059306895,9.708735262593784
2018-12-23,36.056956366237486,22.741773962804004,10.7141452074392,6.202137212643678,9.404327610872675,9.71486051502146
2018-12-24,36.056956366237486,22.741773962804004,10.7141452074392,6.202137212643678,9.404327610872675,9.71486051502146
2018-12-25,36.056956366237486,22.741773962804004,10.7141452074392,6.202137212643678,9.404327610872675,9.71486051502146
2018-12-26,36.056956366237486,22.741773962804004,10.7141452074392,6.202137212643678,9.404327610872675,9.71486051502146
2018-12-27,36.051646974579306,22.740422484783387,10.713838166845687,6.204512765192376,9.403687790905837,9.719924812030076
2018-12-28,36.04632616487456,22.737992831541217,10.714605734767026,6.206893448524117,9.40304659498208,9.725
2018-12-29,36.04632616487456,22.737992831541217,10.714605734767026,6.206893448524117,9.40304659498208,9.725
2018-12-30,36.04207032651597,22.736634373878722,10.715374955148906,6.209279279279279,9.402404018658055,9.730086114101184
2018-12-31,36.037805316091955,22.732579022988503,10.715607040229886,6.211670274170274,9.402837643678161,9.735183189655173
2019-01-01,36.03029485796476,22.73121179431859,10.716379000359584,6.214066449981942,9.402193455591515,9.741370010787486
2019-01-02,36.03029485796476,22.73121179431859,10.716379000359584,6.214066449981942,9.402193455591515,9.741370010787486
2019-01-03,36.02492800575954,22.729841612670985,10.717152627789778,6.216467823571945,9.401547876169907,9.746490280777538
2019-01-04,36.01734987414599,22.721503056454512,10.725008989572096,6.220566991693752,9.402193455591515,9.751078748651564
2019-01-05,36.00791082344481,22.71098525710176,10.734178353110392,6.224900686168292,9.402193455591515,9.758360302049622
2019-01-06,36.00251979841613,22.711753059755218,10.734971202303816,6.2262292118582785,9.401547876169907,9.763498920086393
2019-01-07,36.00251979841613,22.711753059755218,10.734971202303816,6.2262292118582785,9.401547876169907,9.763498920086393
2019-01-08,35.991720662347014,22.699874010079192,10.742530597552197,6.232736804049168,9.402627789776819,9.774298056155507
2019-01-09,35.991720662347014,22.699874010079192,10.742530597552197,6.232736804049168,9.402627789776819,9.774298056155507
2019-01-10,35.97984161267099,22.69015478761699,10.75332973362131,6.238159797541576,9.401547876169907,9.78401727861771
2019-01-11,35.97231211794319,22.680780294857964,10.76438331535419,6.24006861682918,9.40111470693995,9.78856526429342
2019-01-12,35.96206400575333,22.670532182668104,10.77247393024092,6.244944023113037,9.400035958288386,9.797195253505933
2019-01-13,35.9577033837293,22.67125629949604,10.773308135349172,6.2473788864786695,9.398308135349172,9.801295896328293
2019-01-14,35.943664506839454,22.66099712023038,10.780867530597552,6.253344179320318,9.39992800575954,9.812634989200864
2019-01-15,35.943664506839454,22.66099712023038,10.780867530597552,6.253344179320318,9.39992800575954,9.812634989200864
2019-01-16,35.943664506839454,22.66099712023038,10.780867530597552,6.253344179320318,9.39992800575954,9.812634989200864
2019-01-17,35.93711711711712,22.660630630630628,10.781711711711713,6.256876583423814,9.39927927927928,9.817837837837837
2019-01-18,35.93711711711712,22.660630630630628,10.781711711711713,6.256876583423814,9.39927927927928,9.817837837837837
2019-01-19,35.92630630630631,22.649279279279277,10.790900900900901,6.261762576909156,9.39927927927928,9.825945945945946
2019-01-20,35.91973304473305,22.64889971139971,10.792839105339105,6.264221014492754,9.39862914862915,9.831168831168831
2019-01-21,35.914414414414416,22.63900900900901,10.802252252252252,6.267734346724574,9.39873873873874,9.834594594594595
2019-01-22,35.908910533910536,22.636453823953822,10.803120490620492,6.270199275362319,9.398088023088023,9.840909090909092
2019-01-23,35.90414414414415,22.62981981981982,10.8109009009009,6.272620340209916,9.397117117117118,9.844324324324324
2019-01-24,35.891711711711714,22.61954954954955,10.82009009009009,6.278592110025334,9.395495495495496,9.854054054054053
2019-01-25,35.88642908567315,22.610241180705543,10.830003599712024,6.2804591467823565,9.395068394528439,9.857451403887689
2019-01-26,35.875089992800575,22.600521958243338,10.839182865370772,6.285882140274765,9.393988480921527,9.865550755939525
2019-01-27,35.86954954954955,22.598828828828825,10.840450450450449,6.28800217155266,9.393693693693693,9.870810810810811
2019-01-28,35.86321094312455,22.590622750179982,10.848182145428366,6.290943600867679,9.394348452123829,9.875269978401727
2019-01-29,35.86321094312455,22.590622750179982,10.848182145428366,6.290943600867679,9.394348452123829,9.875269978401727
2019-01-30,35.86321094312455,22.590622750179982,10.848182145428366,6.290943600867679,9.394348452123829,9.875269978401727
2019-01-31,35.85765765765766,22.588018018018015,10.849099099099098,6.294516829533116,9.393693693693693,9.88054054054054
2019-02-01,35.85765765765766,22.588018018018015,10.849099099099098,6.294516829533116,9.393693693693693,9.88054054054054
2019-02-02,35.85187185025198,22.580363570914326,10.857361411087112,6.297993492407809,9.392188624910007,9.884449244060475
2019-02-03,35.84630630630631,22.578828828828826,10.858288288288287,6.300488599348534,9.39153153153153,9.88972972972973
2019-02-04,35.84630630630631,22.578828828828826,10.858288288288287,6.300488599348534,9.39153153153153,9.88972972972973
2019-02-05,35.83441441441442,22.567477477477475,10.867477477477477,6.3059174809989145,9.393153153153152,9.89945945945946
2019-02-06,35.83441441441442,22.567477477477475,10.867477477477477,6.3059174809989145,9.393153153153152,9.89945945945946
2019-02-07,35.82882395382396,22.564844877344875,10.867334054834053,6.309510869565218,9.392496392496392,9.904761904761905
2019-02-08,35.822522522522526,22.557747747747744,10.877207207207206,6.311346362649294,9.392072072072072,9.907027027027027
2019-02-09,35.811171171171175,22.548558558558558,10.884774774774774,6.318403908794788,9.39153153153153,9.915135135135134
2019-02-10,35.804473304473305,22.548069985569985,10.886814574314574,6.320923913043479,9.390873015873016,9.919372294372295
2019-02-11,35.79202741702742,22.536706349206348,10.896013708513708,6.3258152173913045,9.392496392496392,9.929112554112555
2019-02-12,35.79202741702742,22.536706349206348,10.896013708513708,6.3258152173913045,9.392496392496392,9.929112554112555
2019-02-13,35.79202741702742,22.536706349206348,10.896013708513708,6.3258152173913045,9.392496392496392,9.929112554112555
2019-02-14,35.77904040404041,22.52913059163059,10.905753968253968,6.332336956521739,9.39033189033189,9.936688311688311
2019-02-15,35.77904040404041,22.52913059163059,10.905753968253968,6.332336956521739,9.39033189033189,9.936688311688311
2019-02-16,35.766594516594516,22.52263708513708,10.914411976911977,6.337771739130435,9.388167388167387,9.943722943722944
2019-02-17,35.75984109786927,22.522119898880458,10.915402672444925,6.34031556039173,9.387504514265077,9.94907908992416
2019-02-18,35.753607503607505,22.517225829725827,10.919823232323232,6.3432065217391305,9.387626262626261,9.953463203463203
2019-02-19,35.741702741702746,22.50965007215007,10.929022366522366,6.347554347826087,9.38546176046176,9.96374458874459
2019-02-20,35.741702741702746,22.50965007215007,10.929022366522366,6.347554347826087,9.38546176046176,9.96374458874459
2019-02-21,35.728715728715734,22.504238816738813,10.938762626262626,6.351902173913044,9.383297258297258,9.970238095238095
2019-02-22,35.718434343434346,22.49503968253968,10.949585137085137,6.354076086956522,9.382215007215006,9.978354978354979
2019-02-23,35.70598845598846,22.4890873015873,10.958243145743145,6.359510869565217,9.380050505050505,9.98538961038961
2019-02-24,35.700794510653665,22.48609606356085,10.958739617190322,6.361806311207834,9.38046226074395,9.990249187432285
2019-02-25,35.700794510653665,22.48609606356085,10.958739617190322,6.361806311207834,9.38046226074395,9.990249187432285
2019-02-26,35.694083694083695,22.48124098124098,10.9636544011544,6.3652173913043475,9.380050505050505,9.994588744588745
2019-02-27,35.694083694083695,22.48124098124098,10.9636544011544,6.3652173913043475,9.380050505050505,9.994588744588745
2019-02-28,35.68434343434344,22.471500721500718,10.972312409812409,6.370652173913044,9.380050505050505,10.003246753246753
2019-03-01,35.68434343434344,22.471500721500718,10.972312409812409,6.370652173913044,9.380050505050505,10.003246753246753
2019-03-02,35.67711711711712,22.466666666666665,10.977747747747747,6.372421281216069,9.38072072072072,10.007567567567568
2019-03-03,35.664144144144146,22.458828828828825,10.983423423423423,6.378664495114006,9.38126126126126,10.017837837837838
2019-03-04,35.65802735781138,22.45185385169186,10.993160547156227,6.381507592190889,9.379769618430524,10.01889848812095
2019-03-05,35.652252252252254,22.449099099099097,10.994234234234234,6.384093376764387,9.379099099099099,10.024324324324324
2019-03-06,35.652252252252254,22.449099099099097,10.994234234234234,6.384093376764387,9.379099099099099,10.024324324324324
2019-03-07,35.64646464646465,22.447420634920633,10.995310245310245,6.386684782608696,9.378427128427127,10.029761904761905
2019-03-08,35.64646464646465,22.447420634920633,10.995310245310245,6.386684782608696,9.378427128427127,10.029761904761905
2019-03-09,35.63537157287158,22.438762626262623,11.003427128427127,6.391304347826087,9.377886002886003,10.037608225108226
2019-03-10,35.63064283134706,22.434904297580353,11.004514265077646,6.393906420021763,9.378295413506681,10.043066088840737
2019-03-11,35.63064283134706,22.434904297580353,11.004514265077646,6.393906420021763,9.378295413506681,10.043066088840737
2019-03-12,35.62509018759019,22.42685786435786,11.01154401154401,6.397826086956521,9.377886002886003,10.04788961038961
2019-03-13,35.62509018759019,22.42685786435786,11.01154401154401,6.397826086956521,9.377886002886003,10.04788961038961
2019-03-14,35.61318542568543,22.418199855699854,11.021284271284271,6.4021739130434785,9.37680375180375,10.056547619047619
2019-03-15,35.602362914862915,22.40845959595959,11.02994227994228,6.407608695652174,9.3757215007215,10.064123376623376
2019-03-16,35.59738738738739,22.400990990990987,11.037477477477477,6.41042345276873,9.374234234234233,10.066756756756757
2019-03-17,35.59154040404041,22.40034271284271,11.038600288600287,6.413043478260869,9.373556998556998,10.07224025974026
2019-03-18,35.58495495495496,22.39342342342342,11.045585585585584,6.415852334419109,9.373153153153153,10.077027027027027
2019-03-19,35.58017676767677,22.39060245310245,11.04563492063492,6.418478260869565,9.372474747474747,10.083603896103897
2019-03-20,35.58017676767677,22.39060245310245,11.04563492063492,6.418478260869565,9.372474747474747,10.083603896103897
2019-03-21,35.56827200577201,22.38302669552669,11.054292929292929,6.423913043478261,9.371392496392495,10.091179653679653
2019-03-22,35.56827200577201,22.38302669552669,11.054292929292929,6.423913043478261,9.371392496392495,10.091179653679653
2019-03-23,35.557449494949495,22.374639249639248,11.062409812409811,6.428804347826087,9.369769119769119,10.099025974025974
2019-03-24,35.55290718671001,22.37179487179487,11.063289996388587,6.430903155603917,9.370169736366918,10.10373781148429
2019-03-25,35.55290718671001,22.37179487179487,11.063289996388587,6.430903155603917,9.370169736366918,10.10373781148429
2019-03-26,35.54369808595161,22.3604189237992,11.070332249909715,6.436343852013057,9.370169736366918,10.111863488624053
2019-03-27,35.53769841269842,22.355699855699854,11.07891414141414,6.438586956521739,9.369227994227993,10.113906926406926
2019-03-28,35.527958152958156,22.344877344877343,11.0886544011544,6.442934782608695,9.368145743145742,10.121482683982684
2019-03-29,35.52311303719755,22.34200072228241,11.089833875045143,6.445593035908597,9.368544600938966,10.12703141928494
2019-03-30,35.5160533910534,22.33513708513708,11.097853535353535,6.448913043478261,9.367604617604616,10.129599567099566
2019-03-31,35.51119537739256,22.333333333333332,11.099042975803538,6.451577801958651,9.366919465511014,10.134073672806068
2019-04-01,35.50468975468976,22.3270202020202,11.105970418470418,6.4554347826086955,9.36598124098124,10.13771645021645
2019-04-02,35.50468975468976,22.3270202020202,11.105970418470418,6.4554347826086955,9.36598124098124,10.13771645021645
2019-04-03,35.50468975468976,22.3270202020202,11.105970418470418,6.4554347826086955,9.36598124098124,10.13771645021645
2019-04-04,35.49440836940837,22.31836219336219,11.115710678210677,6.460326086956521,9.364357864357864,10.144751082251082
2019-04-05,35.49440836940837,22.31836219336219,11.115710678210677,6.460326086956521,9.364357864357864,10.144751082251082
2019-04-06,35.48412698412699,22.308621933621932,11.125450937950937,6.465760869565218,9.363275613275613,10.15124458874459
2019-04-07,35.48412698412699,22.308621933621932,11.125450937950937,6.465760869565218,9.363275613275613,10.15124458874459
2019-04-08,35.48412698412699,22.308621933621932,11.125450937950937,6.465760869565218,9.363275613275613,10.15124458874459
2019-04-09,35.47711711711712,22.30126126126126,11.133963963963962,6.469598262757872,9.362342342342341,10.155405405405405
2019-04-10,35.47711711711712,22.30126126126126,11.133963963963962,6.469598262757872,9.362342342342341,10.155405405405405
2019-04-11,35.473304473304474,22.298340548340544,11.135191197691197,6.472282608695652,9.361652236652237,10.159902597402597
2019-04-12,35.465225225225225,22.29261261261261,11.144774774774774,6.473941368078176,9.36126126126126,10.162972972972973
2019-04-13,35.45603603603604,22.28234234234234,11.152342342342342,6.480456026058632,9.36072072072072,10.169459459459459
2019-04-14,35.45328282828283,22.281565656565654,11.153589466089466,6.4831521739130435,9.360028860028859,10.17180735930736
2019-04-15,35.44462481962482,22.270202020202017,11.161165223665224,6.489130434782608,9.360028860028859,10.180465367965368
2019-04-16,35.44462481962482,22.270202020202017,11.161165223665224,6.489130434782608,9.360028860028859,10.180465367965368
2019-04-17,35.43765765765766,22.263423423423422,11.1718018018018,6.490770901194354,9.358558558558558,10.183513513513514
2019-04-18,35.42792792792793,22.256396396396394,11.180450450450449,6.49728555917481,9.356396396396395,10.18945945945946
2019-04-19,35.42792792792793,22.256396396396394,11.180450450450449,6.49728555917481,9.356396396396395,10.18945945945946
2019-04-20,35.4199064074874,22.251799856011516,11.188894888408926,6.4989154013015185,9.356011519078473,10.192494600431965
2019-04-21,35.41603603603604,22.250180180180177,11.19018018018018,6.501357220412595,9.355855855855856,10.195675675675675
2019-04-22,35.40802735781138,22.244510439164863,11.19861411087113,6.504067245119306,9.354391648668106,10.198704103671707
2019-04-23,35.402193455591515,22.237774181948936,11.204872348076231,6.507854821235103,9.355088097806544,10.202804746494067
2019-04-24,35.402193455591515,22.237774181948936,11.204872348076231,6.507854821235103,9.355088097806544,10.202804746494067
2019-04-25,35.398308135349176,22.23479121670266,11.205093592512599,6.5105748373101955,9.354391648668106,10.207343412526997
2019-04-26,35.39387387387388,22.2318018018018,11.205315315315314,6.513300760043431,9.355315315315314,10.211891891891892
2019-04-27,35.38198198198199,22.225315315315314,11.213963963963963,6.518729641693811,9.355315315315314,10.218378378378379
2019-04-28,35.38198198198199,22.225315315315314,11.213963963963963,6.518729641693811,9.355315315315314,10.218378378378379
2019-04-29,35.37347012239021,22.219132469402446,11.222912167026637,6.521420824295011,9.354931605471561,10.221922246220302
2019-04-30,35.36900900900901,22.215585585585583,11.223153153153152,6.524158523344191,9.356396396396395,10.226486486486486
2019-05-01,35.36900900900901,22.215585585585583,11.223153153153152,6.524158523344191,9.356396396396395,10.226486486486486
2019-05-02,35.35711711711712,22.208018018018016,11.233963963963964,6.528501628664495,9.356396396396395,10.231891891891891
2019-05-03,35.35155122655123,22.206078643578643,11.234217171717171,6.532336956521739,9.356782106782106,10.23647186147186
2019-05-04,35.33964646464647,22.197420634920633,11.24287518037518,6.537771739130434,9.356782106782106,10.244047619047619
2019-05-05,35.33351390393644,22.196551101480676,11.244221740700613,6.540533188248096,9.357168652943301,10.24756229685807
2019-05-06,35.32665945165945,22.188762626262623,11.25369769119769,6.542119565217392,9.356782106782106,10.250541125541126
2019-05-07,35.31529581529582,22.179022366522364,11.26343795093795,6.548641304347826,9.356240981240981,10.259199134199134
2019-05-08,35.31529581529582,22.179022366522364,11.26343795093795,6.548641304347826,9.356240981240981,10.259199134199134
2019-05-09,35.30339105339105,22.170364357864354,11.27317821067821,6.554076086956521,9.356240981240981,10.26569264069264
2019-05-10,35.291486291486294,22.161706349206348,11.284000721500721,6.557880434782609,9.35515873015873,10.27435064935065
2019-05-11,35.284684684684684,22.155045045045043,11.29234234234234,6.560532030401737,9.354774774774775,10.277297297297297
2019-05-12,35.27849927849928,22.15413059163059,11.293740981240981,6.563315217391304,9.35515873015873,10.280844155844155
2019-05-13,35.267947330447335,22.142766955266953,11.302940115440114,6.568478260869565,9.354617604617603,10.29004329004329
2019-05-14,35.267947330447335,22.142766955266953,11.302940115440114,6.568478260869565,9.354617604617603,10.29004329004329
2019-05-15,35.267947330447335,22.142766955266953,11.302940115440114,6.568478260869565,9.354617604617603,10.29004329004329
2019-05-16,35.26282051282052,22.139671361502344,11.304351751534849,6.572361262241567,9.35500180570603,10.29469122426869
2019-05-17,35.26282051282052,22.139671361502344,11.304351751534849,6.572361262241567,9.35500180570603,10.29469122426869
2019-05-18,35.25090285301553,22.12992054893463,11.313019140483929,6.577801958650707,9.35500180570603,10.30281690140845
2019-05-19,35.24466738973247,22.12897686189443,11.313358640636297,6.5816993464052285,9.355386840202458,10.307483731019524
2019-05-20,35.237901769591915,22.122336583604188,11.321686529433007,6.5832426550598475,9.35500180570603,10.310400866738895
2019-05-21,35.230068542568546,22.11516955266955,11.329455266955266,6.586956521739131,9.354617604617603,10.31439393939394
2019-05-22,35.230068542568546,22.11516955266955,11.329455266955266,6.586956521739131,9.354617604617603,10.31439393939394
2019-05-23,35.21924603174603,22.107052669552665,11.335948773448774,6.593478260869565,9.354076479076479,10.323051948051948
2019-05-24,35.21406644998194,22.105001805706028,11.336312748284579,6.596844396082699,9.354460093896712,10.327735644637054
2019-05-25,35.20734126984127,22.09947691197691,11.34244227994228,6.59945652173913,9.354076479076479,10.330627705627705
2019-05-26,35.201336222462984,22.097417840375584,11.342813289996387,6.60310119695321,9.354730949801372,10.335319609967497
2019-05-27,35.19354256854257,22.091901154401153,11.350018037518037,6.604619565217392,9.35326479076479,10.338203463203463
2019-05-28,35.179473304473305,22.081619769119765,11.359217171717171,6.611141304347826,9.352723665223664,10.347943722943723
2019-05-29,35.179473304473305,22.081619769119765,11.359217171717171,6.611141304347826,9.352723665223664,10.347943722943723
2019-05-30,35.17425063199711,22.07737450343084,11.360689779703863,6.615070729053318,9.35310581437342,10.35373781148429
2019-05-31,35.17425063199711,22.07737450343084,11.360689779703863,6.615070729053318,9.35310581437342,10.35373781148429
2019-06-01,35.16016612495486,22.06437342000722,11.375315998555434,6.6194232861806315,9.352564102564102,10.361321776814735
2019-06-02,35.152747650036154,22.063358640636295,11.376807664497468,6.6230936819172115,9.352404193781634,10.366594360086768
2019-06-03,35.1428313470567,22.054622607439505,11.391567352834958,6.624591947769314,9.35093896713615,10.369447453954496
2019-06-04,35.1428313470567,22.054622607439505,11.391567352834958,6.624591947769314,9.35093896713615,10.369447453954496
2019-06-05,35.1428313470567,22.054622607439505,11.391567352834958,6.624591947769314,9.35093896713615,10.369447453954496
2019-06-06,35.12657999277718,22.04107981220657,11.408902130733116,6.6294885745375405,9.347688696280246,10.378114842903575
2019-06-07,35.12657999277718,22.04107981220657,11.408902130733116,6.6294885745375405,9.347688696280246,10.378114842903575
2019-06-08,35.110870350306975,22.027537016973636,11.426778620440592,6.634385201305767,9.346063560852292,10.38569880823402
2019-06-09,35.102313810556765,22.027566883586402,11.428326102675342,6.6383442265795205,9.345354302241503,10.391540130151844
2019-06-10,35.102313810556765,22.027566883586402,11.428326102675342,6.6383442265795205,9.345354302241503,10.391540130151844
2019-06-11,35.09028530155291,22.01778620440592,11.444655110148068,6.640914036996736,9.343355001805705,10.394907908992415
2019-06-12,35.09028530155291,22.01778620440592,11.444655110148068,6.640914036996736,9.343355001805705,10.394907908992415
2019-06-13,35.082791033984094,22.014551699204624,11.446221981200289,6.644880174291939,9.34372740419378,10.400759219088938
2019-06-14,35.082791033984094,22.014551699204624,11.446221981200289,6.644880174291939,9.34372740419378,10.400759219088938
2019-06-15,35.06489515545915,21.999909616775124,11.465202458423716,6.650871459694989,9.342100506146059,10.40997830802603
2019-06-16,35.05627940644228,21.997737965979006,11.467879116901917,6.653762268266085,9.342471950778139,10.41585233441911
2019-06-17,35.04981884057971,21.99338768115942,11.46947463768116,6.657751091703057,9.34284420289855,10.421739130434782
2019-06-18,35.03890698516106,21.983622873688017,11.484165761853058,6.6603053435114505,9.342471950778139,10.425081433224756
2019-06-19,35.03890698516106,21.983622873688017,11.484165761853058,6.6603053435114505,9.342471950778139,10.425081433224756
2019-06-20,35.032427536231886,21.97817028985507,11.486865942028984,6.664301310043668,9.34284420289855,10.430978260869566
2019-06-21,35.02479189287007,21.968422005066955,11.502081071299312,6.665212649945475,9.340843286283025,10.433224755700326
2019-06-22,35.01446131597976,21.957610267534342,11.517805495300072,6.666122004357298,9.339389009399854,10.436550976138829
2019-06-23,35.00687658342382,21.954306912775966,11.519724936663046,6.6695747001090515,9.33975750995295,10.442182410423452
2019-06-24,35.00687658342382,21.954306912775966,11.519724936663046,6.6695747001090515,9.33975750995295,10.442182410423452
2019-06-25,34.99683658712943,21.944323933477943,11.535159074475777,6.671296296296297,9.338846710050614,10.445227765726681
2019-06-26,34.99683658712943,21.944323933477943,11.535159074475777,6.671296296296297,9.338846710050614,10.445227765726681
2019-06-27,34.98056760665221,21.9291395516992,11.551428054953,6.677832244008715,9.336677512653651,10.453904555314534
2019-06-28,34.98056760665221,21.9291395516992,11.551428054953,6.677832244008715,9.336677512653651,10.453904555314534
2019-06-29,34.96429862617499,21.9144974692697,11.568239334779465,6.683278867102397,9.33559291395517,10.463665943600867
2019-06-30,34.957383279044514,21.910604415490408,11.569942091929063,6.687113776808433,9.336319218241043,10.469055374592834
2019-07-01,34.948752711496745,21.90093998553868,11.583423716558206,6.688543936092955,9.334869848156183,10.472885032537961
2019-07-02,34.942182410423456,21.897575099529494,11.585142960550126,6.69147582697201,9.335233441910967,10.479913137893593
2019-07-03,34.942182410423456,21.897575099529494,11.585142960550126,6.69147582697201,9.335233441910967,10.479913137893593
2019-07-04,34.92480998914224,21.883460007238508,11.602515381831342,6.695837877135586,9.33414766558089,10.489685124864279
2019-07-05,34.92480998914224,21.883460007238508,11.602515381831342,6.695837877135586,9.33414766558089,10.489685124864279
2019-07-06,34.91513015184382,21.873282718727403,11.617046276211134,6.696713870733478,9.33324295010846,10.49240780911063
2019-07-07,34.907437567861024,21.870430691277594,11.618802026782483,6.700472555434387,9.333333333333334,10.498371335504887
2019-07-08,34.907437567861024,21.870430691277594,11.618802026782483,6.700472555434387,9.333333333333334,10.498371335504887
2019-07-09,34.89115092290988,21.85794426348172,11.635088671733623,6.705925118138858,9.332790445168296,10.50814332247557
2019-07-10,34.89115092290988,21.85794426348172,11.635088671733623,6.705925118138858,9.332790445168296,10.50814332247557
2019-07-11,34.88233695652174,21.853442028985505,11.637952898550724,6.709970887918486,9.333152173913044,10.514130434782608
2019-07-12,34.88233695652174,21.853442028985505,11.637952898550724,6.709970887918486,9.333152173913044,10.514130434782608
2019-07-13,34.86711956521739,21.841485507246375,11.653713768115942,6.714883551673944,9.331521739130435,10.521739130434783
2019-07-14,34.86044613710555,21.839136742836413,11.655513239027929,6.718943533697631,9.330794341675734,10.527747551686616
2019-07-15,34.84521218715996,21.828255350018132,11.669659049691694,6.725500910746812,9.329706202393906,10.535364526659412
2019-07-16,34.837418300653596,21.82480029048656,11.672567175018155,6.729576951130562,9.330065359477125,10.540305010893245
2019-07-17,34.837418300653596,21.82480029048656,11.672567175018155,6.729576951130562,9.330065359477125,10.540305010893245
2019-07-18,34.82960741548528,21.821337695383495,11.675481643038895,6.733661920408908,9.329334787350055,10.54525627044711
2019-07-19,34.82216775599129,21.811728395061724,11.689996368917937,6.735047410649161,9.327886710239651,10.546840958605664
2019-07-20,34.81365614798694,21.802684076895172,11.702303228146535,6.736976320582878,9.326985854189337,10.548966267682264
2019-07-21,34.80718954248366,21.80137981118373,11.70415758896151,6.740791393143691,9.327342047930284,10.553376906318082
2019-07-22,34.80032644178455,21.79125861443598,11.715904969169387,6.742167577413479,9.325897714907509,10.557671381936888
2019-07-23,34.7929347826087,21.781702898550723,11.73034420289855,6.743540756914119,9.32445652173913,10.559239130434783
2019-07-24,34.787187839305105,21.77379659790083,11.742580528411146,6.743820428934932,9.323561346362649,10.560260586319218
2019-07-25,34.77090119435396,21.760767281939916,11.76103872602244,6.750363504180298,9.322475570032573,10.565689467969598
2019-07-26,34.77090119435396,21.760767281939916,11.76103872602244,6.750363504180298,9.322475570032573,10.565689467969598
2019-07-27,34.75732899022801,21.748280854144042,11.775696706478465,6.7563613231552155,9.320304017372422,10.572204125950055
2019-07-28,34.75054347826087,21.745018115942027,11.778170289855073,6.759916302765648,9.320923913043478,10.576358695652173
2019-07-29,34.75054347826087,21.745018115942027,11.778170289855073,6.759916302765648,9.320923913043478,10.576358695652173
2019-07-30,34.742128121606946,21.734980094100614,11.791983351429606,6.762359142130134,9.319489685124864,10.580618892508143
2019-07-31,34.742128121606946,21.734980094100614,11.791983351429606,6.762359142130134,9.319489685124864,10.580618892508143
2019-08-01,34.72692725298589,21.720865001809624,11.810441549040897,6.767811704834605,9.317318132464711,10.5871335504886
2019-08-02,34.72692725298589,21.720865001809624,11.810441549040897,6.767811704834605,9.317318132464711,10.5871335504886
2019-08-03,34.710640608034744,21.710007238508865,11.826185305826998,6.7749000363504175,9.316232356134636,10.591476655808904
2019-08-04,34.7054347826087,21.707518115942026,11.828170289855072,6.779021106259097,9.316576086956522,10.59429347826087
2019-08-05,34.69761129207383,21.696435034382915,11.840843286283025,6.781443111595783,9.316232356134636,10.599077090119435
2019-08-06,34.691847826086956,21.69230072463768,11.84338768115942,6.785571324599709,9.316576086956522,10.602445652173913
2019-08-07,34.691847826086956,21.69230072463768,11.84338768115942,6.785571324599709,9.316576086956522,10.602445652173913
2019-08-08,34.6860718171926,21.688701487123684,11.846481682988756,6.7908014571949,9.315832426550598,10.605277475516866
2019-08-09,34.674646354733405,21.675643815741747,11.861715632934349,6.795173041894353,9.313112078346029,10.610174102285093
2019-08-10,34.665217391304346,21.666213768115938,11.874365942028986,6.797034206695779,9.312228260869565,10.613315217391305
2019-08-11,34.657236126224156,21.664762422923467,11.877493652520855,6.802276867030965,9.313656147986942,10.615070729053318
2019-08-12,34.650326797385624,21.662218591140157,11.880628177196805,6.807530999270605,9.312908496732026,10.616830065359476
2019-08-13,34.642546245919476,21.651704751541526,11.893271672107362,6.809927140255009,9.311479869423286,10.621055495103374
2019-08-14,34.642546245919476,21.651704751541526,11.893271672107362,6.809927140255009,9.311479869423286,10.621055495103374
2019-08-15,34.63562091503268,21.64914669571532,11.895334059549745,6.8151896425966445,9.31181917211329,10.622821350762527
2019-08-16,34.63562091503268,21.64914669571532,11.895334059549745,6.8151896425966445,9.31181917211329,10.622821350762527
2019-08-17,34.620370370370374,21.638253449527955,11.90895061728395,6.821754194018964,9.31181917211329,10.628812636165577
2019-08-18,34.620370370370374,21.638253449527955,11.90895061728395,6.821754194018964,9.31181917211329,10.628812636165577
2019-08-19,34.620370370370374,21.638253449527955,11.90895061728395,6.821754194018964,9.31181917211329,10.628812636165577
2019-08-20,34.60457516339869,21.62518155410312,11.925835148874365,6.828318745441283,9.31181917211329,10.635893246187363
2019-08-21,34.59095860566449,21.613743645606387,11.941085693536673,6.833789204959883,9.31181917211329,10.640795206971678
2019-08-22,34.581610446137105,21.605458832063835,11.955295611171563,6.833970856102003,9.30930359085963,10.644450489662677
2019-08-23,34.57570806100218,21.602850399419026,11.957425562817718,6.839259664478482,9.309640522875817,10.64624183006536
2019-08-24,34.566920565832426,21.595121508886468,11.969441421835327,6.841074681238616,9.308215451577802,10.649347116430903
2019-08-25,34.56100217864924,21.593591140159766,11.971586782861293,6.845277169948942,9.308551198257081,10.652233115468409
2019-08-26,34.55168661588684,21.584240116068187,11.98467537178092,6.846539162112932,9.307127312295973,10.6569640914037
2019-08-27,34.55168661588684,21.584240116068187,11.98467537178092,6.846539162112932,9.307127312295973,10.6569640914037
2019-08-28,34.55168661588684,21.584240116068187,11.98467537178092,6.846539162112932,9.307127312295973,10.6569640914037
2019-08-29,34.54357298474945,21.581608569353666,11.987926652142338,6.850747629467541,9.307461873638344,10.6609477124183
2019-08-30,34.54357298474945,21.581608569353666,11.987926652142338,6.850747629467541,9.307461873638344,10.6609477124183
2019-08-31,34.53013798111837,21.570896877269426,12.00208787218591,6.856400437636761,9.305464778503994,10.666938997821351
2019-09-01,34.52308251544893,21.56824790985096,12.005361686659397,6.86171960569551,9.305797891675754,10.669847328244275
2019-09-02,34.51379811183733,21.56054829339143,12.017883079157588,6.863512035010941,9.303286129266521,10.674564270152505
2019-09-03,34.50727008360596,21.555707015630677,12.020628862231915,6.86829134720701,9.304162122864412,10.678571428571429
2019-09-04,34.50727008360596,21.555707015630677,12.020628862231915,6.86829134720701,9.304162122864412,10.678571428571429
2019-09-05,34.49254816430389,21.54425663395129,12.036441294074882,6.872124863088718,9.301981097782624,10.687295528898582
2019-09-06,34.49254816430389,21.54425663395129,12.036441294074882,6.872124863088718,9.301981097782624,10.687295528898582
2019-09-07,34.478371501272264,21.53498727735369,12.049527444565612,6.87814895947426,9.299800072700835,10.693293347873501
2019-09-08,34.4712518195051,21.53338791848617,12.051764919941775,6.883497807017544,9.300127365356623,10.696233624454148
2019-09-09,34.4712518195051,21.53338791848617,12.051764919941775,6.883497807017544,9.300127365356623,10.696233624454148
2019-09-10,34.463104325699746,21.524627408215192,12.062613595056343,6.884720700985762,9.298164303889495,10.701472191930208
2019-09-11,34.463104325699746,21.524627408215192,12.062613595056343,6.884720700985762,9.298164303889495,10.701472191930208
2019-09-12,34.45596797671033,21.520833333333332,12.065957059679766,6.888980263157895,9.29848981077147,10.705513100436681
2019-09-13,34.44783715012723,21.514812795347144,12.077880770628862,6.889101861993428,9.2970737913486,10.706924754634679
2019-09-14,34.44026870007262,21.50826071169208,12.088144517066086,6.8903172866520785,9.29457153231663,10.711056644880175
2019-09-15,34.43311523082516,21.50608869501999,12.090966921119593,6.8948521358159915,9.29489276626681,10.71401308615049
2019-09-16,34.41730279898219,21.493547800799707,12.10459832788077,6.899780941949617,9.29325699745547,10.723827699018539
2019-09-17,34.41140159767611,21.486474219317355,12.115377632534495,6.899890590809628,9.291848220769788,10.72739651416122
2019-09-18,34.41140159767611,21.486474219317355,12.115377632534495,6.899890590809628,9.291848220769788,10.72739651416122
2019-09-19,34.3961510530138,21.474491648511254,12.130628177196805,6.906455142231947,9.290758896151052,10.735021786492375
2019-09-20,34.3961510530138,21.474491648511254,12.130628177196805,6.906455142231947,9.290758896151052,10.735021786492375
2019-09-21,34.38198983297023,21.46414306463326,12.143155410312273,6.911378555798687,9.289124909222949,10.741013071895425
2019-09-22,34.37477280988732,21.462468193384222,12.146583060705197,6.9156626506024095,9.288349691021446,10.744002181025081
2019-09-23,34.36564996368918,21.454339143064633,12.157316630355846,6.916849015317287,9.286946259985475,10.749727668845315
2019-09-24,34.3584151217739,21.449382042893493,12.159669211195927,6.916849015317287,9.288349691021446,10.75381679389313
2019-09-25,34.3584151217739,21.449382042893493,12.159669211195927,6.916849015317287,9.288349691021446,10.75381679389313
2019-09-26,34.351164483260554,21.44659752547307,12.162026928675399,6.921139101861994,9.288664483260552,10.757914847161572
2019-09-27,34.33697234352256,21.433497088791846,12.180585880640464,6.924972617743702,9.285389374090247,10.765556768558952
2019-09-28,34.32897128316976,21.425936023264267,12.19129407488186,6.9261487964989055,9.283442384587422,10.76908396946565
2019-09-29,34.32141557496361,21.422580058224163,12.19395924308588,6.930175246440307,9.284297671033478,10.773471615720524
2019-09-30,34.31288622319157,21.413395129043984,12.204652853507815,6.931345733041575,9.282897128316975,10.77917121046892
2019-10-01,34.305585880640464,21.40838791848617,12.205967976710333,6.935651697699891,9.284297671033478,10.78438864628821
2019-10-02,34.297176684881606,21.40446265938069,12.208378870673952,6.9399671052631575,9.285701275045536,10.789617486338798
2019-10-03,34.297176684881606,21.40446265938069,12.208378870673952,6.9399671052631575,9.285701275045536,10.789617486338798
2019-10-04,34.28984318016047,21.401622902990518,12.211889132020422,6.944840834248079,9.284372720641867,10.793216630196936
2019-10-05,34.27397884755653,21.390134938001456,12.225565280816921,6.95032930845225,9.283825674690007,10.801969365426697
2019-10-06,34.26551661190216,21.388371668492148,12.228002920774005,6.9557692307692305,9.283041255932822,10.80722891566265
2019-10-07,34.26551661190216,21.388371668492148,12.228002920774005,6.9557692307692305,9.283041255932822,10.80722891566265
2019-10-08,34.25018254837532,21.37468054034319,12.23950346841913,6.957189901207465,9.283041255932822,10.81763417305586
2019-10-09,34.25018254837532,21.37468054034319,12.23950346841913,6.957189901207465,9.283041255932822,10.81763417305586
2019-10-10,34.2359437751004,21.361537057320188,12.254837531945965,6.961580680570801,9.281945965680904,10.825301204819278
2019-10-11,34.2359437751004,21.361537057320188,12.254837531945965,6.961580680570801,9.281945965680904,10.825301204819278
2019-10-12,34.220609711573566,21.351679445052937,12.269076305220883,6.9676180021953895,9.27975538517707,10.830777656078862
2019-10-13,34.213176169590646,21.34877558479532,12.270467836257309,6.973076923076923,9.280062134502923,10.836074561403509
2019-10-14,34.206824002927185,21.34366995975119,12.271862422246615,6.978547854785479,9.28036955726308,10.840285400658617
2019-10-15,34.200018274853804,21.335617690058477,12.281980994152047,6.979120879120879,9.278965643274853,10.84484649122807
2019-10-16,34.19487039065353,21.329773640014604,12.294267981014968,6.978594950603732,9.27646951442132,10.847207009857613
2019-10-17,34.18063161737861,21.3166301569916,12.307411464037969,6.982985729967069,9.275374224169404,10.855969331872947
2019-10-18,34.17496353026988,21.308625091174324,12.320204230488693,6.9819078947368425,9.273978847556528,10.858315098468271
2019-10-19,34.16821493624772,21.3011839708561,12.329690346083789,6.982475355969332,9.273132969034608,10.860655737704919
2019-10-20,34.16074033552152,21.298231218088986,12.331145149525893,6.987938596491228,9.273431801604668,10.86597374179431
2019-10-21,34.15324936108069,21.295271997079226,12.33424607520993,6.993413830954995,9.27318364366557,10.869112814895947
2019-10-22,34.136820007301935,21.28267615918218,12.345746622855057,6.993969298245614,9.274278933917488,10.878970427163198
2019-10-23,34.136820007301935,21.28267615918218,12.345746622855057,6.993969298245614,9.274278933917488,10.878970427163198
2019-10-24,34.129294590643276,21.27860014619883,12.348318713450292,6.998353457738749,9.274579678362572,10.884320175438596
2019-10-25,34.129294590643276,21.27860014619883,12.348318713450292,6.998353457738749,9.274579678362572,10.884320175438596
2019-10-26,34.11485745614035,21.26800073099415,12.359466374269006,7.004939626783754,9.273300438596491,10.891995614035087
2019-10-27,34.107848518111965,21.26280643980973,12.362605195755581,7.008791208791209,9.274149286498353,10.896267837541163
2019-10-28,34.107848518111965,21.26280643980973,12.362605195755581,7.008791208791209,9.274149286498353,10.896267837541163
2019-10-29,34.090285400658615,21.250182949140136,12.376875228686426,7.009330406147091,9.275246981339187,10.906695938529088
2019-10-30,34.081593406593406,21.246062271062268,12.380586080586081,7.014835164835165,9.27554945054945,10.910989010989011
2019-10-31,34.081593406593406,21.246062271062268,12.380586080586081,7.014835164835165,9.27554945054945,10.910989010989011
2019-11-01,34.081593406593406,21.246062271062268,12.380586080586081,7.014835164835165,9.27554945054945,10.910989010989011
2019-11-02,34.07436882546652,21.238657153311376,12.387852177094768,7.016465422612514,9.275795828759605,10.91437980241493
2019-11-03,34.07436882546652,21.238657153311376,12.387852177094768,7.016465422612514,9.275795828759605,10.91437980241493
2019-11-04,34.06496710526316,21.230171783625728,12.397295321637428,7.017543859649122,9.276589912280702,10.919956140350877
2019-11-05,34.06496710526316,21.230171783625728,12.397295321637428,7.017543859649122,9.276589912280702,10.919956140350877
2019-11-06,34.06496710526316,21.230171783625728,12.397295321637428,7.017543859649122,9.276589912280702,10.919956140350877
2019-11-07,34.05613362541073,21.22225264695144,12.407813070463673,7.018619934282585,9.276286966046003,10.923329682365827
2019-11-08,34.048413566739605,21.21435083880379,12.418307804522247,7.018599562363239,9.277078774617069,10.926695842450766
2019-11-09,34.0396174863388,21.20701275045537,12.426047358834245,7.021311475409836,9.277868852459017,10.929508196721311
2019-11-10,34.0396174863388,21.20701275045537,12.426047358834245,7.021311475409836,9.277868852459017,10.929508196721311
2019-11-11,34.030908096280086,21.20505105762217,12.428701677607586,7.026805251641138,9.275984682713348,10.935995623632385
2019-11-12,34.021584699453555,21.198816029143895,12.437522768670311,7.027868852459016,9.276229508196721,10.940437158469946
2019-11-13,34.021584699453555,21.198816029143895,12.437522768670311,7.027868852459016,9.276229508196721,10.940437158469946
2019-11-14,34.01173580786026,21.192048762736533,12.447962154294032,7.027838427947598,9.275927947598253,10.943777292576419
2019-11-15,34.01173580786026,21.192048762736533,12.447962154294032,7.027838427947598,9.275927947598253,10.943777292576419
2019-11-16,33.994268558951966,21.183315138282385,12.458333333333334,7.034934497816594,9.276473799126638,10.950327510917031
2019-11-17,33.98551912568306,21.182422586520943,12.45992714025501,7.039344262295082,9.275683060109289,10.956830601092896
2019-11-18,33.968032786885246,21.17094717668488,12.471948998178506,7.045355191256831,9.277868852459017,10.966666666666667
2019-11-19,33.96315502183406,21.163118631732168,12.481804949053858,7.045851528384279,9.276473799126638,10.970524017467248
2019-11-20,33.95327868852459,21.160018214936244,12.485610200364299,7.050273224043716,9.276775956284153,10.974863387978141
2019-11-21,33.95327868852459,21.160018214936244,12.485610200364299,7.050273224043716,9.276775956284153,10.974863387978141
2019-11-22,33.95327868852459,21.160018214936244,12.485610200364299,7.050273224043716,9.276775956284153,10.974863387978141
2019-11-23,33.945687772925766,21.152747452692864,12.494359534206696,7.0524017467248905,9.276473799126638,10.97707423580786
2019-11-24,33.93688524590164,21.15182149362477,12.497085610200365,7.055737704918033,9.275683060109289,10.982513661202185
2019-11-25,33.92696936542669,21.149799416484317,12.49981765134938,7.060722100656455,9.275984682713348,10.986323851203501
2019-11-26,33.9105579868709,21.138311451495255,12.51239970824216,7.066192560175055,9.277625820568927,10.99507658643326
2019-11-27,33.90169769989047,21.13517707192406,12.516246805403432,7.069550930996714,9.277929901423878,10.999452354874041
2019-11-28,33.90169769989047,21.13517707192406,12.516246805403432,7.069550930996714,9.277929901423878,10.999452354874041
2019-11-29,33.8941466083151,21.12627644055434,12.527716994894238,7.069474835886214,9.278719912472647,11.002735229759299
2019-11-30,33.87828227571116,21.11642961342086,12.539752005835158,7.074671772428884,9.277625820568927,11.01039387308534
2019-12-01,33.86938663745892,21.115461847389554,12.542533771449435,7.079134720700986,9.27683461117196,11.015881708652794
2019-12-02,33.8613238512035,21.107129832239238,12.552334062727937,7.080689277899343,9.276531728665208,11.02024070021882
2019-12-03,33.85382513661202,21.099362477231328,12.561566484517305,7.082786885245902,9.275136612021859,11.024590163934427
2019-12-04,33.84600656455142,21.09509482129832,12.564369073668855,7.086159737417943,9.275437636761488,11.030087527352297
2019-12-05,33.83633879781421,21.086247723132967,12.575774134790528,7.088251366120218,9.274043715846995,11.034426229508197
2019-12-06,33.82740700218818,21.0830598103574,12.578592268417214,7.092724288840262,9.274890590809628,11.038840262582056
2019-12-07,33.82103825136612,21.0747723132969,12.587795992714026,7.0948087431693985,9.273497267759563,11.04153005464481
2019-12-08,33.812363238512035,21.071571845368343,12.590353756382203,7.0987417943107225,9.274070021881839,11.047045951859957
2019-12-09,33.80601092896175,21.063843351548268,12.598998178506376,7.100273224043716,9.273224043715848,11.05136612021858
2019-12-10,33.798140043763674,21.059536834427423,12.599653537563823,7.104759299781182,9.274617067833699,11.056892778993435
2019-12-11,33.791347207009856,21.055220883534133,12.602500912741878,7.109255202628697,9.27382256297919,11.062431544359255
2019-12-12,33.78391684901532,21.047501823486503,12.611688548504741,7.110229759299781,9.272428884026258,11.066739606126914
2019-12-13,33.768599562363235,21.034372720641866,12.6259117432531,7.116247264770241,9.272428884026258,11.074398249452955
2019-12-14,33.76229508196721,21.02668488160291,12.635063752276867,7.11775956284153,9.272131147540984,11.076502732240437
2019-12-15,33.75328227571116,21.024525893508386,12.63794675419402,7.121170678336981,9.271334792122538,11.083150984682714
2019-12-16,33.73796498905908,21.011396790663746,12.649981765134939,7.12718818380744,9.271881838074398,11.092997811816193
2019-12-17,33.73796498905908,21.011396790663746,12.649981765134939,7.12718818380744,9.271881838074398,11.092997811816193
2019-12-18,33.731106243154436,21.00593282219788,12.652884264330048,7.13170865279299,9.271084337349398,11.099671412924424
2019-12-19,33.725382932166305,20.99936177972283,12.662016776075857,7.131564551422319,9.27024070021882,11.103938730853391
2019-12-20,33.725382932166305,20.99936177972283,12.662016776075857,7.131564551422319,9.27024070021882,11.103938730853391
2019-12-21,33.711159737417944,20.98732676878191,12.673504741064917,7.137582056892779,9.27024070021882,11.110503282275712
2019-12-22,33.70208105147864,20.985122307411462,12.676433004746258,7.139923329682365,9.27053669222344,11.116100766703177
2019-12-23,33.70208105147864,20.985122307411462,12.676433004746258,7.139923329682365,9.27053669222344,11.116100766703177
2019-12-24,33.68674698795181,20.973074114640376,12.688481197517342,7.147590361445783,9.27053669222344,11.124863088718511
2019-12-25,33.67872807017544,20.968658625730992,12.691429093567253,7.151041666666667,9.269736842105264,11.130482456140351
2019-12-26,33.67872807017544,20.968658625730992,12.691429093567253,7.151041666666667,9.269736842105264,11.130482456140351
2019-12-27,33.67872807017544,20.968658625730992,12.691429093567253,7.151041666666667,9.269736842105264,11.130482456140351
2019-12-28,33.67872807017544,20.968658625730992,12.691429093567253,7.151041666666667,9.269736842105264,11.130482456140351
2019-12-29,33.66904500548847,20.965879985364065,12.694383461397733,7.1545005488474205,9.270856201975851,11.136114160263446
2019-12-30,33.66098901098901,20.960897435897433,12.697893772893774,7.156868131868132,9.271153846153846,11.141758241758241
2019-12-31,33.66098901098901,20.960897435897433,12.697893772893774,7.156868131868132,9.271153846153846,11.141758241758241
2020-01-01,33.652915291529155,20.955353868720202,12.701961862852952,7.160341034103411,9.271452145214521,11.147414741474147
2020-01-02,33.652915291529155,20.955353868720202,12.701961862852952,7.160341034103411,9.271452145214521,11.147414741474147
2020-01-03,33.64670329670329,20.94661172161172,12.711080586080588,7.162362637362637,9.270054945054945,11.15054945054945
2020-01-04,33.638063806380636,20.94352768610194,12.713788045471215,7.166391639163916,9.270627062706271,11.155390539053906
2020-01-05,33.62885462555066,20.94016152716593,12.71787812041116,7.1687775330396475,9.27092511013216,11.161068281938325
2020-01-06,33.62376237623762,20.931426475980928,12.727539420608728,7.170792079207921,9.27007700770077,11.164191419141915
2020-01-07,33.61563876651982,20.926945668135094,12.729441997063143,7.175385462555066,9.271475770925111,11.168777533039648
2020-01-08,33.60749724366042,20.922454979786842,12.733553840499816,7.178886438809261,9.271775082690187,11.174476295479604
2020-01-09,33.60022026431718,20.913729809104257,12.744860499265787,7.180892070484582,9.270374449339206,11.177588105726873
2020-01-10,33.592061742006614,20.910327085630282,12.748438074237413,7.185501653803748,9.270672546857773,11.181642778390298
2020-01-11,33.58535242290749,20.90161527165932,12.758076358296623,7.1875,9.269823788546255,11.184196035242291
2020-01-12,33.57717750826902,20.89819919147372,12.762219772142595,7.189911797133407,9.270121278941566,11.188809261300992
2020-01-13,33.56898454746137,20.893671817512875,12.765268579838118,7.193432671081678,9.270419426048566,11.19453642384106
2020-01-14,33.56174200661521,20.884417493568538,12.774347666299155,7.195975744211687,9.270121278941566,11.198732083792724
2020-01-15,33.5546357615894,20.8798749080206,12.777409860191318,7.199503311258278,9.270419426048566,11.203366445916116
2020-01-16,33.54740904079382,20.872289599411978,12.788680632120544,7.199283351708931,9.270121278941566,11.206449834619626
2020-01-17,33.54740904079382,20.872289599411978,12.788680632120544,7.199283351708931,9.270121278941566,11.206449834619626
2020-01-18,33.54019823788546,20.864720998531567,12.798274596182086,7.200715859030837,9.269823788546255,11.208975770925111
2020-01-19,33.53197353914002,20.86098860712973,12.802186696067622,7.204244762954796,9.270121278941566,11.213891951488423
2020-01-20,33.53197353914002,20.86098860712973,12.802186696067622,7.204244762954796,9.270121278941566,11.213891951488423
2020-01-21,33.51598676957001,20.84886071297317,12.813763322307976,7.209757442116869,9.270672546857773,11.223814773980154
2020-01-22,33.507726269315675,20.845382634289916,12.815765268579838,7.213300220750551,9.270971302428256,11.229580573951434
2020-01-23,33.49944873208379,20.837835354649023,12.828096288129364,7.214167585446527,9.269570011025358,11.23263506063947
2020-01-24,33.49944873208379,20.837835354649023,12.828096288129364,7.214167585446527,9.269570011025358,11.23263506063947
2020-01-25,33.48401323042999,20.827361264241084,12.841877986034547,7.220231532524807,9.26901874310915,11.239250275633959
2020-01-26,33.4757174392936,20.82385945548197,12.84611846946284,7.222682119205298,9.269315673289183,11.245033112582782
2020-01-27,33.459713024282564,20.810614422369387,12.858259749816042,7.227097130242826,9.269867549668874,11.254966887417218
2020-01-28,33.459713024282564,20.810614422369387,12.858259749816042,7.227097130242826,9.269867549668874,11.254966887417218
2020-01-29,33.445916114790286,20.79957689477557,12.873160412067698,7.231512141280353,9.268763796909493,11.262693156732892
2020-01-30,33.445916114790286,20.79957689477557,12.873160412067698,7.231512141280353,9.268763796909493,11.262693156732892
2020-01-31,33.445916114790286,20.79957689477557,12.873160412067698,7.231512141280353,9.268763796909493,11.262693156732892
2020-02-01,33.43046357615894,20.787435614422368,12.886681383370126,7.235927152317881,9.269315673289183,11.27014348785872
2020-02-02,33.422099447513816,20.783885819521174,12.88987108655617,7.238397790055249,9.2707182320442,11.27707182320442
2020-02-03,33.416114790286976,20.775294334069166,12.899926416482709,7.240342163355408,9.269315673289183,11.280077262693156
2020-02-04,33.40773480662983,20.770626151012888,12.902025782688767,7.245027624309392,9.269613259668509,11.285911602209945
2020-02-05,33.39823008849557,20.765947640117993,12.906342182890857,7.247511061946903,9.271017699115044,11.291758849557523
2020-02-06,33.39116022099447,20.758471454880294,12.916390423572745,7.248342541436464,9.2707182320442,11.29475138121547
2020-02-07,33.384105960264904,20.751011773362762,12.926416482707873,7.2469646799117,9.271523178807946,11.297737306843267
2020-02-08,33.368101545253865,20.74080206033848,12.940765268579838,7.251931567328918,9.271523178807946,11.302152317880795
2020-02-09,33.36218302094818,20.734472620360158,12.948548327820655,7.252756339581037,9.27122381477398,11.306229327453142
2020-02-10,33.3537527593819,20.729764532744664,12.951802796173657,7.256346578366446,9.271523178807946,11.312086092715232
2020-02-11,33.34729878721058,20.720690922454978,12.961778757809629,7.257166482910694,9.272326350606395,11.315049614112459
2020-02-12,33.33774834437086,20.71596762325239,12.966151582045622,7.260761589403973,9.272626931567329,11.322019867549669
2020-02-13,33.32965821389195,20.710768099963246,12.97611172363102,7.260474090407938,9.272326350606395,11.32497243660419
2020-02-14,33.32965821389195,20.710768099963246,12.97611172363102,7.260474090407938,9.272326350606395,11.32497243660419
2020-02-15,33.323237885462554,20.70392804698972,12.986049926578561,7.2590859030837,9.273127753303966,11.32681718061674
2020-02-16,33.31367144432194,20.701396545387723,12.989342153619994,7.262679162072767,9.27342888643881,11.332690187431092
2020-02-17,33.304083885209714,20.69775570272259,12.99374540103017,7.267384105960265,9.273730684326711,11.338024282560706
2020-02-18,33.29658213891951,20.690922454979784,13.00202131569276,7.267640573318633,9.273980154355016,11.342061742006615
2020-02-19,33.28169790518192,20.679345828739432,13.01635428151415,7.272050716648291,9.274531422271224,11.350882028665932
2020-02-20,33.28169790518192,20.679345828739432,13.01635428151415,7.272050716648291,9.274531422271224,11.350882028665932
2020-02-21,33.28169790518192,20.679345828739432,13.01635428151415,7.272050716648291,9.274531422271224,11.350882028665932
2020-02-22,33.26626240352812,20.6694230062477,13.029584711503125,7.2764608599779494,9.275082690187432,11.356945975744212
2020-02-23,33.25662251655629,20.665746872700513,13.032928623988226,7.278973509933775,9.276490066225165,11.36396247240618
2020-02-24,33.24779005524862,20.660681399631674,13.036556169429097,7.281491712707182,9.27707182320442,11.370441988950276
2020-02-25,33.231767955801104,20.64797421731123,13.049815837937386,7.285911602209945,9.278729281767955,11.37817679558011
2020-02-26,33.22317477876106,20.64316002949852,13.0531895280236,7.289546460176991,9.279037610619469,11.38412610619469
2020-02-27,33.22317477876106,20.64316002949852,13.0531895280236,7.289546460176991,9.279037610619469,11.38412610619469
2020-02-28,33.22317477876106,20.64316002949852,13.0531895280236,7.289546460176991,9.279037610619469,11.38412610619469
2020-02-29,33.20768805309734,20.633757374631266,13.068676253687316,7.291205752212389,9.280143805309734,11.387997787610619
2020-03-01,33.18888274336283,20.624907817109143,13.081950589970502,7.2934181415929205,9.282356194690266,11.396847345132743
2020-03-02,33.18888274336283,20.624907817109143,13.081950589970502,7.2934181415929205,9.282356194690266,11.396847345132743
2020-03-03,33.17284292035398,20.616058259587017,13.095224926253689,7.295630530973451,9.284568584070797,11.405143805309734
2020-03-04,33.164174972314505,20.611203396087113,13.098652639350314,7.299280177187154,9.285991140642304,11.411129568106313
2020-03-05,33.157356194690266,20.60610250737463,13.10960545722714,7.2978429203539825,9.285674778761061,11.411780973451327
2020-03-06,33.14131637168141,20.596146755162238,13.122879793510325,7.301161504424779,9.28512168141593,11.420630530973451
2020-03-07,33.13342541436464,20.589963167587474,13.134898710865562,7.2997237569060776,9.285911602209945,11.420165745856353
2020-03-08,33.11353591160221,20.58222836095764,13.14815837937385,7.303038674033149,9.285911602209945,11.43121546961326
2020-03-09,33.10623620309051,20.576618837380423,13.157928623988226,7.302152317880795,9.286147902869757,11.434050772626932
2020-03-10,33.10623620309051,20.576618837380423,13.157928623988226,7.302152317880795,9.286147902869757,11.434050772626932
2020-03-11,33.10623620309051,20.576618837380423,13.157928623988226,7.302152317880795,9.286147902869757,11.434050772626932
2020-03-12,33.097513812154695,20.57173112338858,13.161418047882137,7.306906077348066,9.286464088397791,11.440055248618785
2020-03-13,33.088772123893804,20.566832595870203,13.165468289085547,7.311670353982301,9.286227876106194,11.446073008849558
2020-03-14,33.082596685082876,20.56123388581952,13.174677716390423,7.310773480662983,9.285911602209945,11.447237569060773
2020-03-15,33.07273230088496,20.557429941002948,13.1781895280236,7.314435840707965,9.286227876106194,11.455475663716815
2020-03-16,33.0600110619469,20.54581489675516,13.19257005899705,7.3172013274336285,9.286780973451327,11.463219026548673
2020-03-17,33.0600110619469,20.54581489675516,13.19257005899705,7.3172013274336285,9.286780973451327,11.463219026548673
2020-03-18,33.05232558139535,20.540882244370614,13.19610557401255,7.3219822812846065,9.285991140642304,11.469269102990033
2020-03-19,33.048949115044245,20.533646755162238,13.206950589970502,7.321626106194691,9.285674778761061,11.467643805309734
2020-03-20,33.048949115044245,20.533646755162238,13.206950589970502,7.321626106194691,9.285674778761061,11.467643805309734
2020-03-21,33.03678097345133,20.525350294985248,13.216353244837759,7.324944690265487,9.285674778761061,11.474280973451327
2020-03-22,33.027408637873755,20.52094868955334,13.221022517534147,7.329734219269103,9.285437430786269,11.480343300110741
2020-03-23,33.0279314159292,20.514841445427727,13.228521386430678,7.328816371681416,9.282909292035399,11.48091814159292
2020-03-24,33.019102990033225,20.50987449243263,13.230989294942784,7.33250276854928,9.282115171650055,11.488095238095237
2020-03-25,33.00692137320044,20.500461424880026,13.245385751199706,7.335825027685493,9.281007751937985,11.495293466223698
2020-03-26,33.01023230088496,20.49548303834808,13.249539085545724,7.334347345132743,9.279590707964601,11.492533185840708
2020-03-27,33.01022099447514,20.48941068139963,13.259208103130756,7.332872928176796,9.27817679558011,11.490883977900552
2020-03-28,33.00303867403315,20.481675874769795,13.26804788213628,7.334530386740331,9.27707182320442,11.49585635359116
2020-03-29,32.99529867256637,20.479996312684364,13.270556784660767,7.336006637168142,9.27737831858407,11.50304203539823
2020-03-30,32.98615725359912,20.474160206718345,13.275009228497602,7.33859357696567,9.277685492801773,11.510243632336655
2020-03-31,32.98062015503876,20.461978589885565,13.282761166482098,7.341362126245847,9.276024363233665,11.517995570321151
2020-04-01,32.97283813747229,20.45583887657058,13.287509238728752,7.343957871396896,9.276330376940132,11.525221729490022
2020-04-02,32.97397563676633,20.450904392764855,13.297157622739018,7.341362126245847,9.273809523809524,11.523532668881506
2020-04-03,32.97397563676633,20.450904392764855,13.297157622739018,7.341362126245847,9.273809523809524,11.523532668881506
2020-04-04,32.976216814159294,20.447640117994098,13.301253687315635,7.339878318584071,9.272953539823009,11.521847345132743
2020-04-05,32.96843853820598,20.443983019564413,13.304632705795497,7.341362126245847,9.27297895902547,11.529346622369879
2020-04-06,32.97400442477876,20.43906710914454,13.309826696165192,7.339325221238938,9.27046460176991,11.527654867256636
2020-04-07,32.97400442477876,20.43906710914454,13.309826696165192,7.339325221238938,9.27046460176991,11.527654867256636
2020-04-08,32.96622369878184,20.434016242155774,13.313492063492065,7.3408084163898115,9.27076411960133,11.534883720930232
2020-04-09,32.968473451327434,20.430217551622416,13.320888643067848,7.338219026548672,9.268252212389381,11.533185840707965
2020-04-10,32.959579180509415,20.425156884459206,13.324566260612773,7.3408084163898115,9.269102990033222,11.540420819490587
2020-04-11,32.9562569213732,20.418512366186782,13.331210778885199,7.340254706533776,9.267441860465116,11.545957918050942
2020-04-12,32.94844789356984,20.41343311160384,13.334903917220991,7.341740576496674,9.267738359201774,11.553215077605321
2020-04-13,32.94844789356984,20.41343311160384,13.334903917220991,7.341740576496674,9.267738359201774,11.553215077605321
2020-04-14,32.95348837209303,20.408545588778143,13.337855297157624,7.341362126245847,9.26578073089701,11.552048726467332
2020-04-15,32.94567627494457,20.403455284552845,13.341555801921656,7.343957871396896,9.264966740576497,11.55931263858093
2020-04-16,32.95127353266888,20.399686231081578,13.347822074566261,7.341362126245847,9.262458471760798,11.556478405315614
2020-04-17,32.95127353266888,20.399686231081578,13.347822074566261,7.341362126245847,9.262458471760798,11.556478405315614
2020-04-18,32.95685840707964,20.395925516224185,13.350202802359883,7.339878318584071,9.261061946902656,11.554203539823009
2020-04-19,32.9485049833887,20.39193429309708,13.353912882982652,7.341915836101883,9.26079734219269,11.562015503875969
2020-04-20,32.9485049833887,20.39193429309708,13.353912882982652,7.341915836101883,9.26079734219269,11.562015503875969
2020-04-21,32.945736434108525,20.380860095976374,13.359449981543005,7.345238095238095,9.258028792912514,11.56921373200443
2020-04-22,32.93791574279379,20.37573909830007,13.363174427198818,7.347838137472284,9.258314855875831,11.57649667405765
2020-04-23,32.93791574279379,20.37573909830007,13.363174427198818,7.347838137472284,9.258314855875831,11.57649667405765
2020-04-24,32.93514412416852,20.366869918699184,13.373152254249815,7.348946784922394,9.254434589800443,11.581485587583149
2020-04-25,32.94130675526024,20.362033960871166,13.374953857511997,7.347452934662237,9.25359911406423,11.579734219269103
2020-04-26,32.932372505543235,20.359109386548408,13.37758684405026,7.350055432372505,9.253880266075388,11.587028824833704
2020-04-27,32.92849223946785,20.3480229120473,13.384238728750924,7.351164079822617,9.253325942350333,11.593680709534368
2020-04-28,32.92627494456763,20.337490761271248,13.39089061345159,7.353381374722838,9.25,11.599778270509978
2020-04-29,32.91842397336293,20.33231594524602,13.394654088050315,7.355993340732519,9.250277469478357,11.60710321864595
2020-04-30,32.91842397336293,20.33231594524602,13.394654088050315,7.355993340732519,9.250277469478357,11.60710321864595
2020-05-01,32.91842397336293,20.33231594524602,13.394654088050315,7.355993340732519,9.250277469478357,11.60710321864595
2020-05-02,32.91564927857936,20.322327044025155,13.399648538660747,7.358213096559378,9.249167591564929,11.614317425083241
2020-05-03,32.906666666666666,20.31935185185185,13.403425925925927,7.360833333333333,9.248333333333333,11.622777777777777
2020-05-04,32.901666666666664,20.30935185185185,13.411203703703704,7.361944444444444,9.246666666666666,11.630555555555556
2020-05-05,32.901666666666664,20.30935185185185,13.411203703703704,7.361944444444444,9.246666666666666,11.630555555555556
2020-05-06,32.89265850945495,20.305246570263254,13.414998146088246,7.365684093437152,9.245828698553948,11.637931034482758
2020-05-07,32.89944444444444,20.30046296296296,13.420092592592594,7.3630555555555555,9.244444444444444,11.635
2020-05-08,32.89944444444444,20.30046296296296,13.420092592592594,7.3630555555555555,9.244444444444444,11.635
2020-05-09,32.89888888888889,20.291018518518516,13.425648148148149,7.363611111111111,9.242222222222223,11.642222222222221
2020-05-10,32.88876529477197,20.28800519095291,13.42945865776789,7.366240266963293,9.241379310344827,11.650723025583982
2020-05-11,32.880846325167035,20.282757980697845,13.432164068299926,7.368875278396437,9.240534521158128,11.658129175946549
2020-05-12,32.87694877505568,20.269394951744616,13.43828878990349,7.371659242761693,9.238864142538976,11.665924276169266
2020-05-13,32.86900780379041,20.265235971757708,13.441007060572279,7.375418060200669,9.238015607580826,11.673355629877369
2020-05-14,32.87472160356347,20.259372680029692,13.446083890126207,7.373886414253898,9.235523385300668,11.671492204899778
2020-05-15,32.880422691879865,20.25352243233222,13.451149425287356,7.371245828698554,9.234149054505005,11.669632925472747
2020-05-16,32.87597330367075,20.244067482387834,13.456711160548759,7.373470522803115,9.233036707452726,11.676307007786429
2020-05-17,32.86581291759465,20.240998515219,13.459446919079436,7.376113585746102,9.232182628062361,11.684855233853007
2020-05-18,32.870411568409345,20.234056358917314,13.464497589914721,7.374582869855395,9.230255839822025,11.683537263626251
2020-05-19,32.870411568409345,20.234056358917314,13.464497589914721,7.374582869855395,9.230255839822025,11.683537263626251
2020-05-20,32.870411568409345,20.234056358917314,13.464497589914721,7.374582869855395,9.230255839822025,11.683537263626251
2020-05-21,32.860244988864146,20.227635486265772,13.468355605048256,7.378340757238307,9.229398663697104,11.693207126948774
2020-05-22,32.855790645879736,20.216499628804748,13.47893466963623,7.380011135857461,9.226614699331849,11.699331848552339
2020-05-23,32.852449888641424,20.20814773570898,13.48394580549369,7.382238307349666,9.224387527839644,11.705456570155903
2020-05-24,32.852449888641424,20.20814773570898,13.48394580549369,7.382238307349666,9.224387527839644,11.705456570155903
2020-05-25,32.84855233853007,20.196455085374904,13.49285449146251,7.382795100222717,9.22271714922049,11.711581291759465
2020-05-26,32.83946488294314,20.192214790040875,13.495633593459681,7.384336677814939,9.222965440356745,11.720178372352285
2020-05-27,32.828125,20.186848958333332,13.498418898809524,7.388113839285714,9.223214285714286,11.728794642857142
2020-05-28,32.828125,20.186848958333332,13.498418898809524,7.388113839285714,9.223214285714286,11.728794642857142
2020-05-29,32.824776785714285,20.175688244047617,13.509021577380953,7.388113839285714,9.221540178571429,11.735491071428571
2020-05-30,32.83277591973244,20.17047565960609,13.511241174284653,7.387123745819398,9.219620958751394,11.732441471571907
2020-05-31,32.823660714285715,20.16620163690476,13.515159970238097,7.389787946428571,9.21875,11.741071428571429
2020-06-01,32.81340782122905,20.161918063314708,13.519087523277468,7.39245810055866,9.218994413407822,11.749720670391062
2020-06-02,32.81061452513966,20.149627560521413,13.526908752327747,7.39413407821229,9.217877094972067,11.756424581005586
2020-06-03,32.799217002237135,20.145320656226694,13.530853840417599,7.397930648769575,9.217002237136466,11.766219239373601
2020-06-04,32.8050279329609,20.139571694599624,13.536964618249534,7.396368715083799,9.21564245810056,11.763128491620112
2020-06-05,32.8050279329609,20.139571694599624,13.536964618249534,7.396368715083799,9.21564245810056,11.763128491620112
2020-06-06,32.80223463687151,20.128398510242082,13.54366852886406,7.399162011173185,9.213966480446928,11.768715083798883
2020-06-07,32.79194630872483,20.125186428038774,13.547632363907532,7.402964205816555,9.213087248322148,11.778523489932885
2020-06-08,32.78163493840985,20.12084733109369,13.550485255692424,7.405655095184771,9.213325867861142,11.787234042553191
2020-06-09,32.78747203579418,20.114000745712154,13.554903057419837,7.404642058165548,9.212527964205817,11.78523489932886
2020-06-10,32.776035834266516,20.109649122807014,13.55888391190743,7.4084546472564385,9.212765957446809,11.795072788353863
2020-06-11,32.776035834266516,20.109649122807014,13.55888391190743,7.4084546472564385,9.212765957446809,11.795072788353863
2020-06-12,32.77155655095185,20.099010824934673,13.570082120194103,7.4084546472564385,9.20996640537514,11.801791713325867
2020-06-13,32.779082774049215,20.09274794929157,13.573918717375093,7.407438478747204,9.208053691275168,11.798098434004475
2020-06-14,32.76987681970885,20.088372527062333,13.577920865994775,7.41013437849944,9.20828667413214,11.807950727883538
2020-06-15,32.775727069351234,20.08268083519761,13.58230797912006,7.409116331096197,9.206935123042506,11.805369127516778
2020-06-16,32.775727069351234,20.08268083519761,13.58230797912006,7.409116331096197,9.206935123042506,11.805369127516778
2020-06-17,32.76427771556551,20.078294139604328,13.58631952220978,7.412933930571109,9.206047032474803,11.81410974244121
2020-06-18,32.772371364653246,20.073732289336313,13.591815809097689,7.409675615212528,9.20357941834452,11.811521252796421
2020-06-19,32.772371364653246,20.073732289336313,13.591815809097689,7.409675615212528,9.20357941834452,11.811521252796421
2020-06-20,32.767897091722595,20.064224459358684,13.599645786726324,7.411353467561521,9.202460850111857,11.817673378076062
2020-06-21,32.75643896976484,20.06093691675998,13.603676745054125,7.414053751399776,9.202687569988802,11.82754759238522
2020-06-22,32.76062639821029,20.055275913497386,13.609153616703953,7.412472035794184,9.201901565995525,11.825503355704697
2020-06-23,32.75027995520717,20.050858529301976,13.61207540126913,7.416293393057111,9.202127659574469,11.834266517357223
2020-06-24,32.75027995520717,20.050858529301976,13.61207540126913,7.416293393057111,9.202127659574469,11.834266517357223
2020-06-25,32.74356103023516,20.041899962672638,13.622153788727138,7.417413213885778,9.198768197088466,11.842105263157896
2020-06-26,32.74244120940649,20.031261664800297,13.631112355356477,7.417973124300112,9.196528555431131,11.847704367301231
2020-06-27,32.747762863534675,20.02563385533184,13.635439970171515,7.416387024608501,9.195190156599553,11.845637583892618
2020-06-28,32.73712206047033,20.020623366927957,13.63979096677865,7.419372900335946,9.19484882418813,11.855263157894736
2020-06-29,32.73712206047033,20.020623366927957,13.63979096677865,7.419372900335946,9.19484882418813,11.855263157894736
2020-06-30,32.73096304591265,20.00942515864128,13.647629712579322,7.422732362821948,9.193729003359463,11.863661814109742
2020-07-01,32.720571748878925,20.004951420029894,13.651718983557549,7.426569506726457,9.192825112107624,11.872477578475337
2020-07-02,32.72536394176932,20.000466592011943,13.658827920865996,7.423852183650616,9.19036954087346,11.870380739081748
2020-07-03,32.72536394176932,20.000466592011943,13.658827920865996,7.423852183650616,9.19036954087346,11.870380739081748
2020-07-04,32.730704697986575,19.994873228933628,13.664243102162565,7.421700223713646,9.18903803131991,11.868288590604028
2020-07-05,32.72088465845465,19.991228070175435,13.668066442702502,7.425531914893617,9.187849944008958,11.877379619260918
2020-07-06,32.71048206278027,19.98561285500747,13.672178624813155,7.428251121076233,9.186939461883409,11.887331838565023
2020-07-07,32.714165733482645,19.980029861888763,13.675905188503174,7.427771556550952,9.185610302351623,11.886338185890258
2020-07-08,32.70487668161435,19.975523168908815,13.680026158445441,7.431614349775785,9.184697309417041,11.89517937219731
2020-07-09,32.70487668161435,19.975523168908815,13.680026158445441,7.431614349775785,9.184697309417041,11.89517937219731
2020-07-10,32.70207399103139,19.965994020926754,13.69123692077728,7.432735426008969,9.18189461883408,11.900224215246636
2020-07-11,32.70800671892497,19.959313176558414,13.696061963419186,7.431131019036954,9.179451287793952,11.898096304591265
2020-07-12,32.70576707726764,19.94923478910041,13.70278088839119,7.432250839865621,9.176091825307951,11.907054871220605
2020-07-13,32.69534753363229,19.94469357249626,13.704689835575486,7.436098654708521,9.177410313901346,11.915919282511211
2020-07-14,32.7001679731243,19.93859649122807,13.707820082120195,7.435610302351623,9.176651735722285,11.914893617021276
2020-07-15,32.69086322869955,19.934043348281012,13.710855754857997,7.439461883408072,9.17572869955157,11.923766816143498
2020-07-16,32.69086322869955,19.934043348281012,13.710855754857997,7.439461883408072,9.17572869955157,11.923766816143498
2020-07-17,32.69086322869955,19.934043348281012,13.710855754857997,7.439461883408072,9.17572869955157,11.923766816143498
2020-07-18,32.686939461883405,19.92395366218236,13.718703288490286,7.441704035874439,9.174047085201794,11.928811659192824
2020-07-19,32.677609427609426,19.919378974934528,13.722876917321363,7.445566778900112,9.173120089786757,11.937710437710438
2020-07-20,32.677609427609426,19.919378974934528,13.722876917321363,7.445566778900112,9.173120089786757,11.937710437710438
2020-07-21,32.671436588103255,19.908716797605685,13.729049756827536,7.44949494949495,9.17199775533109,11.944444444444445
2020-07-22,32.66806958473625,19.898054620276838,13.739150766928546,7.451178451178452,9.169191919191919,11.950056116722783
2020-07-23,32.67292600896861,19.891442451420026,13.74616965620329,7.448430493273543,9.166760089686099,11.948991031390134
2020-07-24,32.66470258136925,19.886831275720162,13.750374111485224,7.452300785634119,9.16638608305275,11.956228956228957
2020-07-25,32.670683856502244,19.880231689088188,13.75513826606876,7.45067264573991,9.165078475336323,11.952914798206278
2020-07-26,32.66563901345292,19.869301195814646,13.764387144992527,7.451793721973094,9.163677130044842,11.96104260089686
2020-07-27,32.66115470852018,19.858090433482808,13.774476831091182,7.4540358744394615,9.160313901345292,11.967769058295964
2020-07-28,32.66545352743561,19.852650242627842,13.776969018290407,7.453527435610303,9.159014557670773,11.966685330347145
2020-07-29,32.657230941704036,19.84800074738415,13.781203288490286,7.45627802690583,9.159192825112108,11.974495515695068
2020-07-30,32.657230941704036,19.84800074738415,13.781203288490286,7.45627802690583,9.159192825112108,11.974495515695068
2020-07-31,32.65554932735426,19.83622944693572,13.794095665171898,7.457399103139013,9.15695067264574,11.977858744394618
2020-08-01,32.661534154535275,19.82969391564016,13.798805524449422,7.455767077267637,9.15565509518477,11.97340425531915
2020-08-02,32.65817469204927,19.82073534901082,13.806644270250095,7.456886898096305,9.153415453527435,11.980123180291153
2020-08-03,32.65817469204927,19.82073534901082,13.806644270250095,7.456886898096305,9.153415453527435,11.980123180291153
2020-08-04,32.65313549832027,19.80841731989548,13.813923105636432,7.459686450167973,9.152855543113102,11.986842105263158
2020-08-05,32.64489910313901,19.802597159940206,13.818198804185352,7.463565022421525,9.151905829596412,11.993553811659194
2020-08-06,32.650895856662935,19.797219111608808,13.82288167226577,7.461926091825308,9.149496080627099,11.992441209406495
2020-08-07,32.64433856502242,19.793068011958145,13.82660687593423,7.4658071748878925,9.147982062780269,11.999159192825113
2020-08-08,32.6503359462486,19.786580813736467,13.831280328480776,7.464165733482643,9.146696528555431,11.99468085106383
2020-08-09,32.64809630459126,19.77650242627846,13.840238895110117,7.46528555431131,9.144456886898096,12.001399776035834
2020-08-10,32.639854260089685,19.77176756352765,13.844544095665173,7.46804932735426,9.144618834080717,12.008127802690582
2020-08-11,32.64417693169093,19.76754385964912,13.846957820082121,7.466965285554311,9.143896976483763,12.006998880179172
2020-08-12,32.63969764837626,19.759705113848447,13.853676745054125,7.470324748040314,9.142777155655095,12.013717805151176
2020-08-13,32.63969764837626,19.759705113848447,13.853676745054125,7.470324748040314,9.142777155655095,12.013717805151176
2020-08-14,32.63969764837626,19.759705113848447,13.853676745054125,7.470324748040314,9.142777155655095,12.013717805151176
2020-08-15,32.63633818589026,19.75074654721911,13.865434863755134,7.471444568868981,9.138297872340425,12.017077267637179
2020-08-16,32.63297872340426,19.742907801418436,13.873273609555804,7.472564389697649,9.137178051511759,12.021556550951848
2020-08-17,32.624719730941706,19.73701420029895,13.877615844544096,7.475336322869955,9.137331838565023,12.029428251121077
2020-08-18,32.619114349775785,19.729166666666664,13.885463378176384,7.477578475336323,9.136210762331839,12.035033632286995
2020-08-19,32.61307519640853,19.723251028806583,13.890946502057615,7.480359147025814,9.13524130190797,12.041806958473625
2020-08-20,32.6179932735426,19.71907698056801,13.894431988041854,7.478699551569507,9.133968609865471,12.039517937219731
2020-08-21,32.611952861952865,19.713711185933406,13.898802843247289,7.481481481481482,9.1341189674523,12.045735129068463
2020-08-22,32.61575112107624,19.709547832585947,13.90452167414051,7.478699551569507,9.131726457399104,12.04232062780269
2020-08-23,32.613508968609864,19.700579222720474,13.911248131539612,7.4809417040358746,9.13060538116592,12.045683856502242
2020-08-24,32.613508968609864,19.700579222720474,13.911248131539612,7.4809417040358746,9.13060538116592,12.045683856502242
2020-08-25,32.61674132138858,19.697555057857407,13.913587159387832,7.479843225083987,9.130459126539753,12.04451287793953
2020-08-26,32.61182735426009,19.690489536621822,13.919095665171898,7.4826233183856505,9.129484304932735,12.050168161434977
2020-08-27,32.617861142217244,19.6874766703994,13.924785367674506,7.48040313549832,9.127099664053752,12.046752519596865
2020-08-28,32.618980963045914,19.677398282941393,13.935423665546846,7.48040313549832,9.12541993281075,12.048432250839866
2020-08-29,32.61674132138858,19.666200074654718,13.946061963419186,7.479843225083987,9.123180291153416,12.050671892497201
2020-08-30,32.61450167973124,19.65724150802538,13.953900709219859,7.4820828667413215,9.120940649496081,12.05515117581187
2020-08-31,32.61450167973124,19.65724150802538,13.953900709219859,7.4820828667413215,9.120940649496081,12.05515117581187
2020-09-01,32.61226203807391,19.647723030981705,13.961739455020531,7.483202687569989,9.11926091825308,12.05963045912654
2020-09-02,32.60846412556054,19.64060164424514,13.96618086696562,7.485986547085202,9.118273542600896,12.065302690582959
2020-09-03,32.61226203807391,19.6376446435237,13.971817842478538,7.484322508398656,9.115901455767077,12.062989921612543
2020-09-04,32.61226203807391,19.6376446435237,13.971817842478538,7.484322508398656,9.115901455767077,12.062989921612543
2020-09-05,32.61338185890258,19.628126166480026,13.979656588279209,7.48488241881299,9.115341545352743,12.063549832026876
2020-09-06,32.61338185890258,19.620287420679354,13.987495334079881,7.48488241881299,9.113101903695409,12.069148936170214
2020-09-07,32.61338185890258,19.620287420679354,13.987495334079881,7.48488241881299,9.113101903695409,12.069148936170214
2020-09-08,32.616051454138706,19.616237882177476,13.991983594332588,7.483780760626399,9.11185682326622,12.067953020134228
2020-09-09,32.61226203807391,19.61020903322135,13.99645390070922,7.486562150055991,9.110862262038074,12.072508398656215
2020-09-10,32.61226203807391,19.61020903322135,13.99645390070922,7.486562150055991,9.110862262038074,12.072508398656215
2020-09-11,32.60902466367713,19.604727204783256,14.000934230194321,7.488789237668161,9.109865470852018,12.07707399103139
2020-09-12,32.61282194848824,19.600690556177675,14.00541246733856,7.486002239641658,9.109742441209406,12.073628219484883
2020-09-13,32.61282194848824,19.592851810377002,14.013251213139231,7.487122060470325,9.10862262038074,12.076987681970884
2020-09-14,32.60790358744394,19.5879110612855,14.016629297458895,7.489910313901345,9.108744394618833,12.081558295964125
2020-09-15,32.61114221724524,19.583893243747664,14.019970138111237,7.48936170212766,9.106942889137738,12.08090705487122
2020-09-16,32.607343049327355,19.57670029895366,14.024476831091182,7.493273542600897,9.10706278026906,12.084360986547086
2020-09-17,32.611702127659576,19.573254945875323,14.030608435983577,7.490481522956327,9.105263157894736,12.082026875699889
2020-09-18,32.610145739910315,19.56829222720478,14.035127055306429,7.492152466367713,9.103139013452914,12.084360986547086
2020-09-19,32.61394176931691,19.563176558417318,14.04180664427025,7.48936170212766,9.101903695408735,12.081466965285554
2020-09-20,32.60790358744394,19.55708146487294,14.046337817638268,7.492152466367713,9.103139013452914,12.087163677130045
2020-09-21,32.60790358744394,19.55708146487294,14.046337817638268,7.492152466367713,9.103139013452914,12.087163677130045
2020-09-22,32.604540358744394,19.5461509715994,14.056988041853513,7.494674887892376,9.101177130044842,12.089966367713005
2020-09-23,32.59960718294052,19.540029928918816,14.061541339319119,7.497474747474747,9.101290684624018,12.094556677890012
2020-09-24,32.59960718294052,19.540029928918816,14.061541339319119,7.497474747474747,9.101290684624018,12.094556677890012
2020-09-25,32.59691011235955,19.535580524344567,14.066104868913857,7.5002808988764045,9.100280898876404,12.096348314606741
2020-09-26,32.595786516853934,19.524344569288388,14.078464419475656,7.501404494382022,9.099157303370786,12.09747191011236
2020-09-27,32.59960718294052,19.520389075944628,14.082865693976807,7.499719416386083,9.097923681257015,12.096240179573513
2020-09-28,32.593258426966294,19.514794007490632,14.087734082397004,7.502808988764045,9.097752808988764,12.100842696629213
2020-09-29,32.59101123595506,19.504119850187262,14.097846441947567,7.504494382022472,9.096067415730337,12.103651685393258
2020-09-30,32.58605174353206,19.4968128983877,14.103580802399701,7.507311586051744,9.096175478065241,12.109392575928009
2020-10-01,32.58876404494382,19.491760299625465,14.111329588014982,7.50561797752809,9.094943820224719,12.107022471910112
2020-10-02,32.58661417322835,19.48781402324709,14.117079115110611,7.507311586051744,9.093363329583802,12.109392575928009
2020-10-03,32.59044943820225,19.48277153558052,14.123689138576779,7.50561797752809,9.091011235955056,12.105898876404494
2020-10-04,32.58595505617978,19.47378277153558,14.132677902621724,7.5067415730337075,9.091011235955056,12.110393258426967
2020-10-05,32.58595505617978,19.47378277153558,14.132677902621724,7.5067415730337075,9.091011235955056,12.110393258426967
2020-10-06,32.582584269662924,19.46198501872659,14.143352059925094,7.508988764044944,9.089887640449438,12.113202247191012
2020-10-07,32.57649043869516,19.455755530558676,14.14801274840645,7.512935883014623,9.088863892013498,12.117829021372328
2020-10-08,32.57649043869516,19.455755530558676,14.14801274840645,7.512935883014623,9.088863892013498,12.117829021372328
2020-10-09,32.579302587176606,19.44731908511436,14.159823772028497,7.512373453318335,9.086051743532058,12.11726659167604
2020-10-10,32.58314606741573,19.442322097378273,14.166385767790263,7.509550561797753,9.084831460674158,12.11376404494382
2020-10-11,32.57752808988764,19.434456928838948,14.177621722846443,7.509550561797753,9.08370786516854,12.117134831460675
2020-10-12,32.572553430821145,19.42819647544057,14.18119610048744,7.513498312710911,9.084926884139483,12.119516310461192
2020-10-13,32.575842696629216,19.423501872659173,14.18689138576779,7.511797752808989,9.083146067415731,12.117696629213484
2020-10-14,32.57086614173228,19.417229096362952,14.191601049868767,7.515748031496063,9.082114735658044,12.122328458942633
2020-10-15,32.57359550561798,19.412265917602994,14.198127340823971,7.514044943820225,9.079775280898877,12.121067415730337
2020-10-16,32.57359550561798,19.412265917602994,14.198127340823971,7.514044943820225,9.079775280898877,12.121067415730337
2020-10-17,32.57415730337079,19.40327715355805,14.20936329588015,7.514044943820225,9.07752808988764,12.120505617977528
2020-10-18,32.56805399325084,19.398106486689162,14.214098237720286,7.517997750281215,9.07761529808774,12.125140607424072
2020-10-19,32.56805399325084,19.398106486689162,14.214098237720286,7.517997750281215,9.07761529808774,12.125140607424072
2020-10-20,32.56355455568054,19.38742032245969,14.223097112860893,7.521934758155231,9.076490438695163,12.127952755905511
2020-10-21,32.55855855855856,19.379973723723722,14.22897897897898,7.525900900900901,9.07545045045045,12.13260135135135
2020-10-22,32.55855855855856,19.379973723723722,14.22897897897898,7.525900900900901,9.07545045045045,12.13260135135135
2020-10-23,32.56052927927928,19.371527777777775,14.241366366366368,7.525900900900901,9.072635135135135,12.132038288288289
2020-10-24,32.55658783783784,19.361392642642638,14.250938438438439,7.528153153153153,9.070945945945946,12.13429054054054
2020-10-25,32.55045095828636,19.353908305148437,14.256294626080422,7.531003382187148,9.071589627959414,12.138951521984216
2020-10-26,32.55045095828636,19.353908305148437,14.256294626080422,7.531003382187148,9.071589627959414,12.138951521984216
2020-10-27,32.54763246899662,19.343198045847423,14.264750093949644,7.5338218714768885,9.071025930101465,12.141206313416008
2020-10-28,32.54147855530474,19.336813393528967,14.270692249811889,7.536681715575621,9.071106094808126,12.145880361173814
2020-10-29,32.54147855530474,19.336813393528967,14.270692249811889,7.536681715575621,9.071106094808126,12.145880361173814
2020-10-30,32.53813559322034,19.332674199623348,14.276082862523541,7.538418079096045,9.068926553672316,12.148870056497175
2020-10-31,32.53361581920904,19.323634651600752,14.286252354048965,7.540677966101695,9.066666666666666,12.151129943502825
2020-11-01,32.53639954853273,19.318754702784044,14.291572610985705,7.540067720090294,9.065462753950339,12.148702031602708
2020-11-02,32.53639954853273,19.318754702784044,14.291572610985705,7.540067720090294,9.065462753950339,12.148702031602708
2020-11-03,32.53861330326945,19.314449455092067,14.295753476136792,7.538895152198422,9.064825253664036,12.147406989853438
2020-11-04,32.53132054176072,19.309161023325807,14.301730624529723,7.542889390519187,9.063769751693002,12.150959367945823
2020-11-05,32.53132054176072,19.309161023325807,14.301730624529723,7.542889390519187,9.063769751693002,12.150959367945823
2020-11-06,32.53132054176072,19.309161023325807,14.301730624529723,7.542889390519187,9.063769751693002,12.150959367945823
2020-11-07,32.52906320541761,19.300131677953345,14.310759969902183,7.544018058690745,9.061512415349886,12.153216704288939
2020-11-08,32.53297632468997,19.29641112363773,14.314919203307028,7.543404735062007,9.06031567080045,12.14966178128523
2020-11-09,32.53800675675676,19.291572822822822,14.320195195195195,7.54054054054054,9.057995495495495,12.14724099099099
2020-11-10,32.54021372328459,19.287307836520434,14.323772028496439,7.539932508436445,9.056242969628796,12.147075365579303
2020-11-11,32.54021372328459,19.287307836520434,14.323772028496439,7.539932508436445,9.056242969628796,12.147075365579303
2020-11-12,32.5441011235955,19.282490636704118,14.330149812734083,7.538202247191011,9.053932584269663,12.144662921348315
2020-11-13,32.543539325842694,19.274344569288388,14.341385767790262,7.538202247191011,9.051685393258428,12.14438202247191
2020-11-14,32.54741863075196,19.269547325102877,14.346614291058737,7.5353535353535355,9.05050505050505,12.141975308641975
2020-11-15,32.54405162738496,19.260568649457536,14.356715301159745,7.537598204264871,9.048260381593716,12.143097643097644
2020-11-16,32.53679775280899,19.25524344569288,14.360486891385769,7.5415730337078655,9.049438202247192,12.146629213483147
2020-11-17,32.54124579124579,19.251028806584358,14.364010475121587,7.540965207631874,9.047699214365881,12.145342312008978
2020-11-18,32.539001122334454,19.24429479985035,14.37298915076693,7.543771043771044,9.044893378226712,12.14702581369248
2020-11-19,32.539001122334454,19.24429479985035,14.37298915076693,7.543771043771044,9.044893378226712,12.14702581369248
2020-11-20,32.53623595505618,19.241760299625465,14.377902621722846,7.545505617977528,9.0438202247191,12.147752808988765
2020-11-21,32.54012345679013,19.23812196034418,14.383090160867939,7.543771043771044,9.041526374859709,12.14421997755331
2020-11-22,32.53787878787879,19.230265619154505,14.392068836513282,7.5460157126823795,9.038159371492705,12.14421997755331
2020-11-23,32.53787878787879,19.230265619154505,14.392068836513282,7.5460157126823795,9.038159371492705,12.14421997755331
2020-11-24,32.53675645342312,19.220164609053494,14.40048634493079,7.548821548821548,9.037037037037036,12.144781144781145
2020-11-25,32.53061797752809,19.214794007490635,14.405430711610487,7.551685393258427,9.037078651685393,12.148314606741573
2020-11-26,32.53338945005612,19.210063598952484,14.412832023943135,7.551066217732885,9.034792368125702,12.14702581369248
2020-11-27,32.538439955106625,19.202768424990644,14.425738870183315,7.549382716049383,9.031425364758698,12.143097643097644
2020-11-28,32.538439955106625,19.193789749345303,14.438084549195661,7.55050505050505,9.030303030303031,12.13973063973064
2020-11-29,32.54007847533632,19.190209267563525,14.442077727952167,7.551008968609866,9.02914798206278,12.136210762331839
2020-11-30,32.54339305711086,19.186076894363566,14.445502053004853,7.550951847704368,9.026875699888018,12.134938409854424
2020-12-01,32.54339305711086,19.186076894363566,14.445502053004853,7.550951847704368,9.026875699888018,12.134938409854424
2020-12-02,32.53951793721973,19.179559043348277,14.45160687593423,7.553811659192825,9.026905829596412,12.137331838565023
2020-12-03,32.54339305711086,19.17487868607689,14.458939902948861,7.552071668533035,9.024636058230683,12.134938409854424
2020-12-04,32.54344170403587,19.170590433482808,14.463938714499253,7.553811659192825,9.024663677130045,12.133968609865471
2020-12-05,32.54456278026906,19.15937967115097,14.476270553064277,7.553251121076233,9.022982062780269,12.131726457399104
2020-12-06,32.54344170403587,19.149289985052313,14.48636023916293,7.555493273542601,9.020739910313901,12.131726457399104
2020-12-07,32.54344170403587,19.149289985052313,14.48636023916293,7.555493273542601,9.020739910313901,12.131726457399104
2020-12-08,32.5417600896861,19.139760837070252,14.493647234678626,7.558856502242152,9.02017937219731,12.13060538116592
2020-12-09,32.54012345679013,19.13430602319491,14.499812944257389,7.561728395061729,9.019079685746352,12.130751964085297
2020-12-10,32.54456278026906,19.13079222720478,14.505979073243648,7.559417040358745,9.01737668161435,12.127802690582959
2020-12-11,32.54405162738496,19.126449682005234,14.511036288814067,7.561167227833894,9.016273849607183,12.127384960718294
2020-12-12,32.54904708520179,19.12182361733931,14.517189835575486,7.558295964125561,9.015134529147982,12.122757847533633
2020-12-13,32.548486547085204,19.11285500747384,14.52727952167414,7.560538116591928,9.012892376681615,12.121636771300448
2020-12-14,32.548486547085204,19.11285500747384,14.52727952167414,7.560538116591928,9.012892376681615,12.121636771300448
2020-12-15,32.5523516237402,19.110488988428514,14.530048525569242,7.559910414333706,9.011198208286674,12.11926091825308
2020-12-16,32.554591265397534,19.10209033221351,14.541246733855917,7.563269876819708,9.007838745800672,12.115901455767077
2020-12-17,32.554591265397534,19.10209033221351,14.541246733855917,7.563269876819708,9.007838745800672,12.115901455767077
2020-12-18,32.554591265397534,19.10209033221351,14.541246733855917,7.563269876819708,9.007838745800672,12.115901455767077
2020-12-19,32.558510638297875,19.095371407241505,14.550205300485256,7.563269876819708,9.005039193729003,12.112541993281075
2020-12-20,32.55465246636771,19.08987294469357,14.555306427503737,7.566143497757848,9.005044843049328,12.114910313901346
2020-12-21,32.55465246636771,19.08987294469357,14.555306427503737,7.566143497757848,9.005044843049328,12.114910313901346
2020-12-22,32.557390817469205,19.086412840612166,14.557484135871595,7.566629339305711,9.003359462486003,12.113661814109742
2020-12-23,32.55465246636771,19.080904334828098,14.563714499252617,7.569506726457399,9.003363228699552,12.113789237668161
2020-12-24,32.55465246636771,19.080904334828098,14.563714499252617,7.569506726457399,9.003363228699552,12.113789237668161
2020-12-25,32.554713804713806,19.07706696595585,14.567714178825291,7.570145903479236,9.002805836139169,12.113355780022447
2020-12-26,32.55857623318386,19.07249626307922,14.571562032884904,7.568385650224215,9.002802690582959,12.109865470852018
2020-12-27,32.55667789001122,19.067527123082677,14.5761316872428,7.569584736251403,9.001683501683502,12.112514029180696
2020-12-28,32.551685393258424,19.06198501872659,14.582397003745319,7.57247191011236,9.000561797752809,12.11376404494382
2020-12-29,32.54780652418448,19.055305586801648,14.587551556055494,7.575365579302587,9.000562429696288,12.116141732283465
2020-12-30,32.54504504504504,19.049737237237235,14.592717717717719,7.579391891891892,8.999436936936936,12.116272522522523
2020-12-31,32.54504504504504,19.049737237237235,14.592717717717719,7.579391891891892,8.999436936936936,12.116272522522523
2021-01-01,32.54509582863585,19.04584742577978,14.597331830139046,7.580608793686584,8.998308906426155,12.115839909808344
2021-01-02,32.54509582863585,19.04584742577978,14.597331830139046,7.580608793686584,8.998308906426155,12.115839909808344
2021-01-03,32.542325056433405,19.040255831452217,14.602520692249813,7.582392776523702,8.997178329571106,12.118227990970654
2021-01-04,32.54735062006765,19.03682826005261,14.606350995866217,7.580608793686584,8.996054114994363,12.114712514092446
2021-01-05,32.54622322435175,19.027809094325438,14.61424276587749,7.582299887260429,8.995490417136415,12.115839909808344
2021-01-06,32.542325056433405,19.022197140707295,14.619450714823175,7.5852144469525955,8.99548532731377,12.117099322799097
2021-01-07,32.54509582863585,19.016535137166475,14.626644118752349,7.584554678692221,8.993235625704623,12.114712514092446
2021-01-08,32.543171557562076,19.012039127163277,14.63130173062453,7.586060948081264,8.992099322799097,12.11568848758465
2021-01-09,32.54706877113867,19.00638857572341,14.637354378053365,7.585400225479143,8.990980834272829,12.111048478015784
2021-01-10,32.544300225733636,19.000752445447702,14.642588412340107,7.587189616252822,8.989841986455982,12.114559819413092
2021-01-11,32.544300225733636,19.000752445447702,14.642588412340107,7.587189616252822,8.989841986455982,12.114559819413092
2021-01-12,32.54819616685457,18.996242014280345,14.646373543780534,7.587091319052988,8.988726042841037,12.11217587373168
2021-01-13,32.54542889390519,18.990594431903684,14.651617757712566,7.590011286681715,8.987584650112867,12.113431151241535
2021-01-14,32.54542889390519,18.990594431903684,14.651617757712566,7.590011286681715,8.987584650112867,12.113431151241535
2021-01-15,32.55045095828636,18.986095452837276,14.657647500939497,7.587091319052988,8.986471251409245,12.111048478015784
2021-01-16,32.550507900677204,18.981565086531223,14.661775771256584,7.588318284424379,8.985327313769751,12.111738148984198
2021-01-17,32.55163656884876,18.97253574115876,14.669676448457487,7.589446952595937,8.984198645598195,12.111738148984198
2021-01-18,32.554396843292,18.968057121382937,14.674182638105975,7.589158211198798,8.983089064261556,12.108981585869973
2021-01-19,32.554396843292,18.968057121382937,14.674182638105975,7.589158211198798,8.983089064261556,12.108981585869973
2021-01-20,32.550507900677204,18.962377727614744,14.678329571106095,7.592080511662905,8.983069977426636,12.110233258088789
2021-01-21,32.5521420518602,18.95791055993987,14.685456595264938,7.591413002630591,8.979706877113866,12.107854190154077
2021-01-22,32.55276523702032,18.954477050413843,14.690744920993229,7.5926448457486835,8.977426636568849,12.106847253574115
2021-01-23,32.55276523702032,18.954477050413843,14.690744920993229,7.5926448457486835,8.977426636568849,12.106847253574115
2021-01-24,32.55276523702032,18.946576373212938,14.702031602708804,7.5926448457486835,8.975169300225733,12.104589917231
2021-01-25,32.54887005649717,18.944256120527303,14.707344632768361,7.59331450094162,8.976271186440679,12.102448210922786
2021-01-26,32.55,18.934934086629,14.714689265536723,7.594444444444445,8.975141242937854,12.100470809792842
2021-01-27,32.54835972850679,18.931466817496226,14.716628959276019,7.596248114630468,8.975113122171946,12.099453242835596
2021-01-28,32.55338983050847,18.927589453860637,14.722598870056498,7.594726930320151,8.97316384180791,12.095951035781544
2021-01-29,32.55288461538461,18.924113876319755,14.72680995475113,7.595399698340875,8.97143665158371,12.096059577677224
2021-01-30,32.550113250283125,18.92289543223858,14.72876557191393,7.597206493016233,8.972536806342015,12.095035862589656
2021-01-31,32.554015837104075,18.918457767722472,14.733597285067873,7.596530920060332,8.97143665158371,12.091534690799396
2021-02-01,32.55237825594564,18.91496791241978,14.736693091732729,7.597206493016233,8.972536806342015,12.090505851264627
2021-02-02,32.557126696832576,18.91053921568627,14.740384615384615,7.596530920060332,8.971153846153847,12.087575414781297
2021-02-03,32.5554926387316,18.90704039260098,14.742355605889015,7.598338995847491,8.971121177802944,12.087674594186485
2021-02-04,32.557126696832576,18.902620663650072,14.749434389140271,7.598793363499246,8.967760180995475,12.085312971342383
2021-02-05,32.557126696832576,18.902620663650072,14.749434389140271,7.598793363499246,8.967760180995475,12.085312971342383
2021-02-06,32.55775764439411,18.901377878444695,14.7519818799547,7.600604001510004,8.96545866364666,12.084277085692714
2021-02-07,32.55775764439411,18.896847867119664,14.758776896942242,7.600604001510004,8.964326160815402,12.083144582861456
2021-02-08,32.55995475113122,18.893570889894416,14.761877828054299,7.602187028657617,8.963800904977376,12.081353695324283
2021-02-09,32.56497175141243,18.889171374764594,14.766666666666667,7.601506591337101,8.961581920903955,12.07674199623352
2021-02-10,32.56447963800905,18.885652337858218,14.768665158371041,7.603318250377074,8.962669683257918,12.075697586726998
2021-02-11,32.56447963800905,18.885652337858218,14.768665158371041,7.603318250377074,8.962669683257918,12.075697586726998
2021-02-12,32.56511891279728,18.884390335975837,14.77123442808607,7.6034352585881475,8.962627406568517,12.074650811627029
2021-02-13,32.56511891279728,18.884390335975837,14.77123442808607,7.6034352585881475,8.962627406568517,12.074650811627029
2021-02-14,32.56511891279728,18.87986032465081,14.776896942242356,7.604567761419404,8.96149490373726,12.074650811627029
2021-02-15,32.56653454133635,18.87533031332578,14.781993204983012,7.605700264250661,8.962627406568517,12.069837674594186
2021-02-16,32.5654020385051,18.868535296338237,14.789920724801812,7.605700264250661,8.963759909399773,12.065307663269158
2021-02-17,32.56377551020408,18.864984882842023,14.791950113378684,7.606386999244143,8.964852607709751,12.065381708238851
2021-02-18,32.56426953567384,18.861740279350695,14.797848244620612,7.606832767081919,8.96149490373726,12.0641751604379
2021-02-19,32.56547619047619,18.86101662887377,14.799319727891156,7.606953892668179,8.960884353741497,12.06368102796674
2021-02-20,32.56710079275198,18.857776519441295,14.804077010192525,7.607399018497547,8.959796149490373,12.0602114005285
2021-02-21,32.56547619047619,18.855347694633405,14.80498866213152,7.6080876795162515,8.959750566893424,12.062547241118668
2021-02-22,32.56547619047619,18.855347694633405,14.80498866213152,7.6080876795162515,8.959750566893424,12.062547241118668
2021-02-23,32.5673839184598,18.85211400528501,14.808607021517554,7.609097772744432,8.958097395243488,12.059645149112873
2021-02-24,32.56689342403628,18.84854497354497,14.810657596371883,7.609788359788361,8.958049886621316,12.06084656084656
2021-02-25,32.57191392978483,18.84418648546621,14.816534541336353,7.609097772744432,8.955832389580975,12.057946394865986
2021-02-26,32.575877689694224,18.84022272555681,14.823329558323897,7.609097772744432,8.95300113250283,12.053982634956586
2021-02-27,32.577488687782804,18.837009803921568,14.826923076923077,7.609539969834088,8.953054298642535,12.05052790346908
2021-02-28,32.57616081540204,18.833427708569268,14.830124575311439,7.609664024160061,8.95300113250283,12.052000755001886
2021-03-01,32.573412698412696,18.830971277399847,14.833333333333334,7.610355253212397,8.952947845804989,12.05319349962207
2021-03-02,32.573696145124714,18.825302343159482,14.839002267573695,7.6120559334845055,8.952947845804989,12.049792139077853
2021-03-03,32.57321225879682,18.821698827090426,14.841089670828604,7.613885735906168,8.952894438138479,12.04984865682936
2021-03-04,32.573696145124714,18.818499622071048,14.846938775510203,7.613189720332578,8.950680272108844,12.048658352229781
2021-03-05,32.575482406356414,18.81772606886114,14.847900113507379,7.6127506621263725,8.949489216799092,12.047010972379871
2021-03-06,32.575482406356414,18.81772606886114,14.847900113507379,7.6127506621263725,8.949489216799092,12.047010972379871
2021-03-07,32.574347332576615,18.810915626182364,14.854710556186152,7.613885735906168,8.949489216799092,12.047010972379871
2021-03-08,32.57142857142857,18.80886243386243,14.857142857142858,7.617157974300832,8.949546485260772,12.046390778533635
2021-03-09,32.57142857142857,18.80886243386243,14.857142857142858,7.617157974300832,8.949546485260772,12.046390778533635
2021-03-10,32.57142857142857,18.802059712773996,14.863945578231293,7.619425547996977,8.948412698412698,12.042989417989418
2021-03-11,32.57142857142857,18.802059712773996,14.863945578231293,7.619425547996977,8.948412698412698,12.042989417989418
2021-03-12,32.57207718501703,18.801267499054102,14.866061293984108,7.618993567915249,8.9472190692395,12.041335603480892
2021-03-13,32.570454545454545,18.798768939393938,14.868181818181819,7.618560606060607,8.947159090909091,12.044791666666667
2021-03-14,32.56818181818182,18.794223484848484,14.875,7.6208333333333345,8.947159090909091,12.040246212121211
2021-03-15,32.564699205448356,18.792186908815737,14.877412031782066,7.624101399924329,8.946083995459706,12.0396329928112
2021-03-16,32.564699205448356,18.792186908815737,14.877412031782066,7.624101399924329,8.946083995459706,12.0396329928112
2021-03-17,32.561293984108964,18.785376466136963,14.887627695800226,7.62637154748392,8.94494892167991,12.035092697692017
2021-03-18,32.557256235827666,18.7833522297808,14.893424036281179,7.627928949357521,8.942743764172336,12.033919123204837
2021-03-19,32.559591373439275,18.782538781687474,14.895573212258796,7.627506621263716,8.941543700340523,12.030552402572834
2021-03-20,32.55385487528345,18.781084656084655,14.90249433106576,7.630196523053667,8.94047619047619,12.02881708238851
2021-03-21,32.5522133938706,18.77856602345819,14.904653802497162,7.629776768823308,8.940408626560727,12.03111993946273
2021-03-22,32.547052154195015,18.777683295540434,14.910430839002268,7.633030990173848,8.938208616780045,12.029950869236583
2021-03-23,32.546538024971625,18.7751608021188,14.911464245175937,7.633749527052593,8.93927355278093,12.02884979190314
2021-03-24,32.5400113507378,18.768350359440028,14.921396140749149,7.6385735906167245,8.938422247446084,12.025444570563753
2021-03-25,32.5400113507378,18.768350359440028,14.921396140749149,7.6385735906167245,8.938422247446084,12.025444570563753
2021-03-26,32.53486394557823,18.764077853363563,14.930555555555555,7.640117157974301,8.936224489795919,12.025415721844293
2021-03-27,32.526171579743014,18.760865457294027,14.94208238851096,7.642951625094483,8.935657596371883,12.022203325774752
2021-03-28,32.526171579743014,18.760865457294027,14.94208238851096,7.642951625094483,8.935657596371883,12.022203325774752
2021-03-29,32.51878067195168,18.75887127217818,14.948942997357493,7.646470366175916,8.934031710079275,12.021045677614193
2021-03-30,32.51936885865457,18.756330309901738,14.952286470143612,7.647203325774755,8.933956916099774,12.017668178382463
2021-03-31,32.51369992441421,18.74839380196523,14.964758125472411,7.651738473167045,8.931689342403628,12.015400604686318
2021-04-01,32.50745564363911,18.745281238203095,14.972725556813892,7.6532653831634585,8.929501698754247,12.01425066062665
2021-04-02,32.50973167044596,18.744425547996975,14.974962207105063,7.6540060468631905,8.92828798185941,12.010865457294027
2021-04-03,32.50917517972002,18.743000378357927,14.97606886114264,7.655883465758608,8.928206583427922,12.010877790389708
2021-04-04,32.50179516250945,18.739890400604686,14.985166288737716,7.657407407407408,8.92828798185941,12.008597883597883
2021-04-05,32.495564363910916,18.737919969799922,14.991978104945261,7.660060400151001,8.926104190260476,12.008588146470364
2021-04-06,32.495564363910916,18.737919969799922,14.991978104945261,7.660060400151001,8.926104190260476,12.008588146470364
2021-04-07,32.48876934692337,18.73112495281238,15.00443563608909,7.66459041147603,8.923839184597961,12.004058135145337
2021-04-08,32.48876934692337,18.73112495281238,15.00443563608909,7.66459041147603,8.923839184597961,12.004058135145337
2021-04-09,32.48876934692337,18.73112495281238,15.00443563608909,7.66459041147603,8.923839184597961,12.004058135145337
2021-04-10,32.491591080876795,18.730820105820104,15.006708238851095,7.664210128495843,8.923185941043084,12.000661375661375
2021-04-11,32.48365457294029,18.72401738473167,15.016912320483748,7.667611489040061,8.923185941043084,12.001795162509447
2021-04-12,32.47855253212396,18.719482237339378,15.025415721844293,7.671579743008315,8.921485260770975,11.9995275888133
2021-04-13,32.477960650775636,18.716893681422626,15.027714718123343,7.673477109345441,8.921396140749149,11.998391978811954
2021-04-14,32.471150208096866,18.708948164964056,15.039065455921302,7.676882330684829,8.920261066969353,11.99725690503216
2021-04-15,32.46608087679517,18.704743008314434,15.045823885109598,7.680650037792896,8.918083900226758,11.996126228269084
2021-04-16,32.46551398337113,18.701341647770217,15.054327286470143,7.682350718065004,8.91468253968254,11.993291761148903
2021-04-17,32.46551398337113,18.701341647770217,15.054327286470143,7.682350718065004,8.91468253968254,11.993291761148903
2021-04-18,32.45984504913076,18.694538926681783,15.064531368102797,7.68461829176115,8.912414965986395,11.994425547996975
2021-04-19,32.45984504913076,18.694538926681783,15.064531368102797,7.68461829176115,8.912414965986395,11.994425547996975
2021-04-20,32.452529256323146,18.690354850887125,15.0740845602114,7.688372970932428,8.909966024915063,11.993865609664022
2021-04-21,32.4457342393356,18.685258588146468,15.084277085692714,7.692902982257456,8.908267270668176,11.992166855417137
2021-04-22,32.4457342393356,18.685258588146468,15.084277085692714,7.692902982257456,8.908267270668176,11.992166855417137
2021-04-23,32.43893922234806,18.682427331068325,15.09673461683654,7.697432993582485,8.904869762174405,11.988769346923366
2021-04-24,32.43278657616893,18.675999245852186,15.111331070889893,7.698906485671192,8.902714932126697,11.986519607843135
2021-04-25,32.431861079652705,18.67336730841827,15.114288410721025,7.699697999244999,8.902038505096263,11.987353718384295
2021-04-26,32.421191553544496,18.6703431372549,15.123208898944192,7.704562594268477,8.901018099547512,11.987368024132728
2021-04-27,32.422801057002644,18.667704794261983,15.12448093620234,7.705360513401284,8.900906002265005,11.98508871272178
2021-04-28,32.41034352585882,18.65751226878067,15.141468478671197,7.712155530388826,8.898640996602492,11.983956209890524
2021-04-29,32.41034352585882,18.65751226878067,15.141468478671197,7.712155530388826,8.898640996602492,11.983956209890524
2021-04-30,32.4119425547997,18.655990173847314,15.143896447467876,7.712962962962964,8.896258503401361,11.98280423280423
2021-05-01,32.40241600604002,18.651849754624386,15.157323518308795,7.716685541713855,8.894110985277463,11.980558701396752
2021-05-02,32.40173847316705,18.64918745275888,15.159769463340892,7.718631897203326,8.893990929705215,11.981670445956158
2021-05-03,32.392223480558705,18.645054737636844,15.169781049452624,7.7234805587013975,8.89184597961495,11.981691204228008
2021-05-04,32.39040060468632,18.64125094482237,15.173374905517761,7.725434618291762,8.89172335600907,11.981670445956158
2021-05-05,32.38019652305367,18.63104686318972,15.190381708238851,7.732237339380197,8.888321995464853,11.979402872260014
2021-05-06,32.36957342393356,18.62580218950547,15.202623631559078,7.7359380898452255,8.885050962627407,11.979426198565495
2021-05-07,32.363910909777275,18.620139675349186,15.21734616836542,7.73820309550774,8.880520951302378,11.976028690071724
2021-05-08,32.35145337863345,18.613344658361644,15.233201208003019,7.744998112495282,8.878255945639864,11.976028690071724
2021-05-09,32.35145337863345,18.613344658361644,15.233201208003019,7.744998112495282,8.878255945639864,11.976028690071724
2021-05-10,32.34370286576169,18.609257164404223,15.242552790346908,7.749811463046758,8.876696832579185,11.974924585218702
2021-05-11,32.34370286576169,18.609257164404223,15.242552790346908,7.749811463046758,8.876696832579185,11.974924585218702
2021-05-12,32.33352187028658,18.600207390648567,15.259521116138762,7.755467571644043,8.872171945701357,11.973793363499244
2021-05-13,32.3241054613936,18.59613935969868,15.270527306967985,7.760263653483993,8.870056497175142,11.972693032015064
2021-05-14,32.326734539969834,18.593420060331823,15.274226998491704,7.759992458521871,8.868778280542987,11.969834087481145
2021-05-15,32.31732580037665,18.589359698681733,15.285216572504707,7.763653483992468,8.867796610169492,11.968738229755177
2021-05-16,32.3060263653484,18.58370998116761,15.297645951035781,7.769303201506592,8.864406779661017,11.972128060263652
2021-05-17,32.296704331450094,18.576365348399246,15.309510357815443,7.775800376647835,8.861864406779661,11.970998116760827
2021-05-18,32.29477752639518,18.57136123680241,15.312122926093513,7.777809200603319,8.86170814479638,11.972096530920059
2021-05-19,32.2843137254902,18.562877073906485,15.325697586726998,7.784030920060332,8.858597285067873,11.972096530920059
2021-05-20,32.2843137254902,18.562877073906485,15.325697586726998,7.784030920060332,8.858597285067873,11.972096530920059
2021-05-21,32.27752639517346,18.555524132730014,15.33983785822021,7.787990196078432,8.854638009049774,11.970399698340874
2021-05-22,32.27752639517346,18.555524132730014,15.33983785822021,7.787990196078432,8.854638009049774,11.970399698340874
2021-05-23,32.26395173453997,18.54873680241327,15.352281297134237,7.795908748114631,8.851244343891402,11.974924585218702
2021-05-24,32.26198565496414,18.54482823707059,15.354945262363156,7.796810117025293,8.851075877689695,11.978293695734237
2021-05-25,32.25405813514534,18.53803322008305,15.364005285013212,7.8041713854284644,8.849377123442808,11.97772744431861
2021-05-26,32.24160060400151,18.52670819177048,15.378727821819554,7.813231408078521,8.845979614949037,11.97772744431861
2021-05-27,32.24160060400151,18.52670819177048,15.378727821819554,7.813231408078521,8.845979614949037,11.97772744431861
2021-05-28,32.233408748114634,18.522718702865763,15.387349170437405,7.817967571644043,8.843891402714933,11.977752639517345
2021-05-29,32.22549019607843,18.517062594268477,15.398661387631975,7.824754901960785,8.838800904977376,11.9788838612368
2021-05-30,32.22234805587014,18.513118157795397,15.402510381275953,7.825688939222348,8.838618346545866,11.982257455643637
2021-05-31,32.21102302755757,18.505190637976597,15.413269158172895,7.8330502076255195,8.835220838052095,11.983956209890524
2021-06-01,32.20786092214664,18.49896069538927,15.416005291005291,7.836262282690855,8.836167800453515,11.985071806500377
2021-06-02,32.19652305366591,18.488756613756614,15.42961073318216,7.846466364323508,8.831632653061224,11.983938019652305
2021-06-03,32.19652305366591,18.488756613756614,15.42961073318216,7.846466364323508,8.831632653061224,11.983938019652305
2021-06-04,32.19652305366591,18.488756613756614,15.42961073318216,7.846466364323508,8.831632653061224,11.983938019652305
2021-06-05,32.186035525321245,18.482237339380198,15.440381708238851,7.854119425547998,8.827947845804989,11.984504913076341
2021-06-06,32.179029822574556,18.480558701396752,15.446677991694978,7.858814647036619,8.824745186862968,11.984522461306153
2021-06-07,32.17260558069382,18.477187028657617,15.452394419306183,7.8651960784313735,8.822680995475114,11.983408748114629
2021-06-08,32.17260558069382,18.477187028657617,15.452394419306183,7.8651960784313735,8.822680995475114,11.983408748114629
2021-06-09,32.16355580693816,18.467006033182503,15.46483785822021,7.875377073906487,8.819287330316742,11.980015082956259
2021-06-10,32.15885122410546,18.46252354048964,15.471092278719397,7.878907721280603,8.817231638418079,11.979472693032013
2021-06-11,32.151899924755455,18.459744168547783,15.477332580887884,7.884687735139203,8.815180586907449,11.978367193378478
2021-06-12,32.14682091798345,18.45410082768999,15.487490594431902,7.892024078254328,8.809537246049661,11.976109857035363
2021-06-13,32.14359698681733,18.448964218455746,15.491431261770245,7.894161958568739,8.809322033898304,11.979472693032013
2021-06-14,32.13625235404897,18.44274952919021,15.498775894538605,7.90376647834275,8.80593220338983,11.978342749529189
2021-06-15,32.13625235404897,18.44274952919021,15.498775894538605,7.90376647834275,8.80593220338983,11.978342749529189
2021-06-16,32.13032015065914,18.435404896421847,15.509227871939736,7.911111111111111,8.802542372881357,11.976082862523539
2021-06-17,32.13032015065914,18.435404896421847,15.509227871939736,7.911111111111111,8.802542372881357,11.976082862523539
2021-06-18,32.12452972159519,18.433784800601956,15.514296463506396,7.915726109857036,8.800507900677202,11.97385252069225
2021-06-19,32.12523540489642,18.430885122410547,15.518832391713747,7.9173258003766485,8.797457627118645,11.972693032015064
2021-06-20,32.11619585687382,18.425235404896423,15.526741996233522,7.926365348399248,8.792937853107345,11.974952919020714
2021-06-21,32.11183220466516,18.42221595184349,15.531226486079758,7.93209179834462,8.79147855530474,11.97300601956358
2021-06-22,32.108568738229756,18.41817325800377,15.534086629001882,7.934274952919021,8.791242937853108,11.974105461393595
2021-06-23,32.10291902071563,18.410263653483995,15.544256120527306,7.942184557438796,8.786723163841808,11.971845574387945
2021-06-24,32.098288186606474,18.406414597441685,15.550413844996237,7.945635816403311,8.783577878103838,11.971877351392022
2021-06-25,32.09423149192033,18.403137918075913,15.555993987222848,7.948515595640737,8.781567080045097,11.96965426531379
2021-06-26,32.09546651617758,18.400771256583898,15.561136192626034,7.949586155003763,8.778498871331829,11.967927012791572
2021-06-27,32.08643717080512,18.396256583897667,15.56790820165538,7.956358164033109,8.776241534988714,11.970184349134687
2021-06-28,32.08352123261932,18.393555054490793,15.570650131529499,7.962044344231493,8.774802705749718,11.969090567455842
2021-06-29,32.08352123261932,18.393555054490793,15.570650131529499,7.962044344231493,8.774802705749718,11.969090567455842
2021-06-30,32.079011649755735,18.383408493047728,15.578541901540774,7.969936114242767,8.772547914317926,11.967963171739946
2021-07-01,32.07441816816817,18.37959834834835,15.58352102102102,7.973348348348349,8.770551801801801,11.966873123123122
2021-07-02,32.06983502062243,18.37692163479565,15.588488938882639,7.975628046494189,8.768560179977502,11.965785526809148
2021-07-03,32.07103978978979,18.37396771771772,15.593093093093092,7.977289789789791,8.76661036036036,11.963494744744743
2021-07-04,32.06343843843844,18.367774024024026,15.600131381381381,7.983201951951953,8.764358108108109,11.963494744744743
2021-07-05,32.06343843843844,18.367774024024026,15.600131381381381,7.983201951951953,8.764358108108109,11.963494744744743
2021-07-06,32.058933933933936,18.36158033033033,15.606888138138137,7.991647897897899,8.762105855855856,11.960116366366366
2021-07-07,32.05442942942943,18.35369744744745,15.61477102102102,7.998404654654656,8.758727477477477,11.958990240240238
2021-07-08,32.05442942942943,18.35369744744745,15.61477102102102,7.998404654654656,8.758727477477477,11.958990240240238
2021-07-09,32.05442942942943,18.35369744744745,15.61477102102102,7.998404654654656,8.758727477477477,11.958990240240238
2021-07-10,32.05217717717718,18.348066816816818,15.62209084084084,8.003472222222223,8.755912162162161,11.955048798798797
2021-07-11,32.0511086057873,18.343949642991358,15.626174370537392,8.005730928222473,8.755636978579481,11.954998121007138
2021-07-12,32.04547162720782,18.33718526869598,15.632938744832769,8.014186396091695,8.75338218714769,11.95161593385945
2021-07-13,32.04547162720782,18.33718526869598,15.632938744832769,8.014186396091695,8.75338218714769,11.95161593385945
2021-07-14,32.040962044344234,18.328166102968808,15.64195791055994,8.020950770387072,8.751127395715896,11.948233746711761
2021-07-15,32.040962044344234,18.328166102968808,15.64195791055994,8.020950770387072,8.751127395715896,11.948233746711761
2021-07-16,32.03927095077039,18.320838030815484,15.651540774145058,8.025460353250658,8.748872604284104,11.943160465990228
2021-07-17,32.03472222222222,18.3193506006006,15.654185435435435,8.029936186186188,8.746903153153154,11.942098348348347
2021-07-18,32.033633972190906,18.315201052236002,15.658305148440435,8.03109733183014,8.747745208568208,11.942033070274332
2021-07-19,32.03021771771772,18.313156906906908,15.660942192192191,8.035566816816818,8.7446509009009,11.941535285285283
2021-07-20,32.02962129733783,18.31111736032996,15.663573303337083,8.040026246719162,8.742125984251969,11.938788901387325
2021-07-21,32.023997000374955,18.30324334458193,15.67257217847769,8.046775403074616,8.739876265466817,11.935414323209597
2021-07-22,32.020599250936336,18.30065543071161,15.67631086142322,8.05121722846442,8.73679775280899,11.93323970037453
2021-07-23,32.016086793864574,18.298073325851103,15.680041152263374,8.055649083426863,8.734848484848484,11.932192293303403
2021-07-24,32.012158623269734,18.293022820800598,15.687897493453049,8.062383090160868,8.731481481481481,11.927702955480733
2021-07-25,32.012172284644194,18.287734082397005,15.69316479400749,8.064700374531835,8.732303370786516,11.926498127340823
2021-07-26,32.00543071161049,18.281554307116107,15.700468164794007,8.071441947565544,8.73005617977528,11.925374531835205
2021-07-27,32.003179947624396,18.277871305649086,15.703049008604564,8.075851103628882,8.728114478114477,11.92321361765806
2021-07-28,31.998690609801724,18.268331462775908,15.713430602319491,8.08426861204639,8.725869809203143,11.918443696221473
2021-07-29,31.998690609801724,18.268331462775908,15.713430602319491,8.08426861204639,8.725869809203143,11.918443696221473
2021-07-30,31.995884773662553,18.262158623269734,15.723531612420501,8.089319117096895,8.721941638608305,11.9139543583988
2021-07-31,31.990284005979078,18.26074364723468,15.72608370702541,8.094824364723468,8.718890134529149,11.912929745889386
2021-08-01,31.989150766928546,18.255424616535727,15.731387953610176,8.09717545828657,8.719696969696969,11.911709689487466
2021-08-02,31.98241676019454,18.24869060980172,15.73924429479985,8.103909465020577,8.719696969696969,11.910026187803965
2021-08-03,31.9751215862327,18.241956603067713,15.747661803217358,8.112326973438085,8.716329966329967,11.90497568275346
2021-08-04,31.966142910587358,18.236344930789375,15.760007482229703,8.12018331462776,8.712962962962964,11.901608679386456
2021-08-05,31.960575485799705,18.236079970104633,15.76363976083707,8.124532884902841,8.709921524663677,11.89947683109118
2021-08-06,31.960575485799705,18.236079970104633,15.76363976083707,8.124532884902841,8.709921524663677,11.89947683109118
2021-08-07,31.95609118086697,18.23271674140508,15.77260837070254,8.13013826606876,8.70543721973094,11.894431988041852
2021-08-08,31.95491956603068,18.227366255144034,15.779087167976057,8.132528993640106,8.705106621773288,11.89206883651328
2021-08-09,31.94768310911809,18.226550822122572,15.781016442451419,8.137425261584456,8.702634529147982,11.891629297458893
2021-08-10,31.94768310911809,18.226550822122572,15.781016442451419,8.137425261584456,8.702634529147982,11.891629297458893
2021-08-11,31.93703288490284,18.222066517189837,15.791666666666666,8.143030642750375,8.69927130044843,11.889947683109117
2021-08-12,31.93703288490284,18.222066517189837,15.791666666666666,8.143030642750375,8.69927130044843,11.889947683109117
2021-08-13,31.930384471817845,18.222937663307206,15.79525942515864,8.146229936543486,8.697368421052632,11.888951101157147
2021-08-14,31.922632363907535,18.22492542878449,15.79772557792692,8.150540641312453,8.695469798657719,11.887956748695002
2021-08-15,31.923105636431508,18.221257932064205,15.802818215752145,8.152388951101157,8.693169092945128,11.885591638671144
2021-08-16,31.91414706980217,18.21901829040687,15.810097051138484,8.159667786487496,8.69036954087346,11.882232176185143
2021-08-17,31.91414706980217,18.21901829040687,15.810097051138484,8.159667786487496,8.69036954087346,11.882232176185143
2021-08-18,31.90406868234416,18.216778648749536,15.817935796939155,8.1663867114595,8.68589025755879,11.879992534527808
2021-08-19,31.895413870246085,18.219332587621178,15.820190156599553,8.170674869500374,8.684190902311707,11.879008202833704
2021-08-20,31.898096304591267,18.215098917506534,15.82558790593505,8.172545726017171,8.680477790220232,11.875513251213137
2021-08-21,31.887024608501118,18.219332587621178,15.826901565995525,8.177945563012678,8.678598061148397,11.875652498135718
2021-08-22,31.884658454647255,18.215098917506534,15.832306830907054,8.180384471817844,8.67711832773423,11.875513251213137
2021-08-23,31.872340425531913,18.217338559163867,15.837905935050392,8.187103396789848,8.673758865248228,11.873273609555802
2021-08-24,31.858902575587905,18.218458379992533,15.844624860022396,8.19494214259052,8.669279581933557,11.869914147069801
2021-08-25,31.858744394618835,18.21197683109118,15.85005605381166,8.197402840059791,8.668908819133035,11.868647234678624
2021-08-26,31.8488241881299,18.217338559163867,15.852463605823068,8.201661067562524,8.667039940276222,11.867674505412467
2021-08-27,31.837807606263983,18.221569724086503,15.857102908277405,8.203672632363908,8.664056674123788,11.86670395227442
2021-08-28,31.83109619686801,18.22436614466816,15.862695749440716,8.209545115585385,8.656785980611485,11.8636278896346
2021-08-29,31.828667413213886,18.220138111235535,15.868141097424411,8.212019410227697,8.656401642403882,11.863475177304963
2021-08-30,31.81410974244121,18.223497573721538,15.873180291153416,8.220138111235537,8.654162000746547,11.86095558044046
2021-08-31,31.802013422818792,18.228840417598807,15.875559284116331,8.224366144668158,8.651193139448173,11.859992542878448
2021-09-01,31.8006718924972,18.223497573721538,15.881019036954088,8.227976857036209,8.649682717431878,11.858715938783126
2021-09-02,31.788031319910516,18.231077554064132,15.882829977628635,8.232196122296795,8.647278150633856,11.858314690529454
2021-09-03,31.77709497206704,18.238640595903167,15.884078212290502,8.235288640595904,8.645437616387337,11.857355679702048
2021-09-04,31.76536312849162,18.241433891992553,15.889106145251397,8.243109869646183,8.640409683426444,11.855121042830538
2021-09-05,31.761744966442954,18.237229679343773,15.894574944071588,8.24561894108874,8.640007457121552,11.854958985831468
2021-09-06,31.749162011173183,18.24590316573557,15.894134078212291,8.250372439478586,8.637616387337058,11.854003724394785
2021-09-07,31.735754189944135,18.248137802607076,15.899720670391062,8.258752327746741,8.633147113594042,11.85288640595903
2021-09-08,31.725698324022346,18.252607076350095,15.904748603351955,8.263780260707636,8.628677839851024,11.851769087523277
2021-09-09,31.713727678571427,18.260137648809526,15.905970982142858,8.267950148809524,8.625744047619047,11.851934523809522
2021-09-10,31.702898550724637,18.267651430694908,15.907190635451505,8.270995912300261,8.62281679672984,11.85098476402824
2021-09-11,31.68986636971047,18.276262063845582,15.906180400890868,8.276262063845584,8.619896065330364,11.850037119524869
2021-09-12,31.689241917502788,18.271832032701596,15.91164994425864,8.27796358231141,8.617521367521368,11.849869936826456
2021-09-13,31.67530657748049,18.27629134150873,15.915551839464882,8.284652545522112,8.613619472315126,11.848755109624674
2021-09-14,31.664532293986635,18.283778767631773,15.91620267260579,8.288789903489237,8.610708982925019,11.847809948032664
2021-09-15,31.661928651059085,18.279635823114084,15.921683389074694,8.292456335934597,8.60916016350799,11.84764028242289
2021-09-16,31.650055679287306,18.288233110616183,15.921770601336302,8.295471417965851,8.606254639940609,11.847253155159613
2021-09-17,31.63932146829811,18.29569892473118,15.921857619577308,8.298479792361885,8.603355580274378,11.846310715609935
2021-09-18,31.628754171301445,18.3001483129403,15.926307007786429,8.304041527623285,8.598350018539119,11.843529847979235
2021-09-19,31.626113585746104,18.294914625092797,15.931792873051226,8.306607275426876,8.596789161098739,11.844469190794356
2021-09-20,31.615406006674082,18.302373007044864,15.93075639599555,8.310715609936969,8.594456803856136,11.843529847979235
2021-09-21,31.60205784204672,18.305710048201703,15.935205784204673,8.31738969225065,8.590007415647015,11.842417500926954
2021-09-22,31.599387527839642,18.30048255382331,15.940701559020045,8.321083890126207,8.58843726800297,11.842242019302152
2021-09-23,31.588709677419356,18.307934742306266,15.941045606229144,8.324063774564332,8.586114200964035,11.840748980348534
2021-09-24,31.581479421579534,18.311271783463106,15.947719688542826,8.329347423062663,8.579440118650352,11.835743418613273
2021-09-25,31.581479421579534,18.311271783463106,15.947719688542826,8.329347423062663,8.579440118650352,11.835743418613273
2021-09-26,31.578229398663698,18.30605048255382,15.953229398663698,8.331106161841129,8.578414996288048,11.837509279881216
2021-09-27,31.578229398663698,18.30605048255382,15.953229398663698,8.331106161841129,8.578414996288048,11.837509279881216
2021-09-28,31.577759197324415,18.300817539947975,15.956521739130435,8.333704942400596,8.577945001858046,11.837328130806391
2021-09-29,31.576171875,18.294456845238095,15.9609375,8.337425595238097,8.577473958333334,11.83603050595238
2021-09-30,31.576171875,18.294456845238095,15.9609375,8.337425595238097,8.577473958333334,11.83603050595238
2021-10-01,31.563266443701227,18.30527684875511,15.960981047937569,8.342623560014864,8.57348569305091,11.83398364920104
2021-10-02,31.5515607580825,18.31196581196581,15.96711259754738,8.34986993682646,8.5673541434411,11.82840951319212
2021-10-03,31.546595982142858,18.30673363095238,15.973772321428571,8.353608630952381,8.565755208333334,11.830450148809522
2021-10-04,31.53483835005574,18.31753994797473,15.97324414715719,8.359345968041621,8.56122259383129,11.82840951319212
2021-10-05,31.517001114827202,18.323114083983647,15.97881828316611,8.369379412857674,8.555648457822372,11.823950204384985
2021-10-06,31.513113839285715,18.317894345238095,15.984375,8.373139880952381,8.555152529761905,11.823753720238093
2021-10-07,31.513113839285715,18.317894345238095,15.984375,8.373139880952381,8.555152529761905,11.823753720238093
2021-10-08,31.51201117318436,18.313780260707635,15.991061452513966,8.37635009310987,8.551862197392923,11.821880819366852
2021-10-09,31.499162946428573,18.323474702380953,15.991071428571429,8.382068452380953,8.547898065476192,11.819847470238093
2021-10-10,31.493016759776538,18.319366852886404,15.997765363128492,8.385847299813781,8.547392923649907,11.820763500931097
2021-10-11,31.479631696428573,18.330729166666664,15.997767857142858,8.392671130952381,8.542317708333334,11.819847470238093
2021-10-12,31.466833890746933,18.33927907840951,15.997770345596432,8.398922333704943,8.538368636194724,11.816703827573392
2021-10-13,31.460658482142858,18.335193452380953,16.003348214285715,8.402715773809524,8.536737351190476,11.81649925595238
2021-10-14,31.44676700111483,18.343738387216646,16.004459308807135,8.408955778520996,8.532794500185805,11.814474173169824
2021-10-15,31.432906458797326,18.35449146250928,16.005567928730514,8.414068299925761,8.528860430586489,11.813567186340013
2021-10-16,31.418429844097997,18.360616184112843,16.011692650334076,8.42297698589458,8.52050853749072,11.810226429101705
2021-10-17,31.413322185061315,18.35655890003716,16.017279821627646,8.425678186547753,8.518859160163508,11.812244518766256
2021-10-18,31.394927536231883,18.36324786324786,16.022853957636567,8.436826458565589,8.514399851356373,11.810572277963582
2021-10-19,31.377090301003346,18.367707172054995,16.02954292084727,8.447974730583427,8.508825715347454,11.80722779635823
2021-10-20,31.360367892976587,18.374396135265698,16.035117056856187,8.458008175399481,8.503251579338537,11.803325901151986
2021-10-21,31.360367892976587,18.374396135265698,16.035117056856187,8.458008175399481,8.503251579338537,11.803325901151986
2021-10-22,31.360367892976587,18.374396135265698,16.035117056856187,8.458008175399481,8.503251579338537,11.803325901151986
2021-10-23,31.347547380156076,18.379412857673724,16.040691192865104,8.46692679301375,8.494890375325157,11.80109624674842
2021-10-24,31.341238839285715,18.376488095238095,16.047433035714285,8.46968005952381,8.494326636904763,11.80199032738095
2021-10-25,31.328595317725753,18.387216648086213,16.047380156075807,8.47584541062802,8.490431066518024,11.80109624674842
2021-10-26,31.310758082497212,18.391675956893348,16.055183946488295,8.486993682645858,8.485971757710889,11.796636937941285
2021-10-27,31.305524553571427,18.387648809523807,16.060825892857142,8.490885416666668,8.484281994047619,11.796409970238093
2021-10-28,31.29515050167224,18.396135265700483,16.060758082497212,8.495912300260127,8.479282794500186,11.794407283537717
2021-10-29,31.282572383073497,18.405716406829992,16.060690423162583,8.502041573867855,8.47540831477357,11.793522642910169
2021-10-30,31.267538975501115,18.410449146250926,16.06792873051225,8.510115070527098,8.469561989606534,11.792409057164067
2021-10-31,31.267538975501115,18.410449146250926,16.06792873051225,8.510115070527098,8.469561989606534,11.792409057164067
2021-11-01,31.262820512820515,18.406447417316983,16.07469342251951,8.511241174284653,8.468413229282795,11.793849869936825
2021-11-02,31.25055741360089,18.41257896692679,16.081382385730212,8.520438498699368,8.4611668524712,11.78799702712746
2021-11-03,31.245256696428573,18.409691220238095,16.088169642857142,8.523251488095239,8.459449404761905,11.786644345238093
2021-11-04,31.233835005574136,18.419267930137494,16.088071348940915,8.528242289111855,8.455592716462283,11.784652545522109
2021-11-05,31.222438752783965,18.427709725315516,16.087973273942094,8.53544914625093,8.450631031922791,11.78266518188567
2021-11-06,31.21162402669633,18.43613274008157,16.087319243604004,8.540971449758992,8.446792732665925,11.781238413051538
2021-11-07,31.204064587973274,18.43439123979213,16.094097995545656,8.5449146250928,8.446176688938381,11.780994803266516
2021-11-08,31.192157953281423,18.443362995921394,16.093993325917687,8.550426399703374,8.442899517982944,11.779569892473116
2021-11-09,31.181944444444444,18.450648148148147,16.093888888888888,8.556481481481482,8.439074074074075,11.77648148148148
2021-11-10,31.181944444444444,18.450648148148147,16.093888888888888,8.556481481481482,8.439074074074075,11.77648148148148
2021-11-11,31.181944444444444,18.450648148148147,16.093888888888888,8.556481481481482,8.439074074074075,11.77648148148148
2021-11-12,31.16953385127636,18.461246762856085,16.093784683684795,8.5614132445431,8.435257121716612,11.775619681834996
2021-11-13,31.15788013318535,18.466241213466517,16.099889012208656,8.569737328893822,8.428597854236035,11.770625231224564
2021-11-14,31.15138888888889,18.463425925925925,16.106666666666666,8.572592592592594,8.427962962962964,11.770370370370369
2021-11-15,31.134166666666665,18.4712037037037,16.11277777777778,8.580370370370371,8.423518518518518,11.76759259259259
2021-11-16,31.12402885682575,18.47733999260081,16.113762486126525,8.584165741768405,8.419718830928598,11.765630780614131
2021-11-17,31.11638888888889,18.473425925925923,16.120555555555555,8.588148148148148,8.419074074074075,11.76537037037037
2021-11-18,31.107380688124305,18.48288938216796,16.119311875693672,8.594154642989272,8.415834258231595,11.762856085830558
2021-11-19,31.10638888888889,18.48009259259259,16.127222222222223,8.595925925925927,8.412962962962963,11.759259259259258
2021-11-20,31.095172031076583,18.48732889382168,16.127635960044394,8.600258971513135,8.409729929707732,11.758971513133554
2021-11-21,31.08861111111111,18.485648148148147,16.134444444444444,8.603148148148149,8.409074074074075,11.758703703703702
2021-11-22,31.07852386237514,18.493988161302255,16.132075471698112,8.609137994820571,8.40584535701073,11.757861635220124
2021-11-23,31.062985571587124,18.497317795042544,16.13984461709212,8.615797262301147,8.401405845357012,11.754532001479836
2021-11-24,31.05638888888889,18.494537037037034,16.14666666666667,8.618703703703705,8.39962962962963,11.754259259259259
2021-11-25,31.045227524972255,18.501757306696263,16.147613762486127,8.623566407695154,8.395856455789863,11.753422123566406
2021-11-26,31.031873614190687,18.51228750923873,16.148558758314856,8.628418329637842,8.39209164818921,11.752586844050258
2021-11-27,31.018569844789358,18.51672209903917,16.15742793791574,8.633407243163342,8.386548410938655,11.750369549150035
2021-11-28,31.010821309655938,18.51396596374399,16.165371809101,8.636330003699594,8.385867554568998,11.751202367739547
2021-11-29,30.999722838137473,18.521156688839614,16.165188470066518,8.642276422764228,8.382668144863267,11.750369549150035
2021-11-30,30.989756367663343,18.52722406792174,16.166112956810633,8.645994832041344,8.378922111480252,11.748431155407898
2021-12-01,30.98420177383592,18.524482631189947,16.174057649667407,8.648928307464894,8.376016260162602,11.748152254249813
2021-12-02,30.97535991140642,18.531653746770026,16.174972314507198,8.65263935031377,8.372277593207826,11.747323735695828
2021-12-03,30.973669623059866,18.52891722099039,16.183481152993348,8.653917220990392,8.369364375461936,11.744271988174425
2021-12-04,30.962070874861574,18.537744555186414,16.182724252491695,8.658176448874125,8.366186784791436,11.744001476559614
2021-12-05,30.95537694013304,18.535014781966,16.18957871396896,8.661123429416113,8.365484109386548,11.74371766444937
2021-12-06,30.939855875831487,18.53834072431633,16.196230598669622,8.668329637841834,8.361049519586105,11.74371766444937
2021-12-07,30.92488913525499,18.5400036954915,16.205654101995567,8.673872875092387,8.356614929785662,11.740946045824094
2021-12-08,30.91814650388457,18.535053644099147,16.212541620421753,8.676840547539772,8.354790972992971,11.741768405475396
2021-12-09,30.909368070953438,18.543329637841833,16.21230598669623,8.680524759793053,8.351071692535108,11.740946045824094
2021-12-10,30.896618625277164,18.545546932742052,16.222838137472284,8.686622320768663,8.344974131559498,11.73762010347376
2021-12-11,30.88621262458472,18.554909560723512,16.221483942414174,8.69029162052418,8.341269841269842,11.736803248431155
2021-12-12,30.881651884700666,18.546655580192166,16.23059866962306,8.693274205469327,8.340539541759055,11.73762010347376
2021-12-13,30.868348115299334,18.545546932742052,16.23780487804878,8.701034737620104,8.337767923133777,11.737065779748706
2021-12-14,30.859634551495017,18.55380214101144,16.23643410852713,8.703580657069029,8.334071613141381,11.735142118863047
2021-12-15,30.857261640798225,18.54222099039172,16.245565410199557,8.706577974870658,8.334441980783444,11.735957132298594
2021-12-16,30.857261640798225,18.54222099039172,16.245565410199557,8.706577974870658,8.334441980783444,11.735957132298594
2021-12-17,30.85821309655938,18.52839437661857,16.255826859045506,8.709581945985942,8.33259341472438,11.735664076951535
2021-12-18,30.848946784922394,18.537786400591276,16.254434589800443,8.712675535846268,8.328898743532891,11.734848484848483
2021-12-19,30.84544950055494,18.523954864964853,16.263596004439513,8.716796152423234,8.329263780984093,11.736773954864963
2021-12-20,30.832685904550498,18.522290048094707,16.269700332963374,8.724565297817241,8.326489086200517,11.737328893821678
2021-12-21,30.82511086474501,18.530580192165555,16.26940133037694,8.725979305247598,8.32280118255728,11.734294161123428
2021-12-22,30.815133037694014,18.523928307464892,16.278270509977826,8.733739837398375,8.319475240206948,11.734848484848483
2021-12-23,30.815133037694014,18.523928307464892,16.278270509977826,8.733739837398375,8.319475240206948,11.734848484848483
2021-12-24,30.816037735849058,18.510081391046985,16.288568257491676,8.737883832778396,8.317610062893083,11.734554199038104
2021-12-25,30.816037735849058,18.510081391046985,16.288568257491676,8.737883832778396,8.317610062893083,11.734554199038104
2021-12-26,30.803829078801332,18.506751757306695,16.297447280799112,8.744543100258973,8.314280429152793,11.736773954864963
2021-12-27,30.794068736141906,18.516167775314116,16.29711751662971,8.747043606799705,8.31060606060606,11.735957132298594
2021-12-28,30.790510543840178,18.503422123566406,16.30521642619312,8.75009248982612,8.312060673325934,11.737883832778394
2021-12-29,30.789166666666667,18.487314814814813,16.315555555555555,8.75314814814815,8.312407407407408,11.740925925925925
2021-12-30,30.789166666666667,18.487314814814813,16.315555555555555,8.75314814814815,8.312407407407408,11.740925925925925
2021-12-31,30.789166666666667,18.487314814814813,16.315555555555555,8.75314814814815,8.312407407407408,11.740925925925925
2022-01-01,30.780833333333334,18.48398148148148,16.32611111111111,8.758148148148148,8.307407407407407,11.740925925925925
2022-01-02,30.777808676307007,18.47033741193919,16.335928809788655,8.760659992584353,8.307749351130887,11.744809047089356
2022-01-03,30.768909899888765,18.46421950315165,16.344271412680758,8.766221727845755,8.306637004078606,11.745365220615497
2022-01-04,30.761388888888888,18.47259259259259,16.343888888888888,8.769814814814815,8.301851851851852,11.744537037037036
2022-01-05,30.760011123470523,18.457545420837967,16.354282536151278,8.771783463107157,8.302187615869485,11.747589914720058
2022-01-06,30.75138888888889,18.465925925925923,16.35388888888889,8.77425925925926,8.298518518518518,11.746759259259258
2022-01-07,30.75138888888889,18.465925925925923,16.35388888888889,8.77425925925926,8.298518518518518,11.746759259259258
2022-01-08,30.743055555555557,18.46037037037037,16.364444444444445,8.779814814814815,8.295185185185186,11.746759259259258
2022-01-09,30.740545050055616,18.446421950315163,16.373748609566185,8.78179458657768,8.296625880608083,11.749814608824618
2022-01-10,30.731944444444444,18.455370370370368,16.372222222222224,8.785370370370371,8.292962962962964,11.75009259259259
2022-01-11,30.725582685904552,18.462634110247873,16.37291897891232,8.786718460969293,8.28930817610063,11.747040325564187
2022-01-12,30.723055555555554,18.447592592592592,16.383333333333333,8.789814814814816,8.28962962962963,11.74898148148148
2022-01-13,30.723055555555554,18.447592592592592,16.383333333333333,8.789814814814816,8.28962962962963,11.74898148148148
2022-01-14,30.713374028856826,18.457084720680722,16.382907880133185,8.792267850536442,8.28708842027377,11.747040325564187
2022-01-15,30.705049944506104,18.451535331113575,16.39400665926748,8.79559748427673,8.283758786533483,11.747040325564187
2022-01-16,30.7025,18.43648148148148,16.403333333333332,8.798703703703705,8.285185185185185,11.751203703703702
2022-01-17,30.691944444444445,18.430925925925923,16.411666666666665,8.80537037037037,8.282962962962964,11.752314814814813
2022-01-18,30.681944444444444,18.423148148148147,16.421666666666667,8.810925925925927,8.27962962962963,11.753425925925924
2022-01-19,30.6793659621802,18.406933629959212,16.4321468298109,8.814052651093808,8.279940674823878,11.75760103819058
2022-01-20,30.671944444444446,18.414259259259257,16.43166666666667,8.81537037037037,8.276296296296296,11.75787037037037
2022-01-21,30.67157953281424,18.40025954764553,16.442714126807562,8.81738969225065,8.276047460140898,11.758157211716721
2022-01-22,30.6625,18.4087037037037,16.442777777777778,8.81925925925926,8.273518518518518,11.758425925925925
2022-01-23,30.659899888765295,18.39358546533185,16.453281423804228,8.822395253985912,8.274935113088617,11.761494252873561
2022-01-24,30.6525,18.402037037037037,16.451666666666668,8.82537037037037,8.272407407407409,11.760648148148146
2022-01-25,30.64511653718091,18.409359970403255,16.4511653718091,8.826674065852757,8.269885312615612,11.758694043655197
2022-01-26,30.634017758046614,18.404365519792822,16.458379578246394,8.834998150203479,8.267110617832039,11.759803921568626
2022-01-27,30.634017758046614,18.404365519792822,16.458379578246394,8.834998150203479,8.267110617832039,11.759803921568626
2022-01-28,30.625138734739178,18.395486496485386,16.471143174250834,8.838882722900482,8.265445800961894,11.758139104698483
2022-01-29,30.61779379157428,18.40280857354028,16.471729490022174,8.840724316334073,8.262934220251294,11.756744271988174
2022-01-30,30.614039955604884,18.388827229004807,16.482241953385127,8.843877173510915,8.264335923048465,11.759803921568626
2022-01-31,30.605160932297448,18.380503144654085,16.490011098779135,8.851091379948206,8.263226045135035,11.759803921568626
2022-02-01,30.601164079822617,18.38562453806356,16.489467849223946,8.851256467110126,8.260716925351073,11.757852919438283
2022-02-02,30.59850166481687,18.36940436551979,16.49889012208657,8.855530891601925,8.261006289308176,11.760913799482056
2022-02-03,30.59451219512195,18.37342941611234,16.498337028824835,8.85679970436068,8.25739098300074,11.761178861788617
2022-02-04,30.592952275249722,18.358305586385494,16.50943396226415,8.859970403255643,8.257121716611174,11.762023677395485
2022-02-05,30.58351831298557,18.3472068072512,16.519422863485016,8.863854975952647,8.254901960784315,11.766463189049203
2022-02-06,30.579722222222223,18.332037037037036,16.53,8.867037037037038,8.255185185185185,11.771759259259257
2022-02-07,30.574639289678135,18.337217906030336,16.528301886792452,8.870514243433224,8.253792082870884,11.770902700702921
2022-02-08,30.570676274944567,18.341278640059127,16.52771618625277,8.870657797487066,8.25129342202513,11.768939393939393
2022-02-09,30.56798002219756,18.32500924898261,16.53829078801332,8.873843877173512,8.251572327044025,11.77312245652978
2022-02-10,30.56798002219756,18.32500924898261,16.53829078801332,8.873843877173512,8.251572327044025,11.77312245652978
2022-02-11,30.560210876803552,18.31668516463189,16.5488346281909,8.876618571957085,8.248242693303737,11.77534221235664
2022-02-12,30.549112097669255,18.308916019237884,16.558823529411764,8.882722900480948,8.244913059563448,11.779781724010357
2022-02-13,30.549112097669255,18.308916019237884,16.558823529411764,8.882722900480948,8.244913059563448,11.779781724010357
2022-02-14,30.544068736141906,18.313562453806355,16.55709534368071,8.886178861788618,8.242424242424242,11.780025868440502
2022-02-15,30.53519955654102,18.303584626755356,16.567073170731707,8.890613451589061,8.24020694752402,11.780025868440502
2022-02-16,30.530244173140954,18.287273399926008,16.577691453940066,8.894931557528672,8.24047354790973,11.783111357750647
2022-02-17,30.52522172949002,18.29360679970436,16.575942350332593,8.895048041389506,8.236881005173688,11.783351810790833
2022-02-18,30.522475027746946,18.278949315575286,16.587125416204216,8.897706252312247,8.236588975212728,11.785331113577506
2022-02-19,30.510821309655938,18.271180170181278,16.596559378468367,8.90270070292268,8.234924158342583,11.789770625231224
2022-02-20,30.510821309655938,18.271180170181278,16.596559378468367,8.90270070292268,8.234924158342583,11.789770625231224
2022-02-21,30.50305216426193,18.262301146873842,16.60377358490566,8.909914909359971,8.233814280429153,11.789770625231224
2022-02-22,30.499168514412418,18.267553584626754,16.604212860310422,8.910014781966002,8.231337767923135,11.786677753141166
2022-02-23,30.494173140954494,18.253422123566406,16.614872364039957,8.91324454310026,8.230484646688865,11.789770625231224
2022-02-24,30.49029933481153,18.260901699926087,16.61308203991131,8.915003695491501,8.228011825572802,11.787786400591278
2022-02-25,30.49029933481153,18.260901699926087,16.61308203991131,8.915003695491501,8.228011825572802,11.787786400591278
2022-02-26,30.48421926910299,18.269472129937245,16.613510520487264,8.915097822074568,8.226651901070506,11.78580657069029
2022-02-27,30.47425249169435,18.26144333702473,16.623477297895903,8.920358065706903,8.224437061646364,11.789128829826502
2022-02-28,30.469235033259423,18.24842941611234,16.634146341463413,8.92359571322986,8.224685883222469,11.79111234294161
2022-03-01,30.465023994093762,18.254798818752306,16.63362864525655,8.924787744555188,8.222406792174233,11.78783684016242
2022-03-02,30.45173495754891,18.249261720191953,16.64581026208933,8.92921742340347,8.219084533038021,11.790051679586565
2022-03-03,30.446810471976402,18.256729351032448,16.64509587020649,8.929295722713865,8.21552359882006,11.78917772861357
2022-03-04,30.446810471976402,18.256729351032448,16.64509587020649,8.929295722713865,8.21552359882006,11.78917772861357
2022-03-05,30.43630162241888,18.25119837758112,16.655328171091444,8.932890855457227,8.211928466076696,11.791390117994101
2022-03-06,30.43014027316353,18.238187523071243,16.666020671834623,8.936138796603913,8.212163159837578,11.794481358434847
2022-03-07,30.42358038348083,18.245667404129794,16.664730825958703,8.938421828908556,8.209716076696164,11.7930494100295
2022-03-08,30.41030604719764,18.242348820058996,16.675792772861357,8.941740412979351,8.206397492625369,11.791943215339234
2022-03-09,30.404115909929864,18.230435585086745,16.686507936507937,8.94499815430048,8.205518641565153,11.795035068290884
2022-03-10,30.404115909929864,18.230435585086745,16.686507936507937,8.94499815430048,8.205518641565153,11.795035068290884
2022-03-11,30.397031710914455,18.240136430678465,16.687960914454276,8.945058997050149,8.201972713864306,11.7930494100295
2022-03-12,30.387075958702066,18.236817846607668,16.700129056047196,8.947271386430678,8.196441740412979,11.794155604719766
2022-03-13,30.380860095976377,18.226005906238463,16.709763750461423,8.949427833148764,8.196659283868586,11.798357327427096
2022-03-14,30.369232188999632,18.22157622739018,16.719176818014027,8.953303802141011,8.193337024732374,11.800018456995202
2022-03-15,30.364398967551622,18.22907448377581,16.72059365781711,8.95335545722714,8.189804572271386,11.796921091445428
2022-03-16,30.358157991878922,18.21825396825397,16.731358434846808,8.956626061277225,8.18890734588409,11.800018456995202
2022-03-17,30.35333702064897,18.225755899705014,16.731655604719762,8.956674041297935,8.18427359882006,11.79913348082596
2022-03-18,30.35333702064897,18.225755899705014,16.731655604719762,8.956674041297935,8.18427359882006,11.79913348082596
2022-03-19,30.34338126843658,18.22464970501475,16.743270648967552,8.958886430678467,8.17874262536873,11.798580383480827
2022-03-20,30.337117017349577,18.21271686969361,16.75406053894426,8.961055740125508,8.178940568475452,11.803894425987451
2022-03-21,30.325489110372832,18.209948320413435,16.763473606496863,8.964377999261721,8.176172019195274,11.805001845699522
2022-03-22,30.321810471976402,18.215247050147493,16.764841445427727,8.96552359882006,8.172658554572271,11.801898967551624
2022-03-23,30.314414913252126,18.205518641565153,16.77454780361757,8.968807678110004,8.170634920634921,11.806109265411592
2022-03-24,30.308536135693217,18.21303466076696,16.77479719764012,8.970501474926253,8.167127581120944,11.804111356932154
2022-03-25,30.308536135693217,18.21303466076696,16.77479719764012,8.970501474926253,8.167127581120944,11.804111356932154
2022-03-26,30.29692109144543,18.211928466076696,16.78696533923304,8.972160766961652,8.163255899705014,11.804111356932154
2022-03-27,30.28839055001846,18.20330380214101,16.79780361757106,8.973237356958288,8.16343669250646,11.809431524547804
2022-03-28,30.279841093865485,18.194660014781963,16.807557280118257,8.973207686622322,8.165835181079084,11.812546193643756
2022-03-29,30.266537324464156,18.19188839615669,16.81892091648189,8.974870657797489,8.161677753141168,11.81559497413156
2022-03-30,30.257954125046247,18.18322234554199,16.829818719940807,8.977062523122457,8.160747317795042,11.819829818719942
2022-03-31,30.257954125046247,18.18322234554199,16.829818719940807,8.977062523122457,8.160747317795042,11.819829818719942
2022-04-01,30.25101851851852,18.174537037037037,16.84185185185185,8.976481481481482,8.158703703703704,11.824074074074076
2022-04-02,30.236574074074074,18.175092592592595,16.852962962962962,8.977037037037038,8.154814814814815,11.827407407407408
2022-04-03,30.236574074074074,18.175092592592595,16.852962962962962,8.977037037037038,8.154814814814815,11.827407407407408
2022-04-04,30.231871994080652,18.182667406585278,16.85368109507954,8.978727339992602,8.150758416574176,11.825934147243805
2022-04-05,30.21744358120607,18.183777284498706,16.865889752127266,8.977617462079172,8.146318904920458,11.827044025157234
2022-04-06,30.2087962962963,18.176203703703706,16.87574074074074,8.978703703703705,8.146481481481482,11.831296296296298
2022-04-07,30.203015168331486,18.182667406585278,16.87809840917499,8.978727339992602,8.14187939326674,11.830373658897523
2022-04-08,30.190251572327046,18.183777284498706,16.892526822049575,8.976507584165743,8.135220125786164,11.832593414724382
2022-04-09,30.185051736881007,18.192442719881743,16.893200295639318,8.976533628972653,8.130635624538064,11.831116038433112
2022-04-10,30.176378098409177,18.18488716241213,16.904180540140583,8.976507584165743,8.130780614132446,11.836477987421384
2022-04-11,30.163059563448023,18.187106918238992,16.914724380318166,8.975397706252313,8.126896041435442,11.839807621161674
2022-04-12,30.14641139474658,18.18932667406585,16.92804291527932,8.975397706252313,8.121346651868294,11.840917499075102
2022-04-13,30.130873103958567,18.190436551979282,16.939141694413614,8.977617462079172,8.119126896041434,11.842027376988533
2022-04-14,30.12629342202513,18.196877309682186,16.940317812269033,8.976533628972653,8.114560236511455,11.84109386548411
2022-04-15,30.12629342202513,18.196877309682186,16.940317812269033,8.976533628972653,8.114560236511455,11.84109386548411
2022-04-16,30.112435328898744,18.199648928307465,16.952512934220252,8.976533628972653,8.107354028085735,11.843311160384333
2022-04-17,30.102571217166112,18.193211246762854,16.962449130595633,8.977617462079172,8.107473177950425,11.84868664446911
2022-04-18,30.093796296296297,18.186759259259258,16.973518518518517,8.976481481481482,8.107592592592592,11.851851851851853
2022-04-19,30.088697743248243,18.193488716241212,16.976322604513502,8.975952645209027,8.103311135775064,11.849796522382539
2022-04-20,30.078796296296296,18.185925925925925,16.986296296296295,8.978148148148149,8.102314814814815,11.854074074074076
2022-04-21,30.078796296296296,18.185925925925925,16.986296296296295,8.978148148148149,8.102314814814815,11.854074074074076
2022-04-22,30.07054134223211,18.180014831294027,16.99796069707082,8.978123841305155,8.099091583240638,11.85724879495736
2022-04-23,30.056637004078606,18.18057100482017,17.009640341119763,8.978123841305155,8.095198368557657,11.860585836114202
2022-04-24,30.056637004078606,18.18057100482017,17.009640341119763,8.978123841305155,8.095198368557657,11.860585836114202
2022-04-25,30.042732665925104,18.18057100482017,17.021876158694845,8.978123841305155,8.091305153874675,11.864479050797183
2022-04-26,30.037685185185186,18.188148148148148,17.024074074074072,8.977592592592593,8.086759259259258,11.861296296296297
2022-04-27,30.027715980719318,18.18057100482017,17.035224323322208,8.979792361883575,8.085743418613273,11.865591397849464
2022-04-28,30.023240740740743,18.187037037037037,17.036296296296296,8.979814814814816,8.080092592592592,11.864629629629631
2022-04-29,30.015445800961896,18.19459859415464,17.040695523492417,8.97983721790603,8.075564187939326,11.863669996300409
2022-04-30,30.000739918608954,18.192933777284498,17.055401405845355,8.97900480947096,8.070292267850537,11.865057343692195
2022-05-01,29.98631150573437,18.192933777284498,17.066500184979652,8.981224565297818,8.06363300036996,11.869496855345913
2022-05-02,29.9830007390983,18.198263118994824,17.068643754619362,8.98179970436068,8.059682187730967,11.867978566149299
2022-05-03,29.96858832224686,18.196045824094604,17.081947524020695,8.982908351810792,8.054138950480414,11.87019586104952
2022-05-04,29.958564557898633,18.18960414354421,17.09202737698853,8.98510913799482,8.053089160192378,11.874491305956345
2022-05-05,29.958564557898633,18.18960414354421,17.09202737698853,8.98510913799482,8.053089160192378,11.874491305956345
2022-05-06,29.958564557898633,18.18960414354421,17.09202737698853,8.98510913799482,8.053089160192378,11.874491305956345
2022-05-07,29.947465778764336,18.18627450980392,17.105345911949684,8.986219015908251,8.046429892711801,11.875601183869776
2022-05-08,29.936296296296298,18.180925925925923,17.11435185185185,8.988425925925927,8.04537037037037,11.88101851851852
2022-05-09,29.92240740740741,18.180370370370373,17.125462962962963,8.990648148148148,8.039259259259259,11.88490740740741
2022-05-10,29.918054014058455,18.185719570847205,17.129763226045135,8.990658527561969,8.034776174620792,11.881705512393639
2022-05-11,29.907962962962966,18.179259259259258,17.139907407407406,8.99175925925926,8.033703703703704,11.887129629629632
2022-05-12,29.903625601183872,18.183499815020348,17.14308176100629,8.990658527561969,8.029226785053643,11.886145024047357
2022-05-13,29.8962962962963,18.175925925925927,17.154907407407407,8.990648148148148,8.02648148148148,11.889351851851853
2022-05-14,29.892526822049575,18.18017018128006,17.15695523492416,8.991213466518683,8.022567517573066,11.887254901960786
2022-05-15,29.88240740740741,18.174814814814816,17.167129629629628,8.992314814814815,8.021481481481482,11.892685185185186
2022-05-16,29.870185185185186,18.173148148148147,17.180462962962963,8.992314814814815,8.01537037037037,11.89601851851852
2022-05-17,29.855740740740742,18.17092592592593,17.196018518518517,8.992314814814815,8.009814814814815,11.897129629629632
2022-05-18,29.8466814979607,18.163329625509828,17.206247682610307,8.99341861327401,8.008713385242862,11.902576937337784
2022-05-19,29.8466814979607,18.163329625509828,17.206247682610307,8.99341861327401,8.008713385242862,11.902576937337784
2022-05-20,29.835558027437894,18.159992584352985,17.22571375602521,8.991193919169449,8.00259547645532,11.903133110863925
2022-05-21,29.82220986281053,18.159436410826846,17.239061920652578,8.992306266221728,7.997033741193919,11.905357804968485
2022-05-22,29.82220986281053,18.159436410826846,17.239061920652578,8.992306266221728,7.997033741193919,11.905357804968485
2022-05-23,29.820740740740742,18.163703703703703,17.24212962962963,8.99175925925926,7.991481481481481,11.903796296296298
2022-05-24,29.818719940806513,18.166851646318907,17.248520162782093,8.989548649648539,7.9870514243433215,11.90057343692194
2022-05-25,29.80962962962963,18.15925925925926,17.258796296296296,8.99175925925926,7.985925925925925,11.904907407407409
2022-05-26,29.80962962962963,18.15925925925926,17.258796296296296,8.99175925925926,7.985925925925925,11.904907407407409
2022-05-27,29.80873103958565,18.165741768405475,17.26239363669996,8.990658527561969,7.982056973732889,11.901683314835369
2022-05-28,29.796799852016278,18.16241213466519,17.277099519052904,8.990381058083612,7.9767850536440985,11.902238253792085
2022-05-29,29.785462962962963,18.15814814814815,17.287407407407407,8.991481481481483,7.975648148148148,11.907685185185187
2022-05-30,29.782371439141695,18.16241213466519,17.290972992970772,8.990935997040326,7.9706807251202365,11.905567887532372
2022-05-31,29.770717721050687,18.158527561968185,17.306511283758788,8.990381058083612,7.966241213466518,11.905567887532372
2022-06-01,29.761574074074076,18.150925925925925,17.31685185185185,8.991481481481483,7.965092592592592,11.90990740740741
2022-06-02,29.75850906400296,18.154088050314467,17.32093969663337,8.990381058083612,7.960691823899371,11.908897521272662
2022-06-03,29.75850906400296,18.154088050314467,17.32093969663337,8.990381058083612,7.960691823899371,11.908897521272662
2022-06-04,29.747410284868664,18.14964853866075,17.33758786533481,8.990381058083612,7.953477617462079,11.908342582315946
2022-06-05,29.73601851851852,18.145370370370372,17.347962962962963,8.991481481481483,7.952314814814814,11.913796296296297
2022-06-06,29.724601408972934,18.13997033741194,17.358361142009638,8.992584352984798,7.952261772339637,11.917037449017428
2022-06-07,29.721574074074077,18.14148148148148,17.363796296296297,8.992314814814815,7.947592592592592,11.915185185185187
2022-06-08,29.71236559139785,18.13496477567668,17.374212087504635,8.99341861327401,7.946421950315164,11.918427882832779
2022-06-09,29.71236559139785,18.13496477567668,17.374212087504635,8.99341861327401,7.946421950315164,11.918427882832779
2022-06-10,29.71236559139785,18.13496477567668,17.374212087504635,8.99341861327401,7.946421950315164,11.918427882832779
2022-06-11,29.70068594734891,18.13162773451984,17.390897293288837,8.99341861327401,7.939747868001483,11.917871709306638
2022-06-12,29.689216778025244,18.12731997030438,17.401354862657758,8.994524870081664,7.939680772086117,11.92223459539718
2022-06-13,29.686781609195403,18.129403040415276,17.40535780496848,8.99508713385243,7.934742306266221,11.92065257693734
2022-06-14,29.683796296296297,18.131481481481483,17.411574074074075,8.993981481481482,7.93037037037037,11.917407407407408
2022-06-15,29.67454579162032,18.126065999258437,17.422043010752688,8.99508713385243,7.92806822395254,11.921764923989619
2022-06-16,29.67454579162032,18.126065999258437,17.422043010752688,8.99508713385243,7.92806822395254,11.921764923989619
2022-06-17,29.662309974045236,18.122728958101597,17.442621431219873,8.991750092695588,7.921950315164998,11.9228772710419
2022-06-18,29.660462962962963,18.124814814814815,17.447685185185186,8.990648148148148,7.917592592592592,11.91962962962963
2022-06-19,29.646574074074074,18.120925925925928,17.46212962962963,8.992314814814815,7.912592592592592,11.921851851851853
2022-06-20,29.644746577876436,18.122456529781726,17.466056233814278,8.992878283388828,7.908250092489825,11.919718830928598
2022-06-21,29.631982981871996,18.118017018128008,17.481594524602293,8.992878283388828,7.903810580836108,11.920273769885315
2022-06-22,29.61977432482427,18.116907140214575,17.498242693303737,8.992878283388828,7.897706252312245,11.922493525712174
2022-06-23,29.615761271249077,18.1189948263119,17.504342202512934,8.991777531411678,7.893385070214338,11.922579453067259
2022-06-24,29.615761271249077,18.1189948263119,17.504342202512934,8.991777531411678,7.893385070214338,11.922579453067259
2022-06-25,29.60356614929786,18.113451589061345,17.522080561714706,8.991223207686623,7.887841832963784,11.923133776792314
2022-06-26,29.592582315945247,18.108583055863857,17.53264890862005,8.991768405475398,7.887162412134665,11.92804291527932
2022-06-27,29.58970805617147,18.11067997043607,17.537047302291203,8.991777531411678,7.882852919438285,11.926459719142647
2022-06-28,29.58573274270949,18.112772240679217,17.54420450350683,8.990679217423404,7.8785529715762275,11.923218899963087
2022-06-29,29.575295639320032,18.106245380635624,17.55478566149298,8.991777531411678,7.877309682187731,11.928677014042869
2022-06-30,29.575295639320032,18.106245380635624,17.55478566149298,8.991777531411678,7.877309682187731,11.928677014042869
2022-07-01,29.572443706164638,18.109449981543005,17.563030638612034,8.988464377999263,7.874123292727943,11.9265411590993
2022-07-02,29.55887781469177,18.105020302694722,17.581026208933185,8.987356958287192,7.8691399040236245,11.928755998523442
2022-07-03,29.549519586104953,18.098484848484848,17.592756836659277,8.988451589061345,7.867886178861788,11.932002956393202
2022-07-04,29.538433111603844,18.095158906134518,17.607169253510715,8.989005912786402,7.862342941611234,11.933111603843313
2022-07-05,29.524020694752405,18.092941611234295,17.62490761271249,8.98789726533629,7.85679970436068,11.933111603843313
2022-07-06,29.514613392526822,18.087495375508695,17.63669996300407,8.987883832778396,7.855530891601924,11.937476877543471
2022-07-07,29.511825572801182,18.088507021433852,17.642645971914263,8.98678861788618,7.851256467110125,11.936437546193645
2022-07-08,29.511825572801182,18.088507021433852,17.642645971914263,8.98678861788618,7.851256467110125,11.936437546193645
2022-07-09,29.498521803399854,18.08407243163341,17.662047302291203,8.985679970436069,7.845713229859571,11.936437546193645
2022-07-10,29.487435328898744,18.078529194382853,17.67867701404287,8.985679970436069,7.840169992609017,11.937546193643756
2022-07-11,29.479097299297077,18.073066962634112,17.689419163891973,8.986773954864965,7.838882722900481,11.938586755456901
2022-07-12,29.46522382537921,18.070292267850537,17.7055123936367,8.984276729559749,7.834165741768405,11.94080651128376
2022-07-13,29.45574074074074,18.063703703703705,17.716296296296296,8.98537037037037,7.83287037037037,11.945185185185187
2022-07-14,29.45574074074074,18.063703703703705,17.716296296296296,8.98537037037037,7.83287037037037,11.945185185185187
2022-07-15,29.444074074074077,18.060925925925925,17.736851851851853,8.982592592592594,7.827314814814814,11.945740740740742
2022-07-16,29.439696633370332,18.06252312245653,17.742693303736587,8.981502034776176,7.823621901590824,11.944691083980764
2022-07-17,29.42990740740741,18.056481481481484,17.753796296296297,8.981481481481483,7.82287037037037,11.94851851851852
2022-07-18,29.417685185185185,18.05314814814815,17.768796296296294,8.979814814814816,7.817314814814814,11.951296296296297
2022-07-19,29.404907407407407,18.05037037037037,17.786574074074075,8.976481481481482,7.8123148148148145,11.951296296296297
2022-07-20,29.396459028550243,18.043752317389693,17.797460140897293,8.977567667779015,7.810993696700037,11.954579162031889
2022-07-21,29.393796296296298,18.044814814814817,17.80212962962963,8.97537037037037,7.806759259259259,11.95462962962963
2022-07-22,29.385891731553578,18.038746755654433,17.815257693733777,8.975342973674454,7.803763440860215,11.955691509084168
2022-07-23,29.38212962962963,18.03925925925926,17.821018518518517,8.97425925925926,7.800648148148148,11.955185185185186
2022-07-24,29.373655913978496,18.03374119391917,17.831942899517983,8.975342973674454,7.798201705598813,11.95847237671487
2022-07-25,29.361976269929553,18.03207267334075,17.848071931776047,8.973674453096033,7.793752317389692,11.95847237671487
2022-07-26,29.35085279940675,18.02762328513163,17.86586948461253,8.969225064886912,7.789302929180571,11.95847237671487
2022-07-27,29.341119762699297,18.025398591027066,17.881998516870595,8.968112717834632,7.783741193919169,11.957916203188729
2022-07-28,29.341119762699297,18.025398591027066,17.881998516870595,8.968112717834632,7.783741193919169,11.957916203188729
2022-07-29,29.333704528582036,18.020972531551596,17.89411655530809,8.96807720861173,7.780159613956941,11.958982925018562
2022-07-30,29.322290274684484,18.01818856718634,17.909706755753525,8.965850037119525,7.77514847809948,11.961210096510767
2022-07-31,29.322290274684484,18.01818856718634,17.909706755753525,8.965850037119525,7.77514847809948,11.961210096510767
2022-08-01,29.31115441722346,18.01456941351151,17.92529695619896,8.964179658500372,7.770972531551596,11.96288047512992
2022-08-02,29.301967334818116,18.010393466963624,17.943392724573126,8.961395694135115,7.765404602821084,11.961488492947291
2022-08-03,29.301967334818116,18.010393466963624,17.943392724573126,8.961395694135115,7.765404602821084,11.961488492947291
2022-08-04,29.300519095291065,18.009269558769002,17.949017426770485,8.959213941416388,7.761216166110493,11.962643678160921
2022-08-05,29.300519095291065,18.009269558769002,17.949017426770485,8.959213941416388,7.761216166110493,11.962643678160921
2022-08-06,29.29685185185185,18.011481481481482,17.953518518518518,8.957592592592594,7.758148148148148,11.962129629629631
2022-08-07,29.29685185185185,18.011481481481482,17.953518518518518,8.957592592592594,7.758148148148148,11.962129629629631
2022-08-08,29.294302626711062,18.011468738438772,17.9574546799852,8.956529781724011,7.755641879393266,11.962726600073994
2022-08-09,29.287643359230486,18.008139104698483,17.971883092859784,8.953200147983722,7.750092489826119,11.960506844247135
2022-08-10,29.28351851851852,18.004814814814814,17.98074074074074,8.950925925925926,7.747592592592592,11.960462962962964
2022-08-11,29.2816091954023,18.00148312940304,17.989618094178716,8.947534297367445,7.746199480904709,11.95930663700408
2022-08-12,29.277962962962963,18.002592592592592,17.99851851851852,8.945370370370371,7.742037037037036,11.959351851851853
2022-08-13,29.27543470218276,18.004809470958197,18.00295967443581,8.944321124676286,7.738993710691823,11.95884202737699
2022-08-14,29.27240740740741,18.002592592592592,18.01185185185185,8.942037037037037,7.736481481481481,11.958796296296297
2022-08-15,29.270995190529042,18.003699593044765,18.016278209396965,8.940991490935998,7.733444321124676,11.95884202737699
2022-08-16,29.26736881005174,18.00369549150037,18.0240206947524,8.937730968218773,7.72930524759793,11.957779009608279
2022-08-17,29.264335923048467,17.999260081391046,18.034036256011838,8.93655197928228,7.7267850536440985,11.95773214946356
2022-08-18,29.262934220251296,17.999260901699927,18.039541759053954,8.934405025868442,7.722653362897265,11.957779009608279
2022-08-19,29.262934220251296,17.999260901699927,18.039541759053954,8.934405025868442,7.722653362897265,11.957779009608279
2022-08-20,29.258499630450853,17.99648928307465,18.053954175905396,8.929970436067999,7.7176644493717665,11.95667036215817
2022-08-21,29.25545689974103,17.994265630780614,18.061783203847575,8.927672955974844,7.716241213466518,11.956622271550131
2022-08-22,29.251017388087313,17.99260081391047,18.0739918608953,8.92378838327784,7.711246762856086,11.95884202737699
2022-08-23,29.245467998520166,17.98927118017018,18.089530151683313,8.919348871624122,7.704587495375509,11.95773214946356
2022-08-24,29.243248242693305,17.98760636330004,18.10173880873104,8.916019237883834,7.699038105808361,11.95773214946356
2022-08-25,29.243248242693305,17.98760636330004,18.10173880873104,8.916019237883834,7.699038105808361,11.95773214946356
2022-08-26,29.240185185185187,17.983703703703704,18.111296296296295,8.914814814814816,7.697592592592592,11.956574074074075
2022-08-27,29.237698853126158,17.985386607473178,18.115612282648907,8.91324454310026,7.694598594154643,11.956622271550131
2022-08-28,29.23462962962963,17.98314814814815,18.12351851851852,8.910925925925927,7.693148148148148,11.956574074074075
2022-08-29,29.230740740740742,17.980925925925927,18.136296296296294,8.906481481481482,7.688148148148148,11.956574074074075
2022-08-30,29.225185185185186,17.976481481481482,18.151851851851852,8.900925925925927,7.683703703703704,11.955462962962965
2022-08-31,29.222098628105304,17.973118279569892,18.160919540229884,8.898591027067113,7.6822395253985905,11.955413422321099
2022-09-01,29.21962962962963,17.972037037037037,18.165185185185184,8.897592592592593,7.679259259259259,11.956574074074075
2022-09-02,29.21962962962963,17.972037037037037,18.165185185185184,8.897592592592593,7.679259259259259,11.956574074074075
2022-09-03,29.211851851851854,17.970925925925926,18.17851851851852,8.89537037037037,7.673703703703703,11.956018518518519
2022-09-04,29.20875046347794,17.967278457545422,18.18789395624768,8.89247311827957,7.671672228401928,11.956525769373378
2022-09-05,29.20875046347794,17.967278457545422,18.18789395624768,8.89247311827957,7.671672228401928,11.956525769373378
2022-09-06,29.202076381164257,17.96394141638858,18.200407860585834,8.8894141638858,7.667500926955877,11.95680385613645
2022-09-07,29.20007423904974,17.959446919079436,18.20953971789161,8.887063845582777,7.66601707498144,11.956755753526355
2022-09-08,29.20007423904974,17.959446919079436,18.20953971789161,8.887063845582777,7.66601707498144,11.956755753526355
2022-09-09,29.196733481811435,17.95721974758723,18.224016332590942,8.881495916852264,7.660449146250928,11.956755753526355
2022-09-10,29.193177604746015,17.95893585465332,18.226548016314425,8.880515387467558,7.657489803485354,11.95736002966259
2022-09-11,29.188938381588716,17.95666295471418,18.234595397178918,8.878155159613957,7.655994803266518,11.95842613214551
2022-09-12,29.187615869484613,17.956711160548757,18.236559139784948,8.877178346310716,7.6535965888023725,11.96014089729329
2022-09-13,29.186296296296298,17.957870370370372,18.23851851851852,8.873981481481483,7.650648148148147,11.961296296296297
2022-09-14,29.184278828327773,17.954486466444198,18.24657026325547,8.872728958101595,7.648034853540971,11.96125324434557
2022-09-15,29.182962962962964,17.953425925925927,18.24962962962963,8.870648148148149,7.645092592592592,11.96351851851852
2022-09-16,29.18074074074074,17.952314814814816,18.259629629629632,8.866203703703704,7.641203703703703,11.96462962962963
2022-09-17,29.176296296296297,17.949537037037036,18.27240740740741,8.862314814814816,7.635648148148148,11.964074074074075
2022-09-18,29.176296296296297,17.949537037037036,18.27240740740741,8.862314814814816,7.635648148148148,11.964074074074075
2022-09-19,29.17538005190953,17.946143863552095,18.28049684835002,8.858824619948091,7.634130515387467,11.96292176492399
2022-09-20,29.174351851851853,17.94703703703704,18.281296296296297,8.857037037037038,7.631481481481481,11.96462962962963
2022-09-21,29.17212962962963,17.942592592592593,18.29351851851852,8.852592592592593,7.6248148148148145,11.96462962962963
2022-09-22,29.17212962962963,17.942592592592593,18.29351851851852,8.852592592592593,7.6248148148148145,11.96462962962963
2022-09-23,29.16898405635892,17.940304041527625,18.302743789395628,8.849091583240638,7.623285131627735,11.964590285502412
2022-09-24,29.163978494623656,17.939191694475344,18.31442343344457,8.845754542083798,7.617167222840193,11.965146459028551
2022-09-25,29.163978494623656,17.939191694475344,18.31442343344457,8.845754542083798,7.617167222840193,11.965146459028551
2022-09-26,29.160085279940677,17.935854653318504,18.32387838338895,8.842417500926956,7.612161661104931,11.968483500185393
2022-09-27,29.154523544679275,17.93251761216166,18.332777159807193,8.839080459770116,7.60771227289581,11.970708194289953
2022-09-28,29.152468448403862,17.929101707498145,18.340942835931703,8.837787676317744,7.606161841128433,11.969561989606534
2022-09-29,29.152468448403862,17.929101707498145,18.340942835931703,8.837787676317744,7.606161841128433,11.969561989606534
2022-09-30,29.14727171492205,17.925760950259836,18.352821083890127,8.833704528582034,7.601707498144023,11.97216035634744
2022-10-01,29.143930957683743,17.92353377876763,18.363678544914627,8.830920564216779,7.595304380103935,11.97216035634744
2022-10-02,29.143930957683743,17.92353377876763,18.363678544914627,8.830920564216779,7.595304380103935,11.97216035634744
2022-10-03,29.140746934225195,17.920104050538836,18.373002601263472,8.827387588257153,7.592623560014864,11.972129319955407
2022-10-04,29.139198218262806,17.920749814402377,18.373979213066075,8.825352635486267,7.590014847809948,11.974944320712694
2022-10-05,29.13489409141583,17.91620215533259,18.383314752879972,8.825157933853585,7.587328130806391,11.97603121516165
2022-10-06,29.133630289532295,17.915181885671863,18.384001484781,8.823125463994062,7.5844469190794355,11.979398663697104
2022-10-07,29.129877369007804,17.912300260126347,18.392233370494242,8.821813452248236,7.582311408398365,11.979375696767
2022-10-08,29.12750556792873,17.91295471417966,18.393466963622867,8.820898292501857,7.579992576095026,11.982182628062361
2022-10-09,29.12750556792873,17.91295471417966,18.393466963622867,8.820898292501857,7.579992576095026,11.982182628062361
2022-10-10,29.121380846325167,17.910727542687454,18.402375649591686,8.8181143281366,7.575538233110616,11.98663697104677
2022-10-11,29.120133481646274,17.910826844642195,18.404152762328515,8.81497960697071,7.57267334074898,11.988876529477198
2022-10-12,29.115812917594656,17.907386785449148,18.41351150705271,8.814773570898293,7.569970304380104,11.988864142538976
2022-10-13,29.112347052280313,17.908602150537636,18.41527623285132,8.811642565813868,7.567111605487579,11.992213570634037
2022-10-14,29.108017817371937,17.905716406829992,18.422976985894582,8.811432813659986,7.564959168522643,11.992761692650333
2022-10-15,29.101336302895323,17.903489235337787,18.43522642910171,8.806978470675576,7.5582776540460275,11.994988864142538
2022-10-16,29.100111234705228,17.904708935854654,18.434742306266223,8.806080830552466,7.555431961438635,11.99833147942158
2022-10-17,29.095105672969968,17.903040415276234,18.443084909158326,8.804412309974046,7.549314052651093,12.001112347052281
2022-10-18,29.089543937708566,17.899703374119394,18.451983685576568,8.802187615869485,7.543752317389692,12.003337041156842
2022-10-19,29.085189309576837,17.896250927988124,18.460282108389016,8.801967334818114,7.54101707498144,12.003340757238307
2022-10-20,29.08129175946548,17.89513734224202,18.46807720861173,8.800853749072012,7.53656273199703,12.006681514476615
2022-10-21,29.08008898776418,17.89636633296255,18.470893585465333,8.797738227660364,7.533741193919169,12.010011123470523
2022-10-22,29.07119021134594,17.89636633296255,18.481460882462,8.795513533555804,7.526510938079347,12.012791991101224
2022-10-23,29.06888888888889,17.898703703703703,18.480925925925927,8.79462962962963,7.523703703703704,12.016111111111112
2022-10-24,29.065628476084537,17.89636633296255,18.48813496477568,8.794401186503523,7.522061549870226,12.015016685205785
2022-10-25,29.06361111111111,17.898425925925928,18.488425925925927,8.792685185185185,7.518425925925926,12.017777777777777
2022-10-26,29.058611111111112,17.895092592592594,18.49787037037037,8.790462962962962,7.512314814814815,12.020555555555555
2022-10-27,29.058611111111112,17.895092592592594,18.49787037037037,8.790462962962962,7.512314814814815,12.020555555555555
2022-10-28,29.058611111111112,17.895092592592594,18.49787037037037,8.790462962962962,7.512314814814815,12.020555555555555
2022-10-29,29.051944444444445,17.895092592592594,18.508981481481484,8.788240740740742,7.505648148148148,12.021666666666667
2022-10-30,29.04855715871254,17.897428782833888,18.50841657417684,8.788475767665558,7.502867184609693,12.024972253052164
2022-10-31,29.043055555555554,17.893981481481482,18.516203703703706,8.78712962962963,7.501203703703704,12.026111111111112
2022-11-01,29.039678135405104,17.896873843877174,18.515630780614135,8.787365889752127,7.49787273399926,12.029411764705882
2022-11-02,29.03301886792453,17.8960414354421,18.526452090270073,8.783758786533483,7.4912134665186825,12.031076581576027
2022-11-03,29.031873614190687,17.897265336289728,18.5269770879527,8.780672579453068,7.488451589061345,12.033259423503326
2022-11-04,29.031873614190687,17.897265336289728,18.5269770879527,8.780672579453068,7.488451589061345,12.033259423503326
2022-11-05,29.028516057585826,17.900701365817646,18.527500922849764,8.779808047249908,7.485695828719084,12.035437430786269
2022-11-06,29.020764119601328,17.902916205241787,18.533038021410118,8.779808047249908,7.48015873015873,12.03875968992248
2022-11-07,29.018528761061948,17.906342182890857,18.53189528023599,8.778945427728614,7.47686209439528,12.041482300884956
2022-11-08,29.01740331491713,17.90755064456722,18.53241252302026,8.775874769797422,7.474125230202578,12.043646408839779
2022-11-09,29.01740331491713,17.90755064456722,18.53241252302026,8.775874769797422,7.474125230202578,12.043646408839779
2022-11-10,29.016280353200884,17.907652685798382,18.53292862398823,8.77391464311994,7.4702906548933035,12.045805739514348
2022-11-11,29.0151598676957,17.908857037853732,18.53675119441382,8.769753766997427,7.467567070929805,12.049062844542448
2022-11-12,29.007993384785006,17.910510841602353,18.547776552737968,8.766446159500184,7.460951855935318,12.050165380374862
2022-11-13,29.00358324145535,17.91161337743477,18.555494303564867,8.764241087835355,7.45433664094083,12.051267916207276
2022-11-14,28.997519294377067,17.91106210951856,18.562660786475565,8.762036016170526,7.449375229694965,12.053472987872105
2022-11-15,28.996420704845814,17.912261380323056,18.564243759177682,8.758994126284875,7.445576358296623,12.055616740088105
2022-11-16,28.992006615214994,17.909959573686145,18.57148107313488,8.758728408673282,7.443862550532892,12.055678059536936
2022-11-17,28.986479028697573,17.907652685798382,18.578734363502576,8.758462104488595,7.442144959529065,12.05794701986755
2022-11-18,28.983701657458564,17.905893186003684,18.588213627992637,8.757090239410681,7.438213627992633,12.05635359116022
2022-11-19,28.981512141280355,17.908204562178074,18.588668138337017,8.75515084621045,7.435522442972774,12.05739514348786
2022-11-20,28.98042998897464,17.910510841602353,18.586916574788685,8.75321572951121,7.432837192208747,12.060639470782801
2022-11-21,28.97935022026432,17.912812041116005,18.58516886930984,8.751835535976506,7.430157856093979,12.06387665198238
2022-11-22,28.97827282728273,17.914008067473414,18.58672533920059,8.74880821415475,7.427484415108177,12.064906490649065
2022-11-23,28.972742290748897,17.9106093979442,18.59508076358297,8.7496328928047,7.425752569750367,12.06387665198238
2022-11-24,28.973322332233224,17.912907957462412,18.5966263292996,8.747708104143747,7.421983865053171,12.066006600660065
2022-11-25,28.96864686468647,17.912632929959663,18.608727539420613,8.743032636596993,7.417308397506417,12.067656765676567
2022-11-26,28.96868131868132,17.91382783882784,18.609157509157512,8.741117216117216,7.413553113553113,12.06868131868132
2022-11-27,28.966520307354557,17.917215514087083,18.608488840102453,8.739206000731796,7.410903768752287,12.071899012074644
2022-11-28,28.958836443468716,17.920508598609587,18.614526161727042,8.738108305890963,7.405415294548115,12.075192096597146
2022-11-29,28.95444566410538,17.919410903768753,18.623307720453717,8.735912916209294,7.399926820343944,12.075192096597146
2022-11-30,28.95,17.91602564102564,18.632783882783887,8.736721611721611,7.3970695970695965,12.074175824175825
2022-12-01,28.945604395604395,17.91602564102564,18.639377289377293,8.733424908424908,7.391575091575091,12.077472527472528
2022-12-02,28.93901098901099,17.917124542124544,18.6492673992674,8.732326007326007,7.383882783882783,12.076373626373627
2022-12-03,28.934615384615384,17.918223443223443,18.65860805860806,8.729029304029304,7.377289377289377,12.076923076923077
2022-12-04,28.934615384615384,17.918223443223443,18.65860805860806,8.729029304029304,7.377289377289377,12.076923076923077
2022-12-05,28.92959295929593,17.915933259992666,18.66730839750642,8.727631096442979,7.375229189585625,12.077007700770077
2022-12-06,28.92912087912088,17.91794871794872,18.666575091575094,8.7257326007326,7.372619047619048,12.078296703296703
2022-12-07,28.923542354235423,17.915658232489918,18.67500916758343,8.726530986431976,7.369728639530619,12.078382838283828
2022-12-08,28.923626373626373,17.915750915750916,18.674267399267404,8.723534798534798,7.367124542124542,12.081593406593406
2022-12-09,28.918316831683168,17.915933259992666,18.682159882654936,8.723230656398973,7.363678034470113,12.08058305830583
2022-12-10,28.916208791208792,17.917124542124544,18.68250915750916,8.720238095238095,7.361080586080586,12.083791208791208
2022-12-11,28.915203073545555,17.919410903768753,18.68175997072814,8.718349798755947,7.357391145261617,12.086992316136115
2022-12-12,28.910714285714285,17.919322344322346,18.69020146520147,8.716941391941392,7.3533882783882785,12.08489010989011
2022-12-13,28.908241758241758,17.919871794871796,18.695146520146523,8.716941391941392,7.346520146520146,12.084615384615384
2022-12-14,28.903740374037405,17.91758342500917,18.703612027869458,8.716629996332967,7.343601026769344,12.083608360836084
2022-12-15,28.903740374037405,17.91758342500917,18.703612027869458,8.716629996332967,7.343601026769344,12.083608360836084
2022-12-16,28.899614961496148,17.92033370003667,18.711587825449215,8.712779611294463,7.338100476714338,12.084708470847085
2022-12-17,28.898076923076925,17.922069597069598,18.711355311355312,8.710897435897436,7.335531135531135,12.087362637362638
2022-12-18,28.898076923076925,17.922069597069598,18.711355311355312,8.710897435897436,7.335531135531135,12.087362637362638
2022-12-19,28.893131868131867,17.9253663003663,18.71630036630037,8.709249084249084,7.33058608058608,12.087912087912088
2022-12-20,28.889835164835166,17.926465201465202,18.722893772893777,8.70595238095238,7.325091575091575,12.087912087912088
2022-12-21,28.88543956043956,17.928663003663004,18.730586080586082,8.70430402930403,7.32014652014652,12.087912087912088
2022-12-22,28.88543956043956,17.928663003663004,18.730586080586082,8.70430402930403,7.32014652014652,12.087912087912088
2022-12-23,28.884763476347636,17.93023469013568,18.73689035570224,8.702328566189953,7.3155482214888155,12.084708470847085
2022-12-24,28.88379120879121,17.93250915750916,18.735531135531136,8.701007326007327,7.313003663003663,12.086813186813187
2022-12-25,28.88379120879121,17.93250915750916,18.735531135531136,8.701007326007327,7.313003663003663,12.086813186813187
2022-12-26,28.87926292629263,17.934635130179686,18.741840850751746,8.700678401173452,7.3089475614228085,12.083608360836084
2022-12-27,28.87926292629263,17.934635130179686,18.741840850751746,8.700678401173452,7.3089475614228085,12.083608360836084
2022-12-28,28.874174008810574,17.935113803230543,18.7492657856094,8.700348751835536,7.305983847283406,12.08204845814978
2022-12-29,28.874174008810574,17.935113803230543,18.7492657856094,8.700348751835536,7.305983847283406,12.08204845814978
2022-12-30,28.870727673649395,17.937798603454613,18.75560455714811,8.700018375597207,7.301911062109518,12.077728776185227
2022-12-31,28.867566079295155,17.94006975036711,18.754772393538914,8.69814610866373,7.299375917767988,12.080947136563877
2023-01-01,28.867566079295155,17.94006975036711,18.754772393538914,8.69814610866373,7.299375917767988,12.080947136563877
2023-01-02,28.859856828193834,17.943373715124817,18.760829662261383,8.696494126284875,7.293318649045521,12.08204845814978
2023-01-03,28.855843439911798,17.944138184490996,18.76828371922088,8.69560823226755,7.290058801911062,12.080485115766262
2023-01-04,28.850330760749724,17.94579198823962,18.774347666299157,8.692851892686512,7.284546122748989,12.080485115766262
2023-01-05,28.850495594713657,17.9458516886931,18.774596182085173,8.689886196769457,7.2820301027900145,12.083700440528634
2023-01-06,28.846471885336275,17.948548327820657,18.78206541712606,8.68954428518927,7.276828371922087,12.079382579933847
2023-01-07,28.846471885336275,17.948548327820657,18.78206541712606,8.68954428518927,7.276828371922087,12.079382579933847
2023-01-08,28.844438325991188,17.950807635829662,18.78120411160059,8.687683553597651,7.274320851688692,12.082599118942731
2023-01-09,28.836729074889867,17.953010279001468,18.78836270190896,8.686031571218797,7.26991556534508,12.082599118942731
2023-01-10,28.836908690869087,17.953061972863953,18.78969563623029,8.684176751008435,7.267418408507517,12.083608360836084
2023-01-11,28.83122246696035,17.95411160058737,18.797173274596183,8.68382892804699,7.264408957415565,12.081497797356828
2023-01-12,28.83122246696035,17.95411160058737,18.797173274596183,8.68382892804699,7.264408957415565,12.081497797356828
2023-01-13,28.824063876651984,17.95741556534508,18.807085168869314,8.67997430249633,7.259453010279001,12.081497797356828
2023-01-14,28.822607260726073,17.95911257792446,18.80564723138981,8.67867620095343,7.256417308397506,12.084158415841584
2023-01-15,28.822607260726073,17.95911257792446,18.80564723138981,8.67867620095343,7.256417308397506,12.084158415841584
2023-01-16,28.821703296703298,17.96245421245421,18.803113553113555,8.677380952380952,7.2539377289377285,12.087362637362638
2023-01-17,28.82080131723381,17.9624954262715,18.804427369191366,8.67553969996341,7.251463593121112,12.088364434687158
2023-01-18,28.81620879120879,17.961355311355312,18.811904761904763,8.676282051282051,7.248443223443223,12.087362637362638
2023-01-19,28.810714285714287,17.96245421245421,18.81849816849817,8.672985347985348,7.241849816849816,12.08956043956044
2023-01-20,28.810714285714287,17.96245421245421,18.81849816849817,8.672985347985348,7.241849816849816,12.08956043956044
2023-01-21,28.80576923076923,17.965201465201467,18.82619047619048,8.669688644688645,7.234157509157509,12.089010989010989
2023-01-22,28.80576923076923,17.965201465201467,18.82619047619048,8.669688644688645,7.234157509157509,12.089010989010989
2023-01-23,28.80488474204171,17.96798390047567,18.823637028905967,8.668404683497988,7.231156238565679,12.092206366630077
2023-01-24,28.800493962678374,17.96798390047567,18.83241858763264,8.666209293816319,7.224570069520673,12.091108671789243
2023-01-25,28.79532967032967,17.966849816849816,18.841025641025645,8.666391941391941,7.221520146520146,12.08956043956044
2023-01-26,28.79774972557629,17.970179290157336,18.839004756677646,8.663465056714234,7.218532747896084,12.09165751920966
2023-01-27,28.79577850877193,17.973501461988302,18.83918128654971,8.660544590643275,7.2171966374269,12.09484649122807
2023-01-28,28.79139254385965,17.976790935672515,18.8468567251462,8.657255116959064,7.209521198830409,12.094298245614034
2023-01-29,28.785675082327113,17.975667764361507,18.85547017929016,8.655781192828394,7.206458104646908,12.093852908891328
2023-01-30,28.780735455543358,17.977863154043177,18.860409806073914,8.653585803146726,7.200969630442737,12.096048298572997
2023-01-31,28.778782894736842,17.980080409356724,18.86056286549708,8.651772660818715,7.1985562865497075,12.09703947368421
2023-02-01,28.774698133918772,17.979509696304426,18.868093669959755,8.651390413465057,7.1949323088181485,12.09549945115258
2023-02-02,28.772752192982455,17.98172514619883,18.8671418128655,8.649579678362574,7.191429093567251,12.098684210526315
2023-02-03,28.768660812294183,17.98280278082693,18.87632638126601,8.648097328942555,7.186150750091474,12.09549945115258
2023-02-04,28.766173245614034,17.98611111111111,18.87481725146199,8.646838450292398,7.18375365497076,12.098684210526315
2023-02-05,28.766173245614034,17.98611111111111,18.87481725146199,8.646838450292398,7.18375365497076,12.098684210526315
2023-02-06,28.76423877327492,17.98941219423147,18.871668492150423,8.646129974443229,7.181361810879883,12.102409638554217
2023-02-07,28.763402625820568,17.992706053975198,18.87071480671043,8.644328956965719,7.1789752005835155,12.103391684901531
2023-02-08,28.758214676889377,17.99269806498722,18.878240233661923,8.644487039065353,7.175337714494341,12.102957283680174
2023-02-09,28.758214676889377,17.99269806498722,18.878240233661923,8.644487039065353,7.175337714494341,12.102957283680174
2023-02-10,28.758214676889377,17.99269806498722,18.878240233661923,8.644487039065353,7.175337714494341,12.102957283680174
2023-02-11,28.752190580503832,17.99543629061701,18.886454910551297,8.64174881343556,7.167670682730924,12.103504928806133
2023-02-12,28.752190580503832,17.99543629061701,18.886454910551297,8.64174881343556,7.167670682730924,12.103504928806133
2023-02-13,28.74671412924425,17.997626871120847,18.890836071558965,8.640105878057685,7.162194231471339,12.105695509309967
2023-02-14,28.74589715536105,18.0009117432531,18.889861415025532,8.637217359591538,7.159828592268417,12.106673960612692
2023-02-15,28.742614879649892,18.00528811086798,18.89478482859227,8.63612326768782,7.152716994894237,12.10776805251641
2023-02-16,28.74289617486339,18.006375227686704,18.892714025500915,8.633242258652094,7.150364298724954,12.110928961748634
2023-02-17,28.744268558951966,18.008551673944687,18.892831149927222,8.629275836972344,7.14801673944687,12.112991266375547
2023-02-18,28.73990174672489,18.012372634643377,18.89883551673945,8.627092430858808,7.14037481804949,12.112991266375547
2023-02-19,28.73990174672489,18.012372634643377,18.89883551673945,8.627092430858808,7.14037481804949,12.112991266375547
2023-02-20,28.74018538713195,18.016175936023263,18.89512904398401,8.625318066157762,7.138040712468193,12.116684841875681
2023-02-21,28.736913849509268,18.016175936023263,18.89840058160669,8.62368229734642,7.133678662304616,12.117775354416576
2023-02-22,28.731713973799128,18.01564774381368,18.90647743813683,8.623271470160116,7.130003639010189,12.116812227074236
2023-02-23,28.731713973799128,18.01564774381368,18.90647743813683,8.623271470160116,7.130003639010189,12.116812227074236
2023-02-24,28.731713973799128,18.01564774381368,18.90647743813683,8.623271470160116,7.130003639010189,12.116812227074236
2023-02-25,28.728984716157207,18.0183770014556,18.911935953420674,8.620542212518195,7.123453420669578,12.116812227074236
2023-02-26,28.728984716157207,18.0183770014556,18.911935953420674,8.620542212518195,7.123453420669578,12.116812227074236
2023-02-27,28.726255458515283,18.022197962154294,18.915756914119363,8.617812954876275,7.11744905385735,12.11735807860262
2023-02-28,28.728735005452563,18.02435478007997,18.91366775717921,8.613867684478372,7.115139949109414,12.118320610687023
2023-03-01,28.72407205240175,18.02438136826783,18.921215429403205,8.6134461426492,7.110898835516739,12.11735807860262
2023-03-02,28.726553980370774,18.02435478007997,18.91912031988368,8.61059614685569,7.108596873864049,12.119411123227916
2023-03-03,28.721101417666304,18.02762631770265,18.92457288258815,8.606234096692113,7.103144311159578,12.1226826608506
2023-03-04,28.717284623773175,18.02980734278444,18.93111595783352,8.602417302798983,7.098237004725554,12.121046892039258
2023-03-05,28.712922573609596,18.029262086513995,18.93656852053799,8.5991457651763,7.0938749545619775,12.12431842966194
2023-03-06,28.712922573609596,18.029262086513995,18.93656852053799,8.5991457651763,7.0938749545619775,12.12431842966194
2023-03-07,28.70937840785169,18.030897855325335,18.940657942566343,8.597237368229734,7.087877135587059,12.12568157033806
2023-03-08,28.704694323144103,18.031477438136825,18.947689228529843,8.59679767103348,7.08415211062591,12.124727074235809
2023-03-09,28.704694323144103,18.031477438136825,18.947689228529843,8.59679767103348,7.08415211062591,12.124727074235809
2023-03-10,28.7,18.032604735883424,18.955828779599273,8.596357012750456,7.080418943533697,12.12103825136612
2023-03-11,28.70032751091703,18.034752547307132,18.954239446870453,8.594614264919942,7.077601892285298,12.123089519650655
2023-03-12,28.70032751091703,18.034752547307132,18.954239446870453,8.594614264919942,7.077601892285298,12.123089519650655
2023-03-13,28.70010905125409,18.038531443111594,18.95047255543439,8.593420574336605,7.074245728825881,12.1273173391494
2023-03-14,28.700435729847495,18.04066811909949,18.948347857661584,8.590595497458242,7.071986201888162,12.129357298474945
2023-03-15,28.69465648854962,18.04125772446383,18.956470374409307,8.59069429298437,7.06879316612141,12.127862595419847
2023-03-16,28.69607843137255,18.04121278140886,18.9532498184459,8.588961510530138,7.0665395787944805,12.13099128540305
2023-03-17,28.69640914036997,18.044432354007977,18.95330068915488,8.58505622052956,7.064290895901341,12.133025027203482
2023-03-18,28.69151251360174,18.046608632571633,18.960373594486764,8.58342401160682,7.058306129851287,12.132480957562567
2023-03-19,28.687159956474428,18.04987305041712,18.96254987305042,8.58342401160682,7.053953572723975,12.133569096844395
2023-03-20,28.68641304347826,18.053623188405794,18.958242753623193,8.582246376811595,7.051721014492753,12.137771739130434
2023-03-21,28.68675352877307,18.054650741947157,18.95720231632284,8.579442634817228,7.049493304379298,12.139793702497286
2023-03-22,28.681521739130435,18.055797101449276,18.964221014492757,8.579528985507247,7.046286231884058,12.138315217391304
2023-03-23,28.684039087947884,18.058993847267462,18.961002533478105,8.577271082157075,7.0435215345638795,12.1414223669924
2023-03-24,28.679891304347827,18.060144927536232,18.969112318840583,8.577898550724639,7.039221014492753,12.137771739130434
2023-03-25,28.679153094462542,18.061708288092653,18.966974303293526,8.576728193992038,7.036463988418386,12.140879478827362
2023-03-26,28.679153094462542,18.061708288092653,18.966974303293526,8.576728193992038,7.036463988418386,12.140879478827362
2023-03-27,28.673000361925443,18.064784654361198,18.971317408613828,8.57600434310532,7.02994933043793,12.143412956930874
2023-03-28,28.66757148027506,18.063698878031122,18.977832066594285,8.573832790445168,7.024520448787549,12.143412956930874
2023-03-29,28.662862318840578,18.064311594202895,18.9848731884058,8.57336956521739,7.021829710144927,12.141938405797102
2023-03-30,28.662862318840578,18.064311594202895,18.9848731884058,8.57336956521739,7.021829710144927,12.141938405797102
2023-03-31,28.664314151284835,18.065327542526237,18.982718060079627,8.571661237785015,7.019634455302207,12.145041621425987
2023-04-01,28.663051337671728,18.06688358640636,18.98110990600145,8.570498915401302,7.0163593637020965,12.148680404916847
2023-04-02,28.658885269634453,18.068584871516464,18.989232718060084,8.571118349619978,7.012034020991675,12.145041621425987
2023-04-03,28.65817064352856,18.070679681851047,18.985448300795376,8.56995661605206,7.009309472161966,12.149222704266089
2023-04-04,28.65962441314554,18.07114481762369,18.98383893102203,8.567713976164681,7.0060491152040445,12.151769591910437
2023-04-05,28.654916847433114,18.07230657989877,18.99032899493854,8.568329718004339,7.001717281272596,12.149765003615329
2023-04-06,28.65166305133767,18.07230657989877,18.99466738973247,8.567245119305857,6.995209689081706,12.151934201012292
2023-04-07,28.65166305133767,18.07230657989877,18.99466738973247,8.567245119305857,6.995209689081706,12.151934201012292
2023-04-08,28.646782357194503,18.07556037599421,19.000632682574118,8.567245119305857,6.987075198843095,12.151391901663052
2023-04-09,28.646782357194503,18.07556037599421,19.000632682574118,8.567245119305857,6.987075198843095,12.151391901663052
2023-04-10,28.646782357194503,18.07556037599421,19.000632682574118,8.567245119305857,6.987075198843095,12.151391901663052
2023-04-11,28.64689418562658,18.076561935716864,18.998194293968943,8.566088840736729,6.984109786926688,12.154478150957026
2023-04-12,28.642172812725956,18.076644974692694,19.005242227042665,8.567245119305857,6.980296456977585,12.152476500361534
2023-04-13,28.64256049115204,18.0776453593355,19.0030697002528,8.565547128927411,6.977067533405561,12.15556157457566
2023-04-14,28.638919016630513,18.078814172089658,19.011749819233554,8.566160520607376,6.972161966738973,12.151391901663052
2023-04-15,28.637143373058866,18.081979053810038,19.008486818345975,8.565547128927411,6.970025279884434,12.154478150957026
2023-04-16,28.637143373058866,18.081979053810038,19.008486818345975,8.565547128927411,6.970025279884434,12.154478150957026
2023-04-17,28.635912698412696,18.08513708513708,19.00414862914863,8.564935064935066,6.967352092352092,12.158639971139971
2023-04-18,28.631583694083695,18.08297258297258,19.008477633477636,8.563852813852813,6.960858585858586,12.160804473304474
2023-04-19,28.62739256049115,18.082520765619353,19.01607078367642,8.563921993499457,6.957024196460816,12.159353557240882
2023-04-20,28.62739256049115,18.082520765619353,19.01607078367642,8.563921993499457,6.957024196460816,12.159353557240882
2023-04-21,28.629960317460316,18.082431457431454,19.01497113997114,8.561147186147187,6.953823953823954,12.16242784992785
2023-04-22,28.62725468975469,18.08513708513708,19.0203823953824,8.561147186147187,6.945165945165945,12.161886724386726
2023-04-23,28.62725468975469,18.08513708513708,19.0203823953824,8.561147186147187,6.945165945165945,12.161886724386726
2023-04-24,28.62346681096681,18.087301587301585,19.022005772005773,8.562229437229437,6.9392135642135635,12.162968975468976
2023-04-25,28.624954954954955,18.087207207207204,19.01873873873874,8.56054054054054,6.936036036036036,12.166036036036036
2023-04-26,28.623513513513515,18.09009009009009,19.021621621621623,8.558918918918918,6.931351351351351,12.167837837837839
2023-04-27,28.623513513513515,18.09009009009009,19.021621621621623,8.558918918918918,6.931351351351351,12.167837837837839
2023-04-28,28.623513513513515,18.09009009009009,19.021621621621623,8.558918918918918,6.931351351351351,12.167837837837839
2023-04-29,28.623513513513515,18.090630630630628,19.025945945945946,8.558378378378379,6.923783783783784,12.167837837837839
2023-04-30,28.618777056277057,18.087481962481963,19.034632034632036,8.557359307359308,6.920995670995671,12.166937229437229
2023-05-01,28.618777056277057,18.087481962481963,19.034632034632036,8.557359307359308,6.920995670995671,12.166937229437229
2023-05-02,28.618648648648648,18.088468468468466,19.03081081081081,8.556216216216216,6.918108108108108,12.171351351351351
2023-05-03,28.616071428571427,18.08856421356421,19.038419913419915,8.555735930735931,6.9147727272727275,12.167207792207792
2023-05-04,28.616071428571427,18.08856421356421,19.041666666666668,8.553571428571429,6.909361471861472,12.168290043290042
2023-05-05,28.61756756756757,18.08954954954955,19.039459459459458,8.55081081081081,6.907297297297298,12.171351351351351
2023-05-06,28.618108108108107,18.088468468468466,19.043783783783784,8.55027027027027,6.89972972972973,12.171351351351351
2023-05-07,28.614448051948052,18.087481962481963,19.050324675324674,8.5508658008658,6.89745670995671,12.169372294372295
2023-05-08,28.613783783783784,18.08954954954955,19.044864864864866,8.551351351351352,6.894864864864865,12.174054054054054
2023-05-09,28.61054054054054,18.08954954954955,19.047027027027028,8.549189189189189,6.888378378378379,12.176216216216217
2023-05-10,28.60741341991342,18.089646464646464,19.05465367965368,8.548160173160174,6.8855519480519485,12.1737012987013
2023-05-11,28.606756756756756,18.08954954954955,19.05135135135135,8.547567567567567,6.883513513513513,12.177837837837838
2023-05-12,28.606756756756756,18.08954954954955,19.05135135135135,8.547567567567567,6.883513513513513,12.177837837837838
2023-05-13,28.606216216216215,18.08954954954955,19.055675675675676,8.547027027027028,6.8764864864864865,12.177297297297297
2023-05-14,28.606216216216215,18.08954954954955,19.055675675675676,8.547027027027028,6.8764864864864865,12.177297297297297
2023-05-15,28.604054054054053,18.09171171171171,19.056216216216217,8.547567567567567,6.872162162162162,12.177837837837838
2023-05-16,28.605561555075592,18.090532757379407,19.05183585313175,8.546976241900648,6.869060475161987,12.181965442764579
2023-05-17,28.604054054054053,18.09171171171171,19.05891891891892,8.545945945945945,6.8667567567567565,12.177297297297297
2023-05-18,28.607721382289416,18.09161267098632,19.055615550755938,8.54535637149028,6.864740820734341,12.180345572354211
2023-05-19,28.607297297297297,18.092792792792793,19.063243243243242,8.544324324324325,6.86027027027027,12.174594594594595
2023-05-20,28.606641468682504,18.0943124550036,19.058855291576673,8.543736501079914,6.858261339092873,12.1792656587473
2023-05-21,28.606641468682504,18.0943124550036,19.058855291576673,8.543736501079914,6.858261339092873,12.1792656587473
2023-05-22,28.603941684665227,18.09809215262779,19.061015118790497,8.543196544276459,6.852861771058316,12.1792656587473
2023-05-23,28.602861771058315,18.09809215262779,19.061015118790497,8.543196544276459,6.846382289416846,12.180345572354211
2023-05-24,28.60081081081081,18.09873873873874,19.06810810810811,8.542702702702703,6.843513513513513,12.176216216216217
2023-05-25,28.60081081081081,18.09873873873874,19.06810810810811,8.542702702702703,6.843513513513513,12.176216216216217
2023-05-26,28.59972972972973,18.101981981981982,19.07135135135135,8.538918918918919,6.838108108108108,12.175675675675675
2023-05-27,28.597567567567566,18.1009009009009,19.073513513513515,8.537837837837838,6.833243243243243,12.177837837837838
2023-05-28,28.597567567567566,18.1009009009009,19.073513513513515,8.537837837837838,6.833243243243243,12.177837837837838
2023-05-29,28.597567567567566,18.1009009009009,19.073513513513515,8.537837837837838,6.833243243243243,12.177837837837838
2023-05-30,28.598002159827214,18.100791936645066,19.06803455723542,8.536177105831534,6.831263498920086,12.18304535637149
2023-05-31,28.595302375809936,18.10295176385889,19.068574514038875,8.536177105831534,6.825323974082074,12.186285097192224
2023-06-01,28.595738942826323,18.10284070478245,19.06418554476807,8.534519956850055,6.8222761596548,12.192556634304207
2023-06-02,28.595738942826323,18.10284070478245,19.06418554476807,8.534519956850055,6.8222761596548,12.192556634304207
2023-06-03,28.593581445523192,18.104458827759796,19.066343042071196,8.533980582524272,6.816343042071197,12.19309600862999
2023-06-04,28.593581445523192,18.104458827759796,19.066343042071196,8.533980582524272,6.816343042071197,12.19309600862999
2023-06-05,28.589805825242717,18.10553757641136,19.06472491909385,8.535059331175836,6.813106796116505,12.196332254584682
2023-06-06,28.590786637931036,18.105423850574713,19.059806034482758,8.533405172413794,6.810075431034483,12.202586206896552
2023-06-07,28.588727076591155,18.10553757641136,19.065803667745417,8.532901833872709,6.807173678532902,12.200107874865157
2023-06-08,28.588727076591155,18.10553757641136,19.065803667745417,8.532901833872709,6.807173678532902,12.200107874865157
2023-06-09,28.588727076591155,18.10553757641136,19.065803667745417,8.532901833872709,6.807173678532902,12.200107874865157
2023-06-10,28.586569579288025,18.10769507371449,19.067961165048544,8.53128371089536,6.8012405609492985,12.20118662351672
2023-06-11,28.585043196544277,18.108891288696903,19.074514038876888,8.529697624190065,6.797786177105832,12.19708423326134
2023-06-12,28.582883369330453,18.111051115910726,19.072354211663068,8.530777537796975,6.79292656587473,12.199784017278617
2023-06-13,28.583333333333332,18.11093131966918,19.06688241639698,8.529126213592233,6.789913700107875,12.207119741100323
2023-06-14,28.581263498920087,18.111051115910726,19.072354211663068,8.528617710583154,6.787526997840173,12.20464362850972
2023-06-15,28.581263498920087,18.111051115910726,19.072354211663068,8.528617710583154,6.787526997840173,12.20464362850972
2023-06-16,28.580636461704422,18.112010068320746,19.06903991370011,8.525889967637541,6.785598705501618,12.210895361380798
2023-06-17,28.57740021574973,18.11524631427544,19.070658036677454,8.524271844660195,6.778586839266451,12.213052858683927
2023-06-18,28.57740021574973,18.11524631427544,19.070658036677454,8.524271844660195,6.778586839266451,12.213052858683927
2023-06-19,28.575161637931036,18.117277298850574,19.064655172413794,8.523168103448276,6.776131465517241,12.221443965517242
2023-06-20,28.57085129310345,18.117277298850574,19.064655172413794,8.522090517241379,6.770743534482759,12.22467672413793
2023-06-21,28.568770226537218,18.11794318590435,19.06903991370011,8.521574973031283,6.767799352750809,12.222761596548004
2023-06-22,28.569234913793103,18.116738505747126,19.064655172413794,8.51885775862069,6.764816810344827,12.230064655172415
2023-06-23,28.569234913793103,18.116738505747126,19.064655172413794,8.51885775862069,6.764816810344827,12.230064655172415
2023-06-24,28.56654094827586,18.11889367816092,19.06627155172414,8.516163793103448,6.757273706896552,12.233297413793103
2023-06-25,28.563915857605178,18.116864437252787,19.073354908306364,8.515641855447681,6.754854368932039,12.230852211434735
2023-06-26,28.56169181034483,18.11835488505747,19.067349137931036,8.513469827586206,6.752424568965517,12.239762931034482
2023-06-27,28.56001076426265,18.118227484750626,19.06297093649085,8.511840688912809,6.7494617868676,12.247039827771797
2023-06-28,28.55845905172414,18.11889367816092,19.067349137931036,8.511314655172415,6.746497844827586,12.244612068965518
2023-06-29,28.56108719052745,18.119842124147826,19.06297093649085,8.510764262648008,6.743541442411195,12.2497308934338
2023-06-30,28.56048387096774,18.119713261648744,19.059677419354838,8.508064516129032,6.741666666666666,12.256989247311829
2023-07-01,28.558333333333334,18.12186379928315,19.060752688172045,8.504838709677419,6.734139784946237,12.260752688172044
2023-07-02,28.558333333333334,18.12186379928315,19.060752688172045,8.504838709677419,6.734139784946237,12.260752688172044
2023-07-03,28.55456989247312,18.122939068100358,19.061290322580646,8.503225806451614,6.729838709677419,12.26505376344086
2023-07-04,28.55343716433942,18.122269960615824,19.05639097744361,8.501074113856069,6.727443609022556,12.272824919441462
2023-07-05,28.551881720430107,18.122401433691756,19.060752688172045,8.501075268817205,6.724462365591398,12.270967741935484
2023-07-06,28.551288936627284,18.122269960615824,19.05531686358754,8.499462943071965,6.721535982814179,12.279269602577873
2023-07-07,28.551288936627284,18.122269960615824,19.05531686358754,8.499462943071965,6.721535982814179,12.279269602577873
2023-07-08,28.550214822771213,18.12441818832796,19.055853920515574,8.495703544575726,6.715628356605801,12.283029001074114
2023-07-09,28.550214822771213,18.12441818832796,19.055853920515574,8.495703544575726,6.715628356605801,12.283029001074114
2023-07-10,28.54747854077253,18.125357653791127,19.050429184549355,8.494098712446352,6.713787553648069,12.291845493562231
2023-07-11,28.54318669527897,18.125357653791127,19.050429184549355,8.493025751072961,6.710568669527897,12.293991416309012
2023-07-12,28.541621911922665,18.125492302184032,19.054779806659507,8.493018259935553,6.708646616541353,12.290547798066594
2023-07-13,28.541621911922665,18.125492302184032,19.054779806659507,8.493018259935553,6.708646616541353,12.290547798066594
2023-07-14,28.54001074113856,18.1265664160401,19.05746509129968,8.490332975295381,6.7022019334049405,12.293770139634802
2023-07-15,28.53782188841202,18.126967095851214,19.052575107296136,8.4887339055794,6.700375536480687,12.302038626609441
2023-07-16,28.53782188841202,18.126967095851214,19.052575107296136,8.4887339055794,6.700375536480687,12.302038626609441
2023-07-17,28.535675965665234,18.126967095851214,19.052575107296136,8.48766094420601,6.695010729613734,12.306866952789699
2023-07-18,28.532958199356912,18.12683101107538,19.04823151125402,8.486066452304394,6.692122186495177,12.315112540192926
2023-07-19,28.531384120171673,18.1285765379113,19.053111587982833,8.485515021459227,6.68857296137339,12.312768240343347
2023-07-20,28.530814576634512,18.12843872811718,19.04662379421222,8.483922829581994,6.685691318327974,12.321007502679528
2023-07-21,28.530814576634512,18.12843872811718,19.04662379421222,8.483922829581994,6.685691318327974,12.321007502679528
2023-07-22,28.528135048231512,18.129510539478385,19.04796355841372,8.481779206859592,6.680600214362272,12.32556270096463
2023-07-23,28.528135048231512,18.129510539478385,19.04796355841372,8.481779206859592,6.680600214362272,12.32556270096463
2023-07-24,28.528135048231512,18.129510539478385,19.04796355841372,8.481779206859592,6.680600214362272,12.32556270096463
2023-07-25,28.524651661307608,18.12763486959628,19.04581993569132,8.481511254019292,6.677116827438371,12.331189710610932
2023-07-26,28.5230686695279,18.127771816881257,19.050697424892704,8.481491416309012,6.673551502145923,12.329399141630901
2023-07-27,28.523579849946408,18.128706680957485,19.04742765273312,8.479903536977492,6.670685959271168,12.335476956055734
2023-07-28,28.523605150214593,18.129917739628038,19.053916309012877,8.479345493562231,6.666577253218884,12.329935622317597
2023-07-29,28.51824034334764,18.12830829756795,19.056598712446352,8.47719957081545,6.662285407725322,12.33637339055794
2023-07-30,28.51824034334764,18.12830829756795,19.056598712446352,8.47719957081545,6.662285407725322,12.33637339055794
2023-07-31,28.516630901287552,18.129917739628038,19.05552575107296,8.474517167381974,6.656920600858369,12.340128755364807
2023-08-01,28.513948497854077,18.130454220314736,19.056062231759658,8.470225321888412,6.650482832618025,12.343884120171674
2023-08-02,28.51450053705693,18.131668456856424,19.060418904403868,8.469656283566058,6.646348012889367,12.340494092373792
2023-08-03,28.512875536480685,18.130454220314736,19.056062231759658,8.468079399141631,6.643508583690987,12.349785407725323
2023-08-04,28.51450053705693,18.132742570712495,19.060955961331903,8.466433941997852,6.63829215896885,12.343716433941998
2023-08-05,28.512875536480685,18.133673104434905,19.056598712446352,8.464324034334764,6.636534334763948,12.351931330472103
2023-08-06,28.512875536480685,18.133673104434905,19.056598712446352,8.464324034334764,6.636534334763948,12.351931330472103
2023-08-07,28.512875536480685,18.136891988555078,19.056062231759658,8.462714592274677,6.6306330472103,12.354613733905579
2023-08-08,28.509656652360515,18.136891988555078,19.053916309012877,8.461641630901287,6.624195278969957,12.359978540772532
2023-08-09,28.50912017167382,18.137964949928467,19.051770386266096,8.458959227467812,6.617221030042918,12.365343347639485
2023-08-10,28.50912017167382,18.137964949928467,19.051770386266096,8.458959227467812,6.617221030042918,12.365343347639485
2023-08-11,28.511815252416756,18.140261367704976,19.056659505907625,8.457303974221267,6.611976369495166,12.35875402792696
2023-08-12,28.509656652360515,18.141720314735334,19.051770386266096,8.455203862660944,6.610783261802575,12.366416309012875
2023-08-13,28.509656652360515,18.141720314735334,19.051770386266096,8.455203862660944,6.610783261802575,12.366416309012875
2023-08-14,28.506966773847804,18.14317613433369,19.04581993569132,8.453644158628082,6.608520900321543,12.37566988210075
2023-08-15,28.50321199143469,18.141952177016414,19.041488222698074,8.452087794432549,6.605728051391863,12.38490364025696
2023-08-16,28.5042872454448,18.14371204001429,19.043676312968916,8.45150053590568,6.602090032154341,12.382100750267952
2023-08-17,28.50267665952891,18.142487508922198,19.03827623126338,8.449946466809422,6.599304068522484,12.391327623126339
2023-08-18,28.5,18.143404634581103,19.033957219251338,8.448395721925134,6.597593582887701,12.399465240641712
2023-08-19,28.50053475935829,18.14554367201426,19.03342245989305,8.44572192513369,6.591176470588235,12.401604278074867
2023-08-20,28.50053475935829,18.14554367201426,19.03342245989305,8.44572192513369,6.591176470588235,12.401604278074867
2023-08-21,28.50053475935829,18.14928698752228,19.030748663101605,8.443582887700535,6.585828877005348,12.405347593582889
2023-08-22,28.497863247863247,18.14912749287749,19.025373931623932,8.442040598290598,6.583066239316239,12.413461538461538
2023-08-23,28.5,18.15179843304843,19.021100427350426,8.439903846153847,6.577724358974359,12.41826923076923
2023-08-24,28.5,18.15179843304843,19.021100427350426,8.439903846153847,6.577724358974359,12.41826923076923
2023-08-25,28.5,18.15179843304843,19.021100427350426,8.439903846153847,6.577724358974359,12.41826923076923
2023-08-26,28.5,18.15500356125356,19.017895299145298,8.437232905982906,6.5718482905982905,12.42094017094017
2023-08-27,28.5,18.15500356125356,19.017895299145298,8.437232905982906,6.5718482905982905,12.42094017094017
2023-08-28,28.499465811965813,18.156606125356124,19.015224358974358,8.434294871794872,6.567040598290598,12.426816239316238
2023-08-29,28.498397435897434,18.15981125356125,19.008814102564102,8.433226495726496,6.5606303418803416,12.43215811965812
2023-08-30,28.501069518716577,18.16372549019608,19.007754010695187,8.432085561497326,6.557486631016043,12.429411764705883
2023-08-31,28.501602564102566,18.161413817663817,19.002403846153847,8.429487179487179,6.554754273504273,12.439636752136753
2023-09-01,28.501602564102566,18.161413817663817,19.002403846153847,8.429487179487179,6.554754273504273,12.439636752136753
2023-09-02,28.501602564102566,18.164618945868945,18.997061965811966,8.427350427350428,6.548878205128205,12.443376068376068
2023-09-03,28.501602564102566,18.164618945868945,18.997061965811966,8.427350427350428,6.548878205128205,12.443376068376068
2023-09-04,28.499466382070437,18.16390964069726,18.99119530416222,8.426360725720384,6.546691568836713,12.453041622198507
2023-09-05,28.497867803837952,18.161602700781803,18.98587420042644,8.424840085287846,6.543976545842217,12.462153518123667
2023-09-06,28.501600853788688,18.165510494485947,18.98425827107791,8.423692636072571,6.5402881536819635,12.459445037353255
2023-09-07,28.501600853788688,18.165510494485947,18.98425827107791,8.423692636072571,6.5402881536819635,12.459445037353255
2023-09-08,28.50534188034188,18.169960826210826,18.983173076923077,8.422542735042734,6.535523504273504,12.455128205128204
2023-09-09,28.503201707577375,18.169245819992884,18.97785485592316,8.420490928495198,6.533884738527214,12.464781216648879
2023-09-10,28.503201707577375,18.169245819992884,18.97785485592316,8.420490928495198,6.533884738527214,12.464781216648879
2023-09-11,28.501066098081022,18.16906538734897,18.972547974413647,8.418976545842218,6.531716417910448,12.474946695095948
2023-09-12,28.49946751863685,18.16782037628683,18.96618743343983,8.417465388711395,6.5290202342918,12.484025559105431
2023-09-13,28.502132196162048,18.17279673063255,18.962420042643924,8.41684434968017,6.525852878464819,12.482409381663112
2023-09-14,28.501597444089455,18.17048278310259,18.958200212992544,8.415335463258787,6.523162939297125,12.492545260915868
2023-09-15,28.503194888178914,18.174210152644655,18.95500532481363,8.411075612353567,6.516773162939297,12.49733759318424
2023-09-16,28.501063829787235,18.172429078014183,18.950797872340427,8.409042553191489,6.515159574468085,12.50691489361702
2023-09-17,28.501063829787235,18.172429078014183,18.950797872340427,8.409042553191489,6.515159574468085,12.50691489361702
2023-09-18,28.501063829787235,18.172429078014183,18.950797872340427,8.409042553191489,6.515159574468085,12.50691489361702
2023-09-19,28.500886524822693,18.175265957446808,18.94281914893617,8.405851063829788,6.510195035460994,12.515425531914893
2023-09-20,28.504614838480652,18.178647497337593,18.939563365282215,8.406283280085198,6.507543485977991,12.512779552715655
2023-09-21,28.507809726659566,18.18290734824281,18.929978700745473,8.404153354632587,6.503283635072773,12.519169329073483
2023-09-22,28.51101634683724,18.187366737739872,18.928837953091683,8.403518123667377,6.499555792466241,12.514925373134329
2023-09-23,28.50940717074902,18.186102236421725,18.9241214057508,8.401490947816827,6.497426340078098,12.524494142705006
2023-09-24,28.50940717074902,18.186102236421725,18.9241214057508,8.401490947816827,6.497426340078098,12.524494142705006
2023-09-25,28.512082444918263,18.190565031982942,18.919776119402986,8.401918976545842,6.494758351101635,12.522921108742004
2023-09-26,28.51047213347533,18.189563365282215,18.91427050053248,8.399627263045794,6.492634007809727,12.532215122470713
2023-09-27,28.512082444918263,18.193496801705756,18.91098081023454,8.39952025586354,6.48996090973703,12.531183368869936
2023-09-28,28.511537096201632,18.191160809371674,18.905750798722046,8.396964856230031,6.487309194178205,12.541267305644302
2023-09-29,28.514747690120824,18.19509594882729,18.9045842217484,8.395788912579958,6.483564321250889,12.538113006396589
2023-09-30,28.512602058927936,18.193823216187432,18.89989350372737,8.39430244941427,6.481984380546682,12.54765708200213
2023-10-01,28.512602058927936,18.193823216187432,18.89989350372737,8.39430244941427,6.481984380546682,12.54765708200213
2023-10-02,28.511258865248227,18.193617021276594,18.89441489361702,8.391755319148936,6.479875886524823,12.556648936170212
2023-10-03,28.51286829960951,18.19808306709265,18.89110756123536,8.392172523961662,6.477192048278311,12.552981895633653
2023-10-04,28.51501421464108,18.202025586353944,18.88779317697228,8.391524520255864,6.475035536602701,12.55090618336887
2023-10-05,28.51501421464108,18.202025586353944,18.88779317697228,8.391524520255864,6.475035536602701,12.55090618336887
2023-10-06,28.516097474208465,18.20651013874066,18.887673425827106,8.391408751334044,6.471273568125223,12.547225186766275
2023-10-07,28.513948116560055,18.204690831556505,18.88352878464819,8.389392324093816,6.469705046197584,12.556769722814499
2023-10-08,28.513948116560055,18.204690831556505,18.88352878464819,8.389392324093816,6.469705046197584,12.556769722814499
2023-10-09,28.514496620419777,18.209178228388474,18.88127001067236,8.388740661686233,6.468071860547848,12.554162219850587
2023-10-10,28.513963002490215,18.209711846318037,18.875667022411953,8.385005336179296,6.463269299181786,12.562433297758805
2023-10-11,28.515046296296294,18.213675213675213,18.873931623931625,8.384348290598291,6.461093304843305,12.560363247863247
2023-10-12,28.515563856278902,18.2102454642476,18.867662753468515,8.380736392742795,6.458466737815725,12.571504802561366
2023-10-13,28.51664886039886,18.21527777777778,18.868589743589745,8.379540598290598,6.453614672364673,12.56784188034188
2023-10-14,28.515563856278902,18.213447171824974,18.86339381003202,8.37700106723586,6.452063322660975,12.578441835645677
2023-10-15,28.515563856278902,18.213447171824974,18.86339381003202,8.37700106723586,6.452063322660975,12.578441835645677
2023-10-16,28.513429384560652,18.216115261472787,18.855923159018143,8.37486659551761,6.448327997154038,12.588046958377802
2023-10-17,28.516631092138027,18.216115261472787,18.847385272145143,8.37059765208111,6.444059053717539,12.596584845250801
2023-10-18,28.516114672364672,18.21955128205128,18.84722222222222,8.369925213675213,6.441328347578348,12.59508547008547
2023-10-19,28.516114672364672,18.21955128205128,18.84722222222222,8.369925213675213,6.441328347578348,12.59508547008547
2023-10-20,28.51558048433048,18.22008547008547,18.84294871794872,8.365651709401709,6.437054843304844,12.602564102564102
2023-10-21,28.51716471006759,18.21664887940235,18.83778014941302,8.36205976520811,6.434987548914978,12.61205976520811
2023-10-22,28.51716471006759,18.21664887940235,18.83778014941302,8.36205976520811,6.434987548914978,12.61205976520811
2023-10-23,28.515046296296294,18.22061965811966,18.83707264957265,8.361912393162394,6.432781339031339,12.610576923076923
2023-10-24,28.5147792022792,18.220886752136753,18.831196581196583,8.360042735042734,6.427973646723648,12.617521367521368
2023-10-25,28.517984330484328,18.223023504273506,18.824252136752136,8.356837606837606,6.422631766381767,12.623931623931623
2023-10-26,28.517984330484328,18.223023504273506,18.824252136752136,8.356837606837606,6.422631766381767,12.623931623931623
2023-10-27,28.517984330484328,18.223023504273506,18.824252136752136,8.356837606837606,6.422631766381767,12.623931623931623
2023-10-28,28.518518518518515,18.22409188034188,18.82051282051282,8.352564102564102,6.417289886039887,12.629807692307692
2023-10-29,28.518518518518515,18.22409188034188,18.82051282051282,8.352564102564102,6.417289886039887,12.629807692307692
2023-10-30,28.52012108262108,18.22409188034188,18.814102564102566,8.349358974358974,6.411948005698006,12.637286324786325
2023-10-31,28.520633226609746,18.220651013874065,18.80896478121665,8.345784418356457,6.408306652436856,12.647278548559232
2023-11-01,28.51940883190883,18.22480413105413,18.80840455840456,8.345441595441596,6.405893874643875,12.645833333333334
2023-11-02,28.52098897189612,18.22242974030594,18.80327285663465,8.340803984347207,6.404393454286731,12.65581643543223
2023-11-03,28.52098897189612,18.22242974030594,18.80327285663465,8.340803984347207,6.404393454286731,12.65581643543223
2023-11-04,28.51936744847192,18.221126510305616,18.80028429282161,8.33724235963042,6.4018301350390905,12.664712153518124
2023-11-05,28.520944266950654,18.218761093361735,18.794107206247784,8.334753283635074,6.399272275470359,12.674653887113951
2023-11-06,28.521985815602836,18.216932624113475,18.788475177304967,8.331737588652484,6.397251773049645,12.684574468085106
2023-11-07,28.522493800921005,18.213513992206874,18.78338646829614,8.328196953595466,6.394704215373716,12.693411264612115
2023-11-08,28.522493800921005,18.213513992206874,18.78338646829614,8.328196953595466,6.394704215373716,12.693411264612115
2023-11-09,28.524062278839345,18.21010261854211,18.779370134465676,8.324663835810334,6.392162066525124,12.702229299363058
2023-11-10,28.525627430187342,18.20775892541534,18.775362318840582,8.321138211382115,6.389625309296571,12.711028632025451
2023-11-11,28.526129943502823,18.205949858757062,18.771362994350284,8.318149717514125,6.387093926553673,12.71927966101695
2023-11-12,28.526129943502823,18.205949858757062,18.771362994350284,8.318149717514125,6.387093926553673,12.71927966101695
2023-11-13,28.52821869488536,18.204144620811288,18.7657848324515,8.314638447971783,6.385097001763668,12.728571428571428
2023-11-14,28.52927689594356,18.203086419753088,18.761552028218695,8.309347442680776,6.378747795414462,12.735978835978836
2023-11-15,28.525600282485872,18.206479519774014,18.76129943502825,8.309675141242938,6.3759710451977405,12.736758474576272
2023-11-16,28.525600282485872,18.206479519774014,18.76129943502825,8.309675141242938,6.3759710451977405,12.736758474576272
2023-11-17,28.525600282485872,18.206479519774014,18.76129943502825,8.309675141242938,6.3759710451977405,12.736758474576272
2023-11-18,28.524540960451976,18.20753884180791,18.758651129943505,8.305437853107346,6.36961511299435,12.742584745762711
2023-11-19,28.524540960451976,18.20753884180791,18.758651129943505,8.305437853107346,6.36961511299435,12.742584745762711
2023-11-20,28.52403676210675,18.21094026157653,18.75733474726052,8.304701307882645,6.366825733474727,12.741251325556734
2023-11-21,28.52509720749381,18.21279604100389,18.749381406857548,8.301785083068223,6.361258395192648,12.748674443266172
2023-11-22,28.521939136588816,18.216206652512387,18.749646142958245,8.301574663835812,6.358987968860581,12.748407643312103
2023-11-23,28.525627430187342,18.214916931778014,18.744079179922235,8.299133969600566,6.355956168257335,12.755037115588546
2023-11-24,28.527748320961468,18.215447154471548,18.740897843761047,8.294361965358785,6.349063273241429,12.762990455991517
2023-11-25,28.528778248587567,18.213100282485875,18.73640536723164,8.291401836158192,6.346574858757062,12.771716101694915
2023-11-26,28.528778248587567,18.213100282485875,18.73640536723164,8.291401836158192,6.346574858757062,12.771716101694915
2023-11-27,28.53086419753086,18.210229276895944,18.729805996472663,8.288977072310406,6.344091710758378,12.781481481481482
2023-11-28,28.53241719520789,18.205778717406627,18.72586328400282,8.285500352360819,6.341613812544045,12.79016913319239
2023-11-29,28.52980599647266,18.209171075837745,18.72610229276896,8.285273368606703,6.339329805996473,12.78994708994709
2023-11-30,28.52980599647266,18.209171075837745,18.72610229276896,8.285273368606703,6.339329805996473,12.78994708994709
2023-12-01,28.52718926553672,18.214159604519775,18.725282485875706,8.283986581920905,6.33598163841808,12.789724576271187
2023-12-02,28.52821869488536,18.212345679012348,18.720811287477954,8.281040564373898,6.332980599647267,12.797883597883597
2023-12-03,28.525070621468924,18.214159604519775,18.721574858757062,8.28080861581921,6.330685028248588,12.797669491525424
2023-12-04,28.52403676210675,18.2180982679392,18.720749381406858,8.27951572993991,6.328384588193709,12.796394485683987
2023-12-05,28.52271120537292,18.2188936019795,18.713856486390952,8.276864616472253,6.32281724991163,12.806203605514316
2023-12-06,28.520612172682235,18.22231068648266,18.71302193913659,8.276096956829441,6.319975230007078,12.806528662420382
2023-12-07,28.524301873453513,18.217833156592437,18.70908448214917,8.271562389536939,6.316454577589255,12.815217391304348
2023-12-08,28.522735314932763,18.2212491153574,18.709837225760793,8.270789101203114,6.31254423213022,12.81395966029724
2023-12-09,28.524301873453513,18.217833156592437,18.70537292329445,8.267320607988689,6.310091905266879,12.822640509013786
2023-12-10,28.524301873453513,18.217833156592437,18.70537292329445,8.267320607988689,6.310091905266879,12.822640509013786
2023-12-11,28.524301873453513,18.217833156592437,18.70537292329445,8.267320607988689,6.310091905266879,12.822640509013786
2023-12-12,28.526924435028246,18.21407132768362,18.69985875706215,8.264212570621469,6.306938559322034,12.832538841807908
2023-12-13,28.524832096147048,18.21694945210322,18.700070696359138,8.262902085542596,6.305143160127254,12.831831035701661
2023-12-14,28.524832096147048,18.21694945210322,18.700070696359138,8.262902085542596,6.305143160127254,12.831831035701661
2023-12-15,28.528513418079093,18.21248234463277,18.695091807909606,8.259445621468927,6.30270127118644,12.841543079096045
2023-12-16,28.529572740112993,18.21301200564972,18.690324858757062,8.255737994350282,6.295815677966102,12.849487994350282
2023-12-17,28.529572740112993,18.21301200564972,18.690324858757062,8.255737994350282,6.295815677966102,12.849487994350282
2023-12-18,28.532716049382714,18.21014109347443,18.68377425044092,8.252292768959435,6.2933862433862435,12.860229276895943
2023-12-19,28.533774250440914,18.208024691358027,18.67636684303351,8.249118165784832,6.287037037037037,12.871869488536154
2023-12-20,28.53169138418079,18.210363700564976,18.677083333333336,8.247793079096045,6.2846927966101696,12.872263418079095
2023-12-21,28.536419753086417,18.207495590828927,18.672663139329806,8.244356261022928,6.281481481481482,12.879276895943562
2023-12-22,28.535399011299432,18.210363700564976,18.67284604519774,8.244085451977401,6.277012711864407,12.878089689265536
2023-12-23,28.53853615520282,18.206966490299827,18.667372134038803,8.240123456790124,6.2746031746031745,12.88721340388007
2023-12-24,28.53853615520282,18.206966490299827,18.667372134038803,8.240123456790124,6.2746031746031745,12.88721340388007
2023-12-25,28.53804731638418,18.208245056497177,18.6670197740113,8.23931850282486,6.272775423728813,12.887093926553671
2023-12-26,28.53804731638418,18.208245056497177,18.6670197740113,8.23931850282486,6.272775423728813,12.887093926553671
2023-12-27,28.537027218098267,18.208465889006717,18.66772711205373,8.238511841640156,6.270943796394485,12.887504418522445
2023-12-28,28.540695621468924,18.205067090395485,18.66066384180791,8.235081214689266,6.268538135593221,12.898216807909604
2023-12-29,28.53914810887239,18.20528455284553,18.66454577589254,8.234270060091905,6.265111346765641,12.897048427006009
2023-12-30,28.53759731068648,18.205502476999296,18.664720452937015,8.234518754423213,6.263269639065817,12.896408351026185
2023-12-31,28.541268999646515,18.202103216684343,18.657652880876636,8.231088723930718,6.260869565217392,12.907122658183104
2024-01-01,28.53972045293701,18.202317763623498,18.65835102618542,8.231334041047417,6.259023354564756,12.908085633404104
2024-01-02,28.537105915692525,18.205720864328732,18.656925256818987,8.232642578816861,6.256110520722635,12.907987956075097
2024-01-03,28.540294013460855,18.2025327665604,18.651611760538437,8.228923131420474,6.251328374070138,12.91888062345023
2024-01-04,28.542905166312806,18.198071479122437,18.645612172682238,8.225495399858458,6.248938428874735,12.928520877565463
2024-01-05,28.542905166312806,18.198071479122437,18.645612172682238,8.225495399858458,6.248938428874735,12.928520877565463
2024-01-06,28.544497523000704,18.195948336871908,18.64189667374381,8.220718329794764,6.243630573248407,12.938075017692851
2024-01-07,28.544497523000704,18.195948336871908,18.64189667374381,8.220718329794764,6.243630573248407,12.938075017692851
2024-01-08,28.54188806234502,18.19828196953596,18.642578816861498,8.219890187743536,6.240701381509033,12.936946510804109
2024-01-09,28.544497523000704,18.195417551309273,18.63658881811748,8.21594125973107,6.238322717622081,12.947098372257607
2024-01-10,28.54401346085724,18.19562522139568,18.639390719093164,8.216170740347149,6.23432518597237,12.945979454481048
2024-01-11,28.543528368794323,18.19689716312057,18.6427304964539,8.21427304964539,6.23031914893617,12.944326241134751
2024-01-12,28.544592198581558,18.193705673758867,18.6363475177305,8.20895390070922,6.226063829787234,12.956028368794325
2024-01-13,28.546138859369464,18.19031172511513,18.629295076160115,8.205543747786043,6.2236981934112645,12.965639390719092
2024-01-14,28.546138859369464,18.19031172511513,18.629295076160115,8.205543747786043,6.2236981934112645,12.965639390719092
2024-01-15,28.548743807501765,18.185863411181884,18.6222576079264,8.202140835102618,6.221337579617835,12.976291578202405
2024-01-16,28.55134323082361,18.18036408624956,18.617355956168257,8.197684694238246,6.21898197242842,12.985860728172499
2024-01-17,28.548743807501765,18.18267869780609,18.61854210898797,8.197363765038924,6.2165605095541405,12.985845718329793
2024-01-18,28.548743807501765,18.18267869780609,18.61854210898797,8.197363765038924,6.2165605095541405,12.985845718329793
2024-01-19,28.548743807501765,18.18267869780609,18.61854210898797,8.197363765038924,6.2165605095541405,12.985845718329793
2024-01-20,28.548743807501765,18.181086341118192,18.615357395612175,8.191525123849965,6.21072186836518,12.993807501769284
2024-01-21,28.548743807501765,18.181086341118192,18.615357395612175,8.191525123849965,6.21072186836518,12.993807501769284
2024-01-22,28.550336164189666,18.177370842179762,18.60845718329795,8.188340410474169,6.2043524416135885,13.00283085633404
2024-01-23,28.550336164189666,18.17524769992923,18.603149327671623,8.184094125973107,6.200106157112526,13.011323425336164
2024-01-24,28.54773290825363,18.178090683669858,18.60379029401346,8.183227063407722,6.198193411264612,13.0118668083599
2024-01-25,28.55352087756546,18.1747169143666,18.598372257607927,8.18090941259731,6.195859872611465,13.018754423213021
2024-01-26,28.552515054906127,18.177027984413748,18.59953949698902,8.18003896563939,6.19287991498406,13.017180304640453
2024-01-27,28.554051663128092,18.173655343241332,18.595187544232132,8.175601556970983,6.190552016985138,13.024593064401982
2024-01-28,28.554051663128092,18.173655343241332,18.595187544232132,8.175601556970983,6.190552016985138,13.024593064401982
2024-01-29,28.55511323425336,18.169939844302903,18.588287331917908,8.171355272469922,6.185774946921444,13.03414720452937
2024-01-30,28.558766348533048,18.166578296217747,18.583421703782257,8.16587133262637,6.182396606574762,13.040473665606221
2024-01-31,28.556705590941256,18.168347487615005,18.58351026185421,8.165516631280962,6.1804670912951165,13.041047416843595
2024-02-01,28.558236125839517,18.166048073524216,18.578649699540474,8.161099328384589,6.177094379639448,13.047366560622127
2024-02-02,28.560822740112993,18.16269420903955,18.572740112994353,8.15669138418079,6.173728813559322,13.05367231638418
2024-02-03,28.56029307909604,18.162164548022602,18.56797316384181,8.1513947740113,6.1684322033898304,13.060557909604519
2024-02-04,28.558766348533048,18.162336514669498,18.56751502297632,8.151025097207494,6.165959703075291,13.061682573347472
2024-02-05,28.558766348533048,18.162336514669498,18.56062212796041,8.146253092965713,6.160127253446447,13.06963591375044
2024-02-06,28.56188206214689,18.159516242937855,18.55526129943503,8.141860875706215,6.15625,13.074858757062147
2024-02-07,28.561417462000705,18.161806291975967,18.555319901025097,8.140420643336869,6.153764581124072,13.075468363379285
2024-02-08,28.561417462000705,18.161806291975967,18.555319901025097,8.140420643336869,6.153764581124072,13.075468363379285
2024-02-09,28.560421089879686,18.163570417551313,18.556440198159944,8.138446567586696,6.151273885350318,13.075017692852088
2024-02-10,28.561947684694236,18.160215623895372,18.550547896783318,8.134057971014492,6.147932131495228,13.082361258395192
2024-02-11,28.561947684694236,18.160215623895372,18.550547896783318,8.134057971014492,6.147932131495228,13.082361258395192
2024-02-12,28.562477907387766,18.15915517850831,18.54365500176741,8.127695298692117,6.142629904559915,13.090844821491693
2024-02-13,28.565060028248585,18.15580861581921,18.538841807909606,8.123322740112995,6.139300847457627,13.096045197740112
2024-02-14,28.56353835277483,18.157564510427715,18.5383527748321,8.122393071756806,6.136797454931071,13.097207493814068
2024-02-15,28.56353835277483,18.157564510427715,18.5383527748321,8.122393071756806,6.136797454931071,13.097207493814068
2024-02-16,28.56353835277483,18.157564510427715,18.5383527748321,8.122393071756806,6.136797454931071,13.097207493814068
2024-02-17,28.565659243548954,18.155973842347123,18.531990102509724,8.116030399434429,6.130965005302227,13.102509720749381
2024-02-18,28.565659243548954,18.155973842347123,18.531990102509724,8.116030399434429,6.130965005302227,13.102509720749381
2024-02-19,28.567708333333332,18.152100988700568,18.525600282485875,8.112199858757062,6.128177966101695,13.10928672316384
2024-02-20,28.569826977401128,18.14998234463277,18.519244350282488,8.109021892655367,6.121822033898305,13.113524011299434
2024-02-21,28.56884057971014,18.15173206079887,18.5197949805585,8.10754683633793,6.1193001060445384,13.1147048427006
2024-02-22,28.572475282485872,18.148393361581924,18.515007062146893,8.105314265536723,6.115995762711864,13.119879943502823
2024-02-23,28.571945621468924,18.147863700564976,18.5107697740113,8.100017655367232,6.110699152542373,13.125176553672317
2024-02-24,28.572927689594355,18.145061728395063,18.505996472663142,8.09620811287478,6.107407407407408,13.131393298059963
2024-02-25,28.572475282485872,18.147334039548024,18.503354519774014,8.096310028248588,6.1054025423728815,13.131532485875706
2024-02-26,28.570961470484267,18.14696005655709,18.503888299752564,8.095351714386709,6.1033934252386,13.132202191587133
2024-02-27,28.57274011299435,18.143361581920907,18.49911723163842,8.09180790960452,6.10010593220339,13.137358757062147
2024-02-28,28.573347472605157,18.143513609049137,18.49858607281725,8.091905266878756,6.097030752916225,13.137504418522445
2024-02-29,28.573347472605157,18.143513609049137,18.49858607281725,8.091905266878756,6.097030752916225,13.137504418522445
2024-03-01,28.57395612172682,18.14472753007785,18.498053786270347,8.09094125973107,6.095010615711253,13.137650389242745
2024-03-02,28.57395612172682,18.14419674451522,18.494869072894552,8.085633404104742,6.087579617834395,13.14242745930644
2024-03-03,28.57395612172682,18.14419674451522,18.494869072894552,8.085633404104742,6.087579617834395,13.14242745930644
2024-03-04,28.575998586072814,18.14033227288795,18.489042064333688,8.082891481088724,6.084305408271474,13.149169317780133
2024-03-05,28.57856638418079,18.137005649717516,18.484286723163844,8.07962570621469,6.081038135593221,13.153248587570621
2024-03-06,28.579179922234,18.138211382113823,18.48480028278544,8.078649699540474,6.076882290562036,13.153411099328384
2024-03-07,28.579625706214685,18.13594632768362,18.48004943502825,8.075388418079097,6.0736228813559325,13.15960451977401
2024-03-08,28.582274011299432,18.13435734463277,18.475282485875706,8.070091807909606,6.067266949152542,13.164371468926554
2024-03-09,28.584832451499114,18.1310405643739,18.468430335097004,8.0668430335097,6.064021164021164,13.170546737213403
2024-03-10,28.584832451499114,18.1310405643739,18.468430335097004,8.0668430335097,6.064021164021164,13.170546737213403
2024-03-11,28.588007054673717,18.127336860670198,18.460493827160494,8.064197530864197,6.058201058201059,13.17742504409171
2024-03-12,28.58949964763918,18.12403100775194,18.455778717406627,8.060958421423537,6.054968287526427,13.181465821000705
2024-03-13,28.59012345679012,18.125220458553795,18.45520282186949,8.059964726631394,6.051851851851852,13.181657848324514
2024-03-14,28.59012345679012,18.125220458553795,18.45520282186949,8.059964726631394,6.051851851851852,13.181657848324514
2024-03-15,28.58968926553672,18.12853107344633,18.453566384180792,8.060028248587571,6.048728813559322,13.181850282485875
2024-03-16,28.591278248587567,18.127471751412433,18.445091807909606,8.055790960451978,6.0429025423728815,13.187146892655367
2024-03-17,28.591278248587567,18.127471751412433,18.445091807909606,8.055790960451978,6.0429025423728815,13.187146892655367
2024-03-18,28.591807909604515,18.126412429378533,18.43767655367232,8.052612994350282,6.03707627118644,13.194032485875706
2024-03-19,28.592867231638415,18.126412429378533,18.43026129943503,8.049435028248588,6.031779661016949,13.1972104519774
2024-03-20,28.592435489572285,18.12866737363026,18.429657122658185,8.048427006009192,6.0286320254506895,13.19741958289148
2024-03-21,28.598163841807906,18.125353107344637,18.424964689265536,8.045197740112995,6.02542372881356,13.200388418079095
2024-03-22,28.598958333333332,18.126412429378533,18.419138418079097,8.040695621468927,6.0195974576271185,13.205155367231638
2024-03-23,28.598958333333332,18.126412429378533,18.419138418079097,8.040695621468927,6.0195974576271185,13.205155367231638
2024-03-24,28.60044091710758,18.124162257495595,18.413403880070547,8.037477954144622,6.016402116402117,13.211287477954144
2024-03-25,28.601920366455246,18.12138830162086,18.407152924594786,8.034267089499648,6.013742071881607,13.217935165609584
2024-03-26,28.60445265751496,18.11914818725801,18.40144315381908,8.030007039774727,6.010559662090813,13.221928898275255
2024-03-27,28.60403453136011,18.12138830162086,18.40186751233263,8.028981677237491,6.0073995771670194,13.22216349541931
2024-03-28,28.60403453136011,18.12138830162086,18.40186751233263,8.028981677237491,6.0073995771670194,13.22216349541931
2024-03-29,28.603615520282183,18.12363315696649,18.401234567901234,8.029012345679012,6.004232804232804,13.222398589065255
2024-03-30,28.605731922398586,18.12310405643739,18.39541446208113,8.023721340388008,5.997883597883598,13.228747795414462
2024-03-31,28.605731922398586,18.12310405643739,18.39541446208113,8.023721340388008,5.997883597883598,13.228747795414462
2024-04-01,28.604254943502823,18.12376412429379,18.396892655367232,8.022687146892656,5.995233050847458,13.22899011299435
2024-04-02,28.606261022927686,18.12098765432099,18.390917107583775,8.018959435626103,5.992592592592593,13.234303350970016
2024-04-03,28.60584392655367,18.12217514124294,18.392390536723166,8.017920197740112,5.989406779661017,13.234551553672317
2024-04-04,28.60731922398589,18.11887125220459,18.388800705467375,8.013668430335096,5.986243386243387,13.239594356261023
2024-04-05,28.607962570621467,18.120056497175145,18.38921257062147,8.01368290960452,5.984110169491525,13.239848163841808
2024-04-06,28.61167019774011,18.119526836158194,18.38285663841808,8.008915960451978,5.977754237288136,13.245674435028247
2024-04-07,28.61167019774011,18.119526836158194,18.38285663841808,8.008915960451978,5.977754237288136,13.245674435028247
2024-04-08,28.61167019774011,18.119526836158194,18.38285663841808,8.008915960451978,5.977754237288136,13.245674435028247
2024-04-09,28.613403880070543,18.116754850088185,18.377160493827162,8.005731922398589,5.9751322751322755,13.250440917107584
2024-04-10,28.61511299435028,18.12111581920904,18.37173375706215,8.005737994350282,5.973516949152542,13.251765536723163
2024-04-11,28.61511299435028,18.12111581920904,18.37173375706215,8.005737994350282,5.973516949152542,13.251765536723163
2024-04-12,28.62040960451977,18.123234463276837,18.35796257062147,8.00150070621469,5.968220338983051,13.257062146892654
2024-04-13,28.621869488536152,18.12098765432099,18.352292768959437,7.998324514991182,5.965079365079365,13.262081128747795
2024-04-14,28.621869488536152,18.12098765432099,18.352292768959437,7.998324514991182,5.965079365079365,13.262081128747795
2024-04-15,28.625573192239855,18.124691358024695,18.338536155202824,7.996737213403881,5.960846560846561,13.267901234567901
2024-04-16,28.628083157152922,18.122445384073295,18.331835799859057,7.993569415081043,5.960846560846561,13.27184637068358
2024-04-17,28.63139329805996,18.128924162257498,18.32266313932981,7.993562610229278,5.959216101694915,13.273192239858906
2024-04-18,28.63139329805996,18.128924162257498,18.32266313932981,7.993562610229278,5.959216101694915,13.273192239858906
2024-04-19,28.632840028188863,18.12667371388302,18.318093727977452,7.9903981677237494,5.956084656084656,13.278188865398167
2024-04-20,28.63918252290345,18.128787878787882,18.303823114869626,7.986169837914025,5.9523809523809526,13.282945736434108
2024-04-21,28.63918252290345,18.128787878787882,18.303823114869626,7.986169837914025,5.9523809523809526,13.282945736434108
2024-04-22,28.641147483280534,18.1254839845125,18.29769447377684,7.983016543470609,5.950317124735729,13.288454769447377
2024-04-23,28.643635724331926,18.12324191279888,18.291051336146275,7.979869901547117,5.950317124735729,13.29131504922644
2024-04-24,28.64801126363956,18.130235832453366,18.28185498064062,7.979320661738825,5.948148148148148,13.291622668074622
2024-04-25,28.64801126363956,18.130235832453366,18.28185498064062,7.979320661738825,5.948148148148148,13.291622668074622
2024-04-26,28.65075597749648,18.12746132208158,18.27839310829817,7.976177918424754,5.945560253699789,13.295007032348805
2024-04-27,28.65497538677918,18.130625879043603,18.265734880450072,7.971958509142054,5.940274841437632,13.299753867791841
2024-04-28,28.65497538677918,18.130625879043603,18.265734880450072,7.971958509142054,5.940274841437632,13.299753867791841
2024-04-29,28.65497538677918,18.130625879043603,18.265734880450072,7.971958509142054,5.940274841437632,13.299753867791841
2024-04-30,28.656821378340364,18.134581575246134,18.251758087201125,7.969321378340366,5.935782241014799,13.304764416315049
2024-05-01,28.660154875043997,18.14105948609645,18.243576205561425,7.969816965857093,5.9335978835978835,13.304558254135866
2024-05-02,28.662623066104075,18.13774613220816,18.2401547116737,7.966684247538678,5.9335978835978835,13.309511251758087
2024-05-03,28.662623066104075,18.13774613220816,18.2401547116737,7.966684247538678,5.9335978835978835,13.309511251758087
2024-05-04,28.667106188466946,18.14011954992968,18.225650492264418,7.963255977496484,5.928835978835979,13.314521800281293
2024-05-05,28.667106188466946,18.14011954992968,18.225650492264418,7.963255977496484,5.928835978835979,13.314521800281293
2024-05-06,28.671853023909982,18.142756680731367,18.21193741209564,7.959036568213784,5.925132275132275,13.320850914205344
2024-05-07,28.674306287319983,18.139971900245875,18.206445381102917,7.9559185107130315,5.921511627906977,13.324200913242008
2024-05-08,28.677127285513357,18.145921237693393,18.1987517580872,7.955872011251758,5.919312169312169,13.324542897327706
2024-05-09,28.677127285513357,18.145921237693393,18.1987517580872,7.955872011251758,5.919312169312169,13.324542897327706
2024-05-10,28.67889827525519,18.15135515663499,18.19262583597325,7.955825413586766,5.917108050847458,13.3238296374516
2024-05-11,28.680291842475384,18.148030942334742,18.187148382559776,7.952707454289733,5.915079365079365,13.327707454289731
2024-05-12,28.680291842475384,18.148030942334742,18.187148382559776,7.952707454289733,5.915079365079365,13.327707454289731
2024-05-13,28.684178106300596,18.15346708905315,18.178898275255193,7.952657514959522,5.912870762711864,13.328053502287926
2024-05-14,28.686884669479603,18.1509317862166,18.173435302391,7.949542897327707,5.91005291005291,13.330872011251758
2024-05-15,28.689721928898273,18.15689897923267,18.166226680746217,7.950017599436818,5.907309322033898,13.33122140091517
2024-05-16,28.689721928898273,18.15689897923267,18.166226680746217,7.950017599436818,5.907309322033898,13.33122140091517
2024-05-17,28.691631504922643,18.154096343178626,18.161304500703235,7.94690576652602,5.905291005291005,13.334036568213783
2024-05-18,28.694796061884666,18.156733473980314,18.148646272855135,7.943741209563995,5.8994708994708995,13.337201125175808
2024-05-19,28.694796061884666,18.156733473980314,18.148646272855135,7.943741209563995,5.8994708994708995,13.337201125175808
2024-05-20,28.694796061884666,18.156733473980314,18.148646272855135,7.943741209563995,5.8994708994708995,13.337201125175808
2024-05-21,28.69722514927994,18.154460835967686,18.143484369511768,7.940639269406393,5.896405919661734,13.340007024938531
2024-05-22,28.700070323488042,18.158843178621662,18.13677918424754,7.941104078762307,5.893650793650794,13.340365682137833
2024-05-23,28.700070323488042,18.158843178621662,18.13677918424754,7.941104078762307,5.893650793650794,13.340365682137833
2024-05-24,28.70692686357243,18.162535161744024,18.12623066104079,7.937939521800281,5.887301587301588,13.340365682137833
2024-05-25,28.708289427467506,18.159202669476645,18.12082894274675,7.934843695117668,5.884249471458774,13.344221988057605
2024-05-26,28.708289427467506,18.159202669476645,18.12082894274675,7.934843695117668,5.884249471458774,13.344221988057605
2024-05-27,28.708289427467506,18.159202669476645,18.12082894274675,7.934843695117668,5.884249471458774,13.344221988057605
2024-05-28,28.710660344221985,18.161837021426066,18.10765718299965,7.932209343168248,5.878964059196617,13.348436951176677
2024-05-29,28.712464838255976,18.166754571026726,18.1024964838256,7.931610407876231,5.876190476190477,13.349331926863572
2024-05-30,28.714875307341057,18.163417632595717,18.098173515981735,7.927467509659291,5.873150105708246,13.354232525465402
2024-05-31,28.715101969057663,18.169391701828413,18.09353023909986,7.9273909985935305,5.870899470899471,13.353023909985934
2024-06-01,28.718266526019686,18.17255625879044,18.079817158931085,7.924226441631506,5.8656084656084655,13.357243319268635
2024-06-02,28.71744104188666,18.17643435410067,18.074621612108412,7.925202393523407,5.8628177966101696,13.359204505455825
2024-06-03,28.72031360112755,18.181906272022555,18.066243833685697,7.924066243833686,5.860551431601272,13.360641296687808
2024-06-04,28.72192889827525,18.180130235832458,18.060366068285816,7.921506511791623,5.858050847457627,13.36263639563534
2024-06-05,28.72427766032417,18.18507751937985,18.05461592670895,7.920366455250177,5.8563096500530225,13.363019732205778
2024-06-06,28.72427766032417,18.18507751937985,18.05461592670895,7.920366455250177,5.8563096500530225,13.363019732205778
2024-06-07,28.72427766032417,18.18507751937985,18.05461592670895,7.920366455250177,5.8563096500530225,13.363019732205778
2024-06-08,28.727448907681463,18.188777307963356,18.04140239605356,7.916138125440451,5.85100742311771,13.364605355884425
2024-06-09,28.727448907681463,18.188777307963356,18.04140239605356,7.916138125440451,5.85100742311771,13.364605355884425
2024-06-10,28.73033509700176,18.195326278659614,18.032980599647267,7.91604938271605,5.849787685774947,13.363932980599646
2024-06-11,28.731677237491187,18.192741367159975,18.027131782945737,7.913495419309373,5.846765641569459,13.366719520789287
2024-06-12,28.735377026074698,18.19591261451727,18.016560958421426,7.9092670894996475,5.841463414634147,13.370419309372798
2024-06-13,28.73671242520239,18.19148187258008,18.012319605772618,7.906195001759944,5.841463414634147,13.373196057726153
2024-06-14,28.738019732205775,18.198555320648346,18.006518675123328,7.905038759689923,5.838110403397027,13.371476391825228
2024-06-15,28.740408306934174,18.196233720520947,17.9991200281591,7.901971136923619,5.835100742311771,13.375307990144314
2024-06-16,28.740408306934174,18.196233720520947,17.9991200281591,7.901971136923619,5.835100742311771,13.375307990144314
2024-06-17,28.742791842475384,18.192862165963433,17.991736990154713,7.898909985935303,5.8320974576271185,13.379131504922643
2024-06-18,28.745428973277072,18.194444444444446,17.97907876230661,7.896800281293952,5.827860169491525,13.383350914205344
2024-06-19,28.748328053502284,18.19992960225273,17.97324885603661,7.896163322773671,5.825026511134676,13.383227736712424
2024-06-20,28.75175808720112,18.197609001406473,17.968002812939524,7.894163150492265,5.822033898305085,13.384933192686356
2024-06-21,28.75175808720112,18.197609001406473,17.968002812939524,7.894163150492265,5.822033898305085,13.384933192686356
2024-06-22,28.75307990144315,18.204153467089057,17.962161210841256,7.892995424146427,5.8197242841993635,13.383755719816966
2024-06-23,28.75439521800281,18.200773558368496,17.95587201125176,7.8899437412095645,5.816737288135593,13.387570323488044
2024-06-24,28.75439521800281,18.200773558368496,17.95587201125176,7.8899437412095645,5.816737288135593,13.387570323488044
2024-06-25,28.7564980681419,18.1971373375483,17.9488057604496,7.886898489638216,5.813756613756614,13.391113452757288
2024-06-26,28.75940576652602,18.20209212376934,17.943477496483826,7.886251758087202,5.810911016949152,13.390998593530238
2024-06-27,28.75940576652602,18.20209212376934,17.943477496483826,7.886251758087202,5.810911016949152,13.390998593530238
2024-06-28,28.76176677204074,18.197664207938182,17.938268352651917,7.8821566561292595,5.807936507936508,13.394801545486477
2024-06-29,28.765454864769932,18.19977168949772,17.925096592904815,7.878995433789955,5.801587301587301,13.397435897435896
2024-06-30,28.764680028129394,18.204729254571028,17.918688466947962,7.879922644163151,5.799258474576271,13.398382559774964
2024-07-01,28.768372011251756,18.205784106891706,17.904975386779185,7.8783403656821385,5.794491525423729,13.402074542897328
2024-07-02,28.77072356866877,18.20240604144714,17.89769933263084,7.8763610818405345,5.794491525423729,13.404812082894274
2024-07-03,28.773118846694793,18.20631153305204,17.892317158931085,7.875703234880451,5.792152704135737,13.404711673699016
2024-07-04,28.77546540217773,18.201879171057257,17.88716192483316,7.872672989111345,5.789194915254237,13.408500175623463
2024-07-05,28.7796803652968,18.20398665261679,17.873463294696172,7.869511766772041,5.782838983050848,13.411661397962767
2024-07-06,28.7796803652968,18.20398665261679,17.873463294696172,7.869511766772041,5.782838983050848,13.411661397962767
2024-07-07,28.7796803652968,18.20398665261679,17.873463294696172,7.869511766772041,5.782838983050848,13.411661397962767
2024-07-08,28.781491228070173,18.20061403508772,17.86622807017544,7.8670175438596495,5.77989417989418,13.415964912280701
2024-07-09,28.78277252015422,18.196196985629165,17.85900806168945,7.864002804065896,5.77989417989418,13.419733613739922
2024-07-10,28.783596491228067,18.199561403508774,17.854122807017546,7.863859649122808,5.778601694915254,13.420175438596491
2024-07-11,28.783596491228067,18.199561403508774,17.854122807017546,7.863859649122808,5.778601694915254,13.420175438596491
2024-07-12,28.789385964912277,18.199561403508774,17.843070175438598,7.859649122807018,5.774364406779661,13.421754385964912
2024-07-13,28.79065895548545,18.196196985629165,17.836926042762006,7.856642131090081,5.770370370370371,13.426568524360322
2024-07-14,28.79065895548545,18.196196985629165,17.836926042762006,7.856642131090081,5.770370370370371,13.426568524360322
2024-07-15,28.792017543859647,18.20008771929825,17.830964912280702,7.858070175438597,5.7690677966101696,13.425964912280701
2024-07-16,28.794865054328774,18.196196985629165,17.82404486505433,7.855064844023835,5.766137566137566,13.429723098492813
2024-07-17,28.795701754385963,18.199035087719302,17.819649122807018,7.855438596491228,5.764830508474576,13.429649122807017
2024-07-18,28.795701754385963,18.199035087719302,17.819649122807018,7.855438596491228,5.764830508474576,13.429649122807017
2024-07-19,28.795701754385963,18.199035087719302,17.819649122807018,7.855438596491228,5.764830508474576,13.429649122807017
2024-07-20,28.798859649122804,18.20061403508772,17.808070175438598,7.8522807017543865,5.760063559322034,13.431228070175438
2024-07-21,28.798859649122804,18.20061403508772,17.808070175438598,7.8522807017543865,5.760063559322034,13.431228070175438
2024-07-22,28.80117420259376,18.197248510339996,17.80038555906064,7.849281458114266,5.757671957671958,13.434980722046967
2024-07-23,28.805380301437083,18.195145460918333,17.78776726253067,7.847178408692605,5.753439153439153,13.440238345601122
2024-07-24,28.80675438596491,18.197982456140352,17.783859649122807,7.847017543859649,5.752118644067797,13.439122807017544
2024-07-25,28.810112162635818,18.196196985629165,17.777252015422363,7.845075359270943,5.752118644067797,13.442867157378197
2024-07-26,28.81254385964912,18.201140350877196,17.772280701754386,7.8454385964912285,5.750265111346765,13.44017543859649
2024-07-27,28.81359649122807,18.201140350877196,17.760701754385966,7.843333333333334,5.744962884411453,13.44438596491228
2024-07-28,28.81359649122807,18.201140350877196,17.760701754385966,7.843333333333334,5.744962884411453,13.44438596491228
2024-07-29,28.81675438596491,18.202192982456143,17.747017543859652,7.840175438596492,5.7401908801696715,13.44859649122807
2024-07-30,28.81799859796705,18.19882579740624,17.739922888187873,7.836137399228882,5.737288135593221,13.452330879775674
2024-07-31,28.818859649122803,18.202192982456143,17.735964912280703,7.835964912280702,5.7354188759278895,13.452280701754386
2024-08-01,28.818859649122803,18.202192982456143,17.735964912280703,7.835964912280702,5.7354188759278895,13.452280701754386
2024-08-02,28.821829996487526,18.206621004566212,17.73147172462241,7.835792061819459,5.733014861995754,13.449596066034422
2024-08-03,28.82412280701754,18.20324561403509,17.723333333333336,7.8328070175438596,5.730116648992577,13.45438596491228
2024-08-04,28.82412280701754,18.20324561403509,17.723333333333336,7.8328070175438596,5.730116648992577,13.45438596491228
2024-08-05,28.82412280701754,18.20324561403509,17.723333333333336,7.8328070175438596,5.730116648992577,13.45438596491228
2024-08-06,28.827543859649122,18.205350877192984,17.706228070175438,7.831754385964913,5.725874867444326,13.457543859649123
2024-08-07,28.829469617140848,18.209255356515634,17.70170354759396,7.831577098700387,5.7239915074309975,13.456972251492799
2024-08-08,28.832807017543857,18.20587719298246,17.695701754385965,7.828596491228071,5.7239915074309975,13.459649122807017
2024-08-09,28.83754385964912,18.2090350877193,17.68622807017544,7.825438596491228,5.718683651804671,13.459649122807017
2024-08-10,28.839817735716785,18.206712232737473,17.67814581142657,7.822467577988083,5.7158006362672324,13.464423413950227
2024-08-11,28.839817735716785,18.206712232737473,17.67814581142657,7.822467577988083,5.7158006362672324,13.464423413950227
2024-08-12,28.839817735716785,18.206712232737473,17.67814581142657,7.822467577988083,5.7158006362672324,13.464423413950227
2024-08-13,28.841911764705884,18.20299369747899,17.671306022408963,7.819502801120448,5.71292372881356,13.468487394957982
2024-08-14,28.843322818086225,18.20688748685594,17.667280056081317,7.819313003855591,5.71102863202545,13.467928496319663
2024-08-15,28.846638655462186,18.20246848739496,17.66237745098039,7.815301120448179,5.708156779661017,13.470588235294118
2024-08-16,28.846638655462186,18.20246848739496,17.66237745098039,7.815301120448179,5.708156779661017,13.470588235294118
2024-08-17,28.849789915966387,18.205094537815125,17.651348039215684,7.811887254901961,5.702860169491525,13.474264705882353
2024-08-18,28.849789915966387,18.205094537815125,17.651348039215684,7.811887254901961,5.702860169491525,13.474264705882353
2024-08-19,28.85068349106204,18.210567823343847,17.644672274798456,7.812740974412899,5.700424178154825,13.473711882229232
2024-08-20,28.852678571428573,18.207457983193276,17.637429971988794,7.809786414565827,5.697563559322034,13.478466386554622
2024-08-21,28.854100946372238,18.211882229232387,17.63284262180161,7.810112162635822,5.695121951219512,13.47844374342797
2024-08-22,28.85950630252101,18.209558823529413,17.626400560224088,7.807160364145658,5.692266949152542,13.481092436974789
2024-08-23,28.85950630252101,18.209558823529413,17.626400560224088,7.807160364145658,5.692266949152542,13.481092436974789
2024-08-24,28.86265756302521,18.211659663865547,17.61537114845938,7.80453431372549,5.686970338983051,13.484243697478991
2024-08-25,28.86198738170347,18.213985278654047,17.609183315807922,7.8059060637924995,5.685577942735949,13.484752891692954
2024-08-26,28.86566771819138,18.215036803364878,17.598142306344197,7.804328776726253,5.6802757158006365,13.489484752891693
2024-08-27,28.867770767613038,18.21608832807571,17.584472485103397,7.803277252015422,5.674973488865324,13.493690851735016
2024-08-28,28.868684210526315,18.22,17.580877192982456,7.80359649122807,5.671974522292993,13.49421052631579
2024-08-29,28.868684210526315,18.22,17.580877192982456,7.80359649122807,5.671974522292993,13.49421052631579
2024-08-30,28.868684210526315,18.22,17.580877192982456,7.80359649122807,5.671974522292993,13.49421052631579
2024-08-31,28.872894736842106,18.222631578947368,17.56877192982456,7.799912280701755,5.665605095541402,13.49842105263158
2024-09-01,28.872894736842106,18.222631578947368,17.56877192982456,7.799912280701755,5.665605095541402,13.49842105263158
2024-09-02,28.875657202944268,18.2192429022082,17.561338941465124,7.796442341395023,5.662248144220572,13.504206098843323
2024-09-03,28.878939075630253,18.214810924369747,17.554446778711483,7.793504901960785,5.659427966101695,13.507878151260504
2024-09-04,28.878811777076763,18.218717139852785,17.551875219067647,7.793287767262531,5.656415694591728,13.50788643533123
2024-09-05,28.88314075630252,18.215336134453782,17.54499299719888,7.789303221288516,5.653601694915254,13.51155462184874
2024-09-06,28.886411332633788,18.21196222455404,17.538649877579573,7.785327037425674,5.651322751322751,13.515215110178383
2024-09-07,28.891657922350472,18.213536201469044,17.525008744316192,7.781654424623995,5.644973544973545,13.518887722980063
2024-09-08,28.891657922350472,18.213536201469044,17.525008744316192,7.781654424623995,5.644973544973545,13.518887722980063
2024-09-09,28.891657922350472,18.213536201469044,17.525008744316192,7.781654424623995,5.644973544973545,13.518887722980063
2024-09-10,28.895702306079663,18.209119496855347,17.51764500349406,7.777166317260657,5.641913319238901,13.523846960167715
2024-09-11,28.89716684155299,18.213011542497377,17.51608954179783,7.77640783490731,5.637830687830688,13.523347324239245
2024-09-12,28.89716684155299,18.213011542497377,17.51608954179783,7.77640783490731,5.637830687830688,13.523347324239245
2024-09-13,28.90073529411765,18.21796218487395,17.512429971988794,7.776172969187676,5.633209745762712,13.520745798319327
2024-09-14,28.905036726128017,18.213536201469044,17.504547044421123,7.772210563133963,5.6304232804232806,13.526495278069255
2024-09-15,28.905036726128017,18.213536201469044,17.504547044421123,7.772210563133963,5.6304232804232806,13.526495278069255
2024-09-16,28.912381951731376,18.213536201469044,17.491955229101084,7.768537950332284,5.623544973544973,13.532266526757608
2024-09-17,28.918153200419727,18.214060860440714,17.48041273172438,7.7653899965022735,5.6156084656084655,13.535939139559286
2024-09-18,28.92121848739496,18.21796218487395,17.478291316526608,7.763567927170869,5.610963983050848,13.535976890756302
2024-09-19,28.92812172088143,18.21563483735572,17.470444211262677,7.759618747813922,5.610963983050848,13.539611752360965
2024-09-20,28.92812172088143,18.21563483735572,17.470444211262677,7.759618747813922,5.610963983050848,13.539611752360965
2024-09-21,28.934942287513117,18.21511017838405,17.459426372857642,7.755421476040574,5.60301906779661,13.54485834207765
2024-09-22,28.934942287513117,18.21511017838405,17.459426372857642,7.755421476040574,5.60301906779661,13.54485834207765
2024-09-23,28.942287513116476,18.21563483735572,17.446309898565932,7.751748863238895,5.596133474576271,13.551154249737671
2024-09-24,28.945492662473793,18.212264150943398,17.439552760307475,7.747816212438854,5.596133474576271,13.554769392033544
2024-09-25,28.948058761804827,18.21458551941238,17.438440013990906,7.747026932493879,5.591463414634147,13.554826862539349
2024-09-26,28.948058761804827,18.21458551941238,17.438440013990906,7.747026932493879,5.591463414634147,13.554826862539349
2024-09-27,28.95435466946485,18.21511017838405,17.428996152500872,7.742305001748863,5.585100742311771,13.556925498426024
2024-09-28,28.95697796432319,18.216159496327386,17.417978314095837,7.738632388947185,5.579798515376458,13.561647429171039
2024-09-29,28.95697796432319,18.216159496327386,17.417978314095837,7.738632388947185,5.579798515376458,13.561647429171039
2024-09-30,28.95964360587002,18.21278825995807,17.411250873515023,7.734713487071978,5.576536016949152,13.567348008385745
2024-10-01,28.96178010471204,18.21151832460733,17.40349040139616,7.730802792321117,5.5738095238095235,13.570942408376963
2024-10-02,28.96383647798742,18.215408805031448,17.400244584206845,7.729472396925227,5.570180084745763,13.571540880503145
2024-10-03,28.96383647798742,18.215408805031448,17.400244584206845,7.729472396925227,5.570180084745763,13.571540880503145
2024-10-04,28.965968586387433,18.213089005235602,17.3935427574171,7.725567190226877,5.567460317460317,13.575130890052357
2024-10-05,28.97068062827225,18.214659685863875,17.38202443280977,7.72085514834206,5.560582010582011,13.581413612565445
2024-10-06,28.97068062827225,18.214659685863875,17.38202443280977,7.72085514834206,5.560582010582011,13.581413612565445
2024-10-07,28.973326359832637,18.21234309623431,17.374825662482564,7.716963040446305,5.557346723044398,13.588127615062762
2024-10-08,28.977510460251047,18.21652719665272,17.362273361227334,7.712778940027894,5.549947145877378,13.591265690376568
2024-10-09,28.979057591623036,18.22041884816754,17.35846422338569,7.712478184991275,5.546825396825397,13.591361256544502
2024-10-10,28.981171548117153,18.218096234309623,17.353905160390514,7.707548814504881,5.5441331923890065,13.594926778242678
2024-10-11,28.983769633507855,18.22303664921466,17.349563699825477,7.70671902268761,5.54047619047619,13.593455497382198
2024-10-12,28.987958115183247,18.225130890052355,17.339092495636997,7.701483420593369,5.535185185185185,13.597643979057592
2024-10-13,28.987958115183247,18.225130890052355,17.339092495636997,7.701483420593369,5.535185185185185,13.597643979057592
2024-10-14,28.994764397905758,18.2282722513089,17.32547993019197,7.696247818499128,5.53042328042328,13.601308900523561
2024-10-15,28.996861924686193,18.225941422594143,17.317817294281728,7.692381450488146,5.527748414376322,13.604864016736402
2024-10-16,28.997905759162304,18.23089005235602,17.31396160558464,7.691012216404887,5.525132275132275,13.604973821989528
2024-10-17,28.997905759162304,18.23089005235602,17.31396160558464,7.691012216404887,5.525132275132275,13.604973821989528
2024-10-18,29.00366492146597,18.232460732984293,17.303752181500872,7.686038394415358,5.520370370370371,13.607068062827224
2024-10-19,29.005753138075313,18.230125523012553,17.296112273361228,7.6821827057182706,5.517706131078224,13.61270920502092
2024-10-20,29.005753138075313,18.230125523012553,17.296112273361228,7.6821827057182706,5.517706131078224,13.61270920502092
2024-10-21,29.009414225941423,18.23274058577406,17.284605997210598,7.677998605299861,5.511892177589852,13.61689330543933
2024-10-22,29.013598326359833,18.235878661087867,17.272053695955368,7.672768479776848,5.505549682875264,13.620031380753138
2024-10-23,29.014659685863876,18.240314136125654,17.268150087260032,7.671902268760908,5.5018518518518515,13.620680628272252
2024-10-24,29.014659685863876,18.240314136125654,17.268150087260032,7.671902268760908,5.5018518518518515,13.620680628272252
2024-10-25,29.0167714884696,18.2458071278826,17.26423829489867,7.671034241788959,5.497616525423729,13.619234800838575
2024-10-26,29.017801047120418,18.24240837696335,17.257678883071552,7.667190226876091,5.494973544973545,13.624869109947644
2024-10-27,29.017801047120418,18.24240837696335,17.257678883071552,7.667190226876091,5.494973544973545,13.624869109947644
2024-10-28,29.02041884816754,18.24240837696335,17.247207678883072,7.664048865619547,5.488624338624339,13.629057591623036
2024-10-29,29.023535564853557,18.240062761506277,17.238580892608088,7.660216178521618,5.4859936575052854,13.632583682008368
2024-10-30,29.025130890052356,18.244502617801047,17.234642233856892,7.65933682373473,5.482804232804233,13.632722513089005
2024-10-31,29.030334728033473,18.24215481171548,17.228120641562064,7.655509065550907,5.482804232804233,13.636244769874477
2024-11-01,29.033437826541274,18.239811912225704,17.221612678509228,7.650644374782306,5.480179704016913,13.639759665621735
2024-11-02,29.037617554858933,18.24294670846395,17.210118425635667,7.6443747823058175,5.475951374207188,13.64289446185998
2024-11-03,29.037617554858933,18.24294670846395,17.210118425635667,7.6443747823058175,5.475951374207188,13.64289446185998
2024-11-04,29.037617554858933,18.24294670846395,17.210118425635667,7.6443747823058175,5.475951374207188,13.64289446185998
2024-11-05,29.04123173277662,18.24034446764092,17.202853166318718,7.640309672929715,5.473600844772967,13.646398747390396
2024-11-06,29.04123173277662,18.24034446764092,17.202853166318718,7.640309672929715,5.473600844772967,13.646398747390396
2024-11-07,29.045359749739312,18.238529718456725,17.196906499826206,7.636513729579423,5.470991561181434,13.650417101147028
2024-11-08,29.049479166666668,18.236197916666665,17.191493055555554,7.631684027777778,5.469441517386723,13.654947916666666
2024-11-09,29.0525494276795,18.23283038501561,17.184009712105443,7.627904960110996,5.467894736842105,13.6605098855359
2024-11-10,29.0525494276795,18.23283038501561,17.184009712105443,7.627904960110996,5.467894736842105,13.6605098855359
2024-11-11,29.056133056133056,18.229989604989605,17.178101178101176,7.62517325017325,5.465825446898002,13.666580041580042
2024-11-12,29.06133056133056,18.23310810810811,17.167706167706168,7.619975744975745,5.460567823343848,13.669698544698544
2024-11-13,29.06133056133056,18.23310810810811,17.167706167706168,7.619975744975745,5.460567823343848,13.669698544698544
2024-11-14,29.06133056133056,18.23310810810811,17.167706167706168,7.619975744975745,5.460567823343848,13.669698544698544
2024-11-15,29.06139438085328,18.238553590010405,17.16319805757891,7.618539715574055,5.457368421052632,13.669354838709678
2024-11-16,29.064449064449065,18.236226611226613,17.155751905751906,7.61477823977824,5.455835962145111,13.67489604989605
2024-11-17,29.064449064449065,18.236226611226613,17.155751905751906,7.61477823977824,5.455835962145111,13.67489604989605
2024-11-18,29.06964656964657,18.239345114345113,17.143277893277894,7.610100485100485,5.451104100946372,13.680093555093555
2024-11-19,29.07372793354102,18.235981308411215,17.136898580823814,7.606351678781586,5.449579831932773,13.684579439252337
2024-11-20,29.075363825363826,18.241424116424117,17.132363132363132,7.60490297990298,5.446372239747634,13.68477130977131
2024-11-21,29.07943925233645,18.237019730010385,17.129110418830045,7.60115957078574,5.443802521008403,13.690290758047768
2024-11-22,29.085062240663902,18.234180497925312,17.122752420470263,7.596905255878285,5.442287513116474,13.694242738589212
2024-11-23,29.0902489626556,18.23573651452282,17.11237897648686,7.592237206085754,5.43704092339979,13.698392116182573
2024-11-24,29.0902489626556,18.23573651452282,17.11237897648686,7.592237206085754,5.43704092339979,13.698392116182573
2024-11-25,29.095954356846473,18.23677385892116,17.099930843706776,7.5896438450899035,5.431269674711437,13.704097510373444
2024-11-26,29.09896373056995,18.23341968911917,17.094645941278063,7.5859240069084635,5.429769392033543,13.708549222797927
2024-11-27,29.101141078838175,18.237811203319502,17.090076071922542,7.584975795297372,5.426023084994753,13.708765560165975
2024-11-28,29.101141078838175,18.237811203319502,17.090076071922542,7.584975795297372,5.426023084994753,13.708765560165975
2024-11-29,29.104145077720208,18.234455958549223,17.085837651122624,7.58126079447323,5.423480083857442,13.71321243523316
2024-11-30,29.10880829015544,18.236528497409328,17.07754749568221,7.577633851468049,5.416666666666667,13.716321243523316
2024-12-01,29.10880829015544,18.236528497409328,17.07754749568221,7.577633851468049,5.416666666666667,13.716321243523316
2024-12-02,29.114507772020726,18.23860103626943,17.06614853195164,7.574006908462867,5.411949685534591,13.720984455958549
2024-12-03,29.118530020703933,18.235766045548655,17.061421670117323,7.569789510006902,5.4099476439790575,13.724896480331262
2024-12-04,29.120725388601038,18.24119170984456,17.05630397236615,7.568307426597582,5.40566037735849,13.725129533678757
2024-12-05,29.123706004140786,18.238871635610767,17.053140096618357,7.5646135265700485,5.403141361256544,13.729554865424431
2024-12-06,29.12991718426501,18.239906832298136,17.046411318150447,7.559437543133195,5.397382198952879,13.731625258799172
2024-12-07,29.132885211995863,18.2375904860393,17.041192692175112,7.555756635642882,5.39592050209205,13.7370734229576
2024-12-08,29.133540372670808,18.241977225672876,17.034506556245685,7.555296756383713,5.393193717277487,13.737836438923395
2024-12-09,29.13598759048604,18.24069286452947,17.028783178214407,7.55213719407101,5.3906903765690375,13.74379524301965
2024-12-10,29.137913223140497,18.239411157024794,17.02462121212121,7.548467630853994,5.388192267502612,13.74819214876033
2024-12-11,29.13960703205791,18.244312306101346,17.01947604274388,7.5474836263357465,5.3844142259414225,13.749482936918303
2024-12-12,29.13960703205791,18.244312306101346,17.01947604274388,7.5474836263357465,5.3844142259414225,13.749482936918303
2024-12-13,29.1407867494824,18.249741200828158,17.01432022084196,7.545979986197378,5.381675392670157,13.749223602484472
2024-12-14,29.142709410548086,18.248448810754912,17.00810065494657,7.543347121682179,5.37918410041841,13.755687693898656
2024-12-15,29.142709410548086,18.248448810754912,17.00810065494657,7.543347121682179,5.37918410041841,13.755687693898656
2024-12-16,29.14736297828335,18.251034126163393,16.997242330230954,7.540244743192003,5.372384937238493,13.761375387797312
2024-12-17,29.150465356773527,18.254136504653566,16.987935194760425,7.53817649086522,5.365062761506276,13.766546018614271
2024-12-18,29.151656314699792,18.258540372670808,16.981711525189784,7.537698412698413,5.361256544502618,13.770445134575569
2024-12-19,29.156832298136646,18.257505175983436,16.975500345065562,7.53252242926156,5.354973821989529,13.774585921325052
2024-12-20,29.160461909686312,18.25517063081696,16.971733884867287,7.528524646673562,5.3530334728033475,13.779300241296106
2024-12-21,29.165115477421576,18.25879007238883,16.96139262323337,7.5254222681833856,5.34571129707113,13.785504998276457
2024-12-22,29.165115477421576,18.25879007238883,16.96139262323337,7.5254222681833856,5.34571129707113,13.785504998276457
2024-12-23,29.170286108238535,18.25879007238883,16.951826956221993,7.52231988969321,5.339958158995816,13.790934160634265
2024-12-24,29.170286108238535,18.25879007238883,16.951826956221993,7.52231988969321,5.339958158995816,13.790934160634265
2024-12-25,29.172015182884746,18.26268115942029,16.9466011042098,7.523895790200139,5.335078534031414,13.791752933057282
2024-12-26,29.172015182884746,18.26268115942029,16.9466011042098,7.523895790200139,5.335078534031414,13.791752933057282
2024-12-27,29.172015182884746,18.26268115942029,16.9466011042098,7.523895790200139,5.335078534031414,13.791752933057282
2024-12-28,29.176673567977915,18.265269151138718,16.937801932367147,7.520272601794342,5.328272251308901,13.796928916494135
2024-12-29,29.178411053540586,18.269170984455958,16.931519861830743,7.519775474956822,5.323899371069182,13.797754749568222
2024-12-30,29.18029675638371,18.267339544513458,16.926414768806072,7.515614216701174,5.322513089005236,13.804692891649413
2024-12-31,29.18029675638371,18.267339544513458,16.926414768806072,7.515614216701174,5.322513089005236,13.804692891649413
2025-01-01,29.182556131260792,18.271243523316063,16.921157167530225,7.516148531951641,5.317610062893082,13.806563039723661
2025-01-02,29.182556131260792,18.271243523316063,16.921157167530225,7.516148531951641,5.317610062893082,13.806563039723661
2025-01-03,29.186507936507933,18.268892339544514,16.917097998619738,7.512508626639062,5.315183246073299,13.810904071773638
2025-01-04,29.191166321601102,18.27044513457557,16.9077812284334,7.50940303657695,5.307329842931937,13.818150448585232
2025-01-05,29.191166321601102,18.27044513457557,16.9077812284334,7.50940303657695,5.307329842931937,13.818150448585232
2025-01-06,29.19303688383316,18.267580144777664,16.904257152705963,7.505773871078939,5.304916317991632,13.82609445018959
2025-01-07,29.195936639118454,18.266270661157026,16.89919077134986,7.50111914600551,5.302507836990595,13.831439393939394
2025-01-08,29.198207514650118,18.268614270941054,16.891847638745258,7.503705618752155,5.297594142259414,13.835401585660119
2025-01-09,29.20441227163047,18.267580144777664,16.883574629438126,7.5016373664253715,5.291317991631799,13.84160634264047
2025-01-10,29.20523415977961,18.263171487603305,16.88162878787879,7.498019972451791,5.289968652037618,13.849001377410469
2025-01-11,29.20884986225895,18.263171487603305,16.87129820936639,7.495953856749312,5.282654127481714,13.857782369146006
2025-01-12,29.20884986225895,18.263171487603305,16.87129820936639,7.495953856749312,5.282654127481714,13.857782369146006
2025-01-13,29.21298209366391,18.262138429752067,16.860967630853995,7.493887741046833,5.276907001044932,13.868112947658403
2025-01-14,29.218147382920108,18.262138429752067,16.850637052341597,7.491821625344353,5.271682340647858,13.87431129476584
2025-01-15,29.221475353326436,18.265511892450878,16.84324370906584,7.493364357118236,5.26673640167364,13.877283695277491
2025-01-16,29.226880607315387,18.266821946169774,16.837905452035887,7.493875086266391,5.26282722513089,13.877156659765356
2025-01-17,29.22970639032815,18.269689119170984,16.832556131260795,7.4949050086355795,5.2583857442348005,13.877029360967185
2025-01-18,29.229468599033815,18.267339544513458,16.82858868184955,7.492322291235335,5.2570680628272255,13.88440303657695
2025-01-19,29.229468599033815,18.267339544513458,16.82858868184955,7.492322291235335,5.2570680628272255,13.88440303657695
2025-01-20,29.229231299551877,18.264994829369183,16.824629438124784,7.489744915546364,5.255753138075314,13.892278524646674
2025-01-21,29.231060606060602,18.262654958677686,16.820678374655646,7.486139807162535,5.253396029258099,13.897555096418733
2025-01-22,29.232850741123748,18.265511892450878,16.815839365735954,7.487159600137884,5.249476987447698,13.899000344708721
2025-01-23,29.23777548209366,18.264204545454547,16.81241391184573,7.483557162534436,5.249476987447698,13.905303030303031
2025-01-24,29.23932506887052,18.264721074380166,16.803116391184574,7.480974517906336,5.2447698744769875,13.913567493112948
2025-01-25,29.240110079119365,18.262383900928793,16.798159614723083,7.477382180942553,5.243469174503657,13.920880632954937
2025-01-26,29.240110079119365,18.262383900928793,16.798159614723083,7.477382180942553,5.243469174503657,13.920880632954937
2025-01-27,29.240110079119365,18.263931888544892,16.787323701410386,7.474802201582388,5.23876698014629,13.93326453388373
2025-01-28,29.240893470790375,18.26159793814433,16.784450171821305,7.471219931271478,5.237473903966597,13.939518900343643
2025-01-29,29.240110079119365,18.264447884416924,16.78061575507396,7.471706226350189,5.233542319749216,13.942552459580323
2025-01-30,29.24020618556701,18.26176975945017,16.77774914089347,7.468127147766324,5.2329505915100905,13.949828178694158
2025-01-31,29.236597938144328,18.26176975945017,16.77156357388316,7.465549828178695,5.22981906750174,13.95807560137457
2025-02-01,29.237384140061792,18.26047030552695,16.766649502231378,7.461980775832476,5.22853667014251,13.966357706831445
2025-02-02,29.23762886597938,18.262285223367698,16.760223367697595,7.46245704467354,5.225643702157273,13.968900343642613
2025-02-03,29.231443298969072,18.262285223367698,16.75609965635739,7.460910652920963,5.222512178148921,13.982302405498283
2025-02-04,29.226288659793813,18.26331615120275,16.748883161512026,7.45884879725086,5.219380654140571,13.992611683848798
2025-02-05,29.221362229102166,18.264619883040936,16.747592019263845,7.460354317165463,5.2159526297457335,13.99673202614379
2025-02-06,29.22319587628866,18.26125429553265,16.74475945017182,7.456786941580757,5.215727209464162,14.003951890034365
2025-02-07,29.22399588053553,18.25789564023344,16.742447648472364,7.453226913834535,5.216023635731665,14.01064194987985
2025-02-08,29.217816683831103,18.25892550635084,16.736268451767938,7.450652248541024,5.213416753562739,14.019910744936492
2025-02-09,29.217816683831103,18.25892550635084,16.736268451767938,7.450652248541024,5.213416753562739,14.019910744936492
2025-02-10,29.21369721936148,18.25841057329214,16.726999656711293,7.449622382423619,5.212374000695169,14.032269138345349
2025-02-11,29.213477366255145,18.256087105624143,16.724194101508914,7.446073388203018,5.2131944444444445,14.03840877914952
2025-02-12,29.207518022657055,18.256865774116033,16.723910058359078,7.447562650188809,5.209767118526243,14.042567799519396
2025-02-13,29.21039094650206,18.253000685871058,16.72059327846365,7.444530178326476,5.210590277777778,14.049211248285323
2025-02-14,29.20216049382716,18.253000685871058,16.7164780521262,7.442986968449932,5.210590277777778,14.059499314128944
2025-02-15,29.202980472764647,18.249657416923604,16.712658444672833,7.439448441247003,5.211411723898717,14.066632408359027
2025-02-16,29.203798767967147,18.24734770704997,16.70884668035592,7.436943874058865,5.213270963270964,14.072724161533197
2025-02-17,29.19866529774127,18.24529431895962,16.701659822039698,7.436430527036277,5.212751212751213,14.085044490075292
2025-02-18,29.19948717948718,18.242991452991454,16.697863247863246,7.433931623931625,5.214607130494981,14.091111111111111
2025-02-19,29.19333333333333,18.24094017094017,16.694786324786325,7.432393162393163,5.212011076497058,14.101367521367521
2025-02-20,29.19313524590164,18.238131830601095,16.691512978142075,7.4291325136612025,5.214384508990318,14.108435792349727
2025-02-21,29.194472876151483,18.23456158307745,16.687222790856364,7.4263903104742415,5.217012089810018,14.114977823268509
2025-02-22,29.186284544524053,18.23353804162402,16.683640395769363,7.423831456840669,5.217012089810018,14.125725008529512
2025-02-23,29.186284544524053,18.23353804162402,16.683640395769363,7.423831456840669,5.217012089810018,14.125725008529512
2025-02-24,29.177254098360656,18.234801912568308,16.68126707650273,7.426314890710383,5.215162517289073,14.130976775956285
2025-02-25,29.177254098360656,18.234801912568308,16.68126707650273,7.426314890710383,5.215162517289073,14.130976775956285
2025-02-26,29.168205128205127,18.236068376068378,16.68247863247863,7.427777777777778,5.21227068189685,14.135726495726496
2025-02-27,29.168205128205127,18.236068376068378,16.68247863247863,7.427777777777778,5.21227068189685,14.135726495726496
2025-02-28,29.168205128205127,18.236068376068378,16.68247863247863,7.427777777777778,5.21227068189685,14.135726495726496
2025-03-01,29.158624229979466,18.239390828199863,16.683179329226558,7.428216974674881,5.209892584892585,14.139459274469543
2025-03-02,29.15948717948718,18.236068376068378,16.677350427350426,7.4247008547008555,5.213828314295604,14.147521367521367
2025-03-03,29.15948717948718,18.236068376068378,16.677350427350426,7.4247008547008555,5.213828314295604,14.147521367521367
2025-03-04,29.149487179487178,18.235299145299148,16.66965811965812,7.422393162393163,5.217722395292489,14.160854700854701
2025-03-05,29.13988706365503,18.23759411362081,16.67137234770705,7.423853524982889,5.214310464310465,14.165126625598905
2025-03-06,29.13974358974359,18.235299145299148,16.666581196581195,7.41931623931624,5.218241606092073,14.172136752136753
2025-03-07,29.129487179487178,18.234273504273506,16.663504273504273,7.417264957264958,5.220318449290413,14.183418803418805
2025-03-08,29.120379876796715,18.237080766598222,16.664185489390828,7.417693360711842,5.218468468468469,14.187200547570159
2025-03-09,29.119230769230768,18.234786324786327,16.658376068376068,7.414188034188035,5.22343371408792,14.194188034188034
2025-03-10,29.11859631147541,18.233008879781423,16.6520662568306,7.410177595628416,5.228907330567082,14.202185792349727
2025-03-11,29.117451381780963,18.229699761173663,16.646281132719206,7.4066871374957355,5.234887737478411,14.210167178437395
2025-03-12,29.10886270491803,18.231984289617486,16.64848019125683,7.408128415300547,5.231500691562933,14.213456284153006
2025-03-13,29.10886270491803,18.231984289617486,16.64848019125683,7.408128415300547,5.231500691562933,14.213456284153006
2025-03-14,29.10025641025641,18.235299145299148,16.648119658119658,7.409572649572651,5.229145032883351,14.216752136752138
2025-03-15,29.099129098360656,18.233008879781423,16.642332650273225,7.405054644808744,5.234094052558783,14.224726775956285
2025-03-16,29.099129098360656,18.233008879781423,16.642332650273225,7.405054644808744,5.234094052558783,14.224726775956285
2025-03-17,29.088883196721312,18.232496584699454,16.635160519125684,7.403005464480875,5.236687413554634,14.238046448087433
2025-03-18,29.086745138178095,18.228164448993518,16.63041624019106,7.399522347321734,5.2426597582038,14.247014670760834
2025-03-19,29.0765881147541,18.230447404371585,16.632599043715846,7.401468579234973,5.240318118948824,14.250341530054646
2025-03-20,29.0765881147541,18.230447404371585,16.632599043715846,7.401468579234973,5.240318118948824,14.250341530054646
2025-03-21,29.07446264073695,18.227652678266804,16.627857386557487,7.397475264414876,5.2452504317789295,14.258785397475265
2025-03-22,29.065829918032787,18.231984289617486,16.627988387978142,7.39839480874317,5.242911479944675,14.262124316939891
2025-03-23,29.065829918032787,18.231984289617486,16.627988387978142,7.39839480874317,5.242911479944675,14.262124316939891
2025-03-24,29.05455942622951,18.23147199453552,16.621840846994534,7.395833333333334,5.246542185338866,14.275956284153006
2025-03-25,29.042264344262296,18.23147199453552,16.61569330601093,7.394808743169399,5.248616874135546,14.289275956284154
2025-03-26,29.03205128205128,18.234273504273506,16.617350427350427,7.396239316239317,5.24575977847006,14.293675213675215
2025-03-27,29.032530737704917,18.231984289617486,16.612107240437158,7.391734972677596,5.250691562932227,14.300546448087433
2025-03-28,29.022284836065573,18.233008879781423,16.606984289617486,7.388661202185793,5.253284923928078,14.312329234972678
2025-03-29,29.019191402251792,18.23072330262709,16.602268850221765,7.384169225520301,5.258203799654577,14.321221426134425
2025-03-30,29.019191402251792,18.23072330262709,16.602268850221765,7.384169225520301,5.258203799654577,14.321221426134425
2025-03-31,29.01661554192229,18.227931152010907,16.597563053851395,7.380197682344922,5.263630089717046,14.330606680299933
2025-04-01,29.003323108384457,18.227419904567146,16.590405589638717,7.378663940013634,5.266735679779158,14.345944103612815
2025-04-02,28.993091095189357,18.230211531900377,16.591521664960762,7.380075059706585,5.2639032815198625,14.350904128283863
2025-04-03,28.990030674846626,18.227931152010907,16.585804362644854,7.376618950238583,5.2688060731538995,14.360770279481937
2025-04-04,28.98183213920164,18.231235073353805,16.58435687478676,7.378027976799728,5.265975820379966,14.365745479358582
2025-04-05,28.976738241308794,18.228953646898432,16.578646898432172,7.374573960463532,5.271911663216011,14.375596455351058
2025-04-06,28.976738241308794,18.228953646898432,16.578646898432172,7.374573960463532,5.271911663216011,14.375596455351058
2025-04-07,28.972931562819202,18.22616615594144,16.572693224378618,7.3711270003404845,5.277059634608756,14.386193394620362
2025-04-08,28.958631256384066,18.22616615594144,16.56554307116105,7.370105549880831,5.27912788693554,14.401515151515152
2025-04-09,28.947341513292432,18.228953646898432,16.566632583503747,7.3709952283571925,5.276828847481021,14.407038173142467
2025-04-10,28.947341513292432,18.228953646898432,16.566632583503747,7.3709952283571925,5.276828847481021,14.407038173142467
2025-04-11,28.944330949948927,18.225655430711612,16.561967994552262,7.3675519237317,5.28171320234402,14.416836908409943
2025-04-12,28.930541368743615,18.22769833163092,16.554817841334696,7.364998297582568,5.2837814546708035,14.43113721484508
2025-04-13,28.930541368743615,18.22769833163092,16.554817841334696,7.364998297582568,5.2837814546708035,14.43113721484508
2025-04-14,28.917773237997956,18.228719782090568,16.546646237657473,7.362444671433436,5.285849706997587,14.446969696969697
2025-04-15,28.913775510204083,18.22542517006803,16.542006802721087,7.357993197278912,5.290719696969697,14.45671768707483
2025-04-16,28.90347293156282,18.228209056860745,16.54307116104869,7.358869594824651,5.287917959324371,14.463312904324141
2025-04-17,28.90347293156282,18.228209056860745,16.54307116104869,7.358869594824651,5.287917959324371,14.463312904324141
2025-04-18,28.90347293156282,18.228209056860745,16.54307116104869,7.358869594824651,5.287917959324371,14.463312904324141
2025-04-19,28.891215526046988,18.230251957780048,16.536942458290774,7.355805243445693,5.289469148569459,14.477357848144365
2025-04-20,28.891215526046988,18.230251957780048,16.536942458290774,7.355805243445693,5.289469148569459,14.477357848144365
2025-04-21,28.891215526046988,18.230251957780048,16.536942458290774,7.355805243445693,5.289469148569459,14.477357848144365
2025-04-22,28.87691521961185,18.230251957780048,16.527749404153898,7.355549880830781,5.292054463977939,14.494211780728635
2025-04-23,28.86605316973415,18.23406612133606,16.527266530334014,7.3564246762099526,5.2897688060731545,14.500340831629176
2025-04-24,28.86605316973415,18.23406612133606,16.527266530334014,7.3564246762099526,5.2897688060731545,14.500340831629176
2025-04-25,28.85327198364008,18.234577368779824,16.521642808452622,7.352845944103613,5.29132160110421,14.51567825494206
2025-04-26,28.85327198364008,18.234577368779824,16.521642808452622,7.352845944103613,5.29132160110421,14.51567825494206
2025-04-27,28.85327198364008,18.234577368779824,16.521642808452622,7.352845944103613,5.29132160110421,14.51567825494206
2025-04-28,28.8379345603272,18.23406612133606,16.513974096796183,7.351312201772325,5.294427191166322,14.531526925698705
2025-04-29,28.832992849846782,18.22974123255022,16.50936329588015,7.346867551923732,5.299293347121682,14.543241402791965
2025-04-30,28.823108384458077,18.2335548738923,16.50835037491479,7.348244717109749,5.296497584541063,14.548398091342877
2025-05-01,28.823108384458077,18.2335548738923,16.50835037491479,7.348244717109749,5.296497584541063,14.548398091342877
2025-05-02,28.813394683026583,18.2335548738923,16.50068166325835,7.346199727334697,5.298050379572119,14.56169052488071
2025-05-03,28.80949948927477,18.2312734082397,16.496084439904664,7.342781750085122,5.302912788693554,14.571331290432415
2025-05-04,28.80949948927477,18.2312734082397,16.496084439904664,7.342781750085122,5.302912788693554,14.571331290432415
2025-05-05,28.796986721144023,18.230762683009875,16.487402110997618,7.3412495743956425,5.30601516718373,14.586397684712292
2025-05-06,28.785531697341515,18.23406612133606,16.484832992501705,7.343643490115883,5.304261559696343,14.592109747784596
2025-05-07,28.774795501022496,18.235088616223585,16.478186775732787,7.341598500340832,5.3063319530710835,14.605402181322427
2025-05-08,28.774795501022496,18.235088616223585,16.478186775732787,7.341598500340832,5.3063319530710835,14.605402181322427
2025-05-09,28.774795501022496,18.235088616223585,16.478186775732787,7.341598500340832,5.3063319530710835,14.605402181322427
2025-05-10,28.76303680981595,18.235088616223585,16.472051806407634,7.338531015678256,5.308402346445825,14.619205862304023
2025-05-11,28.76303680981595,18.235088616223585,16.472051806407634,7.338531015678256,5.308402346445825,14.619205862304023
2025-05-12,28.750766871165645,18.235088616223585,16.462849352419905,7.3369972733469675,5.311507936507937,14.634032038173142
2025-05-13,28.74693564862104,18.231784133469528,16.45726932243786,7.332567245488595,5.31635642881765,14.644620360912496
2025-05-14,28.737985685071575,18.235088616223585,16.455180640763462,7.334441036128153,5.313578329882678,14.649369461486026
2025-05-15,28.737985685071575,18.235088616223585,16.455180640763462,7.334441036128153,5.313578329882678,14.649369461486026
2025-05-16,28.735188968335034,18.23280558392918,16.449608443990467,7.3300136193394625,5.318424681144434,14.659942117807287
2025-05-17,28.72776073619632,18.23611111111111,16.44904567143831,7.330351056578051,5.31564872325742,14.663684389911385
2025-05-18,28.72776073619632,18.23611111111111,16.44904567143831,7.330351056578051,5.31564872325742,14.663684389911385
2025-05-19,28.72497446373851,18.232550221314266,16.443990466462377,7.326693905345591,5.320492933471217,14.672965611167859
2025-05-20,28.711695607763023,18.232550221314266,16.4347974123255,7.325672454885939,5.324629438124785,14.68828736806265
2025-05-21,28.69943820224719,18.23357167177392,16.428668709567585,7.3226081035069805,5.328765942778353,14.701566224038135
2025-05-22,28.689928425357873,18.236877982276756,16.428084526244035,7.323960463531017,5.326000690131125,14.705351056578051
2025-05-23,28.687180796731358,18.234593122233573,16.423561457269322,7.320565202587675,5.330834195105137,14.713823629553968
2025-05-24,28.67747701736466,18.23663602315288,16.417943479741233,7.316990125978891,5.332385384350224,14.726336397684713
2025-05-25,28.67747701736466,18.23663602315288,16.417943479741233,7.316990125978891,5.332385384350224,14.726336397684713
2025-05-26,28.674744897959183,18.2343537414966,16.412414965986393,7.313095238095238,5.337207300275482,14.736309523809524
2025-05-27,28.672018348623855,18.231056744818215,16.406897723411483,7.30971797485559,5.343051255589955,14.745752633367314
2025-05-28,28.6625,18.2343537414966,16.40578231292517,7.311054421768708,5.340306473829202,14.751105442176872
2025-05-29,28.6625,18.2343537414966,16.40578231292517,7.311054421768708,5.340306473829202,14.751105442176872
2025-05-30,28.6625,18.2343537414966,16.40578231292517,7.311054421768708,5.340306473829202,14.751105442176872
2025-05-31,28.651785714285715,18.235374149659865,16.399659863945576,7.307482993197279,5.34392217630854,14.765391156462586
2025-06-01,28.642236976506638,18.238168198842356,16.395982294858698,7.309329247531496,5.341692519820752,14.771280217909432
2025-06-02,28.631511746680285,18.240211099761662,16.386278515492,7.308307797071842,5.345311961392624,14.785069799114744
2025-06-03,28.62984693877551,18.236904761904764,16.381802721088434,7.303911564625851,5.3511535812672175,14.793452380952381
2025-06-04,28.620663265306124,18.237925170068028,16.37568027210884,7.30187074829932,5.352186639118457,14.807738095238095
2025-06-05,28.612104187946883,18.241232550221316,16.374021109976166,7.3032005447735795,5.349448466046192,14.811627511065714
2025-06-06,28.600868232890704,18.24225400068097,16.366870956758596,7.300136193394621,5.354619096863151,14.8249063670412
2025-06-07,28.591164453524005,18.243275451140622,16.361763704460333,7.297071842015663,5.356687349189935,14.837163772557032
2025-06-08,28.591164453524005,18.243275451140622,16.361763704460333,7.297071842015663,5.356687349189935,14.837163772557032
2025-06-09,28.591164453524005,18.243275451140622,16.361763704460333,7.297071842015663,5.356687349189935,14.837163772557032
2025-06-10,28.580183861082737,18.244296901600272,16.351549199863808,7.29605039155601,5.359272664598414,14.851719441607083
2025-06-11,28.570552147239265,18.2486366734833,16.34986366734833,7.2973755964553515,5.356538992408558,14.858725289706886
2025-06-12,28.561924257932446,18.25093824633231,16.349198225861482,7.298703514158991,5.353799654576857,14.863698396451724
2025-06-13,28.561924257932446,18.25093824633231,16.349198225861482,7.298703514158991,5.353799654576857,14.863698396451724
2025-06-14,28.55220061412487,18.25298532923917,16.34356874786762,7.296144660525418,5.355354058721935,14.87598089389287
2025-06-15,28.55220061412487,18.25298532923917,16.34356874786762,7.296144660525418,5.355354058721935,14.87598089389287
2025-06-16,28.540941658137154,18.254008870692598,16.336915728420333,7.294097577618561,5.358981001727116,14.888263391334016
2025-06-17,28.54038854805726,18.249659168370826,16.331458759372868,7.290729379686436,5.363785369220152,14.89655760054533
2025-06-18,28.530706243602864,18.254008870692598,16.32975093824633,7.292050494711703,5.3610535405872195,14.90361651313545
2025-06-19,28.52047082906858,18.254008870692598,16.323609689525757,7.288979870351416,5.363126079447324,14.915899010576595
2025-06-20,28.520961145194274,18.251704158145877,16.318166325835037,7.285616905248808,5.366890959282264,14.924164962508522
2025-06-21,28.512269938650306,18.251704158145877,16.31305385139741,7.283060668029994,5.367408557625949,14.936434901158828
2025-06-22,28.50460593654043,18.25196178778574,16.3143978164449,7.2833503923575575,5.363644214162349,14.940464005458889
2025-06-23,28.50383435582822,18.2486366734833,16.309219495569188,7.279481935923655,5.3689613526570055,14.949216087252898
2025-06-24,28.50383435582822,18.2486366734833,16.309219495569188,7.279481935923655,5.3689613526570055,14.949216087252898
2025-06-25,28.49616171954964,18.25093824633231,16.305441828727396,7.280791538723985,5.368307426597583,14.955305356533607
2025-06-26,28.48847336065574,18.251195355191257,16.305754781420763,7.282103825136613,5.36557745504841,14.959357923497269
2025-06-27,28.488485158648924,18.248379392698737,16.300835892186967,7.277720914363699,5.36986183074266,14.967587853974754
2025-06-28,28.48078893442623,18.248633879781423,16.30114412568306,7.279030054644809,5.3671334716459205,14.971653005464482
2025-06-29,28.48078893442623,18.248633879781423,16.30114412568306,7.279030054644809,5.3671334716459205,14.971653005464482
2025-06-30,28.472051282051282,18.250940170940172,16.30042735042735,7.280341880341881,5.364399446175147,14.976752136752138
2025-07-01,28.471909153005463,18.247438524590162,16.295850409836067,7.276468579234973,5.369035269709544,14.98514344262295
2025-07-02,28.464188034188034,18.24974358974359,16.293076923076924,7.278803418803419,5.367341640706127,14.99128205128205
2025-07-03,28.458034188034187,18.245641025641024,16.288974358974357,7.274700854700855,5.369418483904465,15.004615384615384
2025-07-04,28.458034188034187,18.245641025641024,16.288974358974357,7.274700854700855,5.369418483904465,15.004615384615384
2025-07-05,28.450341880341877,18.243589743589745,16.283846153846152,7.272136752136753,5.371495327102804,15.017948717948718
2025-07-06,28.450341880341877,18.243589743589745,16.283846153846152,7.272136752136753,5.371495327102804,15.017948717948718
2025-07-07,28.440085470085467,18.24102564102564,16.275641025641026,7.270085470085471,5.375649013499481,15.032820512820512
2025-07-08,28.42880341880342,18.23794871794872,16.268461538461537,7.268034188034188,5.378764278296988,15.048205128205128
2025-07-09,28.421030116358658,18.240246406570844,16.265657084188913,7.2703627652292955,5.377079002079002,15.05441478439425
2025-07-10,28.413240835902705,18.242548818088387,16.263874614594037,7.271668379582049,5.374349635796046,15.05858170606372
2025-07-11,28.413240835902705,18.242548818088387,16.263874614594037,7.271668379582049,5.374349635796046,15.05858170606372
2025-07-12,28.404504967454606,18.2415210688592,16.257194244604317,7.268585131894485,5.37799167533819,15.071942446043165
2025-07-13,28.404504967454606,18.2415210688592,16.257194244604317,7.268585131894485,5.37799167533819,15.071942446043165
2025-07-14,28.395769099006507,18.23946557040082,16.248972250770812,7.266015758821514,5.381633714880333,15.085817060637204
2025-07-15,28.393309377138944,18.234086242299796,16.244609856262834,7.262662559890487,5.387474012474012,15.094969199178644
2025-07-16,28.385491606714627,18.236382322713258,16.242805755395683,7.264988009592327,5.383714880332986,15.101233299075025
2025-07-17,28.377657750342934,18.237654320987655,16.24099794238683,7.266289437585734,5.38203125,15.10545267489712
2025-07-18,28.377657750342934,18.237654320987655,16.24099794238683,7.266289437585734,5.38203125,15.10545267489712
2025-07-19,28.370456104252398,18.236625514403293,16.234310699588477,7.263203017832648,5.384114583333333,15.118312757201647
2025-07-20,28.370456104252398,18.236625514403293,16.234310699588477,7.263203017832648,5.384114583333333,15.118312757201647
2025-07-21,28.36956149366221,18.232271325796507,16.22841726618705,7.259335388831793,5.389438085327783,15.127440904419322
2025-07-22,28.36610198494182,18.22689938398357,16.224075975359344,7.254962354551678,5.396309771309771,15.137577002053389
2025-07-23,28.358256252141143,18.22918807810894,16.22225077081192,7.257279890373416,5.3925598335067635,15.143884892086332
2025-07-24,28.350394375857338,18.23045267489712,16.220421810699587,7.258573388203018,5.38984375,15.14917695473251
2025-07-25,28.34900650907845,18.227132579650565,16.215056526207604,7.2541966426858515,5.395681581685744,15.158273381294965
2025-07-26,28.34027064063035,18.226104830421377,16.208890030832478,7.2500856457691,5.398283038501561,15.171120246659815
2025-07-27,28.34027064063035,18.226104830421377,16.208890030832478,7.2500856457691,5.398283038501561,15.171120246659815
2025-07-28,28.331020897567658,18.224049331963002,16.199640287769785,7.248544021925317,5.400884495317378,15.185508735868448
2025-07-29,28.328627652292948,18.218685831622178,16.195328542094455,7.244182067077345,5.407744282744282,15.19558521560575
2025-07-30,28.320743405275778,18.221993833504627,16.19141829393628,7.246488523466941,5.4050468262226845,15.201438848920864
2025-07-31,28.320743405275778,18.221993833504627,16.19141829393628,7.246488523466941,5.4050468262226845,15.201438848920864
2025-08-01,28.319387405886378,18.217659137577,16.18711498973306,7.24315537303217,5.410862785862786,15.210472279260781
2025-08-02,28.310147159479808,18.216375770020534,16.17941478439425,7.239818617385353,5.413721413721413,15.22535934291581
2025-08-03,28.310147159479808,18.216375770020534,16.17941478439425,7.239818617385353,5.413721413721413,15.22535934291581
2025-08-04,28.30931623931624,18.2125641025641,16.173589743589744,7.235470085470086,5.4179646936656285,15.235384615384616
2025-08-05,28.305925546448087,18.20722336065574,16.169313524590162,7.231130464480875,5.424792531120332,15.245389344262295
2025-08-06,28.29905982905983,18.21051282051282,16.164358974358976,7.232393162393163,5.422118380062305,15.251794871794871
2025-08-07,28.28982905982906,18.207435897435897,16.15820512820513,7.230341880341881,5.424195223260644,15.265128205128205
2025-08-08,28.28982905982906,18.207435897435897,16.15820512820513,7.230341880341881,5.424195223260644,15.265128205128205
2025-08-09,28.28162393162393,18.206923076923076,16.15,7.227777777777779,5.426791277258567,15.27897435897436
2025-08-10,28.28162393162393,18.206923076923076,16.15,7.227777777777779,5.426791277258567,15.27897435897436
2025-08-11,28.273418803418803,18.206410256410255,16.139230769230767,7.225213675213676,5.428348909657321,15.294358974358975
2025-08-12,28.269040300546447,18.20107581967213,16.136014344262296,7.220884562841531,5.434128630705394,15.305327868852459
2025-08-13,28.26111111111111,18.204358974358975,16.132051282051282,7.222136752136753,5.432502596053998,15.311794871794872
2025-08-14,28.252905982905983,18.203333333333333,16.125897435897436,7.219059829059829,5.434579439252336,15.324102564102564
2025-08-15,28.25059767759563,18.19953893442623,16.121157786885245,7.215761612021859,5.4387966804979255,15.334016393442623
2025-08-16,28.242649572649572,18.203333333333333,16.118717948717947,7.217008547008548,5.437175493250259,15.337948717948718
2025-08-17,28.242649572649572,18.203333333333333,16.118717948717947,7.217008547008548,5.437175493250259,15.337948717948718
2025-08-18,28.242649572649572,18.203333333333333,16.118717948717947,7.217008547008548,5.437175493250259,15.337948717948718
2025-08-19,28.2308547008547,18.20102564102564,16.11,7.215470085470086,5.441329179646937,15.353846153846154
2025-08-20,28.222878165639973,18.204312114989733,16.10600616016427,7.2177446954141,5.4386694386694385,15.360369609856264
2025-08-21,28.216718001368925,18.20328542094456,16.0967659137577,7.216718001368926,5.4407484407484406,15.374229979466119
2025-08-22,28.216718001368925,18.20328542094456,16.0967659137577,7.216718001368926,5.4407484407484406,15.374229979466119
2025-08-23,28.205937713894592,18.203028747433265,16.08829568788501,7.213637919233403,5.4443866943866945,15.38911704312115
2025-08-24,28.205937713894592,18.203028747433265,16.08829568788501,7.213637919233403,5.4443866943866945,15.38911704312115
2025-08-25,28.195670773442846,18.203028747433265,16.07854209445585,7.211071184120466,5.448544698544699,15.403490759753593
2025-08-26,28.19239316239316,18.197692307692307,16.074358974358976,7.206752136752137,5.454309449636552,15.414358974358974
2025-08-27,28.184890485968513,18.20046201232033,16.070841889117045,7.207991101984942,5.452182952182953,15.420431211498974
2025-08-28,28.184890485968513,18.20046201232033,16.070841889117045,7.207991101984942,5.452182952182953,15.420431211498974
2025-08-29,28.18264957264957,18.197179487179486,16.065641025641025,7.203675213675214,5.457943925233645,15.43025641025641
2025-08-30,28.175650239561943,18.200975359342916,16.06365503080082,7.203370978781657,5.455301455301456,15.43429158110883
2025-08-31,28.175650239561943,18.200975359342916,16.06365503080082,7.203370978781657,5.455301455301456,15.43429158110883
2025-09-01,28.17290598290598,18.197179487179486,16.05846153846154,7.19957264957265,5.461059190031152,15.444102564102565
2025-09-02,28.1608547008547,18.195128205128206,16.049230769230768,7.197008547008547,5.465732087227415,15.46102564102564
2025-09-03,28.15213675213675,18.194102564102565,16.04051282051282,7.193931623931625,5.468328141225338,15.476410256410256
2025-09-04,28.15213675213675,18.194102564102565,16.04051282051282,7.193931623931625,5.468328141225338,15.476410256410256
2025-09-05,28.150956284153004,18.190829918032787,16.03534836065574,7.189634562841531,5.473029045643154,15.486168032786885
2025-09-06,28.1434188034188,18.194615384615386,16.033846153846152,7.190341880341881,5.470924195223261,15.48974358974359
2025-09-07,28.14122267759563,18.191342213114755,16.0297131147541,7.18604849726776,5.476659751037344,15.499487704918034
2025-09-08,28.138519276697373,18.18756397134084,16.024564994882294,7.182275673831457,5.481347150259067,15.509723643807574
2025-09-09,28.13531015678255,18.183282208588956,16.019427402862984,7.1779993183367425,5.488095238095238,15.520449897750511
2025-09-10,28.12610770279482,18.18225971370143,16.01124744376278,7.174931833674165,5.49120082815735,15.535787321063395
2025-09-11,28.119071989082222,18.18551688843398,16.00818833162743,7.175110883657456,5.48860103626943,15.54145342886387
2025-09-12,28.119071989082222,18.18551688843398,16.00818833162743,7.175110883657456,5.48860103626943,15.54145342886387
2025-09-13,28.10934834527465,18.18398157625384,16.00204708290686,7.171528488570455,5.49119170984456,15.555783009211874
2025-09-14,28.10934834527465,18.18398157625384,16.00204708290686,7.171528488570455,5.49119170984456,15.555783009211874
2025-09-15,28.10934834527465,18.18398157625384,16.00204708290686,7.171528488570455,5.49119170984456,15.555783009211874
2025-09-16,28.10642467620995,18.1799591002045,15.997699386503067,7.167263122017724,5.496894409937888,15.565695296523517
2025-09-17,28.09834527465029,18.183213920163766,15.995649948822928,7.1684578642101675,5.494300518134715,15.571392016376663
2025-09-18,28.09024931693989,18.18545081967213,15.99359631147541,7.168630464480875,5.491701244813278,15.578125
2025-09-19,28.07897882513661,18.18545081967213,15.984375,7.166581284153006,5.495850622406639,15.59451844262295
2025-09-20,28.069245218579233,18.184938524590162,15.977715163934427,7.162482923497269,5.499481327800829,15.608862704918034
2025-09-21,28.069245218579233,18.184938524590162,15.977715163934427,7.162482923497269,5.499481327800829,15.608862704918034
2025-09-22,28.06111111111111,18.188205128205126,15.973589743589743,7.163675213675214,5.4979231568016615,15.614615384615385
2025-09-23,28.048547008547008,18.185897435897434,15.964358974358975,7.161880341880343,5.502336448598131,15.632564102564103
2025-09-24,28.03931623931624,18.185897435897434,15.956153846153846,7.160854700854702,5.505451713395638,15.646923076923077
2025-09-25,28.0321697467488,18.18916837782341,15.953028747433265,7.161019849418207,5.502858627858628,15.653747433264886
2025-09-26,28.02905982905983,18.185897435897434,15.94897435897436,7.156752136752138,5.508566978193146,15.664358974358974
2025-09-27,28.020362765229294,18.18865503080082,15.947381930184806,7.156913073237509,5.506496881496881,15.669147843942506
2025-09-28,28.01113394998287,18.1898766700925,15.945272353545734,7.157588215142173,5.504422476586889,15.675488180883864
2025-09-29,28.008042436687198,18.18711498973306,15.94070841889117,7.1533196440793985,5.510135135135135,15.686088295687885
2025-09-30,28.004957264957262,18.182820512820513,15.936153846153847,7.14905982905983,5.515316718587747,15.696666666666667
2025-10-01,27.99674880219028,18.185061601642712,15.93300821355236,7.1502395619438746,5.513773388773389,15.703542094455852
2025-10-02,27.986995208761122,18.18352156057495,15.926334702258726,7.146132785763177,5.517411642411642,15.720482546201232
2025-10-03,27.986995208761122,18.18352156057495,15.926334702258726,7.146132785763177,5.517411642411642,15.720482546201232
2025-10-04,27.974674880219027,18.181981519507186,15.919661190965092,7.143052703627653,5.522609147609147,15.73588295687885
2025-10-05,27.974674880219027,18.181981519507186,15.919661190965092,7.143052703627653,5.522609147609147,15.73588295687885
2025-10-06,27.963894592744694,18.1814681724846,15.909394250513348,7.139459274469542,5.527286902286902,15.751796714579056
2025-10-07,27.950547570157426,18.178388090349078,15.900154004106776,7.137405886379193,5.532484407484407,15.769250513347023
2025-10-08,27.94124700239808,18.181654676258994,15.89491264131552,7.138574854402193,5.529916753381894,15.778263103802672
2025-10-09,27.935013717421125,18.183899176954732,15.892746913580247,7.137688614540467,5.52734375,15.785236625514404
2025-10-10,27.92421124828532,18.183384773662553,15.887088477366255,7.1330589849108375,5.53046875,15.799639917695472
2025-10-11,27.920178143199724,18.17908530318602,15.883093525179856,7.129838985954095,5.536160249739854,15.810123329907503
2025-10-12,27.920178143199724,18.17908530318602,15.883093525179856,7.129838985954095,5.536160249739854,15.810123329907503
2025-10-13,27.911865569272976,18.182355967078188,15.877829218106996,7.131001371742113,5.534635416666666,15.816100823045268
2025-10-14,27.908359027064062,18.17754367934224,15.873586844809866,7.127269612881125,5.540582726326743,15.826824254881808
2025-10-15,27.90003429355281,18.180812757201647,15.869341563786008,7.128429355281208,5.538020833333333,15.834876543209877
2025-10-16,27.892722279437006,18.184088568486096,15.866117404737384,7.128561620322692,5.535453597497393,15.840885684860968
2025-10-17,27.89077503429355,18.180812757201647,15.86111111111111,7.124314128943759,5.541145833333333,15.850308641975309
2025-10-18,27.87997256515775,18.179269547325102,15.854423868312757,7.120198902606311,5.544791666666667,15.867798353909466
2025-10-19,27.87997256515775,18.179269547325102,15.854423868312757,7.120198902606311,5.544791666666667,15.867798353909466
2025-10-20,27.867626886145402,18.17721193415638,15.845164609053498,7.118655692729767,5.5484375,15.885802469135802
2025-10-21,27.86365193559438,18.172918807810895,15.841212744090441,7.114422747516273,5.554110301768991,15.896197327852004
2025-10-22,27.854252400548695,18.176183127572017,15.8369341563786,7.116598079561043,5.5515625,15.904320987654321
2025-10-23,27.846893237212495,18.17842430484037,15.833676622039135,7.116718159972537,5.5500521376433785,15.910401647785788
2025-10-24,27.844478737997257,18.175154320987655,15.828703703703704,7.113511659807957,5.555208333333334,15.920267489711934
2025-10-25,27.836079642979744,18.17636457260556,15.827497425334707,7.113628561620323,5.5531803962460895,15.92636457260556
2025-10-26,27.826632302405496,18.178092783505154,15.824226804123711,7.113745704467354,5.551670146137787,15.933505154639175
2025-10-27,27.823206316512184,18.174819773429455,15.819258496395468,7.110024030209407,5.557872784150156,15.943872296601441
2025-10-28,27.820301783264746,18.169495884773664,15.815329218106996,7.105795610425241,5.564583333333333,15.954218106995885
2025-10-29,27.811877789220734,18.17173017507724,15.812049433573636,7.1069344318571925,5.562043795620438,15.961380020597323
2025-10-30,27.811877789220734,18.17173017507724,15.812049433573636,7.1069344318571925,5.562043795620438,15.961380020597323
2025-10-31,27.811877789220734,18.17173017507724,15.812049433573636,7.1069344318571925,5.562043795620438,15.961380020597323
2025-11-01,27.801579128046686,18.170700308959834,15.806385169927909,7.101785101270169,5.565693430656935,15.976828012358393
2025-11-02,27.801579128046686,18.170700308959834,15.806385169927909,7.101785101270169,5.565693430656935,15.976828012358393
2025-11-03,27.79921124828532,18.167438271604937,15.801440329218106,7.097565157750344,5.571354166666667,15.986625514403292
2025-11-04,27.795306611853373,18.163155190133608,15.797533401849948,7.0933538883179175,5.5780437044745055,15.996916752312435
2025-11-05,27.786865569272976,18.166409465020575,15.795267489711934,7.094478737997257,5.574479166666666,16.004115226337447
2025-11-06,27.78605686879068,18.16212744090442,15.79136690647482,7.0902706406303535,5.579084287200833,16.014388489208635
2025-11-07,27.78422313483915,18.15836755646817,15.78747433264887,7.086071184120466,5.583679833679834,16.0241273100616
2025-11-08,27.78136752136752,18.155128205128204,15.783589743589744,7.081880341880343,5.589304257528557,16.034358974358973
2025-11-09,27.78136752136752,18.155128205128204,15.783589743589744,7.081880341880343,5.589304257528557,16.034358974358973
2025-11-10,27.78136752136752,18.155128205128204,15.783589743589744,7.081880341880343,5.589304257528557,16.034358974358973
2025-11-11,27.778005464480874,18.151639344262296,15.779456967213115,7.077698087431695,5.594657676348548,16.044569672131146
2025-11-12,27.778005464480874,18.151639344262296,15.779456967213115,7.077698087431695,5.594657676348548,16.044569672131146
2025-11-13,27.778005464480874,18.151639344262296,15.779456967213115,7.077698087431695,5.594657676348548,16.044569672131146
2025-11-14,27.76775956284153,18.151127049180328,15.772284836065573,7.075136612021859,5.596732365145228,16.059938524590162
2025-11-15,27.75648907103825,18.151127049180328,15.765112704918034,7.070525956284154,5.600363070539419,16.07530737704918
2025-11-16,27.75648907103825,18.151127049180328,15.765112704918034,7.070525956284154,5.600363070539419,16.07530737704918
2025-11-17,27.74598702185792,18.151639344262296,15.755379098360656,7.066683743169399,5.60451244813278,16.09170081967213
2025-11-18,27.743176390310474,18.147389969293755,15.751535312180144,7.06252132378028,5.610103626943006,16.101842374616172
2025-11-19,27.734716530054644,18.151639344262296,15.74718237704918,7.062585382513662,5.607624481327801,16.110143442622952
2025-11-20,27.734716530054644,18.151639344262296,15.74718237704918,7.062585382513662,5.607624481327801,16.110143442622952
2025-11-21,27.733964517229612,18.147389969293755,15.743346980552712,7.062585382513662,5.611139896373057,16.12128966223132
2025-11-22,27.722705561241895,18.147389969293755,15.73618219037871,7.0579747267759565,5.6132124352331605,16.137666325486183
2025-11-23,27.722705561241895,18.147389969293755,15.73618219037871,7.0579747267759565,5.6132124352331605,16.137666325486183
2025-11-24,27.72043285616905,18.144171779141104,15.731339468302659,7.053821221426135,5.618271221532091,16.147750511247445
2025-11-25,27.708162917518745,18.143149284253578,15.723159509202453,7.051774138519277,5.621376811594203,16.164110429447852
2025-11-26,27.708162917518745,18.143149284253578,15.723159509202453,7.051774138519277,5.621376811594203,16.164110429447852
2025-11-27,27.699675878539747,18.146366427840327,15.720829068577277,7.051827185792351,5.618911917098446,16.170419651995907
2025-11-28,27.689440464005457,18.146366427840327,15.712981917434323,7.047387295081967,5.620984455958549,16.188161037188674
2025-11-29,27.689440464005457,18.146366427840327,15.712981917434323,7.047387295081967,5.620984455958549,16.188161037188674
2025-11-30,27.689440464005457,18.146366427840327,15.712981917434323,7.047387295081967,5.620984455958549,16.188161037188674
2025-12-01,27.682974726775956,18.149590163934427,15.707564890710383,7.047435897435897,5.620591286307054,16.194501366120218
2025-12-02,27.67997270556124,18.145598771750254,15.70325827362675,7.043545081967213,5.625906735751295,16.20504947117025
2025-12-03,27.67997270556124,18.145598771750254,15.70325827362675,7.043545081967213,5.625906735751295,16.20504947117025
2025-12-04,27.67178437393381,18.144575230296827,15.695069941999318,7.039446721311475,5.627979274611399,16.221426134425112
2025-12-05,27.67178437393381,18.144575230296827,15.695069941999318,7.039446721311475,5.627979274611399,16.221426134425112
2025-12-06,27.660525417946094,18.144063459570113,15.687393381098602,7.035860655737705,5.63160621761658,16.238314568406686
2025-12-07,27.660525417946094,18.144063459570113,15.687393381098602,7.035860655737705,5.63160621761658,16.238314568406686
2025-12-08,27.650956284153004,18.146772540983605,15.682974726775956,7.036666666666667,5.629927385892116,16.24573087431694
2025-12-09,27.647475264414876,18.143039918116685,15.678437393381099,7.033043032786885,5.635492227979275,16.255970658478336
2025-12-10,27.644768234492158,18.138803680981596,15.674676209952285,7.028915046059366,5.641045548654244,16.264911383776415
2025-12-11,27.63556578050443,18.13778118609407,15.668029993183367,7.026356192425793,5.642080745341615,16.281271301976822
2025-12-12,27.633895131086142,18.133554647599592,15.664283282260811,7.026356192425793,5.647621509824199,16.290177051413007
2025-12-13,27.620871637725568,18.13253319713994,15.657133129043242,7.023285568065507,5.6509824198552225,16.307030983997276
2025-12-14,27.620871637725568,18.13253319713994,15.657133129043242,7.023285568065507,5.6509824198552225,16.307030983997276
2025-12-15,27.614349011588274,18.13573619631902,15.65167007498296,7.022284836065574,5.650621118012422,16.31347989093388
2025-12-16,27.61116785835887,18.13100102145046,15.647684712291454,7.018679631525076,5.655894519131334,16.32337419135172
2025-12-17,27.61116785835887,18.13100102145046,15.647684712291454,7.018679631525076,5.655894519131334,16.32337419135172
2025-12-18,27.60259032038173,18.133179959100204,15.644256987048399,7.018698770491803,5.654503105590062,16.330862304021814
2025-12-19,27.59553053565336,18.13536335721597,15.642357557147731,7.016666666666667,5.651554404145077,16.336830433299216
2025-12-20,27.58589480874317,18.13857581967213,15.638917349726777,7.0166837782340865,5.650155601659751,16.345372267759565
2025-12-21,27.582224496758784,18.134339815762537,15.635192766973729,7.013589743589743,5.655699481865285,16.355254179460935
2025-12-22,27.582224496758784,18.134339815762537,15.635192766973729,7.013589743589743,5.655699481865285,16.355254179460935
2025-12-23,27.57881731424676,18.129601226993866,15.631731424676211,7.009733606557377,5.661231884057971,16.36511588275392
2025-12-24,27.57881731424676,18.129601226993866,15.631731424676211,7.009733606557377,5.661231884057971,16.36511588275392
2025-12-25,27.571221426134425,18.130757420675536,15.629307403616513,7.0087179487179485,5.659844559585492,16.3716308427158
2025-12-26,27.56335382513661,18.131915983606557,15.627390710382514,7.007700205338809,5.657417012448133,16.37841530054645
2025-12-27,27.555726495726496,18.134102564102562,15.623931623931625,7.00770811921891,5.654984423676012,16.38700854700855
2025-12-28,27.555726495726496,18.134102564102562,15.623931623931625,7.00770811921891,5.654984423676012,16.38700854700855
2025-12-29,27.550136892539356,18.13629363449692,15.619438740588638,7.006687242798354,5.654625779625779,16.392539356605067
2025-12-30,27.550136892539356,18.13629363449692,15.619438740588638,7.006687242798354,5.654625779625779,16.392539356605067
2025-12-31,27.543508050702293,18.138489208633093,15.615964371360056,7.005664263645726,5.6521852237252865,16.40013703323056
2026-01-01,27.543508050702293,18.138489208633093,15.615964371360056,7.005664263645726,5.6521852237252865,16.40013703323056
2026-01-02,27.543508050702293,18.138489208633093,15.615964371360056,7.005664263645726,5.6521852237252865,16.40013703323056
2026-01-03,27.534001370332305,18.136433710174718,15.608770126755738,7.001029866117404,5.65582726326743,16.41709489551216
2026-01-04,27.534001370332305,18.136433710174718,15.608770126755738,7.001029866117404,5.65582726326743,16.41709489551216
2026-01-05,27.520640630352858,18.136433710174718,15.600548132922235,6.996910401647786,5.65894901144641,16.435080507022953
2026-01-06,27.510363138060978,18.134892086330936,15.59232613908873,6.99330587023687,5.6631113423517165,16.45101062007537
2026-01-07,27.503686556927295,18.137088477366255,15.589849108367627,6.992268041237113,5.659635416666666,16.458676268861456
2026-01-08,27.50419664268585,18.13180883864337,15.586159643713602,6.988156539649846,5.664151925078044,16.46745460774238
2026-01-09,27.50419664268585,18.13180883864337,15.586159643713602,6.988156539649846,5.664151925078044,16.46745460774238
2026-01-10,27.49468996231586,18.1292394655704,15.579993148338472,6.983522142121524,5.667273673257024,16.483898595409386
2026-01-11,27.49468996231586,18.1292394655704,15.579993148338472,6.983522142121524,5.667273673257024,16.483898595409386
2026-01-12,27.48595409386776,18.12769784172662,15.571771154504969,6.98043254376931,5.670395421436004,16.499314833847208
2026-01-13,27.482375085557837,18.122433264887064,15.569130732375086,6.976337448559671,5.675935550935551,16.509069130732374
2026-01-14,27.482375085557837,18.122433264887064,15.569130732375086,6.976337448559671,5.675935550935551,16.509069130732374
2026-01-15,27.477732100034256,18.124614594039056,15.56560465912984,6.974253347064882,5.672476586888657,16.51575882151422
2026-01-16,27.473621103117505,18.122559095580677,15.560979787598493,6.966529351184346,5.673517169614985,16.529633436108256
2026-01-17,27.471081451060915,18.118326488706366,15.557323750855579,6.963477366255144,5.679054054054054,16.539356605065024
2026-01-18,27.465399109284,18.1205035971223,15.554813292223365,6.9624098867147275,5.676638917793965,16.546077423775266
2026-01-19,27.465399109284,18.1205035971223,15.554813292223365,6.9624098867147275,5.676638917793965,16.546077423775266
2026-01-20,27.46286789869952,18.116273100616016,15.551163586584531,6.958847736625515,5.6813929313929314,16.555783709787818
2026-01-21,27.46286789869952,18.116273100616016,15.551163586584531,6.958847736625515,5.6813929313929314,16.555783709787818
2026-01-22,27.45923261390887,18.118448098663926,15.547619047619047,6.957775489186406,5.6789802289282,16.56149366221309
2026-01-23,27.45713305898491,18.119598765432098,15.546124828532237,6.954123711340206,5.6765625,16.566700960219478
2026-01-24,27.454607742377526,18.11639260020555,15.54145255224392,6.9510813594232745,5.681061394380853,16.576396026036313
2026-01-25,27.45301783264746,18.118569958847736,15.535836762688616,6.95,5.678645833333333,16.583161865569274
2026-01-26,27.451424648129077,18.119721936148302,15.531239272227944,6.947884416924665,5.677267987486966,16.58891177480261
2026-01-27,27.449417009602193,18.11574074074074,15.527349108367627,6.944329896907217,5.682552083333333,16.597565157750342
