date,CDU/CSU,SPD,GRÜNE,FDP,LINKE,AfD
2002-01-03,38.0,38.0,5.0,8.0,7.0,
2002-01-04,38.0,38.0,5.5,8.0,7.0,
2002-01-05,37.666666666666664,38.0,5.666666666666667,7.666666666666667,7.0,
2002-01-06,37.666666666666664,38.0,5.666666666666667,7.666666666666667,7.0,
2002-01-07,37.666666666666664,38.0,5.666666666666667,7.666666666666667,7.0,
2002-01-08,37.666666666666664,38.0,5.666666666666667,7.666666666666667,7.0,
2002-01-09,37.666666666666664,38.0,5.666666666666667,7.666666666666667,7.0,
2002-01-10,37.5,38.0,5.75,8.0,6.75,
2002-01-11,37.8,38.0,5.6,8.0,6.8,
2002-01-12,38.0,38.0,5.666666666666667,7.833333333333333,6.833333333333333,
2002-01-13,38.0,38.0,5.666666666666667,7.833333333333333,6.833333333333333,
2002-01-14,38.0,38.0,5.666666666666667,7.833333333333333,6.833333333333333,
2002-01-15,38.0,38.0,5.666666666666667,7.833333333333333,6.833333333333333,
2002-01-16,38.0,38.0,5.666666666666667,7.833333333333333,6.833333333333333,
2002-01-17,38.42857142857143,37.714285714285715,5.714285714285714,7.714285714285714,6.714285714285714,
2002-01-18,38.5625,37.625,5.75,7.75,6.75,
2002-01-19,38.5625,37.625,5.75,7.75,6.75,
2002-01-20,38.5625,37.625,5.75,7.75,6.75,
2002-01-21,38.5625,37.625,5.75,7.75,6.75,
2002-01-22,38.5625,37.625,5.75,7.75,6.75,
2002-01-23,38.5625,37.625,5.75,7.75,6.75,
2002-01-24,38.833333333333336,37.44444444444444,5.666666666666667,7.777777777777778,6.666666666666667,
2002-01-25,38.95,37.3,5.7,7.9,6.7,
2002-01-26,39.13636363636363,37.36363636363637,5.636363636363637,7.818181818181818,6.636363636363637,
2002-01-27,39.13636363636363,37.36363636363637,5.636363636363637,7.818181818181818,6.636363636363637,
2002-01-28,39.13636363636363,37.36363636363637,5.636363636363637,7.818181818181818,6.636363636363637,
2002-01-29,39.13636363636363,37.36363636363637,5.636363636363637,7.818181818181818,6.636363636363637,
2002-01-30,39.13636363636363,37.36363636363637,5.636363636363637,7.818181818181818,6.636363636363637,
2002-01-31,39.208333333333336,37.166666666666664,5.666666666666667,7.916666666666667,6.583333333333333,
2002-02-01,39.34615384615385,37.07692307692308,5.6923076923076925,7.923076923076923,6.615384615384615,
2002-02-02,39.464285714285715,37.07142857142857,5.714285714285714,7.928571428571429,6.571428571428571,
2002-02-03,39.464285714285715,37.07142857142857,5.714285714285714,7.928571428571429,6.571428571428571,
2002-02-04,39.464285714285715,37.07142857142857,5.714285714285714,7.928571428571429,6.571428571428571,
2002-02-05,39.464285714285715,37.07142857142857,5.714285714285714,7.928571428571429,6.571428571428571,
2002-02-06,39.464285714285715,37.07142857142857,5.714285714285714,7.928571428571429,6.571428571428571,
2002-02-07,39.56666666666667,37.0,5.733333333333333,7.933333333333334,6.533333333333333,
2002-02-08,39.65625,36.9375,5.75,7.9375,6.5,
2002-02-09,39.73529411764706,37.0,5.705882352941177,7.9411764705882355,6.470588235294118,
2002-02-10,39.861111111111114,36.833333333333336,5.722222222222222,7.944444444444445,6.444444444444445,
2002-02-11,39.861111111111114,36.833333333333336,5.722222222222222,7.944444444444445,6.444444444444445,
2002-02-12,39.861111111111114,36.833333333333336,5.722222222222222,7.944444444444445,6.444444444444445,
2002-02-13,39.861111111111114,36.833333333333336,5.722222222222222,7.944444444444445,6.444444444444445,
2002-02-14,39.861111111111114,36.833333333333336,5.722222222222222,7.944444444444445,6.444444444444445,
2002-02-15,39.921052631578945,36.78947368421053,5.7368421052631575,7.947368421052632,6.421052631578948,
2002-02-16,39.975,36.8,5.7,7.95,6.4,
2002-02-17,39.975,36.8,5.7,7.95,6.4,
2002-02-18,39.975,36.8,5.7,7.95,6.4,
2002-02-19,39.975,36.8,5.7,7.95,6.4,
2002-02-20,39.975,36.8,5.7,7.95,6.4,
2002-02-21,40.023809523809526,36.714285714285715,5.714285714285714,7.9523809523809526,6.380952380952381,
2002-02-22,40.06818181818182,36.63636363636363,5.7272727272727275,8.0,6.363636363636363,
2002-02-23,40.108695652173914,36.65217391304348,5.695652173913044,8.043478260869565,6.3478260869565215,
2002-02-24,40.108695652173914,36.65217391304348,5.695652173913044,8.043478260869565,6.3478260869565215,
2002-02-25,40.108695652173914,36.65217391304348,5.695652173913044,8.043478260869565,6.3478260869565215,
2002-02-26,40.108695652173914,36.65217391304348,5.695652173913044,8.043478260869565,6.3478260869565215,
2002-02-27,40.108695652173914,36.65217391304348,5.695652173913044,8.043478260869565,6.3478260869565215,
2002-02-28,40.104166666666664,36.583333333333336,5.708333333333333,8.083333333333334,6.333333333333333,
2002-03-01,40.1,36.56,5.72,8.12,6.32,
2002-03-02,40.13461538461539,36.57692307692308,5.6923076923076925,8.076923076923077,6.3076923076923075,
2002-03-03,40.13461538461539,36.57692307692308,5.6923076923076925,8.076923076923077,6.3076923076923075,
2002-03-04,40.13461538461539,36.57692307692308,5.6923076923076925,8.076923076923077,6.3076923076923075,
2002-03-05,40.13461538461539,36.57692307692308,5.6923076923076925,8.076923076923077,6.3076923076923075,
2002-03-06,40.166666666666664,36.48148148148148,5.703703703703703,8.074074074074074,6.333333333333333,
2002-03-07,40.166666666666664,36.48148148148148,5.703703703703703,8.074074074074074,6.333333333333333,
2002-03-08,40.142857142857146,36.5,5.714285714285714,8.107142857142858,6.321428571428571,
2002-03-09,40.142857142857146,36.5,5.714285714285714,8.107142857142858,6.321428571428571,
2002-03-10,40.142857142857146,36.5,5.714285714285714,8.107142857142858,6.321428571428571,
2002-03-11,40.142857142857146,36.5,5.714285714285714,8.107142857142858,6.321428571428571,
2002-03-12,40.142857142857146,36.5,5.714285714285714,8.107142857142858,6.321428571428571,
2002-03-13,40.13793103448276,36.44827586206897,5.724137931034483,8.137931034482758,6.310344827586207,
2002-03-14,40.13793103448276,36.44827586206897,5.724137931034483,8.137931034482758,6.310344827586207,
2002-03-15,40.166666666666664,36.43333333333333,5.766666666666667,8.133333333333333,6.3,
2002-03-16,40.16129032258065,36.41935483870968,5.774193548387097,8.129032258064516,6.290322580645161,
2002-03-17,40.16129032258065,36.41935483870968,5.774193548387097,8.129032258064516,6.290322580645161,
2002-03-18,40.16129032258065,36.41935483870968,5.774193548387097,8.129032258064516,6.290322580645161,
2002-03-19,40.16129032258065,36.41935483870968,5.774193548387097,8.129032258064516,6.290322580645161,
2002-03-20,40.1875,36.3125,5.78125,8.15625,6.3125,
2002-03-21,40.1875,36.3125,5.78125,8.15625,6.3125,
2002-03-22,40.21212121212121,36.303030303030305,5.818181818181818,8.151515151515152,6.2727272727272725,
2002-03-23,40.205882352941174,36.26470588235294,5.852941176470588,8.176470588235293,6.264705882352941,
2002-03-24,40.205882352941174,36.26470588235294,5.852941176470588,8.176470588235293,6.264705882352941,
2002-03-25,40.205882352941174,36.26470588235294,5.852941176470588,8.176470588235293,6.264705882352941,
2002-03-26,40.22857142857143,36.2,5.857142857142857,8.2,6.257142857142857,
2002-03-27,40.19444444444444,36.166666666666664,5.916666666666667,8.222222222222221,6.25,
2002-03-28,40.189189189189186,36.16216216216216,5.918918918918919,8.243243243243244,6.243243243243243,
2002-03-29,40.189189189189186,36.16216216216216,5.918918918918919,8.243243243243244,6.243243243243243,
2002-03-30,40.189189189189186,36.16216216216216,5.918918918918919,8.243243243243244,6.243243243243243,
2002-03-31,40.189189189189186,36.16216216216216,5.918918918918919,8.243243243243244,6.243243243243243,
2002-04-01,40.189189189189186,36.16216216216216,5.918918918918919,8.243243243243244,6.243243243243243,
2002-04-02,40.189189189189186,36.16216216216216,5.918918918918919,8.243243243243244,6.243243243243243,
2002-04-03,40.18421052631579,36.10526315789474,5.921052631578948,8.263157894736842,6.2631578947368425,
2002-04-04,40.18421052631579,36.10526315789474,5.921052631578948,8.263157894736842,6.2631578947368425,
2002-04-05,40.15384615384615,36.05128205128205,5.948717948717949,8.282051282051283,6.282051282051282,
2002-04-06,40.125,36.05,5.975,8.3,6.3,
2002-04-07,40.125,36.05,5.975,8.3,6.3,
2002-04-08,40.125,36.05,5.975,8.3,6.3,
2002-04-09,40.125,36.05,5.975,8.3,6.3,
2002-04-10,40.1219512195122,35.97560975609756,6.0,8.317073170731707,6.317073170731708,
2002-04-11,40.1219512195122,35.97560975609756,6.0,8.317073170731707,6.317073170731708,
2002-04-12,40.095238095238095,35.95238095238095,6.023809523809524,8.333333333333334,6.333333333333333,
2002-04-13,40.06976744186046,35.97674418604651,6.023255813953488,8.325581395348838,6.325581395348837,
2002-04-14,40.06976744186046,35.97674418604651,6.023255813953488,8.325581395348838,6.325581395348837,
2002-04-15,40.06976744186046,35.97674418604651,6.023255813953488,8.325581395348838,6.325581395348837,
2002-04-16,40.06976744186046,35.97674418604651,6.023255813953488,8.325581395348838,6.325581395348837,
2002-04-17,40.06818181818182,35.95454545454545,6.045454545454546,8.340909090909092,6.295454545454546,
2002-04-18,40.06818181818182,35.95454545454545,6.045454545454546,8.340909090909092,6.295454545454546,
2002-04-19,40.044444444444444,35.93333333333333,6.066666666666666,8.355555555555556,6.288888888888889,
2002-04-20,40.02173913043478,35.93478260869565,6.065217391304348,8.369565217391305,6.282608695652174,
2002-04-21,40.02173913043478,35.93478260869565,6.065217391304348,8.369565217391305,6.282608695652174,
2002-04-22,40.02173913043478,35.93478260869565,6.065217391304348,8.369565217391305,6.282608695652174,
2002-04-23,40.02173913043478,35.93478260869565,6.065217391304348,8.369565217391305,6.282608695652174,
2002-04-24,40.0,35.8936170212766,6.085106382978723,8.425531914893616,6.276595744680851,
2002-04-25,40.0,35.8936170212766,6.085106382978723,8.425531914893616,6.276595744680851,
2002-04-26,39.979166666666664,35.854166666666664,6.104166666666667,8.458333333333334,6.270833333333333,
2002-04-27,39.97959183673469,35.83673469387755,6.081632653061225,8.46938775510204,6.26530612244898,
2002-04-28,39.97959183673469,35.83673469387755,6.081632653061225,8.46938775510204,6.26530612244898,
2002-04-29,40.0,35.76,6.08,8.52,6.26,
2002-04-30,40.0,35.76,6.08,8.52,6.26,
2002-05-01,40.0,35.76,6.08,8.52,6.26,
2002-05-02,40.0,35.76,6.08,8.52,6.26,
2002-05-03,40.01960784313726,35.68627450980392,6.098039215686274,8.568627450980392,6.235294117647059,
2002-05-04,40.01923076923077,35.65384615384615,6.096153846153846,8.596153846153847,6.230769230769231,
2002-05-05,40.01923076923077,35.65384615384615,6.096153846153846,8.596153846153847,6.230769230769231,
2002-05-06,40.01923076923077,35.65384615384615,6.096153846153846,8.596153846153847,6.230769230769231,
2002-05-07,40.0377358490566,35.56603773584906,6.113207547169812,8.660377358490566,6.226415094339623,
2002-05-08,40.0377358490566,35.56603773584906,6.113207547169812,8.660377358490566,6.226415094339623,
2002-05-09,40.01851851851852,35.5,6.111111111111111,8.703703703703704,6.222222222222222,
2002-05-10,40.03636363636364,35.41818181818182,6.127272727272727,8.745454545454546,6.218181818181818,
2002-05-11,40.03636363636364,35.41818181818182,6.127272727272727,8.745454545454546,6.218181818181818,
2002-05-12,40.03636363636364,35.41818181818182,6.127272727272727,8.745454545454546,6.218181818181818,
2002-05-13,40.03636363636364,35.41818181818182,6.127272727272727,8.745454545454546,6.218181818181818,
2002-05-14,40.03636363636364,35.41818181818182,6.127272727272727,8.745454545454546,6.218181818181818,
2002-05-15,40.05357142857143,35.357142857142854,6.142857142857143,8.785714285714286,6.214285714285714,
2002-05-16,40.01754385964912,35.31578947368421,6.157894736842105,8.842105263157896,6.192982456140351,
2002-05-17,40.01724137931034,35.258620689655174,6.172413793103448,8.89655172413793,6.189655172413793,
2002-05-18,40.01724137931034,35.258620689655174,6.172413793103448,8.89655172413793,6.189655172413793,
2002-05-19,40.01724137931034,35.258620689655174,6.172413793103448,8.89655172413793,6.189655172413793,
2002-05-20,40.01724137931034,35.258620689655174,6.172413793103448,8.89655172413793,6.189655172413793,
2002-05-21,40.01724137931034,35.258620689655174,6.172413793103448,8.89655172413793,6.189655172413793,
2002-05-22,40.01724137931034,35.258620689655174,6.172413793103448,8.89655172413793,6.189655172413793,
2002-05-23,40.0,35.20338983050848,6.203389830508475,8.915254237288135,6.169491525423729,
2002-05-24,39.983333333333334,35.15,6.216666666666667,8.983333333333333,6.166666666666667,
2002-05-25,39.983333333333334,35.15,6.216666666666667,8.983333333333333,6.166666666666667,
2002-05-26,39.983333333333334,35.15,6.216666666666667,8.983333333333333,6.166666666666667,
2002-05-27,39.983333333333334,35.15,6.216666666666667,8.983333333333333,6.166666666666667,
2002-05-28,39.983333333333334,35.15,6.216666666666667,8.983333333333333,6.166666666666667,
2002-05-29,39.950819672131146,35.131147540983605,6.213114754098361,9.032786885245901,6.163934426229508,
2002-05-30,39.935483870967744,35.096774193548384,6.209677419354839,9.064516129032258,6.161290322580645,
2002-05-31,39.92063492063492,35.06349206349206,6.222222222222222,9.095238095238095,6.158730158730159,
2002-06-01,39.92063492063492,35.06349206349206,6.222222222222222,9.095238095238095,6.158730158730159,
2002-06-02,39.92063492063492,35.06349206349206,6.222222222222222,9.095238095238095,6.158730158730159,
2002-06-03,39.92063492063492,35.06349206349206,6.222222222222222,9.095238095238095,6.158730158730159,
2002-06-04,39.921875,35.0625,6.21875,9.09375,6.15625,
2002-06-05,39.921875,35.0625,6.21875,9.09375,6.15625,
2002-06-06,39.9,35.03846153846154,6.2384615384615385,9.107692307692307,6.153846153846154,
2002-06-07,39.9,35.03846153846154,6.2384615384615385,9.107692307692307,6.153846153846154,
2002-06-08,39.9,35.03846153846154,6.2384615384615385,9.107692307692307,6.153846153846154,
2002-06-09,39.9,35.03846153846154,6.2384615384615385,9.107692307692307,6.153846153846154,
2002-06-10,39.9,35.03846153846154,6.2384615384615385,9.107692307692307,6.153846153846154,
2002-06-11,39.9,35.03846153846154,6.2384615384615385,9.107692307692307,6.153846153846154,
2002-06-12,39.871212121212125,35.053030303030305,6.234848484848484,9.121212121212121,6.151515151515151,
2002-06-13,39.85820895522388,35.05223880597015,6.2388059701492535,9.14179104477612,6.141791044776119,
2002-06-14,39.85820895522388,35.05223880597015,6.2388059701492535,9.14179104477612,6.141791044776119,
2002-06-15,39.85820895522388,35.05223880597015,6.2388059701492535,9.14179104477612,6.141791044776119,
2002-06-16,39.85820895522388,35.05223880597015,6.2388059701492535,9.14179104477612,6.141791044776119,
2002-06-17,39.85820895522388,35.05223880597015,6.2388059701492535,9.14179104477612,6.141791044776119,
2002-06-18,39.85820895522388,35.05223880597015,6.2388059701492535,9.14179104477612,6.141791044776119,
2002-06-19,39.830882352941174,35.06617647058823,6.235294117647059,9.154411764705882,6.139705882352941,
2002-06-20,39.80434782608695,35.05072463768116,6.246376811594203,9.166666666666666,6.13768115942029,
2002-06-21,39.792857142857144,35.06428571428572,6.257142857142857,9.178571428571429,6.135714285714286,
2002-06-22,39.792857142857144,35.06428571428572,6.257142857142857,9.178571428571429,6.135714285714286,
2002-06-23,39.792857142857144,35.06428571428572,6.257142857142857,9.178571428571429,6.135714285714286,
2002-06-24,39.792857142857144,35.06428571428572,6.257142857142857,9.178571428571429,6.135714285714286,
2002-06-25,39.792857142857144,35.06428571428572,6.257142857142857,9.178571428571429,6.135714285714286,
2002-06-26,39.809859154929576,35.063380281690144,6.253521126760563,9.17605633802817,6.119718309859155,
2002-06-27,39.80555555555556,35.06944444444444,6.25,9.180555555555555,6.111111111111111,
2002-06-28,39.80555555555556,35.06944444444444,6.25,9.180555555555555,6.111111111111111,
2002-06-29,39.80555555555556,35.06944444444444,6.25,9.180555555555555,6.111111111111111,
2002-06-30,39.80555555555556,35.06944444444444,6.25,9.180555555555555,6.111111111111111,
2002-07-01,39.80555555555556,35.06944444444444,6.25,9.180555555555555,6.111111111111111,
2002-07-02,39.794520547945204,35.082191780821915,6.2465753424657535,9.178082191780822,6.109589041095891,
2002-07-03,39.794520547945204,35.082191780821915,6.2465753424657535,9.178082191780822,6.109589041095891,
2002-07-04,39.78378378378378,35.08108108108108,6.243243243243243,9.175675675675675,6.108108108108108,
2002-07-05,39.78666666666667,35.093333333333334,6.24,9.173333333333334,6.1066666666666665,
2002-07-06,39.78666666666667,35.093333333333334,6.24,9.173333333333334,6.1066666666666665,
2002-07-07,39.78666666666667,35.093333333333334,6.24,9.173333333333334,6.1066666666666665,
2002-07-08,39.78666666666667,35.093333333333334,6.24,9.173333333333334,6.1066666666666665,
2002-07-09,39.78666666666667,35.093333333333334,6.24,9.173333333333334,6.1066666666666665,
2002-07-10,39.776315789473685,35.10526315789474,6.25,9.157894736842104,6.105263157894737,
2002-07-11,39.77922077922078,35.103896103896105,6.246753246753247,9.155844155844155,6.097402597402597,
2002-07-12,39.77922077922078,35.103896103896105,6.246753246753247,9.155844155844155,6.097402597402597,
2002-07-13,39.77922077922078,35.103896103896105,6.246753246753247,9.155844155844155,6.097402597402597,
2002-07-14,39.77922077922078,35.103896103896105,6.246753246753247,9.155844155844155,6.097402597402597,
2002-07-15,39.77922077922078,35.103896103896105,6.246753246753247,9.155844155844155,6.097402597402597,
2002-07-16,39.77922077922078,35.103896103896105,6.246753246753247,9.155844155844155,6.097402597402597,
2002-07-17,39.782051282051285,35.12820512820513,6.243589743589744,9.14102564102564,6.083333333333333,
2002-07-18,39.79746835443038,35.12658227848101,6.2405063291139244,9.139240506329115,6.069620253164557,
2002-07-19,39.8,35.125,6.2375,9.1375,6.06875,
2002-07-20,39.8,35.125,6.2375,9.1375,6.06875,
2002-07-21,39.8,35.125,6.2375,9.1375,6.06875,
2002-07-22,39.8,35.125,6.2375,9.1375,6.06875,
2002-07-23,39.8,35.125,6.2375,9.1375,6.06875,
2002-07-24,39.80246913580247,35.135802469135804,6.234567901234568,9.135802469135802,6.067901234567901,
2002-07-25,39.792682926829265,35.1219512195122,6.2439024390243905,9.134146341463415,6.067073170731708,
2002-07-26,39.80722891566265,35.12048192771084,6.253012048192771,9.132530120481928,6.054216867469879,
2002-07-27,39.80722891566265,35.12048192771084,6.253012048192771,9.132530120481928,6.054216867469879,
2002-07-28,39.80722891566265,35.12048192771084,6.253012048192771,9.132530120481928,6.054216867469879,
2002-07-29,39.80722891566265,35.12048192771084,6.253012048192771,9.132530120481928,6.054216867469879,
2002-07-30,39.80722891566265,35.12048192771084,6.253012048192771,9.132530120481928,6.054216867469879,
2002-07-31,39.833333333333336,35.11904761904762,6.25,9.130952380952381,6.041666666666667,
2002-08-01,39.833333333333336,35.11904761904762,6.25,9.130952380952381,6.041666666666667,
2002-08-02,39.83529411764706,35.11176470588235,6.258823529411765,9.123529411764705,6.035294117647059,
2002-08-03,39.83529411764706,35.11176470588235,6.258823529411765,9.123529411764705,6.035294117647059,
2002-08-04,39.83529411764706,35.11176470588235,6.258823529411765,9.123529411764705,6.035294117647059,
2002-08-05,39.83529411764706,35.11176470588235,6.258823529411765,9.123529411764705,6.035294117647059,
2002-08-06,39.83529411764706,35.11176470588235,6.258823529411765,9.123529411764705,6.035294117647059,
2002-08-07,39.86046511627907,35.11046511627907,6.255813953488372,9.122093023255815,6.023255813953488,
2002-08-08,39.87356321839081,35.09770114942529,6.264367816091954,9.120689655172415,6.0,
2002-08-09,39.88636363636363,35.08522727272727,6.2727272727272725,9.119318181818182,5.988636363636363,
2002-08-10,39.88636363636363,35.08522727272727,6.2727272727272725,9.119318181818182,5.988636363636363,
2002-08-11,39.88636363636363,35.08522727272727,6.2727272727272725,9.119318181818182,5.988636363636363,
2002-08-12,39.89887640449438,35.07303370786517,6.269662921348314,9.117977528089888,5.977528089887641,
2002-08-13,39.89887640449438,35.07303370786517,6.269662921348314,9.117977528089888,5.977528089887641,
2002-08-14,39.91111111111111,35.07222222222222,6.266666666666667,9.127777777777778,5.955555555555556,
2002-08-15,39.91208791208791,35.06043956043956,6.274725274725275,9.137362637362637,5.945054945054945,
2002-08-16,39.91304347826087,35.04891304347826,6.282608695652174,9.146739130434783,5.934782608695652,
2002-08-17,39.913978494623656,35.05913978494624,6.290322580645161,9.134408602150538,5.924731182795699,
2002-08-18,39.913978494623656,35.05913978494624,6.290322580645161,9.134408602150538,5.924731182795699,
2002-08-19,39.913978494623656,35.05913978494624,6.290322580645161,9.134408602150538,5.924731182795699,
2002-08-20,39.913978494623656,35.05913978494624,6.290322580645161,9.134408602150538,5.924731182795699,
2002-08-21,39.913978494623656,35.05913978494624,6.290322580645161,9.134408602150538,5.924731182795699,
2002-08-22,39.91489361702128,35.047872340425535,6.287234042553192,9.132978723404255,5.925531914893617,
2002-08-23,39.915789473684214,35.05789473684211,6.294736842105263,9.126315789473685,5.910526315789474,
2002-08-24,39.915789473684214,35.05789473684211,6.294736842105263,9.126315789473685,5.910526315789474,
2002-08-25,39.915789473684214,35.05789473684211,6.294736842105263,9.126315789473685,5.910526315789474,
2002-08-26,39.915789473684214,35.05789473684211,6.294736842105263,9.126315789473685,5.910526315789474,
2002-08-27,39.915789473684214,35.05789473684211,6.294736842105263,9.126315789473685,5.910526315789474,
2002-08-28,39.916666666666664,35.088541666666664,6.302083333333333,9.114583333333334,5.901041666666667,
2002-08-29,39.91752577319588,35.108247422680414,6.298969072164948,9.11340206185567,5.881443298969073,
2002-08-30,39.92857142857143,35.14795918367347,6.3061224489795915,9.091836734693878,5.862244897959184,
2002-08-31,39.92857142857143,35.14795918367347,6.3061224489795915,9.091836734693878,5.862244897959184,
2002-09-01,39.92857142857143,35.14795918367347,6.3061224489795915,9.091836734693878,5.862244897959184,
2002-09-02,39.92857142857143,35.14795918367347,6.3061224489795915,9.091836734693878,5.862244897959184,
2002-09-03,39.92857142857143,35.14795918367347,6.3061224489795915,9.091836734693878,5.862244897959184,
2002-09-04,39.91919191919192,35.186868686868685,6.313131313131313,9.080808080808081,5.843434343434343,
2002-09-05,39.91,35.205,6.31,9.07,5.835,
2002-09-06,39.90594059405941,35.23267326732673,6.321782178217822,9.064356435643564,5.816831683168317,
2002-09-07,39.90594059405941,35.23267326732673,6.321782178217822,9.064356435643564,5.816831683168317,
2002-09-08,39.90594059405941,35.23267326732673,6.321782178217822,9.064356435643564,5.816831683168317,
2002-09-09,39.88725490196079,35.26960784313726,6.333333333333333,9.058823529411764,5.799019607843137,
2002-09-10,39.86893203883495,35.29611650485437,6.339805825242719,9.048543689320388,5.781553398058253,
2002-09-11,39.85096153846154,35.32211538461539,6.355769230769231,9.048076923076923,5.774038461538462,
2002-09-12,39.833333333333336,35.34761904761905,6.3619047619047615,9.038095238095238,5.757142857142857,
2002-09-13,39.79716981132076,35.37735849056604,6.377358490566038,9.033018867924529,5.747169811320755,
2002-09-14,39.79716981132076,35.37735849056604,6.377358490566038,9.033018867924529,5.747169811320755,
2002-09-15,39.79716981132076,35.37735849056604,6.377358490566038,9.033018867924529,5.747169811320755,
2002-09-16,39.79716981132076,35.37735849056604,6.377358490566038,9.033018867924529,5.747169811320755,
2002-09-17,39.79716981132076,35.37735849056604,6.377358490566038,9.033018867924529,5.747169811320755,
2002-09-18,39.7803738317757,35.42056074766355,6.383177570093458,9.023364485981308,5.730841121495327,
2002-09-19,39.7803738317757,35.42056074766355,6.383177570093458,9.023364485981308,5.730841121495327,
2002-09-20,39.7803738317757,35.42056074766355,6.383177570093458,9.023364485981308,5.730841121495327,
2002-09-21,39.7803738317757,35.42056074766355,6.383177570093458,9.023364485981308,5.730841121495327,
2002-09-22,39.7803738317757,35.42056074766355,6.383177570093458,9.023364485981308,5.730841121495327,
2002-09-23,39.7803738317757,35.42056074766355,6.383177570093458,9.023364485981308,5.730841121495327,
2002-09-24,39.7803738317757,35.42056074766355,6.383177570093458,9.023364485981308,5.730841121495327,
2002-09-25,39.7803738317757,35.42056074766355,6.383177570093458,9.023364485981308,5.730841121495327,
2002-09-26,39.773148148148145,35.44444444444444,6.407407407407407,9.00462962962963,5.714814814814815,
2002-09-27,39.773148148148145,35.44444444444444,6.407407407407407,9.00462962962963,5.714814814814815,
2002-09-28,39.773148148148145,35.44444444444444,6.407407407407407,9.00462962962963,5.714814814814815,
2002-09-29,39.773148148148145,35.44444444444444,6.407407407407407,9.00462962962963,5.714814814814815,
2002-09-30,39.773148148148145,35.44444444444444,6.407407407407407,9.00462962962963,5.714814814814815,
2002-10-01,39.76605504587156,35.477064220183486,6.440366972477064,8.986238532110091,5.689908256880734,
2002-10-02,39.76605504587156,35.477064220183486,6.440366972477064,8.986238532110091,5.689908256880734,
2002-10-03,39.768181818181816,35.5,6.463636363636364,8.968181818181819,5.674545454545455,
2002-10-04,39.76126126126126,35.52252252252252,6.486486486486487,8.95045045045045,5.65945945945946,
2002-10-05,39.76126126126126,35.52252252252252,6.486486486486487,8.95045045045045,5.65945945945946,
2002-10-06,39.76126126126126,35.52252252252252,6.486486486486487,8.95045045045045,5.65945945945946,
2002-10-07,39.76126126126126,35.52252252252252,6.486486486486487,8.95045045045045,5.65945945945946,
2002-10-08,39.76126126126126,35.52252252252252,6.486486486486487,8.95045045045045,5.65945945945946,
2002-10-09,39.763392857142854,35.544642857142854,6.517857142857143,8.924107142857142,5.644642857142857,
2002-10-10,39.76548672566372,35.56637168141593,6.530973451327434,8.9070796460177,5.6300884955752215,
2002-10-11,39.75877192982456,35.58771929824562,6.552631578947368,8.890350877192983,5.615789473684211,
2002-10-12,39.75877192982456,35.58771929824562,6.552631578947368,8.890350877192983,5.615789473684211,
2002-10-13,39.75877192982456,35.58771929824562,6.552631578947368,8.890350877192983,5.615789473684211,
2002-10-14,39.75877192982456,35.58771929824562,6.552631578947368,8.890350877192983,5.615789473684211,
2002-10-15,39.75877192982456,35.58771929824562,6.552631578947368,8.890350877192983,5.615789473684211,
2002-10-16,39.75877192982456,35.58771929824562,6.552631578947368,8.890350877192983,5.615789473684211,
2002-10-17,39.76086956521739,35.60434782608696,6.582608695652174,8.865217391304348,5.597391304347826,
2002-10-18,39.76293103448276,35.62068965517241,6.603448275862069,8.84051724137931,5.583620689655173,
2002-10-19,39.76293103448276,35.62068965517241,6.603448275862069,8.84051724137931,5.583620689655173,
2002-10-20,39.76293103448276,35.62068965517241,6.603448275862069,8.84051724137931,5.583620689655173,
2002-10-21,39.76293103448276,35.62068965517241,6.603448275862069,8.84051724137931,5.583620689655173,
2002-10-22,39.76293103448276,35.62068965517241,6.603448275862069,8.84051724137931,5.583620689655173,
2002-10-23,39.77350427350427,35.63247863247863,6.632478632478633,8.824786324786325,5.561538461538462,
2002-10-24,39.78389830508475,35.644067796610166,6.661016949152542,8.80084745762712,5.5398305084745765,
2002-10-25,39.794117647058826,35.64705882352941,6.689075630252101,8.777310924369749,5.526890756302522,
2002-10-26,39.794117647058826,35.64705882352941,6.689075630252101,8.777310924369749,5.526890756302522,
2002-10-27,39.794117647058826,35.64705882352941,6.689075630252101,8.777310924369749,5.526890756302522,
2002-10-28,39.794117647058826,35.64705882352941,6.689075630252101,8.777310924369749,5.526890756302522,
2002-10-29,39.794117647058826,35.64705882352941,6.689075630252101,8.777310924369749,5.526890756302522,
2002-10-30,39.82083333333333,35.641666666666666,6.716666666666667,8.754166666666666,5.505833333333333,
2002-10-31,39.83884297520661,35.63636363636363,6.743801652892562,8.723140495867769,5.493388429752066,
2002-11-01,39.864754098360656,35.631147540983605,6.762295081967213,8.700819672131148,5.481147540983607,
2002-11-02,39.864754098360656,35.631147540983605,6.762295081967213,8.700819672131148,5.481147540983607,
2002-11-03,39.864754098360656,35.631147540983605,6.762295081967213,8.700819672131148,5.481147540983607,
2002-11-04,39.864754098360656,35.631147540983605,6.762295081967213,8.700819672131148,5.481147540983607,
2002-11-05,39.864754098360656,35.631147540983605,6.762295081967213,8.700819672131148,5.481147540983607,
2002-11-06,39.90650406504065,35.609756097560975,6.788617886178862,8.670731707317072,5.469105691056911,
2002-11-07,39.939516129032256,35.596774193548384,6.814516129032258,8.641129032258064,5.45725806451613,
2002-11-08,39.939516129032256,35.596774193548384,6.814516129032258,8.641129032258064,5.45725806451613,
2002-11-09,39.939516129032256,35.596774193548384,6.814516129032258,8.641129032258064,5.45725806451613,
2002-11-10,39.939516129032256,35.596774193548384,6.814516129032258,8.641129032258064,5.45725806451613,
2002-11-11,39.939516129032256,35.596774193548384,6.814516129032258,8.641129032258064,5.45725806451613,
2002-11-12,39.939516129032256,35.596774193548384,6.814516129032258,8.641129032258064,5.45725806451613,
2002-11-13,39.988,35.568,6.84,8.612,5.445600000000001,
2002-11-14,40.035714285714285,35.53968253968254,6.857142857142857,8.583333333333334,5.442063492063492,
2002-11-15,40.07244094488189,35.51784776902887,6.877690288713911,8.559842519685038,5.430708661417323,
2002-11-16,40.07244094488189,35.51784776902887,6.877690288713911,8.559842519685038,5.430708661417323,
2002-11-17,40.07244094488189,35.51784776902887,6.877690288713911,8.559842519685038,5.430708661417323,
2002-11-18,40.07244094488189,35.51784776902887,6.877690288713911,8.559842519685038,5.430708661417323,
2002-11-19,40.07244094488189,35.51784776902887,6.877690288713911,8.559842519685038,5.430708661417323,
2002-11-20,40.07244094488189,35.51784776902887,6.877690288713911,8.559842519685038,5.430708661417323,
2002-11-21,40.134375,35.47083333333333,6.905989583333334,8.53203125,5.41953125,
2002-11-22,40.134375,35.47083333333333,6.905989583333334,8.53203125,5.41953125,
2002-11-23,40.134375,35.47083333333333,6.905989583333334,8.53203125,5.41953125,
2002-11-24,40.134375,35.47083333333333,6.905989583333334,8.53203125,5.41953125,
2002-11-25,40.134375,35.47083333333333,6.905989583333334,8.53203125,5.41953125,
2002-11-26,40.134375,35.47083333333333,6.905989583333334,8.53203125,5.41953125,
2002-11-27,40.21085271317829,35.41291989664082,6.929974160206719,8.504651162790697,5.408527131782946,
2002-11-28,40.286153846153844,35.35589743589743,6.953589743589744,8.477692307692307,5.397692307692308,
2002-11-29,40.34503816793893,35.31501272264631,6.984478371501273,8.451145038167938,5.387022900763359,
2002-11-30,40.34503816793893,35.31501272264631,6.984478371501273,8.451145038167938,5.387022900763359,
2002-12-01,40.34503816793893,35.31501272264631,6.984478371501273,8.451145038167938,5.387022900763359,
2002-12-02,40.34503816793893,35.31501272264631,6.984478371501273,8.451145038167938,5.387022900763359,
2002-12-03,40.34503816793893,35.31501272264631,6.984478371501273,8.451145038167938,5.387022900763359,
2002-12-04,40.418181818181814,35.2520202020202,7.01489898989899,8.417424242424241,5.376515151515152,
2002-12-05,40.48270676691729,35.197493734335836,7.03734335839599,8.39172932330827,5.373684210526316,
2002-12-06,40.538805970149255,35.14378109452736,7.074378109452737,8.36641791044776,5.363432835820896,
2002-12-07,40.538805970149255,35.14378109452736,7.074378109452737,8.36641791044776,5.363432835820896,
2002-12-08,40.538805970149255,35.14378109452736,7.074378109452737,8.36641791044776,5.363432835820896,
2002-12-09,40.538805970149255,35.14378109452736,7.074378109452737,8.36641791044776,5.363432835820896,
2002-12-10,40.538805970149255,35.14378109452736,7.074378109452737,8.36641791044776,5.363432835820896,
2002-12-11,40.59407407407407,35.09827160493827,7.103456790123457,8.334074074074074,5.3533333333333335,
2002-12-12,40.648529411764706,35.04975490196078,7.12843137254902,8.313235294117646,5.347058823529412,
2002-12-13,40.68759124087591,35.02749391727494,7.142092457420925,8.28905109489051,5.337226277372263,
2002-12-14,40.68759124087591,35.02749391727494,7.142092457420925,8.28905109489051,5.337226277372263,
2002-12-15,40.68759124087591,35.02749391727494,7.142092457420925,8.28905109489051,5.337226277372263,
2002-12-16,40.68759124087591,35.02749391727494,7.142092457420925,8.28905109489051,5.337226277372263,
2002-12-17,40.74057971014493,34.991062801932365,7.16280193236715,8.257971014492753,5.327536231884058,
2002-12-18,40.78992805755396,34.92925659472422,7.186810551558753,8.251079136690649,5.325179856115108,
2002-12-19,40.84142857142857,34.886904761904766,7.214047619047619,8.227857142857143,5.315714285714286,
2002-12-20,40.88510638297873,34.85224586288416,7.240898345153664,8.204964539007094,5.306382978723405,
2002-12-21,40.88510638297873,34.85224586288416,7.240898345153664,8.204964539007094,5.306382978723405,
2002-12-22,40.88510638297873,34.85224586288416,7.240898345153664,8.204964539007094,5.306382978723405,
2002-12-23,40.88510638297873,34.85224586288416,7.240898345153664,8.204964539007094,5.306382978723405,
2002-12-24,40.88510638297873,34.85224586288416,7.240898345153664,8.204964539007094,5.306382978723405,
2002-12-25,40.88510638297873,34.85224586288416,7.240898345153664,8.204964539007094,5.306382978723405,
2002-12-26,40.88510638297873,34.85224586288416,7.240898345153664,8.204964539007094,5.306382978723405,
2002-12-27,40.88510638297873,34.85224586288416,7.240898345153664,8.204964539007094,5.306382978723405,
2002-12-28,40.88510638297873,34.85224586288416,7.240898345153664,8.204964539007094,5.306382978723405,
2002-12-29,40.88510638297873,34.85224586288416,7.240898345153664,8.204964539007094,5.306382978723405,
2002-12-30,40.88510638297873,34.85224586288416,7.240898345153664,8.204964539007094,5.306382978723405,
2002-12-31,40.88510638297873,34.85224586288416,7.240898345153664,8.204964539007094,5.306382978723405,
2003-01-01,40.93521126760564,34.818075117370896,7.267370892018779,8.182394366197183,5.290140845070423,
2003-01-02,40.93521126760564,34.818075117370896,7.267370892018779,8.182394366197183,5.290140845070423,
2003-01-03,40.98111888111888,34.78438228438229,7.286480186480187,8.16013986013986,5.2846153846153845,
2003-01-04,40.98111888111888,34.78438228438229,7.286480186480187,8.16013986013986,5.2846153846153845,
2003-01-05,40.98111888111888,34.78438228438229,7.286480186480187,8.16013986013986,5.2846153846153845,
2003-01-06,40.98111888111888,34.78438228438229,7.286480186480187,8.16013986013986,5.2846153846153845,
2003-01-07,41.02291666666667,34.758101851851855,7.312268518518518,8.138194444444444,5.268750000000001,
2003-01-08,41.02291666666667,34.758101851851855,7.312268518518518,8.138194444444444,5.268750000000001,
2003-01-09,41.06413793103449,34.72528735632184,7.33080459770115,8.123448275862069,5.260000000000001,
2003-01-10,41.11164383561644,34.68607305936073,7.362785388127854,8.102054794520548,5.244520547945206,
2003-01-11,41.11164383561644,34.68607305936073,7.362785388127854,8.102054794520548,5.244520547945206,
2003-01-12,41.11164383561644,34.68607305936073,7.362785388127854,8.102054794520548,5.244520547945206,
2003-01-13,41.11164383561644,34.68607305936073,7.362785388127854,8.102054794520548,5.244520547945206,
2003-01-14,41.11164383561644,34.68607305936073,7.362785388127854,8.102054794520548,5.244520547945206,
2003-01-15,41.15170068027211,34.6609977324263,7.380725623582767,8.080952380952382,5.236054421768708,
2003-01-16,41.19797297297298,34.62274774774775,7.398423423423424,8.066891891891892,5.227702702702703,
2003-01-17,41.236912751677856,34.5917225950783,7.422595078299777,8.053020134228188,5.212751677852349,
2003-01-18,41.236912751677856,34.5917225950783,7.422595078299777,8.053020134228188,5.212751677852349,
2003-01-19,41.236912751677856,34.5917225950783,7.422595078299777,8.053020134228188,5.212751677852349,
2003-01-20,41.236912751677856,34.5917225950783,7.422595078299777,8.053020134228188,5.212751677852349,
2003-01-21,41.236912751677856,34.5917225950783,7.422595078299777,8.053020134228188,5.212751677852349,
2003-01-22,41.275333333333336,34.56777777777778,7.446444444444444,8.032666666666668,5.198,
2003-01-23,41.31324503311259,34.54415011037528,7.45673289183223,8.019205298013246,5.190066225165563,
2003-01-24,41.35065789473684,34.51754385964912,7.470175438596492,8.00592105263158,5.178947368421053,
2003-01-25,41.35065789473684,34.51754385964912,7.470175438596492,8.00592105263158,5.178947368421053,
2003-01-26,41.35065789473684,34.51754385964912,7.470175438596492,8.00592105263158,5.178947368421053,
2003-01-27,41.35065789473684,34.51754385964912,7.470175438596492,8.00592105263158,5.178947368421053,
2003-01-28,41.35065789473684,34.51754385964912,7.470175438596492,8.00592105263158,5.178947368421053,
2003-01-29,41.38104575163399,34.495860566448805,7.48115468409586,7.997058823529412,5.172549019607843,
2003-01-30,41.41753246753247,34.46666666666667,7.497510822510822,7.9840909090909085,5.164935064935065,
2003-01-31,41.453548387096774,34.43784946236559,7.513655913978494,7.977741935483871,5.150967741935483,
2003-02-01,41.453548387096774,34.43784946236559,7.513655913978494,7.977741935483871,5.150967741935483,
2003-02-02,41.453548387096774,34.43784946236559,7.513655913978494,7.977741935483871,5.150967741935483,
2003-02-03,41.453548387096774,34.43784946236559,7.513655913978494,7.977741935483871,5.150967741935483,
2003-02-04,41.50192307692308,34.39017094017094,7.536004273504273,7.971474358974358,5.137179487179487,
2003-02-05,41.50192307692308,34.39017094017094,7.536004273504273,7.971474358974358,5.137179487179487,
2003-02-06,41.54331210191083,34.35583864118896,7.551698513800424,7.958917197452229,5.129936305732484,
2003-02-07,41.5873417721519,34.321940928270045,7.567194092827004,7.946518987341772,5.119620253164557,
2003-02-08,41.5873417721519,34.321940928270045,7.567194092827004,7.946518987341772,5.119620253164557,
2003-02-09,41.5873417721519,34.321940928270045,7.567194092827004,7.946518987341772,5.119620253164557,
2003-02-10,41.5873417721519,34.321940928270045,7.567194092827004,7.946518987341772,5.119620253164557,
2003-02-11,41.627672955974845,34.27589098532495,7.595073375262054,7.940566037735849,5.1062893081761,
2003-02-12,41.627672955974845,34.27589098532495,7.595073375262054,7.940566037735849,5.1062893081761,
2003-02-13,41.67375,34.23041666666667,7.616354166666666,7.9346875,5.099375,
2003-02-14,41.7192546583851,34.185507246376815,7.643581780538302,7.922670807453416,5.086335403726708,
2003-02-15,41.7192546583851,34.185507246376815,7.643581780538302,7.922670807453416,5.086335403726708,
2003-02-16,41.7192546583851,34.185507246376815,7.643581780538302,7.922670807453416,5.086335403726708,
2003-02-17,41.7192546583851,34.185507246376815,7.643581780538302,7.922670807453416,5.086335403726708,
2003-02-18,41.7192546583851,34.185507246376815,7.643581780538302,7.922670807453416,5.086335403726708,
2003-02-19,41.7559670781893,34.14650205761317,7.661831275720165,7.91820987654321,5.07798353909465,
2003-02-20,41.79427402862986,34.10879345603272,7.682310838445808,7.912576687116564,5.071370143149284,
2003-02-21,41.83516260162602,34.077642276422765,7.696443089430894,7.900914634146342,5.061788617886179,
2003-02-22,41.83516260162602,34.077642276422765,7.696443089430894,7.900914634146342,5.061788617886179,
2003-02-23,41.83516260162602,34.077642276422765,7.696443089430894,7.900914634146342,5.061788617886179,
2003-02-24,41.83516260162602,34.077642276422765,7.696443089430894,7.900914634146342,5.061788617886179,
2003-02-25,41.83516260162602,34.077642276422765,7.696443089430894,7.900914634146342,5.061788617886179,
2003-02-26,41.86646464646464,34.04686868686869,7.722525252525252,7.88939393939394,5.049292929292929,
2003-02-27,41.86646464646464,34.04686868686869,7.722525252525252,7.88939393939394,5.049292929292929,
2003-02-28,41.90341365461847,34.01044176706827,7.742269076305221,7.881024096385542,5.042971887550201,
2003-03-01,41.90341365461847,34.01044176706827,7.742269076305221,7.881024096385542,5.042971887550201,
2003-03-02,41.90341365461847,34.01044176706827,7.742269076305221,7.881024096385542,5.042971887550201,
2003-03-03,41.90341365461847,34.01044176706827,7.742269076305221,7.881024096385542,5.042971887550201,
2003-03-04,41.93393213572854,33.98642714570858,7.761776447105788,7.869760479041916,5.030738522954092,
2003-03-05,41.93393213572854,33.98642714570858,7.761776447105788,7.869760479041916,5.030738522954092,
2003-03-06,41.9640873015873,33.95079365079365,7.7810515873015875,7.864583333333333,5.0246031746031745,
2003-03-07,42.005719921104536,33.90966469428008,7.806015779092703,7.853550295857988,5.012623274161736,
2003-03-08,42.005719921104536,33.90966469428008,7.806015779092703,7.853550295857988,5.012623274161736,
2003-03-09,42.005719921104536,33.90966469428008,7.806015779092703,7.853550295857988,5.012623274161736,
2003-03-10,42.005719921104536,33.90966469428008,7.806015779092703,7.853550295857988,5.012623274161736,
2003-03-11,42.005719921104536,33.90966469428008,7.806015779092703,7.853550295857988,5.012623274161736,
2003-03-12,42.04098039215686,33.88078431372549,7.824803921568628,7.8426470588235295,5.00078431372549,
2003-03-13,42.06998050682261,33.840545808966866,7.843372319688109,7.837719298245614,4.994931773879142,
2003-03-14,42.107364341085265,33.81531007751938,7.855910852713179,7.824127906976744,4.98624031007752,
2003-03-15,42.107364341085265,33.81531007751938,7.855910852713179,7.824127906976744,4.98624031007752,
2003-03-16,42.107364341085265,33.81531007751938,7.855910852713179,7.824127906976744,4.98624031007752,
2003-03-17,42.107364341085265,33.81531007751938,7.855910852713179,7.824127906976744,4.98624031007752,
2003-03-18,42.107364341085265,33.81531007751938,7.855910852713179,7.824127906976744,4.98624031007752,
2003-03-19,42.13622350674374,33.782466281310214,7.873892100192679,7.822832369942196,4.9770712909441235,
2003-03-20,42.13622350674374,33.782466281310214,7.873892100192679,7.822832369942196,4.9770712909441235,
2003-03-21,42.16704980842912,33.75498084291188,7.888984674329502,7.81235632183908,4.971455938697318,
2003-03-22,42.16704980842912,33.75498084291188,7.888984674329502,7.81235632183908,4.971455938697318,
2003-03-23,42.183238095238096,33.744952380952384,7.906761904761905,7.802,4.960190476190476,
2003-03-24,42.183238095238096,33.744952380952384,7.906761904761905,7.802,4.960190476190476,
2003-03-25,42.183238095238096,33.744952380952384,7.906761904761905,7.802,4.960190476190476,
2003-03-26,42.183238095238096,33.744952380952384,7.906761904761905,7.802,4.960190476190476,
2003-03-27,42.183238095238096,33.744952380952384,7.906761904761905,7.802,4.960190476190476,
2003-03-28,42.20681818181818,33.72935606060606,7.920549242424243,7.789867424242424,4.952840909090909,
2003-03-29,42.20681818181818,33.72935606060606,7.920549242424243,7.789867424242424,4.952840909090909,
2003-03-30,42.20681818181818,33.72935606060606,7.920549242424243,7.789867424242424,4.952840909090909,
2003-03-31,42.20681818181818,33.72935606060606,7.920549242424243,7.789867424242424,4.952840909090909,
2003-04-01,42.21694915254237,33.725235404896424,7.937947269303201,7.779755178907721,4.94180790960452,
2003-04-02,42.21694915254237,33.725235404896424,7.937947269303201,7.779755178907721,4.94180790960452,
2003-04-03,42.21694915254237,33.725235404896424,7.937947269303201,7.779755178907721,4.94180790960452,
2003-04-04,42.23258426966292,33.712734082397006,7.955149812734082,7.769756554307116,4.9337078651685395,
2003-04-05,42.23258426966292,33.712734082397006,7.955149812734082,7.769756554307116,4.9337078651685395,
2003-04-06,42.23258426966292,33.712734082397006,7.955149812734082,7.769756554307116,4.9337078651685395,
2003-04-07,42.23258426966292,33.712734082397006,7.955149812734082,7.769756554307116,4.9337078651685395,
2003-04-08,42.23258426966292,33.712734082397006,7.955149812734082,7.769756554307116,4.9337078651685395,
2003-04-09,42.24245810055866,33.708752327746744,7.972160148975791,7.759869646182495,4.922905027932961,
2003-04-10,42.26333333333333,33.693703703703704,7.988981481481481,7.750092592592592,4.917777777777778,
2003-04-11,42.28121546961326,33.68434622467772,7.997329650092081,7.740423572744015,4.909944751381215,
2003-04-12,42.28121546961326,33.68434622467772,7.997329650092081,7.740423572744015,4.909944751381215,
2003-04-13,42.28121546961326,33.68434622467772,7.997329650092081,7.740423572744015,4.909944751381215,
2003-04-14,42.28121546961326,33.68434622467772,7.997329650092081,7.740423572744015,4.909944751381215,
2003-04-15,42.28121546961326,33.68434622467772,7.997329650092081,7.740423572744015,4.909944751381215,
2003-04-16,42.28956043956044,33.67399267399268,8.012179487179488,7.738553113553114,4.902747252747252,
2003-04-17,42.303005464480876,33.658014571949,8.024408014571948,7.735883424408015,4.897814207650273,
2003-04-18,42.32853260869565,33.638134057971016,8.040579710144927,7.721014492753624,4.8929347826086955,
2003-04-19,42.32853260869565,33.638134057971016,8.040579710144927,7.721014492753624,4.8929347826086955,
2003-04-20,42.32853260869565,33.638134057971016,8.040579710144927,7.721014492753624,4.8929347826086955,
2003-04-21,42.32853260869565,33.638134057971016,8.040579710144927,7.721014492753624,4.8929347826086955,
2003-04-22,42.32853260869565,33.638134057971016,8.040579710144927,7.721014492753624,4.8929347826086955,
2003-04-23,42.34297297297297,33.61846846846847,8.056576576576576,7.717117117117118,4.888108108108108,
2003-04-24,42.36801075268817,33.59901433691756,8.067025089605735,7.713261648745521,4.883333333333333,
2003-04-25,42.38743315508021,33.57976827094474,8.088057040998217,7.704099821746881,4.873262032085561,
2003-04-26,42.38743315508021,33.57976827094474,8.088057040998217,7.704099821746881,4.873262032085561,
2003-04-27,42.38743315508021,33.57976827094474,8.088057040998217,7.704099821746881,4.873262032085561,
2003-04-28,42.38743315508021,33.57976827094474,8.088057040998217,7.704099821746881,4.873262032085561,
2003-04-29,42.406648936170214,33.55540780141844,8.10354609929078,7.695035460992909,4.873936170212766,
2003-04-30,42.406648936170214,33.55540780141844,8.10354609929078,7.695035460992909,4.873936170212766,
2003-05-01,42.42566137566138,33.53130511463845,8.118871252204586,7.691358024691358,4.874603174603174,
2003-05-02,42.44973684210526,33.512719298245614,8.126140350877193,7.685087719298246,4.87,
2003-05-03,42.44973684210526,33.512719298245614,8.126140350877193,7.685087719298246,4.87,
2003-05-04,42.44973684210526,33.512719298245614,8.126140350877193,7.685087719298246,4.87,
2003-05-05,42.44973684210526,33.512719298245614,8.126140350877193,7.685087719298246,4.87,
2003-05-06,42.478795811518324,33.47862129144852,8.146422338568936,7.676265270506109,4.86544502617801,
2003-05-07,42.478795811518324,33.47862129144852,8.146422338568936,7.676265270506109,4.86544502617801,
2003-05-08,42.50234375,33.44487847222222,8.161284722222222,7.672743055555556,4.866145833333333,
2003-05-09,42.52564766839379,33.42184801381693,8.175993091537133,7.6692573402417965,4.861658031088083,
2003-05-10,42.52564766839379,33.42184801381693,8.175993091537133,7.6692573402417965,4.861658031088083,
2003-05-11,42.52564766839379,33.42184801381693,8.175993091537133,7.6692573402417965,4.861658031088083,
2003-05-12,42.52564766839379,33.42184801381693,8.175993091537133,7.6692573402417965,4.861658031088083,
2003-05-13,42.5590206185567,33.383591065292094,8.195704467353952,7.6606529209622,4.85721649484536,
2003-05-14,42.56589743589744,33.36316239316239,8.211623931623931,7.667008547008547,4.8538461538461535,
2003-05-15,42.593622448979595,33.32559523809524,8.230952380952381,7.6585034013605435,4.854591836734694,
2003-05-16,42.61598984771574,33.30363790186125,8.237394247038917,7.655160744500845,4.850253807106599,
2003-05-17,42.61598984771574,33.30363790186125,8.237394247038917,7.655160744500845,4.850253807106599,
2003-05-18,42.61598984771574,33.30363790186125,8.237394247038917,7.655160744500845,4.850253807106599,
2003-05-19,42.61598984771574,33.30363790186125,8.237394247038917,7.655160744500845,4.850253807106599,
2003-05-20,42.64318181818182,33.26675084175084,8.256397306397306,7.651851851851852,4.845959595959596,
2003-05-21,42.64318181818182,33.26675084175084,8.256397306397306,7.651851851851852,4.845959595959596,
2003-05-22,42.67261306532664,33.231490787269685,8.271440536013401,7.646063651591289,4.841708542713568,
2003-05-23,42.694250000000004,33.205333333333336,8.280083333333334,7.647833333333333,4.8375,
2003-05-24,42.694250000000004,33.205333333333336,8.280083333333334,7.647833333333333,4.8375,
2003-05-25,42.694250000000004,33.205333333333336,8.280083333333334,7.647833333333333,4.8375,
2003-05-26,42.694250000000004,33.205333333333336,8.280083333333334,7.647833333333333,4.8375,
2003-05-27,42.725621890547266,33.16451077943615,8.298590381426202,7.644610281923715,4.833333333333333,
2003-05-28,42.725621890547266,33.16451077943615,8.298590381426202,7.644610281923715,4.833333333333333,
2003-05-29,42.74678217821782,33.133993399339936,8.311963696369636,7.646369636963696,4.829207920792079,
2003-05-30,42.7628078817734,33.11855500821018,8.3252052545156,7.6431855500821015,4.825123152709359,
2003-05-31,42.7628078817734,33.11855500821018,8.3252052545156,7.6431855500821015,4.825123152709359,
2003-06-01,42.7628078817734,33.11855500821018,8.3252052545156,7.6431855500821015,4.825123152709359,
2003-06-02,42.7628078817734,33.11855500821018,8.3252052545156,7.6431855500821015,4.825123152709359,
2003-06-03,42.77377450980392,33.10326797385621,8.333415032679738,7.644934640522876,4.821078431372549,
2003-06-04,42.77377450980392,33.10326797385621,8.333415032679738,7.644934640522876,4.821078431372549,
2003-06-05,42.79926829268293,33.07349593495935,8.341544715447155,7.641788617886179,4.817073170731708,
2003-06-06,42.81723300970874,33.05857605177994,8.347168284789644,7.636245954692557,4.813106796116505,
2003-06-07,42.81723300970874,33.05857605177994,8.347168284789644,7.636245954692557,4.813106796116505,
2003-06-08,42.81723300970874,33.05857605177994,8.347168284789644,7.636245954692557,4.813106796116505,
2003-06-09,42.81723300970874,33.05857605177994,8.347168284789644,7.636245954692557,4.813106796116505,
2003-06-10,42.82777777777778,33.043800322061195,8.359983896940419,7.63317230273752,4.809178743961352,
2003-06-11,42.82777777777778,33.043800322061195,8.359983896940419,7.63317230273752,4.809178743961352,
2003-06-12,42.84302884615385,33.02916666666667,8.36786858974359,7.630128205128205,4.805288461538462,
2003-06-13,42.862918660287086,33.00988835725678,8.375677830940988,7.627113237639553,4.801435406698564,
2003-06-14,42.862918660287086,33.00988835725678,8.375677830940988,7.627113237639553,4.801435406698564,
2003-06-15,42.862918660287086,33.00988835725678,8.375677830940988,7.627113237639553,4.801435406698564,
2003-06-16,42.862918660287086,33.00988835725678,8.375677830940988,7.627113237639553,4.801435406698564,
2003-06-17,42.877857142857145,32.995555555555555,8.392936507936508,7.619365079365079,4.792857142857143,
2003-06-18,42.87890995260664,32.98088467614534,8.403870458135861,7.620221169036334,4.789099526066351,
2003-06-19,42.89599056603774,32.963286163522014,8.412578616352201,7.617295597484277,4.783018867924528,
2003-06-20,42.9199530516432,32.94937402190923,8.415336463223788,7.609702660406885,4.779342723004695,
2003-06-21,42.9199530516432,32.94937402190923,8.415336463223788,7.609702660406885,4.779342723004695,
2003-06-22,42.9199530516432,32.94937402190923,8.415336463223788,7.609702660406885,4.779342723004695,
2003-06-23,42.9199530516432,32.94937402190923,8.415336463223788,7.609702660406885,4.779342723004695,
2003-06-24,42.92967289719626,32.94026479750779,8.43208722741433,7.602180685358255,4.771028037383178,
2003-06-25,42.92967289719626,32.94026479750779,8.43208722741433,7.602180685358255,4.771028037383178,
2003-06-26,42.9393023255814,32.921937984496125,8.444031007751938,7.5993798449612395,4.767441860465116,
2003-06-27,42.95810185185186,32.908410493827155,8.44891975308642,7.591975308641975,4.763888888888889,
2003-06-28,42.95810185185186,32.908410493827155,8.44891975308642,7.591975308641975,4.763888888888889,
2003-06-29,42.95810185185186,32.908410493827155,8.44891975308642,7.591975308641975,4.763888888888889,
2003-06-30,42.95810185185186,32.908410493827155,8.44891975308642,7.591975308641975,4.763888888888889,
2003-07-01,42.95810185185186,32.908410493827155,8.44891975308642,7.591975308641975,4.763888888888889,
2003-07-02,42.96751152073733,32.9042242703533,8.456067588325652,7.584639016897081,4.76036866359447,
2003-07-03,42.981422018348624,32.89090214067278,8.463149847094801,7.577370030581039,4.756880733944954,
2003-07-04,42.99977168949772,32.87770167427701,8.470167427701675,7.574733637747336,4.7534246575342465,
2003-07-05,42.99977168949772,32.87770167427701,8.470167427701675,7.574733637747336,4.7534246575342465,
2003-07-06,42.99977168949772,32.87770167427701,8.470167427701675,7.574733637747336,4.7534246575342465,
2003-07-07,42.99977168949772,32.87770167427701,8.470167427701675,7.574733637747336,4.7534246575342465,
2003-07-08,43.004318181818185,32.87371212121212,8.477121212121212,7.572121212121211,4.75,
2003-07-09,43.004318181818185,32.87371212121212,8.477121212121212,7.572121212121211,4.75,
2003-07-10,43.013348416289595,32.86523378582202,8.488536953242836,7.5650075414781295,4.746606334841629,
2003-07-11,43.0268018018018,32.861336336336336,8.490840840840841,7.557957957957957,4.743243243243243,
2003-07-12,43.0268018018018,32.861336336336336,8.490840840840841,7.557957957957957,4.743243243243243,
2003-07-13,43.0268018018018,32.861336336336336,8.490840840840841,7.557957957957957,4.743243243243243,
2003-07-14,43.0268018018018,32.861336336336336,8.490840840840841,7.557957957957957,4.743243243243243,
2003-07-15,43.03565022421525,32.85747384155456,8.502092675635277,7.550971599402092,4.73542600896861,
2003-07-16,43.03565022421525,32.85747384155456,8.502092675635277,7.550971599402092,4.73542600896861,
2003-07-17,43.03995535714286,32.85364583333333,8.508779761904762,7.548511904761904,4.732142857142857,
2003-07-18,43.053111111111114,32.84762962962963,8.510962962962964,7.541629629629629,4.728888888888889,
2003-07-19,43.053111111111114,32.84762962962963,8.510962962962964,7.541629629629629,4.728888888888889,
2003-07-20,43.053111111111114,32.84762962962963,8.510962962962964,7.541629629629629,4.728888888888889,
2003-07-21,43.053111111111114,32.84762962962963,8.510962962962964,7.541629629629629,4.728888888888889,
2003-07-22,43.05730088495576,32.84387905604719,8.517551622418878,7.539233038348082,4.725663716814159,
2003-07-23,43.06343612334802,32.83046989720999,8.526284875183554,7.540822320117474,4.721145374449339,
2003-07-24,43.0719298245614,32.826827485380115,8.532748538011695,7.53406432748538,4.717982456140351,
2003-07-25,43.08034934497817,32.8188500727802,8.5391557496361,7.5317321688500725,4.714847161572052,
2003-07-26,43.08034934497817,32.8188500727802,8.5391557496361,7.5317321688500725,4.714847161572052,
2003-07-27,43.08034934497817,32.8188500727802,8.5391557496361,7.5317321688500725,4.714847161572052,
2003-07-28,43.08034934497817,32.8188500727802,8.5391557496361,7.5317321688500725,4.714847161572052,
2003-07-29,43.08869565217391,32.81094202898551,8.549855072463767,7.529420289855072,4.707391304347826,
2003-07-30,43.08869565217391,32.81094202898551,8.549855072463767,7.529420289855072,4.707391304347826,
2003-07-31,43.096969696969694,32.803102453102454,8.560461760461761,7.527128427128427,4.704329004329004,
2003-08-01,43.109482758620686,32.79533045977011,8.562356321839081,7.520545977011494,4.701293103448276,
2003-08-02,43.109482758620686,32.79533045977011,8.562356321839081,7.520545977011494,4.701293103448276,
2003-08-03,43.109482758620686,32.79533045977011,8.562356321839081,7.520545977011494,4.701293103448276,
2003-08-04,43.109482758620686,32.79533045977011,8.562356321839081,7.520545977011494,4.701293103448276,
2003-08-05,43.121888412017164,32.78762517882689,8.568526466380543,7.514020028612303,4.698283261802575,
2003-08-06,43.121888412017164,32.78762517882689,8.568526466380543,7.514020028612303,4.698283261802575,
2003-08-07,43.12564102564102,32.77998575498575,8.574643874643876,7.511823361823362,4.69957264957265,
2003-08-08,43.13787234042553,32.76815602836879,8.580709219858155,7.509645390070922,4.6965957446808515,
2003-08-09,43.13787234042553,32.76815602836879,8.580709219858155,7.509645390070922,4.6965957446808515,
2003-08-10,43.13787234042553,32.76815602836879,8.580709219858155,7.509645390070922,4.6965957446808515,
2003-08-11,43.13787234042553,32.76815602836879,8.580709219858155,7.509645390070922,4.6965957446808515,
2003-08-12,43.14576271186441,32.75642655367231,8.590960451977402,7.507485875706215,4.69364406779661,
2003-08-13,43.14576271186441,32.75642655367231,8.590960451977402,7.507485875706215,4.69364406779661,
2003-08-14,43.153586497890295,32.75323488045007,8.59690576652602,7.50112517580872,4.69493670886076,
2003-08-15,43.161344537815125,32.74166666666667,8.602801120448179,7.503221288515406,4.68781512605042,
2003-08-16,43.161344537815125,32.74166666666667,8.602801120448179,7.503221288515406,4.68781512605042,
2003-08-17,43.161344537815125,32.74166666666667,8.602801120448179,7.503221288515406,4.68781512605042,
2003-08-18,43.161344537815125,32.74166666666667,8.602801120448179,7.503221288515406,4.68781512605042,
2003-08-19,43.16066945606694,32.73019525801953,8.612831241283125,7.505299860529986,4.684937238493724,
2003-08-20,43.16291666666667,32.72298611111111,8.618194444444445,7.505694444444444,4.683333333333334,
2003-08-21,43.16639004149378,32.71583679114799,8.62392807745505,7.5035961272475795,4.680497925311204,
2003-08-22,43.17603305785124,32.70668044077135,8.629614325068871,7.499449035812671,4.677685950413223,
2003-08-23,43.17603305785124,32.70668044077135,8.629614325068871,7.499449035812671,4.677685950413223,
2003-08-24,43.17603305785124,32.70668044077135,8.629614325068871,7.499449035812671,4.677685950413223,
2003-08-25,43.17603305785124,32.70668044077135,8.629614325068871,7.499449035812671,4.677685950413223,
2003-08-26,43.17942386831276,32.69554183813443,8.639368998628258,7.497393689986282,4.674897119341564,
2003-08-27,43.19098360655738,32.68039617486339,8.649043715846995,7.499453551912568,4.668032786885246,
2003-08-28,43.198367346938774,32.66945578231292,8.658639455782314,7.497414965986394,4.66530612244898,
2003-08-29,43.20975609756098,32.65860433604336,8.66409214092141,7.491327913279132,4.662601626016261,
2003-08-30,43.20975609756098,32.65860433604336,8.66409214092141,7.491327913279132,4.662601626016261,
2003-08-31,43.20975609756098,32.65860433604336,8.66409214092141,7.491327913279132,4.662601626016261,
2003-09-01,43.20975609756098,32.65860433604336,8.66409214092141,7.491327913279132,4.662601626016261,
2003-09-02,43.212955465587044,32.647840755735494,8.673549257759785,7.489338731443994,4.659919028340081,
2003-09-03,43.212955465587044,32.647840755735494,8.673549257759785,7.489338731443994,4.659919028340081,
2003-09-04,43.21612903225807,32.64119623655914,8.682930107526882,7.4833333333333325,4.661290322580645,
2003-09-05,43.22730923694779,32.62657295850067,8.688219544846051,7.477376171352074,4.658634538152611,
2003-09-06,43.22730923694779,32.62657295850067,8.688219544846051,7.477376171352074,4.658634538152611,
2003-09-07,43.22730923694779,32.62657295850067,8.688219544846051,7.477376171352074,4.658634538152611,
2003-09-08,43.22730923694779,32.62657295850067,8.688219544846051,7.477376171352074,4.658634538152611,
2003-09-09,43.2344,32.61606666666667,8.701466666666667,7.475466666666666,4.652,
2003-09-10,43.2344,32.61606666666667,8.701466666666667,7.475466666666666,4.652,
2003-09-11,43.245418326693226,32.601660026560424,8.7066401062417,7.4735723771580345,4.653386454183267,
2003-09-12,43.25436507936508,32.59133597883598,8.70978835978836,7.469708994708994,4.650793650793651,
2003-09-13,43.25436507936508,32.59133597883598,8.70978835978836,7.469708994708994,4.650793650793651,
2003-09-14,43.25436507936508,32.59133597883598,8.70978835978836,7.469708994708994,4.650793650793651,
2003-09-15,43.25436507936508,32.59133597883598,8.70978835978836,7.469708994708994,4.650793650793651,
2003-09-16,43.26521739130435,32.58109354413702,8.718840579710145,7.467852437417655,4.644268774703558,
2003-09-17,43.27145669291339,32.56856955380577,8.725262467191602,7.469750656167979,4.640944881889763,
2003-09-18,43.282156862745104,32.55849673202614,8.730261437908498,7.463986928104575,4.642352941176471,
2003-09-19,43.2927734375,32.544596354166664,8.735221354166667,7.462174479166666,4.63984375,
2003-09-20,43.2927734375,32.544596354166664,8.735221354166667,7.462174479166666,4.63984375,
2003-09-21,43.2927734375,32.544596354166664,8.735221354166667,7.462174479166666,4.63984375,
2003-09-22,43.2927734375,32.544596354166664,8.735221354166667,7.462174479166666,4.63984375,
2003-09-23,43.30719844357977,32.5269130998703,8.744033722438392,7.460376134889754,4.633463035019455,
2003-09-24,43.30719844357977,32.5269130998703,8.744033722438392,7.460376134889754,4.633463035019455,
2003-09-25,43.31763565891473,32.513242894056845,8.752777777777778,7.454715762273902,4.634883720930232,
2003-09-26,43.33571428571429,32.49581724581724,8.761454311454312,7.449099099099099,4.632432432432433,
2003-09-27,43.33571428571429,32.49581724581724,8.761454311454312,7.449099099099099,4.632432432432433,
2003-09-28,43.33571428571429,32.49581724581724,8.761454311454312,7.449099099099099,4.632432432432433,
2003-09-29,43.33571428571429,32.49581724581724,8.761454311454312,7.449099099099099,4.632432432432433,
2003-09-30,43.361346153846156,32.47083333333333,8.773910256410257,7.443525641025641,4.626153846153846,
2003-10-01,43.361346153846156,32.47083333333333,8.773910256410257,7.443525641025641,4.626153846153846,
2003-10-02,43.382950191570885,32.44987228607918,8.786270753512133,7.434163473818646,4.623754789272031,
2003-10-03,43.40820610687023,32.42907124681933,8.79472010178117,7.424872773536896,4.617557251908397,
2003-10-04,43.40820610687023,32.42907124681933,8.79472010178117,7.424872773536896,4.617557251908397,
2003-10-05,43.40820610687023,32.42907124681933,8.79472010178117,7.424872773536896,4.617557251908397,
2003-10-06,43.40820610687023,32.42907124681933,8.79472010178117,7.424872773536896,4.617557251908397,
2003-10-07,43.43326996197719,32.40462610899873,8.803105196451204,7.419455006337135,4.615209125475285,
2003-10-08,43.43326996197719,32.40462610899873,8.803105196451204,7.419455006337135,4.615209125475285,
2003-10-09,43.45814393939394,32.38415404040404,8.811426767676767,7.410290404040404,4.612878787878787,
2003-10-10,43.477169811320756,32.36761006289308,8.817798742138365,7.403081761006289,4.606792452830189,
2003-10-11,43.477169811320756,32.36761006289308,8.817798742138365,7.403081761006289,4.606792452830189,
2003-10-12,43.477169811320756,32.36761006289308,8.817798742138365,7.403081761006289,4.606792452830189,
2003-10-13,43.477169811320756,32.36761006289308,8.817798742138365,7.403081761006289,4.606792452830189,
2003-10-14,43.505451127819555,32.33991228070175,8.826002506265665,7.397807017543859,4.604511278195488,
2003-10-15,43.517790262172284,32.31953807740325,8.834893882646691,7.399313358302122,4.603370786516853,
2003-10-16,43.538246268656714,32.29968905472637,8.84297263681592,7.394092039800995,4.601119402985074,
2003-10-17,43.562267657992564,32.27627013630732,8.850991325898388,7.385192069392812,4.595167286245353,
2003-10-18,43.562267657992564,32.27627013630732,8.850991325898388,7.385192069392812,4.595167286245353,
2003-10-19,43.562267657992564,32.27627013630732,8.850991325898388,7.385192069392812,4.595167286245353,
2003-10-20,43.562267657992564,32.27627013630732,8.850991325898388,7.385192069392812,4.595167286245353,
2003-10-21,43.589814814814815,32.24932098765432,8.85895061728395,7.380061728395061,4.592962962962963,
2003-10-22,43.61346863468635,32.22257072570726,8.870541205412053,7.374969249692496,4.587084870848708,
2003-10-23,43.635110294117645,32.19969362745098,8.880208333333332,7.371752450980392,4.58125,
2003-10-24,43.654761904761905,32.18064713064713,8.886141636141636,7.366727716727716,4.577289377289377,
2003-10-25,43.654761904761905,32.18064713064713,8.886141636141636,7.366727716727716,4.577289377289377,
2003-10-26,43.654761904761905,32.18064713064713,8.886141636141636,7.366727716727716,4.577289377289377,
2003-10-27,43.654761904761905,32.18064713064713,8.886141636141636,7.366727716727716,4.577289377289377,
2003-10-28,43.681569343065696,32.15079075425791,8.893856447688563,7.365389294403893,4.575182481751824,
2003-10-29,43.681569343065696,32.15079075425791,8.893856447688563,7.365389294403893,4.575182481751824,
2003-10-30,43.70454545454545,32.124787878787885,8.90151515151515,7.3640606060606055,4.573090909090909,
2003-10-31,43.73097826086956,32.095350241545894,8.909118357487921,7.359118357487922,4.571014492753623,
2003-11-01,43.73097826086956,32.095350241545894,8.909118357487921,7.359118357487922,4.571014492753623,
2003-11-02,43.73097826086956,32.095350241545894,8.909118357487921,7.359118357487922,4.571014492753623,
2003-11-03,43.73097826086956,32.095350241545894,8.909118357487921,7.359118357487922,4.571014492753623,
2003-11-04,43.73097826086956,32.095350241545894,8.909118357487921,7.359118357487922,4.571014492753623,
2003-11-05,43.7572202166065,32.06251504211793,8.916666666666666,7.354211793020457,4.572563176895306,
2003-11-06,43.77607913669065,32.0371103117506,8.924160671462829,7.352937649880095,4.570503597122302,
2003-11-07,43.801971326164875,32.00830346475508,8.928016726403822,7.3516726403823185,4.568458781362007,
2003-11-08,43.801971326164875,32.00830346475508,8.928016726403822,7.3516726403823185,4.568458781362007,
2003-11-09,43.801971326164875,32.00830346475508,8.928016726403822,7.3516726403823185,4.568458781362007,
2003-11-10,43.801971326164875,32.00830346475508,8.928016726403822,7.3516726403823185,4.568458781362007,
2003-11-11,43.82053571428571,31.983273809523812,8.935416666666667,7.346845238095239,4.569999999999999,
2003-11-12,43.83149466192171,31.962336892052193,8.943119810201662,7.347034400948992,4.570818505338079,
2003-11-13,43.85336879432624,31.934101654846334,8.950413711583925,7.342257683215131,4.572340425531915,
2003-11-14,43.87155477031802,31.916666666666664,8.955889281507657,7.3357479387514735,4.570318021201413,
2003-11-15,43.87155477031802,31.916666666666664,8.955889281507657,7.3357479387514735,4.570318021201413,
2003-11-16,43.87155477031802,31.916666666666664,8.955889281507657,7.3357479387514735,4.570318021201413,
2003-11-17,43.87155477031802,31.916666666666664,8.955889281507657,7.3357479387514735,4.570318021201413,
2003-11-18,43.88609154929577,31.892312206572768,8.963086854460094,7.334565727699531,4.5718309859154935,
2003-11-19,43.88609154929577,31.892312206572768,8.963086854460094,7.334565727699531,4.5718309859154935,
2003-11-20,43.907543859649124,31.864619883040934,8.966725146198831,7.333391812865498,4.573333333333333,
2003-11-21,43.92534965034965,31.844114219114218,8.9738344988345,7.332226107226108,4.5695804195804195,
2003-11-22,43.92534965034965,31.844114219114218,8.9738344988345,7.332226107226108,4.5695804195804195,
2003-11-23,43.92534965034965,31.844114219114218,8.9738344988345,7.332226107226108,4.5695804195804195,
2003-11-24,43.92534965034965,31.844114219114218,8.9738344988345,7.332226107226108,4.5695804195804195,
2003-11-25,43.936062717770035,31.82375145180023,8.98089430894309,7.331068524970965,4.571080139372823,
2003-11-26,43.936062717770035,31.82375145180023,8.98089430894309,7.331068524970965,4.571080139372823,
2003-11-27,43.95017361111111,31.80353009259259,8.984432870370371,7.329918981481482,4.5725694444444445,
2003-11-28,43.9659169550173,31.790369088811993,8.989677047289504,7.325317185697809,4.5688581314878896,
2003-11-29,43.9659169550173,31.790369088811993,8.989677047289504,7.325317185697809,4.5688581314878896,
2003-11-30,43.9659169550173,31.790369088811993,8.989677047289504,7.325317185697809,4.5688581314878896,
2003-12-01,43.9659169550173,31.790369088811993,8.989677047289504,7.325317185697809,4.5688581314878896,
2003-12-02,43.979827586206895,31.770402298850573,8.9966091954023,7.324195402298852,4.566896551724138,
2003-12-03,43.979827586206895,31.770402298850573,8.9966091954023,7.324195402298852,4.566896551724138,
2003-12-04,43.99707903780069,31.750572737686138,9.000057273768615,7.3230813287514325,4.5683848797250866,
2003-12-05,44.021061643835615,31.730878995433788,9.003481735159818,7.318550228310503,4.5630136986301375,
2003-12-06,44.021061643835615,31.730878995433788,9.003481735159818,7.318550228310503,4.5630136986301375,
2003-12-07,44.021061643835615,31.730878995433788,9.003481735159818,7.318550228310503,4.5630136986301375,
2003-12-08,44.021061643835615,31.730878995433788,9.003481735159818,7.318550228310503,4.5630136986301375,
2003-12-09,44.03464163822525,31.7113196814562,9.010295790671218,7.314050056882822,4.5645051194539255,
2003-12-10,44.03464163822525,31.7113196814562,9.010295790671218,7.314050056882822,4.5645051194539255,
2003-12-11,44.05493197278911,31.68849206349206,9.013662131519276,7.312981859410431,4.562585034013606,
2003-12-12,44.071694915254234,31.67090395480226,9.017005649717515,7.3085310734463285,4.560677966101696,
2003-12-13,44.071694915254234,31.67090395480226,9.017005649717515,7.3085310734463285,4.560677966101696,
2003-12-14,44.071694915254234,31.67090395480226,9.017005649717515,7.3085310734463285,4.560677966101696,
2003-12-15,44.071694915254234,31.67090395480226,9.017005649717515,7.3085310734463285,4.560677966101696,
2003-12-16,44.08158783783784,31.655123873873872,9.023704954954956,7.30748873873874,4.562162162162163,
2003-12-17,44.09276094276094,31.634399551066217,9.031705948372615,7.309147025813692,4.562962962962963,
2003-12-18,44.107550335570465,31.61717002237136,9.036633109619686,7.3081096196868005,4.562751677852349,
2003-12-19,44.12391304347826,31.59838350055741,9.043199554069119,7.303734671125976,4.560869565217391,
2003-12-20,44.12391304347826,31.59838350055741,9.043199554069119,7.303734671125976,4.560869565217391,
2003-12-21,44.12391304347826,31.59838350055741,9.043199554069119,7.303734671125976,4.560869565217391,
2003-12-22,44.140166666666666,31.586388888888887,9.046388888888888,7.299388888888888,4.559,
2003-12-23,44.140166666666666,31.586388888888887,9.046388888888888,7.299388888888888,4.559,
2003-12-24,44.140166666666666,31.586388888888887,9.046388888888888,7.299388888888888,4.559,
2003-12-25,44.140166666666666,31.586388888888887,9.046388888888888,7.299388888888888,4.559,
2003-12-26,44.140166666666666,31.586388888888887,9.046388888888888,7.299388888888888,4.559,
2003-12-27,44.140166666666666,31.586388888888887,9.046388888888888,7.299388888888888,4.559,
2003-12-28,44.140166666666666,31.586388888888887,9.046388888888888,7.299388888888888,4.559,
2003-12-29,44.140166666666666,31.586388888888887,9.046388888888888,7.299388888888888,4.559,
2003-12-30,44.140166666666666,31.586388888888887,9.046388888888888,7.299388888888888,4.559,
2003-12-31,44.1563122923588,31.57115171650055,9.052879291251383,7.295071982281285,4.557142857142857,
2004-01-01,44.16903973509933,31.559326710816777,9.056015452538631,7.290783664459161,4.555298013245033,
2004-01-02,44.16903973509933,31.559326710816777,9.056015452538631,7.290783664459161,4.555298013245033,
2004-01-03,44.16903973509933,31.559326710816777,9.056015452538631,7.290783664459161,4.555298013245033,
2004-01-04,44.16903973509933,31.559326710816777,9.056015452538631,7.290783664459161,4.555298013245033,
2004-01-05,44.16903973509933,31.559326710816777,9.056015452538631,7.290783664459161,4.555298013245033,
2004-01-06,44.18168316831683,31.547579757975797,9.059130913091309,7.286523652365236,4.5534653465346535,
2004-01-07,44.18168316831683,31.547579757975797,9.059130913091309,7.286523652365236,4.5534653465346535,
2004-01-08,44.19095394736842,31.532620614035086,9.062225877192981,7.285581140350877,4.554934210526316,
2004-01-09,44.20344262295082,31.514480874316938,9.065300546448087,7.284644808743169,4.556393442622951,
2004-01-10,44.20344262295082,31.514480874316938,9.065300546448087,7.284644808743169,4.556393442622951,
2004-01-11,44.20344262295082,31.514480874316938,9.065300546448087,7.284644808743169,4.556393442622951,
2004-01-12,44.20344262295082,31.514480874316938,9.065300546448087,7.284644808743169,4.556393442622951,
2004-01-13,44.21584967320261,31.499727668845313,9.071623093681916,7.280446623093682,4.557843137254902,
2004-01-14,44.21584967320261,31.499727668845313,9.071623093681916,7.280446623093682,4.557843137254902,
2004-01-15,44.22817589576547,31.485070575461453,9.074647122692724,7.279533116178067,4.55928338762215,
2004-01-16,44.24042207792208,31.470508658008654,9.079274891774892,7.275378787878788,4.5590909090909095,
2004-01-17,44.24042207792208,31.470508658008654,9.079274891774892,7.275378787878788,4.5590909090909095,
2004-01-18,44.24042207792208,31.470508658008654,9.079274891774892,7.275378787878788,4.5590909090909095,
2004-01-19,44.24042207792208,31.470508658008654,9.079274891774892,7.275378787878788,4.5590909090909095,
2004-01-20,44.255825242718444,31.452804746494063,9.082254584681769,7.274487594390507,4.557281553398059,
2004-01-21,44.255825242718444,31.452804746494063,9.082254584681769,7.274487594390507,4.557281553398059,
2004-01-22,44.26790322580645,31.43360215053763,9.088440860215053,7.275215053763441,4.557096774193549,
2004-01-23,44.276688102893885,31.412915326902464,9.097802786709538,7.2775455519828505,4.558520900321543,
2004-01-24,44.276688102893885,31.412915326902464,9.097802786709538,7.2775455519828505,4.558520900321543,
2004-01-25,44.276688102893885,31.412915326902464,9.097802786709538,7.2775455519828505,4.558520900321543,
2004-01-26,44.276688102893885,31.412915326902464,9.097802786709538,7.2775455519828505,4.558520900321543,
2004-01-27,44.29503205128205,31.38915598290598,9.097489316239315,7.279861111111111,4.5599358974358974,
2004-01-28,44.30335463258786,31.369701810436638,9.102289669861555,7.281842385516507,4.561980830670927,
2004-01-29,44.31831210191083,31.349416135881107,9.108333333333334,7.280944798301486,4.563375796178344,
2004-01-30,44.330000000000005,31.32925925925926,9.114338624338625,7.283227513227513,4.564761904761905,
2004-01-31,44.330000000000005,31.32925925925926,9.114338624338625,7.283227513227513,4.564761904761905,
2004-02-01,44.330000000000005,31.32925925925926,9.114338624338625,7.283227513227513,4.564761904761905,
2004-02-02,44.330000000000005,31.32925925925926,9.114338624338625,7.283227513227513,4.564761904761905,
2004-02-03,44.34477848101266,31.306065400843885,9.117141350210971,7.2854957805907175,4.566139240506329,
2004-02-04,44.34477848101266,31.306065400843885,9.117141350210971,7.2854957805907175,4.566139240506329,
2004-02-05,44.356309148264984,31.28932702418507,9.123080967402734,7.284595162986331,4.567507886435331,
2004-02-06,44.370911949685535,31.26640461215933,9.128983228511531,7.286844863731656,4.568867924528302,
2004-02-07,44.370911949685535,31.26640461215933,9.128983228511531,7.286844863731656,4.568867924528302,
2004-02-08,44.370911949685535,31.26640461215933,9.128983228511531,7.286844863731656,4.568867924528302,
2004-02-09,44.370911949685535,31.26640461215933,9.128983228511531,7.286844863731656,4.568867924528302,
2004-02-10,44.379153605015674,31.24989550679206,9.134848484848485,7.289080459770115,4.567084639498433,
2004-02-11,44.39359375,31.227239583333336,9.140677083333333,7.288177083333333,4.5684375,
2004-02-12,44.39359375,31.227239583333336,9.140677083333333,7.288177083333333,4.5684375,
2004-02-13,44.40482866043614,31.21251298026999,9.14491173416407,7.285721703011423,4.568224299065421,
2004-02-14,44.40482866043614,31.21251298026999,9.14491173416407,7.285721703011423,4.568224299065421,
2004-02-15,44.40482866043614,31.21251298026999,9.14491173416407,7.285721703011423,4.568224299065421,
2004-02-16,44.40482866043614,31.21251298026999,9.14491173416407,7.285721703011423,4.568224299065421,
2004-02-17,44.41288819875776,31.196325051759835,9.150672877846791,7.284834368530021,4.569565217391305,
2004-02-18,44.4233746130031,31.174664602683176,9.15454076367389,7.288286893704851,4.571517027863777,
2004-02-19,44.432870370370374,31.15406378600823,9.161779835390947,7.289711934156379,4.5720679012345675,
2004-02-20,44.44076923076923,31.135128205128204,9.167435897435897,7.294974358974359,4.573384615384615,
2004-02-21,44.44076923076923,31.135128205128204,9.167435897435897,7.294974358974359,4.573384615384615,
2004-02-22,44.44076923076923,31.135128205128204,9.167435897435897,7.294974358974359,4.573384615384615,
2004-02-23,44.44076923076923,31.135128205128204,9.167435897435897,7.294974358974359,4.573384615384615,
2004-02-24,44.44861963190184,31.119376278118608,9.173057259713701,7.294069529652352,4.574693251533742,
2004-02-25,44.44861963190184,31.119376278118608,9.173057259713701,7.294069529652352,4.574693251533742,
2004-02-26,44.45948012232416,31.09760448521916,9.178644240570845,7.293170234454639,4.575993883792049,
2004-02-27,44.4672256097561,31.079014227642276,9.184197154471544,7.298373983739838,4.5772865853658535,
2004-02-28,44.4672256097561,31.079014227642276,9.184197154471544,7.298373983739838,4.5772865853658535,
2004-02-29,44.4672256097561,31.079014227642276,9.184197154471544,7.298373983739838,4.5772865853658535,
2004-03-01,44.4672256097561,31.079014227642276,9.184197154471544,7.298373983739838,4.5772865853658535,
2004-03-02,44.474924012158056,31.063576494427558,9.19275582573455,7.300506585612969,4.575531914893617,
2004-03-03,44.474924012158056,31.063576494427558,9.19275582573455,7.300506585612969,4.575531914893617,
2004-03-04,44.48560606060606,31.042171717171716,9.198232323232324,7.302626262626263,4.576818181818181,
2004-03-05,44.50075528700906,31.026938569989927,9.202165156092649,7.29718026183283,4.576586102719033,
2004-03-06,44.50075528700906,31.026938569989927,9.202165156092649,7.29718026183283,4.576586102719033,
2004-03-07,44.50075528700906,31.026938569989927,9.202165156092649,7.29718026183283,4.576586102719033,
2004-03-08,44.50075528700906,31.026938569989927,9.202165156092649,7.29718026183283,4.576586102719033,
2004-03-09,44.51430722891566,31.008785140562246,9.210592369477911,7.293273092369478,4.574849397590361,
2004-03-10,44.51430722891566,31.008785140562246,9.210592369477911,7.293273092369478,4.574849397590361,
2004-03-11,44.51430722891566,31.008785140562246,9.210592369477911,7.293273092369478,4.574849397590361,
2004-03-12,44.52927927927928,30.987737737737735,9.215965965965966,7.290890890890891,4.576126126126126,
2004-03-13,44.52927927927928,30.987737737737735,9.215965965965966,7.290890890890891,4.576126126126126,
2004-03-14,44.52927927927928,30.987737737737735,9.215965965965966,7.290890890890891,4.576126126126126,
2004-03-15,44.52927927927928,30.987737737737735,9.215965965965966,7.290890890890891,4.576126126126126,
2004-03-16,44.54266467065868,30.969810379241515,9.224301397205588,7.287025948103793,4.577395209580838,
2004-03-17,44.55059701492537,30.948407960199006,9.23228855721393,7.289452736318408,4.5780597014925375,
2004-03-18,44.563095238095244,30.92996031746032,9.237549603174603,7.287103174603175,4.579315476190477,
2004-03-19,44.573293768545994,30.919782393669635,9.242779426310584,7.281800197823936,4.57759643916914,
2004-03-20,44.573293768545994,30.919782393669635,9.242779426310584,7.281800197823936,4.57759643916914,
2004-03-21,44.573293768545994,30.919782393669635,9.242779426310584,7.281800197823936,4.57759643916914,
2004-03-22,44.573293768545994,30.919782393669635,9.242779426310584,7.281800197823936,4.57759643916914,
2004-03-23,44.58343195266272,30.905226824457596,9.25093688362919,7.278007889546351,4.578846153846154,
2004-03-24,44.58343195266272,30.905226824457596,9.25093688362919,7.278007889546351,4.578846153846154,
2004-03-25,44.59646017699115,30.884857423795477,9.25904621435595,7.274237954768928,4.580088495575222,
2004-03-26,44.6064705882353,30.870490196078432,9.264166666666666,7.270490196078431,4.581323529411765,
2004-03-27,44.6064705882353,30.870490196078432,9.264166666666666,7.270490196078431,4.581323529411765,
2004-03-28,44.6064705882353,30.870490196078432,9.264166666666666,7.270490196078431,4.581323529411765,
2004-03-29,44.6064705882353,30.870490196078432,9.264166666666666,7.270490196078431,4.581323529411765,
2004-03-30,44.613489736070385,30.859139784946237,9.269257086999023,7.2667644183773215,4.582551319648094,
2004-03-31,44.613489736070385,30.859139784946237,9.269257086999023,7.2667644183773215,4.582551319648094,
2004-04-01,44.6233918128655,30.844931773879143,9.274317738791423,7.2630604288499026,4.583771929824562,
2004-04-02,44.63177842565598,30.836637512147718,9.277891156462585,7.259378036929057,4.583527696793003,
2004-04-03,44.63177842565598,30.836637512147718,9.277891156462585,7.259378036929057,4.583527696793003,
2004-04-04,44.63177842565598,30.836637512147718,9.277891156462585,7.259378036929057,4.583527696793003,
2004-04-05,44.63177842565598,30.836637512147718,9.277891156462585,7.259378036929057,4.583527696793003,
2004-04-06,44.63866279069768,30.825484496124034,9.282897286821706,7.255717054263566,4.584738372093024,
2004-04-07,44.63866279069768,30.825484496124034,9.282897286821706,7.255717054263566,4.584738372093024,
2004-04-08,44.64260869565218,30.814396135265703,9.287874396135265,7.254975845410628,4.5859420289855075,
2004-04-09,44.64260869565218,30.814396135265703,9.287874396135265,7.254975845410628,4.5859420289855075,
2004-04-10,44.64260869565218,30.814396135265703,9.287874396135265,7.254975845410628,4.5859420289855075,
2004-04-11,44.64260869565218,30.814396135265703,9.287874396135265,7.254975845410628,4.5859420289855075,
2004-04-12,44.64260869565218,30.814396135265703,9.287874396135265,7.254975845410628,4.5859420289855075,
2004-04-13,44.64942196531792,30.80626204238921,9.292822736030828,7.251348747591522,4.5871387283236995,
2004-04-14,44.64942196531792,30.80626204238921,9.292822736030828,7.251348747591522,4.5871387283236995,
2004-04-15,44.65619596541787,30.79529298751201,9.29774255523535,7.247742555235351,4.588328530259366,
2004-04-16,44.66005747126437,30.784386973180077,9.302634099616858,7.247030651340996,4.589511494252874,
2004-04-17,44.66005747126437,30.784386973180077,9.302634099616858,7.247030651340996,4.589511494252874,
2004-04-18,44.66005747126437,30.784386973180077,9.302634099616858,7.247030651340996,4.589511494252874,
2004-04-19,44.66005747126437,30.784386973180077,9.302634099616858,7.247030651340996,4.589511494252874,
2004-04-20,44.66676217765043,30.773543457497613,9.307497612225406,7.2434574976122255,4.590687679083095,
2004-04-21,44.67371428571428,30.75561904761905,9.313761904761904,7.246476190476191,4.592714285714286,
2004-04-22,44.678917378917376,30.74207027540361,9.318566001899335,7.247198480531814,4.593874643874644,
2004-04-23,44.6845643939394,30.733333333333334,9.322395833333333,7.2436553030303035,4.594081439393939,
2004-04-24,44.6845643939394,30.733333333333334,9.322395833333333,7.2436553030303035,4.594081439393939,
2004-04-25,44.6845643939394,30.733333333333334,9.322395833333333,7.2436553030303035,4.594081439393939,
2004-04-26,44.6845643939394,30.733333333333334,9.322395833333333,7.2436553030303035,4.594081439393939,
2004-04-27,44.69112370160529,30.72275731822474,9.329981114258734,7.240132200188858,4.592398489140699,
2004-04-28,44.69112370160529,30.72275731822474,9.329981114258734,7.240132200188858,4.592398489140699,
2004-04-29,44.69112370160529,30.72275731822474,9.329981114258734,7.240132200188858,4.592398489140699,
2004-04-30,44.69764595103578,30.710828625235404,9.33469868173258,7.238041431261771,4.593549905838041,
2004-05-01,44.69764595103578,30.710828625235404,9.33469868173258,7.238041431261771,4.593549905838041,
2004-05-02,44.69764595103578,30.710828625235404,9.33469868173258,7.238041431261771,4.593549905838041,
2004-05-03,44.69764595103578,30.710828625235404,9.33469868173258,7.238041431261771,4.593549905838041,
2004-05-04,44.70131455399061,30.70037558685446,9.339389671361502,7.23737089201878,4.594694835680751,
2004-05-05,44.70131455399061,30.70037558685446,9.339389671361502,7.23737089201878,4.594694835680751,
2004-05-06,44.70131455399061,30.70037558685446,9.339389671361502,7.23737089201878,4.594694835680751,
2004-05-07,44.706367041198504,30.68998127340824,9.345458801498127,7.235299625468166,4.594428838951311,
2004-05-08,44.706367041198504,30.68998127340824,9.345458801498127,7.235299625468166,4.594428838951311,
2004-05-09,44.706367041198504,30.68998127340824,9.345458801498127,7.235299625468166,4.594428838951311,
2004-05-10,44.706367041198504,30.68998127340824,9.345458801498127,7.235299625468166,4.594428838951311,
2004-05-11,44.709990662931844,30.679645191409897,9.350093370681606,7.234640522875818,4.595564892623716,
2004-05-12,44.709990662931844,30.679645191409897,9.350093370681606,7.234640522875818,4.595564892623716,
2004-05-13,44.71918063314712,30.66657355679702,9.351908752327747,7.231191806331472,4.599487895716946,
2004-05-14,44.726926648096565,30.65636025998143,9.356499535747446,7.2291550603528325,4.597818012999071,
2004-05-15,44.726926648096565,30.65636025998143,9.356499535747446,7.2291550603528325,4.597818012999071,
2004-05-16,44.726926648096565,30.65636025998143,9.356499535747446,7.2291550603528325,4.597818012999071,
2004-05-17,44.726926648096565,30.65636025998143,9.356499535747446,7.2291550603528325,4.597818012999071,
2004-05-18,44.73324074074074,30.643425925925925,9.363842592592592,7.225740740740742,4.5989351851851845,
2004-05-19,44.74048938134811,30.627100646352723,9.369621421975992,7.226361957525392,4.598799630655587,
2004-05-20,44.746731123388585,30.614318600368325,9.374125230202578,7.222974217311234,4.602670349907919,
2004-05-21,44.75293847566575,30.601606978879705,9.378604224058769,7.219605142332415,4.60376492194674,
2004-05-22,44.75293847566575,30.601606978879705,9.378604224058769,7.219605142332415,4.60376492194674,
2004-05-23,44.75293847566575,30.601606978879705,9.378604224058769,7.219605142332415,4.60376492194674,
2004-05-24,44.75293847566575,30.601606978879705,9.378604224058769,7.219605142332415,4.60376492194674,
2004-05-25,44.75636446886447,30.5889652014652,9.385805860805862,7.219001831501831,4.60485347985348,
2004-05-26,44.75636446886447,30.5889652014652,9.385805860805862,7.219001831501831,4.60485347985348,
2004-05-27,44.75636446886447,30.5889652014652,9.385805860805862,7.219001831501831,4.60485347985348,
2004-05-28,44.76251141552512,30.58187214611872,9.387488584474886,7.21703196347032,4.604566210045662,
2004-05-29,44.76251141552512,30.58187214611872,9.387488584474886,7.21703196347032,4.604566210045662,
2004-05-30,44.76251141552512,30.58187214611872,9.387488584474886,7.21703196347032,4.604566210045662,
2004-05-31,44.76251141552512,30.58187214611872,9.387488584474886,7.21703196347032,4.604566210045662,
2004-06-01,44.77135701275045,30.572085610200364,9.389162112932604,7.21643897996357,4.602914389799636,
2004-06-02,44.77135701275045,30.572085610200364,9.389162112932604,7.21643897996357,4.602914389799636,
2004-06-03,44.77135701275045,30.572085610200364,9.389162112932604,7.21643897996357,4.602914389799636,
2004-06-04,44.776067211625794,30.56099000908265,9.39355131698456,7.214486830154405,4.603996366939146,
2004-06-05,44.776067211625794,30.56099000908265,9.39355131698456,7.214486830154405,4.603996366939146,
2004-06-06,44.776067211625794,30.56099000908265,9.39355131698456,7.214486830154405,4.603996366939146,
2004-06-07,44.776067211625794,30.56099000908265,9.39355131698456,7.214486830154405,4.603996366939146,
2004-06-08,44.77939311594203,30.55403079710145,9.397916666666667,7.213903985507247,4.605072463768116,
2004-06-09,44.77939311594203,30.55403079710145,9.397916666666667,7.213903985507247,4.605072463768116,
2004-06-10,44.77939311594203,30.55403079710145,9.397916666666667,7.213903985507247,4.605072463768116,
2004-06-11,44.78541102077687,30.543044263775972,9.400903342366757,7.2146793134598015,4.606142728093948,
2004-06-12,44.78541102077687,30.543044263775972,9.400903342366757,7.2146793134598015,4.606142728093948,
2004-06-13,44.78541102077687,30.543044263775972,9.400903342366757,7.2146793134598015,4.606142728093948,
2004-06-14,44.78541102077687,30.543044263775972,9.400903342366757,7.2146793134598015,4.606142728093948,
2004-06-15,44.78599099099099,30.533468468468467,9.407927927927927,7.214099099099099,4.607207207207208,
2004-06-16,44.78899371069183,30.518553459119495,9.411680143755614,7.215947888589398,4.609344115004492,
2004-06-17,44.79493727598567,30.50640681003584,9.41594982078853,7.215367383512545,4.610394265232975,
2004-06-18,44.79548704200179,30.488963360142986,9.422877569258265,7.217470956210903,4.614119749776586,
2004-06-19,44.79548704200179,30.488963360142986,9.422877569258265,7.217470956210903,4.614119749776586,
2004-06-20,44.79548704200179,30.488963360142986,9.422877569258265,7.217470956210903,4.614119749776586,
2004-06-21,44.79548704200179,30.488963360142986,9.422877569258265,7.217470956210903,4.614119749776586,
2004-06-22,44.79603386809269,30.47161319073084,9.432442067736185,7.219563279857398,4.617825311942958,
2004-06-23,44.79603386809269,30.47161319073084,9.432442067736185,7.219563279857398,4.617825311942958,
2004-06-24,44.79924444444445,30.45702222222222,9.437955555555556,7.220311111111111,4.620177777777777,
2004-06-25,44.80110815602837,30.44383865248227,9.444769503546098,7.219725177304965,4.622517730496454,
2004-06-26,44.80110815602837,30.44383865248227,9.444769503546098,7.219725177304965,4.622517730496454,
2004-06-27,44.80110815602837,30.44383865248227,9.444769503546098,7.219725177304965,4.622517730496454,
2004-06-28,44.80110815602837,30.44383865248227,9.444769503546098,7.219725177304965,4.622517730496454,
2004-06-29,44.80163572060124,30.426746242263484,9.451547303271441,7.221794871794872,4.626171529619805,
2004-06-30,44.80163572060124,30.426746242263484,9.451547303271441,7.221794871794872,4.626171529619805,
2004-07-01,44.80216049382716,30.412389770723102,9.460934744268076,7.22120811287478,4.629805996472663,
2004-07-02,44.802682497801236,30.39283201407212,9.470272647317502,7.220624450307828,4.636059806508356,
2004-07-03,44.802682497801236,30.39283201407212,9.470272647317502,7.220624450307828,4.636059806508356,
2004-07-04,44.802682497801236,30.39283201407212,9.470272647317502,7.220624450307828,4.636059806508356,
2004-07-05,44.802682497801236,30.39283201407212,9.470272647317502,7.220624450307828,4.636059806508356,
2004-07-06,44.80320175438597,30.376008771929826,9.476929824561402,7.22530701754386,4.639649122807017,
2004-07-07,44.80320175438597,30.376008771929826,9.476929824561402,7.22530701754386,4.639649122807017,
2004-07-08,44.80371828521435,30.359273840769905,9.486176727909012,7.227340332458443,4.643219597550306,
2004-07-09,44.80684991273996,30.34524432809773,9.492757417102966,7.226745200698081,4.644153577661431,
2004-07-10,44.80684991273996,30.34524432809773,9.492757417102966,7.226745200698081,4.644153577661431,
2004-07-11,44.80684991273996,30.34524432809773,9.492757417102966,7.226745200698081,4.644153577661431,
2004-07-12,44.80735422106179,30.326066144473455,9.501914708442124,7.22615317667537,4.650304612706702,
2004-07-13,44.810460069444446,30.30698784722222,9.508420138888889,7.228168402777778,4.653819444444444,
2004-07-14,44.810460069444446,30.30698784722222,9.508420138888889,7.228168402777778,4.653819444444444,
2004-07-15,44.81095238095238,30.29320346320346,9.514891774891774,7.230173160173161,4.657316017316017,
2004-07-16,44.81403281519862,30.274309153713297,9.523920552677028,7.229576856649396,4.663385146804836,
2004-07-17,44.81403281519862,30.274309153713297,9.523920552677028,7.229576856649396,4.663385146804836,
2004-07-18,44.81403281519862,30.274309153713297,9.523920552677028,7.229576856649396,4.663385146804836,
2004-07-19,44.81403281519862,30.274309153713297,9.523920552677028,7.229576856649396,4.663385146804836,
2004-07-20,44.8119293712317,30.26068044788975,9.532902670111971,7.228983634797588,4.666838931955211,
2004-07-21,44.81035223367698,30.245060137457045,9.539776632302406,7.232259450171822,4.670274914089347,
2004-07-22,44.809554413024856,30.231576692373608,9.546101113967438,7.232947729220223,4.672407883461868,
2004-07-23,44.80876068376069,30.219444444444445,9.551111111111112,7.232350427350427,4.675811965811966,
2004-07-24,44.80876068376069,30.219444444444445,9.551111111111112,7.232350427350427,4.675811965811966,
2004-07-25,44.80876068376069,30.219444444444445,9.551111111111112,7.232350427350427,4.675811965811966,
2004-07-26,44.80876068376069,30.219444444444445,9.551111111111112,7.232350427350427,4.675811965811966,
2004-07-27,44.804134697357206,30.208653026427964,9.55993179880648,7.231756180733163,4.679198635976129,
2004-07-28,44.804134697357206,30.208653026427964,9.55993179880648,7.231756180733163,4.679198635976129,
2004-07-29,44.8046343537415,30.192814625850342,9.568707482993197,7.231164965986395,4.682568027210884,
2004-07-30,44.802586938083124,30.179601357082273,9.574893977947413,7.230576759966073,4.688464800678541,
2004-07-31,44.802586938083124,30.179601357082273,9.574893977947413,7.230576759966073,4.688464800678541,
2004-08-01,44.802586938083124,30.179601357082273,9.574893977947413,7.230576759966073,4.688464800678541,
2004-08-02,44.802586938083124,30.179601357082273,9.574893977947413,7.230576759966073,4.688464800678541,
2004-08-03,44.80054991539763,30.1664551607445,9.583587140439933,7.229991539763113,4.691793570219966,
2004-08-04,44.80054991539763,30.1664551607445,9.583587140439933,7.229991539763113,4.691793570219966,
2004-08-05,44.79599156118144,30.15337552742616,9.589704641350211,7.231940928270043,4.697637130801688,
2004-08-06,44.79398148148149,30.13531144781145,9.598316498316498,7.233880471380472,4.7034511784511785,
2004-08-07,44.79398148148149,30.13531144781145,9.598316498316498,7.233880471380472,4.7034511784511785,
2004-08-08,44.79398148148149,30.13531144781145,9.598316498316498,7.233880471380472,4.7034511784511785,
2004-08-09,44.79398148148149,30.13531144781145,9.598316498316498,7.233880471380472,4.7034511784511785,
2004-08-10,44.78946263643997,30.12489504617968,9.606884970612931,7.235810243492863,4.70671704450042,
2004-08-11,44.78946263643997,30.12489504617968,9.606884970612931,7.235810243492863,4.70671704450042,
2004-08-12,44.78496649916248,30.112018425460636,9.61289782244556,7.237730318257957,4.712479061976549,
2004-08-13,44.782999164578115,30.096700083542192,9.618880534670009,7.237134502923977,4.720718462823726,
2004-08-14,44.782999164578115,30.096700083542192,9.618880534670009,7.237134502923977,4.720718462823726,
2004-08-15,44.782999164578115,30.096700083542192,9.618880534670009,7.237134502923977,4.720718462823726,
2004-08-16,44.782999164578115,30.096700083542192,9.618880534670009,7.237134502923977,4.720718462823726,
2004-08-17,44.778416666666665,30.083083333333335,9.625208333333333,7.2392916666666665,4.726916666666667,
2004-08-18,44.778416666666665,30.083083333333335,9.625208333333333,7.2392916666666665,4.726916666666667,
2004-08-19,44.77273482959268,30.067913549459686,9.633624272651705,7.242435577722361,4.7338320864505405,
2004-08-20,44.76832504145936,30.052819237147595,9.641998341625207,7.239344941956882,4.74195688225539,
2004-08-21,44.76832504145936,30.052819237147595,9.641998341625207,7.239344941956882,4.74195688225539,
2004-08-22,44.76832504145936,30.052819237147595,9.641998341625207,7.239344941956882,4.74195688225539,
2004-08-23,44.76832504145936,30.052819237147595,9.641998341625207,7.239344941956882,4.74195688225539,
2004-08-24,44.76145574855252,30.042762613730357,9.650330851943755,7.241232423490488,4.747559966914806,
2004-08-25,44.76145574855252,30.042762613730357,9.650330851943755,7.241232423490488,4.747559966914806,
2004-08-26,44.76145574855252,30.042762613730357,9.650330851943755,7.241232423490488,4.747559966914806,
2004-08-27,44.76204620462046,30.03275577557756,9.651196369636963,7.238160066006601,4.750660066006601,
2004-08-28,44.757695473251026,30.020329218106998,9.656995884773663,7.237572016460906,4.756213991769547,
2004-08-29,44.757695473251026,30.020329218106998,9.656995884773663,7.237572016460906,4.756213991769547,
2004-08-30,44.757695473251026,30.020329218106998,9.656995884773663,7.237572016460906,4.756213991769547,
2004-08-31,44.75090311986863,30.010426929392448,9.662766830870279,7.2394499178981935,4.761740558292282,
2004-09-01,44.75090311986863,30.010426929392448,9.662766830870279,7.2394499178981935,4.761740558292282,
2004-09-02,44.75090311986863,30.010426929392448,9.662766830870279,7.2394499178981935,4.761740558292282,
2004-09-03,44.74905814905814,30.0005733005733,9.66850941850942,7.2364045864045865,4.767239967239967,
2004-09-04,44.74905814905814,30.0005733005733,9.66850941850942,7.2364045864045865,4.767239967239967,
2004-09-05,44.74905814905814,30.0005733005733,9.66850941850942,7.2364045864045865,4.767239967239967,
2004-09-06,44.74905814905814,30.0005733005733,9.66850941850942,7.2364045864045865,4.767239967239967,
2004-09-07,44.73986928104575,29.993218954248366,9.676674836601308,7.238276143790849,4.770261437908497,
2004-09-08,44.73986928104575,29.993218954248366,9.676674836601308,7.238276143790849,4.770261437908497,
2004-09-09,44.73986928104575,29.993218954248366,9.676674836601308,7.238276143790849,4.770261437908497,
2004-09-10,44.73806030969845,29.983455582722087,9.68480032599837,7.235248573757131,4.7732681336593314,
2004-09-11,44.73806030969845,29.983455582722087,9.68480032599837,7.235248573757131,4.7732681336593314,
2004-09-12,44.73806030969845,29.983455582722087,9.68480032599837,7.235248573757131,4.7732681336593314,
2004-09-13,44.73806030969845,29.983455582722087,9.68480032599837,7.235248573757131,4.7732681336593314,
2004-09-14,44.72894308943089,29.97617886178862,9.690447154471546,7.2371138211382116,4.77869918699187,
2004-09-15,44.728629359286295,29.96090835360908,9.694606650446065,7.2389699918897,4.7853203568532034,
2004-09-16,44.728629359286295,29.96090835360908,9.694606650446065,7.2389699918897,4.7853203568532034,
2004-09-17,44.72443365695793,29.951294498381873,9.702629449838188,7.235962783171521,4.788268608414239,
2004-09-18,44.72443365695793,29.951294498381873,9.702629449838188,7.235962783171521,4.788268608414239,
2004-09-19,44.72443365695793,29.951294498381873,9.702629449838188,7.235962783171521,4.788268608414239,
2004-09-20,44.72443365695793,29.951294498381873,9.702629449838188,7.235962783171521,4.788268608414239,
2004-09-21,44.71541565778854,29.946569814366423,9.705770782889427,7.237812752219532,4.79362389023406,
2004-09-22,44.71541565778854,29.946569814366423,9.705770782889427,7.237812752219532,4.79362389023406,
2004-09-23,44.70885668276973,29.937037037037037,9.70889694041868,7.237238325281804,4.801368760064412,
2004-09-24,44.7059437751004,29.92875502008032,9.713212851405622,7.235461847389558,4.80425702811245,
2004-09-25,44.7059437751004,29.92875502008032,9.713212851405622,7.235461847389558,4.80425702811245,
2004-09-26,44.7059437751004,29.92875502008032,9.713212851405622,7.235461847389558,4.80425702811245,
2004-09-27,44.7059437751004,29.92875502008032,9.713212851405622,7.235461847389558,4.80425702811245,
2004-09-28,44.692227564102566,29.926522435897432,9.718709935897435,7.23729967948718,4.809535256410256,
2004-09-29,44.692227564102566,29.926522435897432,9.718709935897435,7.23729967948718,4.809535256410256,
2004-09-30,44.692227564102566,29.926522435897432,9.718709935897435,7.23729967948718,4.809535256410256,
2004-10-01,44.68337330135891,29.924300559552357,9.72418065547562,7.236730615507594,4.812390087929656,
2004-10-02,44.68337330135891,29.924300559552357,9.72418065547562,7.236730615507594,4.812390087929656,
2004-10-03,44.68337330135891,29.924300559552357,9.72418065547562,7.236730615507594,4.812390087929656,
2004-10-04,44.68337330135891,29.924300559552357,9.72418065547562,7.236730615507594,4.812390087929656,
2004-10-05,44.67216905901117,29.922089314194576,9.72962519936204,7.238556618819777,4.815231259968102,
2004-10-06,44.67216905901117,29.922089314194576,9.72962519936204,7.238556618819777,4.815231259968102,
2004-10-07,44.67216905901117,29.922089314194576,9.72962519936204,7.238556618819777,4.815231259968102,
2004-10-08,44.66340493237868,29.919888623707237,9.735043754972155,7.2379872712808275,4.8180588703261735,
2004-10-09,44.66340493237868,29.919888623707237,9.735043754972155,7.2379872712808275,4.8180588703261735,
2004-10-10,44.66340493237868,29.919888623707237,9.735043754972155,7.2379872712808275,4.8180588703261735,
2004-10-11,44.66340493237868,29.919888623707237,9.735043754972155,7.2379872712808275,4.8180588703261735,
2004-10-12,44.66340493237868,29.919888623707237,9.735043754972155,7.2379872712808275,4.8180588703261735,
2004-10-13,44.65111111111111,29.918888888888887,9.739246031746031,7.239801587301588,4.822063492063492,
2004-10-14,44.65111111111111,29.918888888888887,9.739246031746031,7.239801587301588,4.822063492063492,
2004-10-15,44.64243863816311,29.916706254948533,9.744615993665876,7.238044338875693,4.823673792557403,
2004-10-16,44.64243863816311,29.916706254948533,9.744615993665876,7.238044338875693,4.823673792557403,
2004-10-17,44.64243863816311,29.916706254948533,9.744615993665876,7.238044338875693,4.823673792557403,
2004-10-18,44.64243863816311,29.916706254948533,9.744615993665876,7.238044338875693,4.823673792557403,
2004-10-19,44.62906793048973,29.919273301737753,9.748775671406003,7.239849921011059,4.825276461295418,
2004-10-20,44.62167060677699,29.9123719464145,9.754334121355397,7.242592592592593,4.82876280535855,
2004-10-21,44.61312893081761,29.91022012578616,9.757272012578616,7.242020440251572,4.8327044025157235,
2004-10-22,44.59756862745098,29.91278431372549,9.762549019607842,7.243803921568627,4.833098039215686,
2004-10-23,44.59756862745098,29.91278431372549,9.762549019607842,7.243803921568627,4.833098039215686,
2004-10-24,44.59756862745098,29.91278431372549,9.762549019607842,7.243803921568627,4.833098039215686,
2004-10-25,44.59756862745098,29.91278431372549,9.762549019607842,7.243803921568627,4.833098039215686,
2004-10-26,44.5820813771518,29.920031298904536,9.76780125195618,7.2455790297339595,4.83114241001565,
2004-10-27,44.569008587041374,29.922560499609677,9.77302888368462,7.245003903200625,4.833879781420765,
2004-10-28,44.569008587041374,29.922560499609677,9.77302888368462,7.245003903200625,4.833879781420765,
2004-10-29,44.5559968847352,29.92390965732087,9.777063862928348,7.24559968847352,4.836604361370717,
2004-10-30,44.5559968847352,29.92390965732087,9.777063862928348,7.24559968847352,4.836604361370717,
2004-10-31,44.5559968847352,29.92390965732087,9.777063862928348,7.24559968847352,4.836604361370717,
2004-11-01,44.5559968847352,29.92390965732087,9.777063862928348,7.24559968847352,4.836604361370717,
2004-11-02,44.54071484071484,29.93108003108003,9.77991452991453,7.2473581973581975,4.836985236985237,
2004-11-03,44.52782945736434,29.933565891472867,9.785077519379843,7.249108527131783,4.83968992248062,
2004-11-04,44.52782945736434,29.933565891472867,9.785077519379843,7.249108527131783,4.83968992248062,
2004-11-05,44.51732405259087,29.933720030935806,9.792536736272234,7.250850734725445,4.8400618716163955,
2004-11-06,44.51732405259087,29.933720030935806,9.792536736272234,7.250850734725445,4.8400618716163955,
2004-11-07,44.51732405259087,29.933720030935806,9.792536736272234,7.250850734725445,4.8400618716163955,
2004-11-08,44.51732405259087,29.933720030935806,9.792536736272234,7.250850734725445,4.8400618716163955,
2004-11-09,44.5045524691358,29.93850308641975,9.795331790123456,7.25258487654321,4.840432098765432,
2004-11-10,44.49183987682833,29.940954580446494,9.800423402617398,7.252001539645882,4.843110084680523,
2004-11-11,44.49183987682833,29.940954580446494,9.800423402617398,7.252001539645882,4.843110084680523,
2004-11-12,44.4826420890937,29.941090629800307,9.804339477726574,7.251420890937021,4.844623655913979,
2004-11-13,44.4826420890937,29.941090629800307,9.804339477726574,7.251420890937021,4.844623655913979,
2004-11-14,44.4826420890937,29.941090629800307,9.804339477726574,7.251420890937021,4.844623655913979,
2004-11-15,44.4826420890937,29.941090629800307,9.804339477726574,7.251420890937021,4.844623655913979,
2004-11-16,44.47233716475096,29.943524904214556,9.807088122605363,7.253141762452108,4.844980842911878,
2004-11-17,44.459785932721715,29.945948012232414,9.809824159021407,7.2548547400611625,4.84762996941896,
2004-11-18,44.447177726926014,29.949389778794814,9.81357742181541,7.257475209763539,4.848893974065599,
2004-11-19,44.43474124809742,29.954071537290716,9.818569254185693,7.256887366818874,4.84923896499239,
2004-11-20,44.43474124809742,29.954071537290716,9.818569254185693,7.256887366818874,4.84923896499239,
2004-11-21,44.43474124809742,29.954071537290716,9.818569254185693,7.256887366818874,4.84923896499239,
2004-11-22,44.43474124809742,29.954071537290716,9.818569254185693,7.256887366818874,4.84923896499239,
2004-11-23,44.420083523158695,29.95645406226272,9.821260440394838,7.260858010630221,4.8518602885345485,
2004-11-24,44.405492424242425,29.961098484848485,9.826212121212123,7.260265151515152,4.854469696969697,
2004-11-25,44.405492424242425,29.961098484848485,9.826212121212123,7.260265151515152,4.854469696969697,
2004-11-26,44.395502645502646,29.96345427059713,9.827739984882843,7.260808767951626,4.855933484504913,
2004-11-27,44.395502645502646,29.96345427059713,9.827739984882843,7.260808767951626,4.855933484504913,
2004-11-28,44.395502645502646,29.96345427059713,9.827739984882843,7.260808767951626,4.855933484504913,
2004-11-29,44.395502645502646,29.96345427059713,9.827739984882843,7.260808767951626,4.855933484504913,
2004-11-30,44.38103318250377,29.968061840120665,9.83265460030166,7.262481146304676,4.856259426847663,
2004-12-01,44.3688863807374,29.970391271632806,9.835289691497367,7.264145974416855,4.8588412340105345,
2004-12-02,44.3688863807374,29.970391271632806,9.835289691497367,7.264145974416855,4.8588412340105345,
2004-12-03,44.35904654654655,29.977214714714716,9.837912912912914,7.263551051051052,4.856906906906907,
2004-12-04,44.35904654654655,29.977214714714716,9.837912912912914,7.263551051051052,4.856906906906907,
2004-12-05,44.35904654654655,29.977214714714716,9.837912912912914,7.263551051051052,4.856906906906907,
2004-12-06,44.35904654654655,29.977214714714716,9.837912912912914,7.263551051051052,4.856906906906907,
2004-12-07,44.34475655430712,29.984007490636703,9.840524344569289,7.2652059925093635,4.859475655430711,
2004-12-08,44.33501494768311,29.986285500747385,9.843124065769807,7.264611360239163,4.86203288490284,
2004-12-09,44.33501494768311,29.986285500747385,9.843124065769807,7.264611360239163,4.86203288490284,
2004-12-10,44.326435495898586,29.98855331841909,9.844593586875467,7.265137956748696,4.863460104399702,
2004-12-11,44.326435495898586,29.98855331841909,9.844593586875467,7.265137956748696,4.863460104399702,
2004-12-12,44.326435495898586,29.98855331841909,9.844593586875467,7.265137956748696,4.863460104399702,
2004-12-13,44.326435495898586,29.98855331841909,9.844593586875467,7.265137956748696,4.863460104399702,
2004-12-14,44.31454613095239,29.993043154761903,9.84717261904762,7.266778273809524,4.863764880952381,
2004-12-15,44.303489235337786,29.994283593170007,9.8496288047513,7.268856718634002,4.866295471417966,
2004-12-16,44.293925925925926,29.99874074074074,9.852185185185185,7.2704814814814815,4.868814814814815,
2004-12-17,44.28440502586844,30.003178122690315,9.854730229120474,7.269881744271988,4.869105691056911,
2004-12-18,44.28440502586844,30.003178122690315,9.854730229120474,7.269881744271988,4.869105691056911,
2004-12-19,44.28440502586844,30.003178122690315,9.854730229120474,7.269881744271988,4.869105691056911,
2004-12-20,44.28440502586844,30.003178122690315,9.854730229120474,7.269881744271988,4.869105691056911,
2004-12-21,44.27492625368731,30.009808259587018,9.85505162241888,7.269284660766962,4.869395280235988,
2004-12-22,44.26548933038999,30.011994113318615,9.85757910228109,7.2686902133922,4.871891096394408,
2004-12-23,44.25168869309839,30.020778267254038,9.862298091042584,7.268098384728341,4.872173274596182,
2004-12-24,44.25168869309839,30.020778267254038,9.862298091042584,7.268098384728341,4.872173274596182,
2004-12-25,44.25168869309839,30.020778267254038,9.862298091042584,7.268098384728341,4.872173274596182,
2004-12-26,44.25168869309839,30.020778267254038,9.862298091042584,7.268098384728341,4.872173274596182,
2004-12-27,44.25168869309839,30.020778267254038,9.862298091042584,7.268098384728341,4.872173274596182,
2004-12-28,44.23794871794872,30.02952380952381,9.862600732600733,7.2697069597069595,4.872454212454213,
2004-12-29,44.23794871794872,30.02952380952381,9.862600732600733,7.2697069597069595,4.872454212454213,
2004-12-30,44.23794871794872,30.02952380952381,9.862600732600733,7.2697069597069595,4.872454212454213,
2004-12-31,44.23794871794872,30.02952380952381,9.862600732600733,7.2697069597069595,4.872454212454213,
2005-01-01,44.23794871794872,30.02952380952381,9.862600732600733,7.2697069597069595,4.872454212454213,
2005-01-02,44.23794871794872,30.02952380952381,9.862600732600733,7.2697069597069595,4.872454212454213,
2005-01-03,44.23794871794872,30.02952380952381,9.862600732600733,7.2697069597069595,4.872454212454213,
2005-01-04,44.22426900584795,30.038230994152045,9.862902046783626,7.271308479532164,4.872733918128655,
2005-01-05,44.20846097738877,30.046900072939458,9.865390226112327,7.272902990517871,4.875200583515682,
2005-01-06,44.20846097738877,30.046900072939458,9.865390226112327,7.272902990517871,4.875200583515682,
2005-01-07,44.194905385735076,30.053347889374088,9.87005094614265,7.274490538573508,4.8754730713246,
2005-01-08,44.194905385735076,30.053347889374088,9.87005094614265,7.274490538573508,4.8754730713246,
2005-01-09,44.194905385735076,30.053347889374088,9.87005094614265,7.274490538573508,4.8754730713246,
2005-01-10,44.194905385735076,30.053347889374088,9.87005094614265,7.274490538573508,4.8754730713246,
2005-01-11,44.18140885984023,30.064124909222947,9.870334059549746,7.273892519970952,4.875744371822803,
2005-01-12,44.16797101449275,30.072681159420288,9.872789855072464,7.275471014492754,4.876014492753623,
2005-01-13,44.16797101449275,30.072681159420288,9.872789855072464,7.275471014492754,4.876014492753623,
2005-01-14,44.15459146782357,30.077946493130874,9.875234996384672,7.275958062183658,4.877368040491684,
2005-01-15,44.15459146782357,30.077946493130874,9.875234996384672,7.275958062183658,4.877368040491684,
2005-01-16,44.15459146782357,30.077946493130874,9.875234996384672,7.275958062183658,4.877368040491684,
2005-01-17,44.15459146782357,30.077946493130874,9.875234996384672,7.275958062183658,4.877368040491684,
2005-01-18,44.15459146782357,30.077946493130874,9.875234996384672,7.275958062183658,4.877368040491684,
2005-01-19,44.14126984126984,30.086435786435786,9.876587301587302,7.277525252525253,4.877633477633478,
2005-01-20,44.128005759539235,30.094888408927282,9.879013678905688,7.276925845932325,4.877897768178546,
2005-01-21,44.114798850574715,30.101149425287353,9.883584770114943,7.2784841954022985,4.876005747126436,
2005-01-22,44.114798850574715,30.101149425287353,9.883584770114943,7.2784841954022985,4.876005747126436,
2005-01-23,44.114798850574715,30.101149425287353,9.883584770114943,7.2784841954022985,4.876005747126436,
2005-01-24,44.114798850574715,30.101149425287353,9.883584770114943,7.2784841954022985,4.876005747126436,
2005-01-25,44.114798850574715,30.101149425287353,9.883584770114943,7.2784841954022985,4.876005747126436,
2005-01-26,44.1015770609319,30.107096774193547,9.886057347670251,7.280465949820788,4.876344086021505,
2005-01-27,44.1015770609319,30.107096774193547,9.886057347670251,7.280465949820788,4.876344086021505,
2005-01-28,44.09062947067239,30.11223175965665,9.888447782546494,7.279864091559371,4.876609442060086,
2005-01-29,44.09062947067239,30.11223175965665,9.888447782546494,7.279864091559371,4.876609442060086,
2005-01-30,44.09062947067239,30.11223175965665,9.888447782546494,7.279864091559371,4.876609442060086,
2005-01-31,44.09062947067239,30.11223175965665,9.888447782546494,7.279864091559371,4.876609442060086,
2005-02-01,44.09062947067239,30.11223175965665,9.888447782546494,7.279864091559371,4.876609442060086,
2005-02-02,44.077587437544615,30.12055674518201,9.890827980014276,7.281406138472519,4.875802997858672,
2005-02-03,44.077587437544615,30.12055674518201,9.890827980014276,7.281406138472519,4.875802997858672,
2005-02-04,44.066737891737894,30.12457264957265,9.893198005698006,7.280804843304843,4.8760683760683765,
2005-02-05,44.066737891737894,30.12457264957265,9.893198005698006,7.280804843304843,4.8760683760683765,
2005-02-06,44.066737891737894,30.12457264957265,9.893198005698006,7.280804843304843,4.8760683760683765,
2005-02-07,44.066737891737894,30.12457264957265,9.893198005698006,7.280804843304843,4.8760683760683765,
2005-02-08,44.066737891737894,30.12457264957265,9.893198005698006,7.280804843304843,4.8760683760683765,
2005-02-09,44.057000710732055,30.131769722814497,9.894491826581378,7.280206112295664,4.8752665245202556,
2005-02-10,44.057000710732055,30.131769722814497,9.894491826581378,7.280206112295664,4.8752665245202556,
2005-02-11,44.048368794326244,30.133617021276596,9.896843971631204,7.279609929078014,4.875531914893617,
2005-02-12,44.048368794326244,30.133617021276596,9.896843971631204,7.279609929078014,4.875531914893617,
2005-02-13,44.048368794326244,30.133617021276596,9.896843971631204,7.279609929078014,4.875531914893617,
2005-02-14,44.048368794326244,30.133617021276596,9.896843971631204,7.279609929078014,4.875531914893617,
2005-02-15,44.039773531493275,30.139702760084923,9.897062986553433,7.281139419674451,4.873673036093418,
2005-02-16,44.02718926553672,30.144597457627118,9.899505649717513,7.282450564971751,4.87468220338983,
2005-02-17,44.02718926553672,30.144597457627118,9.899505649717513,7.282450564971751,4.87468220338983,
2005-02-18,44.01867512332628,30.148520084566595,9.90183227625088,7.28185341789993,4.874947145877378,
2005-02-19,44.01867512332628,30.148520084566595,9.90183227625088,7.28185341789993,4.874947145877378,
2005-02-20,44.01867512332628,30.148520084566595,9.90183227625088,7.28185341789993,4.874947145877378,
2005-02-21,44.01019690576652,30.154535864978904,9.904149085794655,7.281258790436006,4.875210970464135,
2005-02-22,44.01019690576652,30.154535864978904,9.904149085794655,7.281258790436006,4.875210970464135,
2005-02-23,44.00175438596491,30.160526315789475,9.903298245614035,7.281719298245614,4.874421052631579,
2005-02-24,44.00175438596491,30.160526315789475,9.903298245614035,7.281719298245614,4.874421052631579,
2005-02-25,43.996498599439775,30.163340336134453,9.903501400560224,7.280077030812325,4.87468487394958,
2005-02-26,43.996498599439775,30.163340336134453,9.903501400560224,7.280077030812325,4.87468487394958,
2005-02-27,43.996498599439775,30.163340336134453,9.903501400560224,7.280077030812325,4.87468487394958,
2005-02-28,43.996498599439775,30.163340336134453,9.903501400560224,7.280077030812325,4.87468487394958,
2005-03-01,43.996498599439775,30.163340336134453,9.903501400560224,7.280077030812325,4.87468487394958,
2005-03-02,43.992313067784764,30.16719077568134,9.901607267645003,7.279489867225716,4.873899371069182,
2005-03-03,43.992313067784764,30.16719077568134,9.901607267645003,7.279489867225716,4.873899371069182,
2005-03-04,43.99023709902371,30.168933054393307,9.90181311018131,7.276813110181311,4.874163179916318,
2005-03-05,43.99023709902371,30.168933054393307,9.90181311018131,7.276813110181311,4.874163179916318,
2005-03-06,43.99023709902371,30.168933054393307,9.90181311018131,7.276813110181311,4.874163179916318,
2005-03-07,43.99023709902371,30.168933054393307,9.90181311018131,7.276813110181311,4.874163179916318,
2005-03-08,43.99023709902371,30.168933054393307,9.90181311018131,7.276813110181311,4.874163179916318,
2005-03-09,43.988169798190675,30.17171189979123,9.898886569241474,7.276235212247738,4.874425887265136,
2005-03-10,43.988169798190675,30.17171189979123,9.898886569241474,7.276235212247738,4.874425887265136,
2005-03-11,43.98819444444444,30.171354166666667,9.899097222222222,7.2735763888888885,4.874687499999999,
2005-03-12,43.98819444444444,30.171354166666667,9.899097222222222,7.2735763888888885,4.874687499999999,
2005-03-13,43.98819444444444,30.171354166666667,9.899097222222222,7.2735763888888885,4.874687499999999,
2005-03-14,43.98819444444444,30.171354166666667,9.899097222222222,7.2735763888888885,4.874687499999999,
2005-03-15,43.98819444444444,30.171354166666667,9.899097222222222,7.2735763888888885,4.874687499999999,
2005-03-16,43.98613998613998,30.172037422037423,9.897505197505197,7.2735620235620235,4.875017325017325,
2005-03-17,43.9820193637621,30.171680497925312,9.899792531120331,7.275069156293223,4.87320193637621,
2005-03-18,43.97895100069013,30.172360248447205,9.898964803312628,7.2734644582470676,4.873464458247066,
2005-03-19,43.97895100069013,30.172360248447205,9.898964803312628,7.2734644582470676,4.873464458247066,
2005-03-20,43.97895100069013,30.172360248447205,9.898964803312628,7.2734644582470676,4.873464458247066,
2005-03-21,43.97895100069013,30.172360248447205,9.898964803312628,7.2734644582470676,4.873464458247066,
2005-03-22,43.983126721763085,30.169938016528924,9.897107438016528,7.272899449035813,4.871659779614324,
2005-03-23,43.983161512027486,30.16958762886598,9.895257731958763,7.27233676975945,4.8719243986254295,
2005-03-24,43.983161512027486,30.16958762886598,9.895257731958763,7.27233676975945,4.8719243986254295,
2005-03-25,43.983161512027486,30.16958762886598,9.895257731958763,7.27233676975945,4.8719243986254295,
2005-03-26,43.983161512027486,30.16958762886598,9.895257731958763,7.27233676975945,4.8719243986254295,
2005-03-27,43.983161512027486,30.16958762886598,9.895257731958763,7.27233676975945,4.8719243986254295,
2005-03-28,43.983161512027486,30.16958762886598,9.895257731958763,7.27233676975945,4.8719243986254295,
2005-03-29,43.987311385459535,30.165123456790123,9.891358024691357,7.27383401920439,4.87218792866941,
2005-03-30,43.99144421629021,30.162731006160165,9.889527720739219,7.273271731690623,4.872450376454483,
2005-03-31,43.99144421629021,30.162731006160165,9.889527720739219,7.273271731690623,4.872450376454483,
2005-04-01,43.99351092896175,30.16034836065574,9.887704918032787,7.27271174863388,4.872711748633879,
2005-04-02,43.99351092896175,30.16034836065574,9.887704918032787,7.27271174863388,4.872711748633879,
2005-04-03,43.99351092896175,30.16034836065574,9.887704918032787,7.27271174863388,4.872711748633879,
2005-04-04,43.99351092896175,30.16034836065574,9.887704918032787,7.27271174863388,4.872711748633879,
2005-04-05,43.99351092896175,30.16034836065574,9.887704918032787,7.27271174863388,4.872711748633879,
2005-04-06,43.99761417859577,30.15593047034765,9.883844580777096,7.2741990456714385,4.872972051806407,
2005-04-07,43.999659863945574,30.15357142857143,9.88204081632653,7.273639455782313,4.873231292517007,
2005-04-08,43.999659863945574,30.15357142857143,9.88204081632653,7.273639455782313,4.873231292517007,
2005-04-09,43.999659863945574,30.15357142857143,9.88204081632653,7.273639455782313,4.873231292517007,
2005-04-10,43.999659863945574,30.15357142857143,9.88204081632653,7.273639455782313,4.873231292517007,
2005-04-11,43.999659863945574,30.15357142857143,9.88204081632653,7.273639455782313,4.873231292517007,
2005-04-12,43.99966055668703,30.153258655804482,9.882281059063136,7.273082145281738,4.871452817379497,
2005-04-13,44.00372628726287,30.148882113821138,9.878455284552846,7.272527100271003,4.871714092140921,
2005-04-14,44.00372628726287,30.148882113821138,9.878455284552846,7.272527100271003,4.871714092140921,
2005-04-15,44.0027045300879,30.148580121703855,9.876673427991886,7.270960108181204,4.871974306964165,
2005-04-16,44.0027045300879,30.148580121703855,9.876673427991886,7.270960108181204,4.871974306964165,
2005-04-17,44.0027045300879,30.148580121703855,9.876673427991886,7.270960108181204,4.871974306964165,
2005-04-18,44.0027045300879,30.148580121703855,9.876673427991886,7.270960108181204,4.871974306964165,
2005-04-19,44.004723346828605,30.146255060728745,9.874898785425101,7.270411605937922,4.872233468286099,
2005-04-20,44.00673400673401,30.143468013468013,9.873333333333333,7.270875420875421,4.872558922558922,
2005-04-21,44.00673400673401,30.143468013468013,9.873333333333333,7.270875420875421,4.872558922558922,
2005-04-22,44.00672043010753,30.14317876344086,9.873588709677419,7.268313172043011,4.872815860215053,
2005-04-23,44.00672043010753,30.14317876344086,9.873588709677419,7.268313172043011,4.872815860215053,
2005-04-24,44.00672043010753,30.14317876344086,9.873588709677419,7.268313172043011,4.872815860215053,
2005-04-25,44.00672043010753,30.14317876344086,9.873588709677419,7.268313172043011,4.872815860215053,
2005-04-26,44.008718980549965,30.140878604963113,9.871830985915492,7.267773306505701,4.8750838363514415,
2005-04-27,44.01271753681392,30.136579651941098,9.868072289156627,7.267235609103079,4.875334672021419,
2005-04-28,44.01271753681392,30.136579651941098,9.868072289156627,7.267235609103079,4.875334672021419,
2005-04-29,44.01369405477622,30.135303941215764,9.867334669338678,7.264696058784235,4.875584502338009,
2005-04-30,44.01369405477622,30.135303941215764,9.867334669338678,7.264696058784235,4.875584502338009,
2005-05-01,44.01369405477622,30.135303941215764,9.867334669338678,7.264696058784235,4.875584502338009,
2005-05-02,44.01369405477622,30.135303941215764,9.867334669338678,7.264696058784235,4.875584502338009,
2005-05-03,44.01566666666666,30.133033333333334,9.8636,7.266166666666667,4.8758333333333335,
2005-05-04,44.01763140385895,30.130771789753826,9.863872255489023,7.265635395874917,4.874085163007319,
2005-05-05,44.01763140385895,30.130771789753826,9.863872255489023,7.265635395874917,4.874085163007319,
2005-05-06,44.01763140385895,30.130771789753826,9.863872255489023,7.265635395874917,4.874085163007319,
2005-05-07,44.01763140385895,30.130771789753826,9.863872255489023,7.265635395874917,4.874085163007319,
2005-05-08,44.01763140385895,30.130771789753826,9.863872255489023,7.265635395874917,4.874085163007319,
2005-05-09,44.01763140385895,30.130771789753826,9.863872255489023,7.265635395874917,4.874085163007319,
2005-05-10,44.01763140385895,30.130771789753826,9.863872255489023,7.265635395874917,4.874085163007319,
2005-05-11,44.01958831341301,30.12652722443559,9.860159362549801,7.267098273572377,4.87433598937583,
2005-05-12,44.01958831341301,30.12652722443559,9.860159362549801,7.267098273572377,4.87433598937583,
2005-05-13,44.019549370444,30.124287607687208,9.860437375745526,7.268555334658715,4.87259774685222,
2005-05-14,44.019549370444,30.124287607687208,9.860437375745526,7.268555334658715,4.87259774685222,
2005-05-15,44.019549370444,30.124287607687208,9.860437375745526,7.268555334658715,4.87259774685222,
2005-05-16,44.019549370444,30.124287607687208,9.860437375745526,7.268555334658715,4.87259774685222,
2005-05-17,44.019549370444,30.124287607687208,9.860437375745526,7.268555334658715,4.87259774685222,
2005-05-18,44.02104828042328,30.121362433862434,9.859623015873016,7.270601851851851,4.8720568783068785,
2005-05-19,44.02104828042328,30.121362433862434,9.859623015873016,7.270601851851851,4.8720568783068785,
2005-05-20,44.02298679867987,30.119141914191417,9.85990099009901,7.2700660066006595,4.870330033003301,
2005-05-21,44.02298679867987,30.119141914191417,9.85990099009901,7.2700660066006595,4.870330033003301,
2005-05-22,44.02689393939394,30.116930171277996,9.856225296442688,7.271508563899868,4.868610013175231,
2005-05-23,44.03078566732413,30.116699539776462,9.850591715976332,7.270973044049967,4.868869165023011,
2005-05-24,44.03269356955381,30.11253280839895,9.846948818897637,7.2743766404199475,4.869127296587927,
2005-05-25,44.03269356955381,30.11253280839895,9.846948818897637,7.2743766404199475,4.869127296587927,
2005-05-26,44.03269356955381,30.11253280839895,9.846948818897637,7.2743766404199475,4.869127296587927,
2005-05-27,44.036558611656844,30.111329404060246,9.843320235756385,7.2718729535036015,4.869384413883432,
2005-05-28,44.036558611656844,30.111329404060246,9.843320235756385,7.2718729535036015,4.869384413883432,
2005-05-29,44.036558611656844,30.111329404060246,9.843320235756385,7.2718729535036015,4.869384413883432,
2005-05-30,44.036558611656844,30.111329404060246,9.843320235756385,7.2718729535036015,4.869384413883432,
2005-05-31,44.04236928104575,30.109150326797383,9.839705882352941,7.26937908496732,4.871601307189543,
2005-06-01,44.05207110241357,30.105022831050228,9.83610567514677,7.2688519243313765,4.869895629484671,
2005-06-02,44.05978190104167,30.100911458333332,9.83447265625,7.268326822916666,4.868196614583334,
2005-06-03,44.05978190104167,30.100911458333332,9.83447265625,7.268326822916666,4.868196614583334,
2005-06-04,44.06746263807668,30.096816114359974,9.830896686159845,7.26585445094217,4.87040285899935,
2005-06-05,44.06746263807668,30.096816114359974,9.830896686159845,7.26585445094217,4.87040285899935,
2005-06-06,44.06746263807668,30.096816114359974,9.830896686159845,7.26585445094217,4.87040285899935,
2005-06-07,44.06746263807668,30.096816114359974,9.830896686159845,7.26585445094217,4.87040285899935,
2005-06-08,44.077059014267185,30.09273670557717,9.827334630350194,7.263391699092088,4.870654993514916,
2005-06-09,44.077059014267185,30.09273670557717,9.827334630350194,7.263391699092088,4.870654993514916,
2005-06-10,44.07982200647249,30.09061488673139,9.824757281553397,7.262880258899676,4.870906148867315,
2005-06-11,44.08741925064599,30.084625322997415,9.821220930232558,7.262370801033591,4.873094315245479,
2005-06-12,44.08741925064599,30.084625322997415,9.821220930232558,7.262370801033591,4.873094315245479,
2005-06-13,44.08741925064599,30.084625322997415,9.821220930232558,7.262370801033591,4.873094315245479,
2005-06-14,44.091118633139914,30.080593165699547,9.81769825918762,7.261863313990974,4.879142488716957,
2005-06-15,44.09856821106821,30.075032175032174,9.81438223938224,7.262419562419563,4.879182754182754,
2005-06-16,44.09856821106821,30.075032175032174,9.81438223938224,7.262419562419563,4.879182754182754,
2005-06-17,44.09856821106821,30.075032175032174,9.81438223938224,7.262419562419563,4.879182754182754,
2005-06-18,44.10030507385999,30.069107257546563,9.810886319845858,7.261913937058446,4.887122671804752,
2005-06-19,44.10030507385999,30.069107257546563,9.810886319845858,7.261913937058446,4.887122671804752,
2005-06-20,44.10030507385999,30.069107257546563,9.810886319845858,7.261913937058446,4.887122671804752,
2005-06-21,44.10030507385999,30.069107257546563,9.810886319845858,7.261913937058446,4.887122671804752,
2005-06-22,44.10972756410256,30.061282051282053,9.805480769230769,7.25948717948718,4.895032051282051,
2005-06-23,44.113355726167626,30.057325655790148,9.802015355086374,7.258989123480486,4.897152911068458,
2005-06-24,44.11409642401022,30.0514687100894,9.800478927203066,7.258492975734355,4.9040549169859515,
2005-06-25,44.11770235818993,30.045634161886554,9.797036328871894,7.257998725302741,4.911886551943913,
2005-06-26,44.11770235818993,30.045634161886554,9.797036328871894,7.257998725302741,4.911886551943913,
2005-06-27,44.11770235818993,30.045634161886554,9.797036328871894,7.257998725302741,4.911886551943913,
2005-06-28,44.123202926208656,30.03791348600509,9.791698473282443,7.255597964376591,4.923505089058524,
2005-06-29,44.123202926208656,30.03791348600509,9.791698473282443,7.255597964376591,4.923505089058524,
2005-06-30,44.12296825396825,30.032126984126986,9.788285714285715,7.255111111111111,4.933174603174603,
2005-07-01,44.12296825396825,30.032126984126986,9.788285714285715,7.255111111111111,4.933174603174603,
2005-07-02,44.12273447401775,30.02446134347275,9.786787072243346,7.254626108998733,4.944708491761723,
2005-07-03,44.12273447401775,30.02446134347275,9.786787072243346,7.254626108998733,4.944708491761723,
2005-07-04,44.12273447401775,30.02446134347275,9.786787072243346,7.254626108998733,4.944708491761723,
2005-07-05,44.120604048070845,30.018722327640734,9.783396584440228,7.254142947501581,4.956198608475648,
2005-07-06,44.12605744949495,30.011111111111113,9.778125000000001,7.251767676767677,4.965751262626262,
2005-07-07,44.12392879647133,30.005419029615627,9.77476370510397,7.251291745431632,4.97715816005041,
2005-07-08,44.12369496855346,29.999748427672955,9.773301886792453,7.250817610062893,4.982861635220125,
2005-07-09,44.121578782172,29.99598242310107,9.769962335216572,7.250345260514752,4.994193345888261,
2005-07-10,44.121578782172,29.99598242310107,9.769962335216572,7.250345260514752,4.994193345888261,
2005-07-11,44.121578782172,29.99598242310107,9.769962335216572,7.250345260514752,4.994193345888261,
2005-07-12,44.121578782172,29.99598242310107,9.769962335216572,7.250345260514752,4.994193345888261,
2005-07-13,44.125109649122805,29.990350877192984,9.764755639097745,7.249874686716792,5.0036027568922306,
2005-07-14,44.12112257661038,29.984740462789244,9.763320825515947,7.251282051282051,5.014853033145716,
2005-07-15,44.11902309612984,29.979151061173532,9.760018726591762,7.250811485642947,5.027933832709113,
2005-07-16,44.116931464174456,29.973582554517133,9.756728971962618,7.250342679127726,5.040965732087227,
2005-07-17,44.116931464174456,29.973582554517133,9.756728971962618,7.250342679127726,5.040965732087227,
2005-07-18,44.116931464174456,29.973582554517133,9.756728971962618,7.250342679127726,5.040965732087227,
2005-07-19,44.11895211442786,29.96691542288557,9.753824626865672,7.251741293532338,5.04872512437811,
2005-07-20,44.11966170080696,29.96139044072005,9.750558659217877,7.251272501551831,5.057945375543141,
2005-07-21,44.11572180916977,29.955885997521683,9.749163568773234,7.2508054522924414,5.070848822800496,
2005-07-22,44.113651824366116,29.949474335188622,9.747773654916513,7.2503401360544215,5.081849103277675,
2005-07-23,44.113651824366116,29.949474335188622,9.747773654916513,7.2503401360544215,5.081849103277675,
2005-07-24,44.113651824366116,29.949474335188622,9.747773654916513,7.2503401360544215,5.081849103277675,
2005-07-25,44.113651824366116,29.949474335188622,9.747773654916513,7.2503401360544215,5.081849103277675,
2005-07-26,44.113651824366116,29.949474335188622,9.747773654916513,7.2503401360544215,5.081849103277675,
2005-07-27,44.113441358024694,29.944012345679013,9.744537037037038,7.249876543209877,5.092808641975309,
2005-07-28,44.109534812076404,29.94041897720271,9.741312384473199,7.249414664202095,5.1055760936537276,
2005-07-29,44.105642681426815,29.933148831488314,9.739944649446494,7.25079950799508,5.11829643296433,
2005-07-30,44.105642681426815,29.933148831488314,9.739944649446494,7.25079950799508,5.11829643296433,
2005-07-31,44.105642681426815,29.933148831488314,9.739944649446494,7.25079950799508,5.11829643296433,
2005-08-01,44.105642681426815,29.933148831488314,9.739944649446494,7.25079950799508,5.11829643296433,
2005-08-02,44.105642681426815,29.933148831488314,9.739944649446494,7.25079950799508,5.11829643296433,
2005-08-03,44.10452731737262,29.925905463474525,9.735819521178637,7.2512584407612035,5.130969920196439,
2005-08-04,44.101577818627455,29.921446078431373,9.732628676470588,7.249877450980392,5.14359681372549,
2005-08-05,44.09772171253823,29.917920489296634,9.731284403669726,7.25125382262997,5.150672782874618,
2005-08-06,44.09772171253823,29.917920489296634,9.731284403669726,7.25125382262997,5.150672782874618,
2005-08-07,44.09772171253823,29.917920489296634,9.731284403669726,7.25125382262997,5.150672782874618,
2005-08-08,44.09772171253823,29.917920489296634,9.731284403669726,7.25125382262997,5.150672782874618,
2005-08-09,44.09571123321123,29.916239316239317,9.728113553113554,7.250793650793651,5.159554334554334,
2005-08-10,44.09187995124924,29.912736136502133,9.723126142595978,7.250335161486898,5.17205971968312,
2005-08-11,44.087150243309004,29.910158150851583,9.720894160583942,7.249878345498783,5.182694647201947,
2005-08-12,44.083348512446875,29.90850030358227,9.719581056466303,7.251244687310261,5.189647844565878,
2005-08-13,44.08137878787879,29.906848484848485,9.714636363636364,7.250787878787879,5.19839393939394,
2005-08-14,44.08137878787879,29.906848484848485,9.714636363636364,7.250787878787879,5.19839393939394,
2005-08-15,44.08137878787879,29.906848484848485,9.714636363636364,7.250787878787879,5.19839393939394,
2005-08-16,44.077510586811854,29.904204476709015,9.71152450090744,7.2516031457955235,5.208469449485784,
2005-08-17,44.073746980676326,29.904378019323673,9.708423913043479,7.251147342995169,5.215338164251208,
2005-08-18,44.069996986136225,29.902742616033755,9.703526220614828,7.250693188667872,5.22579867389994,
2005-08-19,44.06806558363417,29.901113116726837,9.702256317689532,7.2520457280385076,5.230806257521059,
2005-08-20,44.06806558363417,29.901113116726837,9.702256317689532,7.2520457280385076,5.230806257521059,
2005-08-21,44.06806558363417,29.901113116726837,9.702256317689532,7.2520457280385076,5.230806257521059,
2005-08-22,44.06614114114114,29.89948948948949,9.697387387387387,7.253393393393393,5.237597597597598,
2005-08-23,44.06224520383693,29.897781774580338,9.694424460431655,7.254466426858513,5.246432853717026,
2005-08-24,44.06224520383693,29.897781774580338,9.694424460431655,7.254466426858513,5.246432853717026,
2005-08-25,44.05854278874925,29.898862956313586,9.691382405745063,7.254009575104727,5.2540694195092765,
2005-08-26,44.05664575866189,29.89904420549582,9.688351254480287,7.255346475507765,5.258990442054959,
2005-08-27,44.05564997018485,29.89582587954681,9.68479427549195,7.256320810971974,5.267650566487776,
2005-08-28,44.05564997018485,29.89582587954681,9.68479427549195,7.256320810971974,5.267650566487776,
2005-08-29,44.05376488095238,29.896011904761906,9.68,7.257648809523809,5.272529761904762,
2005-08-30,44.050103980986336,29.896197266785503,9.675222816399287,7.25718954248366,5.280956625074272,
2005-08-31,44.050103980986336,29.896197266785503,9.675222816399287,7.25718954248366,5.280956625074272,
2005-09-01,44.04734578884935,29.899051008303676,9.670462633451958,7.255842230130487,5.288463819691578,
2005-09-02,44.044330965068085,29.900651272942568,9.66669626998224,7.256275902901125,5.294789816459444,
2005-09-03,44.0424793144208,29.902600472813237,9.661968085106384,7.255821513002364,5.301359338061466,
2005-09-04,44.0424793144208,29.902600472813237,9.661968085106384,7.255821513002364,5.301359338061466,
2005-09-05,44.03886430678466,29.90631268436578,9.659026548672568,7.255368731563423,5.30613569321534,
2005-09-06,44.03886430678466,29.90631268436578,9.659026548672568,7.255368731563423,5.30613569321534,
2005-09-07,44.03526207302709,29.91177856301531,9.654328621908128,7.254034157832745,5.311778563015312,
2005-09-08,44.03079071134626,29.918106995884774,9.649647266313934,7.253145208700765,5.317842445620223,
2005-09-09,44.02589495305164,29.924149061032868,9.645158450704225,7.252699530516432,5.323356807511737,
2005-09-10,44.01969830111306,29.93219097832455,9.640509666080844,7.252255418863504,5.328060925600468,
2005-09-11,44.01969830111306,29.93219097832455,9.640509666080844,7.252255418863504,5.328060925600468,
2005-09-12,44.01615497076023,29.93932748538012,9.636754385964911,7.250935672514621,5.330994152046784,
2005-09-13,44.012361354349096,29.94503794512551,9.63231173380035,7.250058377116171,5.33610624635143,
2005-09-14,44.012361354349096,29.94503794512551,9.63231173380035,7.250058377116171,5.33610624635143,
2005-09-15,44.012361354349096,29.94503794512551,9.63231173380035,7.250058377116171,5.33610624635143,
2005-09-16,44.007969114219115,29.94950466200466,9.62770979020979,7.251369463869465,5.341637529137529,
2005-09-17,44.007969114219115,29.94950466200466,9.62770979020979,7.251369463869465,5.341637529137529,
2005-09-18,44.007969114219115,29.94950466200466,9.62770979020979,7.251369463869465,5.341637529137529,
2005-09-19,44.007969114219115,29.94950466200466,9.62770979020979,7.251369463869465,5.341637529137529,
2005-09-20,44.007969114219115,29.94950466200466,9.62770979020979,7.251369463869465,5.341637529137529,
2005-09-21,44.007969114219115,29.94950466200466,9.62770979020979,7.251369463869465,5.341637529137529,
2005-09-22,43.99312100058174,29.955700988947058,9.624869109947644,7.256166375799884,5.348894706224549,
2005-09-23,43.98093786295006,29.964488966318232,9.622038327526132,7.257462253193961,5.353513356562137,
2005-09-24,43.98093786295006,29.964488966318232,9.622038327526132,7.257462253193961,5.353513356562137,
2005-09-25,43.98093786295006,29.964488966318232,9.622038327526132,7.257462253193961,5.353513356562137,
2005-09-26,43.98093786295006,29.964488966318232,9.622038327526132,7.257462253193961,5.353513356562137,
2005-09-27,43.98093786295006,29.964488966318232,9.622038327526132,7.257462253193961,5.353513356562137,
2005-09-28,43.9670579710145,29.97150724637681,9.619217391304348,7.263971014492754,5.358115942028985,
2005-09-29,43.95322627314815,29.978501157407404,9.61640625,7.266984953703704,5.364438657407407,
2005-09-30,43.95322627314815,29.978501157407404,9.61640625,7.266984953703704,5.364438657407407,
2005-10-01,43.95322627314815,29.978501157407404,9.61640625,7.266984953703704,5.364438657407407,
2005-10-02,43.95322627314815,29.978501157407404,9.61640625,7.266984953703704,5.364438657407407,
2005-10-03,43.95322627314815,29.978501157407404,9.61640625,7.266984953703704,5.364438657407407,
2005-10-04,43.95322627314815,29.978501157407404,9.61640625,7.266984953703704,5.364438657407407,
2005-10-05,43.93944251877527,29.98547082611207,9.61360485268631,7.273454650491046,5.369006354708261,
2005-10-06,43.92570645905421,29.99241637831603,9.610813148788928,7.278171856978086,5.373558246828143,
2005-10-07,43.91719919401267,29.99933793897524,9.606303972366149,7.277691421991941,5.379821531375935,
2005-10-08,43.91719919401267,29.99933793897524,9.606303972366149,7.277691421991941,5.379821531375935,
2005-10-09,43.91719919401267,29.99933793897524,9.606303972366149,7.277691421991941,5.379821531375935,
2005-10-10,43.91719919401267,29.99933793897524,9.606303972366149,7.277691421991941,5.379821531375935,
2005-10-11,43.91719919401267,29.99933793897524,9.606303972366149,7.277691421991941,5.379821531375935,
2005-10-12,43.903548850574715,30.006235632183905,9.60353448275862,7.282385057471265,5.386063218390804,
2005-10-13,43.891666666666666,30.01310958118187,9.60077452667814,7.285341365461848,5.390562248995984,
2005-10-14,43.88154352806415,30.021678121420386,9.5963058419244,7.286569301260023,5.395045819014891,
2005-10-15,43.88154352806415,30.021678121420386,9.5963058419244,7.286569301260023,5.395045819014891,
2005-10-16,43.88154352806415,30.021678121420386,9.5963058419244,7.286569301260023,5.395045819014891,
2005-10-17,43.871455117209834,30.028502001143508,9.593567753001716,7.289508290451687,5.397798742138365,
2005-10-18,43.856264269406395,30.035302511415523,9.592551369863013,7.292437214611873,5.403966894977168,
2005-10-19,43.84232193732194,30.041396011396014,9.59094017094017,7.296723646723646,5.409344729344729,
2005-10-20,43.83064562002276,30.04815130830489,9.588225255972697,7.299630261660978,5.41547212741752,
2005-10-21,43.83064562002276,30.04815130830489,9.588225255972697,7.299630261660978,5.41547212741752,
2005-10-22,43.83064562002276,30.04815130830489,9.588225255972697,7.299630261660978,5.41547212741752,
2005-10-23,43.83064562002276,30.04815130830489,9.588225255972697,7.299630261660978,5.41547212741752,
2005-10-24,43.83064562002276,30.04815130830489,9.588225255972697,7.299630261660978,5.41547212741752,
2005-10-25,43.83064562002276,30.04815130830489,9.588225255972697,7.299630261660978,5.41547212741752,
2005-10-26,43.81645371947757,30.053180011357185,9.587223168654173,7.303378762067007,5.4224304372515615,
2005-10-27,43.80316043083901,30.059892290249433,9.586224489795917,7.3062641723356005,5.428514739229025,
2005-10-28,43.79161007357103,30.068279569892475,9.583531409168081,7.309139784946236,5.432880588568195,
2005-10-29,43.79161007357103,30.068279569892475,9.583531409168081,7.309139784946236,5.432880588568195,
2005-10-30,43.79161007357103,30.068279569892475,9.583531409168081,7.309139784946236,5.432880588568195,
2005-10-31,43.79161007357103,30.068279569892475,9.583531409168081,7.309139784946236,5.432880588568195,
2005-11-01,43.77501412429379,30.07324858757062,9.582542372881356,7.313700564971751,5.440621468926554,
2005-11-02,43.760166384658774,30.079892836999438,9.579864636209814,7.319937958262831,5.444952058657642,
2005-11-03,43.746213400900906,30.082291666666666,9.578885135135135,7.325309684684684,5.452646396396396,
2005-11-04,43.746213400900906,30.082291666666666,9.578885135135135,7.325309684684684,5.452646396396396,
2005-11-05,43.746213400900906,30.082291666666666,9.578885135135135,7.325309684684684,5.452646396396396,
2005-11-06,43.746213400900906,30.082291666666666,9.578885135135135,7.325309684684684,5.452646396396396,
2005-11-07,43.746213400900906,30.082291666666666,9.578885135135135,7.325309684684684,5.452646396396396,
2005-11-08,43.72977796514896,30.085525576166386,9.577908937605397,7.333192804946599,5.458628442945475,
2005-11-09,43.72977796514896,30.085525576166386,9.577908937605397,7.333192804946599,5.458628442945475,
2005-11-10,43.71676487093154,30.090432098765433,9.575252525252525,7.3376823793490455,5.466273849607183,
2005-11-11,43.703795518207286,30.095322128851542,9.574285714285715,7.34047619047619,5.472212885154062,
2005-11-12,43.703795518207286,30.095322128851542,9.574285714285715,7.34047619047619,5.472212885154062,
2005-11-13,43.703795518207286,30.095322128851542,9.574285714285715,7.34047619047619,5.472212885154062,
2005-11-14,43.690869686800895,30.100195749440715,9.573322147651007,7.344938478747203,5.476454138702461,
2005-11-15,43.67212451144612,30.103378001116695,9.572361809045226,7.352735901730876,5.484031267448353,
2005-11-16,43.67212451144612,30.103378001116695,9.572361809045226,7.352735901730876,5.484031267448353,
2005-11-17,43.655950390189524,30.109894091415832,9.571404682274247,7.358835005574136,5.489910813823857,
2005-11-18,43.655950390189524,30.109894091415832,9.571404682274247,7.358835005574136,5.489910813823857,
2005-11-19,43.655950390189524,30.109894091415832,9.571404682274247,7.358835005574136,5.489910813823857,
2005-11-20,43.655950390189524,30.109894091415832,9.571404682274247,7.358835005574136,5.489910813823857,
2005-11-21,43.655950390189524,30.109894091415832,9.571404682274247,7.358835005574136,5.489910813823857,
2005-11-22,43.63649137451308,30.11304952698943,9.57212020033389,7.364913745130773,5.4974401780745685,
2005-11-23,43.62101388888889,30.117527777777777,9.5695,7.371555555555556,5.504027777777778,
2005-11-24,43.60666943982252,30.123987798114253,9.568552412645591,7.375929007210205,5.509844703272323,
2005-11-25,43.59569490586932,30.130426356589147,9.567607973421927,7.378626799557032,5.513981173864894,
2005-11-26,43.59569490586932,30.130426356589147,9.567607973421927,7.378626799557032,5.513981173864894,
2005-11-27,43.59569490586932,30.130426356589147,9.567607973421927,7.378626799557032,5.513981173864894,
2005-11-28,43.59569490586932,30.130426356589147,9.567607973421927,7.378626799557032,5.513981173864894,
2005-11-29,43.57978164731896,30.133526810392482,9.566666666666666,7.382974018794914,5.523079049198452,
2005-11-30,43.56557671081678,30.13496136865342,9.565728476821192,7.390618101545254,5.528835540838852,
2005-12-01,43.55307162534435,30.141349862258952,9.564793388429752,7.394931129476584,5.532920110192837,
2005-12-02,43.55307162534435,30.141349862258952,9.564793388429752,7.394931129476584,5.532920110192837,
2005-12-03,43.55307162534435,30.141349862258952,9.564793388429752,7.394931129476584,5.532920110192837,
2005-12-04,43.55307162534435,30.141349862258952,9.564793388429752,7.394931129476584,5.532920110192837,
2005-12-05,43.55307162534435,30.141349862258952,9.564793388429752,7.394931129476584,5.532920110192837,
2005-12-06,43.55307162534435,30.141349862258952,9.564793388429752,7.394931129476584,5.532920110192837,
2005-12-07,43.537307480748076,30.14606710671067,9.563861386138614,7.400880088008801,5.538641364136414,
2005-12-08,43.524890170236134,30.15241625480505,9.562932454695222,7.405161998901702,5.54269632070291,
2005-12-09,43.514158442982456,30.15874451754386,9.560361842105262,7.408607456140351,5.547560307017544,
2005-12-10,43.514158442982456,30.15874451754386,9.560361842105262,7.408607456140351,5.547560307017544,
2005-12-11,43.514158442982456,30.15874451754386,9.560361842105262,7.408607456140351,5.547560307017544,
2005-12-12,43.514158442982456,30.15874451754386,9.560361842105262,7.408607456140351,5.547560307017544,
2005-12-13,43.514158442982456,30.15874451754386,9.560361842105262,7.408607456140351,5.547560307017544,
2005-12-14,43.50181992337165,30.160125889436234,9.557799671592775,7.416146688560482,5.5532293377120965,
2005-12-15,43.487882513661205,30.164781420765028,9.55688524590164,7.4203825136612025,5.558879781420765,
2005-12-16,43.487882513661205,30.164781420765028,9.55688524590164,7.4203825136612025,5.558879781420765,
2005-12-17,43.487882513661205,30.164781420765028,9.55688524590164,7.4203825136612025,5.558879781420765,
2005-12-18,43.487882513661205,30.164781420765028,9.55688524590164,7.4203825136612025,5.558879781420765,
2005-12-19,43.487882513661205,30.164781420765028,9.55688524590164,7.4203825136612025,5.558879781420765,
2005-12-20,43.487882513661205,30.164781420765028,9.55688524590164,7.4203825136612025,5.558879781420765,
2005-12-21,43.47579105291871,30.168112384069833,9.554991816693946,7.424768139661757,5.565111838516094,
2005-12-22,43.47579105291871,30.168112384069833,9.554991816693946,7.424768139661757,5.565111838516094,
2005-12-23,43.47579105291871,30.168112384069833,9.554991816693946,7.424768139661757,5.565111838516094,
2005-12-24,43.47579105291871,30.168112384069833,9.554991816693946,7.424768139661757,5.565111838516094,
2005-12-25,43.47579105291871,30.168112384069833,9.554991816693946,7.424768139661757,5.565111838516094,
2005-12-26,43.47579105291871,30.168112384069833,9.554991816693946,7.424768139661757,5.565111838516094,
2005-12-27,43.47579105291871,30.168112384069833,9.554991816693946,7.424768139661757,5.565111838516094,
2005-12-28,43.465209694989106,30.171105664488017,9.552450980392157,7.430610021786493,5.569090413943355,
2005-12-29,43.465209694989106,30.171105664488017,9.552450980392157,7.430610021786493,5.569090413943355,
2005-12-30,43.465209694989106,30.171105664488017,9.552450980392157,7.430610021786493,5.569090413943355,
2005-12-31,43.465209694989106,30.171105664488017,9.552450980392157,7.430610021786493,5.569090413943355,
2006-01-01,43.465209694989106,30.171105664488017,9.552450980392157,7.430610021786493,5.569090413943355,
2006-01-02,43.465209694989106,30.171105664488017,9.552450980392157,7.430610021786493,5.569090413943355,
2006-01-03,43.465209694989106,30.171105664488017,9.552450980392157,7.430610021786493,5.569090413943355,
2006-01-04,43.45466286025013,30.17408917890158,9.551549755301796,7.434801522566613,5.57305600870038,
2006-01-05,43.44740770901194,30.17543431053203,9.550651465798046,7.437350705754615,5.578637350705755,
2006-01-06,43.44740770901194,30.17543431053203,9.550651465798046,7.437350705754615,5.578637350705755,
2006-01-07,43.44740770901194,30.17543431053203,9.550651465798046,7.437350705754615,5.578637350705755,
2006-01-08,43.44740770901194,30.17543431053203,9.550651465798046,7.437350705754615,5.578637350705755,
2006-01-09,43.44017615176151,30.17677506775068,9.549756097560977,7.43989159891599,5.582574525745257,
2006-01-10,43.44017615176151,30.17677506775068,9.549756097560977,7.43989159891599,5.582574525745257,
2006-01-11,43.42972132034632,30.178111471861474,9.54724025974026,7.445670995670996,5.5864989177489175,
2006-01-12,43.42254186925986,30.181064289573204,9.546353322528363,7.4465694219340905,5.59203133441383,
2006-01-13,43.41538565264293,30.185625674217906,9.543851132686084,7.449083063646171,5.5959277238403455,
2006-01-14,43.41538565264293,30.185625674217906,9.543851132686084,7.449083063646171,5.5959277238403455,
2006-01-15,43.41538565264293,30.185625674217906,9.543851132686084,7.449083063646171,5.5959277238403455,
2006-01-16,43.41538565264293,30.185625674217906,9.543851132686084,7.449083063646171,5.5959277238403455,
2006-01-17,43.40663704900377,30.18371028540657,9.54297253634895,7.45320409262251,5.60304254173398,
2006-01-18,43.39791666666667,30.185026881720432,9.538870967741936,7.4605376344086025,5.606908602150537,
2006-01-19,43.390834675254965,30.187949543746647,9.538003220611916,7.461406333870102,5.612372517444981,
2006-01-20,43.390834675254965,30.187949543746647,9.538003220611916,7.461406333870102,5.612372517444981,
2006-01-21,43.390834675254965,30.187949543746647,9.538003220611916,7.461406333870102,5.612372517444981,
2006-01-22,43.390834675254965,30.187949543746647,9.538003220611916,7.461406333870102,5.612372517444981,
2006-01-23,43.382167738478024,30.189255091103966,9.535530546623795,7.4670953912111475,5.617818863879957,
2006-01-24,43.373528624933115,30.188951310861423,9.534670947030499,7.469555912252543,5.623247726056714,
2006-01-25,43.36555822649573,30.19009081196581,9.532532051282052,7.473450854700855,5.6276175213675215,
2006-01-26,43.360173333333336,30.194586666666662,9.53008,7.472693333333334,5.633013333333333,
2006-01-27,43.35640308839191,30.19906815761448,9.526038338658147,7.473535676251331,5.636794462193823,
2006-01-28,43.35640308839191,30.19906815761448,9.526038338658147,7.473535676251331,5.636794462193823,
2006-01-29,43.35640308839191,30.19906815761448,9.526038338658147,7.473535676251331,5.636794462193823,
2006-01-30,43.35640308839191,30.19906815761448,9.526038338658147,7.473535676251331,5.636794462193823,
2006-01-31,43.34945507708666,30.198750664540135,9.52360446570973,7.475970228601808,5.643753322700691,
2006-02-01,43.34571390658174,30.200026539278127,9.521178343949044,7.476804670912951,5.647505307855626,
2006-02-02,43.340394806571275,30.202888182299944,9.517170111287758,7.477636459989402,5.6528351881293055,
2006-02-03,43.340394806571275,30.202888182299944,9.517170111287758,7.477636459989402,5.6528351881293055,
2006-02-04,43.340394806571275,30.202888182299944,9.517170111287758,7.477636459989402,5.6528351881293055,
2006-02-05,43.340394806571275,30.202888182299944,9.517170111287758,7.477636459989402,5.6528351881293055,
2006-02-06,43.340394806571275,30.202888182299944,9.517170111287758,7.477636459989402,5.6528351881293055,
2006-02-07,43.335092592592595,30.204153439153437,9.514761904761905,7.48005291005291,5.658148148148148,
2006-02-08,43.33139197041733,30.203829899630215,9.512361331220285,7.482461701003698,5.661859482303222,
2006-02-09,43.32770305907173,30.205089662447254,9.50996835443038,7.4832805907173,5.665559071729958,
2006-02-10,43.32770305907173,30.205089662447254,9.50996835443038,7.4832805907173,5.665559071729958,
2006-02-11,43.32770305907173,30.205089662447254,9.50996835443038,7.4832805907173,5.665559071729958,
2006-02-12,43.32770305907173,30.205089662447254,9.50996835443038,7.4832805907173,5.665559071729958,
2006-02-13,43.322446024223275,30.207925223801997,9.507582938388627,7.484096893101633,5.669246972090574,
2006-02-14,43.31562828601472,30.209174553101995,9.506782334384859,7.4864879074658255,5.6745005257623555,
2006-02-15,43.31040682414698,30.207270341207348,9.505984251968504,7.488871391076116,5.678162729658792,
2006-02-16,43.3083464360587,30.206944444444442,9.503616352201258,7.491247379454927,5.681813417190775,
2006-02-17,43.30472265829409,30.209759288330716,9.501255886970172,7.4920460491889065,5.683882783882784,
2006-02-18,43.30472265829409,30.209759288330716,9.501255886970172,7.4920460491889065,5.683882783882784,
2006-02-19,43.30472265829409,30.209759288330716,9.501255886970172,7.4920460491889065,5.683882783882784,
2006-02-20,43.30472265829409,30.209759288330716,9.501255886970172,7.4920460491889065,5.683882783882784,
2006-02-21,43.30472265829409,30.209759288330716,9.501255886970172,7.4920460491889065,5.683882783882784,
2006-02-22,43.296564785788924,30.20935214211076,9.49960815047022,7.49582027168234,5.6893939393939394,
2006-02-23,43.291405842462176,30.20902451747522,9.497261345852895,7.498174230568596,5.694574856546688,
2006-02-24,43.28782552083333,30.210260416666664,9.495703125,7.499739583333333,5.697395833333333,
2006-02-25,43.28782552083333,30.210260416666664,9.495703125,7.499739583333333,5.697395833333333,
2006-02-26,43.28782552083333,30.210260416666664,9.495703125,7.499739583333333,5.697395833333333,
2006-02-27,43.28782552083333,30.210260416666664,9.495703125,7.499739583333333,5.697395833333333,
2006-02-28,43.28269630785231,30.208372334893394,9.494929797191888,7.502080083203328,5.702548101924077,
2006-03-01,43.276025441329175,30.20493250259605,9.494158878504672,7.505970924195223,5.707684319833853,
2006-03-02,43.27248574390876,30.204613789528253,9.494945567651634,7.508294453084499,5.709694142042509,
2006-03-03,43.27248574390876,30.204613789528253,9.494945567651634,7.508294453084499,5.709694142042509,
2006-03-04,43.27248574390876,30.204613789528253,9.494945567651634,7.508294453084499,5.709694142042509,
2006-03-05,43.27248574390876,30.204613789528253,9.494945567651634,7.508294453084499,5.709694142042509,
2006-03-06,43.27248574390876,30.204613789528253,9.494945567651634,7.508294453084499,5.709694142042509,
2006-03-07,43.26429865424431,30.204296066252585,9.49417701863354,7.510610766045549,5.7148033126294,
2006-03-08,43.260788113695085,30.199328165374677,9.493410852713179,7.514470284237726,5.718346253229974,
2006-03-09,43.25728844169247,30.197471620227038,9.492647058823529,7.516769865841073,5.7218782249742,
2006-03-10,43.253799587841314,30.200257599175682,9.488794435857805,7.517516743946419,5.725399278722309,
2006-03-11,43.253799587841314,30.200257599175682,9.488794435857805,7.517516743946419,5.725399278722309,
2006-03-12,43.253799587841314,30.200257599175682,9.488794435857805,7.517516743946419,5.725399278722309,
2006-03-13,43.253799587841314,30.200257599175682,9.488794435857805,7.517516743946419,5.725399278722309,
2006-03-14,43.24723508230453,30.19994855967078,9.48804012345679,7.51980452674897,5.730452674897119,
2006-03-15,43.24092193117617,30.197560349255266,9.486594761171032,7.525166923472008,5.735798664612224,
2006-03-16,43.2359358974359,30.19725641025641,9.485846153846154,7.527435897435897,5.739282051282051,
2006-03-17,43.23096518177164,30.19541730670763,9.485099846390169,7.531233998975934,5.742754736303123,
2006-03-18,43.23096518177164,30.19541730670763,9.485099846390169,7.531233998975934,5.742754736303123,
2006-03-19,43.23096518177164,30.19541730670763,9.485099846390169,7.531233998975934,5.742754736303123,
2006-03-20,43.23096518177164,30.19541730670763,9.485099846390169,7.531233998975934,5.742754736303123,
2006-03-21,43.23096518177164,30.19541730670763,9.485099846390169,7.531233998975934,5.742754736303123,
2006-03-22,43.22447597137015,30.19205010224949,9.48435582822086,7.536554192229039,5.747750511247443,
2006-03-23,43.22447597137015,30.19205010224949,9.48435582822086,7.536554192229039,5.747750511247443,
2006-03-24,43.22106942317509,30.19328739152629,9.483614088820827,7.537263910158243,5.751199591628382,
2006-03-25,43.22106942317509,30.19328739152629,9.483614088820827,7.537263910158243,5.751199591628382,
2006-03-26,43.22106942317509,30.19328739152629,9.483614088820827,7.537263910158243,5.751199591628382,
2006-03-27,43.22106942317509,30.19328739152629,9.483614088820827,7.537263910158243,5.751199591628382,
2006-03-28,43.21308613659531,30.192991845056067,9.482874617737004,7.539500509683996,5.7561671763506626,
2006-03-29,43.205127226463105,30.18964376590331,9.482137404580152,7.544783715012723,5.761119592875318,
2006-03-30,43.205127226463105,30.18964376590331,9.482137404580152,7.544783715012723,5.761119592875318,
2006-03-31,43.20176575203252,30.19087906504065,9.479878048780488,7.547002032520325,5.764532520325203,
2006-04-01,43.20176575203252,30.19087906504065,9.479878048780488,7.547002032520325,5.764532520325203,
2006-04-02,43.20176575203252,30.19087906504065,9.479878048780488,7.547002032520325,5.764532520325203,
2006-04-03,43.20176575203252,30.19087906504065,9.479878048780488,7.547002032520325,5.764532520325203,
2006-04-04,43.19384830035515,30.19058853373922,9.479147640791476,7.549213597158802,5.769457128361238,
2006-04-05,43.187474670719354,30.185739614994937,9.479939209726444,7.552938196555218,5.774366767983789,
2006-04-06,43.18263783510369,30.18545776428933,9.479210925644917,7.556651492159838,5.777744056651492,
2006-04-07,43.179330808080806,30.188207070707072,9.476969696969697,7.55580808080808,5.781111111111111,
2006-04-08,43.179330808080806,30.188207070707072,9.476969696969697,7.55580808080808,5.781111111111111,
2006-04-09,43.179330808080806,30.188207070707072,9.476969696969697,7.55580808080808,5.781111111111111,
2006-04-10,43.179330808080806,30.188207070707072,9.476969696969697,7.55580808080808,5.781111111111111,
2006-04-11,43.17300806858295,30.18489662128089,9.477760968229955,7.559505799293999,5.785980837115481,
2006-04-12,43.16481621349446,30.184768378650553,9.476510574018127,7.563645518630413,5.791062437059416,
2006-04-13,43.16004273504274,30.185997988939164,9.475791855203619,7.565811965811966,5.7943941679235795,
2006-04-14,43.16004273504274,30.185997988939164,9.475791855203619,7.565811965811966,5.7943941679235795,
2006-04-15,43.16004273504274,30.185997988939164,9.475791855203619,7.565811965811966,5.7943941679235795,
2006-04-16,43.16004273504274,30.185997988939164,9.475791855203619,7.565811965811966,5.7943941679235795,
2006-04-17,43.16004273504274,30.185997988939164,9.475791855203619,7.565811965811966,5.7943941679235795,
2006-04-18,43.16004273504274,30.185997988939164,9.475791855203619,7.565811965811966,5.7943941679235795,
2006-04-19,43.152271586345385,30.186470883534135,9.47507530120482,7.568724899598394,5.799221887550201,
2006-04-20,43.152271586345385,30.186470883534135,9.47507530120482,7.568724899598394,5.799221887550201,
2006-04-21,43.14452380952381,30.189949874686715,9.475112781954888,7.570125313283208,5.802531328320802,
2006-04-22,43.14452380952381,30.189949874686715,9.475112781954888,7.570125313283208,5.802531328320802,
2006-04-23,43.14452380952381,30.189949874686715,9.475112781954888,7.570125313283208,5.802531328320802,
2006-04-24,43.14452380952381,30.189949874686715,9.475112781954888,7.570125313283208,5.802531328320802,
2006-04-25,43.1352977977978,30.191166166166166,9.474399399399399,7.573773773773774,5.807332332332332,
2006-04-26,43.126099450274864,30.189380309845077,9.473688155922039,7.578910544727636,5.812118940529735,
2006-04-27,43.126099450274864,30.189380309845077,9.473688155922039,7.578910544727636,5.812118940529735,
2006-04-28,43.12067115768463,30.19134231536926,9.472230538922155,7.580289421157684,5.815394211576846,
2006-04-29,43.12067115768463,30.19134231536926,9.472230538922155,7.580289421157684,5.815394211576846,
2006-04-30,43.12067115768463,30.19134231536926,9.472230538922155,7.580289421157684,5.815394211576846,
2006-05-01,43.12067115768463,30.19134231536926,9.472230538922155,7.580289421157684,5.815394211576846,
2006-05-02,43.12067115768463,30.19134231536926,9.472230538922155,7.580289421157684,5.815394211576846,
2006-05-03,43.113016940707524,30.19105630293971,9.47152466367713,7.58315894369706,5.8201544593921275,
2006-05-04,43.113016940707524,30.19105630293971,9.47152466367713,7.58315894369706,5.8201544593921275,
2006-05-05,43.10687810945274,30.19226368159204,9.47231343283582,7.585273631840796,5.823407960199005,
2006-05-06,43.10687810945274,30.19226368159204,9.47231343283582,7.585273631840796,5.823407960199005,
2006-05-07,43.10687810945274,30.19226368159204,9.47231343283582,7.585273631840796,5.823407960199005,
2006-05-08,43.10687810945274,30.19226368159204,9.47231343283582,7.585273631840796,5.823407960199005,
2006-05-09,43.097776949826134,30.191977148534523,9.47160953800298,7.588872329855937,5.829632389468455,
2006-05-10,43.09167906746032,30.190203373015873,9.470907738095239,7.590972222222222,5.834350198412698,
2006-05-11,43.09167906746032,30.190203373015873,9.470907738095239,7.590972222222222,5.834350198412698,
2006-05-12,43.08411342248638,30.191406636948983,9.470208023774145,7.593065874195146,5.8390539871223375,
2006-05-13,43.08411342248638,30.191406636948983,9.470208023774145,7.593065874195146,5.8390539871223375,
2006-05-14,43.08411342248638,30.191406636948983,9.470208023774145,7.593065874195146,5.8390539871223375,
2006-05-15,43.08411342248638,30.191406636948983,9.470208023774145,7.593065874195146,5.8390539871223375,
2006-05-16,43.08411342248638,30.191406636948983,9.470208023774145,7.593065874195146,5.8390539871223375,
2006-05-17,43.07619930761622,30.18941641938675,9.46839762611276,7.59782393669634,5.84515331355094,
2006-05-18,43.0671975308642,30.18913580246914,9.469185185185184,7.6013827160493825,5.849827160493827,
2006-05-19,43.064139546351086,30.19181459566075,9.467011834319527,7.6034516765286,5.851528599605523,
2006-05-20,43.064139546351086,30.19181459566075,9.467011834319527,7.6034516765286,5.851528599605523,
2006-05-21,43.064139546351086,30.19181459566075,9.467011834319527,7.6034516765286,5.851528599605523,
2006-05-22,43.064139546351086,30.19181459566075,9.467011834319527,7.6034516765286,5.851528599605523,
2006-05-23,43.05518217626785,30.190054160512066,9.46632200886263,7.609207287050714,5.856917774495322,
2006-05-24,43.05518217626785,30.190054160512066,9.46632200886263,7.609207287050714,5.856917774495322,
2006-05-25,43.05518217626785,30.190054160512066,9.46632200886263,7.609207287050714,5.856917774495322,
2006-05-26,43.05518217626785,30.190054160512066,9.46632200886263,7.609207287050714,5.856917774495322,
2006-05-27,43.05518217626785,30.190054160512066,9.46632200886263,7.609207287050714,5.856917774495322,
2006-05-28,43.05518217626785,30.190054160512066,9.46632200886263,7.609207287050714,5.856917774495322,
2006-05-29,43.05518217626785,30.190054160512066,9.46632200886263,7.609207287050714,5.856917774495322,
2006-05-30,43.04330137659784,30.189773844641103,9.467109144542773,7.615683382497542,5.863028515240904,
2006-05-31,43.02998281786942,30.186548846342664,9.466421207658321,7.623613156602848,5.869121256750122,
2006-06-01,43.02111519607843,30.186274509803923,9.46720588235294,7.627107843137255,5.873725490196078,
2006-06-02,43.02111519607843,30.186274509803923,9.46720588235294,7.627107843137255,5.873725490196078,
2006-06-03,43.02111519607843,30.186274509803923,9.46720588235294,7.627107843137255,5.873725490196078,
2006-06-04,43.02111519607843,30.186274509803923,9.46720588235294,7.627107843137255,5.873725490196078,
2006-06-05,43.02111519607843,30.186274509803923,9.46720588235294,7.627107843137255,5.873725490196078,
2006-06-06,43.02111519607843,30.186274509803923,9.46720588235294,7.627107843137255,5.873725490196078,
2006-06-07,43.00860254527655,30.183798335780715,9.466519823788547,7.634263338228096,5.879784630445423,
2006-06-08,43.00860254527655,30.183798335780715,9.466519823788547,7.634263338228096,5.879784630445423,
2006-06-09,42.99979227761486,30.183528836754643,9.467302052785923,7.637732160312805,5.88435972629521,
2006-06-10,42.99979227761486,30.183528836754643,9.467302052785923,7.637732160312805,5.88435972629521,
2006-06-11,42.99979227761486,30.183528836754643,9.467302052785923,7.637732160312805,5.88435972629521,
2006-06-12,42.99979227761486,30.183528836754643,9.467302052785923,7.637732160312805,5.88435972629521,
2006-06-13,42.98807955100049,30.18033186920449,9.466617862371889,7.644119082479258,5.890385553928746,
2006-06-14,42.97640107212476,30.18006822612086,9.46593567251462,7.649025341130605,5.896393762183235,
2006-06-15,42.97640107212476,30.18006822612086,9.46593567251462,7.649025341130605,5.896393762183235,
2006-06-16,42.96913625304136,30.181265206812654,9.464525547445255,7.651727493917275,5.900924574209245,
2006-06-17,42.96913625304136,30.181265206812654,9.464525547445255,7.651727493917275,5.900924574209245,
2006-06-18,42.96913625304136,30.181265206812654,9.464525547445255,7.651727493917275,5.900924574209245,
2006-06-19,42.96913625304136,30.181265206812654,9.464525547445255,7.651727493917275,5.900924574209245,
2006-06-20,42.95751943634597,30.182458697764822,9.463848396501458,7.656608357628766,5.90689990281827,
2006-06-21,42.94656720038816,30.181950509461426,9.464240659873848,7.6622028141678795,5.9125181950509464,
2006-06-22,42.94656720038816,30.181950509461426,9.464240659873848,7.6622028141678795,5.9125181950509464,
2006-06-23,42.94656720038816,30.181950509461426,9.464240659873848,7.6622028141678795,5.9125181950509464,
2006-06-24,42.94656720038816,30.181950509461426,9.464240659873848,7.6622028141678795,5.9125181950509464,
2006-06-25,42.94656720038816,30.181950509461426,9.464240659873848,7.6622028141678795,5.9125181950509464,
2006-06-26,42.94656720038816,30.181950509461426,9.464240659873848,7.6622028141678795,5.9125181950509464,
2006-06-27,42.93356346899225,30.183139534883722,9.46501937984496,7.667054263565891,5.918459302325582,
2006-06-28,42.919146105466865,30.182873730043543,9.464344460570876,7.674794388001935,5.924383164005806,
2006-06-29,42.919146105466865,30.182873730043543,9.464344460570876,7.674794388001935,5.924383164005806,
2006-06-30,42.919146105466865,30.182873730043543,9.464344460570876,7.674794388001935,5.924383164005806,
2006-07-01,42.919146105466865,30.182873730043543,9.464344460570876,7.674794388001935,5.924383164005806,
2006-07-02,42.919146105466865,30.182873730043543,9.464344460570876,7.674794388001935,5.924383164005806,
2006-07-03,42.919146105466865,30.182873730043543,9.464344460570876,7.674794388001935,5.924383164005806,
2006-07-04,42.90621980676329,30.184057971014493,9.46367149758454,7.6810628019323675,5.930289855072464,
2006-07-05,42.8918837433671,30.180897250361795,9.464447660395562,7.6887602508441875,5.936179450072358,
2006-07-06,42.88047928709056,30.179190751445088,9.465221579961465,7.694990366088632,5.942052023121387,
2006-07-07,42.88047928709056,30.179190751445088,9.465221579961465,7.694990366088632,5.942052023121387,
2006-07-08,42.88047928709056,30.179190751445088,9.465221579961465,7.694990366088632,5.942052023121387,
2006-07-09,42.88047928709056,30.179190751445088,9.465221579961465,7.694990366088632,5.942052023121387,
2006-07-10,42.88047928709056,30.179190751445088,9.465221579961465,7.694990366088632,5.942052023121387,
2006-07-11,42.88047928709056,30.179190751445088,9.465221579961465,7.694990366088632,5.942052023121387,
2006-07-12,42.86622174122174,30.17676767676768,9.465993265993266,7.7026455026455025,5.947907647907647,
2006-07-13,42.85488712776177,30.173631123919307,9.468203650336216,7.708837656099904,5.952305475504322,
2006-07-14,42.84646282973621,30.174820143884894,9.466091127098322,7.713573141486811,5.953812949640287,
2006-07-15,42.84646282973621,30.174820143884894,9.466091127098322,7.713573141486811,5.953812949640287,
2006-07-16,42.84646282973621,30.174820143884894,9.466091127098322,7.713573141486811,5.953812949640287,
2006-07-17,42.84646282973621,30.174820143884894,9.466091127098322,7.713573141486811,5.953812949640287,
2006-07-18,42.84646282973621,30.174820143884894,9.466091127098322,7.713573141486811,5.953812949640287,
2006-07-19,42.83403975095785,30.172749042145593,9.46647509578544,7.721216475095785,5.9592432950191565,
2006-07-20,42.82280009564801,30.17250119560019,9.464371114299379,7.7273553323768525,5.963605930176949,
2006-07-21,42.81159264565425,30.170821394460365,9.465138490926456,7.734909264565425,5.967956064947469,
2006-07-22,42.81159264565425,30.170821394460365,9.465138490926456,7.734909264565425,5.967956064947469,
2006-07-23,42.81159264565425,30.170821394460365,9.465138490926456,7.734909264565425,5.967956064947469,
2006-07-24,42.81159264565425,30.170821394460365,9.465138490926456,7.734909264565425,5.967956064947469,
2006-07-25,42.81159264565425,30.170821394460365,9.465138490926456,7.734909264565425,5.967956064947469,
2006-07-26,42.79755603242727,30.170577014783024,9.465188364329995,7.742441583214115,5.9737243681449685,
2006-07-27,42.79755603242727,30.170577014783024,9.465188364329995,7.742441583214115,5.9737243681449685,
2006-07-28,42.79755603242727,30.170577014783024,9.465188364329995,7.742441583214115,5.9737243681449685,
2006-07-29,42.79755603242727,30.170577014783024,9.465188364329995,7.742441583214115,5.9737243681449685,
2006-07-30,42.79755603242727,30.170577014783024,9.465188364329995,7.742441583214115,5.9737243681449685,
2006-07-31,42.79755603242727,30.170577014783024,9.465188364329995,7.742441583214115,5.9737243681449685,
2006-08-01,42.79755603242727,30.170577014783024,9.465188364329995,7.742441583214115,5.9737243681449685,
2006-08-02,42.78213095238095,30.169619047619047,9.465952380952382,7.74995238095238,5.97947619047619,
2006-08-03,42.771029481692814,30.16795054683785,9.466714217784117,7.756015216357584,5.98378506894912,
2006-08-04,42.771029481692814,30.16795054683785,9.466714217784117,7.756015216357584,5.98378506894912,
2006-08-05,42.771029481692814,30.16795054683785,9.466714217784117,7.756015216357584,5.98378506894912,
2006-08-06,42.771029481692814,30.16795054683785,9.466714217784117,7.756015216357584,5.98378506894912,
2006-08-07,42.771029481692814,30.16795054683785,9.466714217784117,7.756015216357584,5.98378506894912,
2006-08-08,42.771029481692814,30.16795054683785,9.466714217784117,7.756015216357584,5.98378506894912,
2006-08-09,42.7556861348528,30.166286799620135,9.467473884140551,7.763485280151946,5.989506172839506,
2006-08-10,42.7556861348528,30.166286799620135,9.467473884140551,7.763485280151946,5.989506172839506,
2006-08-11,42.7556861348528,30.166286799620135,9.467473884140551,7.763485280151946,5.989506172839506,
2006-08-12,42.7556861348528,30.166286799620135,9.467473884140551,7.763485280151946,5.989506172839506,
2006-08-13,42.7556861348528,30.166286799620135,9.467473884140551,7.763485280151946,5.989506172839506,
2006-08-14,42.7556861348528,30.166286799620135,9.467473884140551,7.763485280151946,5.989506172839506,
2006-08-15,42.7556861348528,30.166286799620135,9.467473884140551,7.763485280151946,5.989506172839506,
2006-08-16,42.740054528212426,30.16524419155998,9.46818397344713,7.771171171171171,5.9958274063537225,
2006-08-17,42.740054528212426,30.16524419155998,9.46818397344713,7.771171171171171,5.9958274063537225,
2006-08-18,42.730480587121214,30.165009469696972,9.467518939393939,7.7771780303030305,5.997253787878788,
2006-08-19,42.730480587121214,30.165009469696972,9.467518939393939,7.7771780303030305,5.997253787878788,
2006-08-20,42.730480587121214,30.165009469696972,9.467518939393939,7.7771780303030305,5.997253787878788,
2006-08-21,42.730480587121214,30.165009469696972,9.467518939393939,7.7771780303030305,5.997253787878788,
2006-08-22,42.730480587121214,30.165009469696972,9.467518939393939,7.7771780303030305,5.997253787878788,
2006-08-23,42.71455082742317,30.163356973995274,9.468274231678487,7.786004728132387,6.002222222222223,
2006-08-24,42.71455082742317,30.163356973995274,9.468274231678487,7.786004728132387,6.002222222222223,
2006-08-25,42.70149905571294,30.162417374881965,9.469027384324834,7.793389990557129,6.00646836638338,
2006-08-26,42.70149905571294,30.162417374881965,9.469027384324834,7.793389990557129,6.00646836638338,
2006-08-27,42.70149905571294,30.162417374881965,9.469027384324834,7.793389990557129,6.00646836638338,
2006-08-28,42.70149905571294,30.162417374881965,9.469027384324834,7.793389990557129,6.00646836638338,
2006-08-29,42.70149905571294,30.162417374881965,9.469027384324834,7.793389990557129,6.00646836638338,
2006-08-30,42.684240924092414,30.161480433757664,9.46977840641207,7.801461574728902,6.014238566713814,
2006-08-31,42.684240924092414,30.161480433757664,9.46977840641207,7.801461574728902,6.014238566713814,
2006-09-01,42.67479990583804,30.161252354048965,9.469114877589453,7.805979284369115,6.017043314500942,
2006-09-02,42.67479990583804,30.161252354048965,9.469114877589453,7.805979284369115,6.017043314500942,
2006-09-03,42.67479990583804,30.161252354048965,9.469114877589453,7.805979284369115,6.017043314500942,
2006-09-04,42.67479990583804,30.161252354048965,9.469114877589453,7.805979284369115,6.017043314500942,
2006-09-05,42.67479990583804,30.161252354048965,9.469114877589453,7.805979284369115,6.017043314500942,
2006-09-06,42.657628114715564,30.160319699106726,9.469863657733898,7.813305124588623,6.024071462153268,
2006-09-07,42.64543427230047,30.157276995305168,9.470610328638497,7.822018779342723,6.028262910798122,
2006-09-08,42.64543427230047,30.157276995305168,9.470610328638497,7.822018779342723,6.028262910798122,
2006-09-09,42.64543427230047,30.157276995305168,9.470610328638497,7.822018779342723,6.028262910798122,
2006-09-10,42.64543427230047,30.157276995305168,9.470610328638497,7.822018779342723,6.028262910798122,
2006-09-11,42.64543427230047,30.157276995305168,9.470610328638497,7.822018779342723,6.028262910798122,
2006-09-12,42.64543427230047,30.157276995305168,9.470610328638497,7.822018779342723,6.028262910798122,
2006-09-13,42.62835208626348,30.154946085325832,9.47205813408345,7.830707923112986,6.03455227379278,
2006-09-14,42.62835208626348,30.154946085325832,9.47205813408345,7.830707923112986,6.03455227379278,
2006-09-15,42.62835208626348,30.154946085325832,9.47205813408345,7.830707923112986,6.03455227379278,
2006-09-16,42.62835208626348,30.154946085325832,9.47205813408345,7.830707923112986,6.03455227379278,
2006-09-17,42.62835208626348,30.154946085325832,9.47205813408345,7.830707923112986,6.03455227379278,
2006-09-18,42.62835208626348,30.154946085325832,9.47205813408345,7.830707923112986,6.03455227379278,
2006-09-19,42.610615636704125,30.154728464419478,9.472799625468165,7.837968164794007,6.041526217228465,
2006-09-20,42.598398784478725,30.151566152407664,9.474170172978027,7.845418419822347,6.0470079476390834,
2006-09-21,42.598398784478725,30.151566152407664,9.474170172978027,7.845418419822347,6.0470079476390834,
2006-09-22,42.5828548085901,30.151353874883284,9.476307189542483,7.853338001867415,6.051143790849673,
2006-09-23,42.5828548085901,30.151353874883284,9.476307189542483,7.853338001867415,6.051143790849673,
2006-09-24,42.5828548085901,30.151353874883284,9.476307189542483,7.853338001867415,6.051143790849673,
2006-09-25,42.56385780885781,30.15114219114219,9.475641025641025,7.863333333333334,6.056666666666667,
2006-09-26,42.56385780885781,30.15114219114219,9.475641025641025,7.863333333333334,6.056666666666667,
2006-09-27,42.54631052141527,30.15093109869646,9.476373370577281,7.871904096834265,6.062174115456238,
2006-09-28,42.54631052141527,30.15093109869646,9.476373370577281,7.871904096834265,6.062174115456238,
2006-09-29,42.53299628079963,30.152115295211527,9.475708972570898,7.879056252905626,6.063482101348209,
2006-09-30,42.53299628079963,30.152115295211527,9.475708972570898,7.879056252905626,6.063482101348209,
2006-10-01,42.53299628079963,30.152115295211527,9.475708972570898,7.879056252905626,6.063482101348209,
2006-10-02,42.53299628079963,30.152115295211527,9.475708972570898,7.879056252905626,6.063482101348209,
2006-10-03,42.53299628079963,30.152115295211527,9.475708972570898,7.879056252905626,6.063482101348209,
2006-10-04,42.515540854224696,30.152599814298977,9.476439182915506,7.888277623026927,6.068268337975859,
2006-10-05,42.49813398238294,30.156560037088546,9.477167362076958,7.895387111729254,6.07234585071859,
2006-10-06,42.49813398238294,30.156560037088546,9.477167362076958,7.895387111729254,6.07234585071859,
2006-10-07,42.49813398238294,30.156560037088546,9.477167362076958,7.895387111729254,6.07234585071859,
2006-10-08,42.49813398238294,30.156560037088546,9.477167362076958,7.895387111729254,6.07234585071859,
2006-10-09,42.49813398238294,30.156560037088546,9.477167362076958,7.895387111729254,6.07234585071859,
2006-10-10,42.49813398238294,30.156560037088546,9.477167362076958,7.895387111729254,6.07234585071859,
2006-10-11,42.47938657407407,30.157037037037036,9.478587962962962,7.904560185185185,6.077800925925926,
2006-10-12,42.47938657407407,30.157037037037036,9.478587962962962,7.904560185185185,6.077800925925926,
2006-10-13,42.466239019879794,30.159593157651408,9.4793111419325,7.908853444290338,6.080466944059177,
2006-10-14,42.466239019879794,30.159593157651408,9.4793111419325,7.908853444290338,6.080466944059177,
2006-10-15,42.466239019879794,30.159593157651408,9.4793111419325,7.908853444290338,6.080466944059177,
2006-10-16,42.466239019879794,30.159593157651408,9.4793111419325,7.908853444290338,6.080466944059177,
2006-10-17,42.45118882733149,30.159926131117267,9.481417359187441,7.915627885503231,6.084926131117267,
2006-10-18,42.43327570308898,30.1617796219456,9.482826187183033,7.923351775011525,6.089649608114338,
2006-10-19,42.418865101289136,30.164318600368325,9.484921731123388,7.928982504604051,6.093669429097606,
2006-10-20,42.40311494252874,30.165471264367817,9.485632183908045,7.93735632183908,6.09767816091954,
2006-10-21,42.40311494252874,30.165471264367817,9.485632183908045,7.93735632183908,6.09767816091954,
2006-10-22,42.40311494252874,30.165471264367817,9.485632183908045,7.93735632183908,6.09767816091954,
2006-10-23,42.40311494252874,30.165471264367817,9.485632183908045,7.93735632183908,6.09767816091954,
2006-10-24,42.40311494252874,30.165471264367817,9.485632183908045,7.93735632183908,6.09767816091954,
2006-10-25,42.38603076216713,30.16455463728191,9.487718089990818,7.94570707070707,6.103053259871442,
2006-10-26,42.38603076216713,30.16455463728191,9.487718089990818,7.94570707070707,6.103053259871442,
2006-10-27,42.37449564419991,30.165703805593765,9.48842274186153,7.949908298945437,6.107038055937643,
2006-10-28,42.37449564419991,30.165703805593765,9.48842274186153,7.949908298945437,6.107038055937643,
2006-10-29,42.37449564419991,30.165703805593765,9.48842274186153,7.949908298945437,6.107038055937643,
2006-10-30,42.37449564419991,30.165703805593765,9.48842274186153,7.949908298945437,6.107038055937643,
2006-10-31,42.35749771062271,30.164102564102564,9.49187271062271,7.956845238095237,6.113759157509158,
2006-11-01,42.337802926383176,30.162505715592136,9.493941472336534,7.966506630086877,6.120461819844536,
2006-11-02,42.32227168949772,30.16365296803653,9.497374429223743,7.973401826484018,6.1244063926940635,
2006-11-03,42.32227168949772,30.16365296803653,9.497374429223743,7.973401826484018,6.1244063926940635,
2006-11-04,42.32227168949772,30.16365296803653,9.497374429223743,7.973401826484018,6.1244063926940635,
2006-11-05,42.32227168949772,30.16365296803653,9.497374429223743,7.973401826484018,6.1244063926940635,
2006-11-06,42.32227168949772,30.16365296803653,9.497374429223743,7.973401826484018,6.1244063926940635,
2006-11-07,42.30404696762426,30.16342909256726,9.499430004559963,7.981646146830825,6.131076151390789,
2006-11-08,42.287238160291444,30.1632058287796,9.498747723132968,7.989867941712204,6.137727686703096,
2006-11-09,42.287238160291444,30.1632058287796,9.498747723132968,7.989867941712204,6.137727686703096,
2006-11-10,42.27729649840837,30.164347430650295,9.49806730331969,7.993974533879036,6.140268303774443,
2006-11-11,42.27729649840837,30.164347430650295,9.49806730331969,7.993974533879036,6.140268303774443,
2006-11-12,42.27729649840837,30.164347430650295,9.49806730331969,7.993974533879036,6.140268303774443,
2006-11-13,42.27729649840837,30.164347430650295,9.49806730331969,7.993974533879036,6.140268303774443,
2006-11-14,42.262068574023615,30.164191643960034,9.499704813805632,8.000317892824706,6.1463442325158955,
2006-11-15,42.244024943310656,30.162607709750567,9.500385487528344,8.00984126984127,6.152947845804989,
2006-11-16,42.23282382246377,30.165104166666666,9.501064311594204,8.013903985507246,6.155457427536232,
2006-11-17,42.23282382246377,30.165104166666666,9.501064311594204,8.013903985507246,6.155457427536232,
2006-11-18,42.23282382246377,30.165104166666666,9.501064311594204,8.013903985507246,6.155457427536232,
2006-11-19,42.23282382246377,30.165104166666666,9.501064311594204,8.013903985507246,6.155457427536232,
2006-11-20,42.23282382246377,30.165104166666666,9.501064311594204,8.013903985507246,6.155457427536232,
2006-11-21,42.23282382246377,30.165104166666666,9.501064311594204,8.013903985507246,6.155457427536232,
2006-11-22,42.21622568973315,30.16420171867933,9.5024197195839,8.022026232473994,6.161352329262778,
2006-11-23,42.21622568973315,30.16420171867933,9.5024197195839,8.022026232473994,6.161352329262778,
2006-11-24,42.20780261969286,30.1653342366757,9.503093947606143,8.024706413730804,6.163843721770552,
2006-11-25,42.20780261969286,30.1653342366757,9.503093947606143,8.024706413730804,6.163843721770552,
2006-11-26,42.20780261969286,30.1653342366757,9.503093947606143,8.024706413730804,6.163843721770552,
2006-11-27,42.193989625620205,30.16511050969779,9.503766350924673,8.030085701398287,6.167681551646369,
2006-11-28,42.180213963963965,30.164887387387388,9.504436936936937,8.035450450450451,6.174211711711712,
2006-11-29,42.16647548358075,30.16196581196581,9.506455240665767,8.040800719748088,6.18072424651372,
2006-11-30,42.16647548358075,30.16196581196581,9.506455240665767,8.040800719748088,6.18072424651372,
2006-12-01,42.16647548358075,30.16196581196581,9.506455240665767,8.040800719748088,6.18072424651372,
2006-12-02,42.16647548358075,30.16196581196581,9.506455240665767,8.040800719748088,6.18072424651372,
2006-12-03,42.16647548358075,30.16196581196581,9.506455240665767,8.040800719748088,6.18072424651372,
2006-12-04,42.16647548358075,30.16196581196581,9.506455240665767,8.040800719748088,6.18072424651372,
2006-12-05,42.15412174303684,30.16039982030548,9.508468104222821,8.044788858939803,6.187219227313568,
2006-12-06,42.141801256168684,30.154800358905337,9.510475549573801,8.051458052938537,6.193696724988785,
2006-12-07,42.1322020609319,30.155936379928313,9.512477598566308,8.0540770609319,6.196124551971327,
2006-12-08,42.1322020609319,30.155936379928313,9.512477598566308,8.0540770609319,6.196124551971327,
2006-12-09,42.1322020609319,30.155936379928313,9.512477598566308,8.0540770609319,6.196124551971327,
2006-12-10,42.1322020609319,30.155936379928313,9.512477598566308,8.0540770609319,6.196124551971327,
2006-12-11,42.1322020609319,30.155936379928313,9.512477598566308,8.0540770609319,6.196124551971327,
2006-12-12,42.1322020609319,30.155936379928313,9.512477598566308,8.0540770609319,6.196124551971327,
2006-12-13,42.119944071588364,30.153713646532438,9.513803131991052,8.059373601789709,6.201901565995526,
2006-12-14,42.10905942806077,30.154848078641646,9.517135835567471,8.063315460232351,6.204311885612154,
2006-12-15,42.102219991075415,30.155979473449353,9.517782240071398,8.064569388665774,6.206715751896475,
2006-12-16,42.102219991075415,30.155979473449353,9.517782240071398,8.064569388665774,6.206715751896475,
2006-12-17,42.102219991075415,30.155979473449353,9.517782240071398,8.064569388665774,6.206715751896475,
2006-12-18,42.102219991075415,30.155979473449353,9.517782240071398,8.064569388665774,6.206715751896475,
2006-12-19,42.094061942959,30.157107843137254,9.518426916221035,8.0671568627451,6.21045008912656,
2006-12-20,42.08129728526925,30.156186025812193,9.519470404984423,8.073475745438364,6.215376056964842,
2006-12-21,42.08129728526925,30.156186025812193,9.519470404984423,8.073475745438364,6.215376056964842,
2006-12-22,42.08129728526925,30.156186025812193,9.519470404984423,8.073475745438364,6.215376056964842,
2006-12-23,42.08129728526925,30.156186025812193,9.519470404984423,8.073475745438364,6.215376056964842,
2006-12-24,42.08129728526925,30.156186025812193,9.519470404984423,8.073475745438364,6.215376056964842,
2006-12-25,42.08129728526925,30.156186025812193,9.519470404984423,8.073475745438364,6.215376056964842,
2006-12-26,42.08129728526925,30.156186025812193,9.519470404984423,8.073475745438364,6.215376056964842,
2006-12-27,42.06918888888889,30.153311111111112,9.521444444444445,8.080044444444445,6.219088888888889,
2006-12-28,42.06918888888889,30.153311111111112,9.521444444444445,8.080044444444445,6.219088888888889,
2006-12-29,42.06918888888889,30.153311111111112,9.521444444444445,8.080044444444445,6.219088888888889,
2006-12-30,42.06918888888889,30.153311111111112,9.521444444444445,8.080044444444445,6.219088888888889,
2006-12-31,42.06918888888889,30.153311111111112,9.521444444444445,8.080044444444445,6.219088888888889,
2007-01-01,42.06918888888889,30.153311111111112,9.521444444444445,8.080044444444445,6.219088888888889,
2007-01-02,42.06918888888889,30.153311111111112,9.521444444444445,8.080044444444445,6.219088888888889,
2007-01-03,42.057112738570794,30.151775410563694,9.5234132268087,8.08393253439858,6.224123391034176,
2007-01-04,42.04905806737589,30.151573581560285,9.525376773049645,8.087810283687944,6.226484929078014,
2007-01-05,42.04905806737589,30.151573581560285,9.525376773049645,8.087810283687944,6.226484929078014,
2007-01-06,42.04905806737589,30.151573581560285,9.525376773049645,8.087810283687944,6.226484929078014,
2007-01-07,42.04905806737589,30.151573581560285,9.525376773049645,8.087810283687944,6.226484929078014,
2007-01-08,42.04905806737589,30.151573581560285,9.525376773049645,8.087810283687944,6.226484929078014,
2007-01-09,42.04905806737589,30.151573581560285,9.525376773049645,8.087810283687944,6.226484929078014,
2007-01-10,42.038368747233285,30.151372288623286,9.52733510402833,8.091677733510403,6.23016821602479,
2007-01-11,42.038368747233285,30.151372288623286,9.52733510402833,8.091677733510403,6.23016821602479,
2007-01-12,42.02969717064545,30.15316091954023,9.527298850574713,8.094871794871796,6.232515473032715,
2007-01-13,42.02969717064545,30.15316091954023,9.527298850574713,8.094871794871796,6.232515473032715,
2007-01-14,42.02969717064545,30.15316091954023,9.527298850574713,8.094871794871796,6.232515473032715,
2007-01-15,42.02969717064545,30.15316091954023,9.527298850574713,8.094871794871796,6.232515473032715,
2007-01-16,42.02969717064545,30.15316091954023,9.527298850574713,8.094871794871796,6.232515473032715,
2007-01-17,42.019061810154525,30.152958057395143,9.52924944812362,8.100044150110376,6.236181015452538,
2007-01-18,42.019061810154525,30.152958057395143,9.52924944812362,8.100044150110376,6.236181015452538,
2007-01-19,42.019061810154525,30.152958057395143,9.52924944812362,8.100044150110376,6.236181015452538,
2007-01-20,42.019061810154525,30.152958057395143,9.52924944812362,8.100044150110376,6.236181015452538,
2007-01-21,42.019061810154525,30.152958057395143,9.52924944812362,8.100044150110376,6.236181015452538,
2007-01-22,42.019061810154525,30.152958057395143,9.52924944812362,8.100044150110376,6.236181015452538,
2007-01-23,42.009380511463846,30.152491181657847,9.530004409171076,8.10573192239859,6.24102733686067,
2007-01-24,42.00012109202994,30.153610744165565,9.53062527520916,8.110876265962132,6.243350946719506,
2007-01-25,42.00012109202994,30.153610744165565,9.53062527520916,8.110876265962132,6.243350946719506,
2007-01-26,42.00012109202994,30.153610744165565,9.53062527520916,8.110876265962132,6.243350946719506,
2007-01-27,42.00012109202994,30.153610744165565,9.53062527520916,8.110876265962132,6.243350946719506,
2007-01-28,42.00012109202994,30.153610744165565,9.53062527520916,8.110876265962132,6.243350946719506,
2007-01-29,42.00012109202994,30.153610744165565,9.53062527520916,8.110876265962132,6.243350946719506,
2007-01-30,41.988907211961305,30.154727352682496,9.531244503078277,8.116666666666667,6.246987686895338,
2007-01-31,41.988907211961305,30.154727352682496,9.531244503078277,8.116666666666667,6.246987686895338,
2007-02-01,41.97969916556873,30.155841018884498,9.533179622310056,8.120465524813351,6.249297321036451,
2007-02-02,41.97969916556873,30.155841018884498,9.533179622310056,8.120465524813351,6.249297321036451,
2007-02-03,41.97969916556873,30.155841018884498,9.533179622310056,8.120465524813351,6.249297321036451,
2007-02-04,41.97969916556873,30.155841018884498,9.533179622310056,8.120465524813351,6.249297321036451,
2007-02-05,41.97969916556873,30.155841018884498,9.533179622310056,8.120465524813351,6.249297321036451,
2007-02-06,41.96919956140351,30.155635964912282,9.535109649122807,8.125570175438597,6.252916666666666,
2007-02-07,41.96919956140351,30.155635964912282,9.535109649122807,8.125570175438597,6.252916666666666,
2007-02-08,41.95741349102059,30.158059570740253,9.537034603591765,8.13066141042488,6.255212439772229,
2007-02-09,41.95090769903762,30.157852143482064,9.537642169728784,8.133114610673665,6.257502187226596,
2007-02-10,41.95090769903762,30.157852143482064,9.537642169728784,8.133114610673665,6.257502187226596,
2007-02-11,41.95090769903762,30.157852143482064,9.537642169728784,8.133114610673665,6.257502187226596,
2007-02-12,41.95090769903762,30.157852143482064,9.537642169728784,8.133114610673665,6.257502187226596,
2007-02-13,41.95090769903762,30.157852143482064,9.537642169728784,8.133114610673665,6.257502187226596,
2007-02-14,41.93917649628659,30.15764525993884,9.53955875928353,8.136871996505024,6.262407164700742,
2007-02-15,41.93917649628659,30.15764525993884,9.53955875928353,8.136871996505024,6.262407164700742,
2007-02-16,41.93917649628659,30.15764525993884,9.53955875928353,8.136871996505024,6.262407164700742,
2007-02-17,41.93917649628659,30.15764525993884,9.53955875928353,8.136871996505024,6.262407164700742,
2007-02-18,41.93917649628659,30.15764525993884,9.53955875928353,8.136871996505024,6.262407164700742,
2007-02-19,41.93917649628659,30.15764525993884,9.53955875928353,8.136871996505024,6.262407164700742,
2007-02-20,41.93917649628659,30.15764525993884,9.53955875928353,8.136871996505024,6.262407164700742,
2007-02-21,41.92832678883072,30.15796247818499,9.540750436300174,8.142386561954625,6.266775741710297,
2007-02-22,41.92832678883072,30.15796247818499,9.540750436300174,8.142386561954625,6.266775741710297,
2007-02-23,41.91796296296296,30.157755991285406,9.54004357298475,8.146122004357299,6.27165577342048,
2007-02-24,41.91796296296296,30.157755991285406,9.54004357298475,8.146122004357299,6.27165577342048,
2007-02-25,41.91796296296296,30.157755991285406,9.54004357298475,8.146122004357299,6.27165577342048,
2007-02-26,41.91796296296296,30.157755991285406,9.54004357298475,8.146122004357299,6.27165577342048,
2007-02-27,41.90632071366405,30.15624456048738,9.54194952132289,8.14984769364665,6.276523063533507,
2007-02-28,41.90632071366405,30.15624456048738,9.54194952132289,8.14984769364665,6.276523063533507,
2007-03-01,41.89862016514559,30.157344632768364,9.543850499782703,8.15225988700565,6.278770099956541,
2007-03-02,41.89224175347222,30.158441840277778,9.54314236111111,8.154665798611111,6.281011284722222,
2007-03-03,41.89224175347222,30.158441840277778,9.54314236111111,8.154665798611111,6.281011284722222,
2007-03-04,41.89224175347222,30.158441840277778,9.54314236111111,8.154665798611111,6.281011284722222,
2007-03-05,41.89224175347222,30.158441840277778,9.54314236111111,8.154665798611111,6.281011284722222,
2007-03-06,41.88197876029475,30.158235804074558,9.543736454269615,8.15836584308626,6.285847420892934,
2007-03-07,41.88197876029475,30.158235804074558,9.543736454269615,8.15836584308626,6.285847420892934,
2007-03-08,41.87563852813852,30.158030303030305,9.545627705627705,8.160757575757577,6.288073593073593,
2007-03-09,41.87563852813852,30.158030303030305,9.545627705627705,8.160757575757577,6.288073593073593,
2007-03-10,41.87563852813852,30.158030303030305,9.545627705627705,8.160757575757577,6.288073593073593,
2007-03-11,41.87563852813852,30.158030303030305,9.545627705627705,8.160757575757577,6.288073593073593,
2007-03-12,41.87563852813852,30.158030303030305,9.545627705627705,8.160757575757577,6.288073593073593,
2007-03-13,41.86672070903588,30.15652831820147,9.547514051015996,8.164440121054907,6.291591007349762,
2007-03-14,41.86672070903588,30.15652831820147,9.547514051015996,8.164440121054907,6.291591007349762,
2007-03-15,41.86672070903588,30.15652831820147,9.547514051015996,8.164440121054907,6.291591007349762,
2007-03-16,41.860416666666666,30.158916234887737,9.546804835924007,8.165522452504318,6.293803972366148,
2007-03-17,41.860416666666666,30.158916234887737,9.546804835924007,8.165522452504318,6.293803972366148,
2007-03-18,41.860416666666666,30.158916234887737,9.546804835924007,8.165522452504318,6.293803972366148,
2007-03-19,41.860416666666666,30.158916234887737,9.546804835924007,8.165522452504318,6.293803972366148,
2007-03-20,41.85283527382492,30.157416990081934,9.548684777921517,8.167895644674429,6.297304872789995,
2007-03-21,41.84411068044789,30.157213608957797,9.550043066322136,8.172071490094746,6.301571920757968,
2007-03-22,41.83656989247312,30.157010752688173,9.550623655913979,8.174430107526883,6.305053763440861,
2007-03-23,41.83656989247312,30.157010752688173,9.550623655913979,8.174430107526883,6.305053763440861,
2007-03-24,41.83656989247312,30.157010752688173,9.550623655913979,8.174430107526883,6.305053763440861,
2007-03-25,41.83656989247312,30.157010752688173,9.550623655913979,8.174430107526883,6.305053763440861,
2007-03-26,41.83656989247312,30.157010752688173,9.550623655913979,8.174430107526883,6.305053763440861,
2007-03-27,41.827759879725086,30.156808419243987,9.552491408934708,8.17678264604811,6.308526632302406,
2007-03-28,41.827759879725086,30.156808419243987,9.552491408934708,8.17678264604811,6.308526632302406,
2007-03-29,41.827759879725086,30.156808419243987,9.552491408934708,8.17678264604811,6.308526632302406,
2007-03-30,41.82154654654655,30.15789360789361,9.551780351780351,8.177842127842128,6.311990561990562,
2007-03-31,41.82154654654655,30.15789360789361,9.551780351780351,8.177842127842128,6.311990561990562,
2007-04-01,41.82154654654655,30.15789360789361,9.551780351780351,8.177842127842128,6.311990561990562,
2007-04-02,41.82154654654655,30.15789360789361,9.551780351780351,8.177842127842128,6.311990561990562,
2007-04-03,41.814063838903174,30.157690659811482,9.55235646958012,8.180184233076265,6.316730934018852,
2007-04-04,41.814063838903174,30.157690659811482,9.55235646958012,8.180184233076265,6.316730934018852,
2007-04-05,41.806600342319214,30.158771929824564,9.554214805305948,8.183804022250749,6.3188917415489945,
2007-04-06,41.806600342319214,30.158771929824564,9.554214805305948,8.183804022250749,6.3188917415489945,
2007-04-07,41.806600342319214,30.158771929824564,9.554214805305948,8.183804022250749,6.3188917415489945,
2007-04-08,41.806600342319214,30.158771929824564,9.554214805305948,8.183804022250749,6.3188917415489945,
2007-04-09,41.806600342319214,30.158771929824564,9.554214805305948,8.183804022250749,6.3188917415489945,
2007-04-10,41.806600342319214,30.158771929824564,9.554214805305948,8.183804022250749,6.3188917415489945,
2007-04-11,41.79787393162393,30.157286324786327,9.556068376068376,8.186132478632478,6.323611111111111,
2007-04-12,41.79787393162393,30.157286324786327,9.556068376068376,8.186132478632478,6.323611111111111,
2007-04-13,41.79787393162393,30.157286324786327,9.556068376068376,8.186132478632478,6.323611111111111,
2007-04-14,41.79787393162393,30.157286324786327,9.556068376068376,8.186132478632478,6.323611111111111,
2007-04-15,41.79787393162393,30.157286324786327,9.556068376068376,8.186132478632478,6.323611111111111,
2007-04-16,41.79787393162393,30.157286324786327,9.556068376068376,8.186132478632478,6.323611111111111,
2007-04-17,41.79025821596244,30.157533077251387,9.555612462654716,8.189415279556124,6.328574477166026,
2007-04-18,41.79025821596244,30.157533077251387,9.555612462654716,8.189415279556124,6.328574477166026,
2007-04-19,41.78285379369139,30.15861040068201,9.557459505541347,8.191730605285592,6.330711849957375,
2007-04-20,41.7767454235845,30.160962111536822,9.558024691358025,8.19276287782035,6.332843763303534,
2007-04-21,41.7767454235845,30.160962111536822,9.558024691358025,8.19276287782035,6.332843763303534,
2007-04-22,41.7767454235845,30.160962111536822,9.558024691358025,8.19276287782035,6.332843763303534,
2007-04-23,41.76937712585034,30.159481292517007,9.557312925170068,8.197619047619048,6.3375212585034015,
2007-04-24,41.76330148619957,30.158004246284502,9.556602972399151,8.19991507430998,6.343460721868365,
2007-04-25,41.76330148619957,30.158004246284502,9.556602972399151,8.19991507430998,6.343460721868365,
2007-04-26,41.76330148619957,30.158004246284502,9.556602972399151,8.19991507430998,6.343460721868365,
2007-04-27,41.76330148619957,30.158004246284502,9.556602972399151,8.19991507430998,6.343460721868365,
2007-04-28,41.76330148619957,30.158004246284502,9.556602972399151,8.19991507430998,6.343460721868365,
2007-04-29,41.76330148619957,30.158004246284502,9.556602972399151,8.19991507430998,6.343460721868365,
2007-04-30,41.76330148619957,30.158004246284502,9.556602972399151,8.19991507430998,6.343460721868365,
2007-05-01,41.76330148619957,30.158004246284502,9.556602972399151,8.19991507430998,6.343460721868365,
2007-05-02,41.75724130619169,30.156530958439355,9.557167090754877,8.202205258693809,6.348112807463953,
2007-05-03,41.751196526895384,30.157602710715796,9.559000423549344,8.204489623041084,6.35021177467175,
2007-05-04,41.751196526895384,30.157602710715796,9.559000423549344,8.204489623041084,6.35021177467175,
2007-05-05,41.751196526895384,30.157602710715796,9.559000423549344,8.204489623041084,6.35021177467175,
2007-05-06,41.751196526895384,30.157602710715796,9.559000423549344,8.204489623041084,6.35021177467175,
2007-05-07,41.751196526895384,30.157602710715796,9.559000423549344,8.204489623041084,6.35021177467175,
2007-05-08,41.74389805414552,30.157402707275804,9.56082910321489,8.206768189509306,6.3535744500846025,
2007-05-09,41.74389805414552,30.157402707275804,9.56082910321489,8.206768189509306,6.3535744500846025,
2007-05-10,41.74389805414552,30.157402707275804,9.56082910321489,8.206768189509306,6.3535744500846025,
2007-05-11,41.73661808196029,30.15847063793832,9.562653147444022,8.209040980143643,6.355661174482467,
2007-05-12,41.73661808196029,30.15847063793832,9.562653147444022,8.209040980143643,6.355661174482467,
2007-05-13,41.73661808196029,30.15847063793832,9.562653147444022,8.209040980143643,6.355661174482467,
2007-05-14,41.73661808196029,30.15847063793832,9.562653147444022,8.209040980143643,6.355661174482467,
2007-05-15,41.72809071729958,30.15700421940928,9.564472573839662,8.212573839662447,6.360274261603376,
2007-05-16,41.72173409186684,30.15661609776654,9.564770332911927,8.215781710914454,6.363801095659502,
2007-05-17,41.72173409186684,30.15661609776654,9.564770332911927,8.215781710914454,6.363801095659502,
2007-05-18,41.717034932659935,30.158943602693604,9.56405723905724,8.215509259259258,6.36712962962963,
2007-05-19,41.717034932659935,30.158943602693604,9.56405723905724,8.215509259259258,6.36712962962963,
2007-05-20,41.70730348886087,30.15874316939891,9.565868011769652,8.21902059688945,6.372971836906263,
2007-05-21,41.70730348886087,30.15874316939891,9.565868011769652,8.21902059688945,6.372971836906263,
2007-05-22,41.69885600335853,30.157283795130144,9.56767422334173,8.221263643996641,6.37879932829555,
2007-05-23,41.69885600335853,30.157283795130144,9.56767422334173,8.221263643996641,6.37879932829555,
2007-05-24,41.69885600335853,30.157283795130144,9.56767422334173,8.221263643996641,6.37879932829555,
2007-05-25,41.69168763102726,30.155828092243187,9.568218029350104,8.22350104821803,6.38461215932914,
2007-05-26,41.69168763102726,30.155828092243187,9.568218029350104,8.22350104821803,6.38461215932914,
2007-05-27,41.69633711167087,30.145948782535687,9.573971452560874,8.223782535684299,6.383837111670864,
2007-05-28,41.700998318621274,30.136044556536362,9.578478352248844,8.224064733081127,6.383060109289617,
2007-05-29,41.69721521647752,30.12595628415301,9.584783522488442,8.227847835224884,6.388104245481294,
2007-05-30,41.69721521647752,30.12595628415301,9.584783522488442,8.227847835224884,6.388104245481294,
2007-05-31,41.69721521647752,30.12595628415301,9.584783522488442,8.227847835224884,6.388104245481294,
2007-06-01,41.693818219983214,30.127057094878257,9.582787573467675,8.227560873215785,6.391393786733837,
2007-06-02,41.693818219983214,30.127057094878257,9.582787573467675,8.227560873215785,6.391393786733837,
2007-06-03,41.69973728457335,30.117129045817574,9.587305590584279,8.226586801176966,6.391887347625052,
2007-06-04,41.70314604377105,30.10717592592593,9.593097643097643,8.226872895622895,6.391119528619528,
2007-06-05,41.70656342182891,30.097197640117997,9.5976401179941,8.22842393594606,6.3903497682258745,
2007-06-06,41.696832912457914,30.095812289562293,9.599410774410774,8.230660774410774,6.39743265993266,
2007-06-07,41.69091004623792,30.096952501050865,9.601176965111392,8.231630937368642,6.400714585960487,
2007-06-08,41.69091004623792,30.096952501050865,9.601176965111392,8.231630937368642,6.400714585960487,
2007-06-09,41.69091004623792,30.096952501050865,9.601176965111392,8.231630937368642,6.400714585960487,
2007-06-10,41.69178240740741,30.08949915824916,9.605723905723906,8.233186026936027,6.401220538720539,
2007-06-11,41.69455330804889,30.08076274757691,9.610282343025705,8.233480825958702,6.4004635482511585,
2007-06-12,41.68736321548822,30.078135521885525,9.609511784511785,8.23571127946128,6.407533670033669,
2007-06-13,41.67893022278269,30.077028163093736,9.610382513661202,8.238566624632199,6.412442202606137,
2007-06-14,41.67429680940386,30.07567170445004,9.612132661628884,8.239525608732158,6.415701091519732,
2007-06-15,41.67429680940386,30.07567170445004,9.612132661628884,8.239525608732158,6.415701091519732,
2007-06-16,41.67429680940386,30.07567170445004,9.612132661628884,8.239525608732158,6.415701091519732,
2007-06-17,41.675147120638925,30.0682009247583,9.61794871794872,8.239827658680118,6.4162253047498945,
2007-06-18,41.67726220538721,30.060711279461277,9.622516835016835,8.238867845117845,6.415488215488216,
2007-06-19,41.67094907407408,30.048085016835014,9.628829966329967,8.242655723905724,6.4243265993266,
2007-06-20,41.67094907407408,30.048085016835014,9.628829966329967,8.242655723905724,6.4243265993266,
2007-06-21,41.67094907407408,30.048085016835014,9.628829966329967,8.242655723905724,6.4243265993266,
2007-06-22,41.66631988230349,30.04928541403951,9.626775956284154,8.243610760823875,6.428835645229087,
2007-06-23,41.66631988230349,30.04928541403951,9.626775956284154,8.243610760823875,6.428835645229087,
2007-06-24,41.663797814207655,30.041719209751996,9.63182009247583,8.243610760823875,6.433879781420765,
2007-06-25,41.65875367801598,30.03289197141656,9.636864228667507,8.246132828919714,6.438923917612442,
2007-06-26,41.652448507776384,30.02028163093737,9.641908364859185,8.248654897015554,6.449012189995797,
2007-06-27,41.652448507776384,30.02028163093737,9.641908364859185,8.248654897015554,6.449012189995797,
2007-06-28,41.652448507776384,30.02028163093737,9.641908364859185,8.248654897015554,6.449012189995797,
2007-06-29,41.652448507776384,30.02028163093737,9.641908364859185,8.248654897015554,6.449012189995797,
2007-06-30,41.652448507776384,30.02028163093737,9.641908364859185,8.248654897015554,6.449012189995797,
2007-07-01,41.65327230639731,30.01273148148148,9.646506734006735,8.248968855218855,6.449579124579125,
2007-07-02,41.65409818794775,30.005162241887906,9.651116729877792,8.24928360724821,6.450147492625368,
2007-07-03,41.65492616033756,29.995042194092825,9.657004219409282,8.249599156118144,6.450717299578059,
2007-07-04,41.6473312236287,29.984915611814344,9.662067510548523,8.252130801687764,6.46084388185654,
2007-07-05,41.64272018541931,29.982406236831014,9.662494732406238,8.254340497260852,6.466582385166456,
2007-07-06,41.64272018541931,29.982406236831014,9.662494732406238,8.254340497260852,6.466582385166456,
2007-07-07,41.64272018541931,29.982406236831014,9.662494732406238,8.254340497260852,6.466582385166456,
2007-07-08,41.64272018541931,29.982406236831014,9.662494732406238,8.254340497260852,6.466582385166456,
2007-07-09,41.64353375527426,29.974789029535863,9.667130801687764,8.254662447257385,6.467172995780591,
2007-07-10,41.64434938741023,29.965885086607518,9.673046049852134,8.254985213350233,6.467765103506548,
2007-07-11,41.637204641350216,29.962130801687763,9.673459915611815,8.257194092827005,6.476033755274262,
2007-07-12,41.63260640539402,29.959650231774123,9.675136957437843,8.258133164770333,6.481753055204383,
2007-07-13,41.63260640539402,29.959650231774123,9.675136957437843,8.258133164770333,6.481753055204383,
2007-07-14,41.63260640539402,29.959650231774123,9.675136957437843,8.258133164770333,6.481753055204383,
2007-07-15,41.63340717299579,29.95327004219409,9.679789029535865,8.258459915611814,6.482362869198312,
2007-07-16,41.6342099704267,29.946873679763414,9.684452893958598,8.257520067596113,6.482974228981833,
2007-07-17,41.62914026193494,29.935847063793833,9.690409801436418,8.25802703844529,6.491212505280946,
2007-07-18,41.62201476793249,29.932130801687766,9.689535864978904,8.260232067510549,6.500717299578059,
2007-07-19,41.62201476793249,29.932130801687766,9.689535864978904,8.260232067510549,6.500717299578059,
2007-07-20,41.619964180362416,29.930952380952384,9.6873999157185,8.261167298777918,6.505141171512853,
2007-07-21,41.619964180362416,29.930952380952384,9.6873999157185,8.261167298777918,6.505141171512853,
2007-07-22,41.62201476793249,29.924535864978907,9.692067510548524,8.260232067510549,6.5057805907173,
2007-07-23,41.62407055344318,29.91683565694973,9.69674693705112,8.25929446556823,6.506421630756232,
2007-07-24,41.6248625211506,29.907846869712355,9.702707275803723,8.260892554991539,6.507064297800338,
2007-07-25,41.61900084495142,29.90416138572032,9.703084072665822,8.26182931981411,6.515293620616815,
2007-07-26,41.61900084495142,29.90416138572032,9.703084072665822,8.26182931981411,6.515293620616815,
2007-07-27,41.61900084495142,29.90416138572032,9.703084072665822,8.26182931981411,6.515293620616815,
2007-07-28,41.61978637901861,29.89896362098139,9.707783417935703,8.262161590524535,6.514678510998308,
2007-07-29,41.61978637901861,29.89896362098139,9.707783417935703,8.262161590524535,6.514678510998308,
2007-07-30,41.61915186125212,29.88627326565144,9.712859560067683,8.262161590524535,6.521023688663282,
2007-07-31,41.61915186125212,29.88627326565144,9.712859560067683,8.262161590524535,6.521023688663282,
2007-08-01,41.613297422898185,29.882615124630338,9.711956062526404,8.264364174059992,6.529235318969159,
2007-08-02,41.60872362869199,29.88023206751055,9.713586497890295,8.265295358649789,6.534894514767933,
2007-08-03,41.60872362869199,29.88023206751055,9.713586497890295,8.265295358649789,6.534894514767933,
2007-08-04,41.610762568652305,29.873743134769754,9.718293198141108,8.264364174059992,6.535572454583861,
2007-08-05,41.610762568652305,29.873743134769754,9.718293198141108,8.264364174059992,6.535572454583861,
2007-08-06,41.61153764805415,29.86596869712352,9.721742808798647,8.264699661590525,6.536252115059222,
2007-08-07,41.61358534519272,29.858174502329522,9.726471833968658,8.265036001694197,6.536933502753071,
2007-08-08,41.60646150592217,29.853278341793573,9.726818950930626,8.267237732656515,6.545135363790186,
2007-08-09,41.60646150592217,29.853278341793573,9.726818950930626,8.267237732656515,6.545135363790186,
2007-08-10,41.601890578791725,29.850929446556826,9.72716518800169,8.269433882551754,6.549514152936206,
2007-08-11,41.602654399323185,29.846933164128597,9.731895093062606,8.268506768189509,6.5489424703891705,
2007-08-12,41.602654399323185,29.846933164128597,9.731895093062606,8.268506768189509,6.5489424703891705,
2007-08-13,41.60342016094876,29.83911478187209,9.735366370182126,8.268847945785684,6.550910631088522,
2007-08-14,41.599354087251164,29.829076662431174,9.739559508682762,8.270753917831428,6.557390936044049,
2007-08-15,41.59224830795262,29.825486463620983,9.739890016920475,8.27294839255499,6.5655668358714045,
2007-08-16,41.59224830795262,29.825486463620983,9.739890016920475,8.27294839255499,6.5655668358714045,
2007-08-17,41.590979272419624,29.819141285956007,9.742428087986465,8.27294839255499,6.569373942470389,
2007-08-18,41.594271495129185,29.812558238034732,9.744642100804745,8.272024565861923,6.570097416349005,
2007-08-19,41.596299830364714,29.804686174724342,9.749406276505514,8.2710983884648,6.570822731128075,
2007-08-20,41.596299830364714,29.804686174724342,9.749406276505514,8.2710983884648,6.570822731128075,
2007-08-21,41.5891889030072,29.802393053790766,9.748454044896231,8.274565861922914,6.577721304531979,
2007-08-22,41.5891889030072,29.802393053790766,9.748454044896231,8.274565861922914,6.577721304531979,
2007-08-23,41.5891889030072,29.802393053790766,9.748454044896231,8.274565861922914,6.577721304531979,
2007-08-24,41.5891889030072,29.802393053790766,9.748454044896231,8.274565861922914,6.577721304531979,
2007-08-25,41.591210771840544,29.797052586938083,9.753223070398644,8.273642917726887,6.577184054283292,
2007-08-26,41.591210771840544,29.797052586938083,9.753223070398644,8.273642917726887,6.577184054283292,
2007-08-27,41.59451167728238,29.791698513800426,9.756730360934183,8.272717622080679,6.576645435244162,
2007-08-28,41.590690021231424,29.782781316348196,9.75927813163482,8.273991507430997,6.583014861995754,
2007-08-29,41.590690021231424,29.782781316348196,9.75927813163482,8.273991507430997,6.583014861995754,
2007-08-30,41.586121713316366,29.781785411365565,9.758312128922816,8.27491518235793,6.588634435962681,
2007-08-31,41.586121713316366,29.781785411365565,9.758312128922816,8.27491518235793,6.588634435962681,
2007-09-01,41.58814225053079,29.77768577494692,9.761825902335458,8.273991507430997,6.588110403397028,
2007-09-02,41.58814225053079,29.77768577494692,9.761825902335458,8.273991507430997,6.588110403397028,
2007-09-03,41.59144345238095,29.771024659863947,9.765348639455782,8.273065476190476,6.587585034013606,
2007-09-04,41.58889243197279,29.75954506802721,9.769175170068028,8.274340986394558,6.595238095238096,
2007-09-05,41.58889243197279,29.75954506802721,9.769175170068028,8.274340986394558,6.595238095238096,
2007-09-06,41.58559447983015,29.756029723991507,9.770743099787687,8.275265392781316,6.599575371549895,
2007-09-07,41.58559447983015,29.756029723991507,9.770743099787687,8.275265392781316,6.599575371549895,
2007-09-08,41.587616921768706,29.749340986394557,9.774277210884355,8.274340986394558,6.601615646258503,
2007-09-09,41.587616921768706,29.749340986394557,9.774277210884355,8.274340986394558,6.601615646258503,
2007-09-10,41.59092166879523,29.742635163899532,9.777820349084717,8.273414218816518,6.6023839931885915,
2007-09-11,41.588367390378885,29.731140911025967,9.782928905917412,8.274691358024691,6.610046828437634,
2007-09-12,41.588367390378885,29.731140911025967,9.782928905917412,8.274691358024691,6.610046828437634,
2007-09-13,41.588367390378885,29.731140911025967,9.782928905917412,8.274691358024691,6.610046828437634,
2007-09-14,41.586341411564625,29.730208333333334,9.781930272108845,8.274340986394558,6.61437074829932,
2007-09-15,41.589644529587055,29.7247552149851,9.78548318433376,8.27085994040017,6.615155385270328,
2007-09-16,41.589644529587055,29.7247552149851,9.78548318433376,8.27085994040017,6.615155385270328,
2007-09-17,41.59295609548167,29.719288150042626,9.789045183290709,8.268648763853367,6.615942028985508,
2007-09-18,41.590398550724636,29.71033674339301,9.795439045183292,8.268648763853367,6.622335890878091,
2007-09-19,41.58581311196254,29.706619838229035,9.795189442315879,8.271881651766709,6.628309919114516,
2007-09-20,41.58325883354619,29.700234142188165,9.801575138356748,8.270604512558535,6.633418475947211,
2007-09-21,41.58325883354619,29.700234142188165,9.801575138356748,8.270604512558535,6.633418475947211,
2007-09-22,41.58325883354619,29.700234142188165,9.801575138356748,8.270604512558535,6.633418475947211,
2007-09-23,41.58325883354619,29.700234142188165,9.801575138356748,8.270604512558535,6.633418475947211,
2007-09-24,41.58400468883205,29.69729326513214,9.805157715260018,8.267114236999147,6.635507246376811,
2007-09-25,41.5801683716965,29.68962063086104,9.809633418584825,8.267114236999147,6.642540494458652,
2007-09-26,41.5801683716965,29.68962063086104,9.809633418584825,8.267114236999147,6.642540494458652,
2007-09-27,41.5801683716965,29.68962063086104,9.809633418584825,8.267114236999147,6.642540494458652,
2007-09-28,41.58091122492531,29.687942808365342,9.813230900554844,8.262334613743064,6.643363209560392,
2007-09-29,41.58091122492531,29.687942808365342,9.813230900554844,8.262334613743064,6.643363209560392,
2007-09-30,41.584220085470086,29.684978632478632,9.818119658119658,8.258824786324785,6.6441880341880335,
2007-10-01,41.57909188034188,29.679850427350427,9.823247863247863,8.256260683760683,6.651880341880341,
2007-10-02,41.57909188034188,29.679850427350427,9.823247863247863,8.256260683760683,6.651880341880341,
2007-10-03,41.57909188034188,29.679850427350427,9.823247863247863,8.256260683760683,6.651880341880341,
2007-10-04,41.57706999573197,29.67641912078532,9.823474178403755,8.255932565087495,6.657447716602646,
2007-10-05,41.57633205456095,29.676832907075873,9.821142369991474,8.25432651321398,6.661722080136402,
2007-10-06,41.57706999573197,29.67385830132309,9.82475458813487,8.25081092616304,6.6625693555271015,
2007-10-07,41.58165598290598,29.669594017094017,9.828376068376068,8.246004273504273,6.664700854700854,
2007-10-08,41.583686350021395,29.66660248181429,9.832006846384253,8.241185280273855,6.6655541292255025,
2007-10-09,41.583686350021395,29.66660248181429,9.832006846384253,8.241185280273855,6.6655541292255025,
2007-10-10,41.57909188034188,29.664465811965812,9.832222222222223,8.24215811965812,6.67111111111111,
2007-10-11,41.57909188034188,29.664465811965812,9.832222222222223,8.24215811965812,6.67111111111111,
2007-10-12,41.57909188034188,29.664465811965812,9.832222222222223,8.24215811965812,6.67111111111111,
2007-10-13,41.57909188034188,29.664465811965812,9.832222222222223,8.24215811965812,6.67111111111111,
2007-10-14,41.5824026529739,29.661467693624303,9.834574240479247,8.239901583226358,6.673256311510483,
2007-10-15,41.58572193658954,29.6584618680377,9.8382176520994,8.233783204798629,6.674121679520137,
2007-10-16,41.581568249893024,29.655113393239194,9.838425331621737,8.23540864356012,6.679995721009841,
2007-10-17,41.581568249893024,29.655113393239194,9.838425331621737,8.23540864356012,6.679995721009841,
2007-10-18,41.58082264957265,29.65299145299145,9.838632478632478,8.233824786324787,6.684252136752137,
2007-10-19,41.578798548868974,29.654716175842935,9.836278275714895,8.232244985061886,6.6872172428510455,
2007-10-20,41.583386752136754,29.649145299145296,9.84119658119658,8.22741452991453,6.68809829059829,
2007-10-21,41.586703038083016,29.64484381685922,9.846127513906717,8.223855370132648,6.688981600342319,
2007-10-22,41.59002784918595,29.640531276778063,9.849785775492716,8.22028706083976,6.689867180805484,
2007-10-23,41.586703038083016,29.638425331621736,9.848694908001711,8.221287976037654,6.695400085579803,
2007-10-24,41.586703038083016,29.638425331621736,9.848694908001711,8.221287976037654,6.695400085579803,
2007-10-25,41.586703038083016,29.638425331621736,9.848694908001711,8.221287976037654,6.695400085579803,
2007-10-26,41.588742502142246,29.63153384747215,9.853641816623822,8.22028706083976,6.6962939160239925,
2007-10-27,41.588742502142246,29.63153384747215,9.853641816623822,8.22028706083976,6.6962939160239925,
2007-10-28,41.59271771771772,29.626555126555125,9.856670956670957,8.217996567996568,6.6971900471900465,
2007-10-29,41.59271771771772,29.626555126555125,9.856670956670957,8.217996567996568,6.6971900471900465,
2007-10-30,41.59002784918595,29.62574978577549,9.855569837189375,8.218359040274207,6.7014353041987995,
2007-10-31,41.59002784918595,29.62574978577549,9.855569837189375,8.218359040274207,6.7014353041987995,
2007-11-01,41.587986735130514,29.626230209670517,9.85318784766795,8.218078733418913,6.705669661959777,
2007-11-02,41.587986735130514,29.626230209670517,9.85318784766795,8.218078733418913,6.705669661959777,
2007-11-03,41.592598543273354,29.61803770351328,9.858140531276778,8.215788346186804,6.706576692373607,
2007-11-04,41.595935220935225,29.61111111111111,9.862462462462462,8.212848562848563,6.708129558129557,
2007-11-05,41.595935220935225,29.61111111111111,9.862462462462462,8.212848562848563,6.708129558129557,
2007-11-06,41.59002784918595,29.611610968294773,9.861353898886032,8.215145672664953,6.712360754070265,
2007-11-07,41.59002784918595,29.611610968294773,9.861353898886032,8.215145672664953,6.712360754070265,
2007-11-08,41.59002784918595,29.611610968294773,9.861353898886032,8.215145672664953,6.712360754070265,
2007-11-09,41.587986735130514,29.61210954214805,9.858964484381685,8.213585793752674,6.7165810868635,
2007-11-10,41.592598543273354,29.60389888603256,9.863924592973436,8.211289631533848,6.717502142245072,
2007-11-11,41.59722222222222,29.598241098241097,9.867610467610467,8.208987558987559,6.718425568425568,
2007-11-12,41.6005691580756,29.589991408934708,9.871305841924398,8.206679553264605,6.719351374570446,
2007-11-13,41.6005691580756,29.589991408934708,9.871305841924398,8.206679553264605,6.719351374570446,
2007-11-14,41.59529172029172,29.58833118833119,9.870956670956671,8.209631059631059,6.724281424281424,
2007-11-15,41.594526563838905,29.588860325621255,9.869837189374465,8.209361610968294,6.727206512425021,
2007-11-16,41.594526563838905,29.588860325621255,9.869837189374465,8.209361610968294,6.727206512425021,
2007-11-17,41.59529172029172,29.581896181896184,9.874817674817676,8.208344058344059,6.7294294294294295,
2007-11-18,41.590787215787216,29.572243672243676,9.87996567996568,8.208987558987559,6.737794937794938,
2007-11-19,41.590787215787216,29.572243672243676,9.87996567996568,8.208987558987559,6.737794937794938,
2007-11-20,41.590787215787216,29.572243672243676,9.87996567996568,8.208987558987559,6.737794937794938,
2007-11-21,41.58360111396744,29.570222793487577,9.880119965724079,8.211289631533848,6.744558697514996,
2007-11-22,41.58360111396744,29.570222793487577,9.880119965724079,8.211289631533848,6.744558697514996,
2007-11-23,41.58488646101114,29.56379605826907,9.883976006855185,8.207433590402742,6.748414738646101,
2007-11-24,41.58488646101114,29.56379605826907,9.883976006855185,8.207433590402742,6.748414738646101,
2007-11-25,41.588213213213216,29.556799656799658,9.88897468897469,8.206413556413557,6.749377949377949,
2007-11-26,41.59025987972509,29.548496563573885,9.893986254295532,8.20539089347079,6.750343642611684,
2007-11-27,41.585639210639215,29.54714714714715,9.893479193479195,8.206413556413557,6.756456456456456,
2007-11-28,41.585639210639215,29.54714714714715,9.893479193479195,8.206413556413557,6.756456456456456,
2007-11-29,41.585639210639215,29.54714714714715,9.893479193479195,8.206413556413557,6.756456456456456,
2007-11-30,41.585639210639215,29.54714714714715,9.893479193479195,8.206413556413557,6.756456456456456,
2007-12-01,41.588971219931274,29.538831615120277,9.89720790378007,8.206679553264605,6.757431271477663,
2007-12-02,41.59102150537635,29.531784946236563,9.902236559139785,8.205655913978495,6.75905376344086,
2007-12-03,41.59102150537635,29.531784946236563,9.902236559139785,8.205655913978495,6.75905376344086,
2007-12-04,41.58510524054983,29.52852233676976,9.902362542955327,8.20796821305842,6.765807560137457,
2007-12-05,41.58510524054983,29.52852233676976,9.902362542955327,8.20796821305842,6.765807560137457,
2007-12-06,41.58306520806521,29.526555126555127,9.901201201201202,8.208987558987559,6.771256971256971,
2007-12-07,41.58306520806521,29.526555126555127,9.901201201201202,8.208987558987559,6.771256971256971,
2007-12-08,41.58510524054983,29.51692439862543,9.90622852233677,8.209256872852233,6.773539518900344,
2007-12-09,41.58586021505376,29.509849462365594,9.911268817204302,8.208236559139785,6.775827956989247,
2007-12-10,41.5879091300603,29.502756244616712,9.916322136089578,8.207213608957796,6.7768303186907835,
2007-12-11,41.583279569892476,29.502107526881723,9.915139784946238,8.206946236559139,6.783569892473118,
2007-12-12,41.583279569892476,29.502107526881723,9.915139784946238,8.206946236559139,6.783569892473118,
2007-12-13,41.583279569892476,29.502107526881723,9.915139784946238,8.206946236559139,6.783569892473118,
2007-12-14,41.581239261168385,29.502104810996567,9.91331615120275,8.207323883161513,6.787070446735395,
2007-12-15,41.583279569892476,29.49372043010753,9.91836559139785,8.206301075268817,6.788086021505376,
2007-12-16,41.586617140396214,29.48789836347976,9.92213608957795,8.20527562446167,6.789104220499569,
2007-12-17,41.58737602414834,29.48076757222941,9.925916343251401,8.204247520482967,6.791418714963346,
2007-12-18,41.58267657192076,29.479500430663222,9.925689061154177,8.20618001722653,6.796597760551249,
2007-12-19,41.58267657192076,29.479500430663222,9.925689061154177,8.20618001722653,6.796597760551249,
2007-12-20,41.58267657192076,29.479500430663222,9.925689061154177,8.20618001722653,6.796597760551249,
2007-12-21,41.578053763440856,29.477591397849466,9.92578494623656,8.208494623655914,6.802021505376344,
2007-12-22,41.57750861326443,29.470456503014645,9.930857019810508,8.207472006890612,6.804349698535745,
2007-12-23,41.57750861326443,29.470456503014645,9.930857019810508,8.207472006890612,6.804349698535745,
2007-12-24,41.57954937473048,29.463949978438986,9.934648555411815,8.207093574816732,6.806037084950409,
2007-12-25,41.57954937473048,29.463949978438986,9.934648555411815,8.207093574816732,6.806037084950409,
2007-12-26,41.57954937473048,29.463949978438986,9.934648555411815,8.207093574816732,6.806037084950409,
2007-12-27,41.57954937473048,29.463949978438986,9.934648555411815,8.207093574816732,6.806037084950409,
2007-12-28,41.57954937473048,29.463949978438986,9.934648555411815,8.207093574816732,6.806037084950409,
2007-12-29,41.57900474956822,29.456778929188257,9.939745250431779,8.206066493955095,6.808376511226252,
2007-12-30,41.579755728491136,29.45088629485517,9.943558149589279,8.205036748811068,6.812019022913964,
2007-12-31,41.580508658008654,29.444978354978357,9.947380952380954,8.204004329004329,6.814372294372294,
2008-01-01,41.580508658008654,29.444978354978357,9.947380952380954,8.204004329004329,6.814372294372294,
2008-01-02,41.580508658008654,29.444978354978357,9.947380952380954,8.204004329004329,6.814372294372294,
2008-01-03,41.58126354573039,29.43905504984829,9.952514087559601,8.202969224100563,6.816731686172519,
2008-01-04,41.58126354573039,29.43905504984829,9.952514087559601,8.202969224100563,6.816731686172519,
2008-01-05,41.582020399305556,29.431814236111112,9.957660590277778,8.200629340277777,6.820399305555555,
2008-01-06,41.58408300738809,29.425858322468493,9.961516731855715,8.198283355063015,6.82277270751847,
2008-01-07,41.586151000870316,29.419886858137513,9.965382941688425,8.195931244560487,6.825152306353351,
2008-01-08,41.58354003481288,29.40944299390775,9.967993907745866,8.198542210617928,6.8329852045256745,
2008-01-09,41.577564102564104,29.406301607996525,9.966731855714906,8.20219469795741,6.838418079096045,
2008-01-10,41.574207899305556,29.40707465277778,9.965473090277778,8.203233506944445,6.841232638888889,
2008-01-11,41.574761595145205,29.407845687039448,9.961616818378847,8.201668833983527,6.844039878630256,
2008-01-12,41.574761595145205,29.407845687039448,9.961616818378847,8.201668833983527,6.844039878630256,
2008-01-13,41.57681206597222,29.401866319444448,9.966775173611111,8.200629340277777,6.845138888888889,
2008-01-14,41.5788678835289,29.393263798348546,9.9706431986093,8.200239026510213,6.84819643633203,
2008-01-15,41.57290581597222,29.390147569444448,9.969379340277778,8.20388454861111,6.854904513888889,
2008-01-16,41.56825964456003,29.388339835283922,9.969419159081058,8.204919809276117,6.860294755093195,
2008-01-17,41.56825964456003,29.388339835283922,9.969419159081058,8.204919809276117,6.860294755093195,
2008-01-18,41.56825964456003,29.388339835283922,9.969419159081058,8.204919809276117,6.860294755093195,
2008-01-19,41.570301649305556,29.377126736111112,9.973285590277778,8.205186631944445,6.862717013888889,
2008-01-20,41.57234897870491,29.367188179052587,9.978465884398089,8.204150369404607,6.8664493698392,
2008-01-21,41.57309617058311,29.35461270670148,9.982354221061794,8.205722367275891,6.870191470844213,
2008-01-22,41.56800304215558,29.353715775749674,9.982073011734029,8.208105171664494,6.874619730551934,
2008-01-23,41.56335720486111,29.351953124999998,9.9794921875,8.210438368055556,6.879991319444444,
2008-01-24,41.56002384048548,29.352795838751625,9.978218465539662,8.211465106198526,6.884048547897702,
2008-01-25,41.56002384048548,29.352795838751625,9.978218465539662,8.211465106198526,6.884048547897702,
2008-01-26,41.56335720486111,29.340234374999998,9.982096354166666,8.21174045138889,6.887803819444444,
2008-01-27,41.566699261190784,29.330247718383312,9.98728813559322,8.212016514558888,6.890265102129509,
2008-01-28,41.56939730200174,29.318929503916447,9.990535248041775,8.211640557006092,6.894038294168842,
2008-01-29,41.56213602781399,29.319817470664926,9.990547588005215,8.213972186006085,6.899391568883094,
2008-01-30,41.55879991319444,29.316796874999998,9.987955729166666,8.214995659722222,6.906032986111111,
2008-01-31,41.56343980877879,29.304172099087353,9.991199478487614,8.214624076488484,6.909821816601477,
2008-02-01,41.568091818973016,29.292819843342034,9.995104438642297,8.214904264577894,6.913620539599651,
2008-02-02,41.564175369886854,29.27584856396867,9.997715404699738,8.217515230635335,6.925369886858137,
2008-02-03,41.56883442265795,29.264444444444443,10.001633986928105,8.217799564270152,6.929193899782135,
2008-02-04,41.57612347294939,29.252356020942408,10.00425392670157,8.217430191972078,6.932111692844677,
2008-02-05,41.56752723311547,29.253333333333334,10.00294117647059,8.219760348583877,6.94004357298475,
2008-02-06,41.56752723311547,29.253333333333334,10.00294117647059,8.219760348583877,6.94004357298475,
2008-02-07,41.56286988685814,29.254308093994776,10.0016318537859,8.220778938207136,6.945343777197563,
2008-02-08,41.56213602781399,29.25528031290743,9.997718383311604,8.219187309865276,6.949326379834854,
2008-02-09,41.5667863359443,29.24125326370757,10.0016318537859,8.219473455178417,6.953176675369886,
2008-02-10,41.5667863359443,29.24125326370757,10.0016318537859,8.219473455178417,6.953176675369886,
2008-02-11,41.5667863359443,29.24125326370757,10.0016318537859,8.219473455178417,6.953176675369886,
2008-02-12,41.5582246849196,29.240938722294654,10.0003259452412,8.221794871794872,6.961060408518035,
2008-02-13,41.55098741319444,29.238020833333334,9.9990234375,8.224110243055556,6.968923611111111,
2008-02-14,41.55098741319444,29.238020833333334,9.9990234375,8.224110243055556,6.968923611111111,
2008-02-15,41.55098741319444,29.238020833333334,9.9990234375,8.224110243055556,6.968923611111111,
2008-02-16,41.55098741319444,29.238020833333334,9.9990234375,8.224110243055556,6.968923611111111,
2008-02-17,41.5543133420252,29.226597131681878,10.0003259452412,8.225706214689266,6.972794437201217,
2008-02-18,41.5543133420252,29.226597131681878,10.0003259452412,8.225706214689266,6.972794437201217,
2008-02-19,41.546560329861116,29.225130208333336,9.9994140625,8.229231770833334,6.979253472222222,
2008-02-20,41.538047247507585,29.224837451235373,9.998114434330299,8.230234070221066,6.987082791504118,
2008-02-21,41.538047247507585,29.224837451235373,9.998114434330299,8.230234070221066,6.987082791504118,
2008-02-22,41.535446467273516,29.21183355006502,9.996814044213265,8.234135240572172,6.998786302557434,
2008-02-23,41.535446467273516,29.21183355006502,9.996814044213265,8.234135240572172,6.998786302557434,
2008-02-24,41.53744574652778,29.200390625,9.998111979166667,8.2357421875,7.002690972222222,
2008-02-25,41.54075401999131,29.18891786179922,9.999413298565841,8.237353324641461,7.006605823554976,
2008-02-26,41.53353949652778,29.186067708333336,9.9994140625,8.2396484375,7.014409722222222,
2008-02-27,41.52634373645427,29.184525357607285,9.998114434330299,8.241937581274383,7.020892934547031,
2008-02-28,41.52634373645427,29.184525357607285,9.998114434330299,8.241937581274383,7.020892934547031,
2008-02-29,41.524361471861475,29.18558441558442,9.994220779220779,8.241623376623377,7.026060606060606,
2008-03-01,41.52176406926407,29.173896103896105,9.992922077922078,8.24551948051948,7.036450216450216,
2008-03-02,41.51656926406927,29.159610389610393,9.994220779220779,8.249415584415585,7.049437229437229,
2008-03-03,41.5198417858691,29.1481144343303,9.995513654096229,8.251040312093629,7.053402687472908,
2008-03-04,41.513971861471866,29.146623376623378,9.994220779220779,8.252012987012987,7.0624242424242425,
2008-03-05,41.509414180717684,29.139948119325553,9.994228274967575,8.254280155642023,7.0714223951578035,
2008-03-06,41.50616364421416,29.138471502590676,9.994235751295337,8.253950777202073,7.077806563039724,
2008-03-07,41.50616364421416,29.138471502590676,9.994235751295337,8.253950777202073,7.077806563039724,
2008-03-08,41.50616364421416,29.138471502590676,9.994235751295337,8.253950777202073,7.077806563039724,
2008-03-09,41.50811716385647,29.127626459143972,9.994228274967575,8.256874189364462,7.082447038478167,
2008-03-10,41.51007575757576,29.116753246753248,9.99551948051948,8.259805194805194,7.086450216450216,
2008-03-11,41.50422611327281,29.11400778210117,9.995525291828795,8.26076523994812,7.094120190229139,
2008-03-12,41.49968696027634,29.106088082901557,9.996826424870466,8.263018134715026,7.103065630397237,
2008-03-13,41.49968696027634,29.106088082901557,9.996826424870466,8.263018134715026,7.103065630397237,
2008-03-14,41.49774687365244,29.105950840879693,9.995536869340233,8.262677878395861,7.1068132815868905,
2008-03-15,41.49839162348878,29.09572538860104,9.995531088082902,8.264313471502591,7.11213298791019,
2008-03-16,41.49903804582793,29.085473411154346,9.995525291828795,8.267250324254215,7.117466493731085,
2008-03-17,41.49968614718615,29.07649350649351,9.99551948051948,8.270194805194805,7.121515151515151,
2008-03-18,41.493201469952446,29.07088197146563,9.996108949416342,8.27360570687419,7.12926934716818,
2008-03-19,41.48738126079448,29.065608808290158,9.996113989637307,8.275841968911918,7.138169257340242,
2008-03-20,41.48286977145322,29.062936610608023,9.997412677878396,8.276778783958603,7.144458818456232,
2008-03-21,41.48286977145322,29.062936610608023,9.997412677878396,8.276778783958603,7.144458818456232,
2008-03-22,41.48090457685665,29.05524611398964,9.99740932642487,8.279727979274611,7.149827288428325,
2008-03-23,41.480231301340254,29.047535667963686,9.997405966277562,8.283981841763943,7.153912667531345,
2008-03-24,41.47825757575758,29.039805194805197,9.998701298701299,8.286948051948052,7.158008658008659,
2008-03-25,41.47825757575758,29.039805194805197,9.998701298701299,8.286948051948052,7.158008658008659,
2008-03-26,41.47309770860355,29.032619974059664,10.0,8.28981841763943,7.166882836143537,
2008-03-27,41.47309770860355,29.032619974059664,10.0,8.28981841763943,7.166882836143537,
2008-03-28,41.46859887737479,29.03128238341969,9.998704663212436,8.29332901554404,7.173143350604491,
2008-03-29,41.464018590575016,29.026134889753568,9.99870298313878,8.297600518806744,7.17725897103329,
2008-03-30,41.46072510822511,29.019675324675326,9.998701298701299,8.301883116883117,7.181385281385282,
2008-03-31,41.46072510822511,29.019675324675326,9.998701298701299,8.301883116883117,7.181385281385282,
2008-04-01,41.46072510822511,29.019675324675326,9.998701298701299,8.301883116883117,7.181385281385282,
2008-04-02,41.45493947254648,29.013813229571987,9.99935149156939,8.30538261997406,7.189580631214873,
2008-04-03,41.449168825561316,29.00990932642487,10.000647668393782,8.307577720207254,7.195811744386874,
2008-04-04,41.446000431220355,29.008602846054334,9.999353169469599,8.308473479948253,7.200733074601121,
2008-04-05,41.44010146804836,29.004727979274612,9.999352331606218,8.312759067357513,7.204879101899827,
2008-04-06,41.43418720276697,29.000843060959795,10.00064850843061,8.317055771725032,7.207738867271941,
2008-04-07,41.42994588744589,28.99595238095238,10.001341991341992,8.320584415584415,7.211904761904762,
2008-04-08,41.42290315607436,28.993363597060096,10.001340250756593,8.324059662775616,7.219412019022914,
2008-04-09,41.41846934369603,28.98689550949914,10.001338514680484,8.327525906735751,7.226899827288428,
2008-04-10,41.41846934369603,28.98689550949914,10.001338514680484,8.327525906735751,7.226899827288428,
2008-04-11,41.41846934369603,28.98689550949914,10.001338514680484,8.327525906735751,7.226899827288428,
2008-04-12,41.41846934369603,28.98689550949914,10.001338514680484,8.327525906735751,7.226899827288428,
2008-04-13,41.40993298746217,28.986230004323392,10.000691742325984,8.331841763942931,7.231085170773887,
2008-04-14,41.40993298746217,28.986230004323392,10.000691742325984,8.331841763942931,7.231085170773887,
2008-04-15,41.404220639032815,28.98236183074266,10.000690846286702,8.334002590673574,7.238557858376511,
2008-04-16,41.39981673134972,28.975916343251402,9.99939629150496,8.337451487710219,7.2473048727899965,
2008-04-17,41.39981673134972,28.975916343251402,9.99939629150496,8.337451487710219,7.2473048727899965,
2008-04-18,41.39800818260121,28.97336347975883,9.998105081826013,8.337015503875968,7.252153316106805,
2008-04-19,41.3868801207417,28.974622682190603,9.998102630444157,8.341332470892626,7.25636050021561,
2008-04-20,41.375723229706395,28.97588514680484,9.998100172711572,8.345660621761658,7.2605785837651124,
2008-04-21,41.36713143104194,28.97455685257242,9.996800691742326,8.35,7.264807609165587,
2008-04-22,41.36069732297064,28.97174006908463,9.997582037996548,8.353432642487046,7.270552677029361,
2008-04-23,41.35634971970677,28.967464424320827,9.997585166019837,8.355562742561448,7.277533419577405,
2008-04-24,41.35634971970677,28.967464424320827,9.997585166019837,8.355562742561448,7.277533419577405,
2008-04-25,41.34942937123169,28.964922480620153,9.998880275624463,8.357687338501291,7.283634797588286,
2008-04-26,41.33823846485554,28.967464424320827,9.997585166019837,8.36332470892626,7.2878827080638215,
2008-04-27,41.32831390328152,28.96871761658031,9.997582037996548,8.367681347150258,7.29084628670121,
2008-04-28,41.319660613921315,28.969974059662775,9.994984868136621,8.372049286640726,7.295114569822742,
2008-04-29,41.31406519861831,28.964831606217615,9.9956390328152,8.374158031088083,7.3031519861830745,
2008-04-30,41.31406519861831,28.964831606217615,9.9956390328152,8.374158031088083,7.3031519861830745,
2008-05-01,41.30848426045709,28.96228978007762,9.995644674428634,8.376261319534281,7.3092281155670555,
2008-05-02,41.30848426045709,28.96228978007762,9.995644674428634,8.376261319534281,7.3092281155670555,
2008-05-03,41.29981649395509,28.962240932642484,9.994343696027634,8.381930051813471,7.313514680483593,
2008-05-04,41.29112624297449,28.962840466926068,9.993687851275402,8.385667963683527,7.317163856463468,
2008-05-05,41.28501082251082,28.9588961038961,9.994978354978356,8.390064935064935,7.321471861471862,
2008-05-06,41.27685905750108,28.95635538261997,9.994984868136621,8.393450064850843,7.328837008214441,
2008-05-07,41.271319084628665,28.948639896373056,9.994991364421418,8.396826424870465,7.337478411053541,
2008-05-08,41.271319084628665,28.948639896373056,9.994991364421418,8.396826424870465,7.337478411053541,
2008-05-09,41.26095639032815,28.94475388601036,9.993696027633852,8.402007772020724,7.346545768566495,
2008-05-10,41.252734543882404,28.94805447470817,9.993039342844792,8.40343709468223,7.349589277993948,
2008-05-11,41.24397186147186,28.94798701298701,9.991731601731603,8.407857142857143,7.353939393939394,
2008-05-12,41.23648677936714,28.946618985695704,9.990420459471176,8.412288686605981,7.358300823580408,
2008-05-13,41.23648677936714,28.946618985695704,9.990420459471176,8.412288686605981,7.358300823580408,
2008-05-14,41.229036796536796,28.940844155844154,9.991731601731603,8.416298701298702,7.364978354978356,
2008-05-15,41.229036796536796,28.940844155844154,9.991731601731603,8.416298701298702,7.364978354978356,
2008-05-16,41.22225464764375,28.935732814526585,9.994336359706011,8.41964980544747,7.3709900562040644,
2008-05-17,41.22225464764375,28.935732814526585,9.994336359706011,8.41964980544747,7.3709900562040644,
2008-05-18,41.22225464764375,28.935732814526585,9.994336359706011,8.41964980544747,7.3709900562040644,
2008-05-19,41.22225464764375,28.935732814526585,9.994336359706011,8.41964980544747,7.3709900562040644,
2008-05-20,41.21497193436961,28.931411917098444,9.994797063903281,8.423834196891193,7.377569084628671,
2008-05-21,41.20563820612333,28.92632600258732,9.994803794739113,8.428460543337646,7.3874299266925405,
2008-05-22,41.198912575366066,28.92125322997416,9.996102497846683,8.433074935400517,7.394681309216193,
2008-05-23,41.198912575366066,28.92125322997416,9.996102497846683,8.433074935400517,7.394681309216193,
2008-05-24,41.19011427339371,28.919857697283312,9.994803794739113,8.437516170763262,7.4003665373005605,
2008-05-25,41.19011427339371,28.919857697283312,9.994803794739113,8.437516170763262,7.4003665373005605,
2008-05-26,41.18194084628671,28.918458549222798,9.994797063903281,8.4419689119171,7.404123488773748,
2008-05-27,41.172649849072876,28.914683053040104,9.994803794739113,8.445278137128073,7.412656317378181,
2008-05-28,41.164674849267875,28.90704134366925,9.996102497846683,8.449870801033592,7.421167097329889,
2008-05-29,41.164674849267875,28.90704134366925,9.996102497846683,8.449870801033592,7.421167097329889,
2008-05-30,41.1556309216193,28.899289405684755,9.994810508182601,8.455038759689923,7.43150301464255,
2008-05-31,41.1556309216193,28.899289405684755,9.994810508182601,8.455038759689923,7.43150301464255,
2008-06-01,41.14807028891764,28.897865459249676,9.994803794739113,8.458214747736093,7.435942216472617,
2008-06-02,41.139194732297064,28.897733160621762,9.992206390328151,8.462694300518136,7.441688255613126,
2008-06-03,41.131252695127216,28.892690815006468,9.992216472617509,8.467270375161709,7.45017248814144,
2008-06-04,41.124623169681314,28.881201550387598,9.994810508182601,8.47312661498708,7.459926787252369,
2008-06-05,41.11543010752688,28.874903225806452,9.997397849462367,8.478967741935485,7.46836559139785,
2008-06-06,41.11543010752688,28.874903225806452,9.997397849462367,8.478967741935485,7.46836559139785,
2008-06-07,41.107827304048236,28.872157622739017,9.997394487510768,8.483462532299743,7.472846683893196,
2008-06-08,41.09891116860716,28.871992238033634,9.997391116860717,8.48667529107374,7.477339370418284,
2008-06-09,41.09126727115717,28.8705310880829,9.996092400690847,8.489896373056995,7.483139032815199,
2008-06-10,41.09126727115717,28.8705310880829,9.996092400690847,8.489896373056995,7.483139032815199,
2008-06-11,41.08209357481673,28.861642949547218,9.997391116860717,8.496377749029755,7.492863303147909,
2008-06-12,41.08209357481673,28.861642949547218,9.997391116860717,8.496377749029755,7.492863303147909,
2008-06-13,41.07746554694229,28.856653746770025,9.998040482342809,8.499612403100777,7.498686477174849,
2008-06-14,41.069803794739116,28.853880983182407,9.996744286330316,8.504139715394567,7.504506252695127,
2008-06-15,41.06212219343696,28.85110103626943,9.998035405872194,8.50738341968912,7.509045768566494,
2008-06-16,41.05442066580199,28.848962386511023,9.998681366191095,8.510635538262,7.514245568525724,
2008-06-17,41.05442066580199,28.848962386511023,9.998681366191095,8.510635538262,7.514245568525724,
2008-06-18,41.04657815198619,28.841386010362694,9.999330742659758,8.51580310880829,7.523294473229707,
2008-06-19,41.04657815198619,28.841386010362694,9.999330742659758,8.51580310880829,7.523294473229707,
2008-06-20,41.04657815198619,28.841386010362694,9.999330742659758,8.51580310880829,7.523294473229707,
2008-06-21,41.040153480328584,28.83832684824903,10.00043233895374,8.51822308690013,7.527604842196283,
2008-06-22,41.032413419913425,28.836818181818185,10.0004329004329,8.521493506493506,7.532186147186148,
2008-06-23,41.024653229302125,28.835305591677507,10.000433463372344,8.523472041612484,7.538079757260512,
2008-06-24,41.01617965367966,28.830714285714286,10.000887445887447,8.528571428571428,7.545692640692641,
2008-06-25,41.00967358408993,28.821854734111547,9.999589277993948,8.534370946822309,7.5553610030263725,
2008-06-26,41.00967358408993,28.821854734111547,9.999589277993948,8.534370946822309,7.5553610030263725,
2008-06-27,40.9941093817553,28.81666666666667,10.000886294855167,8.539559014267185,7.567034154777345,
2008-06-28,40.9941093817553,28.81666666666667,10.000886294855167,8.539559014267185,7.567034154777345,
2008-06-29,40.98501082251082,28.816428571428574,10.000887445887447,8.542857142857143,7.571666666666666,
2008-06-30,40.97523840485479,28.816189856957088,10.000888599913308,8.546163849154746,7.5769614217598615,
2008-07-01,40.97523840485479,28.816189856957088,10.000888599913308,8.546163849154746,7.5769614217598615,
2008-07-02,40.96747835497836,28.80993506493507,10.000887445887447,8.551948051948052,7.584653679653679,
2008-07-03,40.96103545179421,28.804993514915697,10.002183311716387,8.556420233463035,7.59167747514051,
2008-07-04,40.95189393939394,28.807337662337662,9.999588744588745,8.558441558441558,7.5976406926406925,
2008-07-05,40.95189393939394,28.807337662337662,9.999588744588745,8.558441558441558,7.5976406926406925,
2008-07-06,40.94142826181188,28.809687906371913,9.998287819679238,8.560468140442133,7.602319029042046,
2008-07-07,40.930935329861114,28.812044270833336,9.995681423611112,8.563802083333334,7.608311631944445,
2008-07-08,40.92452319029042,28.807087126137844,9.995687039445167,8.566970091027308,7.616623320329432,
2008-07-09,40.91812770562771,28.798246753246755,9.99569264069264,8.572727272727272,7.623614718614719,
2008-07-10,40.91812770562771,28.798246753246755,9.99569264069264,8.572727272727272,7.623614718614719,
2008-07-11,40.91434284479032,28.793320363164725,9.9963467358409,8.575226977950713,7.629290964115867,
2008-07-12,40.9055735930736,28.79452380952381,9.99556277056277,8.577012987012987,7.634350649350649,
2008-07-13,40.89634807108799,28.795557000433462,9.994256610316429,8.579063719115736,7.639076723016905,
2008-07-14,40.88644748263889,28.79529079861111,9.994249131944445,8.582421875,7.644466145833333,
2008-07-15,40.877492414390986,28.792956220199393,9.994256610316429,8.586866059817945,7.651430429128738,
2008-07-16,40.87115800865801,28.785432900432898,9.99426406926407,8.592597402597402,7.658376623376623,
2008-07-17,40.87115800865801,28.785432900432898,9.99426406926407,8.592597402597402,7.658376623376623,
2008-07-18,40.87115800865801,28.785432900432898,9.99426406926407,8.592597402597402,7.658376623376623,
2008-07-19,40.8631881231036,28.78515387949718,9.991655830082358,8.595968790637192,7.664434330299089,
2008-07-20,40.8631881231036,28.78515387949718,9.991655830082358,8.595968790637192,7.664434330299089,
2008-07-21,40.85389539930556,28.786176215277777,9.990342881944445,8.598697916666667,7.669205729166666,
2008-07-22,40.84797355873429,28.78359341135674,9.990485478977027,8.602340702210663,7.67483745123537,
2008-07-23,40.84297619047619,28.7767316017316,9.991147186147186,8.606103896103896,7.682402597402597,
2008-07-24,40.83539775183744,28.774427150886293,9.993752702118462,8.609208819714656,7.686705577172503,
2008-07-25,40.82739177489177,28.772835497835498,9.992445887445887,8.612597402597402,7.692792207792207,
2008-07-26,40.82739177489177,28.772835497835498,9.992445887445887,8.612597402597402,7.692792207792207,
2008-07-27,40.81936497615951,28.773840485478974,9.991135674035544,8.614694408322496,7.697594278283485,
2008-07-28,40.80871310763889,28.77615017361111,9.988519965277778,8.618098958333333,7.7037109374999995,
2008-07-29,40.80871310763889,28.77615017361111,9.988519965277778,8.618098958333333,7.7037109374999995,
2008-07-30,40.803110099696575,28.769289120069352,9.988534893801473,8.622496749024707,7.711248374512354,
2008-07-31,40.803110099696575,28.769289120069352,9.988534893801473,8.622496749024707,7.711248374512354,
2008-08-01,40.803110099696575,28.769289120069352,9.988534893801473,8.622496749024707,7.711248374512354,
2008-08-02,40.79373914930556,28.768988715277775,9.987217881944444,8.625911458333333,7.7173828124999995,
2008-08-03,40.78564754454585,28.771295089091698,9.985897435897437,8.628031290743156,7.7222294654498045,
2008-08-04,40.775576588337685,28.77034377719756,9.985879025239338,8.632114882506528,7.727741514360313,
2008-08-05,40.775576588337685,28.77034377719756,9.985879025239338,8.632114882506528,7.727741514360313,
2008-08-06,40.770002172968276,28.76347240330291,9.985897435897437,8.635853976531942,7.735919165580182,
2008-08-07,40.76379123263889,28.757269965277775,9.987217881944444,8.640234375,7.744075520833333,
2008-08-08,40.76379123263889,28.757269965277775,9.987217881944444,8.640234375,7.744075520833333,
2008-08-09,40.75553020425902,28.758083441981746,9.985940895262928,8.641590612777053,7.749739243807039,
2008-08-10,40.75553020425902,28.758083441981746,9.985940895262928,8.641590612777053,7.749739243807039,
2008-08-11,40.74672541340296,28.75776762402089,9.985269799825936,8.64503916449086,7.754634464751957,
2008-08-12,40.74672541340296,28.75776762402089,9.985269799825936,8.64503916449086,7.754634464751957,
2008-08-13,40.735628807658834,28.744712793733683,9.985269799825936,8.652219321148824,7.768994778067884,
2008-08-14,40.735628807658834,28.744712793733683,9.985269799825936,8.652219321148824,7.768994778067884,
2008-08-15,40.73466970882225,28.739830508474576,9.98528900478053,8.652672750977835,7.773207301173402,
2008-08-16,40.73466970882225,28.739830508474576,9.98528900478053,8.652672750977835,7.773207301173402,
2008-08-17,40.73466970882225,28.739830508474576,9.98528900478053,8.652672750977835,7.773207301173402,
2008-08-18,40.72736074847693,28.73687989556136,9.984834638816363,8.656570931244561,7.778568320278503,
2008-08-19,40.72132768361582,28.733963494132986,9.984202520643198,8.660017383746197,7.785375923511516,
2008-08-20,40.715831163194444,28.725195312500002,9.984874131944444,8.665017361111111,7.793467881944444,
2008-08-21,40.715831163194444,28.725195312500002,9.984874131944444,8.665017361111111,7.793467881944444,
2008-08-22,40.70671657986111,28.714778645833334,9.98357204861111,8.672829861111111,7.806488715277777,
2008-08-23,40.70671657986111,28.714778645833334,9.98357204861111,8.672829861111111,7.806488715277777,
2008-08-24,40.70671657986111,28.714778645833334,9.98357204861111,8.672829861111111,7.806488715277777,
2008-08-25,40.69760199652777,28.703710937500002,9.98357204861111,8.680642361111111,7.818858506944444,
2008-08-26,40.69760199652777,28.703710937500002,9.98357204861111,8.680642361111111,7.818858506944444,
2008-08-27,40.692143476376245,28.694993498049417,9.984243606415257,8.684958820979627,7.826896402254009,
2008-08-28,40.692143476376245,28.694993498049417,9.984243606415257,8.684958820979627,7.826896402254009,
2008-08-29,40.692143476376245,28.694993498049417,9.984243606415257,8.684958820979627,7.826896402254009,
2008-08-30,40.68783637152777,28.689388020833334,9.982921006944444,8.688454861111111,7.833181423611111,
2008-08-31,40.68091047370708,28.686375488917864,9.981594958713602,8.691960017383746,7.838179052585832,
2008-09-01,40.67461923411662,28.682049608355094,9.98222367275892,8.695474325500436,7.8438424717145345,
2008-09-02,40.6685245545415,28.67724902216428,9.9835506301608,8.698478922207736,7.85186875271621,
2008-09-03,40.66374782986111,28.667252604166666,9.98357204861111,8.704079861111111,7.859874131944444,
2008-09-04,40.65768313827481,28.663784135240572,9.98359341135674,8.707065452969225,7.866558300823581,
2008-09-05,40.65768313827481,28.663784135240572,9.98359341135674,8.707065452969225,7.866558300823581,
2008-09-06,40.65359157986111,28.65970052083333,9.982660590277778,8.70876736111111,7.872113715277777,
2008-09-07,40.64825076053889,28.656975228161667,9.982312038244242,8.710669274228596,7.877162103433289,
2008-09-08,40.63995865970409,28.65522193211488,9.980983463881635,8.715513489991297,7.88222367275892,
2008-09-09,40.63477835723599,28.650456323337675,9.98013906996958,8.718926553672315,7.889765319426336,
2008-09-10,40.628743489583336,28.64700520833333,9.980164930555556,8.723198784722221,7.8951171874999995,
2008-09-11,40.62272431729519,28.643563068920674,9.980190723883833,8.726159514521022,7.901755526657997,
2008-09-12,40.62191558441558,28.64012987012987,9.97891774891775,8.726515151515152,7.905779220779221,
2008-09-13,40.61622236671001,28.638361508452533,9.977589943649763,8.728760294755093,7.910858257477243,
2008-09-14,40.60791015625,28.636588541666665,9.97756076388889,8.731011284722221,7.915950520833333,
2008-09-15,40.60088005215124,28.6348109517601,9.974923946110387,8.73457192524989,7.922359843546284,
2008-09-16,40.60088005215124,28.6348109517601,9.974923946110387,8.73457192524989,7.922359843546284,
2008-09-17,40.59541015625,28.63120659722222,9.97421875,8.737651909722222,7.928754340277777,
2008-09-18,40.59541015625,28.63120659722222,9.97421875,8.737651909722222,7.928754340277777,
2008-09-19,40.58369140625,28.62730034722222,9.972916666666668,8.745464409722222,7.93786892361111,
2008-09-20,40.58369140625,28.62730034722222,9.972916666666668,8.745464409722222,7.93786892361111,
2008-09-21,40.576629726205994,28.626814428509345,9.971577574967407,8.74774011299435,7.941699261190786,
2008-09-22,40.568244125326366,28.62502175805048,9.972193211488252,8.75067449956484,7.946845082680591,
2008-09-23,40.56228813559322,28.620947414167752,9.971577574967407,8.75360712733594,7.953433289873967,
2008-09-24,40.55634765625,28.61623263888889,9.9703125,8.756532118055555,7.96130642361111,
2008-09-25,40.55634765625,28.61623263888889,9.9703125,8.756532118055555,7.96130642361111,
2008-09-26,40.546642764015644,28.618339852238158,9.967666232073013,8.76012603215993,7.9664710995219465,
2008-09-27,40.546642764015644,28.618339852238158,9.967666232073013,8.76012603215993,7.9664710995219465,
2008-09-28,40.53821801566579,28.620452567449956,9.966318537859008,8.762423846823324,7.970343777197562,
2008-09-29,40.52977124183006,28.61995642701525,9.964967320261438,8.764727668845316,7.97553376906318,
2008-09-30,40.52977124183006,28.61995642701525,9.964967320261438,8.764727668845316,7.97553376906318,
2008-10-01,40.52320496083551,28.615883376849435,9.963707571801567,8.768298520452568,7.982745865970409,
2008-10-02,40.51600391134289,28.611169056931768,9.965058670143417,8.773815732290307,7.986679704476314,
2008-10-03,40.50492819843342,28.614577893820712,9.962402088772848,8.777436901653612,7.991884247171453,
2008-10-04,40.50049019607843,28.613551198257085,9.960653594771243,8.77727668845316,7.996840958605664,
2008-10-05,40.49067408376963,28.616972076788834,9.957984293193718,8.780911867364747,8.000763525305409,
2008-10-06,40.482142857142854,28.616470074268243,9.958584534731324,8.783245958934032,8.006006989951944,
2008-10-07,40.482142857142854,28.616470074268243,9.958584534731324,8.783245958934032,8.006006989951944,
2008-10-08,40.47234947643979,28.613699825479934,9.958638743455499,8.788765270506108,8.012543630017452,
2008-10-09,40.47234947643979,28.613699825479934,9.958638743455499,8.788765270506108,8.012543630017452,
2008-10-10,40.45926047120419,28.612390924956372,9.953403141361257,8.79400087260035,8.023014834205933,
2008-10-11,40.45926047120419,28.612390924956372,9.953403141361257,8.79400087260035,8.023014834205933,
2008-10-12,40.44872214941022,28.615487112276107,9.95170380078637,8.79700742682394,8.0282874617737,
2008-10-13,40.44012467191601,28.616294838145233,9.951640419947507,8.79805336832896,8.033573928258967,
2008-10-14,40.44012467191601,28.616294838145233,9.951640419947507,8.79805336832896,8.033573928258967,
2008-10-15,40.43212101354303,28.611118392311052,9.95170380078637,8.803123634775012,8.040083005679335,
2008-10-16,40.43212101354303,28.611118392311052,9.95170380078637,8.803123634775012,8.040083005679335,
2008-10-17,40.42087707786527,28.615857392825895,9.949015748031497,8.805489938757656,8.045384951881015,
2008-10-18,40.42087707786527,28.615857392825895,9.949015748031497,8.805489938757656,8.045384951881015,
2008-10-19,40.41223171265879,28.617980727113448,9.947634691195796,8.806548401226458,8.050700832238283,
2008-10-20,40.40487938596492,28.616162280701754,9.946250000000001,8.808925438596491,8.056030701754386,
2008-10-21,40.39843407796759,28.61246167323697,9.94671484888305,8.813381515549716,8.062001752080596,
2008-10-22,40.39222440944882,28.607720909886268,9.946347331583553,8.818000874890638,8.068482064741907,
2008-10-23,40.39222440944882,28.607720909886268,9.946347331583553,8.818000874890638,8.068482064741907,
2008-10-24,40.38303805774278,28.60115923009624,9.945034995625546,8.821937882764654,8.077668416447944,
2008-10-25,40.38303805774278,28.60115923009624,9.945034995625546,8.821937882764654,8.077668416447944,
2008-10-26,40.37302890932983,28.603263250109507,9.944962768287342,8.824332019272887,8.083026719229085,
2008-10-27,40.364967105263155,28.601425438596493,9.945548245614034,8.827390350877193,8.088399122807017,
2008-10-28,40.35528909329829,28.598007008322387,9.946933858957513,8.83155935173018,8.09485326325011,
2008-10-29,40.34957349081365,28.591972878390205,9.944378827646544,8.837029746281715,8.101290463692038,
2008-10-30,40.34957349081365,28.591972878390205,9.944378827646544,8.837029746281715,8.101290463692038,
2008-10-31,40.34346254927727,28.590122645641703,9.94299167761717,8.839443714410862,8.106679807271135,
2008-11-01,40.34346254927727,28.590122645641703,9.94299167761717,8.839443714410862,8.106679807271135,
2008-11-02,40.336019736842104,28.58826754385965,9.942916666666667,8.841864035087719,8.112083333333333,
2008-11-03,40.32723978919631,28.587725076855516,9.94284145805885,8.844290733421168,8.11750109793588,
2008-11-04,40.32723978919631,28.587725076855516,9.94284145805885,8.844290733421168,8.11750109793588,
2008-11-05,40.32154605263158,28.5843201754386,9.938969298245615,8.84844298245614,8.12392543859649,
2008-11-06,40.31521024967149,28.579610162067457,9.939706526500219,8.851927288655277,8.130332895313185,
2008-11-07,40.3073258869908,28.573039859833557,9.935764345159878,8.858497590889181,8.139531318440648,
2008-11-08,40.30365131578947,28.571293859649124,9.934758771929825,8.859890350877192,8.144978070175439,
2008-11-09,40.29548748353096,28.57039964866052,9.934343434343434,8.862340799297321,8.151097935880545,
2008-11-10,40.285323218997355,28.568513632365878,9.935576077396659,8.866116974494282,8.156574318381706,
2008-11-11,40.285323218997355,28.568513632365878,9.935576077396659,8.866116974494282,8.156574318381706,
2008-11-12,40.27967720685112,28.563153271848925,9.934343434343434,8.870904699165568,8.162955643390426,
2008-11-13,40.27967720685112,28.563153271848925,9.934343434343434,8.870904699165568,8.162955643390426,
2008-11-14,40.26913702239789,28.555248133509004,9.933025911286782,8.877492314448835,8.17613087395696,
2008-11-15,40.26913702239789,28.555248133509004,9.933025911286782,8.877492314448835,8.17613087395696,
2008-11-16,40.26289577836411,28.554661389621813,9.931618293755497,8.879969217238346,8.181640281442393,
2008-11-17,40.253996036988106,28.55275209158961,9.932188463232057,8.88377366798767,8.187164244826068,
2008-11-18,40.253996036988106,28.55275209158961,9.932188463232057,8.88377366798767,8.187164244826068,
2008-11-19,40.247988126649076,28.547889182058046,9.932629727352683,8.88797273526825,8.192766051011434,
2008-11-20,40.239756258234515,28.543214756258234,9.932718489240228,8.89339042599912,8.199099692577954,
2008-11-21,40.238125,28.538552631578945,9.93280701754386,8.896162280701754,8.201469298245614,
2008-11-22,40.23185111989459,28.53399209486166,9.932718489240228,8.899978041282388,8.207004830917874,
2008-11-23,40.22424142480211,28.532058047493404,9.932629727352683,8.903803869832894,8.212554969217239,
2008-11-24,40.21529062087186,28.530118890356672,9.932540730955527,8.90631880228974,8.21811977102598,
2008-11-25,40.21529062087186,28.530118890356672,9.932540730955527,8.90631880228974,8.21811977102598,
2008-11-26,40.20972955145118,28.52348284960422,9.933948988566403,8.910400175901495,8.22442832014072,
2008-11-27,40.20972955145118,28.52348284960422,9.933948988566403,8.910400175901495,8.22442832014072,
2008-11-28,40.204722589167766,28.51889035667107,9.933861734918539,8.9129238221048,8.230008806693087,
2008-11-29,40.204722589167766,28.51889035667107,9.933861734918539,8.9129238221048,8.230008806693087,
2008-11-30,40.19837962962963,28.515608465608466,9.932451499118166,8.916776895943562,8.23560405643739,
2008-12-01,40.19069536423841,28.51099337748344,9.933686534216335,8.920640176600442,8.24121412803532,
2008-12-02,40.19069536423841,28.51099337748344,9.933686534216335,8.920640176600442,8.24121412803532,
2008-12-03,40.185152116402115,28.505026455026453,9.934435626102292,8.925374779541446,8.246847442680776,
2008-12-04,40.18094451783355,28.49775429326288,9.937164244826068,8.929436371642447,8.251805372082783,
2008-12-05,40.1745701058201,28.493121693121694,9.935758377425044,8.933311287477954,8.258752204585537,
2008-12-06,40.1745701058201,28.493121693121694,9.935758377425044,8.933311287477954,8.258752204585537,
2008-12-07,40.169503311258275,28.48847682119205,9.935673289183223,8.935871964679912,8.26439293598234,
2008-12-08,40.16177055702918,28.48448275862069,9.936914235190097,8.939765694076039,8.270048629531388,
2008-12-09,40.15493377483443,28.479867549668874,9.93832229580574,8.94381898454746,8.276313465783664,
2008-12-10,40.15208333333333,28.472619047619048,9.939726631393299,8.947861552028218,8.27991622574956,
2008-12-11,40.15208333333333,28.472619047619048,9.939726631393299,8.947861552028218,8.27991622574956,
2008-12-12,40.14348544973545,28.462698412698412,9.940388007054674,8.954475308641975,8.289175485008819,
2008-12-13,40.13778145695364,28.46092715231788,9.939646799116998,8.955871964679911,8.295253863134658,
2008-12-14,40.13133289124668,28.456233421750664,9.939566755083996,8.959792219274979,8.300950486295314,
2008-12-15,40.12486719787516,28.45285524568393,9.939486498450641,8.962394864984507,8.306662239929173,
2008-12-16,40.12072281167109,28.446949602122015,9.939566755083996,8.967749778956676,8.310234305923961,
2008-12-17,40.11654525386313,28.441898454746138,9.940397350993377,8.971898454746137,8.315342163355409,
2008-12-18,40.11654525386313,28.441898454746138,9.940397350993377,8.971898454746137,8.315342163355409,
2008-12-19,40.10594922737307,28.43262693156733,9.940397350993377,8.978520971302428,8.325938189845475,
2008-12-20,40.10594922737307,28.43262693156733,9.940397350993377,8.978520971302428,8.325938189845475,
2008-12-21,40.09945844385499,28.429221927497792,9.938992042440319,8.981145004420867,8.331675508399647,
2008-12-22,40.08752210433245,28.419938107869143,9.940318302387269,8.989102564102565,8.342285587975244,
2008-12-23,40.08078366445916,28.416732891832233,9.941721854304635,8.99309050772627,8.347130242825608,
2008-12-24,40.08078366445916,28.416732891832233,9.941721854304635,8.99309050772627,8.347130242825608,
2008-12-25,40.08078366445916,28.416732891832233,9.941721854304635,8.99309050772627,8.347130242825608,
2008-12-26,40.072933244916,28.413306808134397,9.941644562334217,8.997060123784262,8.352895667550841,
2008-12-27,40.072933244916,28.413306808134397,9.941644562334217,8.997060123784262,8.352895667550841,
2008-12-28,40.0677180168216,28.409871624612663,9.941567065073041,8.999712262062861,8.357348384240815,
2008-12-29,40.05982934397163,28.407757092198583,9.941489361702128,9.00237145390071,8.363142730496454,
2008-12-30,40.05982934397163,28.407757092198583,9.941489361702128,9.00237145390071,8.363142730496454,
2008-12-31,40.05982934397163,28.407757092198583,9.941489361702128,9.00237145390071,8.363142730496454,
2009-01-01,40.05982934397163,28.407757092198583,9.941489361702128,9.00237145390071,8.363142730496454,
2009-01-02,40.05325122059476,28.405636928539728,9.940079893475366,9.005037727474479,8.368952507767421,
2009-01-03,40.05325122059476,28.405636928539728,9.940079893475366,9.005037727474479,8.368952507767421,
2009-01-04,40.04665555555555,28.400844444444445,9.94,9.009044444444445,8.373444444444445,
2009-01-05,40.04004227859368,28.398709390298176,9.939919893190922,9.01039163328883,8.38061860258122,
2009-01-06,40.04004227859368,28.398709390298176,9.939919893190922,9.01039163328883,8.38061860258122,
2009-01-07,40.03532222222222,28.392844444444446,9.940666666666667,9.015044444444445,8.384111111111112,
2009-01-08,40.03128051486906,28.38965823346649,9.940745672436751,9.02035064358633,8.386262760763428,
2009-01-09,40.02728584110075,28.384332001775412,9.936750998668442,9.024345317354639,8.394252108300044,
2009-01-10,40.02238888888889,28.380844444444445,9.9368,9.026244444444444,8.399711111111111,
2009-01-11,40.01707832665777,28.377347574543837,9.93671562082777,9.028949710725412,8.405585224744105,
2009-01-12,40.009748217468804,28.374509803921573,9.93663101604278,9.032330659536543,8.41147504456328,
2009-01-13,40.009748217468804,28.374509803921573,9.93663101604278,9.032330659536543,8.41147504456328,
2009-01-14,40.00439474855363,28.370672007120607,9.936048064085446,9.036960391633288,8.41559857587895,
2009-01-15,40.00439474855363,28.370672007120607,9.936048064085446,9.036960391633288,8.41559857587895,
2009-01-16,39.99905303030303,28.368493761140822,9.934625668449197,9.039683600713012,8.421501782531195,
2009-01-17,39.99101963409193,28.36764837126283,9.933199464524765,9.04107541276216,8.428759482373941,
2009-01-18,39.98430518319929,28.365460232350316,9.931769436997318,9.04381143878463,8.43469615728329,
2009-01-19,39.97623042505593,28.363266219239375,9.931677852348992,9.047897091722595,8.440648769574945,
2009-01-20,39.97623042505593,28.363266219239375,9.931677852348992,9.047897091722595,8.440648769574945,
2009-01-21,39.97023011617516,28.35808757819482,9.931769436997318,9.053865058087577,8.444749776586239,
2009-01-22,39.97023011617516,28.35808757819482,9.931769436997318,9.053865058087577,8.444749776586239,
2009-01-23,39.959506255585346,28.35205540661305,9.931769436997318,9.061907953529937,8.45346291331546,
2009-01-24,39.959506255585346,28.35205540661305,9.931769436997318,9.061907953529937,8.45346291331546,
2009-01-25,39.95408277404922,28.348501118568233,9.930335570469797,9.066017897091722,8.458098434004475,
2009-01-26,39.94595654121864,28.347625448028676,9.93024193548387,9.07013888888889,8.464090501792116,
2009-01-27,39.93938478747204,28.34306487695749,9.931409395973153,9.076152125279643,8.468501118568232,
2009-01-28,39.9327636282395,28.334562109025914,9.931501340482573,9.085433422698838,8.473235031277927,
2009-01-29,39.9327636282395,28.334562109025914,9.931501340482573,9.085433422698838,8.473235031277927,
2009-01-30,39.922039767649686,28.329200178731007,9.927479892761394,9.094816800714923,8.481277926720287,
2009-01-31,39.922039767649686,28.329200178731007,9.927479892761394,9.094816800714923,8.481277926720287,
2009-02-01,39.91388143176734,28.32829977628635,9.92738255033557,9.097628635346757,8.485950782997763,
2009-02-02,39.9063732078853,28.32605286738351,9.927956989247312,9.101120071684589,8.491980286738352,
2009-02-03,39.9063732078853,28.32605286738351,9.927956989247312,9.101120071684589,8.491980286738352,
2009-02-04,39.8984451901566,28.319574944071586,9.929395973154362,9.110380313199105,8.496017897091724,
2009-02-05,39.890538427167115,28.31512511170688,9.93083109919571,9.119615728328865,8.499374441465594,
2009-02-06,39.88233780760626,28.312863534675614,9.929395973154362,9.122460850111857,8.50675615212528,
2009-02-07,39.875660842293904,28.3114023297491,9.928830645161291,9.124036738351254,8.513082437275987,
2009-02-08,39.867418124719606,28.309129654553608,9.928734858681024,9.128241363840287,8.517810677433827,
2009-02-09,39.85915318957772,28.30819856244384,9.928638814016173,9.131109613656784,8.523899371069183,
2009-02-10,39.84992148945715,28.302400179452665,9.930080753701212,9.140354419021984,8.528577837595334,
2009-02-11,39.84205869175627,28.295273297491036,9.930174731182795,9.152262544802868,8.531899641577061,
2009-02-12,39.84205869175627,28.295273297491036,9.930174731182795,9.152262544802868,8.531899641577061,
2009-02-13,39.82996191756272,28.29124103942652,9.928830645161291,9.1603270609319,8.541308243727599,
2009-02-14,39.82996191756272,28.29124103942652,9.928830645161291,9.1603270609319,8.541308243727599,
2009-02-15,39.8216576940332,28.29028712427097,9.927388963660835,9.164580529385375,8.546074472857784,
2009-02-16,39.810635669362085,28.29067834681042,9.925943396226415,9.168845462713389,8.552201257861636,
2009-02-17,39.80483400628084,28.286922386720498,9.927388963660835,9.17669358456707,8.554149842978914,
2009-02-18,39.79703181003584,28.27847222222222,9.927486559139785,9.188552867383514,8.558781362007169,
2009-02-19,39.78790827740492,28.27541387024608,9.928926174496645,9.197695749440717,8.562058165548098,
2009-02-20,39.77418234767025,28.27847222222222,9.92614247311828,9.201993727598566,8.569534050179211,
2009-02-21,39.77418234767025,28.27847222222222,9.92614247311828,9.201993727598566,8.569534050179211,
2009-02-22,39.76176536563481,28.280192911619558,9.92335127860027,9.207649170031404,8.57568416330193,
2009-02-23,39.74796720575022,28.281918238993708,9.92190026954178,9.213319856244386,8.583198562443846,
2009-02-24,39.7423844773441,28.277097353073124,9.92335127860027,9.22083894122925,8.586182144459398,
2009-02-25,39.73399417562724,28.27067652329749,9.924126344086021,9.231966845878135,8.590098566308242,
2009-02-26,39.73399417562724,28.27067652329749,9.924126344086021,9.231966845878135,8.590098566308242,
2009-02-27,39.72017720951099,28.273732615522654,9.922678331090175,9.236316733961417,8.596276357110812,
2009-02-28,39.72017720951099,28.273732615522654,9.922678331090175,9.236316733961417,8.596276357110812,
2009-03-01,39.70632300089847,28.27544923629829,9.92122641509434,9.242026055705301,8.60247079964061,
2009-03-02,39.69445569050832,28.275820962663065,9.920445344129554,9.247076023391813,8.610031488978857,
2009-03-03,39.68408580413298,28.272753818508534,9.92190026954178,9.254829290206649,8.614600179694518,
2009-03-04,39.67508972633468,28.26700314042171,9.92335127860027,9.265253476895468,8.617810677433827,
2009-03-05,39.66477374551972,28.26530017921147,9.924798387096775,9.275649641577061,8.619668458781362,
2009-03-06,39.64595654121864,28.26395609318996,9.92345430107527,9.28774641577061,8.627732974910394,
2009-03-07,39.63632794975325,28.265791834903546,9.921736204576042,9.289748766262898,8.633557649170031,
2009-03-08,39.62370844564241,28.26749775381851,9.920283018867924,9.294182389937106,8.639802336028751,
2009-03-09,39.60970535312641,28.27055780476833,9.918825910931174,9.299977507872244,8.647413405308141,
2009-03-10,39.60079739442947,28.26749775381851,9.918935309973046,9.309007187780772,8.65058400718778,
2009-03-11,39.593259309107225,28.26310004486317,9.917698519515477,9.319358456707043,8.653746074472856,
2009-03-12,39.593259309107225,28.26310004486317,9.917698519515477,9.319358456707043,8.653746074472856,
2009-03-13,39.577886343216534,28.26749775381851,9.916239892183288,9.323831985624437,8.66001796945193,
2009-03-14,39.563821412505625,28.27190733243365,9.913427800269904,9.328317588843904,8.667656320287898,
2009-03-15,39.55039414414414,28.274977477477478,9.911283783783784,9.332139639639639,8.675315315315315,
2009-03-16,39.53760712674786,28.276702751465944,9.910487144790256,9.336648624267028,8.68231844835363,
2009-03-17,39.530123873873876,28.272950450450452,9.911959459459458,9.345653153153153,8.684099099099098,
2009-03-18,39.521311291048136,28.267183985605037,9.912078272604587,9.355982905982906,8.687224471434996,
2009-03-19,39.521311291048136,28.267183985605037,9.912078272604587,9.355982905982906,8.687224471434996,
2009-03-20,39.497019793072425,28.27123256860099,9.91072874493927,9.368128654970759,8.6953216374269,
2009-03-21,39.497019793072425,28.27123256860099,9.91072874493927,9.368128654970759,8.6953216374269,
2009-03-22,39.48282657657658,28.275653153153154,9.909256756756756,9.371328828828828,8.701666666666666,
2009-03-23,39.46724176815517,28.281438881371223,9.907780784844384,9.375890843482182,8.708028867839422,
2009-03-24,39.459718468468466,28.2790990990991,9.908243243243243,9.383153153153152,8.711126126126125,
2009-03-25,39.452350427350424,28.27332433648223,9.908367071524966,9.39208277103014,8.714215024741339,
2009-03-26,39.452350427350424,28.27332433648223,9.908367071524966,9.39208277103014,8.714215024741339,
2009-03-27,39.449045372866124,28.26891284815813,9.907142857142857,9.399640610961365,8.715947888589398,
2009-03-28,39.43345704003599,28.276023391812863,9.905668016194332,9.404228520017993,8.720962663067926,
2009-03-29,39.42052927927928,28.28045045045045,9.90418918918919,9.407477477477476,8.727342342342341,
2009-03-30,39.404860171402795,28.286242670275147,9.904059539918808,9.410735227785295,8.733739287325214,
2009-03-31,39.39620495495495,28.284504504504504,9.902837837837836,9.41963963963964,8.738153153153153,
2009-04-01,39.38892262708052,28.280071974808816,9.902968960863697,9.429869545659018,8.739856050382365,
2009-04-02,39.38165992812219,28.2769991015274,9.904447439353099,9.437376460017969,8.742902066486971,
2009-04-03,39.368679712100764,28.281421502474135,9.902968960863697,9.442015294646874,8.747953216374269,
2009-04-04,39.35850225225225,28.284369369369365,9.901351351351352,9.444774774774775,8.753288288288289,
2009-04-05,39.34410239061795,28.29016689219666,9.899864682002706,9.449436175011277,8.758367162832657,
2009-04-06,39.33101851851851,28.29191508581752,9.899051490514905,9.454787714543812,8.764814814814814,
2009-04-07,39.32651105096978,28.28610735227785,9.899188092016239,9.463644564727108,8.766486242670275,
2009-04-08,39.319313063063056,28.283018018018016,9.899324324324324,9.471126126126126,8.769504504504505,
2009-04-09,39.313484030589294,28.28061178587494,9.900134952766532,9.478587494376967,8.769815564552406,
2009-04-10,39.301745495495496,28.28504504504504,9.89864864864865,9.481936936936936,8.77490990990991,
2009-04-11,39.301745495495496,28.28504504504504,9.89864864864865,9.481936936936936,8.77490990990991,
2009-04-12,39.28726883175462,28.290843482183128,9.89851150202977,9.48529544429409,8.78001804239964,
2009-04-13,39.27410794941282,28.293947606142723,9.897018970189702,9.4886630532972,8.787172538392051,
2009-04-14,39.27410794941282,28.293947606142723,9.897018970189702,9.4886630532972,8.787172538392051,
2009-04-15,39.26764772214704,28.29016689219666,9.897158322056834,9.496120884077582,8.790166892196662,
2009-04-16,39.26764772214704,28.29016689219666,9.897158322056834,9.496120884077582,8.790166892196662,
2009-04-17,39.25140956247181,28.29016689219666,9.897158322056834,9.505593143888136,8.796932792061344,
2009-04-18,39.25140956247181,28.29016689219666,9.897158322056834,9.505593143888136,8.796932792061344,
2009-04-19,39.23955510388437,28.293270099367657,9.897018970189702,9.508988256549232,8.802077687443541,
2009-04-20,39.226990049751244,28.293668023518766,9.896200814111262,9.513749434644957,8.809271822704659,
2009-04-21,39.222278681120144,28.29089882565492,9.896680216802167,9.518812104787715,8.811562782294489,
2009-04-22,39.21656517816869,28.28373928732521,9.8968200270636,9.527582318448353,8.814524131709517,
2009-04-23,39.21656517816869,28.28373928732521,9.8968200270636,9.527582318448353,8.814524131709517,
2009-04-24,39.20168019846639,28.28373928732521,9.894113667117727,9.537054578258909,8.822643211547136,
2009-04-25,39.20168019846639,28.28373928732521,9.894113667117727,9.537054578258909,8.822643211547136,
2009-04-26,39.188403342366755,28.286833785004514,9.893970189701896,9.540492321589882,8.827822944896116,
2009-04-27,39.17237675260063,28.289936680235183,9.893826322930801,9.545296246042515,8.835730438715514,
2009-04-28,39.17237675260063,28.289936680235183,9.893826322930801,9.545296246042515,8.835730438715514,
2009-04-29,39.16740063233966,28.286833785004514,9.893292682926829,9.552009936766034,8.836630532971997,
2009-04-30,39.16740063233966,28.286833785004514,9.893292682926829,9.552009936766034,8.836630532971997,
2009-05-01,39.15541610131162,28.289936680235183,9.89179104477612,9.55682948891904,8.841836273179556,
2009-05-02,39.15541610131162,28.289936680235183,9.89179104477612,9.55682948891904,8.841836273179556,
2009-05-03,39.140681612318836,28.29440670289855,9.89164402173913,9.560303442028985,8.848414855072464,
2009-05-04,39.127267573696145,28.296848072562355,9.891496598639456,9.56514739229025,8.855011337868481,
2009-05-05,39.12301856884058,28.29372735507246,9.890285326086957,9.571173007246376,8.857925724637681,
2009-05-06,39.11742424242424,28.289258254183622,9.889077340569878,9.579895974672095,8.859475350520126,
2009-05-07,39.11049006323396,28.28751129177958,9.890582655826558,9.585885275519422,8.861020776874435,
2009-05-08,39.096939927732606,28.28751129177958,9.887872628726287,9.594015356820234,8.867795844625112,
2009-05-09,39.085673903211216,28.291293532338305,9.885820895522388,9.596449570330167,8.873315241971959,
2009-05-10,39.07288269927536,28.29372735507246,9.884986413043478,9.599977355072463,8.879257246376811,
2009-05-11,39.05937641723356,28.296848072562355,9.8834693877551,9.604875283446711,8.885895691609978,
2009-05-12,39.05250226449275,28.296444746376807,9.883627717391304,9.609488224637682,8.888768115942028,
2009-05-13,39.04836047037539,28.293328810492987,9.882428765264585,9.615445499773857,8.890275893260968,
2009-05-14,39.0293645409317,28.293328810492987,9.883785617367707,9.626300316598824,8.897060153776572,
2009-05-15,39.02390469738031,28.292931345980122,9.886653116531164,9.630871725383921,8.897199638663054,
2009-05-16,39.02390469738031,28.292931345980122,9.886653116531164,9.630871725383921,8.897199638663054,
2009-05-17,39.02390469738031,28.292931345980122,9.886653116531164,9.630871725383921,8.897199638663054,
2009-05-18,39.02390469738031,28.292931345980122,9.886653116531164,9.630871725383921,8.897199638663054,
2009-05-19,39.02015110509698,28.288475417230487,9.887821380243572,9.636445647271087,8.898353631032927,
2009-05-20,39.014718468468466,28.28673423423423,9.889324324324324,9.640990990990991,8.899842342342343,
2009-05-21,39.014718468468466,28.28673423423423,9.889324324324324,9.640990990990991,8.899842342342343,
2009-05-22,39.014718468468466,28.28673423423423,9.889324324324324,9.640990990990991,8.899842342342343,
2009-05-23,39.00120658547587,28.288475417230487,9.887821380243572,9.64591790708164,8.906472710870545,
2009-05-24,38.98901309846432,28.288866305329716,9.887669376693767,9.650858175248418,8.913121047877146,
2009-05-25,38.98901309846432,28.288866305329716,9.887669376693767,9.650858175248418,8.913121047877146,
2009-05-26,38.98901309846432,28.288866305329716,9.887669376693767,9.650858175248418,8.913121047877146,
2009-05-27,38.982938655841224,28.285092467298146,9.88849797023004,9.657419936851602,8.915268380694632,
2009-05-28,38.982938655841224,28.285092467298146,9.88849797023004,9.657419936851602,8.915268380694632,
2009-05-29,38.96670049616599,28.285092467298146,9.88849797023004,9.66553901668922,8.922034280559314,
2009-05-30,38.96670049616599,28.285092467298146,9.88849797023004,9.66553901668922,8.922034280559314,
2009-05-31,38.955815266486,28.286833785004514,9.888346883468834,9.669150858175248,8.927348690153568,
2009-06-01,38.943543645409314,28.289936680235183,9.888195386702849,9.67277250113071,8.932677521483491,
2009-06-02,38.943543645409314,28.289936680235183,9.888195386702849,9.67277250113071,8.932677521483491,
2009-06-03,38.93752258355917,28.28547877145438,9.88970189701897,9.679313459801264,8.934801264679313,
2009-06-04,38.93752258355917,28.28547877145438,9.88970189701897,9.679313459801264,8.934801264679313,
2009-06-05,38.92522614201719,28.287222976028943,9.888195386702849,9.684305744007236,8.940140208050655,
2009-06-06,38.92522614201719,28.287222976028943,9.888195386702849,9.684305744007236,8.940140208050655,
2009-06-07,38.912896286231884,28.28897192028985,9.888043478260869,9.687952898550725,8.94549365942029,
2009-06-08,38.90053287981859,28.290725623582762,9.88721088435374,9.69297052154195,8.951541950113379,
2009-06-09,38.8965919384058,28.28489583333333,9.888722826086957,9.698822463768115,8.952966485507247,
2009-06-10,38.891304839439165,28.280438715513338,9.89158751696065,9.704658525554047,8.954387155133423,
2009-06-11,38.88738708220416,28.27599367660343,9.89579945799458,9.710478771454381,8.954448961156277,
2009-06-12,38.87112691960253,28.274638663053295,9.897154471544715,9.718608852755194,8.95986901535682,
2009-06-13,38.87112691960253,28.274638663053295,9.897154471544715,9.718608852755194,8.95986901535682,
2009-06-14,38.85874038896427,28.27840343735866,9.895658073270013,9.721619176843056,8.96592039800995,
2009-06-15,38.84767889492753,28.28285778985507,9.892798913043478,9.723958333333332,8.971308876811595,
2009-06-16,38.84381501582994,28.277725011307098,9.894979647218452,9.730438715513342,8.972026232473993,
2009-06-17,38.83860659439928,28.271251129177955,9.89850948509485,9.736901535682023,8.974096657633243,
2009-06-18,38.83476544880469,28.266824537663506,9.899999999999999,9.742670275146594,8.975484889490302,
2009-06-19,38.81963640469738,28.27260614272809,9.901219512195121,9.745031616982835,8.98087172538392,
2009-06-20,38.80867254635911,28.276639529624603,9.900271370420624,9.747535052012664,8.986001809136138,
2009-06-21,38.79482563405797,28.281091485507243,9.898777173913043,9.751268115942029,8.991417572463769,
2009-06-22,38.78230158730158,28.285555555555554,9.897278911564626,9.753650793650793,8.996848072562358,
2009-06-23,38.77852128623188,28.27973278985507,9.898777173913043,9.759420289855072,8.999569746376812,
2009-06-24,38.77475124378109,28.27121212121212,9.901628222523746,9.766530981456354,9.000927182270466,
2009-06-25,38.77475124378109,28.27121212121212,9.901628222523746,9.766530981456354,9.000927182270466,
2009-06-26,38.7557553143374,28.27121212121212,9.905698778833107,9.7760289461782,9.00635459068295,
2009-06-27,38.7557553143374,28.27121212121212,9.905698778833107,9.7760289461782,9.00635459068295,
2009-06-28,38.74319519927536,28.274298007246376,9.904211956521738,9.779800724637681,9.011798007246377,
2009-06-29,38.72924036281179,28.280113378684806,9.902721088435374,9.782222222222222,9.017256235827665,
2009-06-30,38.724173460144925,28.274298007246376,9.905570652173912,9.787952898550724,9.01995018115942,
2009-07-01,38.72047715965626,28.264427860696514,9.90841248303935,9.795024875621891,9.022636815920398,
2009-07-02,38.715435862691955,28.25729448961156,9.91260162601626,9.802077687443541,9.02396115627823,
2009-07-03,38.70053071364047,28.255939476061425,9.91260162601626,9.808852755194218,9.030736224028907,
2009-07-04,38.68655585707824,28.261714156490275,9.911126187245591,9.81266395296246,9.036205336951605,
2009-07-05,38.68655585707824,28.261714156490275,9.911126187245591,9.81266395296246,9.036205336951605,
2009-07-06,38.67390172101449,28.26410778985507,9.910326086956522,9.817164855072464,9.04236865942029,
2009-07-07,38.67390172101449,28.26410778985507,9.910326086956522,9.817164855072464,9.04236865942029,
2009-07-08,38.671630483943915,28.25425146992311,9.914518317503392,9.824197195838988,9.04231117141565,
2009-07-09,38.66801038843722,28.248486901535678,9.915989159891598,9.82985546522132,9.04496386630533,
2009-07-10,38.65670511080959,28.25153776571687,9.914518317503392,9.833695160560833,9.050452284034373,
2009-07-11,38.6442821557971,28.257042572463764,9.913858695652173,9.835643115942029,9.055683876811594,
2009-07-12,38.632233560090704,28.262154195011334,9.911700680272109,9.838480725623581,9.061541950113378,
2009-07-13,38.62083333333333,28.266598546775654,9.910217983651226,9.83962306993642,9.067075386012714,
2009-07-14,38.62083333333333,28.266598546775654,9.910217983651226,9.83962306993642,9.067075386012714,
2009-07-15,38.61726757369615,28.259433106575962,9.913061224489795,9.844603174603174,9.069024943310657,
2009-07-16,38.61726757369615,28.259433106575962,9.913061224489795,9.844603174603174,9.069024943310657,
2009-07-17,38.60230158730159,28.25603174603174,9.915782312925169,9.854126984126983,9.075147392290248,
2009-07-18,38.60230158730159,28.25603174603174,9.915782312925169,9.854126984126983,9.075147392290248,
2009-07-19,38.58949818346957,28.261830154405082,9.914305177111716,9.858015440508629,9.08069936421435,
2009-07-20,38.578024101864486,28.2662801273306,9.91282401091405,9.859185993633469,9.086266484765801,
2009-07-21,38.57519300635786,28.26046775658492,9.915667574931879,9.864146230699363,9.087511353315167,
2009-07-22,38.57168934240363,28.25331065759637,9.9178231292517,9.869773242630385,9.090113378684807,
2009-07-23,38.57168934240363,28.25331065759637,9.9178231292517,9.869773242630385,9.090113378684807,
2009-07-24,38.556723356009066,28.250589569160994,9.916462585034013,9.877936507936507,9.096916099773242,
2009-07-25,38.556723356009066,28.250589569160994,9.916462585034013,9.877936507936507,9.096916099773242,
2009-07-26,38.54385785649409,28.256380563124427,9.914986376021798,9.880495004541325,9.102497729336966,
2009-07-27,38.528910868576624,28.259458844929508,9.91418826739427,9.886471123237834,9.108776716689404,
2009-07-28,38.528910868576624,28.259458844929508,9.91418826739427,9.886471123237834,9.108776716689404,
2009-07-29,38.52614668483197,28.25297456857402,9.91634877384196,9.892075386012715,9.109990917347865,
2009-07-30,38.52270975056689,28.247188208616777,9.920544217687073,9.89766439909297,9.111201814058957,
2009-07-31,38.50843551316984,28.251612170753855,9.917711171662125,9.902974568574024,9.118165304268846,
2009-08-01,38.50843551316984,28.251612170753855,9.917711171662125,9.902974568574024,9.118165304268846,
2009-08-02,38.50843551316984,28.251612170753855,9.917711171662125,9.902974568574024,9.118165304268846,
2009-08-03,38.49344020009095,28.25741246020918,9.916234652114596,9.907617098681218,9.123783537971805,
2009-08-04,38.49344020009095,28.25741246020918,9.916234652114596,9.907617098681218,9.123783537971805,
2009-08-05,38.490043142597635,28.248206176203446,9.91975476839237,9.91387375113533,9.126339691189827,
2009-08-06,38.485294784580496,28.241065759637184,9.923945578231292,9.922154195011338,9.127528344671202,
2009-08-07,38.46760770975057,28.238344671201812,9.923945578231292,9.933038548752833,9.13297052154195,
2009-08-08,38.45571071752951,28.24439146230699,9.92125340599455,9.935535876475932,9.138873751135332,
2009-08-09,38.44166666666666,28.249158708503863,9.919781718963165,9.940222828558436,9.144520236471124,
2009-08-10,38.42860883424408,28.250182149362473,9.918306010928962,9.946288706739526,9.151548269581056,
2009-08-11,38.42860883424408,28.250182149362473,9.918306010928962,9.946288706739526,9.151548269581056,
2009-08-12,38.42597771714416,28.24233742610277,9.921145975443384,9.951136880400181,9.154070031832651,
2009-08-13,38.42403496821071,28.233832879200722,9.923978201634878,9.958015440508628,9.15386012715713,
2009-08-14,38.41097089586175,28.2368804001819,9.921145975443384,9.963415188722147,9.159527057753525,
2009-08-15,38.41097089586175,28.2368804001819,9.921145975443384,9.963415188722147,9.159527057753525,
2009-08-16,38.396505009107464,28.242668488160287,9.918306010928962,9.968829690346084,9.165209471766849,
2009-08-17,38.38336753305973,28.245736434108526,9.916826265389876,9.974259005927953,9.170907432740538,
2009-08-18,38.380794626593804,28.238570127504552,9.92103825136612,9.980441712204007,9.170673952641167,
2009-08-19,38.37822874033652,28.230741246020916,9.92387448840382,9.98524329240564,9.172487494315599,
2009-08-20,38.37822874033652,28.230741246020916,9.92387448840382,9.98524329240564,9.172487494315599,
2009-08-21,38.36390404729422,28.225284220100043,9.925920873124147,9.996839472487494,9.177944520236471,
2009-08-22,38.36390404729422,28.225284220100043,9.925920873124147,9.996839472487494,9.177944520236471,
2009-08-23,38.35073998178506,28.228324225865208,9.924453551912569,10.002299635701275,9.183652094717669,
2009-08-24,38.33639571948998,28.22149362477231,9.927868852459016,10.011862477231329,9.189799635701275,
2009-08-25,38.33639571948998,28.22149362477231,9.927868852459016,10.011862477231329,9.189799635701275,
2009-08-26,38.33389040472942,28.214370168258295,9.930695770804912,10.016621191450659,9.190904956798544,
2009-08-27,38.329348319709354,28.207266121707537,9.934877384196184,10.023410535876476,9.192007266121708,
2009-08-28,38.31572434150772,28.201816530426882,9.936239782016349,10.034309718437784,9.197456857402361,
2009-08-29,38.31572434150772,28.201816530426882,9.936239782016349,10.034309718437784,9.197456857402361,
2009-08-30,38.305241018644836,28.20345611641655,9.934788540245567,10.038449295134152,9.20318326512051,
2009-08-31,38.305241018644836,28.20345611641655,9.934788540245567,10.038449295134152,9.20318326512051,
2009-09-01,38.301419164396,28.196366939146227,9.939645776566758,10.043846503178928,9.203587647593098,
2009-09-02,38.297607709750565,28.189297052154192,9.941768707482993,10.04922902494331,9.205351473922903,
2009-09-03,38.29244791666667,28.184284420289853,9.944565217391304,10.054596920289855,9.207789855072464,
2009-09-04,38.278860960144925,28.17749094202898,9.944565217391304,10.06682518115942,9.214583333333334,
2009-09-05,38.278860960144925,28.17749094202898,9.944565217391304,10.06682518115942,9.214583333333334,
2009-09-06,38.266995464852606,28.179092970521538,9.94312925170068,10.07235827664399,9.22031746031746,
2009-09-07,38.25646003633061,28.180699364214348,9.941689373297002,10.076544050862852,9.226067211625795,
2009-09-08,38.25646003633061,28.180699364214348,9.941689373297002,10.076544050862852,9.226067211625795,
2009-09-09,38.25202947845805,28.17297052154195,9.94403628117914,10.080975056689343,9.230521541950113,
2009-09-10,38.247610960144925,28.165942028985505,9.946829710144927,10.086299818840581,9.234284420289855,
2009-09-11,38.23266530797101,28.16050724637681,9.946829710144927,10.097169384057972,9.242436594202898,
2009-09-12,38.22060090702948,28.16548752834467,9.944716553287982,10.099614512471655,9.247800453514738,
2009-09-13,38.20932107175295,28.168437783832875,9.943278837420527,10.103156221616713,9.253587647593097,
2009-09-14,38.19778308321964,28.169122328331056,9.942291950886766,10.108753979081401,9.259845384265574,
2009-09-15,38.19478882833787,28.161398728428697,9.945095367847411,10.112011807447775,9.263578564940962,
2009-09-16,38.191802721088436,28.154376417233557,9.946530612244898,10.115260770975057,9.266621315192744,
2009-09-17,38.1874660326087,28.150769927536228,9.947282608695652,10.119859601449276,9.269655797101448,
2009-09-18,38.17252038043478,28.14805253623188,9.945244565217392,10.129370471014493,9.279166666666667,
2009-09-19,38.17252038043478,28.14805253623188,9.945244565217392,10.129370471014493,9.279166666666667,
2009-09-20,38.17252038043478,28.14805253623188,9.945244565217392,10.129370471014493,9.279166666666667,
2009-09-21,38.16051020408163,28.150294784580495,9.943809523809524,10.134308390022676,9.284988662131518,
2009-09-22,38.1562160326087,28.144655797101446,9.945244565217392,10.138881340579712,9.287998188405796,
2009-09-23,38.15193351424694,28.141745816372676,9.946675712347353,10.142763455450023,9.288964269561284,
2009-09-24,38.15193351424694,28.141745816372676,9.946675712347353,10.142763455450023,9.288964269561284,
2009-09-25,38.13429443690637,28.139032112166436,9.945318860244234,10.152261420171868,9.298462234283129,
2009-09-26,38.13429443690637,28.139032112166436,9.945318860244234,10.152261420171868,9.298462234283129,
2009-09-27,38.13429443690637,28.139032112166436,9.945318860244234,10.152261420171868,9.298462234283129,
2009-09-28,38.12292798913043,28.140579710144923,9.94320652173913,10.15722373188406,9.30498188405797,
2009-09-29,38.12292798913043,28.140579710144923,9.94320652173913,10.15722373188406,9.30498188405797,
2009-09-30,38.12292798913043,28.140579710144923,9.94320652173913,10.15722373188406,9.30498188405797,
2009-10-01,38.12292798913043,28.140579710144923,9.94320652173913,10.15722373188406,9.30498188405797,
2009-10-02,38.10798233695652,28.133786231884052,9.94320652173913,10.166734601449276,9.315851449275362,
2009-10-03,38.10798233695652,28.133786231884052,9.94320652173913,10.166734601449276,9.315851449275362,
2009-10-04,38.09452380952381,28.136689342403624,9.94312925170068,10.172403628117914,9.320362811791382,
2009-10-05,38.081709809264304,28.138237965485917,9.941689373297002,10.177406902815623,9.327611262488647,
2009-10-06,38.081709809264304,28.138237965485917,9.941689373297002,10.177406902815623,9.327611262488647,
2009-10-07,38.07615646258503,28.129206349206346,9.942448979591836,10.183287981859412,9.33328798185941,
2009-10-08,38.070618206521736,28.122237318840575,9.943885869565218,10.18847373188406,9.338269927536231,
2009-10-09,38.0584693877551,28.125124716553284,9.94108843537415,10.194172335600907,9.344172335600906,
2009-10-10,38.045810626702995,28.129722979109896,9.939032697547685,10.197910990009083,9.350703905540417,
2009-10-11,38.033594815825374,28.132628467485215,9.937585266030014,10.203638017280584,9.355275125056844,
2009-10-12,38.021345628415304,28.135541894353366,9.936133879781421,10.209380692167578,9.361224954462658,
2009-10-13,38.021345628415304,28.135541894353366,9.936133879781421,10.209380692167578,9.361224954462658,
2009-10-14,38.01585948158254,28.124442928603905,9.937585266030014,10.216598453842657,9.366871305138698,
2009-10-15,38.01585948158254,28.124442928603905,9.937585266030014,10.216598453842657,9.366871305138698,
2009-10-16,38.000170532060025,28.118985902683033,9.936903137789905,10.226148249204185,9.377785356980445,
2009-10-17,38.000170532060025,28.118985902683033,9.936903137789905,10.226148249204185,9.377785356980445,
2009-10-18,38.000170532060025,28.118985902683033,9.936903137789905,10.226148249204185,9.377785356980445,
2009-10-19,37.98787568306011,28.119148451730414,9.93681693989071,10.231238615664846,9.384448998178506,
2009-10-20,37.98787568306011,28.119148451730414,9.93681693989071,10.231238615664846,9.384448998178506,
2009-10-21,37.9831173260573,28.108753979081396,9.938267394270122,10.23774442928604,9.3893815370623,
2009-10-22,37.9831173260573,28.108753979081396,9.938267394270122,10.23774442928604,9.3893815370623,
2009-10-23,37.96538199181446,28.100568440200085,9.939631650750341,10.247294224647568,9.403024101864483,
2009-10-24,37.96538199181446,28.100568440200085,9.939631650750341,10.247294224647568,9.403024101864483,
2009-10-25,37.96538199181446,28.100568440200085,9.939631650750341,10.247294224647568,9.403024101864483,
2009-10-26,37.95372267759563,28.102755009107465,9.93818306010929,10.252413479052825,9.409039162112931,
2009-10-27,37.95372267759563,28.102755009107465,9.93818306010929,10.252413479052825,9.409039162112931,
2009-10-28,37.94923829013188,28.093519781718964,9.94031377899045,10.257980900409278,9.413483401546157,
2009-10-29,37.94923829013188,28.093519781718964,9.94031377899045,10.257980900409278,9.413483401546157,
2009-10-30,37.9355957253297,28.085334242837654,9.94031377899045,10.266166439290586,9.424397453387904,
2009-10-31,37.9355957253297,28.085334242837654,9.94031377899045,10.266166439290586,9.424397453387904,
2009-11-01,37.9355957253297,28.085334242837654,9.94031377899045,10.266166439290586,9.424397453387904,
2009-11-02,37.923212659380695,28.0875,9.93954918032787,10.269945355191258,9.430441712204006,
2009-11-03,37.923212659380695,28.0875,9.93954918032787,10.269945355191258,9.430441712204006,
2009-11-04,37.91854251932697,28.078512960436562,9.943042291950887,10.273669849931787,9.434629376989541,
2009-11-05,37.91456630336058,28.070231607629427,9.9458446866485,10.27874659400545,9.438124432334241,
2009-11-06,37.90489995452479,28.07169167803547,9.943042291950887,10.283219645293316,9.444179172351069,
2009-11-07,37.893977686703096,28.075887978142074,9.941871584699454,10.286475409836065,9.449704007285975,
2009-11-08,37.88152074783402,28.07872777017784,9.940424076607387,10.290971272229822,9.45579115367077,
2009-11-09,37.871769406392694,28.08431506849315,9.937602739726028,10.294109589041096,9.460525114155251,
2009-11-10,37.871769406392694,28.08431506849315,9.937602739726028,10.294109589041096,9.460525114155251,
2009-11-11,37.867840857273144,28.07393980848153,9.94110807113543,10.29781121751026,9.46468308253534,
2009-11-12,37.867840857273144,28.07393980848153,9.94110807113543,10.29781121751026,9.46468308253534,
2009-11-13,37.854160966712264,28.069835841313267,9.94110807113543,10.304651162790698,9.472891016871865,
2009-11-14,37.854160966712264,28.069835841313267,9.94110807113543,10.304651162790698,9.472891016871865,
2009-11-15,37.84300228310502,28.07404109589041,9.938972602739726,10.308493150684932,9.478333333333333,
2009-11-16,37.83249885688157,28.077572016460906,9.936145404663923,10.313031550068587,9.483790580704161,
2009-11-17,37.83249885688157,28.077572016460906,9.936145404663923,10.313031550068587,9.483790580704161,
2009-11-18,37.82861872146119,28.067876712328765,9.939657534246574,10.316027397260275,9.487922374429225,
2009-11-19,37.82474920200638,28.058207934336526,9.942476060191519,10.319699042407661,9.492726858185135,
2009-11-20,37.81106931144551,28.05547195622435,9.942476060191519,10.326538987688098,9.50093479252166,
2009-11-21,37.81106931144551,28.05547195622435,9.942476060191519,10.326538987688098,9.50093479252166,
2009-11-22,37.80122146118721,28.059657534246575,9.938287671232876,10.331095890410959,9.505730593607305,
2009-11-23,37.791346593507086,28.066598079561043,9.934087791495198,10.335665294924555,9.509167809785094,
2009-11-24,37.791346593507086,28.066598079561043,9.934087791495198,10.335665294924555,9.509167809785094,
2009-11-25,37.78820776255708,28.057831050228305,9.936917808219178,10.33931506849315,9.512808219178083,
2009-11-26,37.78820776255708,28.057831050228305,9.936917808219178,10.33931506849315,9.512808219178083,
2009-11-27,37.77450913242009,28.057831050228305,9.93417808219178,10.344794520547945,9.521027397260275,
2009-11-28,37.77450913242009,28.057831050228305,9.93417808219178,10.344794520547945,9.521027397260275,
2009-11-29,37.76459762231367,28.063397347965246,9.92997256515775,10.3480109739369,9.525857338820302,
2009-11-30,37.75328525641026,28.067605311355308,9.92712912087912,10.352609890109889,9.532074175824176,
2009-12-01,37.75328525641026,28.067605311355308,9.92712912087912,10.352609890109889,9.532074175824176,
2009-12-02,37.75088020118884,28.058596250571554,9.930658436213992,10.354869684499313,9.53477366255144,
2009-12-03,37.73716278006401,28.059967992684037,9.930658436213992,10.361728395061728,9.540260631001372,
2009-12-04,37.725812728937726,28.066918498168494,9.927815934065935,10.364972527472528,9.545123626373627,
2009-12-05,37.725812728937726,28.066918498168494,9.927815934065935,10.364972527472528,9.545123626373627,
2009-12-06,37.715806969280145,28.071137093076565,9.92496561210454,10.368225584594223,9.55,
2009-12-07,37.70439623507805,28.078122130394853,9.92073002754821,10.372865013774105,9.553512396694215,
2009-12-08,37.70439623507805,28.078122130394853,9.92073002754821,10.372865013774105,9.553512396694215,
2009-12-09,37.7006762952774,28.06907381934892,9.92496561210454,10.375103163686383,9.55687757909216,
2009-12-10,37.7006762952774,28.06907381934892,9.92496561210454,10.375103163686383,9.55687757909216,
2009-12-11,37.68829665291151,28.068386061439703,9.924277854195322,10.381980742778541,9.56375515818432,
2009-12-12,37.67932736455464,28.073714416896234,9.921143250688706,10.38457300275482,9.56866391184573,
2009-12-13,37.669919540229884,28.077954022988507,9.918275862068965,10.388551724137931,9.574275862068966,
2009-12-14,37.65681609195402,28.075885057471265,9.920344827586208,10.39544827586207,9.581172413793103,
2009-12-15,37.65681609195402,28.075885057471265,9.920344827586208,10.39544827586207,9.581172413793103,
2009-12-16,37.65338613406795,28.067516069788798,9.923668503213957,10.397887970615244,9.584504132231405,
2009-12-17,37.65338613406795,28.067516069788798,9.923668503213957,10.397887970615244,9.584504132231405,
2009-12-18,37.646011494252875,28.070367816091952,9.919425287356322,10.402574712643679,9.58944827586207,
2009-12-19,37.646011494252875,28.070367816091952,9.919425287356322,10.402574712643679,9.58944827586207,
2009-12-20,37.635854051565374,28.075989871086556,9.91517034990792,10.407274401473297,9.594406077348067,
2009-12-21,37.623423112338855,28.070465009208103,9.916551565377532,10.414180478821363,9.59993093922652,
2009-12-22,37.623423112338855,28.070465009208103,9.916551565377532,10.414180478821363,9.59993093922652,
2009-12-23,37.618425287356324,28.064850574712644,9.919425287356322,10.416367816091954,9.603241379310345,
2009-12-24,37.618425287356324,28.064850574712644,9.919425287356322,10.416367816091954,9.603241379310345,
2009-12-25,37.60961095764272,28.06908379373849,9.91517034990792,10.42108655616943,9.6082182320442,
2009-12-26,37.60961095764272,28.06908379373849,9.91517034990792,10.42108655616943,9.6082182320442,
2009-12-27,37.60215537113877,28.073328722913786,9.912286768095896,10.424435223605348,9.61182572614108,
2009-12-28,37.58970723835869,28.071945597049332,9.910903642231442,10.429967727063163,9.618741355463348,
2009-12-29,37.58970723835869,28.071945597049332,9.910903642231442,10.429967727063163,9.618741355463348,
2009-12-30,37.58970723835869,28.071945597049332,9.910903642231442,10.429967727063163,9.618741355463348,
2009-12-31,37.58970723835869,28.071945597049332,9.910903642231442,10.429967727063163,9.618741355463348,
2010-01-01,37.58221375807941,28.074815327793168,9.906625115420129,10.433333333333334,9.62375346260388,
2010-01-02,37.58221375807941,28.074815327793168,9.906625115420129,10.433333333333334,9.62375346260388,
2010-01-03,37.57469949144706,28.079079981507167,9.903721682847896,10.436708275543227,9.62739251040222,
2010-01-04,37.56577546296296,28.08474537037037,9.900810185185184,10.441481481481482,9.629652777777778,
2010-01-05,37.56577546296296,28.08474537037037,9.900810185185184,10.441481481481482,9.629652777777778,
2010-01-06,37.56221682847897,28.076306056403144,9.905108645399908,10.443643088303283,9.631553398058253,
2010-01-07,37.56005309325946,28.072045244690674,9.908010156971375,10.444413665743307,9.632063711911357,
2010-01-08,37.55257743874249,28.076791493296344,9.904900601017106,10.447665279704115,9.635436893203885,
2010-01-09,37.55257743874249,28.076791493296344,9.904900601017106,10.447665279704115,9.635436893203885,
2010-01-10,37.54570601851852,28.082453703703703,9.900601851851851,10.450370370370372,9.63840277777778,
2010-01-11,37.5381200741771,28.08813166434863,9.896291145108949,10.45656003708855,9.640681502086231,
2010-01-12,37.5381200741771,28.08813166434863,9.896291145108949,10.45656003708855,9.640681502086231,
2010-01-13,37.53390046296297,28.080370370370368,9.901296296296296,10.457314814814815,9.643263888888889,
2010-01-14,37.53390046296297,28.080370370370368,9.901296296296296,10.457314814814815,9.643263888888889,
2010-01-15,37.525567129629636,28.078981481481478,9.899907407407408,10.461481481481483,9.648819444444445,
2010-01-16,37.525567129629636,28.078981481481478,9.899907407407408,10.461481481481483,9.648819444444445,
2010-01-17,37.525567129629636,28.078981481481478,9.899907407407408,10.461481481481483,9.648819444444445,
2010-01-18,37.515171534538716,28.081872971719978,9.89976819656931,10.467686601761708,9.653894297635606,
2010-01-19,37.50404496986556,28.080482151135833,9.902549837737599,10.473249884098285,9.659457579972184,
2010-01-20,37.50056712962964,28.07273148148148,9.908240740740741,10.473981481481482,9.661319444444445,
2010-01-21,37.50056712962964,28.07273148148148,9.908240740740741,10.473981481481482,9.661319444444445,
2010-01-22,37.492233796296304,28.07134259259259,9.90962962962963,10.47675925925926,9.666875000000001,
2010-01-23,37.492233796296304,28.07134259259259,9.90962962962963,10.47675925925926,9.666875000000001,
2010-01-24,37.492233796296304,28.07134259259259,9.90962962962963,10.47675925925926,9.666875000000001,
2010-01-25,37.48318266110339,28.074223458507184,9.906722299490033,10.482985628187299,9.67058414464534,
2010-01-26,37.48318266110339,28.074223458507184,9.906722299490033,10.482985628187299,9.67058414464534,
2010-01-27,37.47996527777778,28.06763888888889,9.911712962962962,10.48324074074074,9.672893518518519,
2010-01-28,37.47996527777778,28.06763888888889,9.911712962962962,10.48324074074074,9.672893518518519,
2010-01-29,37.47440972222223,28.06625,9.910324074074074,10.486018518518518,9.678449074074074,
2010-01-30,37.47440972222223,28.06625,9.910324074074074,10.486018518518518,9.678449074074074,
2010-01-31,37.47440972222223,28.06625,9.910324074074074,10.486018518518518,9.678449074074074,
2010-02-01,37.46533379694019,28.06912378303199,9.90602688919796,10.492257765414928,9.683565136764024,
2010-02-02,37.46533379694019,28.06912378303199,9.90602688919796,10.492257765414928,9.683565136764024,
2010-02-03,37.463298611111114,28.06277777777778,9.911712962962962,10.49087962962963,9.685393518518518,
2010-02-04,37.46126907073509,28.05991678224688,9.918770226537218,10.487424872861766,9.687216828478965,
2010-02-05,37.45635416666667,28.06138888888889,9.91587962962963,10.49087962962963,9.690949074074075,
2010-02-06,37.44641863699582,28.067454798331017,9.91381548446917,10.494343996291144,9.69399629114511,
2010-02-07,37.44641863699582,28.067454798331017,9.91381548446917,10.494343996291144,9.69399629114511,
2010-02-08,37.43868384401114,28.07033426183844,9.909517177344474,10.500603528319406,9.69914113277623,
2010-02-09,37.43868384401114,28.07033426183844,9.909517177344474,10.500603528319406,9.69914113277623,
2010-02-10,37.43529207232267,28.063977746870652,9.917292535929532,10.497821047751506,9.700950394065833,
2010-02-11,37.43529207232267,28.063977746870652,9.917292535929532,10.497821047751506,9.700950394065833,
2010-02-12,37.43032729805014,28.064066852367688,9.915784586815226,10.50129990714949,9.704712163416898,
2010-02-13,37.43032729805014,28.064066852367688,9.915784586815226,10.50129990714949,9.704712163416898,
2010-02-14,37.4239539748954,28.06694560669456,9.914272431427243,10.506183170618318,9.707089725708974,
2010-02-15,37.41546787709497,28.06913407821229,9.91205772811918,10.511778398510241,9.712267225325885,
2010-02-16,37.41546787709497,28.06913407821229,9.91205772811918,10.511778398510241,9.712267225325885,
2010-02-17,37.4120990237099,28.062064156206414,9.920548582054858,10.508275220827523,9.715457926545794,
2010-02-18,37.4120990237099,28.062064156206414,9.920548582054858,10.508275220827523,9.715457926545794,
2010-02-19,37.40512552301255,28.059274755927476,9.924732682473268,10.511064621106462,9.719642026964204,
2010-02-20,37.40512552301255,28.059274755927476,9.924732682473268,10.511064621106462,9.719642026964204,
2010-02-21,37.40512552301255,28.059274755927476,9.924732682473268,10.511064621106462,9.719642026964204,
2010-02-22,37.40010474860335,28.057960893854748,9.921834264432029,10.515968342644321,9.72483705772812,
2010-02-23,37.39954672245467,28.05160390516039,9.926824732682473,10.515946071594607,9.725918177591819,
2010-02-24,37.39550835654596,28.045264623955433,9.9338904363974,10.513834726090993,9.729085422469824,
2010-02-25,37.39550835654596,28.045264623955433,9.9338904363974,10.513834726090993,9.729085422469824,
2010-02-26,37.389937325905294,28.039693593314762,9.936675951717733,10.516620241411328,9.734656453110492,
2010-02-27,37.389937325905294,28.039693593314762,9.936675951717733,10.516620241411328,9.734656453110492,
2010-02-28,37.389937325905294,28.039693593314762,9.936675951717733,10.516620241411328,9.734656453110492,
2010-03-01,37.38158077994429,28.034122562674096,9.940854224698235,10.52079851439183,9.738834726090994,
2010-03-02,37.38158077994429,28.034122562674096,9.940854224698235,10.52079851439183,9.738834726090994,
2010-03-03,37.37757301808067,28.02712100139082,9.948585999072785,10.51937876680575,9.741284191006027,
2010-03-04,37.37565972222222,28.022916666666667,9.954212962962963,10.518657407407407,9.743032407407409,
2010-03-05,37.37565972222222,28.022916666666667,9.954212962962963,10.518657407407407,9.743032407407409,
2010-03-06,37.37270514603616,28.02086230876217,9.952063050533146,10.522160407974038,9.747542883634678,
2010-03-07,37.37270514603616,28.02086230876217,9.952063050533146,10.522160407974038,9.747542883634678,
2010-03-08,37.36765320334262,28.01949860724234,9.949210770659239,10.527762302692665,9.75345868152275,
2010-03-09,37.36765320334262,28.01949860724234,9.949210770659239,10.527762302692665,9.75345868152275,
2010-03-10,37.36227399165507,28.013908205841446,9.95623551228558,10.5256374594344,9.756583217431618,
2010-03-11,37.36227399165507,28.013908205841446,9.95623551228558,10.5256374594344,9.756583217431618,
2010-03-12,37.35810152990264,28.005563282336578,9.959712563745942,10.528419100602688,9.762841910060269,
2010-03-13,37.352332869080776,28.006963788300837,9.956731662024142,10.531383472609098,9.767664809656454,
2010-03-14,37.347245467224546,28.00557880055788,9.955276615527662,10.536308693630868,9.772222222222222,
2010-03-15,37.34633379888268,28.001396648044693,9.9524208566108,10.539851024208565,9.778887337057729,
2010-03-16,37.34633379888268,28.001396648044693,9.9524208566108,10.539851024208565,9.778887337057729,
2010-03-17,37.3423640167364,27.995118549511854,9.960158066015806,10.537006043700604,9.780590423059042,
2010-03-18,37.3423640167364,27.995118549511854,9.960158066015806,10.537006043700604,9.780590423059042,
2010-03-19,37.33817991631799,27.986750348675034,9.962947466294747,10.538400743840073,9.788958623895862,
2010-03-20,37.33585893854748,27.98254189944134,9.960102420856611,10.543342644320298,9.794250465549348,
2010-03-21,37.33585893854748,27.98254189944134,9.960102420856611,10.543342644320298,9.794250465549348,
2010-03-22,37.33353146853147,27.97902097902098,9.957948717948717,10.547599067599068,9.79955710955711,
2010-03-23,37.33353146853147,27.97902097902098,9.957948717948717,10.547599067599068,9.79955710955711,
2010-03-24,37.329341247672254,27.975093109869643,9.963594040968342,10.544972067039106,9.801699255121042,
2010-03-25,37.32469781496978,27.97233844723384,9.970618317061831,10.542817294281729,9.801975825197582,
2010-03-26,37.32330311483031,27.96257554625755,9.973407717340772,10.544211994421198,9.810344026034402,
2010-03-27,37.3209613594041,27.95833333333333,9.970577281191806,10.547765363128491,9.81566573556797,
2010-03-28,37.3209613594041,27.95833333333333,9.970577281191806,10.547765363128491,9.81566573556797,
2010-03-29,37.31721445221445,27.955477855477852,9.966340326340326,10.55132867132867,9.822400932400932,
2010-03-30,37.31258147113594,27.951350093109866,9.9719739292365,10.5463687150838,9.825442271880819,
2010-03-31,37.30935611343561,27.949325894932585,9.977591817759182,10.543514644351465,9.827080427708042,
2010-04-01,37.30935611343561,27.949325894932585,9.977591817759182,10.543514644351465,9.827080427708042,
2010-04-02,37.30699487895717,27.943668528864055,9.976163873370577,10.547067039106144,9.833822160148975,
2010-04-03,37.30462703962704,27.939393939393938,9.973333333333333,10.552027972027972,9.839184149184149,
2010-04-04,37.30462703962704,27.939393939393938,9.973333333333333,10.552027972027972,9.839184149184149,
2010-04-05,37.30015172735761,27.936507936507933,9.971195144724556,10.557002801120447,9.845261437908496,
2010-04-06,37.30015172735761,27.936507936507933,9.971195144724556,10.557002801120447,9.845261437908496,
2010-04-07,37.295536130536135,27.932400932400927,9.977529137529137,10.553426573426574,9.848275058275059,
2010-04-08,37.295536130536135,27.932400932400927,9.977529137529137,10.553426573426574,9.848275058275059,
2010-04-09,37.291748366013074,27.928104575163395,9.97609710550887,10.557002801120447,9.855065359477123,
2010-04-10,37.28935250116877,27.923796166432908,9.97466105656849,10.560589060308555,9.860472183263207,
2010-04-11,37.287020131086145,27.918843632958797,9.972588951310861,10.563623595505618,9.866736891385768,
2010-04-12,37.28461087669948,27.91310360993905,9.969737458977963,10.568635724331926,9.87358180965776,
2010-04-13,37.28461087669948,27.91310360993905,9.969737458977963,10.568635724331926,9.87358180965776,
2010-04-14,37.28210440074906,27.907607677902618,9.976802434456928,10.56502808988764,9.875866104868914,
2010-04-15,37.28210440074906,27.907607677902618,9.976802434456928,10.56502808988764,9.875866104868914,
2010-04-16,37.27929541198502,27.900585205992506,9.981015917602996,10.56502808988764,9.881484082397003,
2010-04-17,37.278281762775435,27.894819503047348,9.978176277543366,10.570042194092828,9.886943272386311,
2010-04-18,37.278281762775435,27.894819503047348,9.978176277543366,10.570042194092828,9.886943272386311,
2010-04-19,37.27444835680751,27.890446009389667,9.977441314553989,10.5743661971831,9.8931220657277,
2010-04-20,37.27444835680751,27.890446009389667,9.977441314553989,10.5743661971831,9.8931220657277,
2010-04-21,37.27195264885138,27.885677449601495,9.983802156586966,10.571448663853728,9.893975621190812,
2010-04-22,37.268761704119854,27.883029026217223,9.990847378277152,10.569241573033707,9.892720037453184,
2010-04-23,37.268761704119854,27.87460205992509,9.992251872659175,10.569241573033707,9.899742509363296,
2010-04-24,37.26632676980778,27.870206282231596,9.990834505391467,10.572855133614627,9.905227379278012,
2010-04-25,37.26632676980778,27.870206282231596,9.990834505391467,10.572855133614627,9.905227379278012,
2010-04-26,37.2624765258216,27.86298122065727,9.989413145539904,10.577887323943662,9.913544600938968,
2010-04-27,37.2624765258216,27.86298122065727,9.989413145539904,10.577887323943662,9.913544600938968,
2010-04-28,37.26023206751054,27.85965775902484,9.995288326300985,10.575199249882795,9.91390060947023,
2010-04-29,37.25705758426966,27.85704588014981,10.00372191011236,10.571582397003747,9.914021535580526,
2010-04-30,37.256012658227846,27.84981247069854,10.002320675105485,10.575199249882795,9.919526488513831,
2010-05-01,37.25214788732394,27.845375586854455,10.000915492957747,10.580234741784038,9.925046948356808,
2010-05-02,37.25214788732394,27.845375586854455,10.000915492957747,10.580234741784038,9.925046948356808,
2010-05-03,37.247566995768686,27.840926187118,10.000211565585332,10.584579219558064,9.931288199341797,
2010-05-04,37.247566995768686,27.840926187118,10.000211565585332,10.584579219558064,9.931288199341797,
2010-05-05,37.24299295774647,27.837629107981215,10.008661971830985,10.581643192488263,9.931384976525822,
2010-05-06,37.24299295774647,27.837629107981215,10.008661971830985,10.581643192488263,9.931384976525822,
2010-05-07,37.24051480959097,27.83175834508697,10.007263751763046,10.585284438175835,9.938340385519512,
2010-05-08,37.237535310734465,27.827919020715626,10.00593220338983,10.588653483992468,9.943903013182675,
2010-05-09,37.23362800565771,27.822017916077318,10.004526166902405,10.592314945780293,9.9494813767091,
2010-05-10,37.22970963172804,27.816100094428702,10.003116147308782,10.597403210576015,9.956491973559963,
2010-05-11,37.2265558698727,27.810702498821307,10.01018387553041,10.592314945780293,9.95938236680811,
2010-05-12,37.22199858757062,27.808145009416194,10.017231638418078,10.588653483992468,9.960852165725047,
2010-05-13,37.22199858757062,27.808145009416194,10.017231638418078,10.588653483992468,9.960852165725047,
2010-05-14,37.210699152542375,27.801082862523536,10.027118644067796,10.588653483992468,9.969326741996234,
2010-05-15,37.20675388967468,27.796558227251293,10.025742574257425,10.593729372937295,9.974941065535125,
2010-05-16,37.20563031161473,27.787771482530687,10.022946175637394,10.598819641170916,9.981987724268178,
2010-05-17,37.20563031161473,27.787771482530687,10.022946175637394,10.598819641170916,9.981987724268178,
2010-05-18,37.20563031161473,27.787771482530687,10.022946175637394,10.598819641170916,9.981987724268178,
2010-05-19,37.19756011315417,27.787364450730784,10.030693069306931,10.593729372937295,9.984134842055635,
2010-05-20,37.1916313559322,27.78766478342749,10.03912429378531,10.588653483992468,9.98415725047081,
2010-05-21,37.18880649717514,27.777777777777775,10.044774011299435,10.585828625235406,9.992631826741997,
2010-05-22,37.18880649717514,27.777777777777775,10.044774011299435,10.585828625235406,9.992631826741997,
2010-05-23,37.18880649717514,27.777777777777775,10.044774011299435,10.585828625235406,9.992631826741997,
2010-05-24,37.18880649717514,27.777777777777775,10.044774011299435,10.585828625235406,9.992631826741997,
2010-05-25,37.18880649717514,27.777777777777775,10.044774011299435,10.585828625235406,9.992631826741997,
2010-05-26,37.181017865538315,27.77738598965679,10.0524682651622,10.58194640338505,9.99452280206864,
2010-05-27,37.17512910798122,27.776291079812204,10.060845070422536,10.576901408450706,9.99593896713615,
2010-05-28,37.173965679360606,27.76751292900799,10.060930888575458,10.580535966149506,10.0029854254819,
2010-05-29,37.174211393596984,27.758709981167605,10.05960451977401,10.584180790960453,10.008639359698682,
2010-05-30,37.174211393596984,27.758709981167605,10.05960451977401,10.584180790960453,10.008639359698682,
2010-05-31,37.17304337576615,27.75129655822725,10.056859971711457,10.587835926449788,10.015723715228665,
2010-06-01,37.16291195856874,27.748822975517886,10.065254237288135,10.582768361581921,10.019938794726931,
2010-06-02,37.15492477668077,27.74917724494593,10.073624823695345,10.578420310296192,10.022026328161731,
2010-06-03,37.15492477668077,27.74917724494593,10.073624823695345,10.578420310296192,10.022026328161731,
2010-06-04,37.1492830277386,27.74071462153267,10.08067700987306,10.57700987306065,10.029078514339446,
2010-06-05,37.14808145009416,27.731873822975516,10.079378531073447,10.580649717514126,10.036181732580038,
2010-06-06,37.14808145009416,27.731873822975516,10.079378531073447,10.580649717514126,10.036181732580038,
2010-06-07,37.14687647336162,27.725129655822723,10.078076379066477,10.585007072135786,10.042597831211692,
2010-06-08,37.14687647336162,27.725129655822723,10.078076379066477,10.585007072135786,10.042597831211692,
2010-06-09,37.13960687382298,27.72339924670433,10.087146892655367,10.578531073446328,10.046068738229755,
2010-06-10,37.13960687382298,27.72339924670433,10.087146892655367,10.578531073446328,10.046068738229755,
2010-06-11,37.13094734367654,27.7251998119417,10.095486600846263,10.572073342736248,10.048824635637049,
2010-06-12,37.12971986817326,27.71633709981167,10.094915254237288,10.575706214689266,10.055955743879473,
2010-06-13,37.128488920320606,27.707449316360204,10.093635077793493,10.580763790664781,10.063107024988213,
2010-06-14,37.12725448536355,27.699952785646833,10.090934844192635,10.584419263456091,10.071694995278564,
2010-06-15,37.120002357378596,27.701791607732197,10.1007072135785,10.576520509193777,10.073008015087224,
2010-06-16,37.111358286252354,27.701506591337097,10.109745762711864,10.570056497175141,10.075023540489642,
2010-06-17,37.111358286252354,27.701506591337097,10.109745762711864,10.570056497175141,10.075023540489642,
2010-06-18,37.10555947343676,27.706158909261866,10.116643159379407,10.562200282087447,10.076328161730137,
2010-06-19,37.10434322033898,27.698870056497174,10.115348399246704,10.565536723163842,10.083451035781543,
2010-06-20,37.10434322033898,27.698870056497174,10.115348399246704,10.565536723163842,10.083451035781543,
2010-06-21,37.10166195190948,27.69207920792079,10.114097123998114,10.57057991513437,10.09064120697784,
2010-06-22,37.10166195190948,27.69207920792079,10.114097123998114,10.57057991513437,10.09064120697784,
2010-06-23,37.09375,27.692867231638417,10.123293314500941,10.56412429378531,10.092631826741997,
2010-06-24,37.09375,27.692867231638417,10.123293314500941,10.56412429378531,10.092631826741997,
2010-06-25,37.09375,27.692867231638417,10.123293314500941,10.56412429378531,10.092631826741997,
2010-06-26,37.092468175388966,27.683946251768035,10.122053276756247,10.567751060820367,10.10054219707685,
2010-06-27,37.092468175388966,27.683946251768035,10.122053276756247,10.567751060820367,10.10054219707685,
2010-06-28,37.08976628895184,27.6778328611898,10.120809726156752,10.572804532577903,10.107766761095373,
2010-06-29,37.08256718528996,27.676874115983026,10.131954266855258,10.563507779349363,10.109028760018859,
2010-06-30,37.07538841807909,27.678742937853105,10.140242467043315,10.557062146892655,10.111699623352166,
2010-07-01,37.06964033850494,27.682016925246824,10.149917724494594,10.54922425952045,10.111542078044193,
2010-07-02,37.06964033850494,27.682016925246824,10.149917724494594,10.54922425952045,10.111542078044193,
2010-07-03,37.066207627118644,27.673799435028247,10.149423258003766,10.554237288135592,10.119467984934087,
2010-07-04,37.066207627118644,27.673799435028247,10.149423258003766,10.554237288135592,10.119467984934087,
2010-07-05,37.062057991513434,27.66909476661952,10.148220179160774,10.55926449787836,10.126709099481376,
2010-07-06,37.062057991513434,27.66909476661952,10.148220179160774,10.55926449787836,10.126709099481376,
2010-07-07,37.05349576271186,27.66885593220339,10.15860404896422,10.55141242937853,10.128648775894538,
2010-07-08,37.05349576271186,27.66885593220339,10.15860404896422,10.55141242937853,10.128648775894538,
2010-07-09,37.049328147100425,27.66131541725601,10.158828382838283,10.555021216407354,10.137317303158888,
2010-07-10,37.04783994334278,27.65453257790368,10.15756610009443,10.558781869688385,10.14409820585458,
2010-07-11,37.04783994334278,27.65453257790368,10.15756610009443,10.558781869688385,10.14409820585458,
2010-07-12,37.04365248226951,27.648368794326238,10.156371158392435,10.563829787234043,10.151394799054373,
2010-07-13,37.04365248226951,27.648368794326238,10.156371158392435,10.563829787234043,10.151394799054373,
2010-07-14,37.03509206798867,27.650283286118977,10.166064683663834,10.555949008498583,10.152596789423985,
2010-07-15,37.0308865248227,27.642695035460992,10.164881796690308,10.560992907801419,10.159905437352245,
2010-07-16,37.025177053824365,27.648866855524076,10.171730406043437,10.553116147308781,10.159678942398488,
2010-07-17,37.02095744680851,27.641276595744678,10.172683215130023,10.557446808510639,10.16770685579196,
2010-07-18,37.02095744680851,27.641276595744678,10.172683215130023,10.557446808510639,10.16770685579196,
2010-07-19,37.01459517045455,27.635795454545452,10.17292850378788,10.563210227272727,10.175047348484847,
2010-07-20,37.00677304964539,27.641276595744678,10.18048463356974,10.557446808510639,10.174089834515366,
2010-07-21,36.99873701605288,27.64367327667611,10.190144003777148,10.549102927289896,10.174787535410765,
2010-07-22,36.99873701605288,27.64367327667611,10.190144003777148,10.549102927289896,10.174787535410765,
2010-07-23,36.99308109382367,27.647006129184348,10.199776049033474,10.541254125412541,10.174540311173974,
2010-07-24,36.98598914069877,27.64084041548631,10.201475448536355,10.546270066100094,10.182577903682718,
2010-07-25,36.98598914069877,27.64084041548631,10.201475448536355,10.546270066100094,10.182577903682718,
2010-07-26,36.97745862884161,27.636075650118205,10.201761229314421,10.552718676122932,10.189929078014185,
2010-07-27,36.97745862884161,27.636075650118205,10.201761229314421,10.552718676122932,10.189929078014185,
2010-07-28,36.968283758262515,27.637299338999057,10.212098677998112,10.545561850802644,10.191076487252124,
2010-07-29,36.968283758262515,27.637299338999057,10.212098677998112,10.545561850802644,10.191076487252124,
2010-07-30,36.968283758262515,27.637299338999057,10.212098677998112,10.545561850802644,10.191076487252124,
2010-07-31,36.95972813238771,27.63182033096927,10.214527186761229,10.550591016548465,10.198439716312055,
2010-08-01,36.95972813238771,27.63182033096927,10.214527186761229,10.550591016548465,10.198439716312055,
2010-08-02,36.94972774621212,27.62845643939394,10.214831912878788,10.557054924242424,10.205823863636363,
2010-08-03,36.94972774621212,27.62845643939394,10.214831912878788,10.557054924242424,10.205823863636363,
2010-08-04,36.94057919621749,27.6296926713948,10.224456264775414,10.550591016548465,10.206950354609928,
2010-08-05,36.93216477809254,27.634466477809255,10.234053352219075,10.542728989612844,10.206657223796034,
2010-08-06,36.93216477809254,27.634466477809255,10.234053352219075,10.542728989612844,10.206657223796034,
2010-08-07,36.92355791962175,27.630401891252955,10.235614657210402,10.547375886524824,10.213995271867612,
2010-08-08,36.91634706439394,27.627035984848487,10.234528882575757,10.55099431818182,10.22282196969697,
2010-08-09,36.908404457088665,27.62294926505453,10.235573731626364,10.556756756756757,10.230251303935514,
2010-08-10,36.908404457088665,27.62294926505453,10.235573731626364,10.556756756756757,10.230251303935514,
2010-08-11,36.89859138257576,27.624905303030303,10.24660274621212,10.549573863636365,10.231344696969698,
2010-08-12,36.89859138257576,27.624905303030303,10.24660274621212,10.549573863636365,10.231344696969698,
2010-08-13,36.8856448553817,27.62294926505453,10.248376007586534,10.55462304409673,10.240208629682314,
2010-08-14,36.87551044634378,27.619563152896486,10.250154320987654,10.55968660968661,10.24767331433998,
2010-08-15,36.87551044634378,27.619563152896486,10.250154320987654,10.55968660968661,10.24767331433998,
2010-08-16,36.87551044634378,27.619563152896486,10.250154320987654,10.55968660968661,10.24767331433998,
2010-08-17,36.867152678994785,27.625794215267902,10.259755808440019,10.553200568990043,10.245187292555714,
2010-08-18,36.85881865530303,27.62632575757576,10.271460700757576,10.545312500000001,10.245549242424243,
2010-08-19,36.85881865530303,27.62632575757576,10.271460700757576,10.545312500000001,10.245549242424243,
2010-08-20,36.83751183712121,27.630587121212123,10.282824337121212,10.541051136363636,10.252651515151515,
2010-08-21,36.82447842579422,27.62863916548127,10.284649122807018,10.546088193456615,10.260123281175913,
2010-08-22,36.82447842579422,27.62863916548127,10.284649122807018,10.546088193456615,10.260123281175913,
2010-08-23,36.812832383665715,27.626685660018996,10.286479107312442,10.551139601139601,10.267616334283002,
2010-08-24,36.812832383665715,27.626685660018996,10.286479107312442,10.551139601139601,10.267616334283002,
2010-08-25,36.80385253674727,27.626505452821245,10.298873873873875,10.544665718349929,10.267946894262684,
2010-08-26,36.80385253674727,27.626505452821245,10.298873873873875,10.544665718349929,10.267946894262684,
2010-08-27,36.79844933712121,27.63129734848485,10.306972064393939,10.536789772727273,10.267566287878788,
2010-08-28,36.78536036036036,27.6307728781413,10.31025367472736,10.540398293029872,10.275059269796111,
2010-08-29,36.77365859449193,27.628822412155746,10.312120132953467,10.545441595441597,10.282573599240266,
2010-08-30,36.77365859449193,27.628822412155746,10.312120132953467,10.545441595441597,10.282573599240266,
2010-08-31,36.77365859449193,27.628822412155746,10.312120132953467,10.545441595441597,10.282573599240266,
2010-09-01,36.765445708866764,27.630061640587957,10.323767188240872,10.538975817923188,10.281460407776198,
2010-09-02,36.758676609848486,27.633428030303033,10.33325047348485,10.531107954545455,10.281060606060606,
2010-09-03,36.748376007586536,27.630061640587957,10.333724513987672,10.536130867709815,10.289995258416312,
2010-09-04,36.73519705603039,27.629534662867997,10.337048907882242,10.541168091168093,10.297530864197531,
2010-09-05,36.73519705603039,27.629534662867997,10.337048907882242,10.541168091168093,10.297530864197531,
2010-09-06,36.72554683785069,27.626153114598193,10.338956252971945,10.546932952924395,10.305087969567285,
2010-09-07,36.72554683785069,27.626153114598193,10.338956252971945,10.546932952924395,10.305087969567285,
2010-09-08,36.71739078822412,27.624548907882243,10.352718423551757,10.53974358974359,10.305365622032289,
2010-09-09,36.71739078822412,27.624548907882243,10.352718423551757,10.53974358974359,10.305365622032289,
2010-09-10,36.6988722697056,27.627397910731247,10.36411443494777,10.536894586894588,10.312488129154795,
2010-09-11,36.68703043271517,27.625772705658584,10.365917736566809,10.541226818830243,10.32001902044698,
2010-09-12,36.68703043271517,27.625772705658584,10.365917736566809,10.541226818830243,10.32001902044698,
2010-09-13,36.67658333333333,27.622380952380954,10.366440476190476,10.547714285714287,10.327619047619047,
2010-09-14,36.67658333333333,27.622380952380954,10.366440476190476,10.547714285714287,10.327619047619047,
2010-09-15,36.667772230147406,27.620066571564433,10.380183071802188,10.540513552068475,10.328578221588208,
2010-09-16,36.667772230147406,27.620066571564433,10.380183071802188,10.540513552068475,10.328578221588208,
2010-09-17,36.64851402757965,27.620779838326204,10.392308606752259,10.537660485021398,10.334997622444128,
2010-09-18,36.635154761904765,27.620238095238097,10.395726190476191,10.542714285714286,10.342619047619047,
2010-09-19,36.635154761904765,27.620238095238097,10.395726190476191,10.542714285714286,10.342619047619047,
2010-09-20,36.62390319504053,27.617548879351457,10.397007629947543,10.549213161659514,10.350262279446829,
2010-09-21,36.61801190476191,27.620238095238097,10.408583333333333,10.543428571428572,10.346904761904762,
2010-09-22,36.60857108892059,27.616500237755588,10.425118877793627,10.536233951497861,10.347123157394199,
2010-09-23,36.60857108892059,27.616500237755588,10.425118877793627,10.536233951497861,10.347123157394199,
2010-09-24,36.58859961959106,27.617926771279127,10.440810746552543,10.531954350927247,10.35282929148835,
2010-09-25,36.57658333333333,27.615952380952383,10.441440476190476,10.537,10.36190476190476,
2010-09-26,36.57658333333333,27.615952380952383,10.441440476190476,10.537,10.36190476190476,
2010-09-27,36.57658333333333,27.615952380952383,10.441440476190476,10.537,10.36190476190476,
2010-09-28,36.57658333333333,27.615952380952383,10.441440476190476,10.537,10.36190476190476,
2010-09-29,36.567201616738,27.614360437470282,10.457215882073228,10.529814550641941,10.361388492629576,
2010-09-30,36.567201616738,27.614360437470282,10.457215882073228,10.529814550641941,10.361388492629576,
2010-10-01,36.560695631528965,27.617046533713204,10.468672839506173,10.521937321937322,10.360161443494777,
2010-10-02,36.548656680932005,27.616500237755588,10.472194484070375,10.525534950071327,10.367807893485496,
2010-10-03,36.548656680932005,27.616500237755588,10.472194484070375,10.525534950071327,10.367807893485496,
2010-10-04,36.5380119047619,27.61452380952381,10.472869047619048,10.529142857142858,10.376904761904761,
2010-10-05,36.5380119047619,27.61452380952381,10.472869047619048,10.529142857142858,10.376904761904761,
2010-10-06,36.530111745126014,27.611507370423208,10.48931288635283,10.521968616262482,10.375653827864955,
2010-10-07,36.52365859449193,27.610636277302945,10.502860873694207,10.514102564102565,10.376543209876543,
2010-10-08,36.52365859449193,27.610636277302945,10.502860873694207,10.514102564102565,10.376543209876543,
2010-10-09,36.511887779362816,27.60915359010937,10.504362815026154,10.517261055634808,10.384783642415597,
2010-10-10,36.511887779362816,27.60915359010937,10.504362815026154,10.517261055634808,10.384783642415597,
2010-10-11,36.499761904761904,27.607166666666668,10.505083333333333,10.522285714285715,10.393904761904762,
2010-10-12,36.499761904761904,27.607166666666668,10.505083333333333,10.522285714285715,10.393904761904762,
2010-10-13,36.476190476190474,27.60145238095238,10.52722619047619,10.517285714285714,10.403904761904762,
2010-10-14,36.4625655698617,27.598020982355745,10.53227229375298,10.522317596566523,10.411635670004769,
2010-10-15,36.44253695755842,27.598020982355745,10.55087029089175,10.51659513590844,10.418788745827372,
2010-10-16,36.44253695755842,27.598020982355745,10.55087029089175,10.51659513590844,10.418788745827372,
2010-10-17,36.44253695755842,27.598020982355745,10.55087029089175,10.51659513590844,10.418788745827372,
2010-10-18,36.42884431709646,27.595296084049664,10.554524832855778,10.523065902578796,10.426552053486152,
2010-10-19,36.42884431709646,27.595296084049664,10.554524832855778,10.523065902578796,10.426552053486152,
2010-10-20,36.42036242250834,27.592536957558412,10.571614210777302,10.514926084883166,10.42618025751073,
2010-10-21,36.42036242250834,27.592536957558412,10.571614210777302,10.514926084883166,10.42618025751073,
2010-10-22,36.39890319504053,27.592536957558412,10.58878159275155,10.513495469718645,10.430472103004293,
2010-10-23,36.38085004775549,27.59195319961795,10.592490448901623,10.518529130850048,10.439684813753582,
2010-10-24,36.36417981826877,27.591367766618838,10.594775227164037,10.523577235772358,10.448923959827834,
2010-10-25,36.36417981826877,27.591367766618838,10.594775227164037,10.523577235772358,10.448923959827834,
2010-10-26,36.34746168582375,27.590780651340992,10.598503352490422,10.530076628352491,10.455316091954023,
2010-10-27,36.33978957436633,27.588020086083212,10.614383070301292,10.522142515542802,10.454662840746055,
2010-10-28,36.33978957436633,27.588020086083212,10.614383070301292,10.522142515542802,10.454662840746055,
2010-10-29,36.33978957436633,27.588020086083212,10.614383070301292,10.522142515542802,10.454662840746055,
2010-10-30,36.32159961685824,27.587428160919536,10.618139367816093,10.528639846743294,10.4625,
2010-10-31,36.32159961685824,27.587428160919536,10.618139367816093,10.528639846743294,10.4625,
2010-11-01,36.3083932853717,27.585395683453235,10.621187050359712,10.533717026378897,10.470359712230216,
2010-11-02,36.29154658981748,27.58623919308357,10.624963976945246,10.5388088376561,10.476801152737753,
2010-11-03,36.28321342925659,27.581079136690647,10.642769784172662,10.530119904076738,10.477553956834534,
2010-11-04,36.27705938697318,27.580244252873563,10.659087643678161,10.522174329501915,10.47543103448276,
2010-11-05,36.263069544364505,27.57964028776978,10.662913669064748,10.527242206235012,10.478992805755396,
2010-11-06,36.246229586935634,27.58018731988473,10.666606628242075,10.531532180595581,10.487031700288185,
2010-11-07,36.246229586935634,27.58018731988473,10.666606628242075,10.531532180595581,10.487031700288185,
2010-11-08,36.246229586935634,27.58018731988473,10.666606628242075,10.531532180595581,10.487031700288185,
2010-11-09,36.23359788359788,27.581024531024532,10.670454545454545,10.536628186628187,10.48917748917749,
2010-11-10,36.22677713736791,27.577305475504325,10.686779538904899,10.529370797310278,10.488472622478387,
2010-11-11,36.22677713736791,27.577305475504325,10.686779538904899,10.529370797310278,10.488472622478387,
2010-11-12,36.220695443645084,27.576474820143886,10.702338129496402,10.521414868105515,10.48705035971223,
2010-11-13,36.202281460134486,27.578746397694527,10.707672910662824,10.527929875120076,10.489193083573488,
2010-11-14,36.18066762728146,27.577305475504325,10.727845821325648,10.525048030739674,10.494956772334294,
2010-11-15,36.16866281866282,27.57813852813853,10.730339105339105,10.53013468013468,10.497835497835498,
2010-11-16,36.148460798460796,27.576695526695527,10.749098124098124,10.527248677248677,10.4992784992785,
2010-11-17,36.14392411143131,27.570100864553318,10.765309798270893,10.519284341978866,10.5,
2010-11-18,36.14392411143131,27.570100864553318,10.765309798270893,10.519284341978866,10.5,
2010-11-19,36.128258778258775,27.572366522366526,10.770743145743145,10.525805675805676,10.4992784992785,
2010-11-20,36.128258778258775,27.572366522366526,10.770743145743145,10.525805675805676,10.4992784992785,
2010-11-21,36.110942760942756,27.57092352092352,10.788059163059163,10.524362674362674,10.4992784992785,
2010-11-22,36.110942760942756,27.57092352092352,10.788059163059163,10.524362674362674,10.4992784992785,
2010-11-23,36.099542389210015,27.5731936416185,10.790643063583815,10.529455684007708,10.498554913294798,
2010-11-24,36.09506974506974,27.569119769119773,10.80501443001443,10.522198172198172,10.497113997113997,
2010-11-25,36.09506974506974,27.569119769119773,10.80501443001443,10.522198172198172,10.497113997113997,
2010-11-26,36.085091522157995,27.569942196531795,10.809067919075144,10.527288053949903,10.496387283236995,
2010-11-27,36.069295706705255,27.572214182344432,10.81458031837916,10.533839845634347,10.497105643994212,
2010-11-28,36.05482392667631,27.567872648335747,10.833393632416787,10.532392667631452,10.494211287988422,
2010-11-29,36.04330917874396,27.568695652173915,10.836050724637682,10.537512077294686,10.497826086956522,
2010-11-30,36.033212385099176,27.568069666182875,10.840166908563136,10.542646347363329,10.497097242380262,
2010-12-01,36.03026570048309,27.560000000000002,10.856340579710144,10.534613526570048,10.496376811594203,
2010-12-02,36.02443318861553,27.55918958031838,10.87102026049204,10.526603955619874,10.495658465991317,
2010-12-03,36.02150770712909,27.558381502890175,10.884212427745664,10.51861753371869,10.49349710982659,
2010-12-04,36.0070670525808,27.55918958031838,10.889833574529668,10.523709599614085,10.494211287988422,
2010-12-05,35.99548962855764,27.554848046309697,10.905752532561506,10.519368065605402,10.492764109985528,
2010-12-06,35.9853381642512,27.555652173913046,10.909963768115942,10.524468599033817,10.490579710144928,
2010-12-07,35.9751572327044,27.556458635703923,10.914187227866472,10.529583938074504,10.488388969521045,
2010-12-08,35.972294685990335,27.54985507246377,10.928804347826087,10.520120772946859,10.48768115942029,
2010-12-09,35.972294685990335,27.54985507246377,10.928804347826087,10.520120772946859,10.48768115942029,
2010-12-10,35.95461352657004,27.55072463768116,10.94590579710145,10.515772946859903,10.488840579710144,
2010-12-11,35.94221093372036,27.55152394775036,10.950181422351234,10.520875665215287,10.48955007256894,
2010-12-12,35.932051282051276,27.548621190130625,10.964695210449928,10.51797290759555,10.486647314949202,
2010-12-13,35.92177810077519,27.55014534883721,10.967550872093023,10.523086240310077,10.485901162790698,
2010-12-14,35.92177810077519,27.55014534883721,10.967550872093023,10.523086240310077,10.485901162790698,
2010-12-15,35.918988872762455,27.54499274310595,10.980660377358491,10.513618771165941,10.486647314949202,
2010-12-16,35.91475845410628,27.544202898550726,10.993731884057972,10.505628019323671,10.484492753623188,
2010-12-17,35.91198745779064,27.544862518089726,11.005318379160636,10.497660395561986,10.482344428364689,
2010-12-18,35.90026570048309,27.545652173913044,11.009673913043478,10.502729468599034,10.48159420289855,
2010-12-19,35.88867149758454,27.542753623188407,11.027065217391305,10.499830917874396,10.478695652173913,
2010-12-20,35.87980164489598,27.54499274310595,11.03000725689405,10.503459119496855,10.476487663280116,
2010-12-21,35.87780193236715,27.543115942028987,11.041195652173913,10.49475845410628,10.475072463768116,
2010-12-22,35.87780193236715,27.543115942028987,11.041195652173913,10.49475845410628,10.475072463768116,
2010-12-23,35.87780193236715,27.543115942028987,11.041195652173913,10.49475845410628,10.475072463768116,
2010-12-24,35.87780193236715,27.543115942028987,11.041195652173913,10.49475845410628,10.475072463768116,
2010-12-25,35.866739235607156,27.54535558780842,11.04633526850508,10.499104983067246,10.472859216255443,
2010-12-26,35.854402515723265,27.544629898403482,11.062300435413643,10.496927914852442,10.469956458635703,
2010-12-27,35.845469961240305,27.543968023255815,11.06529796511628,10.500557170542635,10.472093023255814,
2010-12-28,35.84279148524431,27.540275761973874,11.078265602322206,10.489671020803096,10.472859216255443,
2010-12-29,35.84279148524431,27.540275761973874,11.078265602322206,10.489671020803096,10.472859216255443,
2010-12-30,35.84279148524431,27.540275761973874,11.078265602322206,10.489671020803096,10.472859216255443,
2010-12-31,35.83238856589147,27.53815406976744,11.082739825581395,10.494743217054264,10.473546511627907,
2011-01-01,35.8234109655507,27.537481804949053,11.0886826783115,10.499830179524503,10.471324599708879,
2011-01-02,35.815136054421764,27.536078717201168,11.092456268221575,10.504931972789116,10.470553935860059,
2011-01-03,35.806107055961064,27.533941605839416,11.09551094890511,10.508588807785888,10.472700729927007,
2011-01-04,35.79296836982968,27.52664233576642,11.11448905109489,10.504209245742093,10.474160583941606,
2011-01-05,35.79296836982968,27.52664233576642,11.11448905109489,10.504209245742093,10.474160583941606,
2011-01-06,35.79327016520894,27.524416909620992,11.125983965014578,10.494727891156462,10.47201166180758,
2011-01-07,35.78428223844282,27.523065693430656,11.130547445255475,10.498807785888078,10.471605839416059,
2011-01-08,35.77519493177388,27.519444444444442,11.135124269005848,10.503923001949317,10.47375730994152,
2011-01-09,35.76496101364523,27.51505847953216,11.154130116959065,10.50099902534113,10.470833333333333,
2011-01-10,35.754367984382625,27.512884333821376,11.157284040995608,10.504660810151293,10.474450951683748,
2011-01-11,35.754367984382625,27.512884333821376,11.157284040995608,10.504660810151293,10.474450951683748,
2011-01-12,35.75326510721248,27.509210526315787,11.171673976608188,10.493689083820662,10.472295321637427,
2011-01-13,35.74265495363592,27.507027818448023,11.177781844802343,10.497340165934602,10.474450951683748,
2011-01-14,35.73255246461689,27.50710102489019,11.192349926793558,10.493167398731089,10.471303074670573,
2011-01-15,35.73255246461689,27.50710102489019,11.192349926793558,10.493167398731089,10.471303074670573,
2011-01-16,35.72230356271352,27.500512445095165,11.208455344070279,10.49023914104441,10.470571010248904,
2011-01-17,35.71163245356794,27.496847507331378,11.21315982404692,10.493890518084067,10.474193548387097,
2011-01-18,35.70019579050416,27.49596182085169,11.218318649045521,10.497846304454233,10.47474302496329,
2011-01-19,35.70063538611925,27.4908357771261,11.231195014662758,10.488318670576735,10.47258064516129,
2011-01-20,35.68991678903573,27.487151248164466,11.237408223201175,10.491972589329416,10.476211453744494,
2011-01-21,35.6781693587861,27.484214390602055,11.255029368575624,10.487567302985804,10.473274596182085,
2011-01-22,35.6781693587861,27.484214390602055,11.255029368575624,10.487567302985804,10.473274596182085,
2011-01-23,35.66715614292707,27.477606461086637,11.272650513950074,10.485364659813998,10.472540381791484,
2011-01-24,35.654894762604016,27.472026431718064,11.28946402349486,10.481693587860988,10.472760646108664,
2011-01-25,35.64241311796378,27.466886930983847,11.305616740088105,10.479490944689182,10.472026431718064,
2011-01-26,35.64440371456501,27.46033724340176,11.318365102639296,10.469990224828933,10.469868035190617,
2011-01-27,35.63507097405776,27.45367107195301,11.323237885462555,10.47508565834557,10.473494860499267,
2011-01-28,35.63560606060606,27.45300586510264,11.33449413489736,10.467057673509286,10.469868035190617,
2011-01-29,35.62626040137054,27.444860499265786,11.340859030837004,10.472883015173764,10.472760646108664,
2011-01-30,35.61818404307391,27.436784140969163,11.35701174743025,10.468844836025452,10.473127753303967,
2011-01-31,35.60990196078431,27.428088235294116,11.36327205882353,10.473946078431371,10.476102941176471,
2011-02-01,35.6027000490918,27.417673048600882,11.369698085419735,10.479062346588119,10.479749631811487,
2011-02-02,35.60328431372549,27.409705882352938,11.383860294117648,10.471004901960784,10.477573529411766,
2011-02-03,35.594460784313725,27.396470588235292,11.40077205882353,10.468799019607843,10.479044117647058,
2011-02-04,35.58524791359843,27.3879234167894,11.407106038291605,10.47427589592538,10.482326951399116,
2011-02-05,35.58524791359843,27.3879234167894,11.407106038291605,10.47427589592538,10.482326951399116,
2011-02-06,35.584387254901955,27.387352941176474,11.415330882352942,10.466225490196077,10.481617647058824,
2011-02-07,35.575675012272946,27.37982326951399,11.421833578792342,10.46985763377516,10.484536082474227,
2011-02-08,35.575675012272946,27.37982326951399,11.421833578792342,10.46985763377516,10.484536082474227,
2011-02-09,35.57629901960784,27.371911764705885,11.434448529411766,10.461813725490195,10.483823529411765,
2011-02-10,35.57629901960784,27.371911764705885,11.434448529411766,10.461813725490195,10.483823529411765,
2011-02-11,35.576921194322075,27.371365638766523,11.44262114537445,10.45379344101811,10.481644640234949,
2011-02-12,35.576921194322075,27.371365638766523,11.44262114537445,10.45379344101811,10.481644640234949,
2011-02-13,35.57471855115027,27.358883994126288,11.458773861967694,10.447919725893293,10.482378854625551,
2011-02-14,35.57178169358786,27.34566813509545,11.47492657856094,10.44351443954968,10.483847283406755,
2011-02-15,35.57178169358786,27.34566813509545,11.47492657856094,10.44351443954968,10.483847283406755,
2011-02-16,35.57240957966764,27.337829912023462,11.485960410557185,10.43553274682307,10.484604105571847,
2011-02-17,35.57240957966764,27.337829912023462,11.485960410557185,10.43553274682307,10.484604105571847,
2011-02-18,35.572303562713515,27.33513909224012,11.496229868228404,10.427574426549535,10.48243045387994,
2011-02-19,35.57167644183773,27.32536656891496,11.501356304985338,10.426735092864124,10.486070381231672,
2011-02-20,35.57021016617791,27.312170087976543,11.517485337243402,10.422336265884653,10.486070381231672,
2011-02-21,35.57021016617791,27.312170087976543,11.517485337243402,10.422336265884653,10.486070381231672,
2011-02-22,35.57021016617791,27.312170087976543,11.517485337243402,10.422336265884653,10.486070381231672,
2011-02-23,35.57083943387018,27.309882869692537,11.525878477306003,10.415495363591996,10.483528550512444,
2011-02-24,35.570004873294344,27.309429824561406,11.53388157894737,10.409039961013644,10.479897660818713,
2011-02-25,35.570632603406324,27.31189781021898,11.538941605839417,10.401143552311435,10.477737226277373,
2011-02-26,35.570004873294344,27.302119883040938,11.544115497076024,10.400268031189084,10.481359649122806,
2011-02-27,35.56854288499025,27.293347953216376,11.555811403508772,10.39442007797271,10.4828216374269,
2011-02-28,35.563518789653486,27.283528550512447,11.562481698389458,10.399389946315274,10.484992679355784,
2011-03-01,35.563518789653486,27.283528550512447,11.562481698389458,10.399389946315274,10.484992679355784,
2011-03-02,35.56123294346978,27.28311403508772,11.568969298245614,10.391496101364522,10.484283625730994,
2011-03-03,35.56123294346978,27.28311403508772,11.568969298245614,10.391496101364522,10.484283625730994,
2011-03-04,35.56123294346978,27.28311403508772,11.568969298245614,10.391496101364522,10.484283625730994,
2011-03-05,35.56059053196681,27.27327964860908,11.574194729136165,10.392069302098584,10.486456808199122,
2011-03-06,35.55473401659346,27.26595900439239,11.584443631039532,10.389141044411907,10.48792093704246,
2011-03-07,35.55114858260019,27.25461876832845,11.59116568914956,10.392644183773216,10.491568914956012,
2011-03-08,35.55114858260019,27.25461876832845,11.59116568914956,10.392644183773216,10.491568914956012,
2011-03-09,35.55180575890678,27.252781844802346,11.597620790629575,10.384748657881893,10.490849194729137,
2011-03-10,35.54741337237677,27.243997071742317,11.607869692532944,10.380356271351879,10.493777452415813,
2011-03-11,35.548216031280546,27.234090909090913,11.611693548387096,10.382380254154446,10.495967741935484,
2011-03-12,35.54799314733235,27.22474302496329,11.616042584434656,10.383235438081254,10.498825256975039,
2011-03-13,35.545056289769946,27.215932452276064,11.626321585903085,10.378830151737642,10.500293685756242,
2011-03-14,35.545056289769946,27.215932452276064,11.626321585903085,10.378830151737642,10.500293685756242,
2011-03-15,35.545056289769946,27.215932452276064,11.626321585903085,10.378830151737642,10.500293685756242,
2011-03-16,35.545967741935485,27.215615835777125,11.632734604105572,10.372165200391006,10.49809384164223,
2011-03-17,35.545967741935485,27.215615835777125,11.632734604105572,10.372165200391006,10.49809384164223,
2011-03-18,35.54516837481698,27.21676427525622,11.644985358711567,10.364299658369937,10.492972181551977,
2011-03-19,35.545234604105566,27.208284457478005,11.648863636363638,10.365566959921798,10.49442815249267,
2011-03-20,35.54230205278592,27.19948680351906,11.662060117302053,10.359701857282502,10.49442815249267,
2011-03-21,35.53790322580645,27.18775659824047,11.679655425219941,10.353836754643206,10.49442815249267,
2011-03-22,35.53790322580645,27.18775659824047,11.679655425219941,10.353836754643206,10.49442815249267,
2011-03-23,35.534187408491945,27.184553440702782,11.691837481698391,10.345998047828209,10.492240117130308,
2011-03-24,35.533406432748535,27.184283625730995,11.705445906432749,10.338182261208576,10.487134502923977,
2011-03-25,35.53565153733528,27.175768667642753,11.709407027818449,10.338677403611518,10.487847730600294,
2011-03-26,35.53643695014662,27.165762463343107,11.714846041055718,10.337707722385142,10.491495601173021,
2011-03-27,35.53423753665689,27.159164222873898,11.730975073313784,10.328176930596285,10.490029325513197,
2011-03-28,35.53423753665689,27.159164222873898,11.730975073313784,10.328176930596285,10.490029325513197,
2011-03-29,35.53423753665689,27.159164222873898,11.730975073313784,10.328176930596285,10.490029325513197,
2011-03-30,35.5305270863836,27.156002928257685,11.744546120058565,10.32037579306979,10.486383601756955,
2011-03-31,35.5305270863836,27.156002928257685,11.744546120058565,10.32037579306979,10.486383601756955,
2011-04-01,35.5305270863836,27.150146412884332,11.759187408491949,10.310126891166423,10.484919472913617,
2011-04-02,35.5305270863836,27.150146412884332,11.759187408491949,10.310126891166423,10.484919472913617,
2011-04-03,35.526134699853586,27.139897510980965,11.78114934114202,10.302806246949732,10.481991215226941,
2011-04-04,35.525439882697945,27.13130498533724,11.785227272727273,10.3047165200391,10.4841642228739,
2011-04-05,35.525439882697945,27.13130498533724,11.785227272727273,10.3047165200391,10.4841642228739,
2011-04-06,35.51734992679356,27.125256222547584,11.808967789165447,10.294021473889702,10.481991215226941,
2011-04-07,35.51295754026354,27.116471449487555,11.829465592972182,10.286700829673011,10.480527086383603,
2011-04-08,35.51737536656891,27.109310850439883,11.833614369501467,10.284188660801563,10.481231671554253,
2011-04-09,35.51737536656891,27.109310850439883,11.833614369501467,10.284188660801563,10.481231671554253,
2011-04-10,35.51590909090909,27.096114369501464,11.855608504398829,10.273924731182795,10.479765395894429,
2011-04-11,35.51590909090909,27.096114369501464,11.855608504398829,10.273924731182795,10.479765395894429,
2011-04-12,35.51590909090909,27.096114369501464,11.855608504398829,10.273924731182795,10.479765395894429,
2011-04-13,35.50783308931186,27.091581259150804,11.877781844802344,10.264738897022937,10.476134699853588,
2011-04-14,35.50783308931186,27.091581259150804,11.877781844802344,10.264738897022937,10.476134699853588,
2011-04-15,35.510029282576866,27.083528550512444,11.897547584187409,10.25448999511957,10.472474377745243,
2011-04-16,35.511730205278596,27.07514662756598,11.90326246334311,10.25288367546432,10.473973607038124,
2011-04-17,35.50733137829912,27.059017595307918,11.92525659824047,10.245552297165199,10.473973607038124,
2011-04-18,35.50513950073422,27.048825256975036,11.929552129221733,10.247381302006852,10.477606461086637,
2011-04-19,35.5,27.045821114369502,11.948717008797654,10.238709677419354,10.473484848484848,
2011-04-20,35.5,27.045821114369502,11.948717008797654,10.238709677419354,10.473484848484848,
2011-04-21,35.5,27.045821114369502,11.948717008797654,10.238709677419354,10.473484848484848,
2011-04-22,35.502202643171806,27.038546255506606,11.953046989720999,10.23906020558003,10.472711698482623,
2011-04-23,35.502941176470586,27.032720588235293,11.957389705882354,10.236470588235294,10.474877450980392,
2011-04-24,35.49852941176471,27.019485294117647,11.977977941176471,10.22764705882353,10.474877450980392,
2011-04-25,35.49852941176471,27.019485294117647,11.977977941176471,10.22764705882353,10.474877450980392,
2011-04-26,35.49852941176471,27.019485294117647,11.977977941176471,10.22764705882353,10.474877450980392,
2011-04-27,35.49192364170338,27.012114537444933,12.000036710719531,10.218502202643172,10.472711698482623,
2011-04-28,35.49192364170338,27.012114537444933,12.000036710719531,10.218502202643172,10.472711698482623,
2011-04-29,35.49192364170338,27.012114537444933,12.000036710719531,10.218502202643172,10.472711698482623,
2011-04-30,35.49411764705882,27.003308823529412,12.004448529411766,10.21735294117647,10.474877450980392,
2011-05-01,35.491176470588236,26.98860294117647,12.026507352941177,10.208529411764706,10.474877450980392,
2011-05-02,35.488954344624446,26.978276877761413,12.032437407952873,10.20957290132548,10.477785959744722,
2011-05-03,35.488954344624446,26.978276877761413,12.032437407952873,10.20957290132548,10.477785959744722,
2011-05-04,35.48235294117647,26.969485294117646,12.055919117647058,10.200441176470589,10.474142156862744,
2011-05-05,35.48164464023495,26.968061674008812,12.07198972099853,10.191336270190895,10.469040626529612,
2011-05-06,35.48093841642229,26.966642228739,12.088013196480938,10.182258064516128,10.463954056695991,
2011-05-07,35.480176211453745,26.96071953010279,12.094016152716593,10.179588839941264,10.466103768967205,
2011-05-08,35.477239353891335,26.947503671071953,12.11457415565345,10.172246696035243,10.466103768967205,
2011-05-09,35.477239353891335,26.947503671071953,12.11457415565345,10.172246696035243,10.466103768967205,
2011-05-10,35.477239353891335,26.947503671071953,12.11457415565345,10.172246696035243,10.466103768967205,
2011-05-11,35.47067448680352,26.94024926686217,12.134934017595308,10.163196480938417,10.463954056695991,
2011-05-12,35.47067448680352,26.94024926686217,12.134934017595308,10.163196480938417,10.463954056695991,
2011-05-13,35.46705710102489,26.93887262079063,12.14937774524158,10.155636896046852,10.460346510492922,
2011-05-14,35.46612903225807,26.93115835777126,12.154875366568914,10.155718475073314,10.461950146627565,
2011-05-15,35.462518301610544,26.926866764275257,12.16928989751098,10.148169838945828,10.459809663250365,
2011-05-16,35.462518301610544,26.926866764275257,12.16928989751098,10.148169838945828,10.459809663250365,
2011-05-17,35.462518301610544,26.926866764275257,12.16928989751098,10.148169838945828,10.459809663250365,
2011-05-18,35.45818713450293,26.923318713450293,12.186586257309942,10.13954678362573,10.455847953216374,
2011-05-19,35.45818713450293,26.923318713450293,12.186586257309942,10.13954678362573,10.455847953216374,
2011-05-20,35.45459854014599,26.91905109489051,12.202372262773723,10.130583941605838,10.453722627737225,
2011-05-21,35.452339181286554,26.911622807017544,12.208516081871345,10.129312865497075,10.457309941520467,
2011-05-22,35.44948905109489,26.91029197080292,12.222810218978102,10.121094890510948,10.453722627737225,
2011-05-23,35.44948905109489,26.91029197080292,12.222810218978102,10.121094890510948,10.453722627737225,
2011-05-24,35.44948905109489,26.91029197080292,12.222810218978102,10.121094890510948,10.453722627737225,
2011-05-25,35.44446064139942,26.90167638483965,12.242893586005831,10.11362973760933,10.451603498542273,
2011-05-26,35.44446064139942,26.90167638483965,12.242893586005831,10.11362973760933,10.451603498542273,
2011-05-27,35.44235807860262,26.903275109170306,12.257096069868995,10.104730713245997,10.446579330422123,
2011-05-28,35.44008746355685,26.895845481049562,12.261844023323615,10.104883381924198,10.450145772594752,
2011-05-29,35.43279883381924,26.888556851311954,12.279336734693878,10.100510204081633,10.448688046647229,
2011-05-30,35.43279883381924,26.888556851311954,12.279336734693878,10.100510204081633,10.448688046647229,
2011-05-31,35.42489082969433,26.884352256186315,12.299308588064047,10.091630276564775,10.445123726346432,
2011-06-01,35.42489082969433,26.884352256186315,12.299308588064047,10.091630276564775,10.445123726346432,
2011-06-02,35.41967930029155,26.8783527696793,12.30411807580175,10.093221574344023,10.448688046647229,
2011-06-03,35.41967930029155,26.8783527696793,12.30411807580175,10.093221574344023,10.448688046647229,
2011-06-04,35.417372262773725,26.872335766423358,12.310401459854015,10.091897810218978,10.452262773722627,
2011-06-05,35.408613138686135,26.862116788321167,12.330839416058394,10.087518248175183,10.450802919708028,
2011-06-06,35.403362573099415,26.8531432748538,12.337171052631579,10.089108187134503,10.45438596491228,
2011-06-07,35.403362573099415,26.8531432748538,12.337171052631579,10.089108187134503,10.45438596491228,
2011-06-08,35.395474452554744,26.846058394160583,12.358576642335766,10.081678832116788,10.450802919708028,
2011-06-09,35.39198250728863,26.843367346938773,12.37554664723032,10.074271137026239,10.447230320699708,
2011-06-10,35.38615160349855,26.841909620991252,12.394497084548105,10.065524781341107,10.442857142857141,
2011-06-11,35.38233576642336,26.835839416058395,12.402372262773723,10.062700729927007,10.446423357664232,
2011-06-12,35.37503649635037,26.827080291970802,12.421350364963503,10.056861313868612,10.444963503649634,
2011-06-13,35.37503649635037,26.827080291970802,12.421350364963503,10.056861313868612,10.444963503649634,
2011-06-14,35.37503649635037,26.827080291970802,12.421350364963503,10.056861313868612,10.444963503649634,
2011-06-15,35.36865889212828,26.821501457725947,12.441144314868804,10.048032069970846,10.442857142857141,
2011-06-16,35.36481751824818,26.815401459854012,12.447627737226277,10.046642335766423,10.444963503649634,
2011-06-17,35.36096491228071,26.81074561403509,12.45266812865497,10.048172514619882,10.447076023391812,
2011-06-18,35.356515373352856,26.80475841874085,12.458894582723278,10.048389458272329,10.450146412884333,
2011-06-19,35.34480234260615,26.793045387994145,12.480856515373352,10.045461200585653,10.450146412884333,
2011-06-20,35.33651026392962,26.783944281524928,12.488892961876832,10.048460410557185,10.45373900293255,
2011-06-21,35.33235724743778,26.779136163982432,12.505746705710102,10.040336749633967,10.450878477306002,
2011-06-22,35.33114035087719,26.780190058479533,12.518165204678361,10.032236842105263,10.445833333333333,
2011-06-23,35.33114035087719,26.780190058479533,12.518165204678361,10.032236842105263,10.445833333333333,
2011-06-24,35.323830409356724,26.77434210526316,12.540095029239765,10.024926900584795,10.441447368421052,
2011-06-25,35.31551976573939,26.768155197657396,12.546742313323572,10.027891654465593,10.44502196193265,
2011-06-26,35.303806734992676,26.759370424597368,12.568704245973645,10.024963396778917,10.443557833089312,
2011-06-27,35.303806734992676,26.759370424597368,12.568704245973645,10.024963396778917,10.443557833089312,
2011-06-28,35.303806734992676,26.759370424597368,12.568704245973645,10.024963396778917,10.443557833089312,
2011-06-29,35.29897660818713,26.75387426900585,12.585416666666665,10.017616959064327,10.441447368421052,
2011-06-30,35.29897660818713,26.75387426900585,12.585416666666665,10.017616959064327,10.441447368421052,
2011-07-01,35.29209370424597,26.747657393850663,12.592130307467055,10.019106881405564,10.443557833089312,
2011-07-02,35.28372434017595,26.742888563049856,12.598863636363635,10.020601173020529,10.447140762463343,
2011-07-03,35.273460410557185,26.735557184750736,12.617925219941348,10.016202346041055,10.447140762463343,
2011-07-04,35.273460410557185,26.735557184750736,12.617925219941348,10.016202346041055,10.447140762463343,
2011-07-05,35.273460410557185,26.735557184750736,12.617925219941348,10.016202346041055,10.447140762463343,
2011-07-06,35.2701317715959,26.7300878477306,12.633125915080527,10.008857979502196,10.44502196193265,
2011-07-07,35.258418740849194,26.721303074670573,12.655087847730599,10.004465592972181,10.44502196193265,
2011-07-08,35.252932551319645,26.7150293255132,12.660447214076246,10.005938416422287,10.447140762463343,
2011-07-09,35.24596182085169,26.711674008810576,12.665822320117472,10.007415565345081,10.450734214390602,
2011-07-10,35.232745961820854,26.707268722466964,12.684911894273126,10.001541850220265,10.450734214390602,
2011-07-11,35.224264705882355,26.69948529411765,12.691801470588235,10.004485294117647,10.455808823529411,
2011-07-12,35.224264705882355,26.69948529411765,12.691801470588235,10.004485294117647,10.455808823529411,
2011-07-13,35.21806167400881,26.69552129221733,12.706938325991189,9.995668135095448,10.455139500734214,
2011-07-14,35.21806167400881,26.69552129221733,12.706938325991189,9.995668135095448,10.455139500734214,
2011-07-15,35.21480938416422,26.698900293255136,12.72056451612903,9.986876832844574,10.45007331378299,
2011-07-16,35.21057268722467,26.694126284875185,12.726835535976505,9.987004405286344,10.451908957415565,
2011-07-17,35.19882525697504,26.689720998531573,12.74592511013216,9.981130690161528,10.451908957415565,
2011-07-18,35.19029411764706,26.683382352941177,12.752169117647059,9.983308823529413,10.45625,
2011-07-19,35.19029411764706,26.683382352941177,12.752169117647059,9.983308823529413,10.45625,
2011-07-20,35.18707782672541,26.68164464023495,12.765014684287813,9.975624082232013,10.453010279001468,
2011-07-21,35.182404692082116,26.680645161290325,12.778555718475074,9.968328445747801,10.44941348973607,
2011-07-22,35.17214076246334,26.677712609970676,12.79908357771261,9.96099706744868,10.447947214076246,
2011-07-23,35.16651982378855,26.675770925110132,12.804662261380324,9.960939794419971,10.45007342143906,
2011-07-24,35.15477239353891,26.67136563876652,12.822283406754773,9.95359765051395,10.453010279001468,
2011-07-25,35.15477239353891,26.67136563876652,12.822283406754773,9.95359765051395,10.453010279001468,
2011-07-26,35.15477239353891,26.67136563876652,12.822283406754773,9.95359765051395,10.453010279001468,
2011-07-27,35.15161290322581,26.668914956011733,12.835740469208211,9.943401759530792,10.45234604105572,
2011-07-28,35.15161290322581,26.668914956011733,12.835740469208211,9.943401759530792,10.45234604105572,
2011-07-29,35.1474302496329,26.6640234948605,12.841372980910426,9.944787077826726,10.454478707782673,
2011-07-30,35.138823529411766,26.663529411764706,12.84702205882353,9.944705882352942,10.458088235294118,
2011-07-31,35.12705882352942,26.662058823529414,12.866139705882354,9.93735294117647,10.458088235294118,
2011-08-01,35.11840942562592,26.65419734904271,12.87477908689249,9.94020618556701,10.461708394698086,
2011-08-02,35.11840942562592,26.65419734904271,12.87477908689249,9.94020618556701,10.461708394698086,
2011-08-03,35.11382352941177,26.65323529411765,12.888198529411765,9.930000000000001,10.461029411764706,
2011-08-04,35.10925110132159,26.655212922173277,12.903046989720998,9.92129221732746,10.45741556534508,
2011-08-05,35.10352941176471,26.65029411764706,12.908786764705884,9.92264705882353,10.459558823529411,
2011-08-06,35.09756995581738,26.647349042709866,12.915206185567008,9.921060382916053,10.461413843888069,
2011-08-07,35.087260677466865,26.64440353460972,12.932879234167894,9.915169366715759,10.461413843888069,
2011-08-08,35.08001474926254,26.640929203539823,12.938679941002949,9.91504424778761,10.46504424778761,
2011-08-09,35.08001474926254,26.640929203539823,12.938679941002949,9.91504424778761,10.46504424778761,
2011-08-10,35.075478645066276,26.64145802650957,12.950552282768777,9.904860088365243,10.462886597938143,
2011-08-11,35.075478645066276,26.64145802650957,12.950552282768777,9.904860088365243,10.462886597938143,
2011-08-12,35.073897058823526,26.644926470588235,12.960919117647057,9.896176470588236,10.457794117647058,
2011-08-13,35.068114874815905,26.642930780559645,12.966752577319587,9.894550810014728,10.459941089837995,
2011-08-14,35.06507352941176,26.64345588235294,12.978566176470586,9.885882352941177,10.457794117647058,
2011-08-15,35.056332842415316,26.63703976435935,12.984425625920471,9.888659793814433,10.461413843888069,
2011-08-16,35.05330882352941,26.640514705882353,12.994742647058823,9.880735294117647,10.45705882352941,
2011-08-17,35.048825256975036,26.63957415565345,13.006497797356827,9.872099853157122,10.454919236417032,
2011-08-18,35.048825256975036,26.63957415565345,13.006497797356827,9.872099853157122,10.454919236417032,
2011-08-19,35.04295154185022,26.635168869309837,13.024118942731276,9.866226138032307,10.451982378854625,
2011-08-20,35.03860294117647,26.633161764705882,13.030036764705882,9.864558823529412,10.454117647058823,
2011-08-21,35.03267254038179,26.636637298091042,13.040271659324521,9.857415565345082,10.45051395007342,
2011-08-22,35.02389705882353,26.630220588235293,13.047683823529411,9.858676470588236,10.454117647058823,
2011-08-23,35.02389705882353,26.630220588235293,13.047683823529411,9.858676470588236,10.454117647058823,
2011-08-24,35.01945668135095,26.62929515418502,13.059361233480175,9.851541850220265,10.45051395007342,
2011-08-25,35.01796187683284,26.62983870967742,13.071004398826979,9.84442815249267,10.445454545454544,
2011-08-26,35.01358296622614,26.624889867841407,13.076982378854625,9.84566813509545,10.447577092511013,
2011-08-27,35.007720588235294,26.62433823529412,13.081507352941175,9.845441176470588,10.44970588235294,
2011-08-28,34.99595588235294,26.62139705882353,13.09768382352941,9.83808823529412,10.44970588235294,
2011-08-29,34.98711340206186,26.613475699558172,13.105191458026509,9.842268041237114,10.453313696612664,
2011-08-30,34.98711340206186,26.613475699558172,13.105191458026509,9.842268041237114,10.453313696612664,
2011-08-31,34.98419117647059,26.61110294117647,13.116801470588234,9.83514705882353,10.451176470588234,
2011-09-01,34.984214390602055,26.613142437591776,13.126908957415564,9.826578560939796,10.446108663729808,
2011-09-02,34.97830882352941,26.61110294117647,13.131507352941176,9.826323529411766,10.448235294117646,
2011-09-03,34.97422680412371,26.6059646539028,13.138107511045655,9.825625920471282,10.450147275405007,
2011-09-04,34.96244477172312,26.601546391752578,13.155780559646539,9.818262150220914,10.450147275405007,
2011-09-05,34.96244477172312,26.601546391752578,13.155780559646539,9.818262150220914,10.450147275405007,
2011-09-06,34.96244477172312,26.601546391752578,13.155780559646539,9.818262150220914,10.450147275405007,
2011-09-07,34.95808823529412,26.602132352941176,13.164375,9.809705882352942,10.448014705882352,
2011-09-08,34.95808823529412,26.602132352941176,13.164375,9.809705882352942,10.448014705882352,
2011-09-09,34.95741556534508,26.607121879588842,13.172944199706313,9.800440528634361,10.442217327459618,
2011-09-10,34.95294117647059,26.60139705882353,13.17908088235294,9.800882352941176,10.444338235294117,
2011-09-11,34.95007342143906,26.606387665198238,13.187628487518355,9.79236417033774,10.440748898678413,
2011-09-12,34.94558823529412,26.597720588235294,13.193051470588236,9.794264705882354,10.444338235294117,
2011-09-13,34.94558823529412,26.597720588235294,13.193051470588236,9.794264705882354,10.444338235294117,
2011-09-14,34.93979441997063,26.601248164464025,13.201578560939794,9.785756240822321,10.442217327459618,
2011-09-15,34.93979441997063,26.601248164464025,13.201578560939794,9.785756240822321,10.442217327459618,
2011-09-16,34.93392070484582,26.59977973568282,13.216262848751835,9.7784140969163,10.43928046989721,
2011-09-17,34.930882352941175,26.59625,13.222463235294118,9.776617647058824,10.44139705882353,
2011-09-18,34.926578560939795,26.601248164464025,13.230947136563875,9.768135095447871,10.437812041116006,
2011-09-19,34.91985294117647,26.59404411764706,13.237904411764706,9.770000000000001,10.44139705882353,
2011-09-20,34.91985294117647,26.59404411764706,13.237904411764706,9.770000000000001,10.44139705882353,
2011-09-21,34.91629955947136,26.596842878120412,13.247344591287323,9.761527165932453,10.437812041116006,
2011-09-22,34.91629955947136,26.596842878120412,13.247344591287323,9.761527165932453,10.437812041116006,
2011-09-23,34.914956011730204,26.60183284457478,13.25431329423265,9.753079178885631,10.431304985337244,
2011-09-24,34.91042584434655,26.596842878120412,13.260560450318161,9.753450807635831,10.433406754772394,
2011-09-25,34.907624633431084,26.60183284457478,13.267509775171067,9.7450146627566,10.42983870967742,
2011-09-26,34.90029325513196,26.600366568914957,13.27923998044966,9.737683284457479,10.42690615835777,
2011-09-27,34.90029325513196,26.600366568914957,13.27923998044966,9.737683284457479,10.42690615835777,
2011-09-28,34.89458272327965,26.603879941434847,13.287615910200099,9.72635431918009,10.421888726207905,
2011-09-29,34.89458272327965,26.603879941434847,13.287615910200099,9.72635431918009,10.421888726207905,
2011-09-30,34.89149560117302,26.598900293255134,13.2939027370479,9.725953079178886,10.422507331378299,
2011-10-01,34.88546255506608,26.595374449339207,13.300208027410672,9.727019089574156,10.424596182085168,
2011-10-02,34.881231671554254,26.597434017595308,13.305632942326492,9.718621700879766,10.419574780058651,
2011-10-03,34.87665198237885,26.590969162995595,13.311955457660305,9.719676945668136,10.42165932452276,
2011-10-04,34.87665198237885,26.590969162995595,13.311955457660305,9.719676945668136,10.42165932452276,
2011-10-05,34.87096774193548,26.593035190615836,13.317363147605084,9.709824046920822,10.416642228739002,
2011-10-06,34.86676427525622,26.598023426061495,13.322755002440216,9.700000000000001,10.4101756954612,
2011-10-07,34.86676427525622,26.598023426061495,13.322755002440216,9.700000000000001,10.4101756954612,
2011-10-08,34.86253665689149,26.594721407624633,13.330193059628545,9.698387096774194,10.410850439882697,
2011-10-09,34.85520527859237,26.591788856304984,13.340456989247313,9.688123167155425,10.40791788856305,
2011-10-10,34.84618208516887,26.58384728340675,13.348299069995106,9.689133627019089,10.412922173274596,
2011-10-11,34.84618208516887,26.58384728340675,13.348299069995106,9.689133627019089,10.412922173274596,
2011-10-12,34.84054252199414,26.584457478005863,13.35365347018573,9.680791788856306,10.409384164222873,
2011-10-13,34.84054252199414,26.584457478005863,13.35365347018573,9.680791788856306,10.409384164222873,
2011-10-14,34.83614369501466,26.585923753665686,13.363917399804498,9.669794721407625,10.40425219941349,
2011-10-15,34.83614369501466,26.585923753665686,13.363917399804498,9.669794721407625,10.40425219941349,
2011-10-16,34.83199121522694,26.587994143484625,13.367776964372865,9.661493411420205,10.399267935578331,
2011-10-17,34.83199121522694,26.587994143484625,13.367776964372865,9.661493411420205,10.399267935578331,
2011-10-18,34.83199121522694,26.587994143484625,13.367776964372865,9.661493411420205,10.399267935578331,
2011-10-19,34.826388888888886,26.590423976608186,13.372721734892789,9.652850877192982,10.395394736842105,
2011-10-20,34.826388888888886,26.590423976608186,13.372721734892789,9.652850877192982,10.395394736842105,
2011-10-21,34.82613469985359,26.585431918008783,13.3776598340654,9.649414348462665,10.39597364568082,
2011-10-22,34.82734604105572,26.583357771260996,13.384078690127078,9.64450146627566,10.396554252199413,
2011-10-23,34.8200146627566,26.580425219941347,13.392876344086023,9.634237536656892,10.393621700879764,
2011-10-24,34.81734992679356,26.583967789165445,13.398157637872133,9.625988286969253,10.38718887262079,
2011-10-25,34.81734992679356,26.583967789165445,13.398157637872133,9.625988286969253,10.38718887262079,
2011-10-26,34.81176900584796,26.58457602339181,13.40196150097466,9.616301169590644,10.383698830409356,
2011-10-27,34.81176900584796,26.58457602339181,13.40196150097466,9.616301169590644,10.383698830409356,
2011-10-28,34.80985401459854,26.591751824817518,13.404294403892946,9.607372262773723,10.378029197080291,
2011-10-29,34.81030701754386,26.588961988304092,13.41073343079922,9.603143274853801,10.378581871345029,
2011-10-30,34.80328467153284,26.591021897810215,13.415973236009734,9.593503649635037,10.375109489051095,
2011-10-31,34.80007309941521,26.586038011695905,13.420967348927876,9.592909356725146,10.377119883040935,
2011-11-01,34.80007309941521,26.586038011695905,13.420967348927876,9.592909356725146,10.377119883040935,
2011-11-02,34.79598540145985,26.58810218978102,13.424732360097325,9.583284671532846,10.373649635036497,
2011-11-03,34.7948250728863,26.59453352769679,13.427028668610303,9.575145772594752,10.367274052478134,
2011-11-04,34.794525547445254,26.592481751824817,13.433491484184916,9.571605839416058,10.367810218978102,
2011-11-05,34.79422514619883,26.5875,13.439973196881093,9.56951754385965,10.368347953216373,
2011-11-06,34.79014598540146,26.591021897810215,13.442250608272508,9.561386861313869,10.364890510948905,
2011-11-07,34.78545321637427,26.58457602339181,13.449476120857701,9.561476608187135,10.36688596491228,
2011-11-08,34.78545321637427,26.58457602339181,13.449476120857701,9.561476608187135,10.36688596491228,
2011-11-09,34.78284671532847,26.58664233576642,13.451739659367398,9.551897810218978,10.363430656934307,
2011-11-10,34.78284671532847,26.58664233576642,13.451739659367398,9.551897810218978,10.363430656934307,
2011-11-11,34.78138686131387,26.585182481751822,13.463418491484186,9.541678832116789,10.35905109489051,
2011-11-12,34.78043372319688,26.58043372319688,13.468871832358674,9.538815789473684,10.3599171539961,
2011-11-13,34.77783454987834,26.585425790754257,13.471107055961072,9.5307299270073,10.35647201946472,
2011-11-14,34.77783454987834,26.585425790754257,13.471107055961072,9.5307299270073,10.35647201946472,
2011-11-15,34.77783454987834,26.585425790754257,13.471107055961072,9.5307299270073,10.35647201946472,
2011-11-16,34.77524295432458,26.587487852283772,13.474793488824101,9.521574344023325,10.353765792031098,
2011-11-17,34.77524295432458,26.587487852283772,13.474793488824101,9.521574344023325,10.353765792031098,
2011-11-18,34.776374695863744,26.581046228710463,13.479866180048663,9.51941605839416,10.354282238442822,
2011-11-19,34.778971734892785,26.5760477582846,13.486415692007798,9.514327485380118,10.354800194931775,
2011-11-20,34.776374695863744,26.581046228710463,13.490085158150853,9.504817518248176,10.351362530413626,
2011-11-21,34.776374695863744,26.581046228710463,13.490085158150853,9.504817518248176,10.351362530413626,
2011-11-22,34.776374695863744,26.581046228710463,13.490085158150853,9.504817518248176,10.351362530413626,
2011-11-23,34.77815840621963,26.58019922254616,13.490828474246843,9.49533527696793,10.34793488824101,
2011-11-24,34.777025715672,26.58226589034449,13.49593643862203,9.485880640465794,10.344517224648229,
2011-11-25,34.77848131974769,26.5808102862688,13.504670063076178,9.473508005822417,10.33942261038331,
2011-11-26,34.781073858114674,26.57874149659864,13.509778911564627,9.468367346938775,10.33991739552964,
2011-11-27,34.77961613216715,26.57874149659864,13.517067541302236,9.455247813411079,10.337001943634597,
2011-11-28,34.77961613216715,26.57874149659864,13.517067541302236,9.455247813411079,10.337001943634597,
2011-11-29,34.77961613216715,26.57874149659864,13.517067541302236,9.455247813411079,10.337001943634597,
2011-11-30,34.779936923823385,26.576443474041728,13.520681707908784,9.44585152838428,10.335055798156235,
2011-12-01,34.780256782945735,26.581419573643412,13.524285368217056,9.436482558139534,10.330208333333333,
2011-12-02,34.780256782945735,26.581419573643412,13.524285368217056,9.436482558139534,10.330208333333333,
2011-12-03,34.78284813197477,26.578626880155262,13.529415332362932,9.431295487627366,10.33068898592916,
2011-12-04,34.78139252789908,26.578626880155262,13.535237748665697,9.418195050946142,10.32923338185347,
2011-12-05,34.77815840621963,26.572181729834792,13.54330660835763,9.415889212827988,10.334086491739553,
2011-12-06,34.77815840621963,26.572181729834792,13.54330660835763,9.415889212827988,10.334086491739553,
2011-12-07,34.77848131974769,26.57134885977681,13.546882581271229,9.406550218340612,10.332144590004852,
2011-12-08,34.77848131974769,26.57134885977681,13.546882581271229,9.406550218340612,10.332144590004852,
2011-12-09,34.77848131974769,26.57134885977681,13.546882581271229,9.406550218340612,10.332144590004852,
2011-12-10,34.77932458697765,26.568197278911565,13.5524416909621,9.401263362487853,10.33301749271137,
2011-12-11,34.77932458697765,26.568197278911565,13.561188046647231,9.388143828960157,10.330102040816326,
2011-12-12,34.77900243309003,26.56464720194647,13.56638686131387,9.382871046228711,10.332043795620438,
2011-12-13,34.77786686103013,26.569655004859086,13.5692055393586,9.374295432458698,10.327186588921283,
2011-12-14,34.77819019893256,26.571737020863658,13.569832605531296,9.365016982047552,10.323799126637555,
2011-12-15,34.77819019893256,26.571737020863658,13.569832605531296,9.365016982047552,10.323799126637555,
2011-12-16,34.77705910852713,26.578173449612404,13.57481831395349,9.357218992248063,10.31751453488372,
2011-12-17,34.77964580300825,26.57319262493935,13.580749636098982,9.351916545366327,10.317976710334788,
2011-12-18,34.778512596899226,26.578173449612404,13.582812500000001,9.342684108527132,10.313154069767442,
2011-12-19,34.778512596899226,26.578173449612404,13.582812500000001,9.342684108527132,10.313154069767442,
2011-12-20,34.778512596899226,26.578173449612404,13.582812500000001,9.342684108527132,10.313154069767442,
2011-12-21,34.77883405902274,26.580237058538945,13.583417997097243,9.332027092404452,10.308345428156748,
2011-12-22,34.77883405902274,26.580237058538945,13.583417997097243,9.332027092404452,10.308345428156748,
2011-12-23,34.7806038647343,26.585193236714975,13.586920289855072,9.322850241545895,10.302101449275362,
2011-12-24,34.78463957426222,26.58096274794388,13.59212626995646,9.317513304305757,10.302539912917272,
2011-12-25,34.78463957426222,26.582414126753747,13.599383164005806,9.304450895016934,10.299637155297532,
2011-12-26,34.78463957426222,26.582414126753747,13.599383164005806,9.304450895016934,10.299637155297532,
2011-12-27,34.78463957426222,26.582414126753747,13.599383164005806,9.304450895016934,10.299637155297532,
2011-12-28,34.78495169082126,26.584468599033816,13.599963768115943,9.295314009661837,10.296304347826087,
2011-12-29,34.78495169082126,26.584468599033816,13.599963768115943,9.295314009661837,10.296304347826087,
2011-12-30,34.78495169082126,26.584468599033816,13.599963768115943,9.295314009661837,10.296304347826087,
2011-12-31,34.78899371069183,26.58096274794388,13.605188679245284,9.28993710691824,10.296734397677794,
2012-01-01,34.78899371069183,26.58096274794388,13.605188679245284,9.28993710691824,10.296734397677794,
2012-01-02,34.78899371069183,26.58096274794388,13.605188679245284,9.28993710691824,10.296734397677794,
2012-01-03,34.78899371069183,26.58096274794388,13.605188679245284,9.28993710691824,10.296734397677794,
2012-01-04,34.789299516908216,26.581570048309178,13.605760869565218,9.280821256038648,10.29340579710145,
2012-01-05,34.789604438012546,26.5865171249397,13.609225759768451,9.270284611673903,10.287192474674384,
2012-01-06,34.789604438012546,26.5865171249397,13.609225759768451,9.270284611673903,10.287192474674384,
2012-01-07,34.793985507246376,26.582391304347823,13.614504830917873,9.26463768115942,10.286980676328502,
2012-01-08,34.794283646888566,26.58589001447178,13.617957067052581,9.255571635311144,10.28222383019778,
2012-01-09,34.79253623188406,26.580942028985504,13.624649758454106,9.251594202898552,10.286980676328502,
2012-01-10,34.79253623188406,26.580942028985504,13.624649758454106,9.251594202898552,10.286980676328502,
2012-01-11,34.794283646888566,26.5801013024602,13.628087313072841,9.2410998552822,10.28222383019778,
2012-01-12,34.794283646888566,26.5801013024602,13.628087313072841,9.2410998552822,10.28222383019778,
2012-01-13,34.79602601156069,26.586488439306358,13.630069845857419,9.233526011560695,10.276035645472062,
2012-01-14,34.80079594790159,26.58299565846599,13.635323203087314,9.226628075253256,10.27715870718765,
2012-01-15,34.801083815028896,26.586488439306358,13.638740366088632,9.217630057803468,10.272422928709055,
2012-01-16,34.80296671490593,26.58227206946454,13.64400627110468,9.212156295224313,10.274264351181861,
2012-01-17,34.80296671490593,26.58227206946454,13.64400627110468,9.212156295224313,10.274264351181861,
2012-01-18,34.8032514450867,26.58287572254335,13.645965799614643,9.203179190751445,10.26953275529865,
2012-01-19,34.80497835497835,26.586363636363636,13.647919672919672,9.194227994227996,10.264814814814814,
2012-01-20,34.80497835497835,26.586363636363636,13.647919672919672,9.194227994227996,10.264814814814814,
2012-01-21,34.81119942196531,26.58215317919075,13.653191233140655,9.18800578034682,10.26302986512524,
2012-01-22,34.81147186147186,26.585642135642132,13.65513468013468,9.17907647907648,10.258321308321309,
2012-01-23,34.809754335260116,26.580708092485548,13.661861753371868,9.176445086705202,10.261584778420039,
2012-01-24,34.809754335260116,26.580708092485548,13.661861753371868,9.176445086705202,10.261584778420039,
2012-01-25,34.81075036075036,26.58275613275613,13.66487493987494,9.16825396825397,10.256878306878306,
2012-01-26,34.812463976945246,26.58623919308357,13.66679875120077,9.159365994236312,10.252185398655138,
2012-01-27,34.8141726618705,26.59115107913669,13.67015587529976,9.150503597122302,10.247505995203836,
2012-01-28,34.82038904899135,26.58695965417867,13.675444284341978,9.144956772334295,10.246421709894332,
2012-01-29,34.82038904899135,26.588400576368873,13.682648895292987,9.129106628242075,10.24353986551393,
2012-01-30,34.82038904899135,26.588400576368873,13.682648895292987,9.129106628242075,10.24353986551393,
2012-01-31,34.82038904899135,26.588400576368873,13.682648895292987,9.129106628242075,10.24353986551393,
2012-02-01,34.82208633093525,26.588992805755392,13.684544364508394,9.120287769784174,10.24031175059952,
2012-02-02,34.82377873563218,26.59245689655172,13.686434386973179,9.111494252873564,10.235656130268199,
2012-02-03,34.82377873563218,26.59245689655172,13.686434386973179,9.111494252873564,10.235656130268199,
2012-02-04,34.83,26.589712230215824,13.691019184652278,9.104460431654676,10.235275779376499,
2012-02-05,34.83024425287356,26.591738505747124,13.691463122605365,9.095689655172414,10.230627394636015,
2012-02-06,34.83024425287356,26.591738505747124,13.691463122605365,9.095689655172414,10.230627394636015,
2012-02-07,34.83024425287356,26.591738505747124,13.691463122605365,9.095689655172414,10.230627394636015,
2012-02-08,34.834791965566716,26.592324246771877,13.69047106647537,9.086944045911048,10.22742706838833,
2012-02-09,34.834791965566716,26.592324246771877,13.69047106647537,9.086944045911048,10.22742706838833,
2012-02-10,34.8448350071736,26.590889526542323,13.69620994739359,9.072596843615495,10.221688187470109,
2012-02-11,34.846192528735635,26.589008620689658,13.700874042145596,9.066738505747127,10.222078544061302,
2012-02-12,34.84784791965567,26.589598278335725,13.701303204208514,9.05803443328551,10.218890483022477,
2012-02-13,34.852658045977016,26.58469827586207,13.705184386973182,9.051652298850575,10.220641762452107,
2012-02-14,34.852658045977016,26.58469827586207,13.705184386973182,9.051652298850575,10.220641762452107,
2012-02-15,34.85717360114778,26.583859397417505,13.704172644667624,9.041535150645624,10.218890483022477,
2012-02-16,34.86558908045977,26.57895114942529,13.710931513409964,9.032974137931035,10.219204980842912,
2012-02-17,34.86721664275466,26.582424677187948,13.71421568627451,9.02431850789096,10.214586322333812,
2012-02-18,34.874209770114945,26.577514367816093,13.719552203065135,9.017169540229885,10.214894636015325,
2012-02-19,34.87439024390244,26.57955523672884,13.719954567192731,9.008536585365853,10.210282161645146,
2012-02-20,34.87708333333333,26.573204022988506,13.726736111111112,9.00280172413793,10.214894636015325,
2012-02-21,34.87708333333333,26.573204022988506,13.726736111111112,9.00280172413793,10.214894636015325,
2012-02-22,34.88012912482066,26.57309899569584,13.728921568627452,8.99454806312769,10.211358201817312,
2012-02-23,34.8845988538682,26.572277936962752,13.73074259789876,8.98595988538682,10.20675740210124,
2012-02-24,34.8845988538682,26.572277936962752,13.73074259789876,8.98595988538682,10.20675740210124,
2012-02-25,34.8916068866571,26.56664275466284,13.73609516977523,8.978048780487805,10.207771401243424,
2012-02-26,34.89878048780488,26.55803443328551,13.743268770923004,8.963701578192252,10.20633668101387,
2012-02-27,34.89878048780488,26.55803443328551,13.743268770923004,8.963701578192252,10.20633668101387,
2012-02-28,34.89878048780488,26.55803443328551,13.743268770923004,8.963701578192252,10.20633668101387,
2012-02-29,34.90322349570201,26.557234957020057,13.743636580706783,8.955157593123209,10.203175740210124,
2012-03-01,34.906223175965664,26.559298998569385,13.744003338102052,8.946638054363376,10.198593228421554,
2012-03-02,34.906223175965664,26.559298998569385,13.744003338102052,8.946638054363376,10.198593228421554,
2012-03-03,34.91468481375358,26.553653295128942,13.748650907354348,8.938681948424069,10.198877745940782,
2012-03-04,34.91480686695279,26.555722460658085,13.749010491177874,8.930185979971387,10.194301382927993,
2012-03-05,34.917550143266475,26.547922636103152,13.754381566380134,8.927220630372492,10.197445081184336,
2012-03-06,34.917550143266475,26.547922636103152,13.754381566380134,8.927220630372492,10.197445081184336,
2012-03-07,34.92052932761087,26.54713876967096,13.756163567000478,8.918741058655222,10.194301382927993,
2012-03-08,34.92052932761087,26.54713876967096,13.756163567000478,8.918741058655222,10.194301382927993,
2012-03-09,34.926824034334764,26.54656652360515,13.760455412494041,8.90472103004292,10.191010968049595,
2012-03-10,34.934598853868195,26.539469914040115,13.765126552053488,8.89813753581662,10.192000955109837,
2012-03-11,34.94032951289398,26.533739255014325,13.769424546322828,8.885243553008596,10.189135625596943,
2012-03-12,34.945982783357245,26.527331420373027,13.774832615973219,8.87790530846485,10.190841702534673,
2012-03-13,34.945982783357245,26.527331420373027,13.774832615973219,8.87790530846485,10.190841702534673,
2012-03-14,34.94749283667622,26.52657593123209,13.776587870105063,8.86948424068768,10.189135625596943,
2012-03-15,34.94749283667622,26.52657593123209,13.776587870105063,8.86948424068768,10.189135625596943,
2012-03-16,34.95042918454936,26.53154506437768,13.775476871721509,8.861087267525036,10.18457319980925,
2012-03-17,34.95752148997134,26.527292263610313,13.779453199617958,8.853724928366763,10.184837631327602,
2012-03-18,34.95758226037196,26.52796852646638,13.77976871721507,8.846781115879828,10.18171196948021,
2012-03-19,34.95895415472779,26.521561604584527,13.785183858643746,8.843696275071634,10.183404966571155,
2012-03-20,34.95895415472779,26.521561604584527,13.785183858643746,8.843696275071634,10.183404966571155,
2012-03-21,34.95972818311874,26.523676680972816,13.787637100619934,8.835693848354794,10.180281354315689,
2012-03-22,34.96264285714285,26.52435714285714,13.787940476190478,8.828785714285715,10.177166666666666,
2012-03-23,34.96974248927038,26.520815450643777,13.790498330948976,8.822818311874107,10.175989508822127,
2012-03-24,34.97972779369627,26.517263610315187,13.794496179560651,8.813968481375358,10.174808978032473,
2012-03-25,34.985458452722064,26.512965616045843,13.798794173829991,8.801074498567337,10.17194364851958,
2012-03-26,34.985458452722064,26.512965616045843,13.798794173829991,8.801074498567337,10.17194364851958,
2012-03-27,34.986909871244634,26.516523605150212,13.80051263710062,8.794206008583691,10.167405817835002,
2012-03-28,34.98835714285714,26.515785714285713,13.80079761904762,8.787357142857143,10.165738095238094,
2012-03-29,34.98835714285714,26.515785714285713,13.80079761904762,8.787357142857143,10.165738095238094,
2012-03-30,34.99835714285714,26.514357142857143,13.805083333333334,8.771642857142858,10.160023809523809,
2012-03-31,35.005507868383404,26.509370529327608,13.811957558416788,8.764163090128756,10.158822126847877,
2012-04-01,35.006214285714286,26.508642857142856,13.810797619047621,8.756642857142857,10.155738095238094,
2012-04-02,35.006223175965665,26.502217453505008,13.81768001907487,8.75343347639485,10.158822126847877,
2012-04-03,35.007642857142855,26.505785714285715,13.817940476190477,8.746642857142858,10.152880952380952,
2012-04-04,35.00763195435093,26.506490727532096,13.818200190204472,8.738445078459344,10.148383262006657,
2012-04-05,35.00763195435093,26.506490727532096,13.818200190204472,8.738445078459344,10.148383262006657,
2012-04-06,35.013214285714284,26.501428571428573,13.822654761904762,8.732857142857142,10.147738095238095,
2012-04-07,35.02181688125894,26.49785407725322,13.828123509775871,8.723891273247496,10.146518836432998,
2012-04-08,35.02467811158798,26.489270386266096,13.832415355269433,8.713876967095851,10.145088221268479,
2012-04-09,35.02607142857143,26.485714285714284,13.828369047619049,8.708571428571428,10.142023809523808,
2012-04-10,35.02607142857143,26.485714285714284,13.828369047619049,8.708571428571428,10.142023809523808,
2012-04-11,35.02603423680456,26.487874465049927,13.827187351402758,8.7018544935806,10.137541607227769,
2012-04-12,35.02603423680456,26.487874465049927,13.827187351402758,8.7018544935806,10.137541607227769,
2012-04-13,35.02599715099715,26.488603988603987,13.827433523266857,8.693732193732194,10.131647673314339,
2012-04-14,35.03316690442225,26.484308131241082,13.832180218735141,8.686162624821684,10.131122206371849,
2012-04-15,35.03311965811966,26.483618233618234,13.82957027540361,8.679487179487179,10.126661918328583,
2012-04-16,35.03311965811966,26.47792022792023,13.833843779677114,8.67094017094017,10.125237416904083,
2012-04-17,35.03311965811966,26.47792022792023,13.833843779677114,8.67094017094017,10.125237416904083,
2012-04-18,35.03271692745377,26.477951635846374,13.832657657657657,8.664651493598862,10.120791844476054,
2012-04-19,35.03703703703704,26.472934472934472,13.838117283950618,8.659900284900285,10.122388414055079,
2012-04-20,35.041369472182595,26.4679029957204,13.843592486923443,8.655135520684736,10.121136471707084,
2012-04-21,35.04571428571428,26.465714285714284,13.847654761904762,8.650357142857143,10.119880952380951,
2012-04-22,35.04422253922967,26.466476462196862,13.846445553970518,8.643723252496434,10.115430337612933,
2012-04-23,35.04415954415954,26.465811965811966,13.847139126305791,8.63758309591643,10.109567901234566,
2012-04-24,35.04415954415954,26.465811965811966,13.847139126305791,8.63758309591643,10.109567901234566,
2012-04-25,35.04409672830725,26.462304409672832,13.844511616880036,8.632408724513986,10.105144618302512,
2012-04-26,35.04409672830725,26.462304409672832,13.844511616880036,8.632408724513986,10.105144618302512,
2012-04-27,35.046941678520625,26.462304409672832,13.848779042200093,8.621028923660502,10.098032242769085,
2012-04-28,35.04985754985755,26.462962962962962,13.852837132003797,8.614791073124406,10.096747388414054,
2012-04-29,35.04985754985755,26.455840455840455,13.8556861348528,8.607668566001898,10.095322886989553,
2012-04-30,35.04985754985755,26.455840455840455,13.8556861348528,8.607668566001898,10.095322886989553,
2012-05-01,35.051209103840684,26.456614509246087,13.854468942626836,8.601114272166903,10.090919867235655,
2012-05-02,35.05255681818182,26.454545454545453,13.851834753787877,8.594578598484848,10.08794981060606,
2012-05-03,35.05106382978723,26.456737588652484,13.852044917257682,8.58806146572104,10.082151300236406,
2012-05-04,35.05106382978723,26.456737588652484,13.852044917257682,8.58806146572104,10.082151300236406,
2012-05-05,35.05397727272727,26.453835227272727,13.856806344696968,8.583214962121211,10.081557765151514,
2012-05-06,35.05397727272727,26.44815340909091,13.858226799242424,8.574692234848484,10.08013731060606,
2012-05-07,35.051209103840684,26.44167852062589,13.863715030820293,8.574087245139877,10.083096254148884,
2012-05-08,35.051209103840684,26.44167852062589,13.863715030820293,8.574087245139877,10.083096254148884,
2012-05-09,35.051609848484844,26.44199810606061,13.864382102272726,8.568536931818182,10.077769886363637,
2012-05-10,35.051609848484844,26.44199810606061,13.864382102272726,8.568536931818182,10.077769886363637,
2012-05-11,35.05026078710289,26.43551446183025,13.869879089615932,8.566500711237554,10.079302987197725,
2012-05-12,35.05234708392603,26.43200568990043,13.873719772403984,8.55398293029872,10.075177809388336,
2012-05-13,35.05234708392603,26.43200568990043,13.873719772403984,8.55398293029872,10.075177809388336,
2012-05-14,35.05234708392603,26.43200568990043,13.873719772403984,8.55398293029872,10.075177809388336,
2012-05-15,35.05132575757576,26.434232954545454,13.873425662878788,8.548934659090909,10.069389204545455,
2012-05-16,35.051252955082745,26.439290780141846,13.872186761229313,8.542482269503546,10.062198581560285,
2012-05-17,35.051252955082745,26.439290780141846,13.872186761229313,8.542482269503546,10.062198581560285,
2012-05-18,35.048347497639284,26.4443342776204,13.870951369216241,8.537464589235126,10.055028328611899,
2012-05-19,35.051252955082745,26.44212765957447,13.875023640661938,8.531134751773049,10.056524822695035,
2012-05-20,35.051180358829086,26.442917847025498,13.872367799811142,8.52613314447592,10.050779036827196,
2012-05-21,35.051180358829086,26.442917847025498,13.872367799811142,8.52613314447592,10.050779036827196,
2012-05-22,35.048279113625654,26.45077793493635,13.872548326261198,8.519731258840169,10.045049504950496,
2012-05-23,35.045621468926555,26.452966101694916,13.871786723163842,8.515466101694916,10.039100753295669,
2012-05-24,35.04132581100141,26.45796897038082,13.869146685472497,8.511918194640339,10.033403855195111,
2012-05-25,35.04056338028169,26.462957746478875,13.86862676056338,8.506267605633802,10.027018779342724,
2012-05-26,35.04344146685472,26.45937940761636,13.872672778561354,8.502750352609308,10.027056887635167,
2012-05-27,35.04209039548022,26.45437853107345,13.876730225988702,8.499223163841808,10.029919962335217,
2012-05-28,35.04209039548022,26.45437853107345,13.876730225988702,8.499223163841808,10.029919962335217,
2012-05-29,35.0392101551481,26.460789844851906,13.876904090267983,8.494287729196051,10.022825575928538,
2012-05-30,35.03492957746479,26.46154929577465,13.875669014084508,8.489366197183099,10.017159624413146,
2012-05-31,35.03492957746479,26.46154929577465,13.875669014084508,8.489366197183099,10.017159624413146,
2012-06-01,35.03492957746479,26.46154929577465,13.875669014084508,8.489366197183099,10.017159624413146,
2012-06-02,35.03638928067701,26.456558533145277,13.87972496473907,8.485825105782792,10.018594264221909,
2012-06-03,35.03352112676056,26.460140845070423,13.877077464788734,8.480915492957747,10.01293427230047,
2012-06-04,35.03286318758815,26.45303244005642,13.883251057827927,8.478067700987307,10.015773389750823,
2012-06-05,35.03093896713615,26.45849765258216,13.883415492957747,8.472699530516431,10.00823943661972,
2012-06-06,35.02948898265354,26.46347866854196,13.882172995780591,8.467815283638068,10.001195499296765,
2012-06-07,35.02948898265354,26.46347866854196,13.882172995780591,8.467815283638068,10.001195499296765,
2012-06-08,35.02948898265354,26.46347866854196,13.882172995780591,8.467815283638068,10.001195499296765,
2012-06-09,35.03093896713615,26.45849765258216,13.886232394366198,8.462840375586854,10.002605633802817,
2012-06-10,35.02667604313174,26.46347866854196,13.884985935302392,8.457969995311766,9.996976090014066,
2012-06-11,35.02667604313174,26.46347866854196,13.884985935302392,8.457969995311766,9.996976090014066,
2012-06-12,35.02663857677903,26.469850187265916,13.88374297752809,8.453113295880149,9.98995786516854,
2012-06-13,35.02239364188873,26.47059373539037,13.88390603085554,8.448270219728844,9.985764375876578,
2012-06-14,35.02239364188873,26.47059373539037,13.88390603085554,8.448270219728844,9.985764375876578,
2012-06-15,35.02141187470781,26.473679289387565,13.887973352033661,8.437891538101916,9.9788920056101,
2012-06-16,35.02144194756554,26.46732209737828,13.893433988764045,8.432888576779026,9.981671348314608,
2012-06-17,35.01860682561945,26.470874240299207,13.89077840112202,8.42947639083684,9.97748948106592,
2012-06-18,35.01860682561945,26.470874240299207,13.89077840112202,8.42947639083684,9.97748948106592,
2012-06-19,35.01858076563959,26.477217553688142,13.89093137254902,8.424673202614379,9.970518207282915,
2012-06-20,35.01645687645688,26.47864801864802,13.891433566433566,8.4202331002331,9.964965034965036,
2012-06-21,35.01645687645688,26.47864801864802,13.891433566433566,8.4202331002331,9.964965034965036,
2012-06-22,35.017156177156174,26.47655011655012,13.896328671328671,8.40974358974359,9.960069930069931,
2012-06-23,35.017156177156174,26.47655011655012,13.896328671328671,8.40974358974359,9.960069930069931,
2012-06-24,35.015757575757576,26.475151515151516,13.899125874125874,8.401351981351981,9.957272727272729,
2012-06-25,35.014338919925514,26.48147113594041,13.899266759776536,8.396601489757913,9.951745810055867,
2012-06-26,35.014338919925514,26.48147113594041,13.899266759776536,8.396601489757913,9.951745810055867,
2012-06-27,35.01292422129242,26.482194328219432,13.898012552301255,8.390469549046955,9.947629009762903,
2012-06-28,35.01292422129242,26.482194328219432,13.898012552301255,8.390469549046955,9.947629009762903,
2012-06-29,35.014338919925514,26.47728119180633,13.902060055865922,8.385428305400373,9.948952513966482,
2012-06-30,35.014338919925514,26.47728119180633,13.902060055865922,8.385428305400373,9.948952513966482,
2012-07-01,35.015735567970204,26.47588454376164,13.904853351955307,8.375651769087522,9.946159217877096,
2012-07-02,35.01296037296037,26.47095571095571,13.910314685314685,8.373379953379953,9.94888111888112,
2012-07-03,35.01294227188082,26.474487895716948,13.910439944134078,8.367271880819366,9.941969273743018,
2012-07-04,35.014318921431894,26.475220827522083,13.907775453277546,8.359786145978614,9.937866108786611,
2012-07-05,35.01429897864438,26.48012999071495,13.907903899721449,8.353714020427113,9.933774373259054,
2012-07-06,35.01429897864438,26.48012999071495,13.907903899721449,8.353714020427113,9.933774373259054,
2012-07-07,35.01710832171083,26.475220827522083,13.911959553695956,8.350023245002324,9.933682008368201,
2012-07-08,35.01569173630455,26.478737233054783,13.91208217270195,8.345357474466109,9.928203342618385,
2012-07-09,35.01569173630455,26.478737233054783,13.91208217270195,8.345357474466109,9.928203342618385,
2012-07-10,35.0156699119147,26.480853036624943,13.91220445062587,8.339313861845154,9.922739916550766,
2012-07-11,35.017037037037035,26.480185185185185,13.9109375,8.333287037037037,9.918680555555557,
2012-07-12,35.017037037037035,26.480185185185185,13.9109375,8.333287037037037,9.918680555555557,
2012-07-13,35.01840036985668,26.485067036523347,13.909674063800278,8.327276930189552,9.913245492371708,
2012-07-14,35.02030092592593,26.479629629629628,13.914479166666666,8.321689814814814,9.913680555555556,
2012-07-15,35.018885806749886,26.48312528895053,13.913210818307904,8.317082755432269,9.909639389736478,
2012-07-16,35.02030092592593,26.478240740740738,13.920034722222221,8.313356481481481,9.90951388888889,
2012-07-17,35.02165973185391,26.48173832639852,13.92014563106796,8.307374017568192,9.904091539528434,
2012-07-18,35.02301477377655,26.48176361957525,13.919563711911357,8.302793167128346,9.898684210526316,
2012-07-19,35.02301477377655,26.48176361957525,13.919563711911357,8.302793167128346,9.898684210526316,
2012-07-20,35.02578485687904,26.4831486611265,13.923718836565095,8.29309787626962,9.89314404432133,
2012-07-21,35.02578485687904,26.4831486611265,13.923718836565095,8.29309787626962,9.89314404432133,
2012-07-22,35.0243998153278,26.480378578024006,13.92648891966759,8.286172668513387,9.890373961218836,
2012-07-23,35.02165973185391,26.474110032362457,13.933321775312066,8.283795654184003,9.892995839112345,
2012-07-24,35.0216297322253,26.47853185595568,13.933875807940904,8.278785780240073,9.887603878116344,
2012-07-25,35.02298294144767,26.479253112033195,13.9312010142923,8.272867680958967,9.883609958506225,
2012-07-26,35.02298294144767,26.479253112033195,13.9312010142923,8.272867680958967,9.883609958506225,
2012-07-27,35.0243998153278,26.474376731301938,13.936645891043398,8.269090489381348,9.883448753462604,
2012-07-28,35.0243998153278,26.474376731301938,13.936645891043398,8.269090489381348,9.883448753462604,
2012-07-29,35.02301477377655,26.472991689750693,13.938030932594645,8.260780240073869,9.882063711911357,
2012-07-30,35.02301477377655,26.472991689750693,13.938030932594645,8.260780240073869,9.882063711911357,
2012-07-31,35.02301477377655,26.472991689750693,13.938030932594645,8.260780240073869,9.882063711911357,
2012-08-01,35.02436606731213,26.474412171507606,13.936041954817888,8.256270170585523,9.876694329183957,
2012-08-02,35.02433241252302,26.480662983425415,13.937511510128914,8.250391344383056,9.871339779005526,
2012-08-03,35.02436606731213,26.477178423236513,13.941574458275703,8.246588289534348,9.872544951590596,
2012-08-04,35.02436606731213,26.477178423236513,13.941574458275703,8.246588289534348,9.872544951590596,
2012-08-05,35.02571362799264,26.480662983425415,13.94027394106814,8.242104051565377,9.8685773480663,
2012-08-06,35.02298294144767,26.473029045643152,13.947106961733517,8.241055786076533,9.871161825726142,
2012-08-07,35.02433241252302,26.477900552486187,13.945798802946593,8.236579189686925,9.865814917127071,
2012-08-08,35.02567816091954,26.477241379310346,13.944494252873563,8.232114942528735,9.860482758620691,
2012-08-09,35.02567816091954,26.477241379310346,13.944494252873563,8.232114942528735,9.860482758620691,
2012-08-10,35.02433241252302,26.473756906077348,13.948561233885819,8.229673112338858,9.861671270718233,
2012-08-11,35.02422775472568,26.46887966804979,13.953192715537115,8.225288151221761,9.862033195020746,
2012-08-12,35.02422775472568,26.466113416320884,13.95872521899493,8.21698939603504,9.85926694329184,
2012-08-13,35.02422775472568,26.466113416320884,13.95872521899493,8.21698939603504,9.85926694329184,
2012-08-14,35.024194290976055,26.47099447513812,13.95878222836096,8.21116482504604,9.853936464088397,
2012-08-15,35.02554022988506,26.470344827586207,13.957459770114944,8.20535632183908,9.85,
2012-08-16,35.02554022988506,26.470344827586207,13.957459770114944,8.20535632183908,9.85,
2012-08-17,35.02691954022988,26.46896551724138,13.960218390804599,8.198459770114942,9.845862068965518,
2012-08-18,35.02691954022988,26.46896551724138,13.960218390804599,8.198459770114942,9.845862068965518,
2012-08-19,35.02688246097337,26.47245179063361,13.958895775941233,8.194054178145088,9.84194214876033,
2012-08-20,35.02416091954023,26.466206896551725,13.96573563218391,8.192942528735632,9.843103448275862,
2012-08-21,35.02550505050505,26.46831955922865,13.96716023875115,8.187167125803489,9.837809917355372,
2012-08-22,35.026157725813846,26.469738651994497,13.96720541036222,8.183127005960568,9.833906464924347,
2012-08-23,35.02749542124542,26.47184065934066,13.965876831501832,8.178754578754578,9.82864010989011,
2012-08-24,35.02886904761905,26.470467032967033,13.968624084249086,8.171886446886447,9.823145604395604,
2012-08-25,35.02886904761905,26.470467032967033,13.968624084249086,8.171886446886447,9.823145604395604,
2012-08-26,35.02886904761905,26.466346153846153,13.972744963369966,8.162271062271062,9.821771978021978,
2012-08-27,35.02886904761905,26.466346153846153,13.972744963369966,8.162271062271062,9.821771978021978,
2012-08-28,35.02882944673068,26.469821673525377,13.974154092363971,8.156561499771376,9.816529492455418,
2012-08-29,35.034269406392696,26.46917808219178,13.9714497716895,8.152237442922374,9.812671232876712,
2012-08-30,35.034269406392696,26.46917808219178,13.9714497716895,8.152237442922374,9.812671232876712,
2012-08-31,35.034269406392696,26.46917808219178,13.9714497716895,8.152237442922374,9.812671232876712,
2012-09-01,35.03431641518061,26.46570644718793,13.975525834476453,8.149702789208963,9.812414266117969,
2012-09-02,35.035639269406396,26.46780821917808,13.974189497716896,8.145388127853881,9.808561643835617,
2012-09-03,35.035639269406396,26.46780821917808,13.974189497716896,8.145388127853881,9.808561643835617,
2012-09-04,35.03695850433196,26.471272229822162,13.974224806201553,8.139717282261742,9.803351573187415,
2012-09-05,35.042372495446266,26.470628415300546,13.972893897996359,8.134061930783242,9.799521857923498,
2012-09-06,35.04504320145521,26.475443383356073,13.971566621191453,8.128422010004547,9.794338335607094,
2012-09-07,35.043943533697636,26.470150273224046,13.978085154826958,8.124840619307832,9.793784153005465,
2012-09-08,35.043943533697636,26.470150273224046,13.978085154826958,8.124840619307832,9.793784153005465,
2012-09-09,35.043943533697636,26.466051912568307,13.982183515482697,8.116643897996356,9.792418032786886,
2012-09-10,35.04126766985864,26.458481532147744,13.987631098951208,8.115435476516188,9.794870041039673,
2012-09-11,35.043943533697636,26.46058743169399,13.987647996357014,8.10981329690346,9.789685792349728,
2012-09-12,35.049340609367896,26.459959072305594,13.986300591177809,8.104206457480673,9.78724420190996,
2012-09-13,35.048041894353375,26.456489071038252,13.99311247723133,8.098884335154827,9.78695355191257,
2012-09-14,35.04667577413479,26.457855191256833,13.998576958105648,8.090687613843352,9.780122950819672,
2012-09-15,35.04667577413479,26.457855191256833,13.998576958105648,8.090687613843352,9.780122950819672,
2012-09-16,35.05070486584811,26.45723055934516,13.998578899499773,8.085106866757616,9.776330150068214,
2012-09-17,35.05070486584811,26.45723055934516,13.998578899499773,8.085106866757616,9.776330150068214,
2012-09-18,35.05070486584811,26.45723055934516,13.998578899499773,8.085106866757616,9.776330150068214,
2012-09-19,35.054722979109904,26.456607629427793,13.99585603996367,8.080903723887374,9.77391008174387,
2012-09-20,35.056009070294785,26.460068027210887,13.99450113378685,8.075351473922902,9.77013605442177,
2012-09-21,35.060009057971016,26.45944293478261,13.993149909420291,8.071173007246376,9.765013586956522,
2012-09-22,35.057369614512474,26.455986394557826,13.99858276643991,8.068548752834467,9.764693877551021,
2012-09-23,35.057369614512474,26.450544217687078,14.001303854875284,8.061746031746031,9.764693877551021,
2012-09-24,35.057369614512474,26.450544217687078,14.001303854875284,8.061746031746031,9.764693877551021,
2012-09-25,35.05865036231884,26.455366847826088,14.001302083333334,8.057586050724638,9.759578804347827,
2012-09-26,35.059927634554505,26.457462686567165,13.999943464495704,8.05309814563546,9.7561736770692,
2012-09-27,35.059927634554505,26.457462686567165,13.999943464495704,8.05309814563546,9.7561736770692,
2012-09-28,35.061962912709184,26.456784260515605,14.001978742650385,8.044957033016734,9.752781546811399,
2012-09-29,35.061962912709184,26.456784260515605,14.001978742650385,8.044957033016734,9.752781546811399,
2012-09-30,35.064588979223124,26.457520325203255,14.000621047877146,8.040831074977417,9.75040650406504,
2012-10-01,35.063319764812306,26.45135685210312,14.004692446856627,8.038172772501131,9.752781546811399,
2012-10-02,35.064588979223124,26.454132791327915,14.00265356820235,8.032700993676603,9.749728997289973,
2012-10-03,35.064588979223124,26.454132791327915,14.00265356820235,8.032700993676603,9.749728997289973,
2012-10-04,35.06991429860172,26.46028416779432,13.998590437528192,8.02724402345512,9.746008119079837,
2012-10-05,35.070009033423666,26.456842818428186,14.00265356820235,8.023215898825654,9.745663956639566,
2012-10-06,35.0677973767526,26.452238805970147,14.008355947535053,8.01951605608322,9.746472184531887,
2012-10-07,35.07041553748871,26.45433604336043,14.005634598012648,8.015424570912376,9.74410569105691,
2012-10-08,35.06644052464948,26.446811397557664,14.012426503844416,8.015445499773858,9.745115332428766,
2012-10-09,35.067705510388436,26.45162601626016,14.008344625112919,8.01135953026197,9.74139566395664,
2012-10-10,35.07041553748871,26.45162601626016,14.009699638663054,8.00187443541102,9.735975609756098,
2012-10-11,35.0743797925124,26.457780784844385,14.006980153360399,7.996459179070817,9.730920162381597,
2012-10-12,35.07448057813912,26.45433604336043,14.01105465221319,7.993744354110207,9.72920054200542,
2012-10-13,35.07448057813912,26.45433604336043,14.01105465221319,7.993744354110207,9.72920054200542,
2012-10-14,35.078439332431216,26.45913396481732,14.006980153360399,7.988340099233198,9.72686062246279,
2012-10-15,35.078439332431216,26.46184032476319,14.00968651330627,7.98022101939558,9.721447902571043,
2012-10-16,35.078439332431216,26.46184032476319,14.00968651330627,7.98022101939558,9.721447902571043,
2012-10-17,35.080022522522526,26.46662162162162,14.007646396396398,7.97518018018018,9.717770270270272,
2012-10-18,35.080022522522526,26.46662162162162,14.007646396396398,7.97518018018018,9.717770270270272,
2012-10-19,35.08148398737032,26.46184032476319,14.011716283265676,7.972440234551195,9.716035182679297,
2012-10-20,35.08148398737032,26.46184032476319,14.011716283265676,7.972440234551195,9.716035182679297,
2012-10-21,35.08542792792793,26.46527027027027,14.008997747747749,7.967072072072072,9.712364864864865,
2012-10-22,35.08013080739738,26.45913396481732,14.017129003157422,7.967027514659449,9.713328822733425,
2012-10-23,35.080022522522526,26.46662162162162,14.015754504504507,7.961666666666667,9.709662162162163,
2012-10-24,35.08396311291048,26.467341430499324,14.01303418803419,7.954970760233918,9.708704453441296,
2012-10-25,35.08789308176101,26.468059299191374,14.010321203953282,7.9496406109613655,9.706401617250675,
2012-10-26,35.09248541947061,26.472139973082097,14.00896141767609,7.944324809331539,9.702086137281293,
2012-10-27,35.09395777178796,26.468733153638812,14.013016621743038,7.941554357592094,9.698989218328842,
2012-10-28,35.09530548068284,26.466037735849056,14.014364330637918,7.9348158131177,9.697641509433963,
2012-10-29,35.09530548068284,26.466037735849056,14.014364330637918,7.9348158131177,9.697641509433963,
2012-10-30,35.098317631224766,26.468999551368324,14.013896366083447,7.92907133243607,9.694459398833558,
2012-10-31,35.098317631224766,26.468999551368324,14.013896366083447,7.92907133243607,9.694459398833558,
2012-11-01,35.098317631224766,26.468999551368324,14.013896366083447,7.92907133243607,9.694459398833558,
2012-11-02,35.09710242587601,26.466936208445638,14.020653638814018,7.926280323450135,9.691352201257862,
2012-11-03,35.0972334682861,26.46324786324786,14.025674763832658,7.92280701754386,9.690530814215025,
2012-11-04,35.0972334682861,26.46324786324786,14.028373819163292,7.916059379217274,9.689181286549708,
2012-11-05,35.0972334682861,26.46324786324786,14.028373819163292,7.916059379217274,9.689181286549708,
2012-11-06,35.101145552560645,26.468014375561545,14.028335579514824,7.91078167115903,9.684209344115004,
2012-11-07,35.10370121130552,26.4673844773441,14.02964333781965,7.904172274562584,9.681942575145806,
2012-11-08,35.110282258064515,26.472132616487453,14.029603494623656,7.898924731182796,9.676993727598566,
2012-11-09,35.10908479138627,26.470076267384478,14.035026917900403,7.896096904441454,9.672521310004486,
2012-11-10,35.10908479138627,26.470076267384478,14.035026917900403,7.896096904441454,9.672521310004486,
2012-11-11,35.112970430107524,26.474820788530465,14.032291666666666,7.890860215053764,9.668929211469534,
2012-11-12,35.10908479138627,26.468730372364288,14.040410497981156,7.889367429340512,9.66848362494392,
2012-11-13,35.112970430107524,26.47347670250896,14.040356182795698,7.885483870967742,9.663552867383512,
2012-11-14,35.11431451612903,26.469444444444445,14.04573252688172,7.878763440860215,9.660864695340502,
2012-11-15,35.111776581426646,26.46603858232391,14.051177658142665,7.875908479138627,9.659062359802602,
2012-11-16,35.11581426648721,26.470076267384478,14.05521534320323,7.867833109017496,9.648295199641094,
2012-11-17,35.11581426648721,26.470076267384478,14.05521534320323,7.867833109017496,9.648295199641094,
2012-11-18,35.121034946236556,26.472132616487453,14.053797043010752,7.862634408602151,9.644735663082438,
2012-11-19,35.12489932885906,26.47552572706935,14.053724832214765,7.857449664429531,9.641185682326622,
2012-11-20,35.12489932885906,26.47552572706935,14.053724832214765,7.857449664429531,9.641185682326622,
2012-11-21,35.127077747989276,26.478239499553172,14.053987935656837,7.852278820375336,9.63798033958892,
2012-11-22,35.12958500669344,26.47759928603302,14.056593038821955,7.847121820615797,9.63578759482374,
2012-11-23,35.13475935828877,26.48097147950089,14.057854278074865,7.841978609625668,9.630926916221034,
2012-11-24,35.13360107095047,26.48161535029005,14.063286479250333,7.839089692101741,9.62507809013833,
2012-11-25,35.13360107095047,26.482954038375723,14.069979919678714,7.8310575635876845,9.619723337795627,
2012-11-26,35.13360107095047,26.482954038375723,14.069979919678714,7.8310575635876845,9.619723337795627,
2012-11-27,35.13475935828877,26.486319073083777,14.071223262032085,7.825935828877006,9.616221033868094,
2012-11-28,35.13724966622163,26.485669781931463,14.073798397863818,7.820827770360481,9.614063195371607,
2012-11-29,35.13724966622163,26.485669781931463,14.073798397863818,7.820827770360481,9.614063195371607,
2012-11-30,35.14106666666667,26.48902222222222,14.073699999999999,7.815733333333333,9.610577777777777,
2012-12-01,35.13991989319092,26.488340008900757,14.079138851802403,7.8128170894526034,9.60605251446373,
2012-12-02,35.13991989319092,26.488340008900757,14.083144192256341,7.806141522029373,9.60204717400979,
2012-12-03,35.13991989319092,26.488340008900757,14.083144192256341,7.806141522029373,9.60204717400979,
2012-12-04,35.13973333333333,26.491688888888888,14.084366666666666,7.8024000000000004,9.598577777777777,
2012-12-05,35.142210386151795,26.49103417665335,14.086917443408788,7.797336884154461,9.595117620949845,
2012-12-06,35.147340425531915,26.49570035460993,14.086801861702128,7.792287234042553,9.591666666666667,
2012-12-07,35.14487350199734,26.493297825122056,14.0926431424767,7.790146471371505,9.587794052374612,
2012-12-08,35.14373333333333,26.492622222222217,14.099433333333334,7.7872,9.581911111111111,
2012-12-09,35.15019973368842,26.494629383044824,14.099300932090546,7.782157123834888,9.578473146915224,
2012-12-10,35.14373333333333,26.491288888888885,14.107433333333335,7.780533333333334,9.577911111111112,
2012-12-11,35.146205059920106,26.494629383044824,14.107290279627165,7.775499334221039,9.574478473146915,
2012-12-12,35.15,26.495301418439713,14.107147606382979,7.770478723404256,9.57238475177305,
2012-12-13,35.15,26.495301418439713,14.107147606382979,7.770478723404256,9.57238475177305,
2012-12-14,35.156440903054445,26.49995573262505,14.105677290836654,7.765471447543161,9.56896857016379,
2012-12-15,35.15398936170212,26.49929078014184,14.111136968085107,7.763829787234044,9.564406028368795,
2012-12-16,35.16042496679947,26.50128375387339,14.110989375830014,7.758831341301462,9.56100044267375,
2012-12-17,35.16684350132626,26.50459770114942,14.110842175066313,7.753846153846155,9.557603890362511,
2012-12-18,35.16794701986755,26.50790286975717,14.109370860927154,7.75019867549669,9.554216335540838,
2012-12-19,35.171362433862434,26.510537918871247,14.10922619047619,7.746230158730159,9.551168430335098,
2012-12-20,35.166291390728475,26.509889624724057,14.114668874172187,7.744569536423842,9.54924944812362,
2012-12-21,35.17268518518519,26.514506172839504,14.113194444444446,7.739616402116403,9.545877425044091,
2012-12-22,35.170264900662254,26.513863134657832,14.11996688741722,7.7366225165562925,9.54130242825607,
2012-12-23,35.172913907284766,26.513863134657832,14.122615894039736,7.73,9.537328918322295,
2012-12-24,35.172913907284766,26.513863134657832,14.122615894039736,7.73,9.537328918322295,
2012-12-25,35.172913907284766,26.513863134657832,14.122615894039736,7.73,9.537328918322295,
2012-12-26,35.180621693121694,26.514506172839504,14.121130952380954,7.725066137566138,9.535295414462082,
2012-12-27,35.180621693121694,26.514506172839504,14.121130952380954,7.725066137566138,9.535295414462082,
2012-12-28,35.180621693121694,26.514506172839504,14.121130952380954,7.725066137566138,9.535295414462082,
2012-12-29,35.17953642384106,26.515187637969092,14.126589403973512,7.722052980132451,9.530706401766004,
2012-12-30,35.17953642384106,26.515187637969092,14.126589403973512,7.722052980132451,9.530706401766004,
2012-12-31,35.17579575596817,26.513218390804592,14.132062334217508,7.719031830238728,9.530083996463308,
2013-01-01,35.17579575596817,26.513218390804592,14.132062334217508,7.719031830238728,9.530083996463308,
2013-01-02,35.17579575596817,26.513218390804592,14.132062334217508,7.719031830238728,9.530083996463308,
2013-01-03,35.17579575596817,26.513218390804592,14.132062334217508,7.719031830238728,9.530083996463308,
2013-01-04,35.18136604774536,26.5157382847038,14.134316976127321,7.710411140583555,9.523320070733863,
2013-01-05,35.180278884462155,26.51509517485613,14.139807436918991,7.707370517928288,9.518702965914121,
2013-01-06,35.186671087533156,26.5157382847038,14.13962201591512,7.7024535809018575,9.516688770999115,
2013-01-07,35.185344827586206,26.51441202475685,14.147579575596817,7.69582228116711,9.514036251105216,
2013-01-08,35.185344827586206,26.51441202475685,14.147579575596817,7.69582228116711,9.514036251105216,
2013-01-09,35.19437086092715,26.51240618101545,14.148708609271523,7.688278145695365,9.51335540838852,
2013-01-10,35.202050264550266,26.51437389770723,14.148511904761904,7.683399470899472,9.508708112874778,
2013-01-11,35.20998677248677,26.51437389770723,14.15380291005291,7.674140211640212,9.50077160493827,
2013-01-12,35.20998677248677,26.51437389770723,14.15380291005291,7.674140211640212,9.50077160493827,
2013-01-13,35.21763540290621,26.513694407749888,14.153599735799206,7.667965653896962,9.498789079700572,
2013-01-14,35.21763540290621,26.513694407749888,14.153599735799206,7.667965653896962,9.498789079700572,
2013-01-15,35.2226253298153,26.515655233069477,14.15471635883905,7.663126649076518,9.495492524186455,
2013-01-16,35.23287220026351,26.511023276240664,14.154512516469037,7.656982872200264,9.493522178304787,
2013-01-17,35.23287220026351,26.511023276240664,14.154512516469037,7.656982872200264,9.493522178304787,
2013-01-18,35.24077733860342,26.507070707070707,14.159782608695652,7.649077733860343,9.486934563021519,
2013-01-19,35.24077733860342,26.507070707070707,14.159782608695652,7.649077733860343,9.486934563021519,
2013-01-20,35.247364953886695,26.50180061484409,14.165052700922265,7.642490118577076,9.481664470794906,
2013-01-21,35.247364953886695,26.50180061484409,14.165052700922265,7.642490118577076,9.481664470794906,
2013-01-22,35.254934210526315,26.502456140350876,14.16483552631579,7.637697368421053,9.478399122807017,
2013-01-23,35.26182654402103,26.501138852387207,14.164618922470433,7.633574244415244,9.475799386771792,
2013-01-24,35.270669291338585,26.501793525809273,14.164402887139108,7.628805774278216,9.471237970253718,
2013-01-25,35.275918635170605,26.503105861767278,14.169652230971128,7.62224409448819,9.463363954505686,
2013-01-26,35.275918635170605,26.503105861767278,14.169652230971128,7.62224409448819,9.463363954505686,
2013-01-27,35.278543307086615,26.503105861767278,14.17227690288714,7.615682414698163,9.459426946631671,
2013-01-28,35.278543307086615,26.503105861767278,14.17227690288714,7.615682414698163,9.459426946631671,
2013-01-29,35.28560506771516,26.504193971166448,14.173361730013106,7.612254259501967,9.454892966360855,
2013-01-30,35.291775741710296,26.502225130890054,14.174443717277487,7.607526178010472,9.452988656195462,
2013-01-31,35.2979302832244,26.502875816993466,14.175522875816993,7.60281045751634,9.44847494553377,
2013-02-01,35.29570244328098,26.502225130890054,14.180988219895287,7.599672774869111,9.4451352530541,
2013-02-02,35.29570244328098,26.502225130890054,14.180988219895287,7.599672774869111,9.4451352530541,
2013-02-03,35.30315904139434,26.502875816993466,14.180751633986928,7.594967320261438,9.44193899782135,
2013-02-04,35.30315904139434,26.502875816993466,14.18859477124183,7.589738562091504,9.436710239651415,
2013-02-05,35.30315904139434,26.502875816993466,14.18859477124183,7.589738562091504,9.436710239651415,
2013-02-06,35.31059617058312,26.500913838120105,14.189654046997388,7.58505221932115,9.43352915578764,
2013-02-07,35.315406345067366,26.504172099087356,14.190710560625815,7.580378096479792,9.429052585832247,
2013-02-08,35.31190165361184,26.502219321148825,14.196181462140991,7.578524804177547,9.427001740644037,
2013-02-09,35.30838779956427,26.501830065359478,14.202189542483659,7.574313725490197,9.424553376906319,
2013-02-10,35.30969498910675,26.501830065359478,14.207418300653593,7.566470588235295,9.420631808278868,
2013-02-11,35.30969498910675,26.501830065359478,14.207418300653593,7.566470588235295,9.420631808278868,
2013-02-12,35.31451261966928,26.50509138381201,14.208453002610964,7.561814621409922,9.416166231505658,
2013-02-13,35.32453281182095,26.503129074315517,14.208181225554107,7.555867014341591,9.413016079965233,
2013-02-14,35.32453281182095,26.503129074315517,14.208181225554107,7.555867014341591,9.413016079965233,
2013-02-15,35.32844415471534,26.50182529335072,14.216655801825292,7.548044328552804,9.407149065623642,
2013-02-16,35.32844415471534,26.50182529335072,14.216655801825292,7.548044328552804,9.407149065623642,
2013-02-17,35.33582899305556,26.502473958333336,14.21767578125,7.543424479166667,9.402712673611111,
2013-02-18,35.33582899305556,26.502473958333336,14.21767578125,7.543424479166667,9.402712673611111,
2013-02-19,35.34189423493715,26.504854789770263,14.21869310793238,7.5401170351105335,9.398287819679238,
2013-02-20,35.349242424242426,26.503549783549783,14.21970779220779,7.5361688311688315,9.394848484848485,
2013-02-21,35.35313852813853,26.504848484848484,14.224902597402597,7.530974025974026,9.387056277056278,
2013-02-22,35.359165585819284,26.509381755296154,14.224610894941634,7.526394293125811,9.382663207955037,
2013-02-23,35.359165585819284,26.509381755296154,14.224610894941634,7.526394293125811,9.382663207955037,
2013-02-24,35.36046260268051,26.509381755296154,14.22979896238651,7.521206225680935,9.37747514051016,
2013-02-25,35.35313852813853,26.504848484848484,14.23788961038961,7.521883116883117,9.376666666666667,
2013-02-26,35.359165585819284,26.506787721573716,14.238878080415045,7.518612191958496,9.373584089926503,
2013-02-27,35.36517702936097,26.50483592400691,14.241159326424869,7.514054404145078,9.371804835924008,
2013-02-28,35.372466580422596,26.50547649849073,14.242141009055626,7.509508408796895,9.367442863303149,
2013-03-01,35.372466580422596,26.50547649849073,14.242141009055626,7.509508408796895,9.367442863303149,
2013-03-02,35.36906303972366,26.503540587219344,14.247636010362694,7.507577720207254,9.365328151986184,
2013-03-03,35.3750539025442,26.504182837429926,14.248609314359637,7.504333764553688,9.36226821905994,
2013-03-04,35.382321274763136,26.50353143841516,14.249580103359172,7.501098191214471,9.359216192937124,
2013-03-05,35.382321274763136,26.50353143841516,14.249580103359172,7.501098191214471,9.359216192937124,
2013-03-06,35.388279569892475,26.501591397849463,14.250548387096773,7.49658064516129,9.357462365591399,
2013-03-07,35.394222508591064,26.50094501718213,14.25409149484536,7.492074742268041,9.35442439862543,
2013-03-08,35.397637457044674,26.502169243986256,14.259246134020618,7.484987113402062,9.348947594501718,
2013-03-09,35.397637457044674,26.502169243986256,14.259246134020618,7.484987113402062,9.348947594501718,
2013-03-10,35.39634879725086,26.50088058419244,14.26568943298969,7.481121134020619,9.34637027491409,
2013-03-11,35.390408602150536,26.495075268817207,14.273774193548386,7.481741935483871,9.346817204301075,
2013-03-12,35.39634879725086,26.495725945017185,14.275998711340206,7.4785438144329905,9.342504295532647,
2013-03-13,35.4022737022737,26.492513942513945,14.278217503217503,7.474066924066925,9.340776490776491,
2013-03-14,35.408183376178236,26.49059554413025,14.281715938303341,7.470886889460155,9.337767780634104,
2013-03-15,35.4035607035607,26.48865293865294,14.288513513513513,7.468918918918919,9.335628485628487,
2013-03-16,35.4035607035607,26.48865293865294,14.288513513513513,7.468918918918919,9.335628485628487,
2013-03-17,35.408183376178236,26.49059554413025,14.290713367609253,7.464460154241646,9.333911739503,
2013-03-18,35.408183376178236,26.49059554413025,14.290713367609253,7.464460154241646,9.333911739503,
2013-03-19,35.41407787762088,26.489965768078736,14.29290757381258,7.461296534017972,9.330915703893881,
2013-03-20,35.41963675213675,26.48837606837607,14.294134615384614,7.459423076923078,9.327286324786325,
2013-03-21,35.41963675213675,26.48837606837607,14.294134615384614,7.459423076923078,9.327286324786325,
2013-03-22,35.41963675213675,26.486452991452992,14.301826923076922,7.454615384615385,9.323760683760684,
2013-03-23,35.41963675213675,26.486452991452992,14.301826923076922,7.454615384615385,9.323760683760684,
2013-03-24,35.41963675213675,26.482606837606838,14.310801282051282,7.4507692307692315,9.31991452991453,
2013-03-25,35.42422108408024,26.48326931284678,14.3104033290653,7.447631241997439,9.31822449850619,
2013-03-26,35.43135123614663,26.48009377664109,14.310006393861892,7.444501278772379,9.316538789428815,
2013-03-27,35.43135123614663,26.48009377664109,14.310006393861892,7.444501278772379,9.316538789428815,
2013-03-28,35.43590889740315,26.482034908471693,14.31088761174968,7.440102171136655,9.314857386121755,
2013-03-29,35.433908780903664,26.47753623188406,14.317679028132991,7.436828644501279,9.313981244671782,
2013-03-30,35.433908780903664,26.47753623188406,14.317679028132991,7.436828644501279,9.313981244671782,
2013-03-31,35.4384631758195,26.476926351638998,14.318550446998723,7.433716475095786,9.311025968497233,
2013-04-01,35.432630008525145,26.472421142369992,14.326630434782608,7.434271099744246,9.310144927536232,
2013-04-02,35.432630008525145,26.472421142369992,14.326630434782608,7.434271099744246,9.310144927536232,
2013-04-03,35.4384631758195,26.469263516389955,14.327490421455938,7.431162196679439,9.308471690080886,
2013-04-04,35.44555697278911,26.469940476190477,14.327072704081631,7.426785714285715,9.306802721088436,
2013-04-05,35.44555697278911,26.469940476190477,14.327072704081631,7.426785714285715,9.306802721088436,
2013-04-06,35.4429331630481,26.467603235419325,14.333109833971903,7.422860791826309,9.305214985100044,
2013-04-07,35.440378884631755,26.46249467858663,14.340772669220947,7.419029374201789,9.30393784589187,
2013-04-08,35.440378884631755,26.46249467858663,14.340772669220947,7.419029374201789,9.30393784589187,
2013-04-09,35.44491921768707,26.46190476190476,14.342889030612247,7.415943877551021,9.300999149659864,
2013-04-10,35.45129676870748,26.45552721088435,14.347991071428572,7.410841836734694,9.29717261904762,
2013-04-11,35.45129676870748,26.45552721088435,14.347991071428572,7.410841836734694,9.29717261904762,
2013-04-12,35.459639065817406,26.456220806794054,14.348184713375797,7.406496815286625,9.293609341825903,
2013-04-13,35.458949829931974,26.45425170068027,14.35373086734694,7.403188775510205,9.29015731292517,
2013-04-14,35.466008492569,26.453673036093416,14.35328025477707,7.400127388535032,9.288513800424628,
2013-04-15,35.460225340136056,26.44787414965986,14.360108418367348,7.401913265306123,9.28888180272109,
2013-04-16,35.466008492569,26.44645435244161,14.36007430997877,7.399278131634819,9.285541401273885,3.0
2013-04-17,35.472094995759115,26.44461407972858,14.36088846480068,7.396225614927905,9.283269720101782,3.0
2013-04-18,35.472094995759115,26.44461407972858,14.36088846480068,7.396225614927905,9.283269720101782,3.0
2013-04-19,35.46887473460722,26.441995753715496,14.367080679405522,7.394182590233545,9.280445859872613,3.0
2013-04-20,35.46887473460722,26.441995753715496,14.367080679405522,7.394182590233545,9.280445859872613,3.0
2013-04-21,35.47400339270568,26.441751484308732,14.366613655640375,7.390818490245971,9.277226463104327,3.333333333333333
2013-04-22,35.47721304531978,26.441190173655226,14.367418466751378,7.387780601440068,9.273062261753495,3.888888888888889
2013-04-23,35.47721304531978,26.441190173655226,14.367418466751378,7.387780601440068,9.273062261753495,3.888888888888889
2013-04-24,35.48549069373942,26.436823181049064,14.366952199661592,7.384750423011845,9.27017766497462,3.4166666666666665
2013-04-25,35.48549069373942,26.436823181049064,14.366952199661592,7.384750423011845,9.27017766497462,3.4166666666666665
2013-04-26,35.489297800338406,26.437457698815564,14.372028341793571,7.377136209813875,9.263197969543148,3.333333333333333
2013-04-27,35.489297800338406,26.437457698815564,14.372028341793571,7.377136209813875,9.263197969543148,3.333333333333333
2013-04-28,35.489297800338406,26.436188663282568,14.378373519458547,7.3707910321489,9.258121827411168,3.1111111111111107
2013-04-29,35.49247993240389,26.435635825940004,14.380428812843263,7.367786227291931,9.255259822560204,3.095238095238095
2013-04-30,35.49247993240389,26.435635825940004,14.380428812843263,7.367786227291931,9.255259822560204,3.095238095238095
2013-05-01,35.49691983122363,26.43128691983122,14.379947257383968,7.364789029535865,9.25367088607595,3.083333333333333
2013-05-02,35.502612726506534,26.43074167720185,14.38073114201433,7.360535187526338,9.250821744627055,3.074074074074074
2013-05-03,35.50324483775811,26.42694900969237,14.388316477033293,7.357374631268437,9.243236409608091,3.1166666666666663
2013-05-04,35.50324483775811,26.42694900969237,14.388316477033293,7.357374631268437,9.243236409608091,3.1166666666666663
2013-05-05,35.50513468013468,26.427672558922556,14.389088804713806,7.354398148148149,9.24040404040404,3.015151515151515
2013-05-06,35.49945217024863,26.42378845343447,14.396533923303837,7.352949852507375,9.24007585335019,3.015151515151515
2013-05-07,35.50218855218855,26.422411616161614,14.397295875420877,7.349558080808081,9.23766835016835,3.013888888888889
2013-05-08,35.50218855218855,26.422411616161614,14.397295875420877,7.349558080808081,9.23766835016835,3.013888888888889
2013-05-09,35.50218855218855,26.422411616161614,14.397295875420877,7.349558080808081,9.23766835016835,3.013888888888889
2013-05-10,35.50477693602694,26.420517676767677,14.40266203703704,7.343623737373738,9.231607744107745,3.0128205128205128
2013-05-11,35.50477693602694,26.420517676767677,14.40266203703704,7.343623737373738,9.231607744107745,3.0128205128205128
2013-05-12,35.50792349726776,26.41998738965952,14.403415300546449,7.339407313997478,9.230054644808742,2.9404761904761902
2013-05-13,35.50666246321985,26.4187263556116,14.409720470786047,7.331841109709963,9.225010508617066,2.944444444444444
2013-05-14,35.50666246321985,26.4187263556116,14.409720470786047,7.331841109709963,9.225010508617066,2.944444444444444
2013-05-15,35.512321578505464,26.414420654911837,14.409204450041983,7.327644836272041,9.22472712006717,2.8854166666666665
2013-05-16,35.517966457023064,26.41264150943396,14.408689727463313,7.323459119496856,9.221928721174004,2.892156862745098
2013-05-17,35.52234087102178,26.41369346733668,14.407862227805698,7.319283919597991,9.219137353433837,2.898148148148148
2013-05-18,35.52234087102178,26.41369346733668,14.407862227805698,7.319283919597991,9.219137353433837,2.898148148148148
2013-05-19,35.526704307821,26.413174404015056,14.408605186114599,7.315119196988708,9.216352990380594,2.9035087719298245
2013-05-20,35.526704307821,26.413174404015056,14.408605186114599,7.315119196988708,9.216352990380594,2.9035087719298245
2013-05-21,35.526704307821,26.413174404015056,14.408605186114599,7.315119196988708,9.216352990380594,2.9035087719298245
2013-05-22,35.53105680868839,26.41234335839599,14.40684001670844,7.3122180451127825,9.21420217209691,2.9145833333333333
2013-05-23,35.53105680868839,26.41234335839599,14.40684001670844,7.3122180451127825,9.21420217209691,2.9145833333333333
2013-05-24,35.53790154359616,26.4130788485607,14.406330830204423,7.308072590738424,9.210179390905298,2.871031746031746
2013-05-25,35.53790154359616,26.4130788485607,14.406330830204423,7.308072590738424,9.210179390905298,2.871031746031746
2013-05-26,35.54347916666667,26.4138125,14.404572916666668,7.303937500000001,9.207416666666667,2.831439393939394
2013-05-27,35.54779442363712,26.412047440699126,14.404067831876823,7.299812734082398,9.204660840615897,2.8387681159420293
2013-05-28,35.55334580216127,26.409039900249375,14.403564006650043,7.2956982543640905,9.203158769742311,2.845486111111111
2013-05-29,35.55334580216127,26.409039900249375,14.403564006650043,7.2956982543640905,9.203158769742311,2.845486111111111
2013-05-30,35.55334580216127,26.409039900249375,14.403564006650043,7.2956982543640905,9.203158769742311,2.845486111111111
2013-05-31,35.55833333333334,26.40654613466334,14.40979842061513,7.288216957605986,9.196924355777224,2.851666666666667
2013-06-01,35.560827098919376,26.405299251870325,14.416032834580218,7.279488778054864,9.191936824605154,2.8958333333333335
2013-06-02,35.56207398171239,26.400311720698255,14.422267248545305,7.274501246882794,9.18944305901912,2.8626543209876547
2013-06-03,35.55403662089056,26.3958177278402,14.431533499791929,7.274843945068665,9.189679567207657,2.8626543209876547
2013-06-04,35.55833333333334,26.3965710723192,14.432242310889444,7.270760598503741,9.185702410640067,2.867559523809524
2013-06-05,35.5651100041511,26.393586550435863,14.430458696554588,7.266687422166875,9.184225819842258,2.8721264367816093
2013-06-06,35.57186981757878,26.3943407960199,14.42992330016584,7.262624378109454,9.180265339966832,2.876388888888889
2013-06-07,35.578088723051415,26.395584577114427,14.434898424543949,7.253917910447762,9.172802653399668,2.8803763440860215
2013-06-08,35.57507264425073,26.393586550435863,14.440421336654214,7.251743462017435,9.170527189705272,2.8803763440860215
2013-06-09,35.581820066335,26.393097014925374,14.43862976782753,7.247699004975125,9.167827529021558,2.8841145833333335
2013-06-10,35.581820066335,26.393097014925374,14.43862976782753,7.247699004975125,9.167827529021558,2.8841145833333335
2013-06-11,35.586066252588,26.39260869565217,14.438084886128365,7.244906832298137,9.165134575569358,2.887626262626263
2013-06-12,35.59154259718776,26.389640198511167,14.43630066170389,7.242121588089331,9.164929693961952,2.8615196078431375
2013-06-13,35.59154259718776,26.389640198511167,14.43630066170389,7.242121588089331,9.164929693961952,2.8615196078431375
2013-06-14,35.5956782464847,26.386331679073617,14.442793631100084,7.2346360628618696,9.160876757650952,2.836904761904762
2013-06-15,35.592691511387166,26.384327122153213,14.450797101449277,7.23120082815735,9.158592132505177,2.836904761904762
2013-06-16,35.59517598343685,26.378115942028987,14.455766045548657,7.226231884057971,9.156107660455486,2.8136574074074074
2013-06-17,35.59517598343685,26.378115942028987,14.455766045548657,7.226231884057971,9.156107660455486,2.8136574074074074
2013-06-18,35.60188172043011,26.37640612076096,14.455200578990903,7.223469809760132,9.154673283705542,2.791666666666667
2013-06-19,35.606712102437015,26.374080958281702,14.455565881866999,7.220714580751755,9.152313093762908,2.7905701754385968
2013-06-20,35.606712102437015,26.374080958281702,14.455565881866999,7.220714580751755,9.152313093762908,2.7905701754385968
2013-06-21,35.612907889301944,26.367885171416773,14.460522511358944,7.214518793886824,9.147356464270963,2.7905701754385968
2013-06-22,35.60870554177006,26.367100909842847,14.468538047973533,7.212303556658395,9.143817204301076,2.7905701754385968
2013-06-23,35.615386204047915,26.3654068566708,14.467957455596864,7.2083230070218915,9.142399834779017,2.7702991452991452
2013-06-24,35.619575082508256,26.364954620462047,14.469853547854788,7.204352310231023,9.139748349834983,2.7510416666666666
2013-06-25,35.62034283353986,26.366646014043784,14.475392399834782,7.199648905410988,9.133725733168113,2.7510416666666666
2013-06-26,35.62700082508251,26.36124174917492,14.476041666666669,7.1969265676567655,9.132322607260727,2.7327235772357725
2013-06-27,35.62700082508251,26.36124174917492,14.476041666666669,7.1969265676567655,9.132322607260727,2.7327235772357725
2013-06-28,35.635664191419146,26.356291254125416,14.480992161716173,7.189500825082509,9.12427805280528,2.739087301587302
2013-06-29,35.635664191419146,26.356291254125416,14.480992161716173,7.189500825082509,9.12427805280528,2.739087301587302
2013-06-30,35.639377062706274,26.35010313531353,14.485942656765678,7.184550330033003,9.119327557755776,2.7218992248062017
2013-07-01,35.638139438943895,26.34391501650165,14.495843646864689,7.1808374587458745,9.115614686468648,2.7282196969696972
2013-07-02,35.638139438943895,26.34391501650165,14.495843646864689,7.1808374587458745,9.115614686468648,2.7282196969696972
2013-07-03,35.64476720230738,26.33854552946024,14.495230737536055,7.178141738772147,9.115471775854965,2.712037037037037
2013-07-04,35.65261316872428,26.33689300411523,14.494619341563787,7.174218106995885,9.112860082304527,2.712037037037037
2013-07-05,35.653419859909356,26.33360115368768,14.501411207251753,7.170725175113309,9.108055212196128,2.712037037037037
2013-07-06,35.652990924092414,26.332776402640267,14.508219884488451,7.167223597359736,9.103238448844884,2.712037037037037
2013-07-07,35.66083642356819,26.332365059744543,14.505119489081173,7.163308611454471,9.10187474248043,2.6965579710144927
2013-07-08,35.66083642356819,26.332365059744543,14.505119489081173,7.163308611454471,9.10187474248043,2.6965579710144927
2013-07-09,35.66495884773663,26.33195473251029,14.504495884773664,7.160637860082304,9.099279835390947,2.7030141843971633
2013-07-10,35.67153719687629,26.326613234689685,14.505106863953968,7.157973695026716,9.099157418824497,2.6883680555555554
2013-07-11,35.67153719687629,26.326613234689685,14.505106863953968,7.157973695026716,9.099157418824497,2.6883680555555554
2013-07-12,35.67778462803123,26.323818331278254,14.509874640361692,7.150863131935881,9.092252363337444,2.6981292517006805
2013-07-13,35.678621399176954,26.32051440329218,14.51667695473251,7.148580246913579,9.087427983539095,2.6981292517006805
2013-07-14,35.68518290176736,26.32011919441019,14.513573777229757,7.145930949445129,9.084854089601315,2.664166666666667
2013-07-15,35.68355967078189,26.316810699588476,14.520380658436213,7.142407407407407,9.081255144032921,2.664166666666667
2013-07-16,35.687648993012736,26.316009042334567,14.52015002055076,7.139765721331688,9.079510891903,2.6642156862745097
2013-07-17,35.69419129720853,26.31192528735632,14.519509441707719,7.137130541871921,9.07818144499179,2.6514423076923075
2013-07-18,35.69419129720853,26.31192528735632,14.519509441707719,7.137130541871921,9.07818144499179,2.6514423076923075
2013-07-19,35.70034893267652,26.310693760262726,14.523204022988507,7.129741379310344,9.070792282430213,2.6580188679245285
2013-07-20,35.69997944923962,26.308610768598438,14.530014385532265,7.12620221948212,9.06718043567612,2.6580188679245285
2013-07-21,35.705275041050896,26.306999178981936,14.528130131362891,7.12481527093596,9.065866174055829,2.6458333333333335
2013-07-22,35.69997944923962,26.302445540484996,14.537412659268394,7.123736128236744,9.063481298808057,2.6458333333333335
2013-07-23,35.69997944923962,26.298746403616935,14.544810933004522,7.1188039457459915,9.057316070694617,2.6522727272727273
2013-07-24,35.70614467735306,26.292581175503493,14.548510069872586,7.112638717632552,9.051150842581176,2.640625
2013-07-25,35.71389573070607,26.29098932676519,14.547834564860427,7.108805418719212,9.048624794745484,2.629385964912281
2013-07-26,35.7123099054665,26.28888203863543,14.554675297986027,7.106473489519112,9.04251952322236,2.629385964912281
2013-07-27,35.709485596707815,26.29170781893004,14.560298353909465,7.1029012345679,9.036399176954733,2.629385964912281
2013-07-28,35.71072016460905,26.288004115226336,14.56400205761317,7.099197530864197,9.031460905349794,2.6357758620689653
2013-07-29,35.71072016460905,26.288004115226336,14.56400205761317,7.099197530864197,9.031460905349794,2.6357758620689653
2013-07-30,35.71477599671187,26.28764899301274,14.56453966296753,7.095376078914919,9.02895602137279,2.641949152542373
2013-07-31,35.72128489326765,26.282368637110014,14.56261288998358,7.0927955665024625,9.027688834154352,2.63125
2013-08-01,35.729007790077894,26.2820213202132,14.56069085690857,7.090221402214022,9.02519475194752,2.63125
2013-08-02,35.73269782697827,26.2820213202132,14.565610906109061,7.08530135301353,9.017814678146781,2.63125
2013-08-03,35.72990558292282,26.286063218390805,14.570002052545156,7.081711822660098,9.011678981937603,2.63125
2013-08-04,35.73515785157851,26.284481344813447,14.568070930709307,7.079151291512915,9.010434604346043,2.6209016393442623
2013-08-05,35.73392783927839,26.280791307913077,14.574220992209924,7.075461254612545,9.007974579745797,2.6108870967741935
2013-08-06,35.73392783927839,26.280791307913077,14.574220992209924,7.075461254612545,9.007974579745797,2.6108870967741935
2013-08-07,35.73916871416871,26.27676085176085,14.573515561015562,7.072911547911548,9.00550778050778,2.617063492063492
2013-08-08,35.73916871416871,26.27676085176085,14.573515561015562,7.072911547911548,9.00550778050778,2.617063492063492
2013-08-09,35.74592547092547,26.277067977067976,14.576648239148241,7.06566339066339,8.998013923013923,2.617063492063492
2013-08-10,35.744382943829436,26.278638786387862,14.58227757277573,7.062054120541205,8.991861418614185,2.617063492063492
2013-08-11,35.7480729807298,26.276178761787616,14.584737597375975,7.057134071340713,8.986941369413694,2.607421875
2013-08-12,35.7480729807298,26.276178761787616,14.584737597375975,7.057134071340713,8.986941369413694,2.607421875
2013-08-13,35.75206797706797,26.275839475839476,14.584019246519249,7.0546068796068795,8.985728910728911,2.6134615384615385
2013-08-14,35.75728016359918,26.271820040899794,14.582075664621678,7.052085889570552,8.984519427402862,2.6193181818181817
2013-08-15,35.76493055555555,26.270261437908495,14.578911356209153,7.049571078431373,8.983312908496732,2.6193181818181817
2013-08-16,35.77133822929416,26.268706650346797,14.576978784169729,7.047062423500612,8.982109343125256,2.6193181818181817
2013-08-17,35.76921977124183,26.272099673202614,14.581362336601309,7.042830882352941,8.97595996732026,2.6193181818181817
2013-08-18,35.77439820481436,26.269318645450834,14.578202774377807,7.041554467564259,8.974765401876784,2.595149253731343
2013-08-19,35.771670751633984,26.2671977124183,14.585038807189544,7.0367034313725485,8.971058006535948,2.595149253731343
2013-08-20,35.775622195022436,26.26646266829865,14.584322725418199,7.034618523051816,8.969869441044471,2.591299019607843
2013-08-21,35.78078647106764,26.262775061124692,14.582691524042382,7.033964955175224,8.968072534637326,2.589975845410628
2013-08-22,35.78078647106764,26.262775061124692,14.582691524042382,7.033964955175224,8.968072534637326,2.589975845410628
2013-08-23,35.787769637769635,26.26062271062271,14.580148555148558,7.032091982091982,8.967501017501018,2.5958333333333337
2013-08-24,35.786287693561526,26.262775061124692,14.585136511817442,7.027241238793806,8.961960065199674,2.5958333333333337
2013-08-25,35.78995517522412,26.26155256723716,14.586359005704974,7.021128769356154,8.957070089649552,2.6015258215962445
2013-08-26,35.78995517522412,26.257885085574568,14.592471475142625,7.017461287693562,8.952180114099429,2.607060185185185
2013-08-27,35.78995517522412,26.257885085574568,14.592471475142625,7.017461287693562,8.952180114099429,2.607060185185185
2013-08-28,35.79631664631664,26.2526862026862,14.588085063085066,7.014997964997965,8.953459503459504,2.6124429223744294
2013-08-29,35.80266260162601,26.252378048780486,14.584319105691058,7.0131504065040655,8.951686991869918,2.61768018018018
2013-08-30,35.80242165242165,26.251465201465198,14.589916564916567,7.0082824582824585,8.946743996743997,2.61768018018018
2013-08-31,35.799735126324364,26.254217603911975,14.595527709861452,7.003402607986961,8.941788916055419,2.61768018018018
2013-09-01,35.80364265364265,26.250244200244197,14.591137566137569,7.0021774521774525,8.943080993080994,2.622777777777778
2013-09-02,35.8075406504065,26.24993902439024,14.589197154471547,6.999735772357724,8.941930894308943,2.6277412280701755
2013-09-03,35.8075406504065,26.24993902439024,14.589197154471547,6.999735772357724,8.941930894308943,2.6277412280701755
2013-09-04,35.81264717823792,26.24719853836784,14.5857389362566,6.997909053999188,8.941088103938286,2.6390692640692643
2013-09-05,35.81895782643957,26.247506082725057,14.580160178426604,6.996086780210868,8.939943227899432,2.6436965811965814
2013-09-06,35.817519285424275,26.247807551766137,14.5857389362566,6.992427933414536,8.934997969955338,2.6436965811965814
2013-09-07,35.814857723577234,26.2505487804878,14.592550813008131,6.987540650406505,8.928821138211381,2.6436965811965814
2013-09-08,35.819955339017454,26.249025578562726,14.58817498984978,6.985119772634999,8.92890783597239,2.6482067510548526
2013-09-09,35.81873731222087,26.250243605359316,14.590611043442957,6.9802476654486405,8.925253755582622,2.652604166666667
2013-09-10,35.82382400648824,26.248722627737223,14.586242903487431,6.977838605028387,8.925344687753446,2.6568930041152266
2013-09-11,35.82768327257999,26.24720534629404,14.57945524503848,6.976650465775618,8.926650465775618,2.6610772357723578
2013-09-12,35.832746763754045,26.249332524271843,14.573897653721685,6.9742516181229774,8.925525889967638,2.659136546184739
2013-09-13,35.83711569579288,26.248361650485435,14.574383090614889,6.96818365695793,8.921035598705501,2.6750992063492065
2013-09-14,35.83448764682058,26.24906844876468,14.579941271769949,6.9644997974888625,8.916484406642365,2.6750992063492065
2013-09-15,35.83752022653722,26.24957524271845,14.575192152103561,6.961306634304207,8.915776699029125,2.690686274509804
2013-09-16,35.83732280275415,26.24866342648846,14.579536249493723,6.9576144187930336,8.912029161603888,2.690686274509804
2013-09-17,35.84116100323625,26.247148058252428,14.572764967637541,6.955238673139159,8.913349514563107,2.6942829457364343
2013-09-18,35.8449898989899,26.246848484848485,14.568434343434344,6.954080808080808,8.913454545454545,2.703544061302682
2013-09-19,35.84840597255852,26.24856739305892,14.560885794995967,6.95272397094431,8.913357546408394,2.725852272727273
2013-09-20,35.85143260694108,26.250181598062955,14.559473365617434,6.94727602905569,8.907909604519775,2.7420411985018727
2013-09-21,35.85143260694108,26.250181598062955,14.559473365617434,6.94727602905569,8.907909604519775,2.7420411985018727
2013-09-22,35.850040404040406,26.24927272727273,14.565,6.943575757575758,8.904161616161616,2.7420411985018727
2013-09-23,35.850040404040406,26.24927272727273,14.565,6.943575757575758,8.904161616161616,2.7420411985018727
2013-09-24,35.850040404040406,26.24927272727273,14.565,6.943575757575758,8.904161616161616,2.7420411985018727
2013-09-25,35.850040404040406,26.24927272727273,14.565,6.943575757575758,8.904161616161616,2.7420411985018727
2013-09-26,35.850040404040406,26.24927272727273,14.565,6.943575757575758,8.904161616161616,2.7420411985018727
2013-09-27,35.859737373737374,26.24806060606061,14.561363636363636,6.933878787878788,8.900525252525252,2.7671296296296295
2013-09-28,35.85835355987055,26.25200242718447,14.56689927184466,6.928944174757281,8.894336569579288,2.7671296296296295
2013-09-29,35.8670101010101,26.251696969696972,14.557727272727274,6.924181818181818,8.894464646464646,2.8026556776556775
2013-09-30,35.86199433656958,26.250788834951457,14.564472087378642,6.922876213592232,8.89190938511327,2.8026556776556775
2013-10-01,35.86943434343434,26.24927272727273,14.556515151515152,6.919333333333333,8.892040404040404,2.826539855072464
2013-10-02,35.86943434343434,26.24927272727273,14.556515151515152,6.919333333333333,8.892040404040404,2.826539855072464
2013-10-03,35.86943434343434,26.24927272727273,14.556515151515152,6.919333333333333,8.892040404040404,2.826539855072464
2013-10-04,35.86943434343434,26.24927272727273,14.556515151515152,6.919333333333333,8.892040404040404,2.826539855072464
2013-10-05,35.86988268608414,26.251395631067965,14.560831310679612,6.91377427184466,8.887661812297734,2.826539855072464
2013-10-06,35.87731313131313,26.24987878787879,14.552878787878788,6.910242424242424,8.88779797979798,2.8606630824372763
2013-10-07,35.8771642394822,26.251395631067965,14.555976941747574,6.905279126213592,8.884021035598705,2.8606630824372763
2013-10-08,35.8771642394822,26.251395631067965,14.555976941747574,6.905279126213592,8.884021035598705,2.8606630824372763
2013-10-09,35.88822222222222,26.24866666666667,14.548030303030304,6.900545454545455,8.882949494949495,2.8940602836879434
2013-10-10,35.89622679580307,26.2477602905569,14.540708232445521,6.896428571428571,8.883091202582728,2.9135964912280703
2013-10-11,35.89658585858586,26.248545454545454,14.545787878787879,6.890666666666665,8.878767676767676,2.9135964912280703
2013-10-12,35.898887540453075,26.25006067961165,14.551304611650485,6.8844660194174745,8.871338996763754,2.9135964912280703
2013-10-13,35.906169093851126,26.25006067961165,14.548877427184465,6.873543689320387,8.867698220064725,2.945746527777778
2013-10-14,35.906169093851126,26.25006067961165,14.548877427184465,6.873543689320387,8.867698220064725,2.945746527777778
2013-10-15,35.913555555555554,26.249151515151514,14.542151515151515,6.869454545454545,8.867858585858587,2.977233676975945
2013-10-16,35.92334543987086,26.24642857142857,14.534231234866828,6.86598062953995,8.86680790960452,3.0080782312925174
2013-10-17,35.92334543987086,26.24642857142857,14.534231234866828,6.86598062953995,8.86680790960452,3.0080782312925174
2013-10-18,35.92567676767676,26.246727272727274,14.539727272727273,6.860969696969696,8.860585858585859,3.0080782312925174
2013-10-19,35.926800161812295,26.250667475728154,14.544023058252426,6.854733009708737,8.854348705501618,3.0080782312925174
2013-10-20,35.93416161616161,26.249151515151514,14.537303030303029,6.850060606060605,8.855737373737375,3.0281986531986536
2013-10-21,35.93779797979798,26.250363636363634,14.537303030303029,6.8433939393939385,8.852707070707071,3.037916666666667
2013-10-22,35.93779797979798,26.250363636363634,14.537303030303029,6.8433939393939385,8.852707070707071,3.037916666666667
2013-10-23,35.94513720742534,26.248849878934625,14.529993946731235,6.8405569007263916,8.852885391444714,3.059818481848185
2013-10-24,35.94513720742534,26.248849878934625,14.529993946731235,6.8405569007263916,8.852885391444714,3.059818481848185
2013-10-25,35.951190476190476,26.251271186440675,14.528783292978208,6.830871670702178,8.846832122679581,3.078839869281046
2013-10-26,35.95113131313131,26.258848484848485,14.531848484848485,6.823393939393939,8.839373737373737,3.078839869281046
2013-10-27,35.95961616161616,26.261272727272726,14.529424242424241,6.811272727272726,8.833313131313131,3.0974919093851137
2013-10-28,35.95961616161616,26.261272727272726,14.529424242424241,6.811272727272726,8.833313131313131,3.0974919093851137
2013-10-29,35.95961616161616,26.261272727272726,14.529424242424241,6.811272727272726,8.833313131313131,3.0974919093851137
2013-10-30,35.96692897497982,26.26004842615012,14.523335351089587,6.807566585956415,8.833514931396287,3.1133814102564106
2013-10-31,35.96692897497982,26.26004842615012,14.523335351089587,6.807566585956415,8.833514931396287,3.1133814102564106
2013-11-01,35.96692897497982,26.26004842615012,14.523335351089587,6.807566585956415,8.833514931396287,3.1133814102564106
2013-11-02,35.96931313131313,26.26521212121212,14.52760606060606,6.7994545454545445,8.826040404040404,3.1133814102564106
2013-11-03,35.97661420500403,26.2636803874092,14.520914043583534,6.794854721549636,8.826251008878128,3.1313492063492063
2013-11-04,35.97476767676768,26.26521212121212,14.52578787878788,6.789757575757575,8.822404040404042,3.1313492063492063
2013-11-05,35.97476767676768,26.26521212121212,14.52578787878788,6.789757575757575,8.822404040404042,3.1313492063492063
2013-11-06,35.98206214689265,26.264285714285712,14.520006053268764,6.78547215496368,8.822619047619048,3.1442610062893084
2013-11-07,35.989338976219265,26.2639661426844,14.514540507859733,6.780894800483675,8.822833534864975,3.1522585669781935
2013-11-08,35.996598228663444,26.263647342995167,14.507880434782608,6.776328502415458,8.823047504025766,3.1693672839506175
2013-11-09,35.9978033051189,26.26759371221282,14.512726723095525,6.769407496977024,8.816182990729544,3.1693672839506175
2013-11-10,36.00384460547504,26.267270531400964,14.507276570048308,6.764855072463767,8.81640499194847,3.1861620795107037
2013-11-11,36.00384460547504,26.267270531400964,14.507276570048308,6.764855072463767,8.81640499194847,3.1861620795107037
2013-11-12,36.011077603538396,26.26574185765983,14.50304583835947,6.76151990349819,8.816023321270608,3.1981060606060607
2013-11-13,36.01708835341365,26.26301204819277,14.496415662650602,6.758192771084336,8.817449799196787,3.2143393393393396
2013-11-14,36.01708835341365,26.26301204819277,14.496415662650602,6.758192771084336,8.817449799196787,3.2143393393393396
2013-11-15,36.01891837555287,26.264173703256937,14.501417370325692,6.7513268998793725,8.811921994370728,3.2143393393393396
2013-11-16,36.01894122383253,26.269323671497585,14.508061594202898,6.743780193236715,8.80444847020934,3.2143393393393396
2013-11-17,36.02494973864093,26.267792521109772,14.502623642943304,6.739264173703257,8.804684358665058,3.230282738095238
2013-11-18,36.02377214170692,26.27173913043478,14.5056461352657,6.734118357487922,8.800825281803544,3.230282738095238
2013-11-19,36.029774829111375,26.270205066344992,14.49900482509047,6.730820265379975,8.801065540812225,3.24594395280236
2013-11-20,36.03576305220883,26.268072289156628,14.493584337349397,6.727530120481927,8.802208835341366,3.259137426900585
2013-11-21,36.03576305220883,26.268072289156628,14.493584337349397,6.727530120481927,8.802208835341366,3.259137426900585
2013-11-22,36.04294023265142,26.266546329723226,14.488176895306859,6.723044524669072,8.802446851183314,3.2655797101449275
2013-11-23,36.04419678714859,26.269277108433734,14.493584337349397,6.715481927710843,8.796787148594378,3.2655797101449275
2013-11-24,36.051425702811244,26.269277108433734,14.492379518072289,6.704638554216867,8.791967871485944,3.2805316091954024
2013-11-25,36.051425702811244,26.269277108433734,14.492379518072289,6.704638554216867,8.791967871485944,3.2805316091954024
2013-11-26,36.051425702811244,26.269277108433734,14.492379518072289,6.704638554216867,8.791967871485944,3.2805316091954024
2013-11-27,36.056478138788606,26.268953068592058,14.487274368231047,6.701383874849578,8.792519053349379,3.290954415954416
2013-11-28,36.056478138788606,26.268953068592058,14.487274368231047,6.701383874849578,8.792519053349379,3.290954415954416
2013-11-29,36.063698355395104,26.270156438026476,14.484867629362213,6.691756919374248,8.787705575611714,3.3054378531073447
2013-11-30,36.06377510040161,26.27530120481928,14.490271084337348,6.684156626506024,8.782630522088354,3.3054378531073447
2013-12-01,36.06971520256719,26.27496991576414,14.483664259927798,6.6809265944645,8.782892097874049,3.3196778711484596
2013-12-02,36.067389558232925,26.276506024096385,14.488463855421687,6.676325301204819,8.779016064257029,3.3196778711484596
2013-12-03,36.07513036502206,26.273766546329725,14.484265944645005,6.672503008423585,8.779883674288007,3.3253472222222222
2013-12-04,36.0822516025641,26.26983173076923,14.478876201923075,6.6680889423076914,8.78135016025641,3.3391873278236917
2013-12-05,36.09055622248899,26.26830732292917,14.473499399759904,6.663685474189675,8.781612645058024,3.344603825136612
2013-12-06,36.093068910256406,26.267427884615383,14.478876201923075,6.657271634615384,8.776542467948719,3.344603825136612
2013-12-07,36.0931809065383,26.27135980746089,14.484265944645005,6.6496389891696746,8.771460088247093,3.344603825136612
2013-12-08,36.100280448717946,26.271033653846153,14.477674278846154,6.645252403846153,8.771734775641026,3.3580623306233064
2013-12-09,36.10736294517807,26.269507803121247,14.472298919567827,6.642076830732292,8.772609043617448,3.3672715053763445
2013-12-10,36.115627498001594,26.26798561151079,14.466936450839327,6.637709832134292,8.772881694644285,3.3723333333333336
2013-12-11,36.12387225548902,26.265269461077843,14.460389221556886,6.633353293413173,8.77435129740519,3.385251322751323
2013-12-12,36.12387225548902,26.265269461077843,14.460389221556886,6.633353293413173,8.77435129740519,3.385251322751323
2013-12-13,36.13069860279441,26.26311377245509,14.459071856287423,6.624491017964072,8.771956087824352,3.3900918635170605
2013-12-14,36.129656274980015,26.26642685851319,14.463818944844123,6.6186450839328534,8.766286970423662,3.3900918635170605
2013-12-15,36.13804956035172,26.264028776978417,14.460221822541966,6.610251798561151,8.76388888888889,3.4026692708333335
2013-12-16,36.13804956035172,26.264028776978417,14.460221822541966,6.610251798561151,8.76388888888889,3.4026692708333335
2013-12-17,36.14506986027944,26.26311377245509,14.453682634730537,6.607125748502994,8.764770459081838,3.4111757105943155
2013-12-18,36.14506986027944,26.26311377245509,14.453682634730537,6.607125748502994,8.764770459081838,3.4111757105943155
2013-12-19,36.151475279106855,26.2622009569378,14.448953349282295,6.604007177033493,8.765051834130782,3.419551282051282
2013-12-20,36.158462763839104,26.263082437275987,14.442443249701313,6.60089605734767,8.764137793707686,3.4239821882951653
2013-12-21,36.15805422647528,26.266387559808614,14.447757177033491,6.594437799043062,8.75847288676236,3.4239821882951653
2013-12-22,36.16383910792513,26.264874551971328,14.441248506571085,6.591338112305854,8.758761449621666,3.435921717171717
2013-12-23,36.16383910792513,26.264874551971328,14.441248506571085,6.591338112305854,8.758761449621666,3.435921717171717
2013-12-24,36.16383910792513,26.264874551971328,14.441248506571085,6.591338112305854,8.758761449621666,3.435921717171717
2013-12-25,36.16383910792513,26.264874551971328,14.441248506571085,6.591338112305854,8.758761449621666,3.435921717171717
2013-12-26,36.16383910792513,26.264874551971328,14.441248506571085,6.591338112305854,8.758761449621666,3.435921717171717
2013-12-27,36.16383910792513,26.264874551971328,14.441248506571085,6.591338112305854,8.758761449621666,3.435921717171717
2013-12-28,36.16343700159489,26.26818181818182,14.446561004784687,6.585466507177033,8.752492025518341,3.435921717171717
2013-12-29,36.163632734530935,26.270898203592814,14.45068862275449,6.578982035928144,8.74620758483034,3.435921717171717
2013-12-30,36.163632734530935,26.270898203592814,14.45068862275449,6.578982035928144,8.74620758483034,3.435921717171717
2013-12-31,36.163632734530935,26.270898203592814,14.45068862275449,6.578982035928144,8.74620758483034,3.435921717171717
2014-01-01,36.170614035087716,26.26818181818182,14.445364832535883,6.577093301435406,8.747707336523126,3.4401629072681708
2014-01-02,36.170614035087716,26.26818181818182,14.445364832535883,6.577093301435406,8.747707336523126,3.4401629072681708
2014-01-03,36.170614035087716,26.26818181818182,14.445364832535883,6.577093301435406,8.747707336523126,3.4401629072681708
2014-01-04,36.170219560878245,26.273293413173654,14.449491017964071,6.571197604790419,8.741417165668663,3.4401629072681708
2014-01-05,36.170219560878245,26.273293413173654,14.449491017964071,6.571197604790419,8.741417165668663,3.4401629072681708
2014-01-06,36.17201596806387,26.273293413173654,14.448293413173651,6.5652095808383235,8.740219560878245,3.451803482587065
2014-01-07,36.17201596806387,26.273293413173654,14.448293413173651,6.5652095808383235,8.740219560878245,3.451803482587065
2014-01-08,36.17779106858054,26.269377990430623,14.442972488038276,6.5633373205741625,8.741726475279108,3.4632716049382717
2014-01-09,36.183552369573874,26.270250896057348,14.436469534050177,6.560274790919952,8.74084030266826,3.467218137254902
2014-01-10,36.18365231259968,26.269976076555025,14.442374401913874,6.554605263157894,8.735745614035089,3.467218137254902
2014-01-11,36.18327345309381,26.275089820359284,14.447095808383231,6.54748502994012,8.729441117764472,3.467218137254902
2014-01-12,36.1902312599681,26.273564593301437,14.440580143540668,6.544437799043061,8.72976475279107,3.4784063260340634
2014-01-13,36.19501594896332,26.27476076555024,14.440580143540668,6.534868421052631,8.725578149920256,3.4821859903381642
2014-01-14,36.19501594896332,26.27476076555024,14.440580143540668,6.534868421052631,8.725578149920256,3.4821859903381642
2014-01-15,36.199561927518914,26.270848267622462,14.435274790919951,6.533034647550776,8.72710075667065,3.49310551558753
2014-01-16,36.197408293460924,26.27476076555024,14.439383971291864,6.526495215311004,8.721989633173845,3.49310551558753
2014-01-17,36.20553564317005,26.27204301075269,14.432885304659496,6.52347670250896,8.723516527279969,3.4967261904761906
2014-01-18,36.205183413078146,26.27715311004785,14.437589712918658,6.516925837320573,8.71720494417863,3.4967261904761906
2014-01-19,36.210911987256075,26.276821983273596,14.42989844683393,6.513918757467144,8.71873755475906,3.507387706855792
2014-01-20,36.210911987256075,26.276821983273596,14.42989844683393,6.513918757467144,8.71873755475906,3.507387706855792
2014-01-21,36.21782020684169,26.27529832935561,14.423418854415273,6.510918854415274,8.719073190135243,3.510856807511737
2014-01-22,36.22352006356774,26.273182359952326,14.417848629320618,6.5088200238379015,8.720003972983712,3.5142773892773893
2014-01-23,36.22352006356774,26.273182359952326,14.417848629320618,6.5088200238379015,8.720003972983712,3.5142773892773893
2014-01-24,36.223786793953856,26.274701670644394,14.42192720763723,6.503460620525059,8.713703261734288,3.5142773892773893
2014-01-25,36.22285941855834,26.281003584229392,14.42721027479092,6.495698924731182,8.707387495021905,3.5142773892773893
2014-01-26,36.22883313420948,26.281003584229392,14.426015531660692,6.48853046594982,8.702608522500997,3.5176504629629632
2014-01-27,36.23452665075577,26.28126491646778,14.42013723150358,6.486157517899761,8.702366746221163,3.520977011494253
2014-01-28,36.23452665075577,26.28126491646778,14.42013723150358,6.486157517899761,8.702366746221163,3.520977011494253
2014-01-29,36.24020659515296,26.279141835518477,14.415464839094158,6.483790226460071,8.702423520063569,3.5276826484018264
2014-01-30,36.24020659515296,26.279141835518477,14.415464839094158,6.483790226460071,8.702423520063569,3.5276826484018264
2014-01-31,36.2471593166468,26.280333730631707,14.415663488279698,6.475049662296384,8.69626539531188,3.530895691609977
2014-02-01,36.24745425616547,26.280668257756563,14.42093277645187,6.4684566428003185,8.692322991249005,3.530895691609977
2014-02-02,36.25461416070008,26.27947494033413,14.419739459029435,6.460103420843278,8.688743038981702,3.534065315315315
2014-02-03,36.25640413683373,26.278281622911695,14.420336117740652,6.454136833731106,8.686356404136834,3.543903803131991
2014-02-04,36.25640413683373,26.278281622911695,14.420336117740652,6.454136833731106,8.686356404136834,3.543903803131991
2014-02-05,36.263249900675405,26.275566150178786,14.415067540723083,6.451211760031784,8.686730234406038,3.5469444444444442
2014-02-06,36.26888888888889,26.27642857142857,14.408621031746032,6.448293650793651,8.687103174603175,3.556567328918322
2014-02-07,36.26888888888889,26.27642857142857,14.408621031746032,6.448293650793651,8.687103174603175,3.556567328918322
2014-02-08,36.26873261819627,26.276916964640442,14.414551052840682,6.44274930472785,8.682161303138658,3.556567328918322
2014-02-09,36.275555555555556,26.275396825396825,14.409295634920634,6.43984126984127,8.682539682539684,3.559484649122807
2014-02-10,36.27469209376242,26.275725069527212,14.414551052840682,6.43321414382201,8.678585617798968,3.559484649122807
2014-02-11,36.28031746031746,26.275396825396825,14.408105158730157,6.43031746031746,8.679563492063492,3.568899782135076
2014-02-12,36.28592944906857,26.272691240586603,14.402863654379706,6.427427665477605,8.681133571145462,3.5716991341991338
2014-02-13,36.28592944906857,26.272691240586603,14.402863654379706,6.427427665477605,8.681133571145462,3.5716991341991338
2014-02-14,36.28626984126984,26.27361111111111,14.408700396825395,6.4219841269841265,8.675992063492064,3.5716991341991338
2014-02-15,36.28661104489472,26.275129121970597,14.415147000397297,6.41652761223679,8.669646404449743,3.5716991341991338
2014-02-16,36.29222222222222,26.272420634920632,14.411081349206349,6.413650793650793,8.67123015873016,3.5809139784946233
2014-02-17,36.297820055489495,26.270907649623464,14.405836305984938,6.410780816488307,8.672810146650813,3.5900106837606836
2014-02-18,36.297820055489495,26.270907649623464,14.405836305984938,6.410780816488307,8.672810146650813,3.5900106837606836
2014-02-19,36.30221694378464,26.26821060965954,14.400603721298495,6.407917656373713,8.674386381631038,3.5989915074309975
2014-02-20,36.30660340055358,26.26848556741795,14.395976670620797,6.405061289047054,8.67477263740609,3.6078586497890295
2014-02-21,36.31453396524487,26.265797788309634,14.390768167456555,6.402211690363349,8.67634281200632,3.610324947589098
2014-02-22,36.315500197706605,26.266706207987344,14.397162910241201,6.396164491894028,8.670620798734678,3.610324947589098
2014-02-23,36.322617635429026,26.26551996836694,14.395976670620797,6.385488335310399,8.669434559114276,3.6190104166666663
2014-02-24,36.322617635429026,26.26551996836694,14.395976670620797,6.385488335310399,8.669434559114276,3.6190104166666663
2014-02-25,36.32786334913112,26.263724328593995,14.391360584518166,6.382661927330173,8.669826224328595,3.629140786749482
2014-02-26,36.33339250493097,26.258678500986193,14.386163708086784,6.381025641025641,8.671400394477319,3.637602880658436
2014-02-27,36.33339250493097,26.258678500986193,14.386163708086784,6.381025641025641,8.671400394477319,3.637602880658436
2014-02-28,36.337726556343576,26.258372734436563,14.380979117415286,6.378211189913317,8.671788810086683,3.6459611451942737
2014-03-01,36.341676528599606,26.258086785009862,14.386163708086784,6.370374753451676,8.666666666666668,3.6459611451942737
2014-03-02,36.34600078802207,26.255417651694245,14.380979117415286,6.367572892040976,8.668242710795903,3.6542174796747964
2014-03-03,36.34404339250493,26.256903353057197,14.38853057199211,6.362090729783037,8.664299802761342,3.6542174796747964
2014-03-04,36.34954688731285,26.254826635145783,14.384525216706066,6.35929866036249,8.665287628053587,3.6623737373737373
2014-03-05,36.3538567493113,26.249803227075954,14.379348681621408,6.356513183785911,8.668044077134986,3.6764558232931726
2014-03-06,36.36051493710692,26.247150157232703,14.37536360062893,6.3537342767295595,8.668435534591195,3.678393213572854
2014-03-07,36.36051493710692,26.247150157232703,14.37536360062893,6.3537342767295595,8.668435534591195,3.678393213572854
2014-03-08,36.36290830381739,26.249016135379772,14.380529319165682,6.3462809917355365,8.66332152695789,3.678393213572854
2014-03-09,36.36955581761006,26.245184748427675,14.37536360062893,6.342334905660376,8.664897798742139,3.6862599206349205
2014-03-10,36.36955581761006,26.245184748427675,14.37536360062893,6.342334905660376,8.664897798742139,3.6862599206349205
2014-03-11,36.37500981546918,26.244307027875934,14.37021005104044,6.339575971731448,8.664703572830781,3.6969921104536487
2014-03-12,36.38162745098039,26.240490196078433,14.363892156862745,6.336823529411764,8.666274509803923,3.704656862745098
2014-03-13,36.38162745098039,26.240490196078433,14.363892156862745,6.336823529411764,8.666274509803923,3.704656862745098
2014-03-14,36.388098039215684,26.239549019607843,14.363539215686274,6.327176470588235,8.66321568627451,3.7063840155945416
2014-03-15,36.38894778170397,26.241009030231645,14.369071456615625,6.320102080879466,8.658107577542207,3.7063840155945416
2014-03-16,36.39437254901961,26.238372549019605,14.365107843137253,6.317372549019607,8.659686274509804,3.7139050387596897
2014-03-17,36.39248135060856,26.239831173930114,14.371427169218688,6.311857086768748,8.656929721240676,3.7139050387596897
2014-03-18,36.39790196078432,26.23719607843137,14.367460784313725,6.309137254901961,8.65850980392157,3.721339113680154
2014-03-19,36.4033098315707,26.234763023893457,14.361936936936937,6.306815511163338,8.65969447708578,3.7286877394636013
2014-03-20,36.4033098315707,26.234763023893457,14.361936936936937,6.306815511163338,8.65969447708578,3.7286877394636013
2014-03-21,36.4073137254902,26.235039215686275,14.365892156862746,6.300117647058824,8.654588235294117,3.7286877394636013
2014-03-22,36.40779348252847,26.23767177071064,14.373390263054574,6.2922261484098945,8.649469964664311,3.7286877394636013
2014-03-23,36.413196078431376,26.23621568627451,14.368245098039216,6.288352941176471,8.65105882352941,3.735952380952381
2014-03-24,36.413196078431376,26.23621568627451,14.368245098039216,6.288352941176471,8.65105882352941,3.735952380952381
2014-03-25,36.413196078431376,26.23621568627451,14.368245098039216,6.288352941176471,8.65105882352941,3.735952380952381
2014-03-26,36.41858597728163,26.233587935761847,14.363112025068547,6.28566392479436,8.652643948296122,3.7431344696969693
2014-03-27,36.41858597728163,26.233587935761847,14.363112025068547,6.28566392479436,8.652643948296122,3.7431344696969693
2014-03-28,36.42396322378717,26.232140062597807,14.357991001564946,6.282394366197184,8.653051643192487,3.7502354048964217
2014-03-29,36.42446141793968,26.23241284763024,14.366637289463377,6.275675675675676,8.647943595769682,3.7502354048964217
2014-03-30,36.430924402663535,26.23241284763024,14.367224833529182,6.265687426556992,8.644418331374853,3.7572565543071157
2014-03-31,36.42672549019608,26.23386274509804,14.373539215686275,6.260117647058824,8.642823529411764,3.7572565543071157
2014-04-01,36.432099490795146,26.231825303564435,14.3695750097924,6.256286721504114,8.643243243243242,3.7641992551210426
2014-04-02,36.43863458528951,26.22803208137715,14.36327269170579,6.253638497652583,8.644835680751173,3.7766203703703702
2014-04-03,36.44398202422821,26.227764751856192,14.358157483391949,6.250996483001173,8.645252051582649,3.783379373848987
2014-04-04,36.44398202422821,26.227764751856192,14.358157483391949,6.250996483001173,8.645252051582649,3.783379373848987
2014-04-05,36.44450312989046,26.22979264475743,14.364446400625978,6.243661971830987,8.640140845070421,3.783379373848987
2014-04-06,36.449843688940994,26.227178585384916,14.359329816334505,6.239859320046894,8.641735052754981,3.7955586080586077
2014-04-07,36.44919796557121,26.228618935837247,14.36327269170579,6.234272300469484,8.63661971830986,3.7955586080586077
2014-04-08,36.45453302071122,26.22600625244236,14.358157483391949,6.231652989449004,8.638218053927314,3.8076047358834244
2014-04-09,36.46102654176425,26.222228727556598,14.353054254488681,6.229039812646371,8.639812646370023,3.814085144927536
2014-04-10,36.46102654176425,26.222228727556598,14.353054254488681,6.229039812646371,8.639812646370023,3.814085144927536
2014-04-11,36.46633528265107,26.220799220272905,14.347962962962963,6.226432748538012,8.64140350877193,3.8150900900900897
2014-04-12,36.46723263075722,26.222384855581577,14.35274199843872,6.219594067135051,8.63696330991413,3.8150900900900897
2014-04-13,36.476600312256046,26.22004293520687,14.351571038251366,6.209055425448868,8.633450429352068,3.8268369175627237
2014-04-14,36.47835675253708,26.21828649492584,14.351571038251366,6.202029664324747,8.633450429352068,3.83578431372549
2014-04-15,36.48364522417154,26.214522417153997,14.346481481481481,6.199454191033139,8.635048732943469,3.84729609929078
2014-04-16,36.48833722741433,26.213395638629287,14.34198792834891,6.197176791277259,8.635475077881619,3.8560405643738975
2014-04-17,36.48833722741433,26.213395638629287,14.34198792834891,6.197176791277259,8.635475077881619,3.8560405643738975
2014-04-18,36.48833722741433,26.213395638629287,14.34198792834891,6.197176791277259,8.635475077881619,3.8560405643738975
2014-04-19,36.48890838206628,26.216569200779727,14.345896686159843,6.190389863547759,8.63037037037037,3.8560405643738975
2014-04-20,36.49301012461059,26.215147975077883,14.340819704049844,6.187830996884736,8.630802180685357,3.8673245614035086
2014-04-21,36.49301012461059,26.215147975077883,14.340819704049844,6.187830996884736,8.630802180685357,3.8673245614035086
2014-04-22,36.49301012461059,26.215147975077883,14.340819704049844,6.187830996884736,8.630802180685357,3.8673245614035086
2014-04-23,36.49826915597044,26.21285492026449,14.336046285492026,6.185569817191754,8.631816413846751,3.8732547993019195
2014-04-24,36.49826915597044,26.21285492026449,14.336046285492026,6.185569817191754,8.631816413846751,3.8732547993019195
2014-04-25,36.50351592851593,26.21144133644134,14.330992618492619,6.183022533022534,8.633411033411033,3.879123263888889
2014-04-26,36.50410346168806,26.214021781408015,14.335462854920264,6.175651497471802,8.628899260987941,3.879123263888889
2014-04-27,36.50877090626216,26.21518864255154,14.333129132633216,6.16631660832361,8.626565538700895,3.8849309153713296
2014-04-28,36.50877090626216,26.21518864255154,14.333129132633216,6.16631660832361,8.626565538700895,3.8849309153713296
2014-04-29,36.51429681429681,26.212606837606838,14.328078865578865,6.164083139083139,8.627000777000777,3.8945446735395186
2014-04-30,36.51835467597982,26.212359332557238,14.323040357004269,6.161563833915406,8.62743500194024,3.900213675213675
2014-05-01,36.51835467597982,26.212359332557238,14.323040357004269,6.161563833915406,8.62743500194024,3.900213675213675
2014-05-02,36.52012432012432,26.21377233877234,14.326913364413365,6.15475912975913,8.622338772338772,3.900213675213675
2014-05-03,36.518397510696225,26.217522364838587,14.33079541034617,6.147938545313108,8.61956437183975,3.900213675213675
2014-05-04,36.52245532245532,26.21610334110334,14.325747863247864,6.1454351204351205,8.621173271173271,3.9058248299319724
2014-05-05,36.52653457653457,26.216686091686093,14.326330613830613,6.134945609945611,8.618842268842268,3.911379018612521
2014-05-06,36.52653457653457,26.216686091686093,14.326330613830613,6.134945609945611,8.618842268842268,3.911379018612521
2014-05-07,36.53174233604967,26.212941404734188,14.32129414047342,6.132460225067909,8.62045013581684,3.9168771043771042
2014-05-08,36.53174233604967,26.212941404734188,14.32129414047342,6.132460225067909,8.62045013581684,3.9168771043771042
2014-05-09,36.53523476911137,26.21410554908809,14.322458284827318,6.12198292588281,8.619285991462942,3.917294807370184
2014-05-10,36.53473193473194,26.21594794094794,14.326835664335666,6.11501554001554,8.615151515151513,3.917294807370184
2014-05-11,36.538766006984865,26.21453240201785,14.322962747380677,6.11255335661622,8.615599534342257,3.922708333333333
2014-05-12,36.53822843822844,26.21711344211344,14.326835664335666,6.105691530691531,8.612820512820512,3.922708333333333
2014-05-13,36.54284051222351,26.214823438106325,14.322962747380677,6.103240201785021,8.613853317811408,3.929311774461028
2014-05-14,36.54656976744186,26.213410852713178,14.318226744186047,6.101375968992248,8.614302325581395,3.9383250825082508
2014-05-15,36.54604190919674,26.215987582460226,14.323253783469152,6.094509119130772,8.610360884749708,3.9383250825082508
2014-05-16,36.55069848661234,26.215987582460226,14.323253783469152,6.085195964299573,8.606868451688008,3.948481116584565
2014-05-17,36.55069848661234,26.215987582460226,14.323253783469152,6.085195964299573,8.606868451688008,3.948481116584565
2014-05-18,36.55354651162791,26.21457364341085,14.318226744186047,6.0839341085271315,8.608488372093023,3.958537581699346
2014-05-19,36.5575493612079,26.213162988772744,14.313211382113822,6.081513743708865,8.608943089430893,3.9636178861788616
2014-05-20,36.5575493612079,26.213162988772744,14.313211382113822,6.081513743708865,8.608943089430893,3.9636178861788616
2014-05-21,36.561542923433876,26.210595514307812,14.308207656612531,6.079098994586234,8.610556844547563,3.9735032362459544
2014-05-22,36.561542923433876,26.210595514307812,14.308207656612531,6.079098994586234,8.610556844547563,3.9735032362459544
2014-05-23,36.561542923433876,26.210595514307812,14.308207656612531,6.079098994586234,8.610556844547563,3.9735032362459544
2014-05-24,36.561542923433876,26.210595514307812,14.308207656612531,6.079098994586234,8.610556844547563,3.9735032362459544
2014-05-25,36.5643684820394,26.208033989957514,14.303215527230591,6.077848590189262,8.612166859791424,3.98329307568438
2014-05-26,36.5643684820394,26.208033989957514,14.303215527230591,6.077848590189262,8.612166859791424,3.98329307568438
2014-05-27,36.567766203703705,26.20721450617284,14.298234953703705,6.075443672839506,8.613194444444444,3.992988782051282
2014-05-28,36.567766203703705,26.20721450617284,14.298234953703705,6.075443672839506,8.613194444444444,3.992988782051282
2014-05-29,36.567766203703705,26.20721450617284,14.298234953703705,6.075443672839506,8.613194444444444,3.992988782051282
2014-05-30,36.567766203703705,26.20721450617284,14.298234953703705,6.075443672839506,8.613194444444444,3.992988782051282
2014-05-31,36.56784472769409,26.209772112784858,14.30263615295481,6.067999227500966,8.610428736964078,3.992988782051282
2014-06-01,36.570162224797215,26.208613364233294,14.30263615295481,6.057570490536887,8.610428736964078,4.002591706539075
2014-06-02,36.566183294663574,26.208855375096675,14.309947795823668,6.0518368136117555,8.608816705336427,4.002591706539075
2014-06-03,36.56784472769409,26.208613364233294,14.306112398609503,6.048879876400155,8.609269988412514,4.012103174603174
2014-06-04,36.56950231481481,26.204899691358023,14.301128472222224,6.046508487654321,8.610879629629629,4.031003159557661
2014-06-05,36.57173410404624,26.204662813102118,14.297312138728325,6.043564547206166,8.611329479768786,4.040290880503145
2014-06-06,36.57173410404624,26.204662813102118,14.297312138728325,6.043564547206166,8.611329479768786,4.040290880503145
2014-06-07,36.57239583333333,26.20547839506173,14.302864583333335,6.036091820987655,8.60798611111111,4.040290880503145
2014-06-08,36.57520231213873,26.20408477842004,14.297890173410407,6.032581888246628,8.609595375722542,4.054186228482003
2014-06-09,36.57520231213873,26.20408477842004,14.297890173410407,6.032581888246628,8.609595375722542,4.054186228482003
2014-06-10,36.57520231213873,26.20408477842004,14.297890173410407,6.032581888246628,8.609595375722542,4.054186228482003
2014-06-11,36.57800230946882,26.201250962278674,14.292927251732102,6.030523479599692,8.610623556581984,4.069119937694704
2014-06-12,36.57800230946882,26.201250962278674,14.292927251732102,6.030523479599692,8.610623556581984,4.069119937694704
2014-06-13,36.57800230946882,26.201250962278674,14.292927251732102,6.030523479599692,8.610623556581984,4.069119937694704
2014-06-14,36.57924855491329,26.203217726396918,14.297890173410407,6.021888246628131,8.607283236994219,4.069119937694704
2014-06-15,36.58204387990762,26.20182832948422,14.294081986143189,6.0195535026943805,8.608891454965358,4.078100775193798
2014-06-16,36.58608545034642,26.201250962278674,14.294081986143189,6.009160892994611,8.606581986143187,4.086998456790123
2014-06-17,36.588869665513265,26.197558631295657,14.2891291810842,6.0068435217224145,8.608189158016147,4.10042242703533
2014-06-18,36.588869665513265,26.197558631295657,14.2891291810842,6.0068435217224145,8.608189158016147,4.10042242703533
2014-06-19,36.588869665513265,26.197558631295657,14.2891291810842,6.0068435217224145,8.608189158016147,4.10042242703533
2014-06-20,36.59400230680507,26.198193002691276,14.289359861591695,5.995828527489427,8.603863898500576,4.109136085626911
2014-06-21,36.595842956120094,26.20304080061586,14.294312933025404,5.9842763664357195,8.599942263279445,4.109136085626911
2014-06-22,36.59861591695502,26.201653210303732,14.289359861591695,5.9819876970396,8.600403690888118,4.1223363774733635
2014-06-23,36.602652825836216,26.19934640522876,14.291666666666666,5.969300269127259,8.600403690888118,4.130871212121212
2014-06-24,36.60541474654378,26.197964669738866,14.287874423963133,5.967031490015361,8.600864055299539,4.1393288084464555
2014-06-25,36.61047180667434,26.194284618335253,14.282940161104719,5.964767932489451,8.60132336018412,4.152214714714715
2014-06-26,36.61047180667434,26.194284618335253,14.282940161104719,5.964767932489451,8.60132336018412,4.152214714714715
2014-06-27,36.6132183908046,26.19291187739464,14.279166666666667,5.961360153256705,8.6017816091954,4.160500747384155
2014-06-28,36.61622554660529,26.19601074031454,14.282940161104719,5.949808208668968,8.598446490218642,4.160500747384155
2014-06-29,36.62313003452244,26.19601074031454,14.281789413118528,5.934848484848485,8.59614499424626,4.173177083333333
2014-06-30,36.62816091954023,26.19348659003832,14.276867816091954,5.932049808429118,8.596609195402298,4.1812962962962965
2014-07-01,36.62816091954023,26.19348659003832,14.276867816091954,5.932049808429118,8.596609195402298,4.1812962962962965
2014-07-02,36.63318025258324,26.18982013011864,14.27195752009185,5.929831611174895,8.59707233065442,4.193768436578171
2014-07-03,36.63589449541284,26.189602446483182,14.268205275229358,5.927618501529052,8.597534403669725,4.197320117474303
2014-07-04,36.640068886337545,26.192116341370074,14.27195752009185,5.916054343666284,8.593628013777266,4.197320117474303
2014-07-05,36.64310344827586,26.19578544061303,14.276867816091954,5.902164750957854,8.590862068965516,4.197320117474303
2014-07-06,36.646957520091846,26.19441255262151,14.27195752009185,5.898832759280521,8.591331802525831,4.205226608187134
2014-07-07,36.64540229885058,26.19578544061303,14.276867816091954,5.890670498084291,8.58971264367816,4.205226608187134
2014-07-08,36.649253731343286,26.19441255262151,14.27195752009185,5.888499808649062,8.590183696900114,4.210880640465793
2014-07-09,36.654243119266056,26.19074923547401,14.268205275229358,5.885187308868502,8.59065366972477,4.218659420289855
2014-07-10,36.654243119266056,26.19074923547401,14.268205275229358,5.885187308868502,8.59065366972477,4.218659420289855
2014-07-11,36.65556831228473,26.191542288557216,14.27195752009185,5.874722541140452,8.589035591274396,4.218659420289855
2014-07-12,36.65862068965517,26.19636015325671,14.276867816091954,5.860785440613027,8.585114942528735,4.218659420289855
2014-07-13,36.666666666666664,26.19521072796935,14.276867816091954,5.845842911877394,8.582816091954022,4.222041847041847
2014-07-14,36.67049368541906,26.192690394182936,14.273105625717566,5.8431496364332185,8.583295063145808,4.2297054597701145
2014-07-15,36.67049368541906,26.192690394182936,14.273105625717566,5.8431496364332185,8.583295063145808,4.2297054597701145
2014-07-16,36.675172018348626,26.190175840978597,14.269352064220184,5.840175840978593,8.583486238532108,4.237303290414879
2014-07-17,36.675172018348626,26.190175840978597,14.269352064220184,5.840175840978593,8.583486238532108,4.237303290414879
2014-07-18,36.68079128440367,26.190519877675843,14.268778669724771,5.827217125382264,8.581995412844037,4.238425925925926
2014-07-19,36.68444316877152,26.193608878683506,14.273105625717566,5.813815537696136,8.578645235361654,4.238425925925926
2014-07-20,36.68824541284403,26.19338685015291,14.268205275229358,5.810588685015291,8.579128440366972,4.241666666666666
2014-07-21,36.68824541284403,26.19338685015291,14.268205275229358,5.810588685015291,8.579128440366972,4.241666666666666
2014-07-22,36.692038946162654,26.193165330278735,14.26331615120275,5.808514700267279,8.578465063001145,4.244879943502824
2014-07-23,36.69811212814645,26.189511823035854,14.258438215102975,5.805587337909993,8.579519450800916,4.250175808720113
2014-07-24,36.69811212814645,26.189511823035854,14.258438215102975,5.805587337909993,8.579519450800916,4.250175808720113
2014-07-25,36.70349369988545,26.189728904161896,14.26217067583047,5.7950553646429945,8.575601374570446,4.250175808720113
2014-07-26,36.70774082568807,26.19224006116208,14.265911697247706,5.782205657492355,8.572821100917432,4.250175808720113
2014-07-27,36.7180619266055,26.18994648318043,14.26476490825688,5.7661506116207955,8.572821100917432,4.253326330532213
2014-07-28,36.71773823191733,26.19246077305779,14.269661308840414,5.755549177190969,8.57118254879449,4.253326330532213
2014-07-29,36.72150229357798,26.190519877675843,14.265338302752294,5.7529625382263,8.571674311926605,4.256450488145049
2014-07-30,36.7286941580756,26.185719740358916,14.26045246277205,5.749809087437954,8.573310423825887,4.259548611111111
2014-07-31,36.7286941580756,26.185719740358916,14.26045246277205,5.749809087437954,8.573310423825887,4.259548611111111
2014-08-01,36.73297018348624,26.18593272171254,14.265338302752294,5.738054281345566,8.57052752293578,4.259548611111111
2014-08-02,36.73610792192881,26.18729429774206,14.271383467278989,5.725124378109453,8.567738231917337,4.259548611111111
2014-08-03,36.742144495412845,26.18593272171254,14.26648509174312,5.721999235474007,8.568233944954128,4.26262102351314
2014-08-04,36.742144495412845,26.18593272171254,14.26648509174312,5.721999235474007,8.568233944954128,4.26262102351314
2014-08-05,36.74702176403207,26.184574264986637,14.26102520045819,5.718881252386407,8.56930126002291,4.263601928374656
2014-08-06,36.75417620137299,26.182074752097638,14.2550057208238,5.716914569031275,8.56979405034325,4.266632373113855
2014-08-07,36.759028571428566,26.181866666666668,14.250142857142857,5.713809523809524,8.570285714285715,4.269637978142077
2014-08-08,36.76218535469107,26.1826468344775,14.253861556064074,5.702040427154844,8.568649885583524,4.269637978142077
2014-08-09,36.766494845360825,26.185147002672778,14.258734249713632,5.689098892707141,8.56586483390607,4.269637978142077
2014-08-10,36.77133867276888,26.186079328756676,14.252717391304348,5.686022120518689,8.566361556064074,4.272619047619048
2014-08-11,36.77565864833906,26.185147002672778,14.257588774341352,5.674207712867507,8.564719358533791,4.272619047619048
2014-08-12,36.77565864833906,26.185147002672778,14.257588774341352,5.674207712867507,8.564719358533791,4.272619047619048
2014-08-13,36.78163615560641,26.183790999237225,14.252431350114417,5.671720061022121,8.565217391304348,4.27659214092141
2014-08-14,36.78163615560641,26.183790999237225,14.252431350114417,5.671720061022121,8.565217391304348,4.27659214092141
2014-08-15,36.784936998854526,26.183371515845746,14.257016036655212,5.661321114929363,8.562428407789232,4.27659214092141
2014-08-16,36.78813073394495,26.185875382263,14.261897935779816,5.649464831804282,8.559633027522937,4.27659214092141
2014-08-17,36.79295532646048,26.186807941962584,14.257016036655212,5.64642993508973,8.560137457044673,4.275472334682862
2014-08-18,36.79271788990825,26.188168960244653,14.263044724770642,5.635703363914374,8.55848623853211,4.275472334682862
2014-08-19,36.7975372279496,26.187953417334864,14.258161512027492,5.632684230622376,8.558991981672394,4.274361559139785
2014-08-20,36.802726926010685,26.187166285278416,14.25328947368421,5.629862700228833,8.55911517925248,4.279283801874164
2014-08-21,36.802726926010685,26.187166285278416,14.25328947368421,5.629862700228833,8.55911517925248,4.279283801874164
2014-08-22,36.811880244088485,26.184877955758964,14.254433638443937,5.616132723112128,8.555682684973304,4.278166666666667
2014-08-23,36.81510118365789,26.186235204276443,14.259306987399771,5.603092783505154,8.554028255059183,4.278166666666667
2014-08-24,36.82311951126385,26.186235204276443,14.258161512027492,5.59049255441008,8.551737304314624,4.277058432934927
2014-08-25,36.82311951126385,26.186235204276443,14.258161512027492,5.59049255441008,8.551737304314624,4.277058432934927
2014-08-26,36.82311951126385,26.186235204276443,14.258161512027492,5.59049255441008,8.551737304314624,4.277058432934927
2014-08-27,36.82904271548436,26.184305873379103,14.25328947368421,5.587814645308924,8.552536231884059,4.279927248677249
2014-08-28,36.82904271548436,26.184305873379103,14.25328947368421,5.587814645308924,8.552536231884059,4.279927248677249
2014-08-29,36.83590770404272,26.18545003813883,14.252145308924485,5.572940503432494,8.551392067124333,4.282773386034256
2014-08-30,36.83915616647576,26.185662466590305,14.257016036655212,5.562142038946162,8.548587247040855,4.282773386034256
2014-08-31,36.848319969453996,26.185089728904163,14.255297823596793,5.5483963344788085,8.548587247040855,4.285597112860892
2014-09-01,36.848319969453996,26.185089728904163,14.255297823596793,5.5483963344788085,8.548587247040855,4.285597112860892
2014-09-02,36.85192601067887,26.18373379099924,14.250429061784898,5.545480549199085,8.550247902364607,4.292320261437909
2014-09-03,36.85666666666667,26.181238095238097,14.245571428571429,5.542571428571429,8.551904761904762,4.295084635416667
2014-09-04,36.86025494672755,26.178748097412484,14.240724885844749,5.5396689497716896,8.553557838660579,4.305609597924773
2014-09-05,36.866115545419994,26.177404028886357,14.23474914481186,5.5367730900798175,8.554066894716838,4.312177002583979
2014-09-06,36.86881659056317,26.178177321156777,14.239583333333334,5.525970319634703,8.551274733637747,4.312177002583979
2014-09-07,36.87466742683391,26.176833903458764,14.23360889395667,5.5230900798175595,8.55292664386165,4.318693693693694
2014-09-08,36.87680745814308,26.17703576864536,14.237300228310502,5.513413242009133,8.551274733637747,4.318693693693694
2014-09-09,36.87680745814308,26.17703576864536,14.237300228310502,5.513413242009133,8.551274733637747,4.318693693693694
2014-09-10,36.88122386925124,26.1734131508932,14.232468643101482,5.510832383124288,8.551786393006461,4.327083333333333
2014-09-11,36.88122386925124,26.1734131508932,14.232468643101482,5.510832383124288,8.551786393006461,4.327083333333333
2014-09-12,36.88251522070016,26.17332572298326,14.237014840182649,5.501997716894977,8.549562404870624,4.327083333333333
2014-09-13,36.88466666666667,26.176952380952383,14.241857142857143,5.49,8.546761904761905,4.327083333333333
2014-09-14,36.88936453576865,26.17560882800609,14.235873287671232,5.487157534246576,8.547279299847794,4.337324393358877
2014-09-15,36.8892380952381,26.175809523809527,14.241857142857143,5.477428571428572,8.545619047619049,4.337324393358877
2014-09-16,36.891647640791476,26.174467275494674,14.237014840182649,5.475171232876712,8.546708523592086,4.3474872773536894
2014-09-17,36.89633219308248,26.172843025465607,14.23161345496009,5.4729190421892815,8.546940326871912,4.356622306717364
2014-09-18,36.89633219308248,26.172843025465607,14.23161345496009,5.4729190421892815,8.546940326871912,4.356622306717364
2014-09-19,36.89633219308248,26.172843025465607,14.23161345496009,5.4729190421892815,8.546940326871912,4.356622306717364
2014-09-20,36.89792617960426,26.173040334855408,14.237014840182649,5.462614155251141,8.545852359208524,4.356622306717364
2014-09-21,36.90146332193083,26.171702774610416,14.231043329532497,5.459806157354618,8.546370201444319,4.37042297979798
2014-09-22,36.90146332193083,26.171702774610416,14.231043329532497,5.459806157354618,8.546370201444319,4.37042297979798
2014-09-23,36.90670083523159,26.16809035687168,14.224515945330296,5.456435079726652,8.546886864085042,4.389779874213837
2014-09-24,36.90965111869549,26.165623814941224,14.21970989761092,5.453640500568828,8.547402351156618,4.403352130325815
2014-09-25,36.90965111869549,26.165623814941224,14.21970989761092,5.453640500568828,8.547402351156618,4.403352130325815
2014-09-26,36.914201744406526,26.165054986727345,14.220278725824802,5.441126279863481,8.5451270383011,4.414950062421973
2014-09-27,36.91638192862567,26.16638192862567,14.22622437357631,5.429100227790433,8.543470007593015,4.414950062421973
2014-09-28,36.92321564160972,26.16410402429765,14.223946469248292,5.415432801822323,8.543470007593015,4.428327114427861
2014-09-29,36.924924069855734,26.161826119969632,14.22622437357631,5.404043280182233,8.54290053151101,4.443463444857497
2014-09-30,36.924924069855734,26.161826119969632,14.22622437357631,5.404043280182233,8.54290053151101,4.443463444857497
2014-10-01,36.93069776260903,26.15822904816079,14.220278725824802,5.400170648464163,8.542282897231702,4.46033950617284
2014-10-02,36.93532196969697,26.15577651515152,14.214346590909091,5.396306818181818,8.543939393939395,4.477091020910209
2014-10-03,36.93866135760334,26.153678422449754,14.219141069397041,5.387656427758817,8.541145240803944,4.477091020910209
2014-10-04,36.939730447987856,26.15385345482157,14.2250854214123,5.377847380410023,8.539483675018984,4.477091020910209
2014-10-05,36.94656416097191,26.14929764616553,14.223946469248292,5.364179954441913,8.539483675018984,4.493719362745098
2014-10-06,36.948783732421134,26.147187381223873,14.226482326111745,5.355473204104903,8.538958570885596,4.493719362745098
2014-10-07,36.95225892179195,26.14417236142749,14.222238041002278,5.352220956719818,8.538914198936979,4.506562881562882
2014-10-08,36.95225892179195,26.14417236142749,14.222238041002278,5.352220956719818,8.538914198936979,4.506562881562882
2014-10-09,36.95225892179195,26.14417236142749,14.222238041002278,5.352220956719818,8.538914198936979,4.506562881562882
2014-10-10,36.957668944571,26.14417236142749,14.220244874715261,5.33997722095672,8.536921032649962,4.519312652068127
2014-10-11,36.965641609719064,26.140755504935463,14.219105922551252,5.327448747152619,8.534643128321944,4.531969696969697
2014-10-12,36.965641609719064,26.140755504935463,14.219105922551252,5.327448747152619,8.534643128321944,4.531969696969697
2014-10-13,36.96909366704589,26.138320060675014,14.214306029579067,5.323663253697384,8.535172544558211,4.548158212560387
2014-10-14,36.96909366704589,26.138320060675014,14.214306029579067,5.323663253697384,8.535172544558211,4.548158212560387
2014-10-15,36.97253787878788,26.13475378787879,14.209517045454545,5.3210227272727275,8.535700757575757,4.560619735258725
2014-10-16,36.97253787878788,26.13475378787879,14.209517045454545,5.3210227272727275,8.535700757575757,4.560619735258725
2014-10-17,36.97253787878788,26.13475378787879,14.209517045454545,5.3210227272727275,8.535700757575757,4.560619735258725
2014-10-18,36.97535077739856,26.135475919605614,14.213737201365188,5.310580204778157,8.533466059916572,4.560619735258725
2014-10-19,36.98106060606061,26.133049242424246,14.2078125,5.307954545454545,8.533996212121213,4.56939448441247
2014-10-20,36.98217671596512,26.13092529389458,14.21259954493743,5.300341296928328,8.533466059916572,4.56939448441247
2014-10-21,36.98598484848485,26.12945075757576,14.207244318181818,5.297537878787879,8.533806818181818,4.579898446833931
2014-10-22,36.99054105183504,26.12703367385547,14.20133371169126,5.293794930003784,8.534335981838819,4.592113095238095
2014-10-23,36.99054105183504,26.12703367385547,14.20133371169126,5.293794930003784,8.534335981838819,4.592113095238095
2014-10-24,36.99452003023432,26.12688964474679,14.196003401360544,5.290627362055934,8.534297052154194,4.600682087781732
2014-10-25,36.997351494513815,26.128168747635264,14.199631101021566,5.280174044646236,8.532065834279228,4.600682087781732
2014-10-26,37.00188964474679,26.12688964474679,14.1937358276644,5.2775888133031,8.532596371882086,4.605644208037825
2014-10-27,37.00188964474679,26.12688964474679,14.1937358276644,5.2775888133031,8.532596371882086,4.605644208037825
2014-10-28,37.00641751604379,26.124480936202342,14.188986409966025,5.273876934692337,8.53312570781427,4.61763839811543
2014-10-29,37.01093514328809,26.12094645550528,14.18424773755656,5.270173453996984,8.533653846153847,4.629548122065728
2014-10-30,37.01093514328809,26.12094645550528,14.18424773755656,5.270173453996984,8.533653846153847,4.629548122065728
2014-10-31,37.012080030200075,26.123348433371085,14.187853907134768,5.260286900717253,8.531993204983012,4.629548122065728
2014-11-01,37.014361300075585,26.124622071050645,14.19033446712018,5.250377928949359,8.530328798185941,4.629548122065728
2014-11-02,37.02003023431595,26.124622071050645,14.185799319727892,5.23790627362056,8.530328798185941,4.637865497076024
2014-11-03,37.020052970109724,26.125898600075672,14.189415437003404,5.22909572455543,8.530930760499432,4.637865497076024
2014-11-04,37.020052970109724,26.125898600075672,14.189415437003404,5.22909572455543,8.530930760499432,4.637865497076024
2014-11-05,37.02456538170824,26.122921390778536,14.184098639455783,5.226284958427816,8.531462585034014,4.649621212121213
2014-11-06,37.029067572668936,26.1216496791242,14.179360135900339,5.223763684409212,8.531993204983012,4.65781068524971
2014-11-07,37.030234315948604,26.123488284202573,14.182397959183673,5.213246409674982,8.530895691609977,4.65781068524971
2014-11-08,37.03253878168748,26.126466136965572,14.184307604994325,5.202705259175181,8.528660612939841,4.65781068524971
2014-11-09,37.038214150586455,26.126466136965572,14.182037457434733,5.189084373817632,8.527525539160045,4.665943287037037
2014-11-10,37.038214150586455,26.126466136965572,14.182037457434733,5.189084373817632,8.527525539160045,4.665943287037037
2014-11-11,37.0427059712774,26.124622071050645,14.177295918367347,5.1871693121693125,8.528061224489797,4.6774798154555945
2014-11-12,37.047187617969044,26.12108342770857,14.17143261608154,5.184692336730842,8.529728199320498,4.688936781609196
2014-11-13,37.047187617969044,26.12108342770857,14.17143261608154,5.184692336730842,8.529728199320498,4.688936781609196
2014-11-14,37.05285013212533,26.123348433371085,14.170300113250283,5.1746976568405145,8.526330690826727,4.696878579610539
2014-11-15,37.05404383975813,26.128023431594862,14.172760770975056,5.163545213772229,8.524659863945578,4.696878579610539
2014-11-16,37.05851264628162,26.1256134390336,14.16803510758777,5.161092214663644,8.52519818799547,4.70476598173516
2014-11-17,37.064175160437905,26.126745941864858,14.164637599093998,5.146919879062737,8.526330690826727,4.712599544937429
2014-11-18,37.064175160437905,26.126745941864858,14.164637599093998,5.146919879062737,8.526330690826727,4.712599544937429
2014-11-19,37.068910256410255,26.12490573152338,14.159643665158372,5.1447716119290305,8.526300904977376,4.71952947845805
2014-11-20,37.068910256410255,26.12490573152338,14.159643665158372,5.1447716119290305,8.526300904977376,4.71952947845805
2014-11-21,37.075697586726996,26.127168174962293,14.158512443438914,5.132314080785203,8.522907239819004,4.723870056497176
2014-11-22,37.082484917043736,26.13169306184012,14.15625,5.118724046810118,8.519513574660634,4.728181306306307
2014-11-23,37.08484333710834,26.135239713099285,14.15755945639864,5.107520786092215,8.517836919592298,4.728181306306307
2014-11-24,37.09050585126463,26.134107210268027,14.155294450736127,5.0956160241874535,8.519535673839185,4.737514029180696
2014-11-25,37.096059577677224,26.13282428355958,14.149462669683258,5.093242733106833,8.518947963800905,4.7417505592841165
2014-11-26,37.10160075329566,26.129284369114878,14.144774011299434,5.08974358974359,8.520621468926553,4.745958751393534
2014-11-27,37.10160075329566,26.129284369114878,14.144774011299434,5.08974358974359,8.520621468926553,4.745958751393534
2014-11-28,37.106000752445446,26.12913844996238,14.14122460496614,5.08974358974359,8.520033860045146,4.750138888888889
2014-11-29,37.10612052730696,26.134934086629002,14.142514124293786,5.078520196300492,8.519491525423728,4.750138888888889
2014-11-30,37.11177024482109,26.136064030131827,14.141384180790961,5.066062665156664,8.51723163841808,4.757613510520487
2014-12-01,37.11177024482109,26.136064030131827,14.141384180790961,5.066062665156664,8.51723163841808,4.757613510520487
2014-12-02,37.11672310007524,26.132524454477053,14.135581264108351,5.062594268476622,8.51890519187359,4.7700055187637975
2014-12-03,37.12110108981586,26.13012025554303,14.132046223224352,5.059133709981168,8.51944757609921,4.77406490649065
2014-12-04,37.12434309309309,26.129973723723726,14.128519144144144,5.055680963130174,8.51998873873874,4.781387061403509
2014-12-05,37.12434309309309,26.129973723723726,14.128519144144144,5.055680963130174,8.51998873873874,4.781387061403509
2014-12-06,37.12561067267944,26.13350244269072,14.130918827508456,5.0461393596986825,8.517756482525366,4.781387061403509
2014-12-07,37.12997372372372,26.133352102102105,14.126266891891891,5.0438299473288195,8.51829954954955,4.785382513661203
2014-12-08,37.131247651258924,26.13632093198046,14.127536640360766,5.033709981167609,8.517192784667419,4.785382513661203
2014-12-09,37.131247651258924,26.13632093198046,14.127536640360766,5.033709981167609,8.517192784667419,4.785382513661203
2014-12-10,37.13560435435435,26.133915165165167,14.12401463963964,5.0302859292701285,8.517736486486486,4.789351851851852
2014-12-11,37.139951256092985,26.13151481064867,14.118813273340832,5.026869597895529,8.518841394825646,4.799809989142237
2014-12-12,37.14613798275215,26.132639670041247,14.118813273340832,5.017306245297217,8.516591676040495,4.80370670995671
2014-12-13,37.14742867867868,26.13616741741742,14.121762387387387,5.007156308851225,8.513795045045045,4.80370670995671
2014-12-14,37.15176227971503,26.134889388826398,14.117125984251969,5.0048908954100835,8.514341957255343,4.807578209277239
2014-12-15,37.153059309309306,26.137293543543546,14.12063626126126,4.994726930320152,8.513795045045045,4.807578209277239
2014-12-16,37.15869891263592,26.135076865391827,14.115813648293962,4.9913468773513925,8.51509186351706,4.8130376344086025
2014-12-17,37.162453183520604,26.134925093632962,14.110627340823969,4.989665539270951,8.515074906367042,4.820069667738478
2014-12-18,37.162453183520604,26.134925093632962,14.110627340823969,4.989665539270951,8.515074906367042,4.820069667738478
2014-12-19,37.167882528993644,26.133651328095777,14.106013842124952,4.989665539270951,8.514496820052376,4.823851495726496
2014-12-20,37.174055368499815,26.13533482977928,14.103208005985783,4.976136790680196,8.513374485596708,4.83080404685836
2014-12-21,37.17537453183521,26.137734082397007,14.10444756554307,4.965951843491347,8.511704119850188,4.83080404685836
2014-12-22,37.17537453183521,26.137734082397007,14.10444756554307,4.965951843491347,8.511704119850188,4.83080404685836
2014-12-23,37.17537453183521,26.137734082397007,14.10444756554307,4.965951843491347,8.511704119850188,4.83080404685836
2014-12-24,37.17537453183521,26.137734082397007,14.10444756554307,4.965951843491347,8.511704119850188,4.83080404685836
2014-12-25,37.17537453183521,26.137734082397007,14.10444756554307,4.965951843491347,8.511704119850188,4.83080404685836
2014-12-26,37.17537453183521,26.137734082397007,14.10444756554307,4.965951843491347,8.511704119850188,4.83080404685836
2014-12-27,37.17669666291714,26.14295088113986,14.106252343457067,4.955178907721281,8.508905136857893,4.83080404685836
2014-12-28,37.1791478978979,26.146490240240244,14.107498123123122,4.942684766214179,8.507225975975976,4.83080404685836
2014-12-29,37.1804772641864,26.150037579857198,14.10987410747839,4.932427331068328,8.506670424652386,4.83080404685836
2014-12-30,37.1804772641864,26.150037579857198,14.10987410747839,4.932427331068328,8.506670424652386,4.83080404685836
2014-12-31,37.1804772641864,26.150037579857198,14.10987410747839,4.932427331068328,8.506670424652386,4.83080404685836
2015-01-01,37.18590465465466,26.146490240240244,14.105245870870869,4.929110105580694,8.509478228228229,4.831342887473461
2015-01-02,37.18590465465466,26.146490240240244,14.105245870870869,4.929110105580694,8.509478228228229,4.831342887473461
2015-01-03,37.18667794062383,26.150601277715147,14.107619316046598,4.919403548508872,8.506670424652386,4.831342887473461
2015-01-04,37.18688863807374,26.155285929270132,14.109998118886379,4.9079743008314445,8.506113619262603,4.831342887473461
2015-01-05,37.18688863807374,26.155285929270132,14.109998118886379,4.9079743008314445,8.506113619262603,4.831342887473461
2015-01-06,37.19287861706126,26.15285606914694,14.104237128898909,4.90468101170253,8.507234122510335,4.839814814814815
2015-01-07,37.19829204204204,26.148179429429433,14.100741366366366,4.902526395173455,8.508915165165165,4.8403217299578065
2015-01-08,37.202568428946385,26.14801274840645,14.096128608923884,4.900376647834276,8.508342707161605,4.843980021030495
2015-01-09,37.20335960960961,26.151557807807812,14.097362987987987,4.889517345399699,8.50778903903904,4.843980021030495
2015-01-10,37.21067942942943,26.153246996996998,14.093984609609608,4.877639517345401,8.50609984984985,4.850759958071279
2015-01-11,37.21067942942943,26.153246996996998,14.093984609609608,4.877639517345401,8.50609984984985,4.850759958071279
2015-01-12,37.211480646373545,26.156801954152577,14.095781661029687,4.866742166855418,8.50554302893649,4.850759958071279
2015-01-13,37.211480646373545,26.156801954152577,14.095781661029687,4.866742166855418,8.50554302893649,4.850759958071279
2015-01-14,37.21687312312313,26.152120870870874,14.091169294294293,4.8657616892911015,8.507225975975976,4.854362591431557
2015-01-15,37.22362987987988,26.152120870870874,14.087790915915914,4.853883861236803,8.507225975975976,4.862630208333334
2015-01-16,37.22844019497563,26.15082489688789,14.083755155605548,4.852354048964219,8.506655418072741,4.866173416407062
2015-01-17,37.2346269216348,26.151949756280466,14.080380577427821,4.841619585687383,8.505530558680165,4.8728002070393375
2015-01-18,37.237143393393396,26.155499249249253,14.081597222222221,4.830128205128206,8.503847597597598,4.8728002070393375
2015-01-19,37.237410747839164,26.15905674558437,14.083944006012775,4.819743299358249,8.503288237504698,4.8728002070393375
2015-01-20,37.24277402402403,26.156062312312315,14.079344969969968,4.817967571644043,8.50441066066066,4.877837977296182
2015-01-21,37.24812523434571,26.151387326584178,14.07475628046494,4.815913370998118,8.506092988376453,4.881301440329218
2015-01-22,37.24812523434571,26.151387326584178,14.07475628046494,4.815913370998118,8.506092988376453,4.881301440329218
2015-01-23,37.25009384384385,26.154936186186188,14.075403528528527,4.8055241327300156,8.504973723723724,4.881301440329218
2015-01-24,37.25628753753754,26.157188438438443,14.073714339339338,4.7942119155354455,8.503284534534535,4.88474358974359
2015-01-25,37.25939496429914,26.15905674558437,14.076052236001502,4.7837863344658365,8.500469748214957,4.88474358974359
2015-01-26,37.26503194287862,26.160184141300267,14.074924840285606,4.770196300490752,8.498778654641113,4.891232106339468
2015-01-27,37.26503194287862,26.160184141300267,14.074924840285606,4.770196300490752,8.498778654641113,4.891232106339468
2015-01-28,37.27008258258259,26.157751501501505,14.070617492492492,4.768759426847663,8.499061561561563,4.894622833843018
2015-01-29,37.27008258258259,26.157751501501505,14.070617492492492,4.768759426847663,8.499061561561563,4.894622833843018
2015-01-30,37.2742782152231,26.156449193850772,14.068288338957629,4.766760828625236,8.498500187476566,4.897992886178862
2015-01-31,37.27990251218598,26.15926134233221,14.066413573303336,4.755084745762712,8.495688038995127,4.901342451874367
2015-02-01,37.28246996996997,26.162819069069073,14.068740615615615,4.744626696832579,8.491741741741743,4.901342451874367
2015-02-02,37.2881006006006,26.165071321321324,14.06761448948949,4.731617647058823,8.48948948948949,4.90770202020202
2015-02-03,37.2881006006006,26.165071321321324,14.06761448948949,4.731617647058823,8.48948948948949,4.90770202020202
2015-02-04,37.29340082489689,26.161511061117363,14.06303899512561,4.730790960451977,8.491188601424822,4.907980866062437
2015-02-05,37.297565543071165,26.160205992509365,14.058473782771534,4.7288374717832955,8.491760299625469,4.911270080321286
2015-02-06,37.29902512185977,26.164323209598802,14.060789276340456,4.7200564971751415,8.487814023247095,4.911270080321286
2015-02-07,37.30352455943007,26.167697787776532,14.05966441694788,4.709322033898305,8.48612673415823,4.911536536536537
2015-02-08,37.30611861861862,26.168449699699703,14.063673048048047,4.699377828054299,8.482732732732734,4.911536536536537
2015-02-09,37.30759113115371,26.169767004885383,14.067690717775271,4.689977349943375,8.479894776399851,4.911536536536537
2015-02-10,37.31118618618619,26.168449699699703,14.063673048048047,4.688065610859729,8.479917417417418,4.919286427145709
2015-02-11,37.3164604424447,26.16488563929509,14.059101987251593,4.688418079096045,8.480502437195351,4.922512437810946
2015-02-12,37.3164604424447,26.16488563929509,14.059101987251593,4.688418079096045,8.480502437195351,4.922512437810946
2015-02-13,37.32433445819273,26.16488563929509,14.057977127859017,4.676553672316384,8.476565429321335,4.928695436507937
2015-02-14,37.331083614548184,26.163760779902514,14.056852268466441,4.666384180790961,8.476565429321335,4.931874381800198
2015-02-15,37.331083614548184,26.163760779902514,14.056852268466441,4.666384180790961,8.476565429321335,4.931874381800198
2015-02-16,37.33596096096096,26.165071321321324,14.061420795795796,4.655825791855204,8.472597597597598,4.931874381800198
2015-02-17,37.33596096096096,26.165071321321324,14.061420795795796,4.655825791855204,8.472597597597598,4.931874381800198
2015-02-18,37.34176977877765,26.16207349081365,14.056852268466441,4.655084745762712,8.472347206599176,4.9350345167652865
2015-02-19,37.345880149812736,26.161329588014983,14.051732209737827,4.655474040632054,8.472940074906367,4.938176007866273
2015-02-20,37.345880149812736,26.161329588014983,14.051732209737827,4.655474040632054,8.472940074906367,4.938176007866273
2015-02-21,37.34998129442574,26.161148522259637,14.046062476618031,4.654735062006765,8.473531612420501,4.941299019607843
2015-02-22,37.34998129442574,26.161148522259637,14.046062476618031,4.654735062006765,8.473531612420501,4.941299019607843
2015-02-23,37.35262172284644,26.165823970037454,14.04948501872659,4.644187358916478,8.468445692883895,4.941299019607843
2015-02-24,37.35727646838758,26.163112607557053,14.04522072577628,4.642897406989854,8.468761690983914,4.946603128054742
2015-02-25,37.36248131539612,26.160687593423024,14.039564648729446,4.64329954954955,8.469357249626308,4.949683235867447
2015-02-26,37.36248131539612,26.160687593423024,14.039564648729446,4.64329954954955,8.469357249626308,4.949683235867447
2015-02-27,37.366554684583804,26.15938783128033,14.036160880925717,4.641451068616423,8.468831653602091,4.955660835762877
2015-02-28,37.37439343038447,26.16330720418067,14.034481149682717,4.6296400449943755,8.463792459873087,4.958696705426357
2015-03-01,37.37817638266069,26.166853512705533,14.03788303437967,4.619087837837838,8.458707025411062,4.958696705426357
2015-03-02,37.38223217618515,26.164427025009335,14.032801418439716,4.6172665916760405,8.459313176558418,4.966062801932368
2015-03-03,37.38223217618515,26.164427025009335,14.032801418439716,4.6172665916760405,8.459313176558418,4.966062801932368
2015-03-04,37.38627889634601,26.162005965697244,14.027171886651752,4.617696629213484,8.459917971662938,4.971941233140655
2015-03-05,37.3903165735568,26.160707635009313,14.022672253258845,4.617003367003367,8.46052141527002,4.9749039385206535
2015-03-06,37.3903165735568,26.160707635009313,14.022672253258845,4.617003367003367,8.46052141527002,4.9749039385206535
2015-03-07,37.39702048417133,26.166294227188086,14.02155493482309,4.604096520763187,8.455493482309125,4.9807231800766285
2015-03-08,37.39702048417133,26.166294227188086,14.02155493482309,4.604096520763187,8.455493482309125,4.9807231800766285
2015-03-09,37.40026099925429,26.17095451155854,14.024375466070095,4.5935393258426975,8.45041014168531,4.9807231800766285
2015-03-10,37.40026099925429,26.17095451155854,14.024375466070095,4.5935393258426975,8.45041014168531,4.9807231800766285
2015-03-11,37.40428305400373,26.168808193668532,14.019040968342644,4.59287317620651,8.451024208566109,4.985792741165234
2015-03-12,37.40428305400373,26.168808193668532,14.019040968342644,4.59287317620651,8.451024208566109,4.985792741165234
2015-03-13,37.409412202380956,26.166387648809526,14.015113467261903,4.5916479820627805,8.451636904761905,4.9886904761904765
2015-03-14,37.41666666666667,26.170293898809526,14.015113467261903,4.579316143497758,8.447172619047619,4.991571699905033
2015-03-15,37.41666666666667,26.170293898809526,14.015113467261903,4.579316143497758,8.447172619047619,4.991571699905033
2015-03-16,37.419366852886405,26.176070763500935,14.018482309124767,4.568742985409652,8.44096834264432,4.991571699905033
2015-03-17,37.423363095238095,26.171968005952383,14.013439360119047,4.567544843049327,8.442708333333334,4.998697916666667
2015-03-18,37.42735042735043,26.169546636937945,14.007850241545894,4.568029115341545,8.44332961724266,5.00153446647781
2015-03-19,37.431885671863405,26.16935783221975,14.002830363771343,4.568512304250559,8.442835931700074,5.0043549905838045
2015-03-20,37.431885671863405,26.16935783221975,14.002830363771343,4.568512304250559,8.442835931700074,5.0043549905838045
2015-03-21,37.43893838158872,26.172327394209354,14.001159985152189,4.556953765846383,8.438752783964365,5.007159624413146
2015-03-22,37.43893838158872,26.172327394209354,14.001159985152189,4.556953765846383,8.438752783964365,5.007159624413146
2015-03-23,37.44054254923821,26.176978818283168,14.004505759940542,4.547499066815976,8.433667781493869,5.007159624413146
2015-03-24,37.44506310319228,26.17511135857461,13.999768002969562,4.547445935868755,8.433741648106905,5.009246254681648
2015-03-25,37.44901742677049,26.17269187986652,13.995318872821652,4.547951582867784,8.433259176863181,5.0092203548085905
2015-03-26,37.44901742677049,26.17269187986652,13.995318872821652,4.547951582867784,8.433259176863181,5.0092203548085905
2015-03-27,37.45296296296297,26.171388888888888,13.99199074074074,4.546223958333333,8.43388888888889,5.011987895716946
2015-03-28,37.461296296296304,26.17527777777778,13.988101851851852,4.537295386904762,8.428888888888888,5.0147400185701025
2015-03-29,37.464034111976275,26.17992213570634,13.99031331108639,4.526722532588455,8.424916573971078,5.0147400185701025
2015-03-30,37.464034111976275,26.17992213570634,13.99031331108639,4.526722532588455,8.424916573971078,5.0147400185701025
2015-03-31,37.46962962962964,26.176666666666666,13.985879629629629,4.525576636904762,8.425555555555556,5.017476851851852
2015-04-01,37.46962962962964,26.176666666666666,13.985879629629629,4.525576636904762,8.425555555555556,5.017476851851852
2015-04-02,37.47354790972994,26.175360710321865,13.981455789863114,4.524990709773318,8.426193118756936,5.020198522622345
2015-04-03,37.47354790972994,26.175360710321865,13.981455789863114,4.524990709773318,8.426193118756936,5.020198522622345
2015-04-04,37.481317055123945,26.180355160932297,13.97757121716611,4.514957264957265,8.422308546059934,5.020142725598527
2015-04-05,37.481317055123945,26.180355160932297,13.97757121716611,4.514957264957265,8.422308546059934,5.020142725598527
2015-04-06,37.48407407407408,26.18611111111111,13.978657407407407,4.505487351190476,8.418333333333333,5.020142725598527
2015-04-07,37.48407407407408,26.18611111111111,13.978657407407407,4.505487351190476,8.418333333333333,5.020142725598527
2015-04-08,37.489086200517946,26.182574916759158,13.974241583425822,4.504923820141212,8.418978912319645,5.022842056932967
2015-04-09,37.494087213599414,26.180155210643015,13.968726903178123,4.503247958426132,8.419623059866963,5.026900183150183
2015-04-10,37.494087213599414,26.180155210643015,13.968726903178123,4.503247958426132,8.419623059866963,5.026900183150183
2015-04-11,37.50073909830008,26.184589800443458,13.965955284552845,4.493782479584262,8.415742793791575,5.026826484018265
2015-04-12,37.50351461339253,26.190344062153162,13.96813725490196,4.484299516908212,8.410654827968923,5.026826484018265
2015-04-13,37.5062962962963,26.195,13.970324074074073,4.474795386904762,8.406666666666666,5.026826484018265
2015-04-14,37.51017388087311,26.19200887902331,13.9659174990751,4.473151244890375,8.40788013318535,5.030851548269581
2015-04-15,37.51515151515152,26.18957871396896,13.961520694752402,4.473737936154417,8.407427937915743,5.030767484105359
2015-04-16,37.51928755998524,26.188538205980066,13.956856773717238,4.474323322209862,8.4078073089701,5.0320425724637685
2015-04-17,37.52313790560473,26.1883296460177,13.95247971976401,4.472685185185185,8.408462389380531,5.0346657633243
2015-04-18,37.52922197640118,26.19201696165192,13.95026733038348,4.462685185185185,8.404959439528023,5.037274774774775
2015-04-19,37.52922197640118,26.19201696165192,13.95026733038348,4.462685185185185,8.404959439528023,5.037274774774775
2015-04-20,37.532022886674056,26.194444444444446,13.954641934293097,4.453188728216537,8.400978220745662,5.037274774774775
2015-04-21,37.535859144542776,26.192570058997052,13.95026733038348,4.4521296296296295,8.401640855457227,5.041217430368374
2015-04-22,37.54079189686925,26.190147329650095,13.945902394106813,4.451627820939697,8.401197053406998,5.043794802867383
2015-04-23,37.54079189686925,26.190147329650095,13.945902394106813,4.451627820939697,8.401197053406998,5.043794802867383
2015-04-24,37.54461000735836,26.18772994849154,13.942650846210448,4.451127124907613,8.400754231052243,5.04635835567471
2015-04-25,37.550128771155265,26.191593083149378,13.939891464311993,4.442257945306726,8.396891096394407,5.048908199643494
2015-04-26,37.55294659300185,26.194014732965012,13.940930018416205,4.433869774324824,8.394014732965008,5.048908199643494
2015-04-27,37.55619941133187,26.19269683590876,13.93768395879323,4.432280118255727,8.394131714495952,5.051444444444445
2015-04-28,37.55619941133187,26.19269683590876,13.93768395879323,4.432280118255727,8.394131714495952,5.051444444444445
2015-04-29,37.56109886071298,26.190279309077546,13.933342521131935,4.431801402731635,8.394799705990444,5.04864804964539
2015-04-30,37.56109886071298,26.190279309077546,13.933342521131935,4.431801402731635,8.394799705990444,5.04864804964539
2015-05-01,37.56109886071298,26.190279309077546,13.933342521131935,4.431801402731635,8.394799705990444,5.04864804964539
2015-05-02,37.56392568064754,26.195456217807212,13.934372700515084,4.423410938654841,8.390820456217806,5.04864804964539
2015-05-03,37.567714075707464,26.194138184491,13.930034913634692,4.421834625322997,8.3914920984932,5.051171529619806
2015-05-04,37.574329290701954,26.194689452407207,13.92672730613745,4.411867847914359,8.389838294744578,5.053681657848324
2015-05-05,37.574329290701954,26.194689452407207,13.92672730613745,4.411867847914359,8.389838294744578,5.053681657848324
2015-05-06,37.5792033773862,26.192272393538914,13.922402716593245,4.411412241887906,8.390510279001468,5.050901495162709
2015-05-07,37.58470998531572,26.193373715124817,13.919098751835536,4.4025626843657815,8.388307635829662,5.053399122807018
2015-05-08,37.58470998531572,26.193373715124817,13.919098751835536,4.4025626843657815,8.388307635829662,5.053399122807018
2015-05-09,37.59003303964758,26.19667767988253,13.916529001468428,4.392422566371682,8.386104992657856,5.0558836395450575
2015-05-10,37.59003303964758,26.19667767988253,13.916529001468428,4.392422566371682,8.386104992657856,5.0558836395450575
2015-05-11,37.59003303964758,26.19667767988253,13.916529001468428,4.392422566371682,8.386104992657856,5.0558836395450575
2015-05-12,37.593784378437846,26.193160982764947,13.914420608727537,4.391988950276243,8.386780344701137,5.055737347294939
2015-05-13,37.598076923076924,26.191300366300368,13.909020146520145,4.390452538631346,8.388003663003662,5.058202785030462
2015-05-14,37.60093509350935,26.197011367803448,13.910020168683534,4.382044198895028,8.385130179684635,5.058202785030462
2015-05-15,37.60467032967033,26.195695970695972,13.906822344322343,4.381622516556291,8.386904761904761,5.058051215277778
2015-05-16,37.61126373626374,26.196794871794875,13.904624542124541,4.372792494481236,8.383608058608058,5.057900432900433
2015-05-17,37.61126373626374,26.196794871794875,13.904624542124541,4.372792494481236,8.383608058608058,5.057900432900433
2015-05-18,37.61126373626374,26.196794871794875,13.904624542124541,4.372792494481236,8.383608058608058,5.057900432900433
2015-05-19,37.61443468715697,26.194383461397734,13.900338455909257,4.372932745314222,8.384833516282473,5.059045768566494
2015-05-20,37.61705043859649,26.18978435672515,13.897158260233917,4.374724669603524,8.385508040935672,5.058893195521103
2015-05-21,37.62390350877193,26.193896198830412,13.894142909356724,4.367015418502203,8.382218567251462,5.058741408934708
2015-05-22,37.626506024096386,26.19368382621395,13.890972982840452,4.366611661166116,8.382895217232566,5.058590402742074
2015-05-23,37.62910284463895,26.193471918307807,13.885621808898613,4.367307692307692,8.383570386579139,5.058440170940171
2015-05-24,37.62910284463895,26.193471918307807,13.885621808898613,4.367307692307692,8.383570386579139,5.058440170940171
2015-05-25,37.62910284463895,26.193471918307807,13.885621808898613,4.367307692307692,8.383570386579139,5.058440170940171
2015-05-26,37.62910284463895,26.193471918307807,13.885621808898613,4.367307692307692,8.383570386579139,5.058440170940171
2015-05-27,37.63169398907104,26.1908014571949,13.881648451730417,4.369099890230516,8.384517304189435,5.057651321398125
2015-05-28,37.63169398907104,26.1908014571949,13.881648451730417,4.369099890230516,8.384517304189435,5.057651321398125
2015-05-29,37.63169398907104,26.1908014571949,13.881648451730417,4.369099890230516,8.384517304189435,5.057651321398125
2015-05-30,37.637158469945355,26.194080145719493,13.878369763205827,4.36251372118551,8.382331511839709,5.0575042517006805
2015-05-31,37.63894967177243,26.195386579139317,13.880424872355944,4.35521978021978,8.380561633843909,5.0575042517006805
2015-06-01,37.64262295081967,26.194080145719493,13.8761839708561,4.355927552140505,8.380692167577413,5.057357930449534
2015-06-02,37.64519650655022,26.190593158660846,13.87195232896652,4.357730263157895,8.382459970887918,5.0572123519458545
2015-06-03,37.64776444929117,26.189294801890224,13.867729916394037,4.359529025191676,8.383133406034169,5.057067510548523
2015-06-04,37.64776444929117,26.189294801890224,13.867729916394037,4.359529025191676,8.383133406034169,5.057067510548523
2015-06-05,37.64776444929117,26.189294801890224,13.867729916394037,4.359529025191676,8.383133406034169,5.057067510548523
2015-06-06,37.653762268266085,26.19202108324246,13.863913122500907,4.352957283680175,8.381497637222827,5.0569234006734005
2015-06-07,37.653762268266085,26.19202108324246,13.863913122500907,4.352957283680175,8.381497637222827,5.0569234006734005
2015-06-08,37.65556768558952,26.193322416302767,13.865947962154292,4.345668859649122,8.378639010189229,5.0569234006734005
2015-06-09,37.65556768558952,26.193322416302767,13.865947962154292,4.345668859649122,8.378639010189229,5.0569234006734005
2015-06-10,37.658669574700106,26.190930570701564,13.86173209741912,4.346933187294633,8.379861868411487,5.055520570948783
2015-06-11,37.658669574700106,26.190930570701564,13.86173209741912,4.346933187294633,8.379861868411487,5.055520570948783
2015-06-12,37.665212649945474,26.19202108324246,13.858460559796436,4.339266155531216,8.378771355870592,5.052868509212731
2015-06-13,37.67066521264994,26.194747364594697,13.854098509632859,4.3326944140197154,8.376590330788805,5.052736006683375
2015-06-14,37.67066521264994,26.194747364594697,13.854098509632859,4.3326944140197154,8.376590330788805,5.052736006683375
2015-06-15,37.67611777535441,26.193656852053802,13.85028171573973,4.326670317634173,8.376045074518357,5.051354166666667
2015-06-16,37.67611777535441,26.193656852053802,13.85028171573973,4.326670317634173,8.376045074518357,5.051354166666667
2015-06-17,37.6797385620915,26.190177923021064,13.847176833696441,4.327407002188184,8.376724763979666,5.051226101413134
2015-06-18,37.683895538628946,26.189970982952488,13.842990569459555,4.328142076502732,8.376858904606456,5.048611111111112
2015-06-19,37.68641304347826,26.188677536231886,13.8388134057971,4.3288755458515285,8.378623188405797,5.0484904880066175
2015-06-20,37.69166666666667,26.190489130434784,13.835009057971012,4.32268922852984,8.376086956521739,5.048370462046205
2015-06-21,37.69166666666667,26.190489130434784,13.835009057971012,4.32268922852984,8.376086956521739,5.048370462046205
2015-06-22,37.6924192963366,26.19069640914037,13.837005803409502,4.316484517304189,8.374319912948858,5.048370462046205
2015-06-23,37.69492753623189,26.189402173913045,13.832835144927534,4.316139010189228,8.37554347826087,5.04701646090535
2015-06-24,37.69851610568223,26.185939196525517,13.828673543250089,4.3168847691748455,8.377307274701412,5.044437602627258
2015-06-25,37.70318148951555,26.183568329718003,13.82452096890817,4.317628903413217,8.377982646420824,5.041871416871417
2015-06-26,37.70318148951555,26.183568329718003,13.82452096890817,4.317628903413217,8.377982646420824,5.041871416871417
2015-06-27,37.70860448300795,26.184110629067245,13.820182574114243,4.311637618010167,8.376898047722342,5.041768790849673
2015-06-28,37.710459645313065,26.184310532030402,13.818901556279405,4.307615412577245,8.374049945711183,5.041768790849673
2015-06-29,37.710459645313065,26.184310532030402,13.818901556279405,4.307615412577245,8.374049945711183,5.041768790849673
2015-06-30,37.712400578452645,26.182483731019524,13.814217281272594,4.308369644153958,8.37527114967462,5.040444172779136
2015-07-01,37.71704586493319,26.179035752979416,13.81008486818346,4.3091222343126585,8.37703141928494,5.03790650406504
2015-07-02,37.7195165945166,26.17775974025974,13.80704365079365,4.309873188405796,8.378787878787879,5.037814274128142
2015-07-03,37.723063063063066,26.177567567567568,13.804009009009008,4.3095367354325,8.37945945945946,5.0352953074433655
2015-07-04,37.72846846846847,26.17810810810811,13.799144144144142,4.3046507419471585,8.378378378378379,5.035209846650524
2015-07-05,37.72846846846847,26.17810810810811,13.799144144144142,4.3046507419471585,8.378378378378379,5.035209846650524
2015-07-06,37.72846846846847,26.17810810810811,13.799144144144142,4.3046507419471585,8.378378378378379,5.035209846650524
2015-07-07,37.734161267098635,26.175755939524837,13.795041396688264,4.304320318148951,8.379049676025918,5.032709339774557
2015-07-08,37.73876303487954,26.17233009708738,13.79202624955052,4.305074033947273,8.380798274002158,5.030220883534136
2015-07-09,37.73876303487954,26.17233009708738,13.79202624955052,4.305074033947273,8.380798274002158,5.030220883534136
2015-07-10,37.73876303487954,26.17233009708738,13.79202624955052,4.305074033947273,8.380798274002158,5.030220883534136
2015-07-11,37.741720662347014,26.175755939524837,13.789641828653707,4.301066522053507,8.376889848812095,5.030220883534136
2015-07-12,37.74631427544049,26.17556634304207,13.785553757641136,4.300740339472734,8.37864077669903,5.025340544871795
2015-07-13,37.754944264653005,26.173948220064727,13.779620640057532,4.294239797760924,8.378101402373247,5.021682653876898
2015-07-14,37.75951867816092,26.17052801724138,13.776625359195402,4.2939213564213565,8.379849137931034,5.0192384370015946
2015-07-15,37.75951867816092,26.17052801724138,13.776625359195402,4.2939213564213565,8.379849137931034,5.0192384370015946
2015-07-16,37.762468604233945,26.169806243272337,13.77256010046645,4.2952252252252245,8.381054897739505,5.016805887032617
2015-07-17,37.76677430929315,26.170344456404735,13.769869034804447,4.29036036036036,8.379440258342303,5.01438492063492
2015-07-18,37.775923932543954,26.171959095801938,13.765563329745245,4.284954954954955,8.376210979547901,5.011975455265241
2015-07-19,37.775923932543954,26.171959095801938,13.765563329745245,4.284954954954955,8.376210979547901,5.011975455265241
2015-07-20,37.78238249013276,26.171959095801938,13.76071941155364,4.278468468468468,8.3756727664155,5.007207740916272
2015-07-21,37.78238249013276,26.171959095801938,13.76071941155364,4.278468468468468,8.3756727664155,5.007207740916272
2015-07-22,37.78584229390681,26.169623655913977,13.756675627240142,4.279247660187185,8.37741935483871,5.0048266351457835
2015-07-23,37.79336917562724,26.168548387096774,13.75129928315412,4.273848092152628,8.37741935483871,5.002456761006289
2015-07-24,37.796813462227,26.167293233082706,13.748344074471893,4.273552678892484,8.378088077336198,5.000098039215686
2015-07-25,37.80594343000358,26.168367346938776,13.742436448263515,4.267619561308881,8.376476906552094,4.99540297339593
2015-07-26,37.8078853046595,26.169623655913977,13.742159498207885,4.261429085673146,8.373655913978494,4.99540297339593
2015-07-27,37.8078853046595,26.169623655913977,13.742159498207885,4.261429085673146,8.373655913978494,4.99540297339593
2015-07-28,37.811851056211964,26.16890440386681,13.737602935911205,4.261147069399496,8.374865735767992,4.990729898516784
2015-07-29,37.81634477825465,26.165504291845494,13.733592632331902,4.26086566091954,8.376609442060087,4.986078660436137
2015-07-30,37.82082886745266,26.163183279742764,13.730662736691674,4.261661284535342,8.37727759914255,4.983780108780109
2015-07-31,37.82082886745266,26.163183279742764,13.730662736691674,4.261661284535342,8.37727759914255,4.983780108780109
2015-08-01,37.83101107538407,26.163183279742764,13.725303679885672,4.256279153211338,8.37406216505895,4.979166666666666
2015-08-02,37.83101107538407,26.163183279742764,13.725303679885672,4.256279153211338,8.37406216505895,4.979166666666666
2015-08-03,37.83851375491247,26.162647374062164,13.72101643444087,4.249820595622533,8.37352625937835,4.974574632637277
2015-08-04,37.83851375491247,26.162647374062164,13.72101643444087,4.249820595622533,8.37352625937835,4.974574632637277
2015-08-05,37.84189864382584,26.160331905781586,13.717032476802283,4.250627240143369,8.374197002141328,4.970003858024691
2015-08-06,37.84189864382584,26.160331905781586,13.717032476802283,4.250627240143369,8.374197002141328,4.970003858024691
2015-08-07,37.84189864382584,26.160331905781586,13.717032476802283,4.250627240143369,8.374197002141328,4.970003858024691
2015-08-08,37.85099928622413,26.160867237687366,13.711143825838686,4.2457885304659495,8.373126338329765,4.967763664357197
2015-08-09,37.85099928622413,26.160867237687366,13.711143825838686,4.2457885304659495,8.373126338329765,4.967763664357197
2015-08-10,37.85405501964988,26.159967845659164,13.710834226509466,4.240670972371726,8.371382636655948,4.967763664357197
2015-08-11,37.85902926481085,26.156584582441113,13.707396502498215,4.24094982078853,8.3720556745182,4.965533794162826
2015-08-12,37.864527629233514,26.153208556149732,13.703431372549018,4.241765127103473,8.372727272727273,4.961015325670497
2015-08-13,37.864527629233514,26.153208556149732,13.703431372549018,4.241765127103473,8.372727272727273,4.961015325670497
2015-08-14,37.86894586894587,26.15090811965812,13.70054309116809,4.241505722460658,8.373397435897436,4.958811162079511
2015-08-15,37.872727272727275,26.15196078431373,13.700222816399286,4.236752595775152,8.37023172905526,4.958811162079511
2015-08-16,37.88235294117647,26.149821746880573,13.695944741532976,4.231382026494808,8.37023172905526,4.954328756674294
2015-08-17,37.88663101604278,26.148217468805708,13.69380570409982,4.2265485141424985,8.368092691622104,4.952149923896499
2015-08-18,37.88663101604278,26.148217468805708,13.69380570409982,4.2265485141424985,8.368092691622104,4.952149923896499
2015-08-19,37.89129273504273,26.146456552706557,13.689592236467234,4.227110157367668,8.369301994301996,4.948272589217919
2015-08-20,37.89129273504273,26.146456552706557,13.689592236467234,4.227110157367668,8.369301994301996,4.948272589217919
2015-08-21,37.899839743589745,26.14752492877493,13.68531873219373,4.223891273247497,8.366096866096866,4.9438446969696965
2015-08-22,37.907318376068375,26.14485398860399,13.681045227920226,4.219062947067239,8.36502849002849,4.941704459561602
2015-08-23,37.907318376068375,26.14485398860399,13.681045227920226,4.219062947067239,8.36502849002849,4.941704459561602
2015-08-24,37.907318376068375,26.14485398860399,13.681045227920226,4.219062947067239,8.36502849002849,4.941704459561602
2015-08-25,37.907318376068375,26.14485398860399,13.681045227920226,4.219062947067239,8.36502849002849,4.941704459561602
2015-08-26,37.911152614727854,26.14176449662042,13.677383493418711,4.218828152911754,8.36704019921736,4.939008295625943
2015-08-27,37.91551172707889,26.140547263681594,13.67346304193319,4.219664525339043,8.368781094527364,4.934631301730624
2015-08-28,37.91551172707889,26.140547263681594,13.67346304193319,4.219664525339043,8.368781094527364,4.934631301730624
2015-08-29,37.92297441364605,26.13948116560057,13.668665600568584,4.2153818700927905,8.366648898365316,4.932526276276276
2015-08-30,37.92297441364605,26.13948116560057,13.668665600568584,4.2153818700927905,8.366648898365316,4.932526276276276
2015-08-31,37.92678381256656,26.136670216542424,13.664758608448704,4.215151515151515,8.367855875044373,4.931554307116104
2015-09-01,37.92678381256656,26.136670216542424,13.664758608448704,4.215151515151515,8.367855875044373,4.931554307116104
2015-09-02,37.92898936170213,26.13439716312057,13.661923758865248,4.215990028490029,8.370656028368794,4.927223467862481
2015-09-03,37.933315621679064,26.132128940843078,13.660157633722989,4.21575951618641,8.370262132483175,4.925149142431021
2015-09-04,37.933315621679064,26.132128940843078,13.660157633722989,4.21575951618641,8.370262132483175,4.925149142431021
2015-09-05,37.93916046758767,26.132128940843078,13.655906836698547,4.211490572749911,8.368668083599008,4.923084077380952
2015-09-06,37.93916046758767,26.132128940843078,13.655906836698547,4.211490572749911,8.368668083599008,4.923084077380952
2015-09-07,37.94122340425532,26.1322695035461,13.655540780141843,4.206374643874644,8.366932624113476,4.923084077380952
2015-09-08,37.94500531349628,26.130003542330858,13.65218738930216,4.206154393454287,8.368136733970953,4.923255382331106
2015-09-09,37.94824840764331,26.127742392073603,13.648310332625618,4.20593461265103,8.36986907289455,4.9212037037037035
2015-09-10,37.94824840764331,26.127742392073603,13.648310332625618,4.20593461265103,8.36986907289455,4.9212037037037035
2015-09-11,37.95254506892895,26.127076705549666,13.644971721456344,4.205715299964501,8.370007069635914,4.919161123429416
2015-09-12,37.958377518557796,26.1276069282432,13.641260162601625,4.200922967696131,8.369476846942383,4.917127581120944
2015-09-13,37.96151804670913,26.127742392073603,13.639817763623494,4.195806680881308,8.368807501769286,4.917127581120944
2015-09-14,37.96364118895966,26.125619249823075,13.6366330502477,4.191542288557214,8.368276716206653,4.9184142752023545
2015-09-15,37.96364118895966,26.125619249823075,13.6366330502477,4.191542288557214,8.368276716206653,4.9184142752023545
2015-09-16,37.96739130434783,26.124160480735245,13.63251148815836,4.192403265885694,8.369211735595616,4.915840675477239
2015-09-17,37.97166313559322,26.121910310734467,13.628663488700564,4.192198581560284,8.369879943502825,4.913827838827839
2015-09-18,37.97166313559322,26.121910310734467,13.628663488700564,4.192198581560284,8.369879943502825,4.913827838827839
2015-09-19,37.976253531073446,26.12032132768362,13.624249646892654,4.188297872340425,8.36864406779661,4.914016812865497
2015-09-20,37.9794096854012,26.120448921880527,13.62173029338989,4.184238551650692,8.366914103923648,4.914016812865497
2015-09-21,37.98102048022599,26.11873234463277,13.617364053672317,4.18404255319149,8.36864406779661,4.916393143690736
2015-09-22,37.98102048022599,26.11873234463277,13.617364053672317,4.18404255319149,8.36864406779661,4.916393143690736
2015-09-23,37.983156966490306,26.116490299823635,13.613536155202821,4.184909670563231,8.37037037037037,4.9143922852983986
2015-09-24,37.983156966490306,26.116490299823635,13.613536155202821,4.184909670563231,8.37037037037037,4.9143922852983986
2015-09-25,37.98634601832276,26.116367159971812,13.60971634954193,4.1847133757961785,8.371035940803383,4.914578794480755
2015-09-26,37.99268851303735,26.1158386187456,13.603373854827343,4.179936305732484,8.371035940803383,4.916938405797101
2015-09-27,37.99268851303735,26.1158386187456,13.603373854827343,4.179936305732484,8.371035940803383,4.916938405797101
2015-09-28,37.99322421682506,26.113076381555793,13.600096796902498,4.179745493107105,8.373284054910243,4.919287780187997
2015-09-29,37.99322421682506,26.113076381555793,13.600096796902498,4.179745493107105,8.373284054910243,4.919287780187997
2015-09-30,37.99534106891702,26.110847398030945,13.59629922644163,4.180614406779661,8.375,4.919462481962482
2015-10-01,37.99745345978223,26.108623112047773,13.59250965929048,4.181481481481481,8.375658587987354,4.921796256299496
2015-10-02,38.0006153305204,26.110847398030945,13.591024964838255,4.178495762711864,8.371835443037975,4.921796256299496
2015-10-03,38.00694444444445,26.10979254571027,13.584695850914205,4.174258474576271,8.370780590717299,4.921964798850574
2015-10-04,38.00694444444445,26.10979254571027,13.584695850914205,4.174258474576271,8.370780590717299,4.921964798850574
2015-10-05,38.01328757479761,26.107796550510386,13.581089405139036,4.171261930010605,8.368004223864837,4.921964798850574
2015-10-06,38.014328410689174,26.10557313642757,13.576784458509142,4.172139830508475,8.369725738396625,4.924283154121864
2015-10-07,38.01536705303829,26.104408148928698,13.571961714085,4.173015873015873,8.370389884088514,4.92873748211731
2015-10-08,38.01745614035088,26.10324561403509,13.568201754385964,4.173890063424947,8.371052631578948,4.928890078515346
2015-10-09,38.02059235892044,26.102085524009816,13.563398177357167,4.173706441393875,8.371713985278655,4.9311787749287745
2015-10-10,38.02742726954084,26.09945671223274,13.556563266736768,4.171594508975713,8.370136698212407,4.933457711442785
2015-10-11,38.03271929824562,26.09745614035088,13.553991228070174,4.1686046511627906,8.368421052631579,4.933457711442785
2015-10-12,38.03482456140351,26.094824561403513,13.549780701754385,4.16754756871036,8.366315789473685,4.936790780141844
2015-10-13,38.03482456140351,26.094824561403513,13.549780701754385,4.16754756871036,8.366315789473685,4.936790780141844
2015-10-14,38.03478794251665,26.09367332632317,13.546048019628461,4.168426610348469,8.366982124079916,4.941171266808209
2015-10-15,38.03478794251665,26.09367332632317,13.546048019628461,4.168426610348469,8.366982124079916,4.941171266808209
2015-10-16,38.03478794251665,26.09367332632317,13.546048019628461,4.168426610348469,8.366982124079916,4.941171266808209
2015-10-17,38.04039607430775,26.092096039256926,13.539213109008061,4.165434706089405,8.365580091132141,4.945533192090395
2015-10-18,38.04570175438597,26.091140350877197,13.536622807017544,4.162438336856941,8.36280701754386,4.945533192090395
2015-10-19,38.04460217315108,26.089992989835263,13.532378198387661,4.163322773671243,8.364002804065896,4.950933756166314
2015-10-20,38.04455532212886,26.089898459383758,13.5281425070028,4.164732770745429,8.36467086834734,4.955256680731364
2015-10-21,38.04450856942987,26.087705491430572,13.52548968170689,4.16455918510713,8.366386848548444,4.959561403508771
2015-10-22,38.04450856942987,26.087705491430572,13.52548968170689,4.16455918510713,8.366386848548444,4.959561403508771
2015-10-23,38.053427771948236,26.086131514515568,13.519718433018538,4.162451703547593,8.362189576775096,4.963848039215686
2015-10-24,38.05814970269326,26.084032878628893,13.513422525358516,4.159817351598173,8.360615599860092,4.968116701607268
2015-10-25,38.05814970269326,26.084032878628893,13.513422525358516,4.159817351598173,8.360615599860092,4.968116701607268
2015-10-26,38.062412464986,26.080969887955185,13.51186099439776,4.15787623066104,8.35889355742297,4.968116701607268
2015-10-27,38.05919902063659,26.07931094788388,13.50922525358517,4.158236740428521,8.360090940888423,4.975505578800558
2015-10-28,38.05704053109714,26.077131376659683,13.50659503843466,4.160175438596491,8.360761705101329,4.9776443980514955
2015-10-29,38.05704053109714,26.077131376659683,13.50659503843466,4.160175438596491,8.360761705101329,4.9776443980514955
2015-10-30,38.05704053109714,26.077131376659683,13.50659503843466,4.160175438596491,8.360761705101329,4.9776443980514955
2015-10-31,38.06123340321454,26.075559049615656,13.499781621243885,4.159122807017543,8.358141160027953,4.983940972222222
2015-11-01,38.06123340321454,26.075559049615656,13.499781621243885,4.159122807017543,8.358141160027953,4.983940972222222
2015-11-02,38.065950384346614,26.070842068483582,13.493492313067785,4.15859649122807,8.356044723969253,4.990211365211365
2015-11-03,38.065950384346614,26.070842068483582,13.493492313067785,4.15859649122807,8.356044723969253,4.990211365211365
2015-11-04,38.06378708551484,26.06867364746946,13.49088132635253,4.159481247809324,8.35671902268761,4.994381051175656
2015-11-05,38.062674337517436,26.066509762900978,13.488275801952579,4.160364145658263,8.35739191073919,5.000603864734299
2015-11-06,38.06902268760908,26.06343804537522,13.48459860383944,4.159481247809324,8.354624781849912,5.000603864734299
2015-11-07,38.07425828970332,26.06186736474695,13.477792321116928,4.157378198387662,8.352006980802793,5.008867079889807
2015-11-08,38.07425828970332,26.06186736474695,13.477792321116928,4.157378198387662,8.352006980802793,5.008867079889807
2015-11-09,38.07530541012217,26.05453752181501,13.472556719022688,4.158429723098493,8.352006980802793,5.019158075601374
2015-11-10,38.07530541012217,26.05453752181501,13.472556719022688,4.158429723098493,8.352006980802793,5.019158075601374
2015-11-11,38.07522663877267,26.053434449093448,13.468924337517434,4.159313725490196,8.351638772663877,5.023233882030178
2015-11-12,38.07522663877267,26.053434449093448,13.468924337517434,4.159313725490196,8.351638772663877,5.023233882030178
2015-11-13,38.076192964124004,26.053378613723442,13.464254615116683,4.1591465547394195,8.35231626610937,5.029346338124572
2015-11-14,38.081940090560785,26.049982584465347,13.45733194009056,4.158097236796082,8.349703935910833,5.035433743169398
2015-11-15,38.081940090560785,26.049982584465347,13.45733194009056,4.158097236796082,8.349703935910833,5.035433743169398
2015-11-16,38.07872303409882,26.047320807237302,13.453723034098816,4.1589797344514325,8.35142658315936,5.0466087252897065
2015-11-17,38.07655543969413,26.04622871046229,13.450121654501215,4.159860383944153,8.3521028849496,5.052636054421768
2015-11-18,38.07655543969413,26.04622871046229,13.450121654501215,4.159860383944153,8.3521028849496,5.052636054421768
2015-11-19,38.07673611111112,26.044618055555556,13.44626736111111,4.160477684797768,8.353038194444444,5.058638832315003
2015-11-20,38.08194444444445,26.042534722222225,13.437934027777777,4.1615237099023705,8.349913194444445,5.06664972899729
2015-11-21,38.08715277777778,26.039409722222224,13.43064236111111,4.160477684797768,8.346788194444445,5.070571331981068
2015-11-22,38.09245742092458,26.0352798053528,13.426920403197775,4.1595986038394415,8.345064303093501,5.070571331981068
2015-11-23,38.08871527777778,26.032118055555557,13.422309027777777,4.1615237099023705,8.347309027777778,5.080549932523616
2015-11-24,38.08871527777778,26.032118055555557,13.422309027777777,4.1615237099023705,8.347309027777778,5.080549932523616
2015-11-25,38.089663544918494,26.03000346860909,13.418747832119319,4.162399860675722,8.347988206729102,5.0844276094276095
2015-11-26,38.089663544918494,26.03000346860909,13.418747832119319,4.162399860675722,8.347988206729102,5.0844276094276095
2015-11-27,38.090609840609844,26.02893277893278,13.414154539154538,4.162230340988169,8.347626472626473,5.09232190860215
2015-11-28,38.09788634788635,26.02633402633403,13.406358281358282,4.161186499652053,8.346067221067221,5.098172367538565
2015-11-29,38.09788634788635,26.02633402633403,13.406358281358282,4.161186499652053,8.346067221067221,5.098172367538565
2015-11-30,38.09415022499135,26.02371062651437,13.402301834544824,4.162582551268683,8.347265489788855,5.109019410977242
2015-12-01,38.09415022499135,26.02371062651437,13.402301834544824,4.162582551268683,8.347265489788855,5.109019410977242
2015-12-02,38.0950899031812,26.02161134163209,13.398772475795298,4.163454861111111,8.347942600276625,5.110804943219772
2015-12-03,38.09395509499137,26.020552677029364,13.39628670120898,4.163284772806104,8.347582037996546,5.120583333333333
2015-12-04,38.09395509499137,26.020552677029364,13.39628670120898,4.163284772806104,8.347582037996546,5.120583333333333
2015-12-05,38.10017271157168,26.016407599309158,13.389032815198618,4.162244190079778,8.346545768566495,5.126330671989354
2015-12-06,38.10017271157168,26.016407599309158,13.389032815198618,4.162244190079778,8.346545768566495,5.126330671989354
2015-12-07,38.105463347164594,26.01020055325035,13.387361687413554,4.161371527777778,8.344830567081605,5.126330671989354
2015-12-08,38.102245250431785,26.007599309153715,13.383333333333333,4.163284772806104,8.346027633851469,5.136039176626825
2015-12-09,38.10213940648724,26.005521048999313,13.379830917874395,4.163115038115038,8.346704623878537,5.141732935719019
2015-12-10,38.10213940648724,26.005521048999313,13.379830917874395,4.163115038115038,8.346704623878537,5.141732935719019
2015-12-11,38.10990338164252,25.99775707384403,13.374137336093858,4.160516285516286,8.346187025534851,5.149388227513227
2015-12-12,38.11576949620428,25.994306418219463,13.365855762594892,4.159823284823285,8.345496894409937,5.155033003300329
2015-12-13,38.11576949620428,25.994306418219463,13.365855762594892,4.159823284823285,8.345496894409937,5.155033003300329
2015-12-14,38.117839889579024,25.987577639751553,13.357574189095928,4.160343035343035,8.345496894409937,5.1646080368906455
2015-12-15,38.11875215442951,25.985522233712512,13.355136159944847,4.160176531671858,8.34617373319545,5.170200525969756
2015-12-16,38.118629476584026,25.985537190082646,13.351153581267218,4.161047717842323,8.346332644628099,5.175770997375328
2015-12-17,38.118629476584026,25.985537190082646,13.351153581267218,4.161047717842323,8.346332644628099,5.175770997375328
2015-12-18,38.11850705194359,25.983488132094944,13.347695218438252,4.160880829015544,8.345975232198143,5.185248853962016
2015-12-19,38.12624699002408,25.979876160990713,13.33892328861369,4.1603626943005185,8.343911248710011,5.190767973856209
2015-12-20,38.12624699002408,25.979876160990713,13.33892328861369,4.1603626943005185,8.343911248710011,5.190767973856209
2015-12-21,38.123539518900344,25.97680412371134,13.33496563573883,4.162267080745342,8.346649484536082,5.1992009132420085
2015-12-22,38.124442155853075,25.974768280123584,13.331531067627875,4.162099276111686,8.348352214212152,5.204671223958333
2015-12-23,38.124442155853075,25.974768280123584,13.331531067627875,4.162099276111686,8.348352214212152,5.204671223958333
2015-12-24,38.124442155853075,25.974768280123584,13.331531067627875,4.162099276111686,8.348352214212152,5.204671223958333
2015-12-25,38.124442155853075,25.974768280123584,13.331531067627875,4.162099276111686,8.348352214212152,5.204671223958333
2015-12-26,38.13319601785101,25.970133882595263,13.323292138688636,4.160031023784902,8.347322348094748,5.212069525666017
2015-12-27,38.1405498281787,25.964948453608248,13.319501718213058,4.15916149068323,8.34561855670103,5.212069525666017
2015-12-28,38.1405498281787,25.964948453608248,13.319501718213058,4.15916149068323,8.34561855670103,5.212069525666017
2015-12-29,38.14040508067285,25.961894953656024,13.316083075866803,4.160031023784902,8.347322348094748,5.217493514915693
2015-12-30,38.14040508067285,25.961894953656024,13.316083075866803,4.160031023784902,8.347322348094748,5.217493514915693
2015-12-31,38.14040508067285,25.961894953656024,13.316083075866803,4.160031023784902,8.347322348094748,5.217493514915693
2016-01-01,38.14040508067285,25.961894953656024,13.316083075866803,4.160031023784902,8.347322348094748,5.217493514915693
2016-01-02,38.14879725085911,25.95876288659794,13.311254295532645,4.158643892339544,8.344587628865979,5.217493514915693
2016-01-03,38.14879725085911,25.95876288659794,13.311254295532645,4.158643892339544,8.344587628865979,5.217493514915693
2016-01-04,38.14812907655338,25.955973223480946,13.307844146927566,4.1595139607032054,8.345262615859939,5.225323624595469
2016-01-05,38.14812907655338,25.955973223480946,13.307844146927566,4.1595139607032054,8.345262615859939,5.225323624595469
2016-01-06,38.14797668038409,25.952932098765434,13.304441015089163,4.1603822314049586,8.346965020576132,5.230700904392765
2016-01-07,38.14885234669408,25.950924974306268,13.302072627612196,4.160216718266254,8.346608427543678,5.237991618310767
2016-01-08,38.156207133058984,25.944701646090536,13.29826817558299,4.15831611570248,8.346450617283951,5.237991618310767
2016-01-09,38.164437585733886,25.939557613168724,13.289523319615911,4.15728305785124,8.34593621399177,5.24332368082368
2016-01-10,38.164437585733886,25.939557613168724,13.289523319615911,4.15728305785124,8.34593621399177,5.24332368082368
2016-01-11,38.16855281207133,25.929783950617285,13.283350480109739,4.15831611570248,8.34593621399177,5.255378933847141
2016-01-12,38.16855281207133,25.929783950617285,13.283350480109739,4.15831611570248,8.34593621399177,5.255378933847141
2016-01-13,38.16837958204865,25.92677286742035,13.279976019184652,4.159184726522188,8.347636176772868,5.262580128205128
2016-01-14,38.16837958204865,25.92677286742035,13.279976019184652,4.159184726522188,8.347636176772868,5.262580128205128
2016-01-15,38.167180013689254,25.925308008213552,13.27660848733744,4.159536082474227,8.347279260780287,5.272632757517594
2016-01-16,38.17488021902807,25.92171457905544,13.26736824093087,4.158505154639175,8.345739219712526,5.279773307790549
2016-01-17,38.17488021902807,25.92171457905544,13.26736824093087,4.158505154639175,8.345739219712526,5.279773307790549
2016-01-18,38.17436687200548,25.912987679671456,13.260694729637233,4.1600515463917525,8.345739219712526,5.293578712555767
2016-01-19,38.17316239316239,25.91,13.257350427350426,4.16091658084449,8.346410256410257,5.302560432569974
2016-01-20,38.17316239316239,25.91,13.257350427350426,4.16091658084449,8.346410256410257,5.302560432569974
2016-01-21,38.17316239316239,25.91,13.257350427350426,4.16091658084449,8.346410256410257,5.302560432569974
2016-01-22,38.17316239316239,25.91,13.257350427350426,4.16091658084449,8.346410256410257,5.302560432569974
2016-01-23,38.1782905982906,25.906410256410258,13.247606837606837,4.159886714727086,8.345897435897436,5.311507936507936
2016-01-24,38.18463381245722,25.902207392197127,13.243754277891854,4.159020618556701,8.344199178644764,5.311507936507936
2016-01-25,38.17880341880342,25.89923076923077,13.24042735042735,4.16091658084449,8.344871794871795,5.326124841571609
2016-01-26,38.17554644808743,25.89830942622951,13.236082650273223,4.163323045267489,8.346055327868852,5.3349936748893105
2016-01-27,38.173319686113956,25.896366427840327,13.232770385533946,4.164182939362796,8.347748208802457,5.3438289141414135
2016-01-28,38.173319686113956,25.896366427840327,13.232770385533946,4.164182939362796,8.347748208802457,5.3438289141414135
2016-01-29,38.17211997273347,25.894427402862984,13.23048738922972,4.165041067761807,8.34739263803681,5.354521109010712
2016-01-30,38.17518745739605,25.891871165644172,13.219239945466938,4.16452772073922,8.346881390593047,5.367059748427673
2016-01-31,38.17518745739605,25.891871165644172,13.219239945466938,4.16452772073922,8.346881390593047,5.367059748427673
2016-02-01,38.17620995228357,25.88369120654397,13.21208248125426,4.165554414784395,8.346881390593047,5.3804927809165095
2016-02-02,38.17620995228357,25.88369120654397,13.21208248125426,4.165554414784395,8.346881390593047,5.3804927809165095
2016-02-03,38.173476336397684,25.8817671092952,13.20880149812734,4.1664102564102565,8.347548518896833,5.3910557644110275
2016-02-04,38.173476336397684,25.8817671092952,13.20880149812734,4.1664102564102565,8.347548518896833,5.3910557644110275
2016-02-05,38.173476336397684,25.8817671092952,13.20880149812734,4.1664102564102565,8.347548518896833,5.3910557644110275
2016-02-06,38.17807286346613,25.879724208375894,13.19756554307116,4.164871794871795,8.346527068437181,5.403455284552845
2016-02-07,38.17807286346613,25.879724208375894,13.19756554307116,4.164871794871795,8.346527068437181,5.403455284552845
2016-02-08,38.18490115882754,25.876022494887525,13.193166325835037,4.164014373716633,8.344325153374234,5.403455284552845
2016-02-09,38.17909431392578,25.872063329928498,13.190926115083418,4.165897435897436,8.346527068437181,5.415808364544319
2016-02-10,38.17687074829932,25.87015306122449,13.18767006802721,4.166752049180328,8.347193877551021,5.424376947040498
2016-02-11,38.17687074829932,25.87015306122449,13.18767006802721,4.166752049180328,8.347193877551021,5.424376947040498
2016-02-12,38.18266939053456,25.866445352400408,13.18224378617637,4.164358974358974,8.347548518896833,5.424376947040498
2016-02-13,38.18777664283282,25.865423901940755,13.168964930200884,4.163846153846154,8.346016343207355,5.436644900497512
2016-02-14,38.18777664283282,25.865423901940755,13.168964930200884,4.163846153846154,8.346016343207355,5.436644900497512
2016-02-15,38.189308818522306,25.857763023493362,13.160793326523663,4.165897435897436,8.346527068437181,5.449798261949099
2016-02-16,38.189308818522306,25.857763023493362,13.160793326523663,4.165897435897436,8.346527068437181,5.449798261949099
2016-02-17,38.18528911564626,25.855357142857144,13.158078231292516,4.168288934426229,8.348214285714286,5.457791201982651
2016-02-18,38.184080869860686,25.853465851172274,13.15383961943595,4.169140225179119,8.349898063200815,5.468073593073592
2016-02-19,38.18185675492193,25.852596741344197,13.150627970128987,4.169989775051125,8.350560081466394,5.476466049382716
2016-02-20,38.18694840461643,25.850050916496944,13.138917175831635,4.168456032719837,8.350560081466394,5.488524337646334
2016-02-21,38.18694840461643,25.850050916496944,13.138917175831635,4.168456032719837,8.350560081466394,5.488524337646334
2016-02-22,38.18745756958588,25.842922606924642,13.130770536320433,4.169989775051125,8.351069246435845,5.501460639606396
2016-02-23,38.18745756958588,25.842922606924642,13.130770536320433,4.169989775051125,8.351069246435845,5.501460639606396
2016-02-24,38.18421498813157,25.841047812817905,13.127585622244828,4.171859039836568,8.352746693794506,5.509745242480049
2016-02-25,38.18421498813157,25.841047812817905,13.127585622244828,4.171859039836568,8.352746693794506,5.509745242480049
2016-02-26,38.18301151761518,25.838160569105693,13.125423441734418,4.1737244897959185,8.352388211382113,5.517999387254902
2016-02-27,38.18809281842819,25.836636178861788,13.113228319783197,4.173214285714286,8.351880081300813,5.5280581039755345
2016-02-28,38.194387928111226,25.835452695829094,13.106222448287555,4.172369765066394,8.349186164801628,5.5280581039755345
2016-02-29,38.19037940379404,25.83257113821138,13.103573848238481,4.174489795918367,8.350863821138212,5.538537851037851
2016-03-01,38.19037940379404,25.83257113821138,13.103573848238481,4.174489795918367,8.350863821138212,5.538537851037851
2016-03-02,38.18714043993232,25.83071065989848,13.100423011844331,4.176350662589194,8.35253807106599,5.54486593540524
2016-03-03,38.18714043993232,25.83071065989848,13.100423011844331,4.176350662589194,8.35253807106599,5.54486593540524
2016-03-04,38.18714043993232,25.83071065989848,13.100423011844331,4.176350662589194,8.35253807106599,5.54486593540524
2016-03-05,38.192724196277496,25.829695431472082,13.086717428087987,4.1768603465851175,8.351522842639595,5.554820559610706
2016-03-06,38.192724196277496,25.829695431472082,13.086717428087987,4.1768603465851175,8.351522842639595,5.554820559610706
2016-03-07,38.200033875338754,25.827489837398375,13.078675474254743,4.176020408163265,8.34984756097561,5.554820559610706
2016-03-08,38.19424703891709,25.824619289340102,13.076565143824027,4.178389398572885,8.351522842639595,5.565649666059502
2016-03-09,38.19100743745774,25.821754563894523,13.07445909398242,4.180244399185336,8.352180527383368,5.573712121212121
2016-03-10,38.19100743745774,25.821754563894523,13.07445909398242,4.180244399185336,8.352180527383368,5.573712121212121
2016-03-11,38.19100743745774,25.821754563894523,13.07445909398242,4.180244399185336,8.352180527383368,5.573712121212121
2016-03-12,38.19658553076403,25.82006423258959,13.062795807978363,4.180414120841819,8.350997295469913,5.583560193587417
2016-03-13,38.19658553076403,25.82006423258959,13.062795807978363,4.180414120841819,8.350997295469913,5.583560193587417
2016-03-14,38.19658553076403,25.812964841108858,13.052653820148748,4.181941615750169,8.353025693035836,5.59699577294686
2016-03-15,38.19658553076403,25.812964841108858,13.052653820148748,4.181941615750169,8.353025693035836,5.59699577294686
2016-03-16,38.19334684228301,25.809101654846337,13.049560959135427,4.184808409630382,8.354694360013509,5.6067661241711875
2016-03-17,38.191126855600544,25.804234143049936,13.046474358974358,4.1876693766937665,8.354335357624832,5.621916365824307
2016-03-18,38.18790023592855,25.802157061004383,13.044405123019885,4.190016920473773,8.35448264239973,5.6320570570570565
2016-03-19,38.19093360296596,25.7984496124031,13.035642062689586,4.1910321489001685,8.353471520053928,5.645308752997602
2016-03-20,38.19093360296596,25.7984496124031,13.035642062689586,4.1910321489001685,8.353471520053928,5.645308752997602
2016-03-21,38.18569023569024,25.794612794612796,13.033585858585859,4.193881000676132,8.355639730639732,5.656717534410532
2016-03-22,38.18247561385806,25.788765556676758,13.033551967709384,4.195710908476865,8.35528086108308,5.669877538829152
2016-03-23,38.18247561385806,25.788765556676758,13.033551967709384,4.195710908476865,8.35528086108308,5.669877538829152
2016-03-24,38.17825940860215,25.78494623655914,13.032510080645162,4.198549257759783,8.354922715053764,5.68299045915325
2016-03-25,38.17825940860215,25.78494623655914,13.032510080645162,4.198549257759783,8.354922715053764,5.68299045915325
2016-03-26,38.18178763440861,25.782930107526884,13.02242943548387,4.200067476383265,8.352906586021506,5.694270833333333
2016-03-27,38.18802556340397,25.781701984527416,13.013370332996972,4.199257007767645,8.35225361587622,5.694270833333333
2016-03-28,38.18802556340397,25.781701984527416,13.013370332996972,4.199257007767645,8.35225361587622,5.694270833333333
2016-03-29,38.18178763440861,25.77587365591398,13.012852822580646,4.201079622132253,8.354922715053764,5.7072935234699935
2016-03-30,38.179590466599535,25.770057066129574,13.012839879154079,4.203909673070441,8.354565290365896,5.714931791221827
2016-03-31,38.179590466599535,25.770057066129574,13.012839879154079,4.203909673070441,8.354565290365896,5.714931791221827
2016-04-01,38.179590466599535,25.770057066129574,13.012839879154079,4.203909673070441,8.354565290365896,5.714931791221827
2016-04-02,38.18110104061766,25.76703591809332,13.003776435045317,4.204415234243343,8.35255119167506,5.72787152161042
2016-04-03,38.18110104061766,25.76703591809332,13.003776435045317,4.204415234243343,8.35255119167506,5.72787152161042
2016-04-04,38.18110104061766,25.759986572675395,12.994712990936556,4.206943040107852,8.352047667002351,5.74076536643026
2016-04-05,38.18110104061766,25.759986572675395,12.994712990936556,4.206943040107852,8.352047667002351,5.74076536643026
2016-04-06,38.185129237999334,25.753944276602887,12.985649546827794,4.2089652847994605,8.350033568311515,5.748303834808259
2016-04-07,38.18091884641181,25.74916163648558,12.98566398390342,4.211784511784511,8.348675385647217,5.762882803297997
2016-04-08,38.18494299128102,25.745137491616365,12.976609657947686,4.213804713804713,8.345657276995306,5.773883009994121
2016-04-09,38.185949027498324,25.744131455399064,12.967555331991951,4.215824915824915,8.342639168343394,5.784844483568075
2016-04-10,38.185949027498324,25.744131455399064,12.967555331991951,4.215824915824915,8.342639168343394,5.784844483568075
2016-04-11,38.17922948073702,25.73785594639866,12.968090452261306,4.219138916918936,8.343802345058627,5.796646162858816
2016-04-12,38.17922948073702,25.73785594639866,12.968090452261306,4.219138916918936,8.343802345058627,5.796646162858816
2016-04-13,38.18123953098828,25.73283082077052,12.962060301507538,4.220147998654557,8.342797319932998,5.804020467836257
2016-04-14,38.18123953098828,25.73283082077052,12.962060301507538,4.220147998654557,8.342797319932998,5.804020467836257
2016-04-15,38.18123953098828,25.73283082077052,12.962060301507538,4.220147998654557,8.342797319932998,5.804020467836257
2016-04-16,38.18123953098828,25.730067001675042,12.95427135678392,4.221661621257988,8.342294807370186,5.813120256859311
2016-04-17,38.18123953098828,25.730067001675042,12.95427135678392,4.221661621257988,8.342294807370186,5.813120256859311
2016-04-18,38.17453145917002,25.723811914323964,12.954317269076306,4.224462365591397,8.34345716198126,5.826558857808857
2016-04-19,38.17453145917002,25.723811914323964,12.954317269076306,4.224462365591397,8.34345716198126,5.826558857808857
2016-04-20,38.175284471218205,25.72180388219545,12.945281124497992,4.225974462365591,8.34345716198126,5.835151250727167
2016-04-21,38.17209963223002,25.7170678702775,12.944332998996991,4.228768042967438,8.344115680374458,5.844149245063879
2016-04-22,38.16691716766867,25.712842351369407,12.94438877755511,4.231556002682763,8.343770875083502,5.856594202898551
2016-04-23,38.16591516366066,25.712842351369407,12.935370741482966,4.232562038900067,8.342768871075485,5.867259837962963
2016-04-24,38.17209963223002,25.711551320628555,12.92728184553661,4.231789191003692,8.341106653293213,5.867259837962963
2016-04-25,38.16909060514878,25.704028752925446,12.921263791374122,4.234810339039946,8.342109662320295,5.880488157134604
2016-04-26,38.16909060514878,25.704028752925446,12.921263791374122,4.234810339039946,8.342109662320295,5.880488157134604
2016-04-27,38.1680875961217,25.70202273487128,12.914242728184554,4.2378314870762,8.341106653293213,5.887615340253748
2016-04-28,38.1680875961217,25.70202273487128,12.914242728184554,4.2378314870762,8.341106653293213,5.887615340253748
2016-04-29,38.1680875961217,25.70202273487128,12.914242728184554,4.2378314870762,8.341106653293213,5.887615340253748
2016-04-30,38.16708458709462,25.7010197258442,12.905215646940823,4.239845585767036,8.340103644266133,5.899899251583189
2016-05-01,38.16708458709462,25.7010197258442,12.905215646940823,4.239845585767036,8.340103644266133,5.899899251583189
2016-05-02,38.16608157806754,25.693497158141092,12.898194583751254,4.2428667338032895,8.340103644266133,5.913002873563218
2016-05-03,38.16190714762859,25.688794255177022,12.898296593186373,4.24664654594232,8.340764863059453,5.918316121629374
2016-05-04,38.15990313961256,25.68378423513694,12.892284569138276,4.247652582159624,8.338760855043422,5.933920389461626
2016-05-05,38.15990313961256,25.68378423513694,12.892284569138276,4.247652582159624,8.338760855043422,5.933920389461626
2016-05-06,38.15990313961256,25.68378423513694,12.892284569138276,4.247652582159624,8.338760855043422,5.933920389461626
2016-05-07,38.15789913159653,25.68178022712091,12.884268537074147,4.249664654594231,8.336756847027388,5.947755860491709
2016-05-08,38.16307255098629,25.680458040789034,12.877131394182548,4.248909029875796,8.336091608157806,5.947755860491709
2016-05-09,38.15956201939151,25.671932464058845,12.87111334002006,4.25193017791205,8.337094617184889,5.963256278538813
2016-05-10,38.15956201939151,25.671932464058845,12.87111334002006,4.25193017791205,8.337094617184889,5.963256278538813
2016-05-11,38.15956201939151,25.66691741892344,12.864092276830492,4.254951325948304,8.336091608157806,5.970156695156695
2016-05-12,38.15956201939151,25.66691741892344,12.864092276830492,4.254951325948304,8.336091608157806,5.970156695156695
2016-05-13,38.15805750585089,25.661651621531263,12.859327983951856,4.257468949311849,8.334587094617186,5.982153014789533
2016-05-14,38.15288911155645,25.658984635938545,12.859468937875752,4.258215962441314,8.335253841015364,5.994108461101646
2016-05-15,38.15288911155645,25.658984635938545,12.859468937875752,4.258215962441314,8.335253841015364,5.994108461101646
2016-05-16,38.15288911155645,25.658984635938545,12.859468937875752,4.258215962441314,8.335253841015364,5.994108461101646
2016-05-17,38.1473973973974,25.653153153153152,12.859442776109443,4.26147403685092,8.336419753086421,6.005739795918367
2016-05-18,38.151553106212425,25.65180360721443,12.853289913159653,4.260731052984574,8.334752839011356,6.005739795918367
2016-05-19,38.151553106212425,25.65180360721443,12.853289913159653,4.260731052984574,8.334752839011356,6.005739795918367
2016-05-20,38.149549098196395,25.647795591182366,12.845273881095524,4.2647551978537885,8.332748830995325,6.021010186757215
2016-05-21,38.143393393393396,25.644144144144143,12.844427761094428,4.266499162479062,8.333416750083417,6.032838983050848
2016-05-22,38.143393393393396,25.644144144144143,12.844427761094428,4.266499162479062,8.333416750083417,6.032838983050848
2016-05-23,38.13575,25.638,12.844583333333334,4.269243641231593,8.335083333333333,6.048011844331641
2016-05-24,38.13061938061938,25.632367632367632,12.845737595737596,4.270979605483116,8.335747585747587,6.058065878378378
2016-05-25,38.13061938061938,25.632367632367632,12.845737595737596,4.270979605483116,8.335747585747587,6.058065878378378
2016-05-26,38.13061938061938,25.632367632367632,12.845737595737596,4.270979605483116,8.335747585747587,6.058065878378378
2016-05-27,38.13475,25.634,12.838583333333334,4.271251673360107,8.333083333333335,6.058065878378378
2016-05-28,38.12962037962038,25.62937062937063,12.837745587745589,4.272985623537278,8.333749583749585,6.0714586846543
2016-05-29,38.13175,25.629,12.831583333333334,4.273259705488621,8.333083333333335,6.0714586846543
2016-05-30,38.13175,25.629,12.831583333333334,4.273259705488621,8.333083333333335,6.0714586846543
2016-05-31,38.12362637362637,25.622377622377623,12.831751581751583,4.276997659645603,8.334249084249086,6.086489898989899
2016-06-01,38.12262737262737,25.617382617382617,12.824758574758576,4.278000668672684,8.334249084249086,6.093067226890756
2016-06-02,38.11651696606786,25.612774451097806,12.824933466400532,4.280227120908483,8.334414504324684,6.1063338926174495
2016-06-03,38.11141575274178,25.608175473579262,12.825108009305417,4.281948615281948,8.335078099036226,6.117881072026801
2016-06-04,38.10942173479561,25.60518444666002,12.817131937520772,4.284951618284951,8.335078099036226,6.127717391304348
2016-06-05,38.10942173479561,25.60518444666002,12.817131937520772,4.284951618284951,8.335078099036226,6.127717391304348
2016-06-06,38.10443668993021,25.595214356929212,12.812146892655369,4.287954621287954,8.337570621468927,6.140859766277129
2016-06-07,38.10443668993021,25.595214356929212,12.812146892655369,4.287954621287954,8.337570621468927,6.140859766277129
2016-06-08,38.10343968095713,25.59022931206381,12.806164838816883,4.289956623289956,8.338567630442007,6.147291666666667
2016-06-09,38.10343968095713,25.59022931206381,12.806164838816883,4.289956623289956,8.338567630442007,6.147291666666667
2016-06-10,38.10343968095713,25.59022931206381,12.806164838816883,4.289956623289956,8.338567630442007,6.147291666666667
2016-06-11,38.10144566301097,25.587238285144565,12.800182784978398,4.291958625291958,8.338567630442007,6.15536605657238
2016-06-12,38.10144566301097,25.587238285144565,12.800182784978398,4.291958625291958,8.338567630442007,6.15536605657238
2016-06-13,38.097457627118644,25.578763708873378,12.793203722166833,4.295962629295962,8.34155865736125,6.168397009966777
2016-06-14,38.097457627118644,25.578763708873378,12.793203722166833,4.295962629295962,8.34155865736125,6.168397009966777
2016-06-15,38.095712861415755,25.572781655034895,12.786723163841808,4.2979646312979645,8.34205716184779,6.176824212271973
2016-06-16,38.0998003992016,25.57135728542914,12.780522288755822,4.297261189044756,8.341400532268796,6.176824212271973
2016-06-17,38.096307385229544,25.564870259481037,12.776530272787758,4.29876419505678,8.341899534264805,6.189776490066225
2016-06-18,38.09231536926148,25.563872255489024,12.769544244843647,4.300768203072812,8.341899534264805,6.199380165289257
2016-06-19,38.09231536926148,25.563872255489024,12.769544244843647,4.300768203072812,8.341899534264805,6.199380165289257
2016-06-20,38.087325349301395,25.55688622754491,12.763556220891552,4.302772211088843,8.344893546240852,6.210602310231023
2016-06-21,38.087325349301395,25.55688622754491,12.763556220891552,4.302772211088843,8.344893546240852,6.210602310231023
2016-06-22,38.08433133732535,25.5499001996008,12.75856620093147,4.304776219104876,8.344893546240852,6.218492586490939
2016-06-23,38.08433133732535,25.5499001996008,12.75856620093147,4.304776219104876,8.344893546240852,6.218492586490939
2016-06-24,38.080259222333,25.546360917248254,12.757809903622466,4.306473139806473,8.345546693253572,6.2280016447368425
2016-06-25,38.07627118644068,25.547357926221338,12.74983383183782,4.307474140807473,8.345546693253572,6.23747947454844
2016-06-26,38.07834331337325,25.547904191616766,12.743596141051231,4.306780227120908,8.345891550232869,6.23747947454844
2016-06-27,38.07028913260219,25.54137587238285,12.743851777999335,4.310477143810477,8.348537720172816,6.250204918032787
2016-06-28,38.066235059760956,25.53784860557769,12.743110889774236,4.312166666666666,8.349186586985393,6.256342062193126
2016-06-29,38.06929212362911,25.536390827517447,12.738866733133932,4.311478144811478,8.347540711199734,6.256342062193126
2016-06-30,38.06929212362911,25.536390827517447,12.738866733133932,4.311478144811478,8.347540711199734,6.256342062193126
2016-07-01,38.06929212362911,25.536390827517447,12.738866733133932,4.311478144811478,8.347540711199734,6.256342062193126
2016-07-02,38.06630109670987,25.537387836490527,12.730890661349287,4.312479145812478,8.347540711199734,6.264093137254902
2016-07-03,38.06630109670987,25.537387836490527,12.730890661349287,4.312479145812478,8.347540711199734,6.264093137254902
2016-07-04,38.060319042871384,25.531405782652044,12.725905616483882,4.315482148815482,8.348537720172816,6.27752854812398
2016-07-05,38.060319042871384,25.531405782652044,12.725905616483882,4.315482148815482,8.348537720172816,6.27752854812398
2016-07-06,38.061316051844464,25.52741774675972,12.719923562645398,4.315482148815482,8.348537720172816,6.281962540716612
2016-07-07,38.060319042871384,25.523429710867397,12.713941508806913,4.316483149816483,8.348537720172816,6.291260162601626
2016-07-08,38.05627490039841,25.520916334661354,12.714226427622842,4.3181666666666665,8.349186586985393,6.298904220779221
2016-07-09,38.055278884462155,25.52191235059761,12.708250332005314,4.3181666666666665,8.347194555112882,6.304902755267423
2016-07-10,38.055278884462155,25.52191235059761,12.708250332005314,4.3181666666666665,8.347194555112882,6.304902755267423
2016-07-11,38.050796812749006,25.516932270916335,12.701776228419655,4.320666666666666,8.349186586985393,6.314927184466019
2016-07-12,38.050796812749006,25.516932270916335,12.701776228419655,4.320666666666666,8.349186586985393,6.314927184466019
2016-07-13,38.05179282868526,25.514940239043824,12.694804116865871,4.320666666666666,8.349186586985393,6.31764943457189
2016-07-14,38.04776119402985,25.51144278606965,12.695107794361526,4.323343323343323,8.34983416252073,6.321975806451613
2016-07-15,38.0427435387674,25.507952286282308,12.696404903909874,4.3250166333998665,8.349486414844268,6.331119162640902
2016-07-16,38.04174950298211,25.506212723658052,12.691186216037112,4.324268130405854,8.34973492379059,6.33701768488746
2016-07-17,38.04477611940298,25.504726368159204,12.686898839137646,4.322594072594072,8.350082918739636,6.33701768488746
2016-07-18,38.04681274900398,25.50124501992032,12.684594953519257,4.321916666666666,8.349435590969456,6.33701768488746
2016-07-19,38.0407960199005,25.496766169154228,12.68391376451078,4.324592074592074,8.35257048092869,6.344502407704655
2016-07-20,38.0407960199005,25.490796019900497,12.679933665008292,4.325591075591075,8.35257048092869,6.348758012820513
2016-07-21,38.038270377733596,25.48782306163022,12.679257786613652,4.3282601463739185,8.353711066931744,6.3538
2016-07-22,38.03525322740814,25.486345580933467,12.679576299238663,4.328929877035559,8.353359814630917,6.361222044728435
2016-07-23,38.03624627606753,25.48237338629593,12.675604104601126,4.328929877035559,8.353359814630917,6.367025518341308
2016-07-24,38.03624627606753,25.48237338629593,12.675604104601126,4.328929877035559,8.353359814630917,6.367025518341308
2016-07-25,38.03624627606753,25.48237338629593,12.675604104601126,4.328929877035559,8.353359814630917,6.367025518341308
2016-07-26,38.03149801587302,25.478670634920636,12.675429894179894,4.330843293492696,8.355241402116402,6.373606687898089
2016-07-27,38.036494538232375,25.47517378351539,12.673121482952665,4.3281821203057484,8.354601125455147,6.373606687898089
2016-07-28,38.036494538232375,25.47517378351539,12.673121482952665,4.3281821203057484,8.354601125455147,6.373606687898089
2016-07-29,38.036494538232375,25.47517378351539,12.673121482952665,4.3281821203057484,8.354601125455147,6.373606687898089
2016-07-30,38.03550148957299,25.47219463753724,12.668156239655744,4.3281821203057484,8.353608076795764,6.382551669316375
2016-07-31,38.038518886679924,25.469681908548708,12.66583830351226,4.3265136393878905,8.352965540092777,6.382551669316375
2016-08-01,38.038518886679924,25.469681908548708,12.66583830351226,4.3265136393878905,8.352965540092777,6.382551669316375
2016-08-02,38.032025819265144,25.46524329692155,12.664184045018207,4.328680624792289,8.355594174114533,6.393055555555556
2016-08-03,38.032025819265144,25.460278053624627,12.661204899040053,4.328680624792289,8.354601125455147,6.397187004754358
2016-08-04,38.02802579365079,25.456845238095237,12.661541005291006,4.329349269588313,8.355241402116402,6.406052215189874
2016-08-05,38.02802579365079,25.456845238095237,12.661541005291006,4.329349269588313,8.355241402116402,6.406052215189874
2016-08-06,38.02587632275132,25.45188492063492,12.657572751322752,4.329515272244356,8.356233465608467,6.413309636650869
2016-08-07,38.02587632275132,25.45188492063492,12.657572751322752,4.329515272244356,8.356233465608467,6.413309636650869
2016-08-08,38.0288811651771,25.4493545183714,12.650281363786826,4.32884679295447,8.357580271433301,6.413309636650869
2016-08-09,38.0224041005291,25.444940476190474,12.649140211640212,4.331009296148738,8.360697751322752,6.423698738170347
2016-08-10,38.02438822751323,25.43799603174603,12.644179894179894,4.331009296148738,8.361689814814815,6.427755905511811
2016-08-11,38.028384640847406,25.436444885799403,12.636875206885138,4.3303423064140905,8.362048990400531,6.427755905511811
2016-08-12,38.02538029100529,25.433035714285715,12.637235449735451,4.332005312084993,8.362681878306878,6.434944968553459
2016-08-13,38.026372354497354,25.430059523809526,12.629298941798943,4.333001328021248,8.363673941798943,6.4421114599686025
2016-08-14,38.02937768950679,25.42850049652433,12.620986428334989,4.332336324360252,8.365028136378683,6.4421114599686025
2016-08-15,38.02937768950679,25.42850049652433,12.620986428334989,4.332336324360252,8.365028136378683,6.4421114599686025
2016-08-16,38.0224041005291,25.42361111111111,12.619378306878307,4.334993359893758,8.368138227513228,6.453173981191223
2016-08-17,38.02438822751323,25.41765873015873,12.612433862433862,4.336985391766268,8.368138227513228,6.457159624413146
2016-08-18,38.02438822751323,25.41765873015873,12.612433862433862,4.336985391766268,8.368138227513228,6.457159624413146
2016-08-19,38.02438822751323,25.41765873015873,12.612433862433862,4.336985391766268,8.368138227513228,6.457159624413146
2016-08-20,38.02538029100529,25.415674603174605,12.604497354497354,4.336985391766268,8.369130291005291,6.4626953125
2016-08-21,38.02538029100529,25.415674603174605,12.604497354497354,4.336985391766268,8.369130291005291,6.4626953125
2016-08-22,38.02937768950679,25.413108242303874,12.59814630916915,4.336324360252576,8.369496855345913,6.4626953125
2016-08-23,38.0224041005291,25.408730158730158,12.597056878306878,4.33847941567065,8.371610449735451,6.474453978159127
2016-08-24,38.024140211640216,25.405257936507937,12.585896164021165,4.340222443559097,8.372602513227514,6.479945482866044
2016-08-25,38.024140211640216,25.405257936507937,12.585896164021165,4.340222443559097,8.372602513227514,6.479945482866044
2016-08-26,38.019160885365054,25.401883052527253,12.58531549388834,4.340878938640133,8.373224314502808,6.490085536547434
2016-08-27,38.02312520647506,25.400891972249752,12.5694582094483,4.342868988391376,8.374215394780311,6.49708850931677
2016-08-28,38.02810846560847,25.399305555555557,12.559110449735451,4.342214475431606,8.375578703703704,6.49708850931677
2016-08-29,38.02810846560847,25.399305555555557,12.559110449735451,4.342214475431606,8.375578703703704,6.49708850931677
2016-08-30,38.020647505781305,25.39494549058474,12.558060786257021,4.34485903814262,8.37768417575157,6.509496124031008
2016-08-31,38.020647505781305,25.39197224975223,12.546167822926991,4.3468490878938635,8.378675256029073,6.517995356037152
2016-09-01,38.01567656765677,25.38960396039604,12.54463696369637,4.347498343273691,8.379290429042905,6.5295595054095825
2016-09-02,38.01567656765677,25.38960396039604,12.54463696369637,4.347498343273691,8.379290429042905,6.5295595054095825
2016-09-03,38.01963696369637,25.388613861386137,12.528795379537954,4.349486414844267,8.380280528052806,6.538001543209877
2016-09-04,38.01963696369637,25.388613861386137,12.528795379537954,4.349486414844267,8.380280528052806,6.538001543209877
2016-09-05,38.016666666666666,25.383663366336634,12.516914191419142,4.351971504307488,8.382260726072609,6.551040061633282
2016-09-06,38.016666666666666,25.383663366336634,12.516914191419142,4.351971504307488,8.382260726072609,6.551040061633282
2016-09-07,38.01765676567657,25.382673267326734,12.50503300330033,4.353959575878065,8.381270627062706,6.559423076923077
2016-09-08,38.01765676567657,25.382673267326734,12.50503300330033,4.353959575878065,8.381270627062706,6.559423076923077
2016-09-09,38.02362074661381,25.38305252725471,12.492649487941858,4.353980099502488,8.38197885695408,6.559423076923077
2016-09-10,38.018646864686474,25.38069306930693,12.491171617161717,4.355616302186879,8.382590759075907,6.5693164362519205
2016-09-11,38.018646864686474,25.38069306930693,12.491171617161717,4.355616302186879,8.382590759075907,6.5693164362519205
2016-09-12,38.018646864686474,25.38069306930693,12.491171617161717,4.355616302186879,8.382590759075907,6.5693164362519205
2016-09-13,38.011210023079464,25.376854599406528,12.489696669963733,4.35824230387289,8.38419057039235,6.582246932515337
2016-09-14,38.01022090339598,25.374876360039565,12.477827233761952,4.360228401191659,8.38419057039235,6.592075038284839
2016-09-15,38.00527009222662,25.372529644268774,12.47636693017128,4.362847222222222,8.38381093544137,6.601873088685015
2016-09-16,38.00527009222662,25.372529644268774,12.47636693017128,4.362847222222222,8.38381093544137,6.601873088685015
2016-09-17,38.00625823451911,25.374505928853754,12.460556653491437,4.363839285714286,8.38381093544137,6.613167938931298
2016-09-18,38.00625823451911,25.374505928853754,12.460556653491437,4.363839285714286,8.38381093544137,6.613167938931298
2016-09-19,37.99835472194801,25.371174728529123,12.459114840408029,4.366451932606541,8.385406383678841,6.625952743902439
2016-09-20,37.99835472194801,25.371174728529123,12.459114840408029,4.366451932606541,8.385406383678841,6.625952743902439
2016-09-21,37.99736755511682,25.37018756169793,12.4462816716025,4.368434093161546,8.385406383678841,6.635654490106545
2016-09-22,37.99293228139382,25.368836291913215,12.444855358316897,4.371039603960396,8.38404010519395,6.6445668693009114
2016-09-23,37.987520525451565,25.36551724137931,12.444909688013137,4.37215628090999,8.384646962233168,6.656487101669196
2016-09-24,37.98850574712644,25.367487684729063,12.42816091954023,4.374134520276954,8.385632183908045,6.667613636363637
2016-09-25,37.991452991452995,25.366863905325445,12.417735042735043,4.37450495049505,8.386998685075607,6.667613636363637
2016-09-26,37.994406054623234,25.36623889437315,12.40728858177032,4.374876114965312,8.388367884172425,6.667613636363637
2016-09-27,37.986522024983564,25.361932938856015,12.40491452991453,4.377475247524752,8.39094345825115,6.680975794251134
2016-09-28,37.986522024983564,25.36094674556213,12.392094017094017,4.378465346534654,8.39094345825115,6.692031722054381
2016-09-29,37.986522024983564,25.36094674556213,12.392094017094017,4.378465346534654,8.39094345825115,6.692031722054381
2016-09-30,37.986522024983564,25.36094674556213,12.392094017094017,4.378465346534654,8.39094345825115,6.692031722054381
2016-10-01,37.987508218277455,25.361932938856015,12.377301117685734,4.381435643564356,8.391929651545036,6.700037707390648
2016-10-02,37.987508218277455,25.361932938856015,12.377301117685734,4.381435643564356,8.391929651545036,6.700037707390648
2016-10-03,37.992431720960845,25.36130306021718,12.36780190852254,4.380822596630327,8.392316551497203,6.700037707390648
2016-10-04,37.992431720960845,25.36130306021718,12.36780190852254,4.380822596630327,8.392316551497203,6.700037707390648
2016-10-05,37.99095097071405,25.358835143139192,12.3571898650872,4.382309217046581,8.394044093451793,6.711031626506024
2016-10-06,37.98602892833662,25.35552268244576,12.355851413543721,4.3839108910891085,8.39464168310322,6.721992481203007
2016-10-07,37.98602892833662,25.35552268244576,12.355851413543721,4.3839108910891085,8.39464168310322,6.721992481203007
2016-10-08,37.98553583168968,25.35404339250493,12.344017094017095,4.385643564356435,8.396860618014463,6.7299174174174174
2016-10-09,37.98553583168968,25.35404339250493,12.344017094017095,4.385643564356435,8.396860618014463,6.7299174174174174
2016-10-10,37.98208415516108,25.35207100591716,12.332182774490468,4.3881188118811885,8.39981919789612,6.742316341829086
2016-10-11,37.98208415516108,25.35207100591716,12.332182774490468,4.3881188118811885,8.39981919789612,6.742316341829086
2016-10-12,37.982577251808024,25.348126232741617,12.321334648257725,4.389603960396039,8.401791584483892,6.750187125748503
2016-10-13,37.97865353037767,25.34384236453202,12.321018062397373,4.392185954500494,8.40336617405583,6.759529147982063
2016-10-14,37.974737532808405,25.340551181102363,12.320702099737533,4.392786561264822,8.404937664041993,6.76884328358209
2016-10-15,37.974737532808405,25.343503937007874,12.305938320209973,4.3937747035573125,8.404937664041993,6.778129657228018
2016-10-16,37.974737532808405,25.343503937007874,12.305938320209973,4.3937747035573125,8.404937664041993,6.778129657228018
2016-10-17,37.97865353037767,25.34088669950739,12.296387520525451,4.394164193867458,8.406321839080459,6.778129657228018
2016-10-18,37.97030839895013,25.3371062992126,12.296095800524935,4.396245059288537,8.410351049868765,6.788132440476191
2016-10-19,37.97030839895013,25.33316929133858,12.286253280839896,4.396245059288537,8.41133530183727,6.795876671619614
2016-10-20,37.96542117338578,25.329891838741396,12.285971812520486,4.398075024679171,8.411914126515896,6.805452522255193
2016-10-21,37.97326115485564,25.331200787401574,12.27247375328084,4.398468379446641,8.412319553805773,6.805452522255193
2016-10-22,37.968371025893155,25.328908554572273,12.271222549983612,4.399062191510366,8.413880694854146,6.814629629629629
2016-10-23,37.968371025893155,25.328908554572273,12.271222549983612,4.399062191510366,8.413880694854146,6.814629629629629
2016-10-24,37.968371025893155,25.328908554572273,12.271222549983612,4.399062191510366,8.413880694854146,6.814629629629629
2016-10-25,37.961034708578914,25.326129666011788,12.270464963981665,4.4006410256410255,8.416912246234446,6.825258875739645
2016-10-26,37.962999345121155,25.323182711198427,12.258677144728226,4.4016272189349115,8.417894564505566,6.832902511078286
2016-10-27,37.962999345121155,25.323182711198427,12.258677144728226,4.4016272189349115,8.417894564505566,6.832902511078286
2016-10-28,37.95812888452732,25.320902845927378,12.258423290807983,4.402216748768473,8.419447170428525,6.840523598820059
2016-10-29,37.96205430160288,25.32188420019627,12.242721622505725,4.402216748768473,8.421409878966307,6.848122238586156
2016-10-30,37.966928618205635,25.322200392927307,12.23117223313687,4.4016272189349115,8.421823837590045,6.848122238586156
2016-10-31,37.970829236315964,25.319567354965585,12.221566699442807,4.402023692003949,8.423221894460832,6.848122238586156
2016-11-01,37.970829236315964,25.319567354965585,12.221566699442807,4.402023692003949,8.423221894460832,6.848122238586156
2016-11-02,37.969108489019995,25.31588003933137,12.210750573582432,4.404738400789734,8.425925925925926,6.8556985294117645
2016-11-03,37.96422724296006,25.31262278978389,12.210052390307794,4.40680473372781,8.427472167648984,6.863986784140969
2016-11-04,37.96422724296006,25.31262278978389,12.210052390307794,4.40680473372781,8.427472167648984,6.863986784140969
2016-11-05,37.96717419777342,25.31164047151277,12.195317616240995,4.407790927021696,8.428454485920104,6.8715175953079175
2016-11-06,37.96717419777342,25.31164047151277,12.195317616240995,4.407790927021696,8.428454485920104,6.8715175953079175
2016-11-07,37.96717419777342,25.31164047151277,12.195317616240995,4.407790927021696,8.428454485920104,6.8715175953079175
2016-11-08,37.959846254497876,25.308390578999017,12.194144586195618,4.410344827586207,8.43048740595355,6.881222547584187
2016-11-09,37.96180896303566,25.306427870461235,12.182368334968924,4.411330049261084,8.43146876022244,6.887244152046784
2016-11-10,37.96180896303566,25.306427870461235,12.182368334968924,4.411330049261084,8.43146876022244,6.887244152046784
2016-11-11,37.963280994438996,25.3049558390579,12.171573438011123,4.411822660098522,8.432940791625777,6.89470802919708
2016-11-12,37.96279031730455,25.30053974484789,12.161759895322213,4.41231527093596,8.43588485443245,6.902150145772595
2016-11-13,37.96279031730455,25.30053974484789,12.161759895322213,4.41231527093596,8.43588485443245,6.902150145772595
2016-11-14,37.95886490022899,25.297105004906772,12.149492966961073,4.4147783251231525,8.44030094864246,6.913209606986899
2016-11-15,37.95886490022899,25.297105004906772,12.149492966961073,4.4147783251231525,8.44030094864246,6.913209606986899
2016-11-16,37.961318285901214,25.2941609421001,12.138698070003272,4.415517241379311,8.441772980045796,6.918059593023256
2016-11-17,37.961318285901214,25.2941609421001,12.138698070003272,4.415517241379311,8.441772980045796,6.918059593023256
2016-11-18,37.95547385620915,25.291911764705883,12.139542483660131,4.4170767716535435,8.442320261437908,6.925435413642961
2016-11-19,37.956454248366015,25.292892156862745,12.127777777777778,4.4170767716535435,8.442320261437908,6.934239130434783
2016-11-20,37.956454248366015,25.292892156862745,12.127777777777778,4.4170767716535435,8.442320261437908,6.934239130434783
2016-11-21,37.956454248366015,25.292892156862745,12.127777777777778,4.4170767716535435,8.442320261437908,6.934239130434783
2016-11-22,37.95013059092393,25.289666993143978,12.126183480248123,4.418141592920354,8.4443356186745,6.945911722141823
2016-11-23,37.95208945478289,25.286728697355535,12.115409729023833,4.418141592920354,8.446294482533464,6.95032514450867
2016-11-24,37.95208945478289,25.286728697355535,12.115409729023833,4.418141592920354,8.446294482533464,6.95032514450867
2016-11-25,37.95017938682322,25.28253424657534,12.114318330071756,4.418713163064833,8.44781474233529,6.959054834054834
2016-11-26,37.95213633398565,25.28253424657534,12.102576647097196,4.418713163064833,8.44781474233529,6.966318443804035
2016-11-27,37.95796604635978,25.28183153770813,12.091903362716291,4.418141592920354,8.448253346392425,6.966318443804035
2016-11-28,37.952625570776256,25.27862035225049,12.089856490541422,4.419204322200393,8.451239399869536,6.975719424460432
2016-11-29,37.952625570776256,25.27862035225049,12.089856490541422,4.419204322200393,8.451239399869536,6.975719424460432
2016-11-30,37.95653946510111,25.273727984344422,12.079093281148076,4.419204322200393,8.45221787345075,6.981501436781609
2016-12-01,37.95653946510111,25.273727984344422,12.079093281148076,4.419204322200393,8.45221787345075,6.981501436781609
2016-12-02,37.95653946510111,25.273727984344422,12.079093281148076,4.419204322200393,8.45221787345075,6.981501436781609
2016-12-03,37.96241030658839,25.271771037181995,12.067351598173516,4.420186640471512,8.45221787345075,6.988701578192252
2016-12-04,37.96241030658839,25.271771037181995,12.067351598173516,4.420186640471512,8.45221787345075,6.988701578192252
2016-12-05,37.96727064968985,25.268119490695398,12.05762324518446,4.420599803343166,8.45364022200457,6.988701578192252
2016-12-06,37.961431833007175,25.26541095890411,12.056099151989564,4.421168958742633,8.456621004566209,6.998746418338109
2016-12-07,37.96534572733203,25.260518590998043,12.046314416177431,4.422151277013753,8.457599478147422,7.003040057224607
2016-12-08,37.96244705115673,25.25733137829912,12.045291625936787,4.4227183513248285,8.458129683936136,7.011607142857143
2016-12-09,37.960530598958336,25.254150390625,12.043294270833334,4.42328431372549,8.459635416666666,7.018723252496434
2016-12-10,37.963460286458336,25.250732421875,12.032063802083334,4.423529411764706,8.461344401041666,7.027243589743589
2016-12-11,37.969289670902576,25.25,12.022319973932877,4.422963689892051,8.461795373085694,7.027243589743589
2016-12-12,37.97415198956295,25.248287671232877,12.011578604044358,4.423379174852652,8.462247227658185,7.027243589743589
2016-12-13,37.96831215379603,25.24462365591398,12.01107852720756,4.424435721295388,8.465705441511892,7.035739687055477
2016-12-14,37.97222222222222,25.238758553274682,11.999348321928968,4.42639842983317,8.465705441511892,7.041370738636363
2016-12-15,37.97222222222222,25.238758553274682,11.999348321928968,4.42639842983317,8.465705441511892,7.041370738636363
2016-12-16,37.970296223958336,25.234619140625,11.997395833333334,4.427941176470588,8.466227213541666,7.049822695035461
2016-12-17,37.973225911458336,25.231689453125,11.986653645833334,4.4299019607843135,8.466227213541666,7.056834277620396
2016-12-18,37.973225911458336,25.231689453125,11.986653645833334,4.4299019607843135,8.466227213541666,7.056834277620396
2016-12-19,37.973225911458336,25.231689453125,11.986653645833334,4.4299019607843135,8.466227213541666,7.056834277620396
2016-12-20,37.96983739837398,25.228292682926828,11.984715447154473,4.4316846229187075,8.467967479674796,7.063826025459689
2016-12-21,37.974690755208336,25.2255859375,11.974934895833334,4.4321078431372545,8.468424479166666,7.063826025459689
2016-12-22,37.97227642276423,25.222439024390244,11.973008130081302,4.43511263467189,8.469430894308942,7.0686793785310735
2016-12-23,37.9659681611436,25.21783625730994,11.971085120207928,4.436643835616438,8.472384665367121,7.080571227080395
2016-12-24,37.96986679662118,25.212962962962962,11.959389213775179,4.439579256360078,8.472384665367121,7.088908450704225
2016-12-25,37.97569105691057,25.210243902439025,11.948617886178862,4.440009794319295,8.472845528455284,7.088908450704225
2016-12-26,37.97569105691057,25.210243902439025,11.948617886178862,4.440009794319295,8.472845528455284,7.088908450704225
2016-12-27,37.97569105691057,25.210243902439025,11.948617886178862,4.440009794319295,8.472845528455284,7.088908450704225
2016-12-28,37.98056910569106,25.202439024390245,11.93788617886179,4.440009794319295,8.473821138211381,7.095815752461322
2016-12-29,37.98056910569106,25.202439024390245,11.93788617886179,4.440009794319295,8.473821138211381,7.095815752461322
2016-12-30,37.98056910569106,25.202439024390245,11.93788617886179,4.440009794319295,8.473821138211381,7.095815752461322
2016-12-31,37.986409505208336,25.20068359375,11.929036458333334,4.441421568627451,8.473307291666666,7.095815752461322
2017-01-01,37.986409505208336,25.20068359375,11.929036458333334,4.441421568627451,8.473307291666666,7.095815752461322
2017-01-02,37.99030628869339,25.196969696969695,11.92114695340502,4.441854759568204,8.474747474747474,7.095815752461322
2017-01-03,37.984456380208336,25.19287109375,11.919270833333334,4.4433823529411764,8.477701822916666,7.106917134831461
2017-01-04,37.988362630208336,25.18701171875,11.908528645833334,4.445343137254902,8.477701822916666,7.113779803646564
2017-01-05,37.986910569105696,25.181951219512197,11.906178861788618,4.446865817825661,8.47869918699187,7.123424369747899
2017-01-06,37.991780598958336,25.17822265625,11.898274739583334,4.4468137254901965,8.479654947916666,7.123424369747899
2017-01-07,37.997639973958336,25.17431640625,11.887532552083334,4.447794117647059,8.479654947916666,7.130244755244755
2017-01-08,37.997639973958336,25.17431640625,11.887532552083334,4.447794117647059,8.479654947916666,7.130244755244755
2017-01-09,37.995686848958336,25.16845703125,11.875813802083334,4.449754901960785,8.483561197916666,7.1412360335195535
2017-01-10,37.995686848958336,25.16845703125,11.875813802083334,4.449754901960785,8.483561197916666,7.1412360335195535
2017-01-11,38.001546223958336,25.15966796875,11.866048177083334,4.4507352941176475,8.484537760416666,7.148012552301255
2017-01-12,38.001546223958336,25.15966796875,11.866048177083334,4.4507352941176475,8.484537760416666,7.148012552301255
2017-01-13,37.99959349593496,25.15560975609756,11.864227642276424,4.452252693437806,8.485040650406503,7.156162952646239
2017-01-14,38.00447154471545,25.150731707317075,11.85349593495935,4.453232125367287,8.486991869918699,7.162899860917942
2017-01-15,38.008382161458336,25.14892578125,11.844563802083334,4.452696078431373,8.488444010416666,7.162899860917942
2017-01-16,38.008382161458336,25.14892578125,11.844563802083334,4.452696078431373,8.488444010416666,7.162899860917942
2017-01-17,38.0039837398374,25.144878048780487,11.84130081300813,4.455680705190989,8.490894308943089,7.171701388888889
2017-01-18,38.00983739837399,25.138048780487804,11.830569105691058,4.45666013712047,8.491869918699187,7.177011095700416
2017-01-19,38.00983739837399,25.138048780487804,11.830569105691058,4.45666013712047,8.491869918699187,7.177011095700416
2017-01-20,38.00983739837399,25.138048780487804,11.830569105691058,4.45666013712047,8.491869918699187,7.177011095700416
2017-01-21,38.01276422764228,25.134146341463413,11.818861788617887,4.457639569049951,8.493821138211382,7.183691135734072
2017-01-22,38.015706380208336,25.13134765625,11.810872395833334,4.458088235294118,8.495279947916666,7.183691135734072
2017-01-23,38.01032520325204,25.127317073170733,11.807642276422765,4.461067580803134,8.497723577235773,7.19381051175657
2017-01-24,38.01032520325204,25.127317073170733,11.807642276422765,4.461067580803134,8.497723577235773,7.19381051175657
2017-01-25,38.01520325203252,25.12048780487805,11.796910569105691,4.463026444662096,8.49869918699187,7.200448895027624
2017-01-26,38.01323911630929,25.11842105263158,11.794184535412606,4.465508806262231,8.4996751137102,7.206379310344827
2017-01-27,38.01079195066537,25.11684518013632,11.790976955533917,4.467008797653959,8.500162284972411,7.213670798898072
2017-01-28,38.015660499837715,25.11295034079844,11.782213567023694,4.4689638318670575,8.50113599480688,7.218878954607978
2017-01-29,38.015660499837715,25.11295034079844,11.782213567023694,4.4689638318670575,8.50113599480688,7.218878954607978
2017-01-30,38.01371308016878,25.109055501460563,11.771015903927298,4.471896383186706,8.505030834144758,7.226820054945055
2017-01-31,38.01371308016878,25.109055501460563,11.771015903927298,4.471896383186706,8.505030834144758,7.226820054945055
2017-02-01,38.015660499837715,25.10516066212269,11.760305095748134,4.473851417399804,8.506004543979227,7.231995884773663
2017-02-02,38.0117542153048,25.107976653696497,11.75664721141375,4.475341796875,8.50551232166018,7.238527397260274
2017-02-03,38.0117542153048,25.107976653696497,11.75664721141375,4.475341796875,8.50551232166018,7.238527397260274
2017-02-04,38.01369974059663,25.107976653696497,11.74594682230869,4.477294921875,8.504539559014267,7.243673050615595
2017-02-05,38.01369974059663,25.107976653696497,11.74594682230869,4.477294921875,8.504539559014267,7.243673050615595
2017-02-06,38.01078145265889,25.108949416342412,11.734273670557718,4.478271484375,8.50745784695201,7.250170765027322
2017-02-07,38.01078145265889,25.108949416342412,11.734273670557718,4.478271484375,8.50745784695201,7.250170765027322
2017-02-08,38.01272697795071,25.109922178988327,11.72357328145266,4.479248046875,8.50745784695201,7.253922237380627
2017-02-09,38.007855523161645,25.113702623906704,11.720926465824425,4.480731707317073,8.50696469063816,7.259025885558583
2017-02-10,38.007855523161645,25.113702623906704,11.720926465824425,4.480731707317073,8.50696469063816,7.259025885558583
2017-02-11,38.00834143181082,25.117103984450925,11.70861678004535,4.482682926829268,8.50696469063816,7.262755102040816
2017-02-12,38.00834143181082,25.117103984450925,11.70861678004535,4.482682926829268,8.50696469063816,7.262755102040816
2017-02-13,38.00445416261743,25.11807580174927,11.697926789763525,4.483658536585366,8.510851959831552,7.269191576086956
2017-02-14,38.00445416261743,25.11807580174927,11.697926789763525,4.483658536585366,8.510851959831552,7.269191576086956
2017-02-15,38.00542597991578,25.11904761904762,11.687236799481697,4.484634146341463,8.510851959831552,7.271540027137042
2017-02-16,38.00932230869002,25.114299610894943,11.68109597924773,4.485107421875,8.513294422827496,7.271540027137042
2017-02-17,38.00542597991578,25.11904761904762,11.678490443796566,4.486585365853658,8.5118237771299,7.275237127371274
2017-02-18,38.00639779721413,25.122934888241012,11.66682863621639,4.4904878048780485,8.512795594428248,7.277571041948579
2017-02-19,38.00639779721413,25.122934888241012,11.66682863621639,4.4904878048780485,8.512795594428248,7.277571041948579
2017-02-20,38.00639779721413,25.122934888241012,11.66682863621639,4.4904878048780485,8.512795594428248,7.277571041948579
2017-02-21,38.00008090614887,25.127669902912622,11.661812297734627,4.491471734892787,8.513754045307444,7.282601351351351
2017-02-22,38.00153721682848,25.130339805825244,11.652588996763754,4.493908382066277,8.514724919093851,7.2839068825910935
2017-02-23,37.99474620109926,25.137002909796315,11.649046233430326,4.49537487828627,8.513255738764952,7.288915094339623
2017-02-24,37.99474620109926,25.137002909796315,11.649046233430326,4.49537487828627,8.513255738764952,7.288915094339623
2017-02-25,37.99571613320401,25.140882638215324,11.6393469123828,4.499269717624148,8.514225670869704,7.29121803499327
2017-02-26,38.00153721682848,25.13616504854369,11.634142394822005,4.500730994152047,8.516666666666666,7.29121803499327
2017-02-27,38.00153721682848,25.13616504854369,11.634142394822005,4.500730994152047,8.516666666666666,7.29121803499327
2017-02-28,37.994261235046885,25.14282250242483,11.629162625282897,4.503164556962025,8.51616553507921,7.296202956989247
2017-03-01,37.99523116715164,25.145732298739087,11.620433236340123,4.507059396299903,8.51616553507921,7.298489932885906
2017-03-02,37.99523116715164,25.145732298739087,11.620433236340123,4.507059396299903,8.51616553507921,7.298489932885906
2017-03-03,37.99523116715164,25.145732298739087,11.620433236340123,4.507059396299903,8.51616553507921,7.298489932885906
2017-03-04,37.99717103136114,25.15058195926285,11.610733915292595,4.509006815968841,8.51616553507921,7.3021112600536195
2017-03-05,37.99717103136114,25.15058195926285,11.610733915292595,4.509006815968841,8.51616553507921,7.3021112600536195
2017-03-06,38.001051779935274,25.145873786407765,11.606472491909384,4.5095029239766085,8.518608414239482,7.3021112600536195
2017-03-07,37.99377626899451,25.15203685741998,11.601519560297445,4.512414800389484,8.518590365341092,7.307061579651941
2017-03-08,37.99474620109926,25.15591658583899,11.593760103459424,4.514362220058422,8.518590365341092,7.307987967914438
2017-03-09,37.988937338501295,25.16157945736434,11.590277777777777,4.515807392996109,8.518087855297157,7.312917222963952
2017-03-10,37.9850758309132,25.168199419167472,11.585834140045176,4.516277939747328,8.517586318167151,7.315166666666666
2017-03-11,37.987011939335275,25.172797676669894,11.576395611487577,4.51846452866861,8.51782833171991,7.316078561917443
2017-03-12,37.987011939335275,25.172797676669894,11.576395611487577,4.51846452866861,8.51782833171991,7.316078561917443
2017-03-13,37.98025467440361,25.1784332688588,11.5714861379755,4.520873786407767,8.517811089619599,7.3216422872340425
2017-03-14,37.98025467440361,25.1784332688588,11.5714861379755,4.520873786407767,8.517811089619599,7.3216422872340425
2017-03-15,37.981221792392006,25.182301740812377,11.562782076079948,4.52378640776699,8.517811089619599,7.323871181938911
2017-03-16,37.98604388512424,25.178606001936107,11.557518554372377,4.524295432458698,8.520248467247498,7.323871181938911
2017-03-17,37.98604388512424,25.178606001936107,11.557518554372377,4.524295432458698,8.520248467247498,7.323871181938911
2017-03-18,37.987979993546304,25.183446272991286,11.549774120684091,4.526239067055394,8.520248467247498,7.326094164456234
2017-03-19,37.987979993546304,25.183446272991286,11.549774120684091,4.526239067055394,8.520248467247498,7.326094164456234
2017-03-20,37.98555985801872,25.183930300096804,11.541545659890287,4.529154518950437,8.52218457566957,7.331622516556291
2017-03-21,37.98555985801872,25.183930300096804,11.541545659890287,4.529154518950437,8.52218457566957,7.331622516556291
2017-03-22,37.98943207486286,25.186834462729912,11.531865117779928,4.532069970845481,8.521216521458534,7.333829365079365
2017-03-23,37.98460670535139,25.192940038684718,11.528449387491941,4.533495145631068,8.520228884590587,7.337351387054161
2017-03-24,37.98460670535139,25.192940038684718,11.528449387491941,4.533495145631068,8.520228884590587,7.337351387054161
2017-03-25,37.985573823339784,25.197775628626694,11.520712443584783,4.535436893203883,8.520228884590587,7.339544854881266
2017-03-26,37.98943207486286,25.19215876089061,11.517344304614392,4.535957240038873,8.522668602775088,7.339544854881266
2017-03-27,37.983639587362994,25.198742746615086,11.512491940683429,4.537378640776699,8.522646679561573,7.344367588932807
2017-03-28,37.97979066022545,25.206280193236715,11.508615136876006,4.539282250242483,8.522141706924314,7.343914473684211
2017-03-29,37.9817230273752,25.209178743961353,11.500885668276972,4.541222114451989,8.522141706924314,7.343462549277267
2017-03-30,37.9817230273752,25.209178743961353,11.500885668276972,4.541222114451989,8.522141706924314,7.343462549277267
2017-03-31,37.9817230273752,25.209178743961353,11.500885668276972,4.541222114451989,8.522141706924314,7.343462549277267
2017-04-01,37.9817230273752,25.21400966183575,11.493156199677939,4.544131910766247,8.522141706924314,7.344324146981627
2017-04-02,37.9817230273752,25.21400966183575,11.493156199677939,4.544131910766247,8.522141706924314,7.344324146981627
2017-04-03,37.97979066022545,25.216425120772946,11.483011272141706,4.5465567410281285,8.524074074074074,7.346494102228047
2017-04-04,37.97787966537967,25.22007722007722,11.47868404118404,4.546996124031008,8.524533462033462,7.34734947643979
2017-04-05,37.982689210950085,25.21545893719807,11.475281803542673,4.5475266731328805,8.525040257648953,7.34734947643979
2017-04-06,37.982689210950085,25.21545893719807,11.475281803542673,4.5475266731328805,8.525040257648953,7.34734947643979
2017-04-07,37.97981016731017,25.22200772200772,11.470962033462033,4.5479651162790695,8.524533462033462,7.349509803921569
2017-04-08,37.98174066924067,25.226833976833976,11.462274774774775,4.5496608527131785,8.524050836550837,7.351664490861618
2017-04-09,37.98174066924067,25.226833976833976,11.462274774774775,4.5496608527131785,8.524050836550837,7.351664490861618
2017-04-10,37.97693667630987,25.23288331726133,11.457489553198329,4.551548886737657,8.524027643844422,7.3551173402868315
2017-04-11,37.9750321130379,25.23747591522158,11.453195247270392,4.5529497098646035,8.523522800256904,7.35595703125
2017-04-12,37.97982963677274,25.23288331726133,11.448810671809706,4.554453049370765,8.524027643844422,7.35595703125
2017-04-13,37.9759955041747,25.23843930635838,11.445488118175978,4.555851063829787,8.522559409120102,7.360695708712614
2017-04-14,37.9759955041747,25.23843930635838,11.445488118175978,4.555851063829787,8.522559409120102,7.360695708712614
2017-04-15,37.9750321130379,25.24325626204239,11.438744380218369,4.558752417794971,8.523522800256904,7.362824675324675
2017-04-16,37.97886531661845,25.24059787849566,11.433381549341048,4.56026137463698,8.524027643844422,7.362824675324675
2017-04-17,37.98174066924067,25.236003861003862,11.429938867438867,4.561288759689923,8.525981338481339,7.362824675324675
2017-04-18,37.98174066924067,25.236003861003862,11.429938867438867,4.561288759689923,8.525981338481339,7.362824675324675
2017-04-19,37.98270592020592,25.237210424710426,11.421251608751609,4.564437984496124,8.526946589446588,7.364948119325551
2017-04-20,37.97982963677274,25.241803278688526,11.416988106718096,4.565827686350436,8.52643844423015,7.368361398963731
2017-04-21,37.97982963677274,25.241803278688526,11.416988106718096,4.565827686350436,8.52643844423015,7.368361398963731
2017-04-22,37.98079395692704,25.24758919961427,11.407344905175185,4.567763794772508,8.52643844423015,7.370472186287193
2017-04-23,37.983671171171174,25.24300193050193,11.40291184041184,4.569282945736434,8.52791184041184,7.370472186287193
2017-04-24,37.983671171171174,25.24300193050193,11.40291184041184,4.569282945736434,8.52791184041184,7.370472186287193
2017-04-25,37.98079395692704,25.24807135969142,11.39842494374799,4.570909970958374,8.528608164577305,7.371931524547803
2017-04-26,37.982722597235615,25.25,11.39071038251366,4.5738141335914815,8.528608164577305,7.374032258064516
2017-04-27,37.982722597235615,25.25,11.39071038251366,4.5738141335914815,8.528608164577305,7.374032258064516
2017-04-28,37.981775850995504,25.253612716763005,11.387443802183686,4.575193423597679,8.529062299293512,7.374838917525773
2017-04-29,37.98273924213231,25.25650289017341,11.378773281952473,4.578094777562863,8.529062299293512,7.376930501930502
2017-04-30,37.98273924213231,25.25650289017341,11.378773281952473,4.578094777562863,8.529062299293512,7.376930501930502
2017-05-01,37.98273924213231,25.25650289017341,11.378773281952473,4.578094777562863,8.529062299293512,7.376930501930502
2017-05-02,37.97890599935836,25.259624639076034,11.374077638755212,4.5804347826086955,8.530959255694578,7.379016709511568
2017-05-03,37.979868463265966,25.257699711260827,11.368302855309592,4.584299516908213,8.531921719602181,7.379813863928113
2017-05-04,37.977964743589745,25.261298076923076,11.364102564102563,4.586631274131274,8.531410256410256,7.381891025641026
2017-05-05,37.98179339108117,25.256737247353225,11.360121912094963,4.58768115942029,8.532884183509784,7.381891025641026
2017-05-06,37.982755854988774,25.256737247353225,11.35338466474174,4.590579710144928,8.533846647417388,7.383962868117798
2017-05-07,37.982755854988774,25.256737247353225,11.35338466474174,4.590579710144928,8.533846647417388,7.383962868117798
2017-05-08,37.98659280667952,25.251204238921,11.347944765574823,4.59115087040619,8.536287732819524,7.383962868117798
2017-05-09,37.98371831889638,25.252887391722812,11.343760025665704,4.593478260869565,8.537696503047801,7.387308184143222
2017-05-10,37.98564324671158,25.251924927815207,11.336060314404875,4.5973429951690825,8.538658966955404,7.386813537675606
2017-05-11,37.984695512820515,25.25360576923077,11.332852564102563,4.600627413127413,8.537179487179486,7.3901466836734695
2017-05-12,37.984695512820515,25.25360576923077,11.332852564102563,4.600627413127413,8.537179487179486,7.3901466836734695
2017-05-13,37.98661858974359,25.25264423076923,11.327083333333333,4.604488416988417,8.540064102564102,7.390923566878981
2017-05-14,37.98661858974359,25.25264423076923,11.327083333333333,4.604488416988417,8.540064102564102,7.390923566878981
2017-05-15,37.9885306384344,25.248075072184793,11.322585819698427,4.606038647342995,8.54250882258582,7.390923566878981
2017-05-16,37.98661858974359,25.249759615384615,11.317467948717947,4.609314671814672,8.542948717948718,7.394243002544529
2017-05-17,37.98950320512821,25.24591346153846,11.30977564102564,4.614140926640927,8.543910256410255,7.393742058449809
2017-05-18,37.98951328850465,25.246637848222864,11.306596221581811,4.618370298939248,8.541466538584693,7.395780456852792
2017-05-19,37.98952335252719,25.24832053742802,11.302463211772233,4.621628131021194,8.541906589891234,7.395278833967047
2017-05-20,37.99240243122201,25.246401151631478,11.295745361484325,4.625481695568401,8.542866282789507,7.396044303797468
2017-05-21,37.99240243122201,25.246401151631478,11.295745361484325,4.625481695568401,8.542866282789507,7.396044303797468
2017-05-22,37.9909715564078,25.24712368168744,11.29066794503036,4.630173243503369,8.544263342921061,7.3968078381795195
2017-05-23,37.9919380587484,25.246886973180075,11.28655810983397,4.634375,8.543742017879948,7.396306818181818
2017-05-24,37.9919380587484,25.246886973180075,11.28655810983397,4.634375,8.543742017879948,7.396306818181818
2017-05-25,37.9919380587484,25.246886973180075,11.28655810983397,4.634375,8.543742017879948,7.396306818181818
2017-05-26,37.99098883572568,25.247607655502392,11.28341307814992,4.638568683957733,8.54322169059011,7.397068095838588
2017-05-27,37.99385964912281,25.245693779904308,11.277671451355662,4.643371757925072,8.54322169059011,7.397827455919395
2017-05-28,37.99672733077906,25.241139846743295,11.273148148148147,4.645913461538462,8.545657726692209,7.397827455919395
2017-05-29,37.994338118022334,25.241866028708134,11.268102073365231,4.651056676272814,8.547049441786283,7.399842767295597
2017-05-30,37.994338118022334,25.241866028708134,11.268102073365231,4.651056676272814,8.547049441786283,7.399842767295597
2017-05-31,37.99720893141946,25.23803827751196,11.259489633173843,4.656820365033622,8.548006379585326,7.399340452261306
2017-06-01,37.998167622689614,25.235898661567877,11.256373486297004,4.661948176583493,8.547482472912682,7.400094102885822
2017-06-02,37.99912448264884,25.23567335243553,11.252308182107608,4.665148609779482,8.547914676854504,7.400845864661654
2017-06-03,38.001034702324105,25.23662846227316,11.243712193568927,4.669942473633749,8.548869786692135,7.401595744680851
2017-06-04,38.001034702324105,25.23662846227316,11.243712193568927,4.669942473633749,8.548869786692135,7.401595744680851
2017-06-05,38.00294773741237,25.231118546845124,11.240121096239642,4.670585412667946,8.551306564690885,7.401595744680851
2017-06-06,38.002944921999365,25.22898758357211,11.236071314867877,4.6747363374880155,8.553645335880292,7.40234375
2017-06-07,38.00676536134989,25.224212034383953,11.228430436166825,4.679530201342282,8.554600445717924,7.401841448189763
2017-06-08,38.00675890585242,25.22304389312977,11.224395674300254,4.684626436781609,8.554071246819339,7.403834164588528
2017-06-09,38.00675890585242,25.22304389312977,11.224395674300254,4.684626436781609,8.554071246819339,7.403834164588528
2017-06-10,38.01057569974555,25.221135496183205,11.217716284987278,4.68845785440613,8.555979643765903,7.404576587795765
2017-06-11,38.01249602037568,25.217526265520537,11.214103788602355,4.690076701821669,8.557465775230817,7.404576587795765
2017-06-12,38.01200699745547,25.21588740458015,11.209605597964376,4.694204980842912,8.559796437659033,7.406560945273632
2017-06-13,38.01199555131872,25.21472831267874,11.206545916746107,4.698325358851674,8.55926278995869,7.406055900621118
2017-06-14,38.01486959287532,25.21111641221374,11.202926208651398,4.699952107279693,8.560750636132315,7.406055900621118
2017-06-15,38.0158087067048,25.20996186844614,11.198919605973943,4.704066985645933,8.56021607880521,7.406792803970223
2017-06-16,38.0158087067048,25.20996186844614,11.198919605973943,4.704066985645933,8.56021607880521,7.406792803970223
2017-06-17,38.01914521766762,25.207102001906577,11.190578328566888,4.707416267942584,8.562122656498252,7.407527881040892
2017-06-18,38.02107188295166,25.203482824427482,11.186943384223918,4.709051724137931,8.563613231552162,7.407527881040892
2017-06-19,38.023002228589625,25.198901623686723,11.182346386501115,4.710690316395015,8.565106653931869,7.407527881040892
2017-06-20,38.023218829516544,25.198234732824428,11.178117048346055,4.7155172413793105,8.56623727735369,7.407951732673268
2017-06-21,38.027989821882954,25.192509541984734,11.171437659033078,4.7203065134099615,8.569099872773537,7.407447466007417
2017-06-22,38.027989821882954,25.192509541984734,11.171437659033078,4.7203065134099615,8.569099872773537,7.407447466007417
2017-06-23,38.02891642834446,25.19232602478551,11.168414362885287,4.723444976076555,8.569510645058786,7.406944444444444
2017-06-24,38.03177629488402,25.18946615824595,11.161741340959644,4.7272727272727275,8.570463933905305,7.407675709001233
2017-06-25,38.033715012722645,25.185830152671755,11.158078880407125,4.728927203065134,8.571962468193384,7.407675709001233
2017-06-26,38.033715012722645,25.185830152671755,11.158078880407125,4.728927203065134,8.571962468193384,7.407675709001233
2017-06-27,38.03272958373054,25.186606291706386,11.15363838576422,4.733014354066985,8.573323800444868,7.409020935960591
2017-06-28,38.037496027963144,25.181839847473785,11.148871941531617,4.7368421052631575,8.575230378137908,7.408517835178352
2017-06-29,38.03936507936508,25.179761904761904,11.146825396825395,4.739961759082218,8.57563492063492,7.4080159705159705
2017-06-30,38.03936507936508,25.179761904761904,11.146825396825395,4.739961759082218,8.57563492063492,7.4080159705159705
2017-07-01,38.04031746031746,25.176904761904762,11.14206349206349,4.744741873804971,8.5765873015873,7.4075153374233125
2017-07-02,38.04031746031746,25.176904761904762,11.14206349206349,4.744741873804971,8.5765873015873,7.4075153374233125
2017-07-03,38.039841269841276,25.17309523809524,11.134920634920634,4.750478011472276,8.579920634920635,7.409466911764706
2017-07-04,38.039841269841276,25.17309523809524,11.134920634920634,4.750478011472276,8.579920634920635,7.409466911764706
2017-07-05,38.042698412698414,25.169285714285714,11.129206349206349,4.755258126195029,8.580873015873015,7.408965728274174
2017-07-06,38.04360926102125,25.16722169362512,11.126704725658103,4.759312320916905,8.580796067237552,7.40968826405868
2017-07-07,38.04546894803549,25.16611216730038,11.123732572877058,4.762404580152672,8.58119455006337,7.409188034188034
2017-07-08,38.04546894803549,25.165161596958175,11.118979721166033,4.768129770992366,8.58119455006337,7.4086890243902435
2017-07-09,38.04546894803549,25.165161596958175,11.118979721166033,4.768129770992366,8.58119455006337,7.4086890243902435
2017-07-10,38.04546894803549,25.161359315589355,11.109949302915082,4.773854961832061,8.583570975918883,7.411236297198538
2017-07-11,38.04637543526432,25.15835707502374,11.106995884773662,4.776930409914204,8.583966445077555,7.411952554744525
2017-07-12,38.04927122940431,25.15565589353612,11.10424588086185,4.778625954198473,8.585472116603295,7.411952554744525
2017-07-13,38.04927122940431,25.15565589353612,11.10424588086185,4.778625954198473,8.585472116603295,7.411952554744525
2017-07-14,38.04927122940431,25.15565589353612,11.10424588086185,4.778625954198473,8.585472116603295,7.411952554744525
2017-07-15,38.05022179974652,25.154230038022813,11.097354245880862,4.782204198473282,8.586660329531052,7.412667071688943
2017-07-16,38.05026958452268,25.153425309229306,11.093640976847446,4.783906399235912,8.588169996828416,7.412667071688943
2017-07-17,38.05026958452268,25.153425309229306,11.093640976847446,4.783906399235912,8.588169996828416,7.412667071688943
2017-07-18,38.049984157160964,25.15327946768061,11.089512040557667,4.7876908396946565,8.588799112801013,7.413986650485437
2017-07-19,38.05473700887199,25.148526615969583,11.08285804816223,4.792461832061068,8.589749683143218,7.413484848484848
2017-07-20,38.05473700887199,25.148526615969583,11.08285804816223,4.792461832061068,8.589749683143218,7.413484848484848
2017-07-21,38.05658436213992,25.147435897435898,11.079930357708134,4.795519542421354,8.589189616967394,7.414194915254237
2017-07-22,38.05658436213992,25.146486229819562,11.07423235201013,4.8002859866539564,8.590139284583728,7.414903264812575
2017-07-23,38.05758871989861,25.143773764258555,11.071451204055766,4.802003816793893,8.59165082382763,7.414903264812575
2017-07-24,38.05758871989861,25.143773764258555,11.071451204055766,4.802003816793893,8.59165082382763,7.414903264812575
2017-07-25,38.057059195948085,25.14363722697056,11.067109844887622,4.805529075309819,8.593463121240898,7.4168176328502415
2017-07-26,38.06180753402976,25.137939221272553,11.061411839189617,4.8102955195424215,8.595362456473566,7.416314837153196
2017-07-27,38.06364642631246,25.13591081593928,11.058507273877293,4.8133333333333335,8.594797596457937,7.418222891566265
2017-07-28,38.06364642631246,25.13591081593928,11.058507273877293,4.8133333333333335,8.594797596457937,7.418222891566265
2017-07-29,38.06459519291588,25.134013282732447,11.051865907653383,4.818095238095238,8.595746363061354,7.4201263537906135
2017-07-30,38.06459519291588,25.134013282732447,11.051865907653383,4.818095238095238,8.595746363061354,7.4201263537906135
2017-07-31,38.06655587211143,25.129392212725545,11.04906616017727,4.819828408007626,8.597261791706236,7.4201263537906135
2017-08-01,38.065543959519296,25.128795066413662,11.045224541429475,4.8238095238095235,8.5985926628716,7.422626201923077
2017-08-02,38.069339025932955,25.12310246679317,11.039531941808981,4.828571428571428,8.599541429475016,7.423319327731092
2017-08-03,38.069339025932955,25.12310246679317,11.039531941808981,4.828571428571428,8.599541429475016,7.423319327731092
2017-08-04,38.069339025932955,25.12310246679317,11.039531941808981,4.828571428571428,8.599541429475016,7.423319327731092
2017-08-05,38.071236559139784,25.120256166982923,11.032890575585073,4.833333333333333,8.60049019607843,7.424010791366906
2017-08-06,38.071236559139784,25.120256166982923,11.032890575585073,4.833333333333333,8.60049019607843,7.424010791366906
2017-08-07,38.071236559139784,25.115512333965846,11.02672359266287,4.839047619047619,8.603810879190386,7.425898203592815
2017-08-08,38.071236559139784,25.115512333965846,11.02672359266287,4.839047619047619,8.603810879190386,7.425898203592815
2017-08-09,38.07550600885516,25.11219165085389,11.021030993042377,4.842380952380952,8.604285262492093,7.426584928229665
2017-08-10,38.07550600885516,25.11219165085389,11.021030993042377,4.842380952380952,8.604285262492093,7.426584928229665
2017-08-11,38.07733017377567,25.111137440758295,11.018167456556082,4.845385347288297,8.603712480252764,7.4272700119474315
2017-08-12,38.079699842022116,25.10734597156398,11.010110584518166,4.849904852521409,8.605608214849921,7.427953460620525
2017-08-13,38.080724225173945,25.10555028462998,11.007273877292851,4.850714285714286,8.606182795698924,7.427953460620525
2017-08-14,38.080724225173945,25.10555028462998,11.007273877292851,4.850714285714286,8.606182795698924,7.427953460620525
2017-08-15,38.079699842022116,25.105450236966824,11.00347551342812,4.854662226450999,8.606556082148499,7.4310190703218115
2017-08-16,38.08396524486572,25.100236966824646,10.996840442338073,4.858943862987631,8.607977883096366,7.43110119047619
2017-08-17,38.08396524486572,25.100236966824646,10.996840442338073,4.858943862987631,8.607977883096366,7.43110119047619
2017-08-18,38.085942441492726,25.096537001897534,10.993042378241618,4.859761904761905,8.609503478810879,7.43110119047619
2017-08-19,38.08878874130298,25.0946394686907,10.987349778621125,4.863571428571428,8.609503478810879,7.430588585017836
2017-08-20,38.08878874130298,25.0946394686907,10.987349778621125,4.863571428571428,8.609503478810879,7.430588585017836
2017-08-21,38.09077239632796,25.09093067426401,10.984488762266539,4.86534795042898,8.611031972143083,7.430588585017836
2017-08-22,38.09139784946237,25.089895635673624,10.98094560404807,4.869761904761905,8.610926628716001,7.431858669833729
2017-08-23,38.093769765970904,25.087998102466795,10.975253004427577,4.874047619047619,8.611875395319418,7.4337188612099645
2017-08-24,38.09368088467615,25.085071090047393,10.972432859399683,4.877973358705995,8.612243285939968,7.436759478672986
2017-08-25,38.09652448657188,25.078436018957348,10.966745655608214,4.8827307326355855,8.615086887835702,7.438609467455621
2017-08-26,38.099368088467614,25.074644549763033,10.960110584518167,4.888439581351094,8.61698262243286,7.43927304964539
2017-08-27,38.099368088467614,25.074644549763033,10.960110584518167,4.888439581351094,8.61698262243286,7.43927304964539
2017-08-28,38.099368088467614,25.074644549763033,10.960110584518167,4.888439581351094,8.61698262243286,7.43927304964539
2017-08-29,38.09832702020202,25.073626893939394,10.955886994949495,4.891397338403042,8.618292297979798,7.442296340023613
2017-08-30,38.10022095959596,25.071732954545453,10.950205176767676,4.895199619771863,8.620186237373737,7.444133254716981
2017-08-31,38.101167929292934,25.070785984848484,10.947364267676766,4.898051330798479,8.621133207070706,7.448321554770318
2017-09-01,38.102018290760014,25.06788079470199,10.944575843582465,4.902896486229819,8.62149164301482,7.448970588235294
2017-09-02,38.10485651214128,25.064096499526965,10.939845474613685,4.906695156695156,8.623383790602333,7.449618096357227
2017-09-03,38.10485651214128,25.064096499526965,10.939845474613685,4.906695156695156,8.623383790602333,7.449618096357227
2017-09-04,38.106275622831916,25.060785241248816,10.932749921160516,4.911918328584996,8.627168085777356,7.453198356807512
2017-09-05,38.106275622831916,25.060785241248816,10.932749921160516,4.911918328584996,8.627168085777356,7.453198356807512
2017-09-06,38.10935036266162,25.058420056764426,10.928729107537054,4.916666666666667,8.62858719646799,7.454425556858148
2017-09-07,38.110769473352256,25.05321665089877,10.924471775465152,4.921889838556505,8.63095238095238,7.456820843091335
2017-09-08,38.11019218651544,25.0508034026465,10.921707624448645,4.9257590132827325,8.631773787019533,7.458625730994152
2017-09-09,38.11231884057971,25.0484404536862,10.91698172652804,4.929316888045541,8.633664146187774,7.460426401869159
2017-09-10,38.11231884057971,25.0484404536862,10.91698172652804,4.929316888045541,8.633664146187774,7.460426401869159
2017-09-11,38.11079634875669,25.046978281397546,10.912338684293358,4.933175355450237,8.635426502990242,7.464556592765461
2017-09-12,38.11079634875669,25.046978281397546,10.912338684293358,4.933175355450237,8.635426502990242,7.464556592765461
2017-09-13,38.113629209946495,25.043201133144475,10.907617248977022,4.93696682464455,8.638259364180044,7.466346153846154
2017-09-14,38.11551778407303,25.03753541076487,10.901164620711363,4.941864139020536,8.641092225369846,7.47162398137369
2017-09-15,38.11352201257862,25.03561320754717,10.898427672955975,4.94665404040404,8.641430817610063,7.474563953488372
2017-09-16,38.11446540880503,25.03372641509434,10.894654088050315,4.950441919191919,8.644261006289307,7.478658536585366
2017-09-17,38.11446540880503,25.03372641509434,10.894654088050315,4.950441919191919,8.644261006289307,7.478658536585366
2017-09-18,38.11540880503145,25.027122641509433,10.88805031446541,4.956123737373737,8.648977987421382,7.482743619489559
2017-09-19,38.1136506440465,25.02474081055608,10.885328306628967,4.960895616524755,8.649780081683945,7.48508111239861
2017-09-20,38.11658805031447,25.023820754716983,10.883333333333335,4.960858585858586,8.651336477987421,7.48508111239861
2017-09-21,38.1150644046497,25.020735155513666,10.880615771284951,4.965152948596657,8.651429469054351,7.488570601851852
2017-09-22,38.1143575243481,25.01578699340245,10.875667609173735,4.970356354462314,8.654256990260759,7.492919075144509
2017-09-23,38.11635220125786,25.015801886792453,10.874606918238994,4.971275252525252,8.654874213836477,7.492919075144509
2017-09-24,38.12023921938936,25.012983947119924,10.871655649984262,4.972195892575039,8.657381177211205,7.492919075144509
2017-09-25,38.12023921938936,25.012983947119924,10.871655649984262,4.972195892575039,8.657381177211205,7.492919075144509
2017-09-26,38.12023921938936,25.012983947119924,10.871655649984262,4.972195892575039,8.657381177211205,7.492919075144509
2017-09-27,38.12413358538122,25.01110586011342,10.869643982356648,4.9721695129664765,8.658947700063012,7.492919075144509
2017-09-28,38.12413358538122,25.01110586011342,10.869643982356648,4.9721695129664765,8.658947700063012,7.492919075144509
2017-09-29,38.11835064526283,25.00731822474032,10.869767075857728,4.97693522906793,8.660214038401007,7.498123556581986
2017-09-30,38.11614730878187,25.001967264715137,10.865675165250236,4.982938388625592,8.663676424299654,7.503316032295271
2017-10-01,38.10943396226415,24.99819182389937,10.864858490566037,4.989583333333333,8.663993710691825,7.5096486175115205
2017-10-02,38.10943396226415,24.99819182389937,10.864858490566037,4.989583333333333,8.663993710691825,7.5096486175115205
2017-10-03,38.11331444759207,24.996301542335537,10.862842304060434,4.990521327014218,8.66556499842619,7.5096486175115205
2017-10-04,38.10754716981132,24.991588050314466,10.862028301886792,4.996212121212121,8.66682389937107,7.514815880322209
2017-10-05,38.10754716981132,24.991588050314466,10.862028301886792,4.996212121212121,8.66682389937107,7.514815880322209
2017-10-06,38.11111111111111,24.988747245829398,10.859379918161789,4.996208530805688,8.669342146679258,7.514815880322209
2017-10-07,38.108278249921305,24.98119294932326,10.85560276990872,5.001895734597157,8.674063581995593,7.5199712643678165
2017-10-08,38.108278249921305,24.98119294932326,10.85560276990872,5.001895734597157,8.674063581995593,7.5199712643678165
2017-10-09,38.11310649023314,24.976449275362317,10.853575929426592,5.001897533206831,8.677536231884059,7.5199712643678165
2017-10-10,38.10733396285804,24.973638652817122,10.851825621655651,5.007582938388626,8.677840730248663,7.52626291618829
2017-10-11,38.10450110166824,24.967028643374253,10.850881334592383,5.013270142180095,8.680673591438465,7.531393348623853
2017-10-12,38.09874213836478,24.962342767295596,10.850078616352201,5.018939393939394,8.681918238993712,7.53536655211913
2017-10-13,38.09685534591195,24.95196540880503,10.847248427672957,5.025568181818182,8.685691823899372,7.540474828375286
2017-10-14,38.094811320754715,24.945361635220124,10.844103773584905,5.030776515151516,8.689622641509434,7.545571428571429
2017-10-15,38.10056657223796,24.94058860560277,10.843012275731823,5.029857819905213,8.692162417374883,7.545571428571429
2017-10-16,38.098205854579795,24.932562165565,10.839235127478753,5.035071090047393,8.695467422096318,7.55179794520548
2017-10-17,38.098205854579795,24.932562165565,10.839235127478753,5.035071090047393,8.695467422096318,7.55179794520548
2017-10-18,38.09245283018868,24.927908805031446,10.83938679245283,5.040719696969697,8.695754716981131,7.556870011402508
2017-10-19,38.08576814326108,24.92420672321709,10.83765315739868,5.047303689687796,8.69698397737983,7.5630694760820045
2017-10-20,38.08388312912347,24.914781652529058,10.83482563619227,5.053926206244087,8.700754005655043,7.568117178612059
2017-10-21,38.08388312912347,24.909126610116243,10.831998114985863,5.059602649006623,8.703581526861452,7.573153409090909
2017-10-22,38.08388312912347,24.909126610116243,10.831998114985863,5.059602649006623,8.703581526861452,7.573153409090909
2017-10-23,38.08388312912347,24.909126610116243,10.831998114985863,5.059602649006623,8.703581526861452,7.573153409090909
2017-10-24,38.07909604519774,24.905445699937225,10.83027306967985,5.064272211720227,8.704802259887005,7.579313280363223
2017-10-25,38.078154425612055,24.898148148148145,10.828154425612052,5.0704158790170135,8.708097928436912,7.58375850340136
2017-10-26,38.078154425612055,24.898148148148145,10.828154425612052,5.0704158790170135,8.708097928436912,7.58375850340136
2017-10-27,38.0775266792216,24.889359698681734,10.825329566854991,5.075456836798992,8.712178279974891,7.588759909399774
2017-10-28,38.07470182046453,24.881826741996232,10.822504708097929,5.081127914303718,8.71594475831764,7.59375
2017-10-29,38.07470182046453,24.881826741996232,10.822504708097929,5.081127914303718,8.71594475831764,7.59375
2017-10-30,38.06804640953277,24.878174976481656,10.82173095014111,5.086717028643374,8.717152712449044,7.5998587570621465
2017-10-31,38.06804640953277,24.878174976481656,10.82173095014111,5.086717028643374,8.717152712449044,7.5998587570621465
2017-11-01,38.068987143305115,24.868767638758232,10.819849482596425,5.092382751022978,8.719974913766071,7.603696388261851
2017-11-02,38.068987143305115,24.868767638758232,10.819849482596425,5.092382751022978,8.719974913766071,7.603696388261851
2017-11-03,38.071876961707474,24.862994350282484,10.817796610169491,5.092470069313169,8.72347771500314,7.603696388261851
2017-11-04,38.070935342121786,24.85734463276836,10.814971751412429,5.097195967233774,8.7263025737602,7.608652762119504
2017-11-05,38.070935342121786,24.85734463276836,10.814971751412429,5.097195967233774,8.7263025737602,7.608652762119504
2017-11-06,38.06905210295041,24.8469868173258,10.812146892655367,5.1028670447385,8.730069052102952,7.613597972972973
2017-11-07,38.062402006898715,24.844308560677327,10.80997177798683,5.107963487566887,8.731734085920351,7.6202193475815525
2017-11-08,38.06716886377904,24.84039548022599,10.808851224105462,5.107120352867044,8.733364720652856,7.6202193475815525
2017-11-09,38.05957980558169,24.836782690498588,10.809031044214487,5.11362920994649,8.733615553465036,7.62626404494382
2017-11-10,38.062460765850595,24.830979284369114,10.8060263653484,5.113736609955891,8.737131198995606,7.62626404494382
2017-11-11,38.05916509730069,24.825800376647834,10.802024482109228,5.119171392564587,8.740897677338356,7.6322951739618405
2017-11-12,38.05916509730069,24.825800376647834,10.802024482109228,5.119171392564587,8.740897677338356,7.6322951739618405
2017-11-13,38.057281858129315,24.816854990583803,10.798728813559322,5.125787649653434,8.744193345888261,7.6371917040358746
2017-11-14,38.051583568516776,24.812323612417686,10.797036688617121,5.130862448851117,8.745845092505489,7.643756998880179
2017-11-15,38.055398618957945,24.80743879472693,10.794962335216573,5.130986137366099,8.748430634023855,7.643756998880179
2017-11-16,38.05257376020088,24.798022598870055,10.79213747645951,5.136657214870826,8.752197112366604,7.648629753914989
2017-11-17,38.047820633427406,24.79444967074318,10.793273753527751,5.141249606547056,8.752430228911885,7.6523743016759775
2017-11-18,38.04499843211038,24.788805268109126,10.791392285983067,5.14691532892666,8.75431169645657,7.658342633928571
2017-11-19,38.04499843211038,24.788805268109126,10.791392285983067,5.14691532892666,8.75431169645657,7.658342633928571
2017-11-20,38.0390037593985,24.785244360902254,10.791901629072683,5.152122641509434,8.754542606516292,7.662811222593832
2017-11-21,38.031924882629106,24.781690140845072,10.790923317683882,5.157163053722903,8.756885758998436,7.669868225686711
2017-11-22,38.035714285714285,24.775845864661655,10.788847117794488,5.157311320754717,8.759476817042607,7.669868225686711
2017-11-23,38.030046948356805,24.772300469483568,10.788106416275431,5.1637606032045245,8.760641627543036,7.674684835001854
2017-11-24,38.0328947368421,24.768327067669173,10.785087719298247,5.164858490566037,8.764176065162907,7.674684835001854
2017-11-25,38.03007518796993,24.763627819548873,10.783208020050125,5.170518867924528,8.766995614035089,7.67837962962963
2017-11-26,38.03292568203199,24.758701787394166,10.780181875195987,5.171624173748819,8.768657886484792,7.67837962962963
2017-11-27,38.027725563909776,24.7546992481203,10.780388471177945,5.176179245283019,8.769345238095239,7.683176100628931
2017-11-28,38.027725563909776,24.7546992481203,10.780388471177945,5.176179245283019,8.769345238095239,7.683176100628931
2017-11-29,38.03151458137347,24.750705550329258,10.77735967387896,5.176345609065156,8.77195045468799,7.683176100628931
2017-11-30,38.026785714285715,24.74765037593985,10.777568922305765,5.180896226415094,8.77216478696742,7.686853288987436
2017-12-01,38.02963311382879,24.74459078080903,10.774537472561931,5.182011331444759,8.774772656005018,7.686853288987436
2017-12-02,38.026810912511756,24.73988711194732,10.771715271244904,5.186732766761096,8.777594857322045,7.691629752676264
2017-12-03,38.026810912511756,24.73988711194732,10.771715271244904,5.186732766761096,8.777594857322045,7.691629752676264
2017-12-04,38.02398871119473,24.730950141110068,10.77030417058639,5.1914542020774315,8.780887425525243,7.69584255162242
2017-12-05,38.017387218045116,24.728383458646615,10.769580200501254,5.195990566037736,8.78297305764411,7.70170349907919
2017-12-06,38.0211665098777,24.724365004703667,10.767481969269364,5.196175637393767,8.784650360614613,7.70170349907919
2017-12-07,38.015507518796994,24.720864661654137,10.767700501253133,5.1997641509433965,8.785792606516292,7.707551508462105
2017-12-08,38.01174812030075,24.715225563909776,10.765820802005013,5.203537735849056,8.788612155388472,7.7122840867328195
2017-12-09,38.00892857142857,24.710056390977442,10.763471177944863,5.207311320754717,8.792371553884712,7.717006240822321
2017-12-10,38.00516431924883,24.7056338028169,10.764632237871675,5.209943449575872,8.792566510172145,7.720617895122846
2017-12-11,38.00798872180451,24.700657894736842,10.761591478696742,5.211084905660377,8.795191102756894,7.720617895122846
2017-12-12,38.001408450704226,24.6981220657277,10.761345852895149,5.214655984919887,8.79679186228482,7.726968864468865
2017-12-13,38.00422932330827,24.69407894736842,10.759241854636592,5.214858490566038,8.799420426065163,7.726968864468865
2017-12-14,37.998591549295774,24.68967136150235,10.760406885758998,5.218426013195099,8.799608763693271,7.732757043541896
2017-12-15,38.00140977443609,24.684993734335837,10.757048872180452,5.218946540880503,8.802239974937343,7.732757043541896
2017-12-16,37.99812030075188,24.679354636591476,10.756578947368421,5.2227201257861635,8.804589598997495,7.737984283625732
2017-12-17,37.99812030075188,24.679354636591476,10.756578947368421,5.2227201257861635,8.804589598997495,7.737984283625732
2017-12-18,37.99812030075188,24.679354636591476,10.756578947368421,5.2227201257861635,8.804589598997495,7.737984283625732
2017-12-19,37.99154929577465,24.675899843505476,10.755868544600938,5.2262802387684575,8.806651017214397,7.7448430083972255
2017-12-20,37.99342105263158,24.671835839598998,10.7546992481203,5.227437106918239,8.808348997493734,7.7448430083972255
2017-12-21,37.989671361502346,24.668388106416273,10.755399061032865,5.231935281181276,8.808528951486698,7.748404449307076
2017-12-22,37.989671361502346,24.668388106416273,10.755399061032865,5.231935281181276,8.808528951486698,7.748404449307076
2017-12-23,37.986854460093895,24.662050078247262,10.753286384976526,5.235940936223688,8.8122848200313,7.753597449908925
2017-12-24,37.98966165413534,24.65609335839599,10.749295112781954,5.237106918238993,8.814927944862156,7.753597449908925
2017-12-25,37.98966165413534,24.65609335839599,10.749295112781954,5.237106918238993,8.814927944862156,7.753597449908925
2017-12-26,37.98966165413534,24.65609335839599,10.749295112781954,5.237106918238993,8.814927944862156,7.753597449908925
2017-12-27,37.98778195488722,24.64669486215539,10.748355263157896,5.239937106918239,8.817747493734336,7.75823326055313
2017-12-28,37.98778195488722,24.64669486215539,10.748355263157896,5.239937106918239,8.817747493734336,7.75823326055313
2017-12-29,37.98965192850423,24.641658827218563,10.74623706491063,5.2401636764243,8.820398243963625,7.75823326055313
2017-12-30,37.99152542372882,24.640379786566225,10.744114877589453,5.240390674228103,8.82305398618958,7.75823326055313
2017-12-31,37.99152542372882,24.640379786566225,10.744114877589453,5.240390674228103,8.82305398618958,7.75823326055313
2018-01-01,37.99152542372882,24.640379786566225,10.744114877589453,5.240390674228103,8.82305398618958,7.75823326055313
2018-01-02,37.98635936030104,24.635544057698336,10.743414863593603,5.244885111740635,8.825101912825337,7.763949472918939
2018-01-03,37.98259642521167,24.628018187519597,10.740592662276576,5.249606547056971,8.827924114142364,7.770742556281772
2018-01-04,37.97791353383459,24.624608395989974,10.740836466165414,5.25314465408805,8.828085839598998,7.776432716721074
2018-01-05,37.98071495766698,24.619551583568516,10.737770460959549,5.254327982373308,8.830746315459391,7.776432716721074
2018-01-06,37.97789275634995,24.61390718093446,10.736829727187207,5.259049417689644,8.832627783004076,7.781023550724638
2018-01-07,37.974154135338345,24.60957080200501,10.738016917293233,5.262578616352201,8.832785087719298,7.783432862830257
2018-01-08,37.96992481203007,24.60064223057644,10.735197368421053,5.267295597484276,8.8374843358396,7.789633044107014
2018-01-09,37.96992481203007,24.60064223057644,10.735197368421053,5.267295597484276,8.8374843358396,7.789633044107014
2018-01-10,37.97271872060207,24.596503606146126,10.733066792097837,5.267548001259049,8.839212919410475,7.789633044107014
2018-01-11,37.97271872060207,24.596503606146126,10.733066792097837,5.267548001259049,8.839212919410475,7.789633044107014
2018-01-12,37.97457627118644,24.593298807281858,10.729048964218455,5.268746061751733,8.841886377903327,7.789633044107014
2018-01-13,37.97316384180791,24.58717827997489,10.726224105461393,5.271345305608065,8.843769617074702,7.795278078728783
2018-01-14,37.97502356267672,24.5839616713792,10.724081055607916,5.27160201829076,8.846449890040843,7.795278078728783
2018-01-15,37.970546654099905,24.57477222745837,10.723138548539113,5.275622831914222,8.850455545083255,7.8003697691197695
2018-01-16,37.970546654099905,24.57477222745837,10.723138548539113,5.275622831914222,8.850455545083255,7.8003697691197695
2018-01-17,37.97240566037736,24.571540880503143,10.720047169811322,5.276830808080808,8.852201257861635,7.8003697691197695
2018-01-18,37.9686616399623,24.56534715677034,10.721253534401509,5.279407127089246,8.853283066289665,7.80490990990991
2018-01-19,37.96677662582469,24.556864593151115,10.7184260131951,5.283191422264269,8.857053094564877,7.809440244780418
2018-01-20,37.961121583411874,24.5521520578071,10.716540999057493,5.286029643645537,8.859880615771285,7.815039554117225
2018-01-21,37.95739171374765,24.545982423101066,10.717749529190208,5.288594833018273,8.860954174513497,7.819549209770115
2018-01-22,37.95366886171214,24.538883662590152,10.7189557855127,5.2911551778407295,8.86296644716212,7.825125583064227
2018-01-23,37.94760338345865,24.532738095238095,10.71828007518797,5.29559748427673,8.864974937343359,7.83176523297491
2018-01-24,37.94943555973659,24.529476324866728,10.716133584195672,5.295876613157066,8.86672938225149,7.83176523297491
2018-01-25,37.9452537593985,24.525219298245613,10.716165413533835,5.300314465408805,8.867089598997495,7.83624239169352
2018-01-26,37.94708372530574,24.521009720915647,10.71307619943556,5.301542335536669,8.869786767011602,7.83624239169352
2018-01-27,37.94238005644403,24.515365318281592,10.711194731890874,5.305319483789739,8.872608968328631,7.840709942775394
2018-01-28,37.94326741996233,24.510200878844945,10.709039548022599,5.306553245116572,8.87531387319523,7.840709942775394
2018-01-29,37.93932267168391,24.503841329570395,10.70978363123236,5.310040919106075,8.876842270304172,7.846239728474456
2018-01-30,37.93932267168391,24.503841329570395,10.70978363123236,5.310040919106075,8.876842270304172,7.846239728474456
2018-01-31,37.94114877589454,24.50054927809165,10.70668549905838,5.311279143037177,8.878609541745135,7.846239728474456
2018-02-01,37.93650047036689,24.49443399184697,10.706961429915333,5.315706641485678,8.880605205393541,7.852828336902213
2018-02-02,37.93085606773283,24.48596738789589,10.706961429915333,5.318539502675479,8.885308874255253,7.859402852049911
2018-02-03,37.92521166509878,24.480322985261836,10.705079962370649,5.323260937991816,8.887190341799938,7.8648949430199435
2018-02-04,37.92521166509878,24.480322985261836,10.705079962370649,5.323260937991816,8.887190341799938,7.8648949430199435
2018-02-05,37.92121354656632,24.468563813107558,10.704844778927564,5.328454516839786,8.890953276889308,7.871442547136251
2018-02-06,37.92121354656632,24.468563813107558,10.704844778927564,5.328454516839786,8.890953276889308,7.871442547136251
2018-02-07,37.921139359698685,24.467121782799747,10.701741996233523,5.329710144927536,8.892733835530446,7.871442547136251
2018-02-08,37.91556914393227,24.461037942928815,10.703904045155221,5.333175952156122,8.892834744433992,7.877976190476191
2018-02-09,37.90906954887218,24.454965538847116,10.706062030075188,5.337578616352201,8.893875313283209,7.883430954916578
2018-02-10,37.90531015037594,24.449326441102755,10.705122180451127,5.341352201257862,8.89481516290727,7.887810283687943
2018-02-11,37.90710253998119,24.445045468798995,10.702963311382879,5.342618822788794,8.896597679523362,7.887810283687943
2018-02-12,37.89910630291627,24.436108497961744,10.702963311382879,5.347812401636764,8.901771715271245,7.895368402408785
2018-02-13,37.89910630291627,24.436108497961744,10.702963311382879,5.347812401636764,8.901771715271245,7.895368402408785
2018-02-14,37.89995291902071,24.433694287507844,10.700800376647834,5.348141146817895,8.902620841180164,7.895368402408785
2018-02-15,37.895343367826904,24.425760426465974,10.702963311382879,5.351589549889833,8.904593916588272,7.902910474168436
2018-02-16,37.897128060263654,24.42051161330822,10.699858757062147,5.351921865154379,8.9073289391086,7.902910474168436
2018-02-17,37.89477401129943,24.410624607658505,10.69891713747646,5.355938878386893,8.90991839296924,7.90884588193708
2018-02-18,37.89477401129943,24.410624607658505,10.69891713747646,5.355938878386893,8.90991839296924,7.90884588193708
2018-02-19,37.88959510357815,24.397441933458882,10.699387947269303,5.360664776307498,8.914155681104834,7.917417019774011
2018-02-20,37.88959510357815,24.397441933458882,10.699387947269303,5.360664776307498,8.914155681104834,7.917417019774011
2018-02-21,37.89043355325165,24.394989004084195,10.697219604147032,5.361005991800694,8.915017279296261,7.917417019774011
2018-02-22,37.88677024482109,24.388025737602007,10.698446327683616,5.364445494643982,8.91603892027621,7.923853615520282
2018-02-23,37.88347457627118,24.377432517263024,10.697975517890772,5.3696439823566475,8.91862837413685,7.929748062015504
2018-02-24,37.879821260583256,24.37096268422703,10.698730009407338,5.3735442241107965,8.919645656945752,7.936158042942626
2018-02-25,37.87876647834275,24.364720652856246,10.698446327683616,5.3748424700693125,8.921453232893912,7.936158042942626
2018-02-26,37.87370649106303,24.356381310755722,10.69967074317968,5.378265659427132,8.924349325807464,7.944664205344585
2018-02-27,37.87370649106303,24.356381310755722,10.69967074317968,5.378265659427132,8.924349325807464,7.944664205344585
2018-02-28,37.874529190207156,24.352950408035152,10.698446327683616,5.378623188405797,8.925219711236661,7.944664205344585
2018-03-01,37.870884289746,24.3469739730323,10.698730009407338,5.382042807680201,8.925290059579806,7.952098700386372
2018-03-02,37.87264595103578,24.341650973006903,10.698446327683616,5.38240390674228,8.927102950408036,7.952098700386372
2018-03-03,37.87076271186441,24.32940991839297,10.698446327683616,5.3871298046628855,8.929927809165099,7.958464912280702
2018-03-04,37.870640904806784,24.323122840087965,10.697219604147032,5.388442131819615,8.932689286836318,7.958464912280702
2018-03-05,37.86652542372882,24.316227244193346,10.698446327683616,5.392328292375551,8.93416509730069,7.96481773571679
2018-03-06,37.86652542372882,24.316227244193346,10.698446327683616,5.392328292375551,8.93416509730069,7.96481773571679
2018-03-07,37.86639962299717,24.310870248193527,10.698162111215835,5.3936455376852726,8.935045554508326,7.96481773571679
2018-03-08,37.86816037735849,24.30455974842767,10.69693396226415,5.394965277777778,8.936871069182391,7.96481773571679
2018-03-09,37.86816037735849,24.30455974842767,10.69693396226415,5.394965277777778,8.936871069182391,7.96481773571679
2018-03-10,37.865094339622644,24.294182389937106,10.696462264150943,5.3985164141414135,8.939701257861635,7.970106792717087
2018-03-11,37.86145146088596,24.288250078542255,10.698633364750236,5.4019236833806366,8.940700596921143,7.97433543196922
2018-03-12,37.86145146088596,24.288250078542255,10.698633364750236,5.4019236833806366,8.940700596921143,7.97433543196922
2018-03-13,37.855932203389834,24.281858129315754,10.69891713747646,5.405797101449275,8.943581293157566,7.981699860237597
2018-03-14,37.85579641847314,24.27741124725102,10.697690857681433,5.407127089246294,8.945413132265159,7.981699860237597
2018-03-15,37.85579641847314,24.27741124725102,10.697690857681433,5.407127089246294,8.945413132265159,7.981699860237597
2018-03-16,37.85296889726673,24.26515865535658,10.69674835061263,5.411857458215074,8.949183160540372,7.98695462478185
2018-03-17,37.848727615457115,24.257618598806157,10.695805843543827,5.417060864080732,8.950125667609175,7.992721408647141
2018-03-18,37.848584905660374,24.25503144654088,10.694575471698114,5.418402777777778,8.951022012578617,7.992721408647141
2018-03-19,37.847969782813976,24.250078690588605,10.692398489140698,5.419747235387046,8.953336480956878,7.992721408647141
2018-03-20,37.84245283018868,24.2437106918239,10.692216981132075,5.424084595959596,8.9562106918239,8.000043538836643
2018-03-21,37.83867924528302,24.23427672955975,10.69127358490566,5.4297664141414135,8.95809748427673,8.004740779401532
2018-03-22,37.83411875589067,24.228872133207666,10.692035815268614,5.43361715547146,8.959079484762803,8.009949600278068
2018-03-23,37.83459119496855,24.224685534591195,10.689229559748428,5.435290404040404,8.96061320754717,8.009949600278068
2018-03-24,37.829563305058116,24.21928997800817,10.690464970153943,5.438662882371492,8.962064090480679,8.015668402777779
2018-03-25,37.829563305058116,24.21928997800817,10.690464970153943,5.438662882371492,8.962064090480679,8.015668402777779
2018-03-26,37.82454488386691,24.21249215317012,10.69028562460766,5.442974165091368,8.964924670433145,8.022936177592786
2018-03-27,37.82454488386691,24.21249215317012,10.69028562460766,5.442974165091368,8.964924670433145,8.022936177592786
2018-03-28,37.824379516179704,24.207979893182532,10.688108702481935,5.4443393251340275,8.965834118755891,8.022936177592786
2018-03-29,37.824379516179704,24.207979893182532,10.688108702481935,5.4443393251340275,8.965834118755891,8.022936177592786
2018-03-30,37.82421383647799,24.20251572327044,10.68498427672956,5.445707070707071,8.968632075471698,8.022936177592786
2018-03-31,37.82091194968553,24.19496855345912,10.682154088050314,5.450915404040404,8.970990566037736,8.02759009009009
2018-04-01,37.8188542650299,24.189486937362293,10.679021089077747,5.452290679304897,8.973796033994335,8.02759009009009
2018-04-02,37.8188542650299,24.189486937362293,10.679021089077747,5.452290679304897,8.973796033994335,8.02759009009009
2018-04-03,37.81336477987421,24.18364779874214,10.678380503144655,5.456597222222222,8.976650943396226,8.034830391138803
2018-04-04,37.813188542650295,24.178155492603086,10.677132514951213,5.457977883096367,8.97851746931067,8.034830391138803
2018-04-05,37.808647798742136,24.17232704402516,10.678380503144655,5.461332070707071,8.979481132075472,8.041018326417705
2018-04-06,37.80846710733396,24.16682404784388,10.675243940824679,5.46176935229068,8.98229461756374,8.041018326417705
2018-04-07,37.80280138495436,24.159741894869374,10.67288322316651,5.466034755134282,8.984655335221907,8.046157167530225
2018-04-08,37.80280138495436,24.159741894869374,10.67288322316651,5.466034755134282,8.984655335221907,8.046157167530225
2018-04-09,37.80166981726528,24.15422180214241,10.67068367989918,5.467425679949399,8.987476370510397,8.046157167530225
2018-04-10,37.79571923197985,24.147938306578535,10.671466792571609,5.470774091627172,8.990321057601511,8.053873360938578
2018-04-11,37.794580970384374,24.144297416509136,10.669265910523,5.472169512966477,8.992202268431003,8.053873360938578
2018-04-12,37.794386628823716,24.139703563544625,10.666114790286976,5.473567584678696,8.994087038789026,8.053873360938578
2018-04-13,37.789855072463766,24.134845620667928,10.669265910523,5.47596457938014,8.994092627599244,8.058988279903481
2018-04-14,37.786783238815374,24.12539382482672,10.666666666666668,5.480708412397218,8.997164461247637,8.064092630853995
2018-04-15,37.78752759381898,24.123620309050775,10.661620939766635,5.482114593225704,8.998107852412488,8.064092630853995
2018-04-16,37.78637941919192,24.119002525252526,10.657512626262626,5.483523447401775,9.000946969696969,8.064092630853995
2018-04-17,37.78043204036581,24.11368653421634,10.65830968148849,5.4868629313073765,9.002838221381268,8.07125042999656
2018-04-18,37.78022411616161,24.109059343434346,10.654198232323234,5.488276299112801,9.004734848484848,8.07125042999656
2018-04-19,37.774755597603274,24.102333648691264,10.655471460107222,5.492560937005382,9.005676442762535,8.078393470790378
2018-04-20,37.77643623737374,24.09769570707071,10.651357323232324,5.493979721166033,9.007575757575758,8.078393470790378
2018-04-21,37.772648358585855,24.09011994949495,10.647569444444445,5.49873257287706,9.010416666666666,8.08346206659801
2018-04-22,37.772648358585855,24.09011994949495,10.647569444444445,5.49873257287706,9.010416666666666,8.08346206659801
2018-04-23,37.76886047979798,24.079703282828284,10.646622474747476,5.503485424588087,9.013257575757576,8.087491426611797
2018-04-24,37.762929675181326,24.073951434878587,10.647902869757175,5.507280785058563,9.014664143803216,8.095109626584447
2018-04-25,37.7591453800063,24.06685588142542,10.645064648375907,5.512978790756569,9.015610217596972,8.099118754277892
2018-04-26,37.7591453800063,24.06685588142542,10.645064648375907,5.512978790756569,9.015610217596972,8.099118754277892
2018-04-27,37.75772626931567,24.05692210659098,10.642699463891518,5.515827793605571,9.018921475875118,8.1041452991453
2018-04-28,37.753941974140645,24.048880479344056,10.639388205613372,5.5205761316872435,9.022232734153263,8.109161543715848
2018-04-29,37.752761994949495,24.04324494949495,10.636205808080808,5.52202154626109,9.024147727272727,8.109161543715848
2018-04-30,37.74826553137811,24.03658152002523,10.637023021128982,5.525324469768915,9.025543992431409,8.116726373251451
2018-05-01,37.74826553137811,24.03658152002523,10.637023021128982,5.525324469768915,9.025543992431409,8.116726373251451
2018-05-02,37.746133207070706,24.032828282828284,10.633838383838384,5.526774397972117,9.027462121212121,8.116726373251451
2018-05-03,37.746133207070706,24.032828282828284,10.633838383838384,5.526774397972117,9.027462121212121,8.116726373251451
2018-05-04,37.74684044233807,24.028120063191153,10.630647709320696,5.528227085315573,9.029383886255925,8.116726373251451
2018-05-05,37.74304897314376,24.01911532385466,10.62827804107425,5.532508721852205,9.03127962085308,8.122230743012953
2018-05-06,37.74304897314376,24.01911532385466,10.62827804107425,5.532508721852205,9.03127962085308,8.122230743012953
2018-05-07,37.740907653383935,24.013440860215056,10.626027830487034,5.533968253968254,9.033206831119545,8.122230743012953
2018-05-08,37.73593996840442,24.006793048973144,10.626856240126383,5.536790358388837,9.034597156398105,8.129766768811713
2018-05-09,37.72835703001579,23.99731437598736,10.625908372827805,5.540596257532509,9.03649289099526,8.136777210884354
2018-05-10,37.72620177103099,23.99256799493991,10.62270714737508,5.542063492063492,9.03842504743833,8.136777210884354
2018-05-11,37.7278410889522,23.98781259892371,10.620449509338398,5.542580235144582,9.040360873694206,8.136777210884354
2018-05-12,37.723805001582775,23.976891421335868,10.619025007913898,5.546155068319035,9.042972459639126,8.142244308528712
2018-05-13,37.723805001582775,23.976891421335868,10.619025007913898,5.546155068319035,9.042972459639126,8.142244308528712
2018-05-14,37.71668249446027,23.964545742323523,10.617600506489396,5.549968223705116,9.046771130104464,8.149736931432452
2018-05-15,37.71668249446027,23.964545742323523,10.617600506489396,5.549968223705116,9.046771130104464,8.149736931432452
2018-05-16,37.714512040557665,23.96070975918885,10.61533586818758,5.551447201017812,9.047766159695817,8.149736931432452
2018-05-17,37.71066793289016,23.954732510288068,10.616650838873062,5.554416904988879,9.048670465337132,8.154840623940318
2018-05-18,37.70714737507907,23.950980392156865,10.617963314358002,5.556746031746032,9.048624288425048,8.160780826558264
2018-05-19,37.69955724225174,23.941967109424418,10.617488931056293,5.561507936507937,9.050047438330171,8.166201353637902
2018-05-20,37.69955724225174,23.941967109424418,10.617488931056293,5.561507936507937,9.050047438330171,8.166201353637902
2018-05-21,37.69955724225174,23.941967109424418,10.617488931056293,5.561507936507937,9.050047438330171,8.166201353637902
2018-05-22,37.69955724225174,23.941967109424418,10.617488931056293,5.561507936507937,9.050047438330171,8.166201353637902
2018-05-23,37.694628751974726,23.9349131121643,10.618325434439178,5.563828100222011,9.051895734597156,8.173639283299526
2018-05-24,37.694628751974726,23.9349131121643,10.618325434439178,5.563828100222011,9.051895734597156,8.173639283299526
2018-05-25,37.694628751974726,23.9349131121643,10.618325434439178,5.563828100222011,9.051895734597156,8.173639283299526
2018-05-26,37.69018308080808,23.928345959595962,10.620580808080808,5.566143852978454,9.053740530303031,8.179542384329618
2018-05-27,37.68574582150741,23.92273730684327,10.622831914222644,5.568455207344097,9.054635761589404,8.184421390013496
2018-05-28,37.682607323232325,23.917929292929294,10.621527777777779,5.569946134347275,9.057528409090908,8.184421390013496
2018-05-29,37.67723115736361,23.9113844213182,10.622358877325766,5.572253877809434,9.06031220435194,8.191818335018537
2018-05-30,37.67503156565657,23.9084595959596,10.619160353535355,5.573748415716097,9.061316287878787,8.191818335018537
2018-05-31,37.673775671406005,23.904581358609796,10.615955766192734,5.57524579765303,9.063270142180095,8.191818335018537
2018-06-01,37.673775671406005,23.904581358609796,10.615955766192734,5.57524579765303,9.063270142180095,8.191818335018537
2018-06-02,37.665244865718805,23.89794628751975,10.613586097946287,5.5804789089755795,9.064691943127961,8.197685185185184
2018-06-03,37.66208096141683,23.894054395951933,10.610373181530678,5.5819841269841275,9.06759962049336,8.197685185185184
2018-06-04,37.65259329538267,23.88361796331436,10.608475648323846,5.585793650793652,9.072817836812144,8.205558358560376
2018-06-05,37.65259329538267,23.88361796331436,10.608475648323846,5.585793650793652,9.072817836812144,8.205558358560376
2018-06-06,37.649414371636595,23.881608103830327,10.60525482747705,5.588258659040356,9.073836657169991,8.205558358560376
2018-06-07,37.649414371636595,23.881608103830327,10.60525482747705,5.588258659040356,9.073836657169991,8.205558358560376
2018-06-08,37.64371636593859,23.874010762899655,10.603355492244381,5.592071814426438,9.076685660018994,8.210391465053764
2018-06-09,37.63374485596708,23.86973725862615,10.601456157011713,5.597314903082301,9.07905982905983,8.215718361866397
2018-06-10,37.63374485596708,23.86973725862615,10.601456157011713,5.597314903082301,9.07905982905983,8.215718361866397
2018-06-11,37.62959442332066,23.867712294043095,10.59917617237009,5.598839058524174,9.081036121673003,8.215718361866397
2018-06-12,37.623298512187404,23.86119025007914,10.599556821779045,5.601128058468383,9.0838081671415,8.223549631120054
2018-06-13,37.6181875792142,23.86010773130545,10.597275031685678,5.602655852417303,9.08578897338403,8.223549631120054
2018-06-14,37.611902500791395,23.8545425767648,10.599556821779045,5.604941213854465,9.086657169990504,8.23036013400335
2018-06-15,37.60868187579214,23.851552598225606,10.596324461343473,5.606472646310433,9.088640684410647,8.23036013400335
2018-06-16,37.60091888466413,23.843789607097595,10.594740177439796,5.610766539440204,9.09038339670469,8.236487617135207
2018-06-17,37.59673326990168,23.840786552489693,10.59150015857913,5.612304998408151,9.093323818585475,8.236487617135207
2018-06-18,37.593492063492064,23.835873015873016,10.589206349206348,5.613846398980243,9.096269841269843,8.236487617135207
2018-06-19,37.58531557247066,23.83127180463051,10.589597209007295,5.616125437758676,9.099032667300984,8.244274490137077
2018-06-20,37.57770377418331,23.825562955915004,10.587694259435457,5.621378541865648,9.10141135426578,8.249039746158983
2018-06-21,37.57770377418331,23.825562955915004,10.587694259435457,5.621378541865648,9.10141135426578,8.249039746158983
2018-06-22,37.57476190476191,23.82222222222222,10.583492063492063,5.621972594008923,9.10436507936508,8.249039746158983
2018-06-23,37.56619047619048,23.815555555555555,10.58063492063492,5.626752708731677,9.106269841269842,8.256798465131798
2018-06-24,37.556666666666665,23.806031746031746,10.578730158730158,5.63153282345443,9.110079365079365,8.263541666666667
2018-06-25,37.556666666666665,23.806031746031746,10.578730158730158,5.63153282345443,9.110079365079365,8.263541666666667
2018-06-26,37.54852521408183,23.801934665398033,10.579130986362195,5.634750079592487,9.11187757691088,8.271270396270396
2018-06-27,37.53996194100856,23.794322867110687,10.578179511576275,5.638570518943013,9.113780526482715,8.276987691284099
2018-06-28,37.537619047619046,23.78936507936508,10.573968253968253,5.640137029955386,9.116746031746032,8.276987691284099
2018-06-29,37.53235014272122,23.783856644465587,10.577228036790357,5.643346068131169,9.117586425626389,8.28269358590894
2018-06-30,37.523311132254996,23.77719632096416,10.574373612432604,5.648599172238141,9.119965112591183,8.288886122177955
2018-07-01,37.521904761904764,23.772222222222222,10.57015873015873,5.650175270873168,9.122936507936508,8.288886122177955
2018-07-02,37.521904761904764,23.772222222222222,10.57015873015873,5.650175270873168,9.122936507936508,8.288886122177955
2018-07-03,37.51379638439581,23.76768157310498,10.571519188074848,5.653374721426298,9.124722486520774,8.297056384742952
2018-07-04,37.511428571428574,23.764603174603174,10.567301587301587,5.654955385595922,9.126746031746032,8.297056384742952
2018-07-05,37.50428163653663,23.759118300031716,10.57056771328893,5.657195160776824,9.126625436092612,8.304713386348574
2018-07-06,37.502857142857145,23.754126984126984,10.566349206349205,5.658779477374124,9.129603174603176,8.304713386348574
2018-07-07,37.49047619047619,23.746507936507935,10.564920634920634,5.664993626513704,9.131507936507937,8.312851704733532
2018-07-08,37.49047619047619,23.746507936507935,10.564920634920634,5.664993626513704,9.131507936507937,8.312851704733532
2018-07-09,37.48,23.736984126984126,10.56111111111111,5.670251752708732,9.135317460317461,8.321965939153438
2018-07-10,37.48,23.736984126984126,10.56111111111111,5.670251752708732,9.135317460317461,8.321965939153438
2018-07-11,37.47664442326025,23.73387353034636,10.556879567842389,5.671850079744817,9.138306323482682,8.321965939153438
2018-07-12,37.46952380952381,23.727460317460316,10.558253968253968,5.6750318674314855,9.139126984126985,8.330566567558638
2018-07-13,37.46095238095238,23.71761904761905,10.557301587301586,5.676943913320587,9.14388888888889,8.337169966996699
2018-07-14,37.45095238095238,23.71,10.554920634920634,5.681246016571065,9.146507936507938,8.344749423013518
2018-07-15,37.44852240228789,23.705910390848427,10.550683190340006,5.681897926634769,9.149507467429299,8.344749423013518
2018-07-16,37.438036224976166,23.693517635843662,10.549729901493485,5.687161084529506,9.15332062281538,8.353796113306982
2018-07-17,37.43142857142857,23.69,10.55111111111111,5.690806246016572,9.153174603174604,8.360357025337281
2018-07-18,37.428026692087705,23.686844613918016,10.547823323800444,5.692424242424243,9.15522720050842,8.360357025337281
2018-07-19,37.428026692087705,23.686844613918016,10.547823323800444,5.692424242424243,9.15522720050842,8.360357025337281
2018-07-20,37.42557251908397,23.682729007633586,10.54357506361323,5.69308748403576,9.157283715012722,8.360357025337281
2018-07-21,37.416507633587784,23.676526717557252,10.540235368956742,5.6973978288633464,9.159192111959289,8.36690499671269
2018-07-22,37.413085004775546,23.673352435530084,10.535975803884114,5.699025247682966,9.162209487424388,8.36690499671269
2018-07-23,37.413085004775546,23.673352435530084,10.535975803884114,5.699025247682966,9.162209487424388,8.36690499671269
2018-07-24,37.405057251908396,23.66793893129771,10.537372773536894,5.702187100893998,9.163486005089059,8.375903119868637
2018-07-25,37.402578796561606,23.664756446991404,10.533110474371219,5.70286033876638,9.165552371856098,8.375903119868637
2018-07-26,37.39207258834766,23.657115568290354,10.533110474371219,5.70573665707894,9.16650748169373,8.383407152230971
2018-07-27,37.39207258834766,23.657115568290354,10.533110474371219,5.70573665707894,9.16650748169373,8.383407152230971
2018-07-28,37.38299904489016,23.650429799426934,10.531677809614772,5.710530520933206,9.167940146450176,8.389421501147165
2018-07-29,37.380497131931165,23.648183556405353,10.525493945188018,5.712172104926424,9.170012746972594,8.389421501147165
2018-07-30,37.37703349282297,23.64401913875598,10.522169059011164,5.713816842779379,9.172089314194578,8.389421501147165
2018-07-31,37.36902485659656,23.63862332695985,10.523581899298916,5.716970569417787,9.173358827278522,8.39837098886706
2018-08-01,37.35946462715105,23.62906309751434,10.521669853409815,5.722728726807422,9.175270873167623,8.405830879947661
2018-08-02,37.35148042024833,23.623686723973258,10.525947150588983,5.723953339725153,9.175103470232411,8.414256535947711
2018-08-03,37.348948374760994,23.620458891013385,10.520713830465263,5.724648112603967,9.178138942001276,8.414256535947711
2018-08-04,37.339866156787764,23.61472275334608,10.518801784576162,5.72944657709533,9.179094964945826,8.420217107411034
2018-08-05,37.33732057416268,23.613397129186602,10.512599681020733,5.730147294268332,9.181180223285487,8.420217107411034
2018-08-06,37.33732057416268,23.613397129186602,10.512599681020733,5.730147294268332,9.181180223285487,8.420217107411034
2018-08-07,37.33030592734226,23.607074569789674,10.514499681325685,5.732805502239284,9.182919056724028,8.428612198303979
2018-08-08,37.32870813397129,23.60287081339713,10.509250398724083,5.734470060838937,9.184051036682616,8.428612198303979
2018-08-09,37.32870813397129,23.60287081339713,10.509250398724083,5.734470060838937,9.184051036682616,8.428612198303979
2018-08-10,37.320095693779905,23.595215311004786,10.508293460925039,5.737351905219341,9.185964912280703,8.436013359400455
2018-08-11,37.311244019138755,23.5877990430622,10.508054226475279,5.740233749599745,9.188835725677832,8.441446940104166
2018-08-12,37.311244019138755,23.5877990430622,10.508054226475279,5.740233749599745,9.188835725677832,8.441446940104166
2018-08-13,37.309147509578544,23.584051724137932,10.50375159642401,5.741185897435898,9.190692848020435,8.441446940104166
2018-08-14,37.3011961722488,23.57822966507177,10.505661881977671,5.744796669868717,9.192424242424243,8.44979674796748
2018-08-15,37.292583732057416,23.57153110047847,10.503269537480064,5.748639129042588,9.19433811802233,8.45569363222872
2018-08-16,37.29094827586207,23.56824712643678,10.499920178799488,5.749358974358975,9.195482120051086,8.45569363222872
2018-08-17,37.28739213806328,23.56783317353787,10.496564397571108,5.750080205325634,9.196628315755833,8.45569363222872
2018-08-18,37.280411877394634,23.562021072796934,10.500878033205618,5.753205128205129,9.19691890166028,8.461579032781565
2018-08-19,37.2787631831256,23.55776605944391,10.496564397571108,5.754892524863651,9.198066474912114,8.461579032781565
2018-08-20,37.2787631831256,23.55776605944391,10.496564397571108,5.754892524863651,9.198066474912114,8.461579032781565
2018-08-21,37.269875478927204,23.551005747126435,10.499441251596423,5.75897435897436,9.200750319284802,8.468912127107652
2018-08-22,37.26821668264621,23.548657718120804,10.495126238414828,5.759704844401669,9.20286033876638,8.468912127107652
2018-08-23,37.2602969348659,23.543342911877396,10.498483397190293,5.761858974358975,9.202666028097063,8.477202785876255
2018-08-24,37.2602969348659,23.543342911877396,10.498483397190293,5.761858974358975,9.202666028097063,8.477202785876255
2018-08-25,37.2507183908046,23.53759578544061,10.498483397190293,5.7652243589743595,9.204102809706258,8.482564724919094
2018-08-26,37.24712368168744,23.534276126558005,10.495126238414828,5.766923323708695,9.205257270693513,8.482564724919094
2018-08-27,37.24712368168744,23.534276126558005,10.495126238414828,5.766923323708695,9.205257270693513,8.482564724919094
2018-08-28,37.2382662835249,23.527538314176244,10.498004469987228,5.770993589743591,9.206497445721585,8.490341092790171
2018-08-29,37.236577181208055,23.5251677852349,10.493688079258549,5.771735643246712,9.207654202620645,8.490341092790171
2018-08-30,37.236577181208055,23.5251677852349,10.493688079258549,5.771735643246712,9.207654202620645,8.490341092790171
2018-08-31,37.22890699904123,23.517497603068072,10.491770533716842,5.7746230349695225,9.2086129753915,8.498586886304908
2018-09-01,37.21836049856184,23.512703739213805,10.492729306487695,5.777029194738531,9.208133589006072,8.505364633752823
2018-09-02,37.21836049856184,23.512703739213805,10.492729306487695,5.777029194738531,9.208133589006072,8.505364633752823
2018-09-03,37.20541706615532,23.50215723873442,10.491770533716842,5.78232274623035,9.211489293704059,8.513579948420373
2018-09-04,37.20541706615532,23.50215723873442,10.491770533716842,5.78232274623035,9.211489293704059,8.513579948420373
2018-09-05,37.201775431861805,23.49976007677543,10.48840371081254,5.783076429030187,9.21265195137556,8.513579948420373
2018-09-06,37.193911792905084,23.494487056567593,10.491770533716842,5.785210137953161,9.213406839245765,8.520813204508856
2018-09-07,37.1912188099808,23.492722328854768,10.488083813179781,5.785645472061657,9.215850927703135,8.526152482269502
2018-09-08,37.18138195777351,23.48456493921945,10.487603966730646,5.789499036608863,9.218250159948818,8.531924315619968
2018-09-09,37.18138195777351,23.48456493921945,10.487603966730646,5.789499036608863,9.218250159948818,8.531924315619968
2018-09-10,37.18138195777351,23.48456493921945,10.487603966730646,5.789499036608863,9.218250159948818,8.531924315619968
2018-09-11,37.17305848513902,23.478347714924897,10.490731863215084,5.792589027911453,9.218759987216364,8.53985682110682
2018-09-12,37.170825335892516,23.47568777991043,10.487364043506076,5.793593448940269,9.221129238643636,8.544565217391304
2018-09-13,37.170028818443804,23.47326288824848,10.483029138648734,5.794358727097396,9.224223503041948,8.54799323017408
2018-09-14,37.16314779270633,23.469929622520795,10.48832373640435,5.795520231213873,9.22304862444018,8.554227053140096
2018-09-15,37.15163147792706,23.465131158029433,10.488803582853485,5.7988921001926785,9.225927703134998,8.565821256038648
2018-09-16,37.15163147792706,23.465131158029433,10.488803582853485,5.7988921001926785,9.225927703134998,8.565821256038648
2018-09-17,37.14059500959693,23.45505438259757,10.487843889955213,5.803709055876686,9.229766474728088,8.579830917874396
2018-09-18,37.13518696069032,23.45126238414829,10.48977309044423,5.806304138594803,9.229546180888464,8.586027992277993
2018-09-19,37.132437619961614,23.447856685860526,10.486404350607804,5.8080443159922925,9.231685860524633,8.592391304347826
2018-09-20,37.12284069097889,23.439219449776072,10.485444657709532,5.811897880539499,9.234564939219451,8.606884057971014
2018-09-21,37.11361457334612,23.432566315116652,10.489293704058804,5.8159287776708375,9.236257590284437,8.615468146718147
2018-09-22,37.10306807286673,23.42681367849153,10.490252476829657,5.819778633301251,9.23865452221157,8.627533783783784
2018-09-23,37.10028790786948,23.424344209852848,10.485924504158668,5.821531791907514,9.240802943058222,8.632971014492753
2018-09-24,37.089251439539346,23.414747280870124,10.485444657709532,5.8258670520231215,9.246081253998721,8.646980676328502
2018-09-25,37.089251439539346,23.414747280870124,10.485444657709532,5.8258670520231215,9.246081253998721,8.646980676328502
2018-09-26,37.08933717579251,23.411303234069806,10.481107909061798,5.8266634522661525,9.248238872878643,8.653409090909092
2018-09-27,37.07965451055662,23.404190658989126,10.485444657709532,5.829720616570327,9.248960332693539,8.66243961352657
2018-09-28,37.07037747920665,23.396193218170183,10.487364043506076,5.832931920359667,9.251519513755598,8.675
2018-09-29,37.0612016618728,23.38910194950463,10.49264940875679,5.836461341033045,9.252716522850752,8.682070463320464
2018-09-30,37.0612016618728,23.38910194950463,10.49264940875679,5.836461341033045,9.252716522850752,8.682070463320464
2018-10-01,37.04777884308085,23.378555449025246,10.493128795142217,5.841273660571063,9.257989773090445,8.697031853281853
2018-10-02,37.04777884308085,23.378555449025246,10.493128795142217,5.841273660571063,9.257989773090445,8.697031853281853
2018-10-03,37.046865003198974,23.37603966730646,10.488803582853485,5.843047527296083,9.25919705694178,8.703502415458937
2018-10-04,37.04691002241434,23.372558437399935,10.484470060838936,5.844824815171971,9.261367275056037,8.70901837524178
2018-10-05,37.04691002241434,23.372558437399935,10.484470060838936,5.844824815171971,9.261367275056037,8.70901837524178
2018-10-06,37.03490233749599,23.366314441242395,10.48735190521934,5.849646415943427,9.262327889849503,8.721590909090908
2018-10-07,37.03205128205128,23.36474358974359,10.483974358974358,5.85143178893179,9.264503205128205,8.727129719264278
2018-10-08,37.03015720243824,23.36100417067693,10.480830927173564,5.853220611916265,9.266682707731794,8.732679263565892
2018-10-09,37.019551282051275,23.35392628205128,10.485176282051281,5.857223294723295,9.26834935897436,8.741650532429816
2018-10-10,37.017645171639394,23.351379531600898,10.480830927173564,5.85901771336554,9.270532563362208,8.747214147286822
2018-10-11,37.00753205128205,23.343349358974358,10.486618589743589,5.863014800514801,9.271233974358974,8.755203291384317
2018-10-12,37.00753205128205,23.343349358974358,10.486618589743589,5.863014800514801,9.271233974358974,8.755203291384317
2018-10-13,36.995993589743584,23.33445512820513,10.49142628205128,5.866875804375805,9.273637820512821,8.76621490803485
2018-10-14,36.995993589743584,23.33445512820513,10.49142628205128,5.866875804375805,9.273637820512821,8.76621490803485
2018-10-15,36.9921398780879,23.330927173564323,10.48804940648059,5.868679549114332,9.27678857876163,8.772771317829458
2018-10-16,36.98205128205128,23.322916666666664,10.494310897435897,5.872184684684686,9.277964743589743,8.781703775411422
2018-10-17,36.97914661533525,23.319377606673083,10.491899262111003,5.873993558776168,9.280157202438243,8.78827519379845
2018-10-18,36.96759704844401,23.311196663458453,10.494786653833813,5.879549114331724,9.28208213025345,8.800387596899224
2018-10-19,36.95508501764517,23.301572024382416,10.500561437279433,5.883413848631241,9.284007058068656,8.812984496124031
2018-10-20,36.94455128205128,23.293108974358972,10.509695512820512,5.886904761904763,9.284214743589745,8.818973862536302
2018-10-21,36.94455128205128,23.293108974358972,10.509695512820512,5.886904761904763,9.284214743589745,8.818973862536302
2018-10-22,36.939685595123514,23.29050368944498,10.506336220725055,5.888727858293076,9.287375681745269,8.824612403100776
2018-10-23,36.92717356432467,23.27991658646134,10.511148540263072,5.893558776167472,9.29074430542188,8.837209302325581
2018-10-24,36.92421323057161,23.277296082209375,10.507787411689145,5.894422952933592,9.292951188182403,8.843840931134821
2018-10-25,36.92421323057161,23.277296082209375,10.507787411689145,5.894422952933592,9.292951188182403,8.843840931134821
2018-10-26,36.92221150755384,23.27370620379299,10.503455480552876,5.896256857050662,9.296126647380264,8.849514563106796
2018-10-27,36.90678238508518,23.264545162327224,10.51068788171006,5.9015811552113595,9.298055287688847,8.86116504854369
2018-10-28,36.902831402831396,23.260939510939508,10.507319819819818,5.90342377260982,9.30123873873874,8.866861030126337
2018-10-29,36.886422136422134,23.247425997425996,10.514076576576576,5.9087532299741605,9.306064993564995,8.879980563654033
2018-10-30,36.886422136422134,23.247425997425996,10.514076576576576,5.9087532299741605,9.306064993564995,8.879980563654033
2018-10-31,36.882447665056354,23.24476650563607,10.511674718196456,5.910604591011963,9.30829307568438,8.88570038910506
2018-11-01,36.882447665056354,23.24476650563607,10.511674718196456,5.910604591011963,9.30829307568438,8.88570038910506
2018-11-02,36.880399742101865,23.24210186976144,10.508301096067052,5.911488673139159,9.310525467440362,8.89143135345667
2018-11-03,36.86686009026434,23.2319471308833,10.517488716956802,5.91537216828479,9.31100902643456,8.903115871470302
2018-11-04,36.86686009026434,23.2319471308833,10.517488716956802,5.91537216828479,9.31100902643456,8.903115871470302
2018-11-05,36.85090264345583,23.21985815602837,10.521357188910379,5.921197411003237,9.314877498388137,8.917234664070108
2018-11-06,36.85090264345583,23.21985815602837,10.521357188910379,5.921197411003237,9.314877498388137,8.917234664070108
2018-11-07,36.84688609228783,23.21813488222007,10.51895772829945,5.922092646582443,9.316150371087447,8.923976608187134
2018-11-08,36.84688609228783,23.21813488222007,10.51895772829945,5.922092646582443,9.316150371087447,8.923976608187134
2018-11-09,36.83333333333333,23.207486285898675,10.526702161987737,5.925979915775835,9.317118425298483,8.935672514619883
2018-11-10,36.81929654727331,23.198289770893837,10.533720555017746,5.928895367670878,9.318812520167796,8.94761208576998
2018-11-11,36.809800128949064,23.189393939393938,10.545776918117342,5.9318770226537225,9.318504190844617,8.951557935735151
2018-11-12,36.794809800128945,23.178755641521597,10.55157962604771,5.935760517799354,9.321405544809801,8.958900778210117
2018-11-13,36.794809800128945,23.178755641521597,10.55157962604771,5.935760517799354,9.321405544809801,8.958900778210117
2018-11-14,36.79073894804775,23.17699257825105,10.548241368183284,5.93764172335601,9.32268473701194,8.965676728334957
2018-11-15,36.778154243304286,23.165375927718618,10.555017747660534,5.941528992549402,9.324620845434012,8.977361246348588
2018-11-16,36.778154243304286,23.165375927718618,10.555017747660534,5.941528992549402,9.324620845434012,8.977361246348588
2018-11-17,36.76460148434978,23.158115521135848,10.561794127137786,5.944930353093619,9.325588899645048,8.988558909444986
2018-11-18,36.76460148434978,23.158115521135848,10.561794127137786,5.944930353093619,9.325588899645048,8.988558909444986
2018-11-19,36.74862858986769,23.146982897708938,10.568570506615035,5.950275348234532,9.328977089383672,9.000730282375851
2018-11-20,36.74862858986769,23.146982897708938,10.568570506615035,5.950275348234532,9.328977089383672,9.000730282375851
2018-11-21,36.74450904392764,23.14518733850129,10.566214470284237,5.951199740596628,9.3312338501292,9.007553606237817
2018-11-22,36.741351438732615,23.1433882961526,10.561913999353377,5.953099642973061,9.333494988684127,9.013414634146342
2018-11-23,36.73191214470284,23.134528423772608,10.572997416020671,5.955090791180286,9.333171834625324,9.020224171539962
2018-11-24,36.717861757105936,23.127260981912144,10.580749354005167,5.9589818417639435,9.332687338501293,9.032407407407407
2018-11-25,36.712738441642415,23.125444552214677,10.577432913029421,5.960889321648816,9.334949886841255,9.032407407407407
2018-11-26,36.70381136950904,23.11660206718346,10.585594315245476,5.963359273670559,9.335594315245478,9.03919182083739
2018-11-27,36.70381136950904,23.11660206718346,10.585594315245476,5.963359273670559,9.335594315245478,9.03919182083739
2018-11-28,36.6986744261235,23.113805366957646,10.584222437762689,5.9652710159039275,9.33688975105076,9.046052631578947
2018-11-29,36.69024547803617,23.104974160206716,10.594315245478034,5.968223086900131,9.335594315245478,9.051850048685491
2018-11-30,36.67958656330749,23.09625322997416,10.599160206718345,5.972600518806745,9.337532299741603,9.062074001947419
2018-12-01,36.666505167958654,23.088985788113693,10.604489664082687,5.976491569390403,9.33704780361757,9.074245374878286
2018-12-02,36.666505167958654,23.088985788113693,10.604489664082687,5.976491569390403,9.33704780361757,9.074245374878286
2018-12-03,36.65374677002584,23.07703488372093,10.609173126614987,5.980706874189365,9.341569767441861,9.086741317753974
2018-12-04,36.65374677002584,23.07703488372093,10.609173126614987,5.980706874189365,9.341569767441861,9.086741317753974
2018-12-05,36.6495311994827,23.074199806013578,10.607824118978337,5.981661798117495,9.343840931134821,9.094623131903832
2018-12-06,36.64308785529715,23.065406976744185,10.616925064599483,5.983625162127108,9.342538759689923,9.099399545602076
2018-12-07,36.633397932816536,23.05410206718346,10.624354005167957,5.986543450064851,9.342861757105943,9.109461213891594
2018-12-08,36.621770025839794,23.046350129198967,10.629198966408268,5.990434500648509,9.343830749354005,9.121145731905225
2018-12-09,36.621770025839794,23.046350129198967,10.629198966408268,5.990434500648509,9.343830749354005,9.121145731905225
2018-12-10,36.61159560723514,23.035206718346252,10.634043927648577,5.995298313878081,9.34576873385013,9.131856540084387
2018-12-11,36.61159560723514,23.035206718346252,10.634043927648577,5.995298313878081,9.34576873385013,9.131856540084387
2018-12-12,36.60830908503071,23.033301002263173,10.63174911089557,5.9952937358000655,9.347074038150664,9.138807667316438
2018-12-13,36.60239018087855,23.0250322997416,10.64034237726098,5.997730220492866,9.346253229974161,9.14354105809802
2018-12-14,36.59463824289406,23.01437338501292,10.64421834625323,5.999675745784695,9.348191214470285,9.155225576111652
2018-12-15,36.58494832041343,23.007590439276484,10.651485788113694,6.002594033722438,9.347222222222223,9.165936384290815
2018-12-16,36.57969608794051,23.00565793727772,10.648237956676365,6.004543979227524,9.349498868412544,9.17292072774529
2018-12-17,36.57969608794051,23.00565793727772,10.648237956676365,6.004543979227524,9.349498868412544,9.17292072774529
2018-12-18,36.57235142118863,22.997900516795866,10.655361757105942,6.007944228274968,9.349644702842378,9.178594612138916
2018-12-19,36.56902683478823,22.995958616230197,10.653087617200129,6.0089256734826355,9.350953766569674,9.184616634178036
2018-12-20,36.56169250645995,22.989664082687337,10.661175710594314,6.011348897535668,9.35061369509044,9.189305420318078
2018-12-21,36.559327513740705,22.986744261235046,10.656967345619138,6.013307367737748,9.35289363077918,9.19533788174139
2018-12-22,36.54833494988684,22.979308115098608,10.66311024894924,6.0168776371308015,9.353540252182347,9.207033788174138
2018-12-23,36.54304207119741,22.976375404530742,10.66084142394822,6.017868745938921,9.355825242718447,9.207033788174138
2018-12-24,36.539682539682545,22.972465176546805,10.657596371882086,6.018861788617886,9.358114674441206,9.207033788174138
2018-12-25,36.539682539682545,22.972465176546805,10.657596371882086,6.018861788617886,9.358114674441206,9.207033788174138
2018-12-26,36.53631647211414,22.970492866407263,10.655317769130997,6.019856770833333,9.35943579766537,9.214065040650405
2018-12-27,36.53391755923402,22.967543005517687,10.652061019149626,6.0208536982730525,9.360759493670885,9.221110026041666
2018-12-28,36.53391755923402,22.967543005517687,10.652061019149626,6.0208536982730525,9.360759493670885,9.221110026041666
2018-12-29,36.53053931124107,22.96751137102014,10.648797920727745,6.021852576647097,9.363060428849902,9.227191267513847
2018-12-30,36.53053931124107,22.96751137102014,10.648797920727745,6.021852576647097,9.363060428849902,9.227191267513847
2018-12-31,36.525203252032526,22.965528455284552,10.64650406504065,6.022853411687888,9.365365853658536,9.227191267513847
2019-01-01,36.525203252032526,22.965528455284552,10.64650406504065,6.022853411687888,9.365365853658536,9.227191267513847
2019-01-02,36.520833333333336,22.963541666666664,10.644205729166666,6.023856209150327,9.36669921875,9.234262883235486
2019-01-03,36.520833333333336,22.963541666666664,10.644205729166666,6.023856209150327,9.36669921875,9.234262883235486
2019-01-04,36.511067708333336,22.952799479166664,10.648111979166666,6.02875816993464,9.36865234375,9.245026092628832
2019-01-05,36.503255208333336,22.944986979166664,10.653971354166666,6.031699346405229,9.36962890625,9.253832354859751
2019-01-06,36.49788204626915,22.942978168784617,10.652655588139458,6.032711808963035,9.370967741935484,9.253832354859751
2019-01-07,36.493476842791914,22.940965427266796,10.650358773646444,6.033726260641781,9.372309197651663,9.253832354859751
2019-01-08,36.4871293580971,22.933202997719125,10.656565656565656,6.037618580307491,9.372922776148583,9.259449332029977
2019-01-09,36.48369210697978,22.932159165035873,10.65525114155251,6.0376555337262605,9.37426614481409,9.267530984996737
2019-01-10,36.47637666992506,22.92440534376018,10.66438579341805,6.040562643114164,9.373900293255131,9.272157054415118
2019-01-11,36.46660149885957,22.913000977517108,10.671228413163897,6.043179587831207,9.374877810361681,9.283561420658193
2019-01-12,36.4582926034539,22.904936461388075,10.67636037797328,6.045142296368989,9.37585532746823,9.293825350276961
2019-01-13,36.4582926034539,22.904936461388075,10.67636037797328,6.045142296368989,9.37585532746823,9.293825350276961
2019-01-14,36.44607363962203,22.89516129032258,10.681736722059302,6.049067713444553,9.377810361681329,9.30506679700228
2019-01-15,36.44607363962203,22.89516129032258,10.681736722059302,6.049067713444553,9.377810361681329,9.30506679700228
2019-01-16,36.44259621656882,22.893101761252446,10.680446836268754,6.050098231827112,9.379158512720156,9.311236138290932
2019-01-17,36.440091413646755,22.89103819784525,10.677195559908586,6.050147492625369,9.38148873653281,9.317417564479268
2019-01-18,36.440091413646755,22.89103819784525,10.677195559908586,6.050147492625369,9.38148873653281,9.317417564479268
2019-01-19,36.43029709435194,22.884182174338882,10.684541299379692,6.053588987217306,9.38001958863859,9.327211883774076
2019-01-20,36.42581699346405,22.881127450980394,10.683741830065358,6.054133858267717,9.38186274509804,9.333415032679737
2019-01-21,36.42050277505714,22.871939275220374,10.69237675481554,6.057522123893805,9.38197845249755,9.337006203068885
2019-01-22,36.42050277505714,22.871939275220374,10.69237675481554,6.057522123893805,9.38197845249755,9.337006203068885
2019-01-23,36.41315703558603,22.865572967678748,10.699232778321907,6.059980334316617,9.38050930460333,9.346800522363695
2019-01-24,36.40385243225596,22.854309500489716,10.705599085863533,6.0644051130776795,9.380999020568071,9.357574273587984
2019-01-25,36.398564905414226,22.8456457925636,10.714693411611218,6.06630648330059,9.380626223091976,9.36113829093281
2019-01-26,36.3892694063927,22.836839530332682,10.722276581865623,6.0697445972495085,9.381360078277886,9.36994455316373
2019-01-27,36.38475350963108,22.833251714005875,10.722984002611819,6.070304818092429,9.382713026444662,9.376183480248121
2019-01-28,36.37850619699935,22.82558708414873,10.73010437051533,6.073182711198428,9.383317025440313,9.380707762557076
2019-01-29,36.37850619699935,22.82558708414873,10.73010437051533,6.073182711198428,9.383317025440313,9.380707762557076
2019-01-30,36.37495919033628,22.823457394711067,10.729840026118184,6.074237954768928,9.383692458374142,9.386957231472412
2019-01-31,36.37238562091503,22.81838235294118,10.729575163398692,6.0762795275590555,9.385049019607843,9.393218954248365
2019-02-01,36.36882564605823,22.81624141315015,10.72930978083088,6.077339901477832,9.385426889106968,9.399492966961072
2019-02-02,36.360484134772655,22.806918547595682,10.738632646385344,6.080788177339901,9.383464180569186,9.409797186784427
2019-02-03,36.35690897184021,22.801817288801573,10.739358218729535,6.081854043392505,9.384823182711198,9.41658480681074
2019-02-04,36.35332677810554,22.798672566371682,10.739101933792199,6.081934846989141,9.386184857423796,9.421910848901998
2019-02-05,36.34708578912901,22.790520628683694,10.746725605762933,6.084319526627219,9.387278978388998,9.426407989521937
2019-02-06,36.34513274336283,22.78670927564733,10.746804326450345,6.086048042119118,9.3883153064569,9.431743690593247
2019-02-07,36.34513274336283,22.78670927564733,10.746804326450345,6.086048042119118,9.3883153064569,9.431743690593247
2019-02-08,36.336283185840706,22.777859718125203,10.757620452310718,6.089009542612701,9.387332022287774,9.440593248115372
2019-02-09,36.32792527040315,22.768026876433954,10.764503441494591,6.092464626521882,9.386840380203212,9.449442805637494
2019-02-10,36.32562335958006,22.763205380577425,10.766896325459317,6.092720685111989,9.387385170603675,9.454150262467191
2019-02-11,36.31578083989501,22.752542650918635,10.775918635170605,6.09568511198946,9.38886154855643,9.46382874015748
2019-02-12,36.31578083989501,22.752542650918635,10.775918635170605,6.09568511198946,9.38886154855643,9.46382874015748
2019-02-13,36.31578083989501,22.752542650918635,10.775918635170605,6.09568511198946,9.38886154855643,9.46382874015748
2019-02-14,36.30858734841036,22.74688626679777,10.784005244182236,6.098552155314247,9.387495902982629,9.467305801376598
2019-02-15,36.30858734841036,22.74688626679777,10.784005244182236,6.098552155314247,9.387495902982629,9.467305801376598
2019-02-16,36.3018991486575,22.742223313686967,10.791093647675181,6.101413543721236,9.386132940406025,9.470284872298624
2019-02-17,36.3018991486575,22.742223313686967,10.791093647675181,6.101413543721236,9.386132940406025,9.470284872298624
2019-02-18,36.28912901113294,22.73436476751801,10.798952193844139,6.107330703484549,9.385641781270465,9.479125736738704
2019-02-19,36.28295714753026,22.729718678442918,10.806509649983644,6.10919540229885,9.384281975793263,9.48307163886163
2019-02-20,36.27635887360839,22.726506221349048,10.810248853962017,6.112261669953977,9.384659462999347,9.486493123772101
2019-02-21,36.270199542034675,22.72186784429179,10.817304546941447,6.114121510673234,9.383300621524372,9.488959764474975
2019-02-22,36.25940464507688,22.712054301602876,10.829080798168139,6.117077175697865,9.383300621524372,9.496810598626103
2019-02-23,36.25277777777778,22.706944444444442,10.836111111111112,6.119914698162729,9.381944444444445,9.499754901960785
2019-02-24,36.25277777777778,22.706944444444442,10.836111111111112,6.119914698162729,9.381944444444445,9.499754901960785
2019-02-25,36.25277777777778,22.706944444444442,10.836111111111112,6.119914698162729,9.381944444444445,9.499754901960785
2019-02-26,36.246163891609534,22.702334312765263,10.840679072804441,6.123238282530318,9.381570355860267,9.504162585700294
2019-02-27,36.24052287581699,22.700081699346406,10.843464052287583,6.125328083989501,9.381944444444445,9.507598039215686
2019-02-28,36.23539014038525,22.693519425399934,10.85047339209925,6.128154703375942,9.381570355860267,9.511998041136142
2019-03-01,36.23539014038525,22.693519425399934,10.85047339209925,6.128154703375942,9.381570355860267,9.511998041136142
2019-03-02,36.21971922951355,22.68764283382305,10.858308847535097,6.1330711242215665,9.38352921971923,9.519833496571989
2019-03-03,36.20649689846556,22.67931766242246,10.865164871041463,6.139462471320878,9.38450865164871,9.529382957884428
2019-03-04,36.20042400521853,22.672782126549247,10.874103065883888,6.142272429600523,9.383153946510111,9.530821917808218
2019-03-05,36.20042400521853,22.672782126549247,10.874103065883888,6.142272429600523,9.383153946510111,9.530821917808218
2019-03-06,36.19474371531179,22.670502775057134,10.875938622265753,6.145362176335627,9.382549787789749,9.534280117531832
2019-03-07,36.19474371531179,22.670502775057134,10.875938622265753,6.145362176335627,9.382549787789749,9.534280117531832
2019-03-08,36.1890522875817,22.667728758169932,10.877777777777778,6.147965879265092,9.382924836601308,9.537745098039215
2019-03-09,36.176307189542484,22.65988562091503,10.887091503267975,6.15239501312336,9.38341503267974,9.544607843137255
2019-03-10,36.176307189542484,22.65988562091503,10.887091503267975,6.15239501312336,9.38341503267974,9.544607843137255
2019-03-11,36.176307189542484,22.65988562091503,10.887091503267975,6.15239501312336,9.38341503267974,9.544607843137255
2019-03-12,36.170747633039504,22.652383284361736,10.89356839699641,6.156178302196001,9.383039503754489,9.549461312438785
2019-03-13,36.165032679738566,22.650081699346405,10.895424836601308,6.1592847769028864,9.382434640522876,9.553921568627452
2019-03-14,36.151307189542486,22.641258169934638,10.904248366013073,6.163713910761155,9.382924836601308,9.562745098039215
2019-03-15,36.14626183480248,22.63475350963108,10.912177603656547,6.165519501802687,9.381570355860267,9.56513222331048
2019-03-16,36.135488083578196,22.62544890630101,10.921482206986616,6.169944280563749,9.380590923930788,9.572233104799217
2019-03-17,36.135488083578196,22.62544890630101,10.921482206986616,6.169944280563749,9.380590923930788,9.572233104799217
2019-03-18,36.12520404831864,22.61467515507672,10.929807378387203,6.174860701409374,9.380590923930788,9.581537708129286
2019-03-19,36.12520404831864,22.61467515507672,10.929807378387203,6.174860701409374,9.380590923930788,9.581537708129286
2019-03-20,36.12042483660131,22.611356209150326,10.930718954248366,6.177985564304461,9.380964052287583,9.586029411764706
2019-03-21,36.11345086516487,22.606839699640872,10.938622265752532,6.180760406424123,9.379611492001306,9.588393731635652
2019-03-22,36.11345086516487,22.606839699640872,10.938622265752532,6.180760406424123,9.379611492001306,9.588393731635652
2019-03-23,36.10218739797584,22.598269670257917,10.947437153117859,6.185431006227466,9.378632060071826,9.595984329089129
2019-03-24,36.10218739797584,22.598269670257917,10.947437153117859,6.185431006227466,9.378632060071826,9.595984329089129
2019-03-25,36.10218739797584,22.598269670257917,10.947437153117859,6.185431006227466,9.378632060071826,9.595984329089129
2019-03-26,36.096705805609915,22.591324200913242,10.953848662752772,6.188195808775376,9.378261578604045,9.599804305283758
2019-03-27,36.084964122635355,22.58447488584475,10.963633398564905,6.193598559266535,9.377772341813438,9.606653620352251
2019-03-28,36.07901596611274,22.57706093189964,10.97148908439231,6.196352633300621,9.377403062886934,9.609970674486803
2019-03-29,36.07901596611274,22.57706093189964,10.97148908439231,6.196352633300621,9.377403062886934,9.609970674486803
2019-03-30,36.0663082437276,22.56777451938742,10.980042359074618,6.202486097481191,9.37691430433366,9.617790811339198
2019-03-31,36.06050228310502,22.564416177429877,10.981001304631443,6.2056319580877535,9.377283105022832,9.623287671232877
2019-04-01,36.04827136333986,22.555120678408347,10.989318330071756,6.212508185985592,9.376793868232225,9.63160469667319
2019-04-02,36.04827136333986,22.555120678408347,10.989318330071756,6.212508185985592,9.376793868232225,9.63160469667319
2019-04-03,36.04342148220699,22.551746653607573,10.990287300032648,6.215666994428056,9.377162912177605,9.636141038197845
2019-04-04,36.037018917155905,22.545335942596214,10.998124592302675,6.218893254747871,9.376304631441618,9.63894324853229
2019-04-05,36.031178583088476,22.542931766242244,10.998122755468495,6.2210750573582425,9.377162912177605,9.643976493633692
2019-04-06,36.02040483186419,22.53558602677114,11.007917074763304,6.225991478203867,9.375693764283383,9.650832517140058
2019-04-07,36.02040483186419,22.53558602677114,11.007917074763304,6.225991478203867,9.375693764283383,9.650832517140058
2019-04-08,36.02040483186419,22.53558602677114,11.007917074763304,6.225991478203867,9.375693764283383,9.650832517140058
2019-04-09,36.013535551206786,22.52870189171559,11.015737116764514,6.2296987557301895,9.374836921069798,9.655088062622308
2019-04-10,36.00865164871042,22.52628142344107,11.016731962128633,6.232874467387742,9.375204048318642,9.659647404505387
2019-04-11,36.00865164871042,22.52628142344107,11.016731962128633,6.232874467387742,9.375204048318642,9.659647404505387
2019-04-12,35.99591903362717,22.51844596800522,11.027505713352923,6.236807604064241,9.375204048318642,9.667482859941234
2019-04-13,35.984655566438136,22.510610512569375,11.03534116878877,6.2422156669944275,9.373979758406792,9.67458374142997
2019-04-14,35.984655566438136,22.510610512569375,11.03534116878877,6.2422156669944275,9.373979758406792,9.67458374142997
2019-04-15,35.973392099249104,22.501305909239306,11.043176624224618,6.248115372009177,9.373979758406792,9.68437806072478
2019-04-16,35.973392099249104,22.501305909239306,11.043176624224618,6.248115372009177,9.373979758406792,9.68437806072478
2019-04-17,35.96065948416585,22.492491021873978,11.053950375448906,6.253031792854801,9.37300032647731,9.692213516160626
2019-04-18,35.95482713633399,22.488584474885844,11.060746901500327,6.255730189914866,9.371656881930855,9.694960861056751
2019-04-19,35.95482713633399,22.488584474885844,11.060746901500327,6.255730189914866,9.371656881930855,9.694960861056751
2019-04-20,35.94284083496412,22.480756686236138,11.069308545335943,6.259659462999345,9.371412263535552,9.703277886497064
2019-04-21,35.94284083496412,22.480756686236138,11.069308545335943,6.259659462999345,9.371412263535552,9.703277886497064
2019-04-22,35.92914220482714,22.471950424005218,11.080071754729289,6.265553372626064,9.369455316373125,9.71110567514677
2019-04-23,35.923346366894755,22.465623981753012,11.085858585858587,6.269218187765783,9.370071684587813,9.715298142717497
2019-04-24,35.91837899543379,22.462165688193085,11.087899543378995,6.271447282252783,9.370433789954339,9.719911937377692
2019-04-25,35.91837899543379,22.462165688193085,11.087899543378995,6.271447282252783,9.370433789954339,9.719911937377692
2019-04-26,35.91193274567418,22.46065948416585,11.087985634998368,6.274172402490986,9.370306888671237,9.725514201762978
2019-04-27,35.89822069866145,22.454782892588963,11.095821090434216,6.2800721075057355,9.370306888671237,9.733349657198824
2019-04-28,35.891258169934645,22.452287581699345,11.096895424836601,6.283300524934383,9.370669934640523,9.738970588235293
2019-04-29,35.88303950375449,22.446457721188377,11.105125693764284,6.285971812520485,9.370306888671237,9.742654260528893
2019-04-30,35.88303950375449,22.446457721188377,11.105125693764284,6.285971812520485,9.370306888671237,9.742654260528893
2019-05-01,35.877042483660134,22.44297385620915,11.107189542483662,6.289206036745407,9.370669934640523,9.747303921568628
2019-05-02,35.86331699346405,22.43611111111111,11.116993464052289,6.2931430446194225,9.370179738562092,9.754656862745097
2019-05-03,35.856313379129865,22.433595027805037,11.11808963035656,6.296387520525451,9.370543016028787,9.760304219823356
2019-05-04,35.841593065096504,22.4267255479228,11.12790317304547,6.302298850574712,9.369561661759896,9.768155053974485
2019-05-05,35.841593065096504,22.4267255479228,11.12790317304547,6.302298850574712,9.369561661759896,9.768155053974485
2019-05-06,35.82883545960092,22.41691200523389,11.138698070003272,6.30623973727422,9.368580307491005,9.776987242394505
2019-05-07,35.82165032679739,22.410620915032677,11.147385620915033,6.3088910761154855,9.367728758169935,9.781127450980392
2019-05-08,35.81558717697089,22.408079816813867,11.149492966961073,6.311165845648604,9.36808963035656,9.785819430814524
2019-05-09,35.80890522875817,22.402777777777775,11.15718954248366,6.312828083989501,9.367728758169935,9.788970588235294
2019-05-10,35.79714052287582,22.39346405228758,11.167973856209152,6.315780839895013,9.36625816993464,9.79828431372549
2019-05-11,35.79048318641855,22.38720208945478,11.175644792686908,6.318420190101606,9.365899444988575,9.801420176297746
2019-05-12,35.784885620915034,22.384150326797386,11.176307189542484,6.320702099737533,9.36625816993464,9.806617647058824
2019-05-13,35.77238562091504,22.372875816993464,11.186601307189543,6.325377296587926,9.366748366013072,9.81593137254902
2019-05-14,35.77238562091504,22.372875816993464,11.186601307189543,6.325377296587926,9.366748366013072,9.81593137254902
2019-05-15,35.767255479228005,22.37029767746156,11.188747137716716,6.327668308702791,9.367108276087668,9.820657507360156
2019-05-16,35.767255479228005,22.37029767746156,11.188747137716716,6.327668308702791,9.367108276087668,9.820657507360156
2019-05-17,35.767255479228005,22.37029767746156,11.188747137716716,6.327668308702791,9.367108276087668,9.820657507360156
2019-05-18,35.76062091503268,22.3640522875817,11.195424836601308,6.330298556430446,9.366748366013072,9.823774509803922
2019-05-19,35.76062091503268,22.3640522875817,11.195424836601308,6.330298556430446,9.366748366013072,9.823774509803922
2019-05-20,35.75399934704538,22.357819131570356,11.203068886712375,6.331940347427073,9.366389160953315,9.826885406464251
2019-05-21,35.746412263535554,22.351108936725375,11.210208741030659,6.3355435494433525,9.366030658838879,9.8309686888454
2019-05-22,35.746412263535554,22.351108936725375,11.210208741030659,6.3355435494433525,9.366030658838879,9.8309686888454
2019-05-23,35.740795047246664,22.34636689475399,11.215868361029653,6.338158325155381,9.365184099055067,9.834066471163245
2019-05-24,35.740795047246664,22.34636689475399,11.215868361029653,6.338158325155381,9.365184099055067,9.834066471163245
2019-05-25,35.72808732486152,22.339524275008145,11.222710980775497,6.342083742230945,9.364206581948517,9.84286412512219
2019-05-26,35.72808732486152,22.339524275008145,11.222710980775497,6.342083742230945,9.364206581948517,9.84286412512219
2019-05-27,35.720540364583336,22.334309895833332,11.229329427083334,6.343709150326797,9.362874348958334,9.845947265625
2019-05-28,35.71252032520326,22.327642276422765,11.236910569105692,6.346800522363695,9.362520325203253,9.849512195121951
2019-05-29,35.71252032520326,22.327642276422765,11.236910569105692,6.346800522363695,9.362520325203253,9.849512195121951
2019-05-30,35.706868489583336,22.325032552083332,11.239095052083334,6.349101307189542,9.361897786458334,9.854248046875
2019-05-31,35.706868489583336,22.325032552083332,11.239095052083334,6.349101307189542,9.361897786458334,9.854248046875
2019-06-01,35.693196614583336,22.316243489583332,11.252278645833334,6.352042483660131,9.359456380208334,9.861083984375
2019-06-02,35.688009123492996,22.31166503747149,11.254480286738351,6.354350670592083,9.360785272075596,9.86681329423265
2019-06-03,35.678548177083336,22.303548177083332,11.267903645833334,6.3559640522875815,9.359456380208334,9.869873046875
2019-06-04,35.678548177083336,22.303548177083332,11.267903645833334,6.3559640522875815,9.359456380208334,9.869873046875
2019-06-05,35.67236884978821,22.300912349299445,11.270120560443141,6.358276087667647,9.359807754969045,9.874633431085044
2019-06-06,35.657706093189965,22.28771586836103,11.285760834147931,6.361710827608767,9.357363962202673,9.883431085043988
2019-06-07,35.657706093189965,22.28771586836103,11.285760834147931,6.361710827608767,9.357363962202673,9.883431085043988
2019-06-08,35.643532095145,22.276963180188986,11.302378624959271,6.36465489041544,9.3549201694363,9.890273704789834
2019-06-09,35.643532095145,22.276963180188986,11.302378624959271,6.36465489041544,9.3549201694363,9.890273704789834
2019-06-10,35.63633398564906,22.275277234181342,11.304631441617744,6.366977734119188,9.35428897586432,9.896037181996086
2019-06-11,35.62495927012056,22.266210492016942,11.319485174323885,6.369561661759895,9.352476376669925,9.899560117302054
2019-06-12,35.61969993476843,22.26255707762557,11.32273320287019,6.371889325474787,9.351842791911286,9.904354207436398
2019-06-13,35.61969993476843,22.26255707762557,11.32273320287019,6.371889325474787,9.351842791911286,9.904354207436398
2019-06-14,35.61345086516487,22.259875938622265,11.325008161932747,6.374221566699442,9.352187397975841,9.910137120470127
2019-06-15,35.59729023832844,22.247143323539014,11.341903362716291,6.377908882333661,9.35071825008162,9.918952007835456
2019-06-16,35.59729023832844,22.247143323539014,11.341903362716291,6.377908882333661,9.35071825008162,9.918952007835456
2019-06-17,35.59729023832844,22.247143323539014,11.341903362716291,6.377908882333661,9.35071825008162,9.918952007835456
2019-06-18,35.58692106979778,22.238095238095237,11.355267449445533,6.380484610347086,9.350375081539466,9.922455968688846
2019-06-19,35.58161932745674,22.234410708455762,11.357574273587986,6.38184201901016,9.35071825008162,9.928256611165525
2019-06-20,35.57630718954248,22.230228758169932,11.359395424836602,6.383694225721785,9.3515522875817,9.93406862745098
2019-06-21,35.56888671237349,22.22118837740777,11.37324518445968,6.384791871517535,9.349738818152138,9.936581782566112
2019-06-22,35.55370551746654,22.20894547828926,11.388426379366635,6.3877417240249095,9.349004244205029,9.945396669931439
2019-06-23,35.55370551746654,22.20894547828926,11.388426379366635,6.3877417240249095,9.349004244205029,9.945396669931439
2019-06-24,35.546895424836606,22.205228758169934,11.390277777777778,6.3900918635170605,9.34983660130719,9.951225490196078
2019-06-25,35.537300032647735,22.195968005223637,11.4043421482207,6.391920681743691,9.349004244205029,9.954456415279138
2019-06-26,35.53096405228759,22.193218954248366,11.40669934640523,6.394274934383202,9.348366013071896,9.96029411764706
2019-06-27,35.515767973856214,22.181454248366013,11.421895424836602,6.399196194225722,9.34640522875817,9.967156862745098
2019-06-28,35.515767973856214,22.181454248366013,11.421895424836602,6.399196194225722,9.34640522875817,9.967156862745098
2019-06-29,35.50008169934641,22.17017973856209,11.437091503267974,6.403133202099737,9.345424836601309,9.975980392156863
2019-06-30,35.49468433104351,22.16543997383055,11.439483153418385,6.405500821018062,9.345763820739288,9.980863591756624
2019-07-01,35.48635620915033,22.15645424836601,11.451797385620916,6.407070209973753,9.344444444444445,9.984803921568627
2019-07-02,35.48635620915033,22.15645424836601,11.451797385620916,6.407070209973753,9.344444444444445,9.984803921568627
2019-07-03,35.47996401701014,22.15366372260386,11.453222113182859,6.409441707717569,9.344782466470397,9.990677134445535
2019-07-04,35.469689542483664,22.144689542483658,11.46748366013072,6.411007217847769,9.343464052287583,9.993627450980393
2019-07-05,35.464262348707884,22.140906117108276,11.469905135754008,6.413382594417077,9.34331043506706,9.998527968596663
2019-07-06,35.44954203467452,22.129620543016028,11.484625449787373,6.416830870279146,9.341838403663724,10.007360157016683
2019-07-07,35.44954203467452,22.129620543016028,11.484625449787373,6.416830870279146,9.341838403663724,10.007360157016683
2019-07-08,35.44954203467452,22.129620543016028,11.484625449787373,6.416830870279146,9.341838403663724,10.007360157016683
2019-07-09,35.44125816993464,22.121160130718952,11.496895424836602,6.4183891076115485,9.341013071895425,10.011274509803922
2019-07-10,35.43580307491005,22.11931632319267,11.497383055282958,6.420771756978653,9.340366372260387,10.016192345436703
2019-07-11,35.43033726260642,22.116486574983625,11.498853962017028,6.423159105851413,9.339718402095613,10.021119842829076
2019-07-12,35.43033726260642,22.116486574983625,11.498853962017028,6.423159105851413,9.339718402095613,10.021119842829076
2019-07-13,35.41658480681074,22.106663392272427,11.513097576948265,6.4266107823800125,9.338244924688933,10.028978388998036
2019-07-14,35.41207800721075,22.102343493936413,11.514093739757458,6.429006252056597,9.338577515568666,10.033923303834808
2019-07-15,35.39536217633563,22.092510652245164,11.526876433956081,6.43394208621257,9.337594231399542,10.043756145526057
2019-07-16,35.39536217633563,22.092510652245164,11.526876433956081,6.43394208621257,9.337594231399542,10.043756145526057
2019-07-17,35.38984580052494,22.090633202099735,11.528379265091864,6.436347167325428,9.336942257217848,10.048720472440944
2019-07-18,35.38984580052494,22.090633202099735,11.528379265091864,6.436347167325428,9.336942257217848,10.048720472440944
2019-07-19,35.37729658792651,22.079068241469816,11.542650918635172,6.440299736495389,9.335958005249344,10.055364173228346
2019-07-20,35.36351706036746,22.07070209973753,11.555446194225722,6.443758234519104,9.334481627296588,10.062746062992126
2019-07-21,35.36351706036746,22.07070209973753,11.555446194225722,6.443758234519104,9.334481627296588,10.062746062992126
2019-07-22,35.352198162729664,22.057414698162727,11.567749343832022,6.4477108036890645,9.333497375328085,10.072096456692913
2019-07-23,35.34496886266798,22.048508685676826,11.580957063257948,6.449243172096084,9.332186168469354,10.073992133726646
2019-07-24,35.33464437889217,22.03916748607014,11.593739757456571,6.452204672589668,9.330711242215667,10.080383480825958
2019-07-25,35.325474787164374,22.03028814669286,11.60789129011133,6.454717291255752,9.329404060248855,10.082269155206287
2019-07-26,35.3198951163553,22.027859718125203,11.608489019993446,6.45714050674564,9.32923631596198,10.087266470009833
2019-07-27,35.30662078007211,22.019501802687643,11.621763356276631,6.462076340901612,9.325794821370042,10.094149459193707
2019-07-28,35.30003280839895,22.01755249343832,11.62237532808399,6.4645092226613965,9.326115485564305,10.100147637795276
2019-07-29,35.30003280839895,22.01755249343832,11.62237532808399,6.4645092226613965,9.326115485564305,10.100147637795276
2019-07-30,35.291871517535235,22.008194034742708,11.635037692559816,6.467012175057585,9.324811537200919,10.104473942969518
2019-07-31,35.28526902887139,22.007217847769027,11.636646981627297,6.470438076416337,9.324146981627297,10.109498031496063
2019-08-01,35.27613897082924,21.99737790888233,11.650770239265816,6.471948009213556,9.321861684693543,10.113323500491642
2019-08-02,35.270505249343834,21.993930446194224,11.65239501312336,6.474390645586298,9.322670603674542,10.117864173228346
2019-08-03,35.25524934383203,21.984087926509186,11.666174540682416,6.479331357048748,9.320702099737533,10.12623031496063
2019-08-04,35.25524934383203,21.984087926509186,11.666174540682416,6.479331357048748,9.320702099737533,10.12623031496063
2019-08-05,35.24196194225722,21.970800524934383,11.679461942257218,6.484272068511198,9.319717847769029,10.137057086614174
2019-08-06,35.24196194225722,21.970800524934383,11.679461942257218,6.484272068511198,9.319717847769029,10.137057086614174
2019-08-07,35.23628899835796,21.968801313628898,11.680131362889984,6.486729310913287,9.31904761904762,10.142118226600985
2019-08-08,35.23628899835796,21.968801313628898,11.680131362889984,6.486729310913287,9.31904761904762,10.142118226600985
2019-08-09,35.223481116584566,21.95796387520525,11.69392446633826,6.489696669963732,9.316091954022989,10.15
2019-08-10,35.20870279146141,21.946962233169128,11.707553366174055,6.493818001978239,9.314942528735632,10.158374384236453
2019-08-11,35.20870279146141,21.946962233169128,11.707553366174055,6.493818001978239,9.314942528735632,10.158374384236453
2019-08-12,35.20870279146141,21.946962233169128,11.707553366174055,6.493818001978239,9.314942528735632,10.158374384236453
2019-08-13,35.20111548556431,21.937171916010495,11.719160104986877,6.496294466403162,9.313648293963254,10.162647637795276
2019-08-14,35.195402298850574,21.93415435139573,11.720853858784892,6.49975272007913,9.312972085385878,10.167733990147783
2019-08-15,35.195402298850574,21.93415435139573,11.720853858784892,6.49975272007913,9.312972085385878,10.167733990147783
2019-08-16,35.195402298850574,21.93415435139573,11.720853858784892,6.49975272007913,9.312972085385878,10.167733990147783
2019-08-17,35.18062397372742,21.92380952380952,11.733661740558292,6.504203758654797,9.311494252873562,10.176108374384237
2019-08-18,35.18062397372742,21.92380952380952,11.733661740558292,6.504203758654797,9.311494252873562,10.176108374384237
2019-08-19,35.17488494411572,21.920775805391187,11.735371466140696,6.5071782178217825,9.31180144641683,10.18121301775148
2019-08-20,35.16633825944171,21.911986863711,11.747947454844006,6.509643916913946,9.310509031198686,10.185467980295567
2019-08-21,35.155008210180625,21.900656814449917,11.760755336617406,6.513600395647873,9.308538587848933,10.192857142857143
2019-08-22,35.145997375328086,21.892880577427817,11.773786089238845,6.514081027667984,9.306266404199475,10.196604330708661
2019-08-23,35.14022988505747,21.890311986863708,11.774548440065681,6.5175568743818,9.30656814449918,10.201724137931034
2019-08-24,35.124958949096886,21.881937602627257,11.788341543513956,6.522007912957468,9.304597701149424,10.20911330049261
2019-08-25,35.11916502301118,21.877876397107165,11.790105193951348,6.524504950495049,9.30489809335963,10.214250493096648
2019-08-26,35.11018062397373,21.869129720853856,11.802134646962232,6.525964391691395,9.303612479474548,10.21896551724138
2019-08-27,35.11018062397373,21.869129720853856,11.802134646962232,6.525964391691395,9.303612479474548,10.21896551724138
2019-08-28,35.10437212360289,21.86702827087442,11.803911900065746,6.529455445544555,9.30292570677186,10.223126232741617
2019-08-29,35.10437212360289,21.86702827087442,11.803911900065746,6.529455445544555,9.30292570677186,10.223126232741617
2019-08-30,35.09855215531425,21.864922671931556,11.805692662059888,6.531962338949455,9.302237578150708,10.227295162882527
2019-08-31,35.08473181967753,21.857025337282,11.818032247449818,6.535926660059465,9.299276077657124,10.235192497532083
2019-09-01,35.08473181967753,21.857025337282,11.818032247449818,6.535926660059465,9.299276077657124,10.235192497532083
2019-09-02,35.06992431720961,21.846660085554458,11.831358999670943,6.540386521308226,9.29631457716354,10.246051332675222
2019-09-03,35.06992431720961,21.846660085554458,11.831358999670943,6.540386521308226,9.29631457716354,10.246051332675222
2019-09-04,35.06307641633729,21.845520421607375,11.83415678524374,6.542906746031746,9.295619235836627,10.250247035573123
2019-09-05,35.050230566534914,21.836627140974965,11.847496706192358,6.544394841269841,9.292654808959156,10.258646245059289
2019-09-06,35.0443455324761,21.835476425980875,11.84932410154962,6.5469215491559085,9.291955159907682,10.262858555885263
2019-09-07,35.031981536432575,21.825832509066927,11.86069897790966,6.550148957298908,9.289976920540719,10.270771513353116
2019-09-08,35.031981536432575,21.825832509066927,11.86069897790966,6.550148957298908,9.289976920540719,10.270771513353116
2019-09-09,35.031981536432575,21.825832509066927,11.86069897790966,6.550148957298908,9.289976920540719,10.270771513353116
2019-09-10,35.02404479578393,21.81760540184453,11.870718050065875,6.551587301587301,9.288208168642951,10.275938735177865
2019-09-11,35.019122980547316,21.814457632706887,11.87256841411144,6.554121151936445,9.288493241015496,10.280168150346192
2019-09-12,35.019122980547316,21.814457632706887,11.87256841411144,6.554121151936445,9.288493241015496,10.280168150346192
2019-09-13,35.011198945981555,21.808712121212118,11.883563899868246,6.554563492063492,9.287220026350461,10.281867588932807
2019-09-14,34.99785902503294,21.80006587615283,11.894680500658762,6.55828373015873,9.284749670619235,10.291254940711463
2019-09-15,34.99785902503294,21.80006587615283,11.894680500658762,6.55828373015873,9.284749670619235,10.291254940711463
2019-09-16,34.983530961791836,21.788702239789195,11.907032279314887,6.5617559523809526,9.28227931488801,10.302124505928854
2019-09-17,34.97762421849293,21.78200065811122,11.916995722277065,6.56219028741328,9.281013491280026,10.305774925962488
2019-09-18,34.97167325428195,21.77980895915678,11.91888998682477,6.564732142857143,9.28030303030303,10.311017786561266
2019-09-19,34.963803882856205,21.772128989799274,11.929828891082593,6.5661546085232905,9.279039157617637,10.314659427443237
2019-09-20,34.95759222661397,21.769927536231883,11.93173583662714,6.568452380952381,9.27931488801054,10.319169960474309
2019-09-21,34.945734519104086,21.75905797101449,11.943099472990777,6.572420634920635,9.277832674571805,10.327569169960475
2019-09-22,34.945734519104086,21.75905797101449,11.943099472990777,6.572420634920635,9.277832674571805,10.327569169960475
2019-09-23,34.93690358670616,21.75139848634419,11.953027311615662,6.573835480673934,9.276571240539651,10.333168805528134
2019-09-24,34.93690358670616,21.75139848634419,11.953027311615662,6.573835480673934,9.276571240539651,10.333168805528134
2019-09-25,34.931900527009226,21.748188405797098,11.954957180500658,6.576388888888889,9.275856389986824,10.338438735177865
2019-09-26,34.925898450379165,21.7449719749423,11.955901747444774,6.5799404170804365,9.276129244971974,10.343719090009891
2019-09-27,34.91806653491437,21.73633069828722,11.9707674571805,6.579365079365079,9.273880105401844,10.347332015810277
2019-09-28,34.9042325428195,21.72793148880105,11.982625164690381,6.583333333333333,9.27140974967062,10.356225296442688
2019-09-29,34.9042325428195,21.72793148880105,11.982625164690381,6.583333333333333,9.27140974967062,10.356225296442688
2019-09-30,34.89089262187088,21.716073781291172,11.993494729907773,6.587301587301587,9.269433465085639,10.368083003952568
2019-10-01,34.89089262187088,21.716073781291172,11.993494729907773,6.587301587301587,9.269433465085639,10.368083003952568
2019-10-02,34.88583910319816,21.712825585229144,11.99447741510056,6.58987090367428,9.269699967029343,10.373392680514343
2019-10-03,34.88583910319816,21.712825585229144,11.99447741510056,6.58987090367428,9.269699967029343,10.373392680514343
2019-10-04,34.88028052805281,21.710313531353133,11.99546204620462,6.592445328031809,9.269471947194718,10.378465346534654
2019-10-05,34.86815181518152,21.699917491749172,12.006600660066006,6.595924453280318,9.267986798679868,10.386633663366336
2019-10-06,34.86815181518152,21.699917491749172,12.006600660066006,6.595924453280318,9.267986798679868,10.386633663366336
2019-10-07,34.86405682193591,21.695655764783613,12.007598282127518,6.598507462686567,9.26825239511067,10.390981169474728
2019-10-08,34.856270627062706,21.68754125412541,12.016996699669967,6.600149105367794,9.266996699669967,10.396039603960396
2019-10-09,34.852163858605884,21.684258341592333,12.018995705318797,6.6017412935323385,9.266270234555664,10.400396432111002
2019-10-10,34.84027089527585,21.672365378262302,12.032870829203832,6.604726368159204,9.265279154278163,10.409316154608524
2019-10-11,34.84027089527585,21.672365378262302,12.032870829203832,6.604726368159204,9.265279154278163,10.409316154608524
2019-10-12,34.82788239180707,21.662454575487278,12.04476379253386,6.608208955223881,9.263296993723158,10.416749256689792
2019-10-13,34.82788239180707,21.662454575487278,12.04476379253386,6.608208955223881,9.263296993723158,10.416749256689792
2019-10-14,34.82788239180707,21.662454575487278,12.04476379253386,6.608208955223881,9.263296993723158,10.416749256689792
2019-10-15,34.82112211221122,21.654867986798678,12.054125412541254,6.6090954274353875,9.26204620462046,10.421287128712871
2019-10-16,34.811716171617164,21.64694719471947,12.067491749174916,6.61058648111332,9.25907590759076,10.428217821782178
2019-10-17,34.804978569073526,21.639383448730626,12.077316188592153,6.610973187686197,9.257830530827563,10.431750741839762
2019-10-18,34.79459281239697,21.62800857237059,12.091163864160896,6.612959285004965,9.25634685130234,10.438674579624134
2019-10-19,34.78787878787879,21.620965085638996,12.099967061923582,6.613839285714286,9.255599472990777,10.441205533596838
2019-10-20,34.78787878787879,21.620965085638996,12.099967061923582,6.613839285714286,9.255599472990777,10.441205533596838
2019-10-21,34.78787878787879,21.620965085638996,12.099967061923582,6.613839285714286,9.255599472990777,10.441205533596838
2019-10-22,34.78019085225403,21.612948338269167,12.110233629483382,6.6147175421209115,9.25534715366897,10.445705824284303
2019-10-23,34.776021080368906,21.60960144927536,12.112318840579709,6.617311507936508,9.254611330698287,10.450098814229248
2019-10-24,34.776021080368906,21.60960144927536,12.112318840579709,6.617311507936508,9.254611330698287,10.450098814229248
2019-10-25,34.77283217936037,21.60525881965051,12.113419057039234,6.620407149950347,9.254863171777117,10.454500494559841
2019-10-26,34.76393010220904,21.596851302340916,12.12331025387405,6.624379344587885,9.253379492251895,10.459940652818991
2019-10-27,34.760231023102314,21.592491749174915,12.124422442244224,6.627485089463221,9.253630363036303,10.464356435643564
2019-10-28,34.760231023102314,21.592491749174915,12.124422442244224,6.627485089463221,9.253630363036303,10.464356435643564
2019-10-29,34.75156610616551,21.584487306297394,12.135179690075832,6.628351539225422,9.253379492251895,10.469337289812067
2019-10-30,34.7473597359736,21.581105610561053,12.137293729372937,6.631958250497018,9.252640264026402,10.472772277227723
2019-10-31,34.7473597359736,21.581105610561053,12.137293729372937,6.631958250497018,9.252640264026402,10.472772277227723
2019-11-01,34.7473597359736,21.581105610561053,12.137293729372937,6.631958250497018,9.252640264026402,10.472772277227723
2019-11-02,34.73597359735974,21.57194719471947,12.146204620462045,6.636182902584493,9.252640264026402,10.479455445544554
2019-11-03,34.73597359735974,21.57194719471947,12.146204620462045,6.636182902584493,9.252640264026402,10.479455445544554
2019-11-04,34.726838114078475,21.563963072865146,12.154962083745465,6.637537239324727,9.253379492251895,10.484915924826904
2019-11-05,34.726838114078475,21.563963072865146,12.154962083745465,6.637537239324727,9.253379492251895,10.484915924826904
2019-11-06,34.72260726072607,21.56056105610561,12.156105610561056,6.640159045725646,9.252640264026402,10.489356435643565
2019-11-07,34.70924092409241,21.549669966996696,12.166996699669966,6.644135188866799,9.253135313531352,10.497277227722773
2019-11-08,34.6973597359736,21.540759075907587,12.178877887788778,6.647117296222664,9.253135313531352,10.50420792079208
2019-11-09,34.688757006264424,21.533794922518954,12.186119353775139,6.649950347567031,9.253874052093636,10.507171117705242
2019-11-10,34.688757006264424,21.533794922518954,12.186119353775139,6.649950347567031,9.253874052093636,10.507171117705242
2019-11-11,34.68399339933994,21.529867986798678,12.187293729372938,6.65258449304175,9.255115511551155,10.511633663366336
2019-11-12,34.674909330695684,21.52390372568414,12.195515990768216,6.653922542204568,9.255357731618858,10.516073194856578
2019-11-13,34.670627062706274,21.520462046204617,12.197689768976897,6.656560636182903,9.255610561056105,10.519554455445544
2019-11-14,34.655280528052806,21.51155115511551,12.208580858085808,6.6605367793240555,9.255610561056105,10.527475247524752
2019-11-15,34.65097456227288,21.508093822266268,12.209778658738024,6.66318407960199,9.255863891641889,10.531962338949455
2019-11-16,34.63660389824909,21.50115626032375,12.218202841096796,6.667661691542288,9.256854971919392,10.538404360753221
2019-11-17,34.63660389824909,21.50115626032375,12.218202841096796,6.667661691542288,9.256854971919392,10.538404360753221
2019-11-18,34.622728774364056,21.491740997687476,12.22811364387182,6.673134328358209,9.257846052196895,10.547324083250743
2019-11-19,34.61765676567657,21.48432343234323,12.237293729372936,6.673956262425447,9.256600660066006,10.551237623762376
2019-11-20,34.61232243145028,21.48083911463495,12.239511067063098,6.677611940298507,9.256854971919392,10.554757185332011
2019-11-21,34.60598544973545,21.478339947089946,12.241732804232804,6.680776892430279,9.257109788359788,10.559275793650794
2019-11-22,34.60598544973545,21.478339947089946,12.241732804232804,6.680776892430279,9.257109788359788,10.559275793650794
2019-11-23,34.592096560846564,21.469907407407405,12.25214947089947,6.6857569721115535,9.257109788359788,10.565228174603174
2019-11-24,34.58771929824562,21.465408805031444,12.253392916252896,6.688434695912263,9.257365110890433,10.570754716981131
2019-11-25,34.58771929824562,21.465408805031444,12.253392916252896,6.688434695912263,9.257365110890433,10.570754716981131
2019-11-26,34.57969576719577,21.458498677248674,12.26306216931217,6.690239043824701,9.25760582010582,10.574156746031745
2019-11-27,34.57431314134393,21.45498179410791,12.265309500165507,6.693918245264207,9.257861635220126,10.578699106256206
2019-11-28,34.57431314134393,21.45498179410791,12.265309500165507,6.693918245264207,9.257861635220126,10.578699106256206
2019-11-29,34.56140350877193,21.443065210195297,12.278219132737503,6.69690927218345,9.258854683879509,10.587140019860973
2019-11-30,34.547997351870244,21.43462429659053,12.288149619331346,6.701894317048853,9.258358159549818,10.594587884806355
2019-12-01,34.547997351870244,21.43462429659053,12.288149619331346,6.701894317048853,9.258358159549818,10.594587884806355
2019-12-02,34.54001322751323,21.426752645502642,12.297288359788359,6.703685258964144,9.258101851851851,10.598958333333334
2019-12-03,34.53254046911133,21.419392137429796,12.305913445655765,6.705970149253731,9.256854971919392,10.603320118929632
2019-12-04,34.527116402116405,21.415839947089946,12.307208994708994,6.709661354581673,9.257109788359788,10.608878968253968
2019-12-05,34.51223544973545,21.404927248677247,12.319113756613756,6.7151394422310755,9.256117724867725,10.61780753968254
2019-12-06,34.51223544973545,21.404927248677247,12.319113756613756,6.7151394422310755,9.256117724867725,10.61780753968254
2019-12-07,34.49958664021164,21.39451058201058,12.32903439153439,6.720866533864542,9.255373677248677,10.625248015873016
2019-12-08,34.49958664021164,21.39451058201058,12.32903439153439,6.720866533864542,9.255373677248677,10.625248015873016
2019-12-09,34.48718584656085,21.383597883597883,12.338955026455025,6.725846613545817,9.254381613756614,10.635664682539682
2019-12-10,34.48718584656085,21.383597883597883,12.338955026455025,6.725846613545817,9.254381613756614,10.635664682539682
2019-12-11,34.48171135385634,21.37901357166501,12.341277722608407,6.729561316051845,9.254634227077126,10.641261171797417
2019-12-12,34.474289021164026,21.37169312169312,12.349867724867725,6.730826693227091,9.253389550264549,10.645585317460318
2019-12-13,34.461392195767196,21.358796296296294,12.362764550264549,6.734810756972111,9.254381613756614,10.65451388888889
2019-12-14,34.44750330687831,21.34986772486772,12.373677248677248,6.74003984063745,9.25388558201058,10.661954365079366
2019-12-15,34.44750330687831,21.34986772486772,12.373677248677248,6.74003984063745,9.25388558201058,10.661954365079366
2019-12-16,34.44012223323423,21.341592335645853,12.382226627023455,6.74179104477612,9.25412950115626,10.66625371655104
2019-12-17,34.44012223323423,21.341592335645853,12.382226627023455,6.74179104477612,9.25412950115626,10.66625371655104
2019-12-18,34.43361441798942,21.337962962962962,12.384589947089946,6.745517928286852,9.253389550264549,10.671875
2019-12-19,34.42773372976545,21.331681532870828,12.393128510075982,6.745771144278607,9.252642880740005,10.676164519326065
2019-12-20,34.42220568783069,21.328538359788357,12.395006613756614,6.749003984063745,9.252893518518517,10.681795634920634
2019-12-21,34.40682870370371,21.32060185185185,12.405919312169312,6.754482071713148,9.251405423280422,10.690228174603174
2019-12-22,34.40682870370371,21.32060185185185,12.405919312169312,6.754482071713148,9.251405423280422,10.690228174603174
2019-12-23,34.40682870370371,21.32060185185185,12.405919312169312,6.754482071713148,9.251405423280422,10.690228174603174
2019-12-24,34.40047902213413,21.31235546745953,12.414436736042285,6.75771144278607,9.250165180046249,10.694499504459861
2019-12-25,34.39293981481482,21.30869708994709,12.41683201058201,6.761454183266932,9.250413359788359,10.70014880952381
2019-12-26,34.39293981481482,21.30869708994709,12.41683201058201,6.761454183266932,9.250413359788359,10.70014880952381
2019-12-27,34.386378682555446,21.305031446540877,12.419728566699767,6.765204386839482,9.250165508109896,10.70630585898709
2019-12-28,34.377816434724984,21.302352551358513,12.423127899271039,6.767964071856287,9.250414181577202,10.711978131212724
2019-12-29,34.371227197346606,21.297678275290213,12.425538971807628,6.771728271728271,9.250663349917081,10.717661691542288
2019-12-30,34.371227197346606,21.297678275290213,12.425538971807628,6.771728271728271,9.250663349917081,10.717661691542288
2019-12-31,34.371227197346606,21.297678275290213,12.425538971807628,6.771728271728271,9.250663349917081,10.717661691542288
2020-01-01,34.36462483399735,21.29199867197875,12.42895086321381,6.7755,9.250913014608233,10.72335657370518
2020-01-02,34.36462483399735,21.29199867197875,12.42895086321381,6.7755,9.250913014608233,10.72335657370518
2020-01-03,34.358291873963516,21.283747927031506,12.437479270315091,6.777722277722278,9.249668325041458,10.726616915422886
2020-01-04,34.350680610889775,21.28004648074369,12.44015604249668,6.781,9.249916998671978,10.73207171314741
2020-01-05,34.350680610889775,21.28004648074369,12.44015604249668,6.781,9.249916998671978,10.73207171314741
2020-01-06,34.34535655058043,21.271807628524044,12.449170812603647,6.783216783216783,9.249170812603648,10.735323383084577
2020-01-07,34.34535655058043,21.271807628524044,12.449170812603647,6.783216783216783,9.249170812603648,10.735323383084577
2020-01-08,34.338728419654714,21.26610225763612,12.451610225763611,6.787,9.24941899070385,10.74203187250996
2020-01-09,34.33142620232173,21.257877280265337,12.462106135986732,6.789210789210789,9.248175787728027,10.745273631840796
2020-01-10,34.32478419654715,21.253154050464804,12.464558432934925,6.793,9.248422974767596,10.75199203187251
2020-01-11,34.311005976095615,21.240703851261618,12.476012616201858,6.798833333333333,9.248256972111554,10.75996015936255
2020-01-12,34.311005976095615,21.240703851261618,12.476012616201858,6.798833333333333,9.248256972111554,10.75996015936255
2020-01-13,34.304336989032905,21.23695579926886,12.478481222997672,6.801634968301634,9.248504486540378,10.766699900299102
2020-01-14,34.29706175298805,21.22825365205843,12.486968791500663,6.804333333333333,9.248256972111554,10.770916334661354
2020-01-15,34.29037886340977,21.22349617813227,12.48944832170156,6.807140473807141,9.248504486540378,10.77766699900299
2020-01-16,34.28311752988048,21.21630146082337,12.499916998671978,6.807333333333333,9.248256972111554,10.780876494023904
2020-01-17,34.28311752988048,21.21630146082337,12.499916998671978,6.807333333333333,9.248256972111554,10.780876494023904
2020-01-18,34.268177290836654,21.205843293492695,12.51137118193891,6.812583333333333,9.24800796812749,10.789342629482071
2020-01-19,34.268177290836654,21.205843293492695,12.51137118193891,6.812583333333333,9.24800796812749,10.789342629482071
2020-01-20,34.26046859421735,21.20206048521103,12.514872050515121,6.816399733066399,9.248255234297108,10.795114656031904
2020-01-21,34.253735059760956,21.193891102257634,12.52332337317397,6.818083333333333,9.248505976095618,10.79930278884462
2020-01-22,34.24501495513459,21.18909936856098,12.52683615819209,6.821905238571905,9.248753738783648,10.805084745762711
2020-01-23,34.23680278884462,21.181938911022574,12.538263612217795,6.823083333333333,9.247509960159363,10.808266932270916
2020-01-24,34.231056829511466,21.178132269857095,12.54079428381522,6.82691024357691,9.246759720837488,10.813060817547358
2020-01-25,34.21709870388833,21.167165171153204,12.552758391492189,6.832916249582916,9.246261216350947,10.821535393818545
2020-01-26,34.21132734530938,21.164337990685294,12.555306054557551,6.836756847027388,9.245508982035927,10.825349301397205
2020-01-27,34.196357285429144,21.15335994677312,12.566783100465734,6.842768871075484,9.24500998003992,10.834331337325349
2020-01-28,34.196357285429144,21.15335994677312,12.566783100465734,6.842768871075484,9.24500998003992,10.834331337325349
2020-01-29,34.182884231536924,21.142381902860944,12.581254158349966,6.847778891115564,9.243013972055888,10.841317365269461
2020-01-30,34.182884231536924,21.142381902860944,12.581254158349966,6.847778891115564,9.243013972055888,10.841317365269461
2020-01-31,34.182884231536924,21.142381902860944,12.581254158349966,6.847778891115564,9.243013972055888,10.841317365269461
2020-02-01,34.169660678642714,21.13290086493679,12.593230206254157,6.853039412157648,9.243013972055888,10.847305389221557
2020-02-02,34.169660678642714,21.13290086493679,12.593230206254157,6.853039412157648,9.243013972055888,10.847305389221557
2020-02-03,34.16350947158524,21.124792289797274,12.602608840146228,6.8551885218551885,9.241774675972083,10.850448654037887
2020-02-04,34.16350947158524,21.124792289797274,12.602608840146228,6.8551885218551885,9.241774675972083,10.850448654037887
2020-02-05,34.156686626746506,21.1209248170326,12.606204258150365,6.859051436205744,9.242015968063873,10.854291417165669
2020-02-06,34.14955134596212,21.113825191093383,12.615569956796277,6.8601935268601935,9.241774675972083,10.857427716849452
2020-02-07,34.13758723828514,21.102858092389496,12.627534064473247,6.862696029362696,9.242273180458625,10.864406779661017
2020-02-08,34.124626121635096,21.092140245928878,12.640993685609837,6.867200533867201,9.242522432701895,10.867647058823529
2020-02-09,34.11852589641434,21.086072377158033,12.64832337317397,6.868333333333333,9.242280876494023,10.871762948207172
2020-02-10,34.11852589641434,21.086072377158033,12.64832337317397,6.868333333333333,9.242280876494023,10.871762948207172
2020-02-11,34.11194029850746,21.07752902155887,12.657628524046434,6.869463869463869,9.243034825870646,10.874875621890547
2020-02-12,34.10607569721115,21.073622177954846,12.661271580345286,6.873333333333333,9.243276892430279,10.8777390438247
2020-02-13,34.09800995024876,21.068573797678273,12.670563847429518,6.873459873459873,9.243034825870646,10.880845771144278
2020-02-14,34.0906374501992,21.06665006640106,12.674717795484726,6.877833333333333,9.243276892430279,10.882221115537849
2020-02-15,34.07868525896414,21.057187915006637,12.686669986719787,6.880833333333333,9.244272908366534,10.887201195219124
2020-02-16,34.07868525896414,21.057187915006637,12.686669986719787,6.880833333333333,9.244272908366534,10.887201195219124
2020-02-17,34.072781655034895,21.052758391492187,12.689847125290793,6.884718051384718,9.244516450648057,10.890578265204386
2020-02-18,34.065239043824704,21.04623173970783,12.697626162018592,6.885333333333333,9.24477091633466,10.894671314741036
2020-02-19,34.05278884462152,21.035773572377156,12.711570385126162,6.891333333333333,9.244272908366534,10.89965139442231
2020-02-20,34.04835493519442,21.031821203057493,12.713276836158192,6.8952285618952285,9.244017946161515,10.902043868394816
2020-02-21,34.04835493519442,21.031821203057493,12.713276836158192,6.8952285618952285,9.244017946161515,10.902043868394816
2020-02-22,34.033399800598204,21.023346626786307,12.72623795280824,6.9002335669002335,9.246011964107677,10.905034895314058
2020-02-23,34.02644710578842,21.02037591483699,12.729956753160346,6.905143620574482,9.245259481037925,10.906936127744512
2020-02-24,34.02644710578842,21.02037591483699,12.729956753160346,6.905143620574482,9.245259481037925,10.906936127744512
2020-02-25,34.018943170488534,21.01387504154204,12.73919906945829,6.9052385719052385,9.246510468594217,10.909022931206382
2020-02-26,34.01197604790419,21.01089487691284,12.741932801064538,6.9101536406145625,9.246756487025948,10.910928143712574
2020-02-27,34.01197604790419,21.01089487691284,12.741932801064538,6.9101536406145625,9.246756487025948,10.910928143712574
2020-02-28,34.005994005994005,21.008408258408256,12.744172494172494,6.914577064526914,9.247502497502497,10.913836163836164
2020-02-29,33.99900199600798,21.00340984697272,12.755405854956752,6.912658650634603,9.248253493013973,10.912924151696608
2020-03-01,33.99002991026919,20.998421402459286,12.76462279827185,6.9117450784117445,9.24900299102692,10.916001994017947
2020-03-02,33.983033932135726,20.994427811044574,12.76837990685296,6.91566466265865,9.250249500998004,10.918912175648703
2020-03-03,33.96756487025948,20.98644377910845,12.781353958749168,6.919672678690715,9.252245508982035,10.92440119760479
2020-03-04,33.96756487025948,20.98644377910845,12.781353958749168,6.919672678690715,9.252245508982035,10.92440119760479
2020-03-05,33.95459081836327,20.97845974717232,12.794328010645375,6.923680694722779,9.252245508982035,10.927395209580839
2020-03-06,33.94666001994018,20.97349617813227,12.80450315719508,6.922756089422756,9.25099700897308,10.930458624127617
2020-03-07,33.93270189431705,20.965520106347622,12.81846128281821,6.925759092425759,9.251994017946162,10.933449651046859
2020-03-08,33.92280876494024,20.96157038512616,12.827606241699867,6.925833333333333,9.251743027888446,10.936503984063744
2020-03-09,33.91542288557214,20.956135986733,12.836733001658374,6.925407925407925,9.251990049751244,10.93955223880597
2020-03-10,33.91542288557214,20.956135986733,12.836733001658374,6.925407925407925,9.251990049751244,10.93955223880597
2020-03-11,33.907370517928285,20.95310424966799,12.840554448871181,6.929333333333333,9.252241035856574,10.94347609561753
2020-03-12,33.907370517928285,20.95310424966799,12.840554448871181,6.929333333333333,9.252241035856574,10.94347609561753
2020-03-13,33.90096377534065,20.94923562645397,12.843885011631771,6.933433433433433,9.252658690594881,10.946909272183449
2020-03-14,33.88750415420406,20.940761050182783,12.85634762379528,6.937937937937938,9.252658690594881,10.951395812562312
2020-03-15,33.88750415420406,20.940761050182783,12.85634762379528,6.937937937937938,9.252658690594881,10.951395812562312
2020-03-16,33.87554004652709,20.929295446992356,12.86980724493187,6.941941941941942,9.253655699567963,10.957377866400797
2020-03-17,33.87554004652709,20.929295446992356,12.86980724493187,6.941941941941942,9.253655699567963,10.957377866400797
2020-03-18,33.868429807052564,20.925232867598137,12.873669328010644,6.945891783567134,9.25390884896873,10.962325349301397
2020-03-19,33.8645729478232,20.918328348288465,12.883765370555,6.945945945945946,9.253655699567963,10.961365902293121
2020-03-20,33.85745176314039,20.915252827677975,12.886643379906852,6.9509018036072145,9.25390884896873,10.96432135728543
2020-03-21,33.846473719228214,20.907767797737858,12.89712242182302,6.955911823647295,9.25390884896873,10.967315369261478
2020-03-22,33.846473719228214,20.907767797737858,12.89712242182302,6.955911823647295,9.25390884896873,10.967315369261478
2020-03-23,33.84612828182121,20.901877700232635,12.904204054503156,6.955455455455455,9.251661681621801,10.968344965104686
2020-03-24,33.84612828182121,20.901877700232635,12.904204054503156,6.955455455455455,9.251661681621801,10.968344965104686
2020-03-25,33.83416417414424,20.89340312396145,12.918162180126288,6.95945945945946,9.25066467264872,10.97283150548355
2020-03-26,33.836321381142106,20.88852921646746,12.922227755644089,6.9585,9.24941899070385,10.970866533864541
2020-03-27,33.83548922056385,20.88266998341625,12.931260364842453,6.957542457542457,9.248175787728027,10.969900497512437
2020-03-28,33.8285240464345,20.87620232172471,12.93971807628524,6.960789210789211,9.247678275290214,10.971890547263682
2020-03-29,33.821381142098275,20.872094953519255,12.942646082337317,6.96475,9.247924966799468,10.975846613545817
2020-03-30,33.821381142098275,20.872094953519255,12.942646082337317,6.96475,9.247924966799468,10.975846613545817
2020-03-31,33.82255389718077,20.86625207296849,12.947678275290215,6.964285714285714,9.246185737976782,10.976865671641791
2020-04-01,33.81540504648075,20.862134794156706,12.951610225763611,6.96925,9.246430942895087,10.980826693227092
2020-04-02,33.81558872305141,20.85729684908789,12.9606135986733,6.967282717282718,9.244195688225538,10.979850746268657
2020-04-03,33.80843293492696,20.85366865869854,12.963562416998672,6.97075,9.244438911022575,10.982818725099602
2020-04-04,33.802456839309436,20.848190571049134,12.971530544488711,6.97375,9.242944887118194,10.984810756972111
2020-04-05,33.802456839309436,20.848190571049134,12.971530544488711,6.97375,9.242944887118194,10.984810756972111
2020-04-06,33.79946879150067,20.838230411686585,12.979498671978751,6.972277722277722,9.241948871181938,10.987798804780876
2020-04-07,33.79946879150067,20.838230411686585,12.979498671978751,6.972277722277722,9.241948871181938,10.987798804780876
2020-04-08,33.79228979727485,20.835078099036224,12.982469258889996,6.97625,9.242190096377534,10.991774675972083
2020-04-09,33.78730475240944,20.827102027251577,12.992439348620804,6.97875,9.23919906945829,10.994765702891327
2020-04-10,33.78730475240944,20.827102027251577,12.992439348620804,6.97875,9.23919906945829,10.994765702891327
2020-04-11,33.78306746427385,20.81962445995347,12.998670654702558,6.981,9.23919906945829,10.998005982053838
2020-04-12,33.78306746427385,20.81962445995347,12.998670654702558,6.981,9.23919906945829,10.998005982053838
2020-04-13,33.775864936793084,20.814454424484364,13.000665335994677,6.984984984984985,9.240435795076513,11.002994011976048
2020-04-14,33.77137391882901,20.80547238855622,13.006653359946773,6.988988988988989,9.239936793080505,11.00748502994012
2020-04-15,33.77137391882901,20.80547238855622,13.006653359946773,6.988988988988989,9.239936793080505,11.00748502994012
2020-04-16,33.768379906852964,20.79848636061211,13.016633399866933,6.991491491491492,9.236443779108448,11.008982035928144
2020-04-17,33.76015651015651,20.794289044289044,13.02064602064602,6.995490981963928,9.237678987678986,11.013986013986013
2020-04-18,33.75616050616051,20.788295038295036,13.026140526140525,6.999498997995992,9.235680985680984,11.017482517482517
2020-04-19,33.75616050616051,20.788295038295036,13.026140526140525,6.999498997995992,9.235680985680984,11.017482517482517
2020-04-20,33.74891666666667,20.783083333333334,13.028166666666666,6.999498997995992,9.236916666666666,11.0225
2020-04-21,33.75366300366301,20.777306027306025,13.031135531135531,6.9994994994995,9.235181485181485,11.021978021978022
2020-04-22,33.74641666666667,20.773083333333332,13.034166666666666,7.003507014028056,9.235416666666666,11.026
2020-04-23,33.74641666666667,20.773083333333332,13.034166666666666,7.003507014028056,9.235416666666666,11.026
2020-04-24,33.74341666666667,20.76608333333333,13.043666666666667,7.007014028056112,9.232416666666666,11.0265
2020-04-25,33.74091666666667,20.75808333333333,13.047666666666666,7.011022044088176,9.231916666666667,11.0305
2020-04-26,33.73465131798466,20.752836169502835,13.049716383049716,7.0160481444333,9.232148815482148,11.034534534534535
2020-04-27,33.73891666666667,20.748083333333334,13.052666666666665,7.015030060120241,9.230916666666666,11.0335
2020-04-28,33.7431734931735,20.742840492840493,13.055611055611054,7.015015015015015,9.228687978687978,11.032967032967033
2020-04-29,33.73591666666667,20.737583333333333,13.058666666666666,7.019038076152305,9.228916666666667,11.038
2020-04-30,33.73591666666667,20.737583333333333,13.058666666666666,7.019038076152305,9.228916666666667,11.038
2020-05-01,33.73591666666667,20.737583333333333,13.058666666666666,7.019038076152305,9.228916666666667,11.038
2020-05-02,33.73241666666667,20.72958333333333,13.062166666666666,7.0230460921843685,9.228416666666666,11.043
2020-05-03,33.72514180847514,20.726309642976307,13.065732399065732,7.0280842527582745,9.228144811478144,11.046046046046046
2020-05-04,33.72063730397064,20.716299632966297,13.070737404070737,7.027054108216433,9.227644310977643,11.05105105105105
2020-05-05,33.72063730397064,20.716299632966297,13.070737404070737,7.027054108216433,9.227644310977643,11.05105105105105
2020-05-06,33.71334335337342,20.712007348029392,13.073814295257181,7.031093279839519,9.227872411489646,11.056112224448897
2020-05-07,33.71863530196864,20.707290623957288,13.078745412078744,7.029058116232465,9.226643309976643,11.054054054054054
2020-05-08,33.710170340681366,20.703824315297258,13.081997327989313,7.034102306920762,9.22620240480962,11.058617234468938
2020-05-09,33.708667334669336,20.693804275217097,13.087007348029394,7.036108324974925,9.225200400801603,11.062625250501002
2020-05-10,33.708667334669336,20.693804275217097,13.087007348029394,7.036108324974925,9.225200400801603,11.062625250501002
2020-05-11,33.70035105315948,20.689485122032764,13.090103644266133,7.036108324974925,9.22642928786359,11.067703109327985
2020-05-12,33.695837512537615,20.67845202273487,13.097626211969242,7.0406218655967905,9.224924774322968,11.07171514543631
2020-05-13,33.695837512537615,20.67845202273487,13.097626211969242,7.0406218655967905,9.224924774322968,11.07171514543631
2020-05-14,33.7001503006012,20.67276219104876,13.102538410153642,7.039579158316633,9.222695390781563,11.07064128256513
2020-05-15,33.704454454454456,20.66708375041708,13.107440774107442,7.0375375375375375,9.221471471471471,11.06956956956957
2020-05-16,33.70975,20.661916666666663,13.109333333333334,7.0365,9.22025,11.0685
2020-05-17,33.70975,20.661916666666663,13.109333333333334,7.0365,9.22025,11.0685
2020-05-18,33.71303696303696,20.655261405261403,13.114219114219114,7.035464535464535,9.218531468531468,11.067932067932068
2020-05-19,33.71303696303696,20.655261405261403,13.114219114219114,7.035464535464535,9.218531468531468,11.067932067932068
2020-05-20,33.71303696303696,20.655261405261403,13.114219114219114,7.035464535464535,9.218531468531468,11.067932067932068
2020-05-21,33.71303696303696,20.655261405261403,13.114219114219114,7.035464535464535,9.218531468531468,11.067932067932068
2020-05-22,33.71731536926148,20.650116433799067,13.120093147039256,7.033932135728543,9.216317365269461,11.065868263473053
2020-05-23,33.722582253240276,20.64498172150216,13.122465935526753,7.032901296111665,9.215104685942174,11.06430707876371
2020-05-24,33.71432135728543,20.642631403858946,13.125582168995344,7.037924151696607,9.213323353293413,11.070359281437126
2020-05-25,33.717597208374876,20.637005649717512,13.1304420073114,7.036889332003988,9.212113659022931,11.068793619142573
2020-05-26,33.717597208374876,20.637005649717512,13.1304420073114,7.036889332003988,9.212113659022931,11.068793619142573
2020-05-27,33.717597208374876,20.637005649717512,13.1304420073114,7.036889332003988,9.212113659022931,11.068793619142573
2020-05-28,33.717597208374876,20.637005649717512,13.1304420073114,7.036889332003988,9.212113659022931,11.068793619142573
2020-05-29,33.71410767696909,20.628032568959785,13.140412097042207,7.03888334995015,9.210618145563311,11.070289132602193
2020-05-30,33.71211365902293,20.62155201063476,13.14489863742107,7.0423728813559325,9.208125623130607,11.074277168494516
2020-05-31,33.704840319361274,20.61618429807052,13.148037258815702,7.046407185628743,9.209331337325349,11.07934131736527
2020-06-01,33.704840319361274,20.61618429807052,13.148037258815702,7.046407185628743,9.209331337325349,11.07934131736527
2020-06-02,33.7003493013972,20.606204258150363,13.157019294743847,7.0489021956087825,9.208333333333334,11.082335329341317
2020-06-03,33.7003493013972,20.606204258150363,13.157019294743847,7.0489021956087825,9.208333333333334,11.082335329341317
2020-06-04,33.70463609172482,20.600614822200065,13.162844798936524,7.047856430707876,9.207128614157527,11.080259222333002
2020-06-05,33.70463609172482,20.600614822200065,13.162844798936524,7.047856430707876,9.207128614157527,11.080259222333002
2020-06-06,33.70164506480558,20.594134263875038,13.168328348288469,7.0503489531405785,9.205134596211366,11.082253240279163
2020-06-07,33.69236526946108,20.59173320026613,13.171490352628078,7.054890219560878,9.205339321357286,11.085828343313374
2020-06-08,33.684565434565435,20.587329337329336,13.174159174159175,7.058441558441558,9.206543456543457,11.090909090909092
2020-06-09,33.68056943056943,20.577339327339324,13.182650682650683,7.060939060939061,9.206043956043956,11.093906093906094
2020-06-10,33.68056943056943,20.577339327339324,13.182650682650683,7.060939060939061,9.206043956043956,11.093906093906094
2020-06-11,33.68056943056943,20.577339327339324,13.182650682650683,7.060939060939061,9.206043956043956,11.093906093906094
2020-06-12,33.67757242757243,20.568847818847818,13.192640692640694,7.061688311688312,9.203546453546453,11.096403596403597
2020-06-13,33.675074925074924,20.56135531135531,13.1996336996337,7.065184815184815,9.201048951048952,11.098901098901099
2020-06-14,33.675074925074924,20.56135531135531,13.1996336996337,7.065184815184815,9.201048951048952,11.098901098901099
2020-06-15,33.67939121756487,20.555805056553556,13.203925482368597,7.064620758483034,9.199850299401197,11.097305389221557
2020-06-16,33.672077922077925,20.551365301365298,13.207126207126208,7.067682317682317,9.20004995004995,11.102397602397602
2020-06-17,33.672077922077925,20.551365301365298,13.207126207126208,7.067682317682317,9.20004995004995,11.102397602397602
2020-06-18,33.67007992007992,20.543373293373293,13.215617715617716,7.069180819180819,9.198551448551449,11.104895104895105
2020-06-19,33.67007992007992,20.543373293373293,13.215617715617716,7.069180819180819,9.198551448551449,11.104895104895105
2020-06-20,33.666833166833165,20.53388278388278,13.222860472860473,7.071678321678322,9.197802197802197,11.108391608391608
2020-06-21,33.666833166833165,20.53388278388278,13.222860472860473,7.071678321678322,9.197802197802197,11.108391608391608
2020-06-22,33.66233766233766,20.523892773892772,13.22935397935398,7.074675324675325,9.198301698301698,11.112387612387613
2020-06-23,33.656,20.519416666666665,13.232583333333334,7.07875,9.1975,11.1175
2020-06-24,33.656,20.519416666666665,13.232583333333334,7.07875,9.1975,11.1175
2020-06-25,33.652,20.510416666666664,13.242583333333334,7.08125,9.1955,11.1205
2020-06-26,33.658341658341655,20.504911754911753,13.248334998334999,7.079170829170829,9.193306693306694,11.118381618381619
2020-06-27,33.65384615384615,20.496919746919744,13.255827505827506,7.0811688311688314,9.191308691308691,11.123376623376624
2020-06-28,33.6465,20.492416666666664,13.259083333333335,7.08525,9.1915,11.1285
2020-06-29,33.6465,20.492416666666664,13.259083333333335,7.08525,9.1915,11.1285
2020-06-30,33.643,20.482416666666666,13.266083333333334,7.08925,9.1895,11.134
2020-07-01,33.643,20.482416666666666,13.266083333333334,7.08925,9.1895,11.134
2020-07-02,33.646353646353646,20.477938727938724,13.272810522810524,7.087162837162837,9.187312687312687,11.132867132867133
2020-07-03,33.6395,20.473416666666665,13.275583333333334,7.09125,9.188,11.1365
2020-07-04,33.635,20.465416666666663,13.284083333333333,7.09175,9.187,11.1405
2020-07-05,33.635,20.465416666666663,13.284083333333333,7.09175,9.187,11.1405
2020-07-06,33.626626626626624,20.461878545211878,13.287370704037372,7.0958458458458455,9.188188188188189,11.144644644644645
2020-07-07,33.62162162162162,20.451868535201868,13.294377711044378,7.098848848848849,9.186186186186186,11.14964964964965
2020-07-08,33.62162162162162,20.451868535201868,13.294377711044378,7.098848848848849,9.186186186186186,11.14964964964965
2020-07-09,33.62162162162162,20.451868535201868,13.294377711044378,7.098848848848849,9.186186186186186,11.14964964964965
2020-07-10,33.627,20.446416666666664,13.301083333333334,7.09675,9.184,11.1475
2020-07-11,33.6225,20.436916666666665,13.309083333333334,7.09875,9.18275,11.1515
2020-07-12,33.6195,20.426416666666665,13.316583333333334,7.09975,9.18175,11.1565
2020-07-13,33.6195,20.426416666666665,13.316583333333334,7.09975,9.18175,11.1565
2020-07-14,33.6155,20.414916666666663,13.324083333333334,7.10275,9.18125,11.1615
2020-07-15,33.6155,20.414916666666663,13.324083333333334,7.10275,9.18125,11.1615
2020-07-16,33.6155,20.414916666666663,13.324083333333334,7.10275,9.18125,11.1615
2020-07-17,33.607607607607605,20.411578244911574,13.327160493827162,7.106356356356357,9.181681681681681,11.165915915915916
2020-07-18,33.6036036036036,20.40256923590257,13.335669002335669,7.107357357357357,9.18068068068068,11.16941941941942
2020-07-19,33.6036036036036,20.40256923590257,13.335669002335669,7.107357357357357,9.18068068068068,11.16941941941942
2020-07-20,33.59619238476954,20.397962591850366,13.338009352037409,7.111472945891784,9.18186372745491,11.173597194388778
2020-07-21,33.59168336673347,20.38894455577822,13.34502338009352,7.11497995991984,9.180360721442886,11.177605210420841
2020-07-22,33.5960960960961,20.38405071738405,13.351685018351686,7.113363363363363,9.17867867867868,11.175425425425425
2020-07-23,33.592092092092095,20.37404070737404,13.362195528862197,7.115365365365365,9.176676676676676,11.17892892892893
2020-07-24,33.592092092092095,20.37404070737404,13.362195528862197,7.115365365365365,9.176676676676676,11.17892892892893
2020-07-25,33.589089089089086,20.36403069736403,13.371204537871206,7.116366366366367,9.175675675675675,11.18093093093093
2020-07-26,33.58508508508508,20.35402068735402,13.379212545879213,7.118368368368368,9.174674674674675,11.185935935935936
2020-07-27,33.5895,20.347666666666665,13.384833333333335,7.11725,9.1715,11.18475
2020-07-28,33.586,20.337666666666664,13.390833333333333,7.12025,9.1705,11.18875
2020-07-29,33.586,20.337666666666664,13.390833333333333,7.12025,9.1705,11.18875
2020-07-30,33.586,20.337666666666664,13.390833333333333,7.12025,9.1705,11.18875
2020-07-31,33.59040959040959,20.331335331335328,13.3984348984349,7.118131868131868,9.16933066933067,11.186563436563437
2020-08-01,33.58741258741259,20.32109557109557,13.407176157176158,7.12012987012987,9.168331668331668,11.187812187812188
2020-08-02,33.590818363273456,20.316783100465734,13.410761809713906,7.119011976047904,9.167165668662674,11.186626746506986
2020-08-03,33.582417582417584,20.31310356310356,13.413669663669664,7.122627372627373,9.167332667332667,11.191808191808192
2020-08-04,33.577922077922075,20.304112554112553,13.41916416916417,7.125124875124875,9.166833166833166,11.196803196803197
2020-08-05,33.577922077922075,20.304112554112553,13.41916416916417,7.125124875124875,9.166833166833166,11.196803196803197
2020-08-06,33.58233532934132,20.298819028609444,13.423735861610114,7.124001996007984,9.164670658682635,11.196606786427147
2020-08-07,33.574925074925076,20.296620046620045,13.427655677655679,7.1276223776223775,9.163836163836164,11.2002997002997
2020-08-08,33.57192807192807,20.286630036630033,13.436646686646688,7.128621378621379,9.162837162837162,11.202297702297702
2020-08-09,33.56843156843157,20.275641025641022,13.445138195138195,7.12962037962038,9.162837162837162,11.207292707292707
2020-08-10,33.56843156843157,20.275641025641022,13.445138195138195,7.12962037962038,9.162837162837162,11.207292707292707
2020-08-11,33.56393606393606,20.267649017649017,13.451132201132202,7.132117882117882,9.162337662337663,11.212287712287713
2020-08-12,33.56636726546906,20.26538589487691,13.452677977378578,7.131986027944111,9.162175648702595,11.212075848303392
2020-08-13,33.56636726546906,20.26538589487691,13.452677977378578,7.131986027944111,9.162175648702595,11.212075848303392
2020-08-14,33.55844155844156,20.261155511155508,13.456376956376957,7.134615384615385,9.162837162837162,11.217532467532468
2020-08-15,33.553446553446555,20.2531635031635,13.466366966366968,7.135614385614385,9.160839160839162,11.22152847152847
2020-08-16,33.55588822355289,20.250914836992678,13.468895542248836,7.134481037924152,9.159680638722556,11.22130738522954
2020-08-17,33.548451548451546,20.246170496170492,13.471361971361972,7.138611388611388,9.15984015984016,11.226523476523477
2020-08-18,33.54245754245754,20.239177489177486,13.478354978354979,7.1396103896103895,9.15984015984016,11.231518481518481
2020-08-19,33.54245754245754,20.239177489177486,13.478354978354979,7.1396103896103895,9.15984015984016,11.231518481518481
2020-08-20,33.54590818363273,20.234946773120424,13.481869594145044,7.138473053892215,9.158682634730539,11.230289421157684
2020-08-21,33.53696303696304,20.23193473193473,13.485347985347985,7.142107892107892,9.15884115884116,11.235514485514486
2020-08-22,33.53942115768463,20.22771124417831,13.490851630073188,7.139970059880239,9.156686626746508,11.233283433133732
2020-08-23,33.53443113772455,20.21972721224218,13.496839654025283,7.142964071856287,9.155688622754491,11.237275449101796
2020-08-24,33.53443113772455,20.21972721224218,13.496839654025283,7.142964071856287,9.155688622754491,11.237275449101796
2020-08-25,33.52794411177645,20.21174318030605,13.503825681969396,7.145459081836328,9.155688622754491,11.243263473053892
2020-08-26,33.52794411177645,20.21174318030605,13.503825681969396,7.145459081836328,9.155688622754491,11.243263473053892
2020-08-27,33.532402791625124,20.208541043536055,13.509305417082087,7.1438185443669,9.153539381854436,11.241026919242273
2020-08-28,33.536852589641434,20.20434926958831,13.514774236387783,7.1416832669322705,9.152390438247012,11.238794820717132
2020-08-29,33.53087649402391,20.197377158034527,13.523738379814077,7.142679282868526,9.150398406374501,11.241782868525897
2020-08-30,33.52490039840637,20.189409030544486,13.532702523240372,7.14566733067729,9.149402390438247,11.246264940239044
2020-08-31,33.52490039840637,20.189409030544486,13.532702523240372,7.14566733067729,9.149402390438247,11.246264940239044
2020-09-01,33.520418326693225,20.180444887118192,13.540172642762284,7.147659362549801,9.147908366533864,11.252241035856574
2020-09-02,33.520418326693225,20.180444887118192,13.540172642762284,7.147659362549801,9.147908366533864,11.252241035856574
2020-09-03,33.5228855721393,20.177280265339963,13.545605306799338,7.1465174129353235,9.145771144278607,11.250995024875621
2020-09-04,33.51543824701195,20.173970783532535,13.54913678618858,7.150647410358566,9.145418326693227,11.255727091633466
2020-09-05,33.50946215139442,20.166002656042494,13.55710491367862,7.150647410358566,9.146414342629482,11.259711155378486
2020-09-06,33.50423306772908,20.15778552456839,13.565322045152723,7.151643426294821,9.144671314741036,11.265189243027889
2020-09-07,33.49675972083749,20.151960784313722,13.568876703223664,7.155782652043868,9.14481555333998,11.270438683948155
2020-09-08,33.490777666999,20.142987703555995,13.576852775008309,7.158275174476571,9.1438185443669,11.275423728813559
2020-09-09,33.490777666999,20.142987703555995,13.576852775008309,7.158275174476571,9.1438185443669,11.275423728813559
2020-09-10,33.490777666999,20.142987703555995,13.576852775008309,7.158275174476571,9.1438185443669,11.275423728813559
2020-09-11,33.483283433133735,20.138639387890883,13.580422488356621,7.161926147704591,9.143962075848304,11.280189620758483
2020-09-12,33.477295409181636,20.130655355954755,13.588406520292748,7.162924151696607,9.144960079840319,11.28318363273453
2020-09-13,33.479810568295115,20.127534064473245,13.5928049185776,7.161764705882353,9.1438185443669,11.281904287138584
2020-09-14,33.47230538922156,20.123669328010642,13.59539254823686,7.164920159680639,9.144960079840319,11.287175648702595
2020-09-15,33.466816367265466,20.1146872920825,13.602378576180971,7.167914171656687,9.144461077844312,11.292664670658683
2020-09-16,33.466816367265466,20.1146872920825,13.602378576180971,7.167914171656687,9.144461077844312,11.292664670658683
2020-09-17,33.46282435129741,20.106204258150363,13.610861610113108,7.169910179640719,9.143463073852296,11.296656686626747
2020-09-18,33.46282435129741,20.106204258150363,13.610861610113108,7.169910179640719,9.143463073852296,11.296656686626747
2020-09-19,33.45683632734531,20.09722222222222,13.620841650033267,7.170908183632735,9.142465069860279,11.302145708582835
2020-09-20,33.45683632734531,20.09722222222222,13.620841650033267,7.170908183632735,9.142465069860279,11.302145708582835
2020-09-21,33.45683632734531,20.09722222222222,13.620841650033267,7.170908183632735,9.142465069860279,11.302145708582835
2020-09-22,33.45937188434696,20.09338650714523,13.625706214689266,7.169990029910269,9.140578265204386,11.30134596211366
2020-09-23,33.45184630738523,20.08848968729208,13.629324683965404,7.174151696606787,9.140718562874252,11.306636726546905
2020-09-24,33.4443056943057,20.083583083583083,13.633449883449885,7.178321678321678,9.140359640359641,11.311938061938061
2020-09-25,33.4443056943057,20.083583083583083,13.633449883449885,7.178321678321678,9.140359640359641,11.311938061938061
2020-09-26,33.43731268731269,20.074592074592072,13.644438894438895,7.1803196803196805,9.139360639360639,11.316933066933068
2020-09-27,33.43331668331668,20.06560106560106,13.652430902430902,7.182317682317683,9.138361638361639,11.321928071928072
2020-09-28,33.43331668331668,20.06560106560106,13.652430902430902,7.182317682317683,9.138361638361639,11.321928071928072
2020-09-29,33.42832167832168,20.056110556110553,13.661421911421913,7.185814185814186,9.134865134865136,11.327422577422578
2020-09-30,33.42832167832168,20.056110556110553,13.661421911421913,7.185814185814186,9.134865134865136,11.327422577422578
2020-10-01,33.429890219560875,20.051064537591483,13.668745841650034,7.184630738522954,9.13373253493014,11.326097804391217
2020-10-02,33.422327672327675,20.048118548118545,13.670412920412922,7.187812187812188,9.133866133866134,11.332417582417582
2020-10-03,33.416833166833165,20.038628038628037,13.681401931401933,7.1908091908091905,9.131368631368632,11.335414585414586
2020-10-04,33.418413173652695,20.034597471723217,13.685711909514305,7.189620758483034,9.1312375249501,11.335079840319361
2020-10-05,33.41083916083916,20.029637029637026,13.68839493839494,7.192807192807193,9.13036963036963,11.341408591408591
2020-10-06,33.40684315684316,20.019147519147516,13.696886446886447,7.194805194805195,9.128371628371628,11.347902097902098
2020-10-07,33.40684315684316,20.019147519147516,13.696886446886447,7.194805194805195,9.128371628371628,11.347902097902098
2020-10-08,33.40684315684316,20.019147519147516,13.696886446886447,7.194805194805195,9.128371628371628,11.347902097902098
2020-10-09,33.40334665334665,20.011155511155508,13.706876456876458,7.195304695304696,9.125874125874127,11.352397602397602
2020-10-10,33.39935064935065,20.0041625041625,13.715867465867467,7.194305694305695,9.124875124875125,11.356393606393606
2020-10-11,33.392107892107894,19.995421245421245,13.726606726606727,7.194305694305695,9.123876123876125,11.36038961038961
2020-10-12,33.3855,19.989416666666664,13.729333333333335,7.1975,9.124,11.36675
2020-10-13,33.381,19.978666666666665,13.739583333333334,7.1985,9.1225,11.37225
2020-10-14,33.381,19.978666666666665,13.739583333333334,7.1985,9.1225,11.37225
2020-10-15,33.38261738261738,19.97369297369297,13.745837495837497,7.197302697302697,9.120379620379621,11.371878121878122
2020-10-16,33.38261738261738,19.97369297369297,13.745837495837497,7.197302697302697,9.120379620379621,11.371878121878122
2020-10-17,33.37812187812188,19.965451215451214,13.755078255078256,7.197302697302697,9.118631368631368,11.376623376623376
2020-10-18,33.37812187812188,19.965451215451214,13.755078255078256,7.197302697302697,9.118631368631368,11.376623376623376
2020-10-19,33.37812187812188,19.965451215451214,13.755078255078256,7.197302697302697,9.118631368631368,11.376623376623376
2020-10-20,33.37312687312687,19.954961704961704,13.763070263070263,7.198801198801199,9.117632367632368,11.383116883116884
2020-10-21,33.37312687312687,19.954961704961704,13.763070263070263,7.198801198801199,9.117632367632368,11.383116883116884
2020-10-22,33.3655,19.949916666666663,13.766833333333334,7.201,9.11825,11.3895
2020-10-23,33.36225,19.942916666666665,13.776833333333334,7.2005,9.11575,11.394
2020-10-24,33.35775,19.932916666666664,13.786333333333333,7.2005,9.11425,11.399
2020-10-25,33.35775,19.932916666666664,13.786333333333333,7.2005,9.11425,11.399
2020-10-26,33.35775,19.932916666666664,13.786333333333333,7.2005,9.11425,11.399
2020-10-27,33.35325,19.922416666666663,13.793833333333334,7.202,9.11175,11.406
2020-10-28,33.35325,19.922416666666663,13.793833333333334,7.202,9.11175,11.406
2020-10-29,33.35325,19.922416666666663,13.793833333333334,7.202,9.11175,11.406
2020-10-30,33.35325,19.922416666666663,13.793833333333334,7.202,9.11175,11.406
2020-10-31,33.34775,19.914416666666664,13.802833333333334,7.2025,9.11025,11.4115
2020-11-01,33.349400599400596,19.909507159507157,13.808025308025309,7.202297702297702,9.10914085914086,11.41008991008991
2020-11-02,33.34175,19.904416666666663,13.810833333333333,7.2055,9.10825,11.4175
2020-11-03,33.33625,19.894916666666663,13.818833333333334,7.207,9.10775,11.4235
2020-11-04,33.33625,19.894916666666663,13.818833333333334,7.207,9.10775,11.4235
2020-11-05,33.32857857857858,19.890807474140804,13.823156489823157,7.20970970970971,9.106356356356356,11.43043043043043
2020-11-06,33.32857857857858,19.890807474140804,13.823156489823157,7.20970970970971,9.106356356356356,11.43043043043043
2020-11-07,33.323573573573576,19.8827994661328,13.830163496830163,7.2107107107107105,9.105355355355355,11.435435435435435
2020-11-08,33.318068068068065,19.87278945612279,13.838171504838172,7.212712712712713,9.104854854854855,11.44044044044044
2020-11-09,33.31506506506506,19.86277944611278,13.847180513847182,7.212712712712713,9.101851851851851,11.445445445445445
2020-11-10,33.30955955955956,19.85326993660327,13.854688021354688,7.214714714714715,9.10035035035035,11.452452452452452
2020-11-11,33.30955955955956,19.85326993660327,13.854688021354688,7.214714714714715,9.10035035035035,11.452452452452452
2020-11-12,33.31225,19.848416666666665,13.860833333333334,7.2135,9.09825,11.451
2020-11-13,33.30925,19.839416666666665,13.870833333333334,7.2145,9.09575,11.4555
2020-11-14,33.30425,19.831416666666666,13.879833333333334,7.2145,9.09375,11.4615
2020-11-15,33.29725,19.822416666666665,13.888833333333334,7.2165,9.09275,11.4665
2020-11-16,33.29725,19.822416666666665,13.888833333333334,7.2165,9.09275,11.4665
2020-11-17,33.29275,19.813916666666664,13.896333333333335,7.2195,9.09025,11.4725
2020-11-18,33.29645354645355,19.81110556110556,13.900432900432902,7.218781218781219,9.088661338661339,11.47052947052947
2020-11-19,33.29645354645355,19.81110556110556,13.900432900432902,7.218781218781219,9.088661338661339,11.47052947052947
2020-11-20,33.29025,19.806416666666664,13.904833333333334,7.221,9.08825,11.4775
2020-11-21,33.28425,19.799416666666666,13.913833333333335,7.222,9.08525,11.4825
2020-11-22,33.28025,19.790416666666665,13.920833333333334,7.224,9.08225,11.4865
2020-11-23,33.27252252252252,19.7842008675342,13.923757090423758,7.227227227227227,9.082332332332332,11.493993993993994
2020-11-24,33.26851851851852,19.77569235902569,13.930263596930264,7.23023023023023,9.07932932932933,11.5
2020-11-25,33.26851851851852,19.77569235902569,13.930263596930264,7.23023023023023,9.07932932932933,11.5
2020-11-26,33.27025,19.770916666666665,13.937333333333333,7.23,9.07725,11.4995
2020-11-27,33.26425,19.762916666666666,13.948333333333334,7.231,9.07525,11.5045
2020-11-28,33.25925,19.754916666666663,13.958333333333334,7.232,9.07325,11.5075
2020-11-29,33.25999000999001,19.7511655011655,13.962370962370963,7.232767232767233,9.072177822177823,11.504995004995004
2020-11-30,33.262225548902194,19.746922821024615,13.965901530272788,7.233033932135728,9.070109780439122,11.504491017964073
2020-12-01,33.262225548902194,19.746922821024615,13.965901530272788,7.233033932135728,9.070109780439122,11.504491017964073
2020-12-02,33.25349650349651,19.74067599067599,13.969863469863471,7.236263736263736,9.069180819180819,11.512987012987013
2020-12-03,33.247502497502495,19.73018648018648,13.981351981351981,7.2382617382617385,9.066683316683317,11.519480519480519
2020-12-04,33.23875,19.726916666666664,13.984333333333334,7.2415,9.06575,11.527
2020-12-05,33.24150849150849,19.72219447219447,13.990342990342992,7.240259740259741,9.064685314685315,11.523476523476523
2020-12-06,33.23601398601399,19.71170496170496,13.999333999334,7.241758241758242,9.063186813186814,11.52947052947053
2020-12-07,33.22825,19.707416666666663,14.002333333333334,7.243,9.06325,11.537
2020-12-08,33.22075,19.697916666666664,14.008833333333333,7.247,9.06175,11.543
2020-12-09,33.22075,19.697916666666664,14.008833333333333,7.247,9.06175,11.543
2020-12-10,33.21525,19.688916666666664,14.019333333333334,7.2485,9.05975,11.5495
2020-12-11,33.21525,19.688916666666664,14.019333333333334,7.2485,9.05975,11.5495
2020-12-12,33.21125,19.679916666666664,14.029333333333334,7.2485,9.05775,11.5535
2020-12-13,33.20425,19.671916666666664,14.038333333333334,7.2505,9.05575,11.5595
2020-12-14,33.196446446446444,19.66658324991658,14.041374708041376,7.253753753753754,9.055805805805806,11.567067067067066
2020-12-15,33.18943943943944,19.659576242909573,14.048381715048382,7.256756756756757,9.053303303303304,11.574074074074074
2020-12-16,33.19325,19.656416666666665,14.053333333333335,7.2565,9.05125,11.5715
2020-12-17,33.19325,19.656416666666665,14.053333333333335,7.2565,9.05125,11.5715
2020-12-18,33.18493493493494,19.650567233900563,14.057891224557892,7.25975975975976,9.0508008008008,11.58008008008008
2020-12-19,33.178928928928926,19.64356022689356,14.066900233566901,7.261761761761762,9.0487987987988,11.586086086086086
2020-12-20,33.170090180360724,19.639195056780224,14.06997327989312,7.264028056112225,9.048847695390782,11.593687374749498
2020-12-21,33.170090180360724,19.639195056780224,14.06997327989312,7.264028056112225,9.048847695390782,11.593687374749498
2020-12-22,33.16207414829659,19.631179024716097,14.076486305945224,7.268036072144288,9.047344689378757,11.601703406813627
2020-12-23,33.16207414829659,19.631179024716097,14.076486305945224,7.268036072144288,9.047344689378757,11.601703406813627
2020-12-24,33.15220661985958,19.626295553326646,14.080575058508861,7.271313941825476,9.046890672016048,11.610330992978938
2020-12-25,33.15220661985958,19.626295553326646,14.080575058508861,7.271313941825476,9.046890672016048,11.610330992978938
2020-12-26,33.147191574724175,19.617268472082912,14.08859913072551,7.272316950852558,9.046890672016048,11.616349047141425
2020-12-27,33.147191574724175,19.617268472082912,14.08859913072551,7.272316950852558,9.046890672016048,11.616349047141425
2020-12-28,33.147191574724175,19.617268472082912,14.08859913072551,7.272316950852558,9.046890672016048,11.616349047141425
2020-12-29,33.13729919678715,19.612868139223558,14.092704149933066,7.275602409638554,9.045933734939759,11.623995983935743
2020-12-30,33.13729919678715,19.612868139223558,14.092704149933066,7.275602409638554,9.045933734939759,11.623995983935743
2020-12-31,33.13729919678715,19.612868139223558,14.092704149933066,7.275602409638554,9.045933734939759,11.623995983935743
2021-01-01,33.12788944723618,19.609463986599664,14.096314907872697,7.278391959798995,9.045979899497487,11.631658291457287
2021-01-02,33.11795774647887,19.60605298457411,14.1004359490275,7.280684104627767,9.04602615694165,11.640342052313883
2021-01-03,33.11795774647887,19.60605298457411,14.1004359490275,7.280684104627767,9.04602615694165,11.640342052313883
2021-01-04,33.112927565392354,19.59800469483568,14.107478202548625,7.282696177062374,9.045020120724345,11.645372233400403
2021-01-05,33.11582914572865,19.593383584589613,14.11139028475712,7.282914572864321,9.043467336683417,11.644723618090453
2021-01-06,33.105885311871226,19.588950368879942,14.114520456069753,7.286217303822937,9.042505030181086,11.653420523138832
2021-01-07,33.0998490945674,19.578386988598254,14.12458081824279,7.288732394366197,9.040492957746478,11.659456740442655
2021-01-08,33.0998490945674,19.578386988598254,14.12458081824279,7.288732394366197,9.040492957746478,11.659456740442655
2021-01-09,33.09356136820926,19.567823608316562,14.134892689470155,7.290995975855131,9.038983903420522,11.664235412474849
2021-01-10,33.09356136820926,19.567823608316562,14.134892689470155,7.290995975855131,9.038983903420522,11.664235412474849
2021-01-11,33.08459214501511,19.561346089291707,14.139056730446459,7.294310171198389,9.039023162134944,11.672960725075528
2021-01-12,33.0785498489426,19.552282645182945,14.147113125209803,7.297834843907351,9.037009063444108,11.679003021148036
2021-01-13,33.0785498489426,19.552282645182945,14.147113125209803,7.297834843907351,9.037009063444108,11.679003021148036
2021-01-14,33.0785498489426,19.552282645182945,14.147113125209803,7.297834843907351,9.037009063444108,11.679003021148036
2021-01-15,33.08249496981891,19.547702883970487,14.153001341381623,7.295523138832998,9.035965794768611,11.6773138832998
2021-01-16,33.07401812688822,19.543974488083247,14.156931856327628,7.298841893252769,9.034743202416918,11.685297079556898
2021-01-17,33.06797583081571,19.533903994629068,14.164988251090971,7.300855991943605,9.032729103726082,11.692346424974824
2021-01-18,33.06991951710262,19.529342723004692,14.169517102615695,7.300888665325286,9.03169014084507,11.690308517773309
2021-01-19,33.061933534743204,19.524840550520306,14.173716012084592,7.304212823094999,9.030715005035248,11.698053037932194
2021-01-20,33.061933534743204,19.524840550520306,14.173716012084592,7.304212823094999,9.030715005035248,11.698053037932194
2021-01-21,33.05438066465257,19.516280631084253,14.18479355488419,7.307233971131253,9.027190332326285,11.703591809331991
2021-01-22,33.05438066465257,19.516280631084253,14.18479355488419,7.307233971131253,9.027190332326285,11.703591809331991
2021-01-23,33.047379032258064,19.51176075268817,14.188004032258064,7.309559811827958,9.025201612903226,11.71236559139785
2021-01-24,33.04032258064516,19.50268817204301,14.196068548387096,7.312584005376345,9.025201612903226,11.717405913978496
2021-01-25,33.04032258064516,19.50268817204301,14.196068548387096,7.312584005376345,9.025201612903226,11.717405913978496
2021-01-26,33.03528225806452,19.494119623655912,14.202620967741936,7.316112231182796,9.022681451612904,11.722950268817206
2021-01-27,33.03528225806452,19.494119623655912,14.202620967741936,7.316112231182796,9.022681451612904,11.722950268817206
2021-01-28,33.0392749244713,19.490097348103387,14.208459214501511,7.315038603558242,9.020896273917423,11.720208123531387
2021-01-29,33.030745967741936,19.485551075268816,14.212197580645162,7.318380376344087,9.020413306451612,11.726982526881722
2021-01-30,33.022704339051465,19.480995627312478,14.216448032290616,7.321728893373697,9.019424823410697,11.734779683821058
2021-01-31,33.02570564516129,19.476478494623652,14.221270161290322,7.321404569892474,9.018397177419354,11.732022849462366
2021-02-01,33.01664984863774,19.47040026908846,14.22502522704339,7.324756138580559,9.018920282542886,11.73982509249916
2021-02-02,33.01236125126135,19.460309451732254,14.232088799192734,7.327783383787421,9.016649848637739,11.745375042045074
2021-02-03,33.01236125126135,19.460309451732254,14.232088799192734,7.327783383787421,9.016649848637739,11.745375042045074
2021-02-04,33.00630676084763,19.45122771611167,14.24318869828456,7.331819710729903,9.013118062563068,11.749915909855366
2021-02-05,33.00630676084763,19.45122771611167,14.24318869828456,7.331819710729903,9.013118062563068,11.749915909855366
2021-02-06,32.997727272727275,19.445875420875417,14.247727272727273,7.334175084175085,9.012878787878789,11.757996632996635
2021-02-07,32.99166666666667,19.43779461279461,14.256818181818181,7.337205387205388,9.010858585858585,11.763047138047138
2021-02-08,32.99318869828456,19.434325597040026,14.260090817356206,7.338883282879247,9.010343087790112,11.761772620248909
2021-02-09,32.9901614530777,19.42524386141944,14.26917255297679,7.340901446350489,9.00832492431887,11.76479986545577
2021-02-10,32.9901614530777,19.42524386141944,14.26917255297679,7.340901446350489,9.00832492431887,11.76479986545577
2021-02-11,32.98358585858586,19.420117845117844,14.2739898989899,7.344276094276095,9.007323232323232,11.770622895622896
2021-02-12,32.98358585858586,19.420117845117844,14.2739898989899,7.344276094276095,9.007323232323232,11.770622895622896
2021-02-13,32.97649140546006,19.41548702392989,14.278311425682508,7.346646444219751,9.006319514661275,11.778479946073476
2021-02-14,32.97853535353536,19.413047138047137,14.282070707070707,7.347306397306398,9.00429292929293,11.776683501683502
2021-02-15,32.972727272727276,19.403956228956226,14.289646464646465,7.351346801346802,9.003282828282828,11.781481481481483
2021-02-16,32.96767676767677,19.394865319865318,14.298737373737374,7.354377104377105,9.001262626262626,11.783501683501685
2021-02-17,32.96767676767677,19.394865319865318,14.298737373737374,7.354377104377105,9.001262626262626,11.783501683501685
2021-02-18,32.96212121212121,19.38728956228956,14.308333333333334,7.358417508417509,8.996717171717172,11.78855218855219
2021-02-19,32.96212121212121,19.38728956228956,14.308333333333334,7.358417508417509,8.996717171717172,11.78855218855219
2021-02-20,32.9560606060606,19.37920875420875,14.317424242424243,7.361447811447812,8.99469696969697,11.792592592592595
2021-02-21,32.94893832153691,19.37453656892484,14.321789686552073,7.363835524098416,8.99469160768453,11.798449612403102
2021-02-22,32.94893832153691,19.37453656892484,14.321789686552073,7.363835524098416,8.99469160768453,11.798449612403102
2021-02-23,32.94312436804854,19.365436467812604,14.330889787664308,7.368385574654534,8.99216380182002,11.80299966295922
2021-02-24,32.94312436804854,19.365436467812604,14.330889787664308,7.368385574654534,8.99216380182002,11.80299966295922
2021-02-25,32.94722222222222,19.361026936026935,14.336616161616162,7.368013468013468,8.990151515151515,11.800673400673402
2021-02-26,32.94318181818182,19.352946127946126,14.34621212121212,7.370033670033671,8.987121212121211,11.804713804713806
2021-02-27,32.938131313131315,19.343855218855218,14.35530303030303,7.3730639730639735,8.987121212121211,11.806734006734008
2021-02-28,32.93099089989889,19.3381361644759,14.359706774519717,7.37546343107516,8.987108190091002,11.81361644759016
2021-03-01,32.92282388663968,19.332405533063426,14.365131578947368,7.378879892037787,8.987095141700404,11.819500674763834
2021-03-02,32.91801619433198,19.32380229419703,14.37424089068826,7.382422402159245,8.98507085020243,11.823549257759785
2021-03-03,32.91801619433198,19.32380229419703,14.37424089068826,7.382422402159245,8.98507085020243,11.823549257759785
2021-03-04,32.912955465587046,19.31519905533063,14.384362348178138,7.38444669365722,8.983046558704453,11.828103913630232
2021-03-05,32.912955465587046,19.31519905533063,14.384362348178138,7.38444669365722,8.983046558704453,11.828103913630232
2021-03-06,32.90780141843972,19.309439378588312,14.388804457953395,7.3868625464370155,8.983029381965553,11.832995609591356
2021-03-07,32.906882591093115,19.30608974358974,14.393471659919028,7.388495276653172,8.983046558704453,11.831140350877194
2021-03-08,32.903943377148636,19.303758004718567,14.396107178968656,7.391641388608022,8.983063700707786,11.830805527468826
2021-03-09,32.899797570850204,19.29698043184885,14.401568825910932,7.394062078272605,8.982034412955466,11.83569500674764
2021-03-10,32.89989888776542,19.29364678126053,14.405207280080889,7.3946747556454335,8.981041456016177,11.833838894506236
2021-03-11,32.89574898785425,19.28787112010796,14.410172064777328,7.397098515519569,8.980516194331983,11.838225371120108
2021-03-12,32.890577507598785,19.28107058426207,14.415146909827762,7.399020601148261,8.98049645390071,11.843127321850726
2021-03-13,32.885395537525355,19.276284651791748,14.418610547667344,7.4024678837052065,8.97946247464503,11.848039215686276
2021-03-14,32.883485309017225,19.272965214454572,14.423252279635259,7.40307328605201,8.978470111448836,11.847180006754476
2021-03-15,32.87436676798379,19.265366430260045,14.42983789260385,7.4086457277946645,8.977456940222897,11.851739277271193
2021-03-16,32.8711967545639,19.258536173089922,14.434330628803245,7.411088573360379,8.976419878296147,11.856659905341449
2021-03-17,32.86727456940223,19.255234718000672,14.44098277608916,7.411685241472476,8.975430597771023,11.854778790949005
2021-03-18,32.86336032388664,19.252952091767877,14.446609311740891,7.413292847503374,8.973431174089068,11.853913630229421
2021-03-19,32.86119554204661,19.247635933806144,14.450101317122593,7.416244511989193,8.97289766970618,11.857311719013849
2021-03-20,32.85258358662614,19.24105032083755,14.460233029381966,7.4202971968929425,8.971884498480243,11.861870989530566
2021-03-21,32.85258358662614,19.24105032083755,14.460233029381966,7.4202971968929425,8.971884498480243,11.861870989530566
2021-03-22,32.84767206477733,19.23979419703104,14.46584008097166,7.423414304993253,8.96988866396761,11.860998650472336
2021-03-23,32.84447821681864,19.23395812225599,14.470364741641337,7.4258696386355965,8.968844984802432,11.864910503208376
2021-03-24,32.838815789473685,19.231697031039133,14.477732793522268,7.427715924426451,8.968117408906883,11.863022941970312
2021-03-25,32.83611955420466,19.226359338061464,14.4822695035461,7.429669030732861,8.967071935157042,11.866936845660252
2021-03-26,32.83122469635627,19.22208164642375,14.490890688259109,7.4312584345479085,8.96508097165992,11.867071524966263
2021-03-27,32.82009109311741,19.214996626180834,14.503036437246964,7.436319163292848,8.96508097165992,11.870107962213227
2021-03-28,32.81585612968592,19.21014859844647,14.50658561296859,7.438787571766296,8.965045592705167,11.874029044241812
2021-03-29,32.808957489878544,19.20791160593792,14.513157894736842,7.4421390013495285,8.963562753036438,11.87314439946019
2021-03-30,32.805724417426546,19.201030057413032,14.5177304964539,7.445626477541372,8.963525835866262,11.876055386693686
2021-03-31,32.79984817813765,19.19677800269905,14.526315789473685,7.448211875843455,8.961538461538462,11.875168690958166
2021-04-01,32.79276315789474,19.18868083670715,14.538461538461538,7.451248313090419,8.95748987854251,11.876180836707153
2021-04-02,32.79276315789474,19.18868083670715,14.538461538461538,7.451248313090419,8.95748987854251,11.876180836707153
2021-04-03,32.78748733535968,19.182792975346164,14.54305977710233,7.45373184734887,8.958459979736576,11.881121242823372
2021-04-04,32.780617408906885,19.17957152496626,14.55161943319838,7.45529689608637,8.958502024291498,11.879217273954117
2021-04-05,32.76847165991903,19.17046221322537,14.563765182186234,7.461369770580298,8.956477732793521,11.883265856950068
2021-04-06,32.76418439716312,19.164555893279296,14.56838905775076,7.463863559608241,8.956433637284702,11.887200270178996
2021-04-07,32.75835020242915,19.16034075573549,14.576923076923077,7.466430499325237,8.954453441295547,11.885290148448044
2021-04-08,32.756079027355625,19.15594393785883,14.581560283687944,7.468929415737927,8.95339412360689,11.886693684566026
2021-04-09,32.75278904665314,19.15001690331305,14.586206896551724,7.471433400946586,8.953346855983773,11.890635564570657
2021-04-10,32.75278904665314,19.15001690331305,14.586206896551724,7.471433400946586,8.953346855983773,11.890635564570657
2021-04-11,32.741379310344826,19.140382014874913,14.598630831643002,7.475743745774173,8.953093306288032,11.893678160919542
2021-04-12,32.7317444219067,19.132268424611222,14.609279918864097,7.48081473968898,8.952079107505071,11.896720757268426
2021-04-13,32.72741116751269,19.125296108291028,14.61497461928934,7.483333333333334,8.952030456852793,11.901692047377328
2021-04-14,32.72160243407708,19.121112237998645,14.623478701825558,7.484871534820826,8.95106490872211,11.900777552400271
2021-04-15,32.71501014198783,19.112998647734955,14.635649087221095,7.489942528735633,8.947515212981745,11.901791751183232
2021-04-16,32.71175278622087,19.10984464707869,14.641590678824722,7.4919790611279975,8.946048632218845,11.901384667342116
2021-04-17,32.7053752535497,19.10488505747126,14.64629817444219,7.49450642325896,8.945993914807302,11.90635564570656
2021-04-18,32.7016210739615,19.100726106045254,14.653748733535968,7.496031746031747,8.945035460992909,11.905437352245864
2021-04-19,32.695233265720084,19.09474306964165,14.65948275862069,7.499577417173767,8.945993914807302,11.908384043272482
2021-04-20,32.68306288032454,19.084601081812032,14.67317444219067,7.506676808654497,8.942697768762677,11.911933739012849
2021-04-21,32.67831813576495,19.081982438365415,14.68161094224924,7.50920297196893,8.941236068895643,11.909490037149613
2021-04-22,32.6764705882353,19.077501690331303,14.686866125760648,7.511240703177823,8.940669371196755,11.910919540229886
2021-04-23,32.66767983789261,19.075396825396822,14.695288753799392,7.515788584937522,8.939716312056738,11.90999662276258
2021-04-24,32.65552178318136,19.064251941911515,14.713525835866262,7.519841269841271,8.937689969604863,11.91404930766633
2021-04-25,32.65111561866126,19.058231913455035,14.717292089249494,7.523411088573361,8.938640973630832,11.915990534144694
2021-04-26,32.641337386018236,19.05513340087808,14.725683890577507,7.527946639648768,8.937689969604863,11.916075650118204
2021-04-27,32.6369168356998,19.04910412440838,14.730476673427992,7.5315246788370525,8.936612576064908,11.920047329276539
2021-04-28,32.62613981762918,19.042975346166834,14.743920972644377,7.536052009456266,8.934650455927052,11.919115163796016
2021-04-29,32.62613981762918,19.042975346166834,14.743920972644377,7.536052009456266,8.934650455927052,11.919115163796016
2021-04-30,32.6237322515213,19.038455037187287,14.749239350912779,7.537609871534822,8.934077079107505,11.9210615280595
2021-05-01,32.60953346855984,19.029327248140632,14.766480730223124,7.544709263015552,8.932048681541582,11.923089925625424
2021-05-02,32.60953346855984,19.029327248140632,14.766480730223124,7.544709263015552,8.932048681541582,11.923089925625424
2021-05-03,32.59432048681541,19.02019945909398,14.780679513184584,7.552822853279244,8.93002028397566,11.926132521974308
2021-05-04,32.58984771573604,19.013113367174277,14.786548223350254,7.556429780033842,8.928934010152284,11.930118443316415
2021-05-05,32.580121703853955,19.00802907369844,14.799949290060852,7.560936443542935,8.925963488843813,11.92816091954023
2021-05-06,32.56795131845842,18.99839418526031,14.817190669371197,7.5665145368492235,8.921906693711968,11.930189317106153
2021-05-07,32.553752535496955,18.988252197430693,14.83240365111562,7.572599729546992,8.919878296146045,11.933231913455039
2021-05-08,32.538539553752535,18.97811020960108,14.849137931034482,7.579699121027722,8.918356997971603,11.935260311020961
2021-05-09,32.538539553752535,18.97811020960108,14.849137931034482,7.579699121027722,8.918356997971603,11.935260311020961
2021-05-10,32.525862068965516,18.968982420554426,14.862829614604463,7.587812711291414,8.917849898580121,11.936274509803923
2021-05-11,32.52030456852792,18.96285956006768,14.868781725888326,7.590439932318105,8.91776649746193,11.940270727580373
2021-05-12,32.51166328600406,18.958840432724813,14.88108519269777,7.593897903989182,8.914807302231237,11.938302907369845
2021-05-13,32.5,18.95072684246112,14.896805273833671,7.599983096686951,8.910750507099392,11.939824205544287
2021-05-14,32.49340101522843,18.945600676818948,14.901776649746193,7.603637901861252,8.909644670050762,11.94382402707276
2021-05-15,32.48478701825558,18.941599053414468,14.912018255578094,7.6070824881676815,8.90872210953347,11.942866801893173
2021-05-16,32.47720364741642,18.9386187098953,14.921225937183385,7.6105200945626486,8.906788247213779,11.94292468760554
2021-05-17,32.4703947368421,18.935138326585694,14.929908906882591,7.614709851551957,8.904605263157896,11.941970310391364
2021-05-18,32.46377912867275,18.93000675447484,14.935916919959473,7.618372171563662,8.903495440729483,11.944951030057414
2021-05-19,32.45698380566802,18.926535087719294,14.946103238866396,7.621288798920379,8.90080971659919,11.942982456140353
2021-05-20,32.45698380566802,18.926535087719294,14.946103238866396,7.621288798920379,8.90080971659919,11.942982456140353
2021-05-21,32.443825910931174,18.917425775978405,14.960779352226721,7.627361673414305,8.898279352226721,11.946018893387315
2021-05-22,32.443825910931174,18.917425775978405,14.960779352226721,7.627361673414305,8.898279352226721,11.946018893387315
2021-05-23,32.43528816986856,18.91548702392989,14.968907987866531,7.632794068082238,8.895348837209303,11.946073474890463
2021-05-24,32.43528816986856,18.91548702392989,14.968907987866531,7.632794068082238,8.895348837209303,11.946073474890463
2021-05-25,32.42878787878788,18.912542087542086,14.9760101010101,7.637710437710438,8.892929292929294,11.945622895622897
2021-05-26,32.42028254288597,18.907584931046078,14.986125126135217,7.643121426168854,8.890010090817356,11.943659603094519
2021-05-27,32.415151515151514,18.90319865319865,14.991161616161616,7.645791245791246,8.88989898989899,11.946380471380472
2021-05-28,32.40766902119071,18.89926000672721,14.999243188698285,7.650184998318197,8.887991927346116,11.946434577867475
2021-05-29,32.39455095862765,18.892196434577865,15.01135216952573,7.6582576522031625,8.884964682139254,11.950470904809958
2021-05-30,32.38787878787879,18.887037037037036,15.015404040404041,7.661952861952862,8.885858585858585,11.95345117845118
2021-05-31,32.38092835519677,18.88361923982509,15.021947527749747,7.667843928691558,8.883451059535822,11.9524890682812
2021-06-01,32.374242424242425,18.879461279461278,15.027020202020202,7.671548821548822,8.882323232323232,11.956481481481482
2021-06-02,32.36680121089808,18.874537504204504,15.036074672048436,7.677934746047764,8.87941473259334,11.95349815001682
2021-06-03,32.364141414141415,18.87188552188552,15.041161616161617,7.6796296296296305,8.878282828282828,11.95395622895623
2021-06-04,32.364141414141415,18.87188552188552,15.041161616161617,7.6796296296296305,8.878282828282828,11.95395622895623
2021-06-05,32.35,18.864814814814814,15.053282828282828,7.687710437710439,8.875252525252526,11.955976430976433
2021-06-06,32.34359233097881,18.862933064244867,15.05928355196771,7.692061890346452,8.872351160443996,11.95602085435587
2021-06-07,32.33299697275479,18.853851328624284,15.069878910191726,7.701143625967037,8.871342078708375,11.95652539522368
2021-06-08,32.32727272727273,18.848653198653196,15.075,7.703872053872055,8.871212121212121,11.959511784511786
2021-06-09,32.32189707366297,18.843760511268076,15.081987891019173,7.710225361587622,8.868314833501513,11.95652539522368
2021-06-10,32.317356205852676,18.835687857383114,15.09359233097881,7.714766229397915,8.865287588294652,11.95551631348806
2021-06-11,32.30625630676085,18.82862428523377,15.104692230070636,7.72283888328288,8.863269424823411,11.95652539522368
2021-06-12,32.30090725806452,18.825772849462364,15.109627016129032,7.728158602150538,8.86038306451613,11.95556115591398
2021-06-13,32.30090725806452,18.825772849462364,15.109627016129032,7.728158602150538,8.86038306451613,11.95556115591398
2021-06-14,32.29607250755287,18.823430681436722,15.11404833836858,7.7339711312520985,8.857502517623363,11.954598858677409
2021-06-15,32.292338709677416,18.817204301075268,15.120211693548388,7.736727150537635,8.857358870967742,11.956569220430108
2021-06-16,32.28877139979859,18.81386371265525,15.12638469284995,7.741524001342733,8.855488418932527,11.953591809331991
2021-06-17,32.288558467741936,18.8096438172043,15.131552419354838,7.743279569892474,8.855342741935484,11.952536962365592
2021-06-18,32.280493951612904,18.801579301075268,15.142641129032258,7.748823924731183,8.852822580645162,11.952536962365592
2021-06-19,32.27674066599395,18.796333669693908,15.147830474268416,7.751597712748066,8.851664984863774,11.954507231752439
2021-06-20,32.27242943548387,18.793514784946233,15.152721774193548,7.756888440860216,8.848790322580646,11.953545026881722
2021-06-21,32.263608870967744,18.78519825268817,15.161290322580646,7.764952956989248,8.84828629032258,11.952788978494626
2021-06-22,32.261856710393545,18.779936091490075,15.167507568113017,7.767743020517996,8.84712411705348,11.952741338715104
2021-06-23,32.258568548387096,18.77612567204301,15.173387096774194,7.77301747311828,8.844254032258064,11.949764784946238
2021-06-24,32.25352822580645,18.768061155913976,15.184475806451612,7.778057795698925,8.840221774193548,11.949260752688174
2021-06-25,32.249748237663646,18.764770057066126,15.189828801611279,7.780798925814032,8.838368580060424,11.94729775092313
2021-06-26,32.24647177419355,18.75949260752688,15.195060483870968,7.783602150537635,8.83820564516129,11.948252688172044
2021-06-27,32.24219536757301,18.7577207116482,15.19889224572004,7.787848271231957,8.836354481369588,11.94729775092313
2021-06-28,32.23943661971831,18.754946344735075,15.201710261569417,7.793091884641181,8.835010060362173,11.946344735077131
2021-06-29,32.23665659617321,18.749664316884857,15.207955689828802,7.796911715340719,8.833836858006043,11.946290701577713
2021-06-30,32.234406438631794,18.744885982562035,15.212776659959758,7.801140174379611,8.831991951710261,11.94332662642522
2021-07-01,32.23015075376885,18.74112227805695,15.217587939698493,7.804355108877723,8.830150753768844,11.942378559463988
2021-07-02,32.22562814070352,18.73509212730318,15.226633165829146,7.808375209380235,8.826633165829145,11.941373534338359
2021-07-03,32.221830985915496,18.729795439302478,15.231891348088531,7.81120053655265,8.82645875251509,11.94332662642522
2021-07-04,32.21758793969849,18.728056951423785,15.234673366834171,7.815410385259632,8.82462311557789,11.941373534338359
2021-07-05,32.21758793969849,18.728056951423785,15.234673366834171,7.815410385259632,8.82462311557789,11.941373534338359
2021-07-06,32.211557788944724,18.720519262981572,15.243718592964823,7.822948073701843,8.822613065326633,11.939363484087103
2021-07-07,32.20933734939759,18.71678380187416,15.247489959839358,7.826137884872825,8.82078313253012,11.937416331994646
2021-07-08,32.209045226130655,18.71298157453936,15.251758793969849,7.826968174204356,8.820100502512563,11.936850921273033
2021-07-09,32.209045226130655,18.71298157453936,15.251758793969849,7.826968174204356,8.820100502512563,11.936850921273033
2021-07-10,32.20326633165829,18.70544388609715,15.25929648241206,7.831993299832496,8.818090452261307,11.938107202680069
2021-07-11,32.19844064386318,18.700117370892016,15.26559356136821,7.83484238765929,8.816901408450704,11.939050972501677
2021-07-12,32.19039235412475,18.692069081153587,15.272635814889336,7.842387659289068,8.814889336016096,11.940057008718982
2021-07-13,32.18756294058409,18.68672373279624,15.277945619335348,7.846257133266198,8.813695871097684,11.93999664316885
2021-07-14,32.18536217303823,18.683014755197853,15.28169014084507,7.850435949027499,8.811871227364184,11.937038900067071
2021-07-15,32.18504531722054,18.679170862705604,15.286505538771399,7.8517959046659955,8.81067472306143,11.936471970459888
2021-07-16,32.18184104627767,18.675469483568072,15.291247484909457,7.854460093896714,8.809356136820925,11.935026827632463
2021-07-17,32.17479879275654,18.668427230046944,15.299295774647888,7.860496311200537,8.806338028169014,11.936032863849766
2021-07-18,32.17479879275654,18.668427230046944,15.299295774647888,7.860496311200537,8.806338028169014,11.936032863849766
2021-07-19,32.16675050301811,18.661887994634473,15.306338028169014,7.86653252850436,8.804325955734406,11.937541918175722
2021-07-20,32.16222334004024,18.654342723004692,15.314386317907445,7.873574782025487,8.801810865191147,11.936032863849766
2021-07-21,32.15804020100502,18.651675041876043,15.318090452261307,7.877721943048577,8.8,11.934087102177555
2021-07-22,32.152763819095476,18.64463986599665,15.326633165829145,7.8835008375209386,8.795979899497487,11.932830820770521
2021-07-23,32.14859437751004,18.64198460508701,15.330321285140561,7.887633868808568,8.79417670682731,11.931894243641233
2021-07-24,32.140562248995984,18.63495649263721,15.338353413654618,7.894661981258367,8.791164658634537,11.933902275769746
2021-07-25,32.140562248995984,18.63495649263721,15.338353413654618,7.894661981258367,8.791164658634537,11.933902275769746
2021-07-26,32.135406218655966,18.633818121029755,15.340521564694082,7.8997826813774665,8.788365095285858,11.933968572383819
2021-07-27,32.130391173520565,18.62479103978602,15.348545636910732,7.906803744567035,8.785356068204614,11.932965563356738
2021-07-28,32.12625250501002,18.621659986639944,15.353456913827655,7.911406145624583,8.783567134268537,11.930778223112894
2021-07-29,32.12625250501002,18.621659986639944,15.353456913827655,7.911406145624583,8.783567134268537,11.930778223112894
2021-07-30,32.12124248496994,18.61514696058784,15.3624749498998,7.916416165664663,8.780060120240481,11.930277221108886
2021-07-31,32.11322645290581,18.609134936539743,15.369488977955912,7.923430193720775,8.777054108216433,11.931279225116901
2021-08-01,32.11322645290581,18.609134936539743,15.369488977955912,7.923430193720775,8.777054108216433,11.931279225116901
2021-08-02,32.108608608608606,18.608525191858522,15.372122122122121,7.928511845178512,8.775275275275275,11.930347013680349
2021-08-03,32.0985985985986,18.600517183850513,15.38113113113113,7.93651985318652,8.772272272272271,11.929346012679348
2021-08-04,32.0905,18.599916666666665,15.38775,7.941583333333334,8.7695,11.928416666666667
2021-08-05,32.0855,18.595916666666664,15.39675,7.9470833333333335,8.7645,11.925416666666667
2021-08-06,32.0855,18.595916666666664,15.39675,7.9470833333333335,8.7645,11.925416666666667
2021-08-07,32.0765,18.591916666666663,15.40475,7.952083333333334,8.7615,11.925416666666667
2021-08-08,32.072572572572575,18.589506172839503,15.41016016016016,7.953036369703037,8.762262262262261,11.92334000667334
2021-08-09,32.06306306306306,18.58324991658325,15.416666666666666,7.959042375709043,8.76026026026026,11.92359025692359
2021-08-10,32.06112224448898,18.579826319305276,15.419088176352705,7.961005344021377,8.76002004008016,11.922511690046761
2021-08-11,32.051551551551555,18.580246913580243,15.424174174174174,7.965048381715049,8.758258258258259,11.92108775442109
2021-08-12,32.050601202404806,18.576820307281228,15.428607214428858,7.966015364061457,8.756513026052104,11.921008684034737
2021-08-13,32.041583166332664,18.57581830327321,15.434619238476953,7.971025384101537,8.755511022044088,11.919004676018705
2021-08-14,32.03453453453454,18.57724391057724,15.437187187187186,7.975058391725059,8.753753753753754,11.918084751418085
2021-08-15,32.03256513026052,18.57381429525718,15.44063126252505,7.9760354041416175,8.754509018036073,11.917000668002673
2021-08-16,32.025525525525524,18.57524190857524,15.442692692692694,7.980563897230565,8.752252252252251,11.916082749416084
2021-08-17,32.02354709418837,18.571810287241146,15.445140280561123,7.982548430193721,8.752004008016032,11.915998663994657
2021-08-18,32.01451451451452,18.57424090757424,15.4486986986987,7.98656990323657,8.74924924924925,11.914080747414081
2021-08-19,32.00666666666667,18.576166666666666,15.451083333333333,7.990583333333334,8.747666666666666,11.913166666666667
2021-08-20,32.00667334000667,18.57474140807474,15.454037370704038,7.992575909242577,8.745412078745412,11.91207874541208
2021-08-21,31.99265932599266,18.57674341007674,15.458041374708042,7.998581915248582,8.744411077744411,11.914080747414081
2021-08-22,31.99265932599266,18.57674341007674,15.458041374708042,7.998581915248582,8.744411077744411,11.914080747414081
2021-08-23,31.983666666666664,18.581166666666665,15.459583333333335,8.003583333333333,8.742666666666667,11.913166666666667
2021-08-24,31.972666666666665,18.582166666666666,15.464583333333334,8.009583333333333,8.740666666666666,11.910166666666667
2021-08-25,31.972666666666665,18.582166666666666,15.464583333333334,8.009583333333333,8.740666666666666,11.910166666666667
2021-08-26,31.963666666666665,18.585166666666666,15.470083333333333,8.014083333333334,8.738666666666665,11.908166666666668
2021-08-27,31.95371295371295,18.588578088578085,15.474608724608725,8.016067266067267,8.735930735930735,11.907259407259408
2021-08-28,31.94222444222444,18.591575091575088,15.47860472860473,8.020812520812521,8.733932733932733,11.90800865800866
2021-08-29,31.940166666666663,18.589166666666664,15.481083333333334,8.021833333333333,8.735666666666667,11.905916666666668
2021-08-30,31.924166666666665,18.592166666666664,15.485583333333334,8.028333333333334,8.735666666666667,11.904916666666669
2021-08-31,31.911166666666663,18.593166666666665,15.490583333333333,8.033333333333333,8.733666666666666,11.903916666666667
2021-09-01,31.911166666666663,18.593166666666665,15.490583333333333,8.033333333333333,8.733666666666666,11.903916666666667
2021-09-02,31.900166666666664,18.598666666666663,15.494583333333335,8.037833333333333,8.730666666666666,11.902916666666668
2021-09-03,31.890276390276387,18.605061605061604,15.496087246087246,8.040792540792541,8.728937728937728,11.902014652014653
2021-09-04,31.876290376290374,18.609057609057608,15.498085248085248,8.046786546786548,8.726939726939726,11.904012654012655
2021-09-05,31.876290376290374,18.609057609057608,15.498085248085248,8.046786546786548,8.726939726939726,11.904012654012655
2021-09-06,31.864936793080503,18.616433799068528,15.498087159015304,8.051230871590153,8.724717232202261,11.903110445775118
2021-09-07,31.85296074517631,18.619427811044574,15.502079174983367,8.05671989354624,8.721723220226213,11.903110445775118
2021-09-08,31.8461282818212,18.627783316716513,15.502077102027252,8.058158856763045,8.719009637753405,11.902210036556998
2021-09-09,31.835659687603854,18.63326686606846,15.506065137919576,8.063143901628449,8.715520106347624,11.900714523097376
2021-09-10,31.82586321381142,18.63960823373174,15.507553120849934,8.066069057104913,8.71281540504648,11.899817397078355
2021-09-11,31.81216799468791,18.643592297476758,15.5105411686587,8.071547144754316,8.709827357237716,11.900066401062418
2021-09-12,31.808989697573942,18.641242937853104,15.51404120970422,8.072615486872715,8.709538052509139,11.900963775340646
2021-09-13,31.796527085410432,18.645729478231967,15.516035227650383,8.07809903622466,8.708042539049517,11.899468261881024
2021-09-14,31.785559986706545,18.64872050515121,15.519524759056166,8.084081090063144,8.705051512130275,11.898471252907944
2021-09-15,31.785559986706545,18.64872050515121,15.519524759056166,8.084081090063144,8.705051512130275,11.898471252907944
2021-09-16,31.775589896975738,18.655201063476234,15.521518777002328,8.087072116982387,8.701063476237952,11.896477234961782
2021-09-17,31.765853253652057,18.661520584329345,15.521995351925632,8.089973439575035,8.698373173970783,11.895584329349271
2021-09-18,31.753901062416997,18.665504648074368,15.523987383798142,8.093957503320054,8.695385126162018,11.896580345285527
2021-09-19,31.753901062416997,18.665504648074368,15.523987383798142,8.093957503320054,8.695385126162018,11.896580345285527
2021-09-20,31.74419568822554,18.671807628524043,15.52346600331675,8.097844112769486,8.693200663349916,11.895688225538972
2021-09-21,31.733250414593694,18.67479270315091,15.52844112769486,8.102819237147596,8.690215588723051,11.89369817578773
2021-09-22,31.733250414593694,18.67479270315091,15.52844112769486,8.102819237147596,8.690215588723051,11.89369817578773
2021-09-23,31.723300165837475,18.68026533996683,15.53167495854063,8.105804311774461,8.686733001658375,11.890713101160864
2021-09-24,31.712852404643446,18.68474295190713,15.535157545605307,8.109038142620232,8.683250414593697,11.891708126036486
2021-09-25,31.71157038512616,18.683432934926955,15.537682602921647,8.111138778220452,8.683930942895087,11.888612217795487
2021-09-26,31.71157038512616,18.683432934926955,15.537682602921647,8.111138778220452,8.683930942895087,11.888612217795487
2021-09-27,31.71157038512616,18.683432934926955,15.537682602921647,8.111138778220452,8.683930942895087,11.888612217795487
2021-09-28,31.711282818212027,18.680126287803255,15.541209704220671,8.113243602525756,8.68361581920904,11.886507145230976
2021-09-29,31.711282818212027,18.680126287803255,15.541209704220671,8.113243602525756,8.68361581920904,11.886507145230976
2021-09-30,31.712491683300065,18.679308050565535,15.543745841650034,8.113356620093148,8.682302062541583,11.883399866932802
2021-10-01,31.70081422399468,18.68860086407444,15.544200731139915,8.118228647391161,8.678630774343635,11.88152210036557
2021-10-02,31.68785310734463,18.695579926886005,15.547191758059157,8.122216683283483,8.674642738451313,11.88152210036557
2021-10-03,31.68785310734463,18.695579926886005,15.547191758059157,8.122216683283483,8.674642738451313,11.88152210036557
2021-10-04,31.675888999667663,18.70255898969757,15.548687271518778,8.128697241608508,8.67115320704553,11.878531073446329
2021-10-05,31.662927883017613,18.705550016616815,15.55167829843802,8.137670322366235,8.667165171153206,11.874543037554005
2021-10-06,31.662927883017613,18.705550016616815,15.55167829843802,8.137670322366235,8.667165171153206,11.874543037554005
2021-10-07,31.662927883017613,18.705550016616815,15.55167829843802,8.137670322366235,8.667165171153206,11.874543037554005
2021-10-08,31.66192614770459,18.7044244843646,15.55439121756487,8.138306719893547,8.666333998669327,11.87358616101131
2021-10-09,31.650299102691925,18.71269524759056,15.554835493519441,8.14365237620472,8.662678630774343,11.871718178796943
2021-10-10,31.650299102691925,18.71269524759056,15.554835493519441,8.14365237620472,8.662678630774343,11.871718178796943
2021-10-11,31.637836490528414,18.720172814888667,15.558823529411764,8.151129943502825,8.65769358590894,11.86773014290462
2021-10-12,31.625872382851444,18.72416085078099,15.562811565304088,8.159106015287472,8.653705550016616,11.863742107012298
2021-10-13,31.625872382851444,18.72416085078099,15.562811565304088,8.159106015287472,8.653705550016616,11.863742107012298
2021-10-14,31.614406779661017,18.730641409106013,15.566799601196411,8.166085078099037,8.648720505151212,11.858757062146893
2021-10-15,31.600448654037887,18.73861748089066,15.569790628115653,8.173064140910602,8.644732469258889,11.857760053173813
2021-10-16,31.587898406374503,18.747841965471448,15.570219123505977,8.177871845949536,8.640106241699867,11.856905710491368
2021-10-17,31.587898406374503,18.747841965471448,15.570219123505977,8.177871845949536,8.640106241699867,11.856905710491368
2021-10-18,31.57487562189055,18.757048092868988,15.570646766169155,8.184660033167496,8.636484245439469,11.856550580431177
2021-10-19,31.561940298507462,18.762023217247098,15.574626865671641,8.193615257048094,8.63250414593698,11.851575456053068
2021-10-20,31.551441351888666,18.771206096752817,15.574055666003977,8.19938701126574,8.628893306825711,11.849237905897946
2021-10-21,31.551441351888666,18.771206096752817,15.574055666003977,8.19938701126574,8.628893306825711,11.849237905897946
2021-10-22,31.552985074626864,18.770978441127692,15.576616915422886,8.199585406301825,8.628026533996684,11.846102819237148
2021-10-23,31.53955223880597,18.7759535655058,15.580099502487561,8.20704809286899,8.623548922056385,11.84709784411277
2021-10-24,31.53909362549801,18.773738379814077,15.582669322709163,8.20874833997344,8.62367197875166,11.84495351925631
2021-10-25,31.526145418326692,18.78071049136786,15.585657370517929,8.21671646746348,8.61968791500664,11.842961487383798
2021-10-26,31.51319721115538,18.783698539176626,15.589641434262948,8.22667662682603,8.61570385126162,11.839973439575035
2021-10-27,31.51319721115538,18.783698539176626,15.589641434262948,8.22667662682603,8.61570385126162,11.839973439575035
2021-10-28,31.505229083665338,18.790670650730412,15.592629482071713,8.231656706507305,8.609229747675963,11.835989375830014
2021-10-29,31.493781094527364,18.798839137645107,15.593034825870646,8.237396351575457,8.60563847429519,11.835157545605307
2021-10-30,31.480845771144278,18.803814262023216,15.596517412935324,8.243864013266998,8.600663349917081,11.836152570480929
2021-10-31,31.480845771144278,18.803814262023216,15.596517412935324,8.243864013266998,8.600663349917081,11.836152570480929
2021-11-01,31.480845771144278,18.803814262023216,15.596517412935324,8.243864013266998,8.600663349917081,11.836152570480929
2021-11-02,31.467412935323384,18.808789386401326,15.598507462686568,8.252072968490879,8.596683250414593,11.835406301824213
2021-11-03,31.467412935323384,18.808789386401326,15.598507462686568,8.252072968490879,8.596683250414593,11.835406301824213
2021-11-04,31.458457711442787,18.81625207296849,15.602487562189054,8.257048092868988,8.590713101160862,11.831426202321726
2021-11-05,31.44806163021869,18.82339297548045,15.602882703777336,8.263750828363156,8.586149768058316,11.829605699138503
2021-11-06,31.43638170974155,18.82836315440689,15.6058648111332,8.270212060967529,8.58167660702452,11.828860172299537
2021-11-07,31.43638170974155,18.82836315440689,15.6058648111332,8.270212060967529,8.58167660702452,11.828860172299537
2021-11-08,31.425944333996025,18.833830351225977,15.607852882703778,8.276673293571903,8.57819748177601,11.825381047051028
2021-11-09,31.41500994035785,18.836812458581843,15.610834990059642,8.28462557985421,8.574221338634857,11.822398939695162
2021-11-10,31.41500994035785,18.836812458581843,15.610834990059642,8.28462557985421,8.574221338634857,11.822398939695162
2021-11-11,31.415422885572138,18.835655058043116,15.613432835820895,8.285903814262024,8.571807628524045,11.821227197346602
2021-11-12,31.40407554671968,18.844764744864147,15.613817097415508,8.290589794565939,8.568257123923127,11.820410868124586
2021-11-13,31.392644135188867,18.849237905897944,15.616302186878727,8.2980450629556,8.564777998674618,11.819913850231941
2021-11-14,31.392644135188867,18.849237905897944,15.616302186878727,8.2980450629556,8.564777998674618,11.819913850231941
2021-11-15,31.379721669980118,18.854208084824386,15.619284294234593,8.305003313452618,8.561298873426109,11.819416832339298
2021-11-16,31.369781312127238,18.855202120609675,15.623260437375745,8.310967528164348,8.557322730284957,11.817428760768722
2021-11-17,31.369781312127238,18.855202120609675,15.623260437375745,8.310967528164348,8.557322730284957,11.817428760768722
2021-11-18,31.36282306163022,18.86315440689198,15.625248508946322,8.316931742876077,8.55185553346587,11.812955599734924
2021-11-19,31.360199004975126,18.860033167495853,15.628855721393036,8.319237147595357,8.551409618573796,11.814759535655059
2021-11-20,31.34990059642147,18.866136514247845,15.62972166998012,8.323392975480452,8.548376408217361,11.814446653412856
2021-11-21,31.34990059642147,18.866136514247845,15.62972166998012,8.323392975480452,8.548376408217361,11.814446653412856
2021-11-22,31.340615690168818,18.873220787818603,15.628103277060577,8.329030122476002,8.545349222111883,11.813637868255546
2021-11-23,31.32969215491559,18.874213836477985,15.633068520357497,8.334988414432308,8.540383978814962,11.81264481959616
2021-11-24,31.32969215491559,18.874213836477985,15.633068520357497,8.334988414432308,8.540383978814962,11.81264481959616
2021-11-25,31.32075471698113,18.878186031115522,15.63803376365442,8.339953657729229,8.53541873551804,11.809169149288316
2021-11-26,31.308531746031747,18.88723544973545,15.639384920634921,8.34457671957672,8.531911375661375,11.808366402116402
2021-11-27,31.29513888888889,18.891203703703702,15.642857142857142,8.350529100529101,8.527943121693122,11.810846560846562
2021-11-28,31.29245283018868,18.888116517709367,15.645481628599802,8.352863290301226,8.527474346242965,11.810658722277392
2021-11-29,31.279543197616682,18.890102615028134,15.648460774577954,8.3608076795763,8.52399867593512,11.810658722277392
2021-11-30,31.26663356504469,18.89109566368752,15.652432969215491,8.36775902019199,8.520026481297583,11.810658722277392
2021-12-01,31.26663356504469,18.89109566368752,15.652432969215491,8.36775902019199,8.520026481297583,11.810658722277392
2021-12-02,31.258689175769614,18.895564382654747,15.657398212512414,8.37222773915922,8.514068189341277,11.809169149288316
2021-12-03,31.258689175769614,18.895564382654747,15.657398212512414,8.37222773915922,8.514068189341277,11.809169149288316
2021-12-04,31.243296921549156,18.899040052962594,15.660873882820258,8.378682555445218,8.510592519033432,11.81264481959616
2021-12-05,31.24055666003976,18.895957587806492,15.66351888667992,8.380053015241883,8.510106030483763,11.815440689198144
2021-12-06,31.22962226640159,18.899933730947645,15.664512922465208,8.387508283631545,8.507620941020543,11.814943671305501
2021-12-07,31.216699801192842,18.900927766732934,15.66948310139165,8.393472498343275,8.50364479787939,11.814943671305501
2021-12-08,31.216699801192842,18.900927766732934,15.66948310139165,8.393472498343275,8.50364479787939,11.814943671305501
2021-12-09,31.208540218470706,18.907977490897053,15.669811320754716,8.397053955643827,8.500165508109896,11.814134392585236
2021-12-10,31.19761668321748,18.914928831512743,15.674776564051639,8.40201919894075,8.4937106918239,11.813141343925853
2021-12-11,31.18421052631579,18.919894074809665,15.67775571002979,8.40698444223767,8.489738497186362,11.815127441244622
2021-12-12,31.179920477137177,18.9163353214049,15.68141153081511,8.408383035122599,8.488734261100065,11.817428760768722
2021-12-13,31.16699801192843,18.919317428760767,15.682902584493041,8.416335321404905,8.486249171636844,11.817925778661365
2021-12-14,31.15506958250497,18.922299536116633,15.685884691848907,8.422299536116634,8.481278992710404,11.817925778661365
2021-12-15,31.15506958250497,18.922299536116633,15.685884691848907,8.422299536116634,8.481278992710404,11.817925778661365
2021-12-16,31.15506958250497,18.922299536116633,15.685884691848907,8.422299536116634,8.481278992710404,11.817925778661365
2021-12-17,31.152985074626866,18.919485903814262,15.689054726368159,8.424461028192372,8.479519071310115,11.819237147595357
2021-12-18,31.144383697813122,18.927518223989395,15.688369781312128,8.427518223989397,8.47606030483764,11.81842279655401
2021-12-19,31.144383697813122,18.927518223989395,15.688369781312128,8.427518223989397,8.47606030483764,11.81842279655401
2021-12-20,31.13480635551142,18.93603111552466,15.687189672293943,8.432058920887124,8.473104932141675,11.818106587222774
2021-12-21,31.123882820258192,18.939010261502812,15.692154915590864,8.437024164184045,8.469132737504138,11.815127441244622
2021-12-22,31.116815476190474,18.946015211640212,15.691468253968255,8.441550925925927,8.465691137566138,11.813822751322752
2021-12-23,31.116815476190474,18.946015211640212,15.691468253968255,8.441550925925927,8.465691137566138,11.813822751322752
2021-12-24,31.116434955312812,18.943975504799734,15.696127110228401,8.443478980470044,8.463174445547832,11.81264481959616
2021-12-25,31.112574552683895,18.9399436713055,15.699801192842942,8.445907886017231,8.46264082173625,11.815440689198144
2021-12-26,31.101640159045726,18.945907886017228,15.701789264413518,8.451872100728961,8.458664678595095,11.814446653412856
2021-12-27,31.092601787487588,18.953905991393576,15.702085402184707,8.45440251572327,8.455230056272757,11.813637868255546
2021-12-28,31.089711729622266,18.95087806494367,15.705765407554672,8.456842279655401,8.453694499668654,11.814446653412856
2021-12-29,31.089711729622266,18.95087806494367,15.705765407554672,8.456842279655401,8.453694499668654,11.814446653412856
2021-12-30,31.089711729622266,18.95087806494367,15.705765407554672,8.456842279655401,8.453694499668654,11.814446653412856
2021-12-31,31.089303482587066,18.948839137645106,15.709950248756218,8.458789386401328,8.45066334991708,11.813266998341625
2022-01-01,31.0773631840796,18.954809286898836,15.712935323383084,8.463764510779436,8.445688225538971,11.81525704809287
2022-01-02,31.0773631840796,18.954809286898836,15.712935323383084,8.463764510779436,8.445688225538971,11.81525704809287
2022-01-03,31.06542288557214,18.959286898839135,15.715422885572139,8.468739635157545,8.442703150912106,11.81575456053068
2022-01-04,31.05547263681592,18.963266998341624,15.719402985074627,8.474709784411278,8.436733001658375,11.81575456053068
2022-01-05,31.05547263681592,18.963266998341624,15.719402985074627,8.474709784411278,8.436733001658375,11.81575456053068
2022-01-06,31.047465208747514,18.97026176275679,15.719681908548708,8.477220013253811,8.433316766070245,11.814943671305501
2022-01-07,31.047512437810944,18.968739635157544,15.724378109452736,8.478689883913765,8.430265339966832,11.813266998341625
2022-01-08,31.03457711442786,18.974709784411274,15.727363184079602,8.484660033167497,8.426285240464344,11.81525704809287
2022-01-09,31.03457711442786,18.974709784411274,15.727363184079602,8.484660033167497,8.426285240464344,11.81525704809287
2022-01-10,31.02659045725646,18.98219019218025,15.726640159045726,8.488154406891981,8.422879390324718,11.815440689198144
2022-01-11,31.017644135188867,18.984178263750827,15.73061630218688,8.493124585818423,8.418903247183565,11.814446653412856
2022-01-12,31.017644135188867,18.984178263750827,15.73061630218688,8.493124585818423,8.418903247183565,11.814446653412856
2022-01-13,31.017644135188867,18.984178263750827,15.73061630218688,8.493124585818423,8.418903247183565,11.814446653412856
2022-01-14,31.008697813121273,18.990142478462555,15.735089463220676,8.49759774685222,8.414430086149768,11.810470510271704
2022-01-15,30.997017892644134,18.99411862160371,15.739811133200796,8.501325381047051,8.410950960901259,11.811464546056992
2022-01-16,30.997017892644134,18.99411862160371,15.739811133200796,8.501325381047051,8.410950960901259,11.811464546056992
2022-01-17,30.98658051689861,18.998094764744863,15.743290258449305,8.508283631544069,8.407968853545393,11.810470510271704
2022-01-18,30.977634194831015,19.00107687210073,15.747266401590457,8.51325381047051,8.402998674618953,11.809476474486415
2022-01-19,30.977634194831015,19.00107687210073,15.747266401590457,8.51325381047051,8.402998674618953,11.809476474486415
2022-01-20,30.970705064548163,19.007034094670637,15.747517378351539,8.514730221780868,8.399619331347235,11.809665673618008
2022-01-21,30.97117296222664,19.00505301524188,15.751739562624255,8.516235917826375,8.397531477799866,11.806991385023196
2022-01-22,30.960735586481114,19.009029158383033,15.756212723658052,8.520709078860174,8.394549370444002,11.806991385023196
2022-01-23,30.958706467661692,19.005058043117742,15.76094527363184,8.524212271973466,8.393946932006633,11.80480928689884
2022-01-24,30.95178926441352,19.0120112657389,15.760188866799204,8.527170311464547,8.391567263088136,11.80400927766733
2022-01-25,30.941848906560637,19.013999337309475,15.765159045725646,8.5311464546057,8.388585155732272,11.802021206096754
2022-01-26,30.933962264150942,19.022426348891095,15.76390268123138,8.535087719298247,8.385716650115855,11.800231711353858
2022-01-27,30.934393638170974,19.019963552021206,15.76814115308151,8.53711066931743,8.384609012591119,11.797051027170312
2022-01-28,30.926514399205562,19.024908970539556,15.770357497517379,8.538563389606091,8.383234028467394,11.795266468056935
2022-01-29,30.917576961271102,19.02788811651771,15.7753227408143,8.542039059913936,8.381247931148625,11.79377689506786
2022-01-30,30.917576961271102,19.02788811651771,15.7753227408143,8.542039059913936,8.381247931148625,11.79377689506786
2022-01-31,30.911706349206348,19.032820767195766,15.774553571428571,8.54596560846561,8.379381613756614,11.791997354497354
2022-02-01,30.90575396825397,19.032820767195766,15.77951388888889,8.548941798941799,8.376405423280422,11.789021164021165
2022-02-02,30.90575396825397,19.032820767195766,15.77951388888889,8.548941798941799,8.376405423280422,11.789021164021165
2022-02-03,30.901883052527253,19.035761480013214,15.779732408325074,8.550379914106376,8.373059134456557,11.789230260984473
2022-02-04,30.902281746031747,19.033316798941797,15.784474206349206,8.55191798941799,8.371445105820106,11.786044973544975
2022-02-05,30.895833333333332,19.033316798941797,15.789930555555555,8.555886243386244,8.369460978835978,11.784060846560847
2022-02-06,30.89374379344588,19.029377689506784,15.794687189672294,8.557431314134393,8.369827871565706,11.78285335981463
2022-02-07,30.88888888888889,19.033316798941797,15.79389880952381,8.560846560846562,8.368468915343914,11.78207671957672
2022-02-08,30.883928571428573,19.03133267195767,15.798859126984127,8.564814814814815,8.365492724867725,11.778108465608467
2022-02-09,30.883928571428573,19.03133267195767,15.798859126984127,8.564814814814815,8.365492724867725,11.778108465608467
2022-02-10,30.88480635551142,19.0283846408474,15.803624627606753,8.566368752068852,8.3638695796094,11.774908970539556
2022-02-11,30.878968253968253,19.03430886243386,15.803819444444445,8.566798941798943,8.36152447089947,11.774140211640212
2022-02-12,30.87202380952381,19.033316798941797,15.808779761904763,8.571263227513228,8.359540343915343,11.773148148148149
2022-02-13,30.869414101290964,19.0283846408474,15.813555114200597,8.57282356835485,8.360890433631248,11.772426348891097
2022-02-14,30.862959285004965,19.028881165177093,15.816037735849056,8.579278384640848,8.357911287653094,11.769943727242635
2022-02-15,30.857994041708043,19.028881165177093,15.821002979145979,8.582257530619001,8.354932141674942,11.764978483945715
2022-02-16,30.857994041708043,19.028881165177093,15.821002979145979,8.582257530619001,8.354932141674942,11.764978483945715
2022-02-17,30.853174603174605,19.03381283068783,15.820188492063492,8.582671957671959,8.351603835978835,11.765211640211641
2022-02-18,30.854021847070506,19.031860311155246,15.8259682224429,8.58424362793777,8.348973849718636,11.761502813637868
2022-02-19,30.846573982125125,19.031860311155246,15.831429990069513,8.588712346904998,8.346491228070175,11.7595167163191
2022-02-20,30.846573982125125,19.031860311155246,15.831429990069513,8.588712346904998,8.346491228070175,11.7595167163191
2022-02-21,30.842757936507937,19.035796957671955,15.830109126984127,8.592592592592593,8.344163359788359,11.758763227513228
2022-02-22,30.83779761904762,19.035796957671955,15.836061507936508,8.59457671957672,8.340195105820106,11.755787037037038
2022-02-23,30.83779761904762,19.035796957671955,15.836061507936508,8.59457671957672,8.340195105820106,11.755787037037038
2022-02-24,30.833994053518335,19.041707961678227,15.835232903865213,8.596465147010242,8.337875784605218,11.754046911133136
2022-02-25,30.833994053518335,19.041707961678227,15.835232903865213,8.596465147010242,8.337875784605218,11.754046911133136
2022-02-26,30.827552031714568,19.04616782292699,15.840931615460851,8.598942847703999,8.334159233564584,11.750082590023126
2022-02-27,30.820614469772053,19.04715890320449,15.844895936570863,8.603898249091511,8.33217707300958,11.74810042946812
2022-02-28,30.820614469772053,19.04715890320449,15.844895936570863,8.603898249091511,8.33217707300958,11.74810042946812
2022-03-01,30.81532870829204,19.048149983481995,15.849025437727121,8.60786257020152,8.328377931945822,11.744962008589361
2022-03-02,30.80858085808581,19.05503300330033,15.85016501650165,8.608250825082509,8.326072607260727,11.744224422442244
2022-03-03,30.805115511551158,19.058003300330032,15.855115511551155,8.610726072607262,8.31914191419142,11.74026402640264
2022-03-04,30.805115511551158,19.058003300330032,15.855115511551155,8.610726072607262,8.31914191419142,11.74026402640264
2022-03-05,30.796699669966998,19.061468646864686,15.86006600660066,8.614191419141914,8.315181518151816,11.738778877887789
2022-03-06,30.793524942186984,19.05954740667327,15.863891641889659,8.61579121242154,8.313511727783284,11.737528906508093
2022-03-07,30.78410967955071,19.06252064750578,15.867360422860918,8.621737694086555,8.309547406673275,11.735051205814337
2022-03-08,30.777172117608195,19.064502808060784,15.874297984803436,8.624710934919062,8.306574165840766,11.729104724149321
2022-03-09,30.777172117608195,19.064502808060784,15.874297984803436,8.624710934919062,8.306574165840766,11.729104724149321
2022-03-10,30.777172117608195,19.064502808060784,15.874297984803436,8.624710934919062,8.306574165840766,11.729104724149321
2022-03-11,30.77172117608193,19.06995374958705,15.88024446646845,8.627188635612818,8.299141063759498,11.725635943178064
2022-03-12,30.76280145358441,19.073422530558307,15.886686488272217,8.630161876445326,8.29567228278824,11.723653782623058
2022-03-13,30.760582010582013,19.07051917989418,15.890542328042327,8.632523148148149,8.294973544973546,11.722139550264549
2022-03-14,30.75536835150314,19.076395771390814,15.890155269243476,8.634373967624711,8.29170796167823,11.720928311859927
2022-03-15,30.748430789560622,19.07837793194582,15.897092831185992,8.63833828873472,8.286752560290717,11.716963990749917
2022-03-16,30.748430789560622,19.07837793194582,15.897092831185992,8.63833828873472,8.286752560290717,11.716963990749917
2022-03-17,30.743729372937295,19.08424092409241,15.898184818481848,8.638696369636964,8.282508250825083,11.71625412541254
2022-03-18,30.74397092831186,19.080855632639576,15.902543772712256,8.64131152956723,8.279319458209448,11.713990749917409
2022-03-19,30.73505120581434,19.084819953749587,15.908985794516022,8.644284770399736,8.275355137099439,11.711513049223653
2022-03-20,30.73505120581434,19.084819953749587,15.908985794516022,8.644284770399736,8.275355137099439,11.711513049223653
2022-03-21,30.728609184010573,19.08630657416584,15.913445655764782,8.650231252064751,8.269904195573176,11.71052196894615
2022-03-22,30.721671622068055,19.08630657416584,15.9203832177073,8.655186653452263,8.264948794185663,11.707548728113643
2022-03-23,30.721671622068055,19.08630657416584,15.9203832177073,8.655186653452263,8.264948794185663,11.707548728113643
2022-03-24,30.716006600660066,19.092161716171617,15.921452145214522,8.657013201320133,8.261716171617163,11.70585808580858
2022-03-25,30.716006600660066,19.092161716171617,15.921452145214522,8.657013201320133,8.261716171617163,11.70585808580858
2022-03-26,30.709323432343236,19.095874587458745,15.927392739273927,8.65973597359736,8.256518151815182,11.703877887788778
2022-03-27,30.707053187974893,19.09299636603898,15.931780640898578,8.661876445325404,8.254790221341263,11.703088866864881
2022-03-28,30.707053187974893,19.09299636603898,15.931780640898578,8.661876445325404,8.254790221341263,11.703088866864881
2022-03-29,30.699124545754874,19.095474066732738,15.937974892632969,8.666336306574166,8.250082590023126,11.700858936240502
2022-03-30,30.699124545754874,19.095474066732738,15.937974892632969,8.666336306574166,8.250082590023126,11.700858936240502
2022-03-31,30.699124545754874,19.095474066732738,15.937974892632969,8.666336306574166,8.250082590023126,11.700858936240502
2022-04-01,30.699322089947092,19.09259259259259,15.942873677248677,8.66798941798942,8.24785052910053,11.699074074074073
2022-04-02,30.691385582010582,19.09507275132275,15.948826058201057,8.671461640211641,8.24239417989418,11.69808201058201
2022-04-03,30.691385582010582,19.09507275132275,15.948826058201057,8.671461640211641,8.24239417989418,11.69808201058201
2022-04-04,30.683449074074076,19.09804894179894,15.953290343915343,8.67691798941799,8.23693783068783,11.696593915343914
2022-04-05,30.67352843915344,19.102017195767196,15.961226851851851,8.67989417989418,8.230985449735451,11.693617724867725
2022-04-06,30.67352843915344,19.102017195767196,15.961226851851851,8.67989417989418,8.230985449735451,11.693617724867725
2022-04-07,30.668568121693124,19.10350529100529,15.96965939153439,8.682374338624339,8.223544973544975,11.690145502645501
2022-04-08,30.66195903534853,19.111331351172776,15.972662702345556,8.681698050875454,8.21935910142055,11.689461513049222
2022-04-09,30.653039312851007,19.114304592005286,15.979104724149321,8.683927981499835,8.213908159894286,11.6897092831186
2022-04-10,30.653039312851007,19.114304592005286,15.979104724149321,8.683927981499835,8.213908159894286,11.6897092831186
2022-04-11,30.648083911463495,19.11628675256029,15.983564585398083,8.686901222332343,8.209448298645524,11.688718202841097
2022-04-12,30.639164188965974,19.1192599933928,15.990502147340601,8.68987446316485,8.204492897258012,11.684753881731087
2022-04-13,30.63259075907591,19.128052805280525,15.991501650165016,8.690181518151816,8.202310231023104,11.682095709570957
2022-04-14,30.628008572370593,19.132871744147707,15.993488295417079,8.689498846027037,8.198153643257502,11.681421035278602
2022-04-15,30.627145214521452,19.13003300330033,15.998927392739274,8.692656765676569,8.195874587458746,11.678135313531353
2022-04-16,30.616749174917494,19.132508250825083,16.00684818481848,8.696617161716173,8.190429042904292,11.678135313531353
2022-04-17,30.616749174917494,19.132508250825083,16.00684818481848,8.696617161716173,8.190429042904292,11.678135313531353
2022-04-18,30.611413941195906,19.130657416584075,16.011810373306904,8.700280806078625,8.188635612817972,11.676825239511066
2022-04-19,30.60199867855963,19.131896266930955,16.020234555665674,8.703749587049884,8.183927981499835,11.674843078956062
2022-04-20,30.60199867855963,19.131896266930955,16.020234555665674,8.703749587049884,8.183927981499835,11.674843078956062
2022-04-21,30.60011574074074,19.129050925925924,16.02620701058201,8.70692791005291,8.180638227513228,11.673032407407407
2022-04-22,30.60011574074074,19.129050925925924,16.02620701058201,8.70692791005291,8.180638227513228,11.673032407407407
2022-04-23,30.588707010582013,19.131531084656082,16.03463955026455,8.710896164021165,8.176173941798943,11.672040343915343
2022-04-24,30.588707010582013,19.131531084656082,16.03463955026455,8.710896164021165,8.176173941798943,11.672040343915343
2022-04-25,30.58465477370334,19.136356128179713,16.036587380244466,8.711182689131153,8.172530558308557,11.671869838123554
2022-04-26,30.57325735051206,19.139329369012223,16.044516022464485,8.714651470102412,8.166584076643542,11.668896597291047
2022-04-27,30.57325735051206,19.139329369012223,16.044516022464485,8.714651470102412,8.166584076643542,11.668896597291047
2022-04-28,30.568729372937295,19.14414191419142,16.04645214521452,8.71493399339934,8.161468646864687,11.668234323432342
2022-04-29,30.559818481848186,19.146617161716172,16.05684818481848,8.718894389438944,8.15404290429043,11.665264026402639
2022-04-30,30.548927392739277,19.147607260726073,16.06575907590759,8.721864686468647,8.149092409240925,11.664273927392738
2022-05-01,30.540016501650165,19.148597359735973,16.072689768976897,8.726815181518152,8.144141914191419,11.662293729372937
2022-05-02,30.531105610561056,19.149587458745874,16.081600660066005,8.731270627062706,8.138696369636964,11.660808580858085
2022-05-03,30.521204620462047,19.150577557755774,16.091501650165014,8.73523102310231,8.132755775577559,11.65684818481848
2022-05-04,30.521204620462047,19.150577557755774,16.091501650165014,8.73523102310231,8.132755775577559,11.65684818481848
2022-05-05,30.521204620462047,19.150577557755774,16.091501650165014,8.73523102310231,8.132755775577559,11.65684818481848
2022-05-06,30.519739015526927,19.148249091509744,16.096052196894615,8.738437396762471,8.128923026098448,11.655517013544763
2022-05-07,30.509828212751902,19.15023125206475,16.104476379253384,8.742401717872482,8.123967624710936,11.65403039312851
2022-05-08,30.509828212751902,19.15023125206475,16.104476379253384,8.742401717872482,8.123967624710936,11.65403039312851
2022-05-09,30.50140403039313,19.151717872481004,16.113396101750908,8.746366038982492,8.118516683184671,11.651552692434754
2022-05-10,30.491493227618104,19.152708952758505,16.123306904525933,8.750330360092502,8.112570201519656,11.648579451602245
2022-05-11,30.491493227618104,19.152708952758505,16.123306904525933,8.750330360092502,8.112570201519656,11.648579451602245
2022-05-12,30.487046204620462,19.15552805280528,16.127145214521452,8.749587458745875,8.108498349834983,11.647937293729372
2022-05-13,30.483069045259334,19.15295672282788,16.133217707300957,8.75206475057813,8.106375949785265,11.647588371324744
2022-05-14,30.479125412541254,19.155775577557755,16.13605610561056,8.752805280528053,8.102805280528052,11.645957095709571
2022-05-15,30.47414932276181,19.15295672282788,16.14213742979848,8.754046911133136,8.101420548397753,11.647092831185992
2022-05-16,30.470680541790554,19.153947803105385,16.152543772712256,8.757020151965643,8.092996366038982,11.642632969937232
2022-05-17,30.46176081929303,19.154938883382886,16.164436736042287,8.759002312520648,8.087049884373968,11.63767756854972
2022-05-18,30.46176081929303,19.154938883382886,16.164436736042287,8.759002312520648,8.087049884373968,11.63767756854972
2022-05-19,30.46176081929303,19.154938883382886,16.164436736042287,8.759002312520648,8.087049884373968,11.63767756854972
2022-05-20,30.457343234323435,19.157755775577556,16.172194719471946,8.757260726072609,8.083003300330033,11.63605610561056
2022-05-21,30.446452145214522,19.15924092409241,16.182095709570955,8.761221122112211,8.078052805280528,11.63407590759076
2022-05-22,30.446452145214522,19.15924092409241,16.182095709570955,8.761221122112211,8.078052805280528,11.63407590759076
2022-05-23,30.444526871084737,19.162050774810417,16.18587207385427,8.76096274315859,8.073030003297065,11.632954170787999
2022-05-24,30.44211133069829,19.163866930171277,16.192605401844535,8.759222661396574,8.069005270092227,11.630352437417654
2022-05-25,30.44211133069829,19.163866930171277,16.192605401844535,8.759222661396574,8.069005270092227,11.630352437417654
2022-05-26,30.44211133069829,19.163866930171277,16.192605401844535,8.759222661396574,8.069005270092227,11.630352437417654
2022-05-27,30.439146903820816,19.166831357048746,16.20298089591568,8.761198945981555,8.062088274044795,11.624423583662713
2022-05-28,30.429265480895918,19.16781949934124,16.212862318840582,8.763669301712781,8.05764163372859,11.621459156785242
2022-05-29,30.423260797889878,19.166996373227825,16.219502143092647,8.766402901417738,8.056214968677876,11.619106495219254
2022-05-30,30.41987812911726,19.16979578392622,16.223731884057973,8.766139657444006,8.051712779973649,11.617506587615283
2022-05-31,30.411478919631094,19.16831357048748,16.235589591567855,8.76861001317523,8.0467720685112,11.613554018445322
2022-06-01,30.411478919631094,19.16831357048748,16.235589591567855,8.76861001317523,8.0467720685112,11.613554018445322
2022-06-02,30.406538208168644,19.16831357048748,16.247447299077734,8.76959815546772,8.039855072463768,11.609601449275361
2022-06-03,30.406538208168644,19.16831357048748,16.247447299077734,8.76959815546772,8.039855072463768,11.609601449275361
2022-06-04,30.397150856389988,19.169301712779973,16.25881093544137,8.772068511198947,8.034914361001317,11.606142951251647
2022-06-05,30.397150856389988,19.169301712779973,16.25881093544137,8.772068511198947,8.034914361001317,11.606142951251647
2022-06-06,30.391608968018463,19.167490933069566,16.265001648532806,8.774810418727334,8.033959775799538,11.60476425980877
2022-06-07,30.38171777118365,19.166007253544343,16.277118364655458,8.777530497856908,8.027777777777777,11.603033300362677
2022-06-08,30.38171777118365,19.166007253544343,16.277118364655458,8.777530497856908,8.027777777777777,11.603033300362677
2022-06-09,30.38171777118365,19.166007253544343,16.277118364655458,8.777530497856908,8.027777777777777,11.603033300362677
2022-06-10,30.378630363036304,19.164191419141915,16.284818481848188,8.778795379537954,8.02483498349835,11.60115511551155
2022-06-11,30.367244224422443,19.164686468646863,16.2976897689769,8.781765676567657,8.019884488448845,11.599174917491748
2022-06-12,30.367244224422443,19.164686468646863,16.2976897689769,8.781765676567657,8.019884488448845,11.599174917491748
2022-06-13,30.36440817672272,19.165512693702603,16.302340916584242,8.782476096274316,8.015413781734257,11.598087701945268
2022-06-14,30.355506099571382,19.16452357401912,16.316188592152987,8.78445433564128,8.008489943949884,11.595120342894823
2022-06-15,30.355506099571382,19.16452357401912,16.316188592152987,8.78445433564128,8.008489943949884,11.595120342894823
2022-06-16,30.353382838283828,19.162706270627062,16.323927392739275,8.785726072607261,8.00552805280528,11.592244224422442
2022-06-17,30.349076821628753,19.165512693702603,16.332509066930434,8.782970656116058,8.002555225848994,11.590669304319155
2022-06-18,30.340174744477416,19.16452357401912,16.344378503132212,8.784948895483021,7.9976096274315855,11.58770194526871
2022-06-19,30.331272667326083,19.161556214968677,16.356247939333993,8.786927134849984,7.9921694691724365,11.586218265743488
2022-06-20,30.323854269699968,19.15759973623475,16.368611935377515,8.790389053742171,7.987223870755027,11.583745466534783
2022-06-21,30.315446752390375,19.154632377184306,16.380481371579297,8.792367293109134,7.981289152654138,11.581272667326079
2022-06-22,30.31217061923584,19.158432147562582,16.386034255599473,8.791584321475627,7.977849143610013,11.579710144927535
2022-06-23,30.305747694334652,19.15250329380764,16.40135046113307,8.793066534914361,7.971426218708827,11.578722002635045
2022-06-24,30.305747694334652,19.15250329380764,16.40135046113307,8.793066534914361,7.971426218708827,11.578722002635045
2022-06-25,30.296854413702242,19.1465744400527,16.416172595520422,8.795536890645588,7.966485507246377,11.5782279314888
2022-06-26,30.293191559512035,19.137817342565114,16.424497197494233,8.798302011210025,7.966452357401912,11.577810748433894
2022-06-27,30.28993741765481,19.138669301712778,16.42951251646904,8.798501317523057,7.962532938076416,11.576745718050065
2022-06-28,30.28302042160738,19.129776021080367,16.445322793148883,8.800477602108037,7.958580368906455,11.574769433465086
2022-06-29,30.28302042160738,19.129776021080367,16.445322793148883,8.800477602108037,7.958580368906455,11.574769433465086
2022-06-30,30.283300362677217,19.11803494889548,16.45466534784042,8.803247609627432,7.956561160567095,11.574348829541707
2022-07-01,30.28005599472991,19.119894598155465,16.463109354413703,8.800477602108037,7.953639657444005,11.572793148880105
2022-07-02,30.272644927536234,19.109025032938074,16.4784255599473,8.803936100131754,7.949687088274045,11.57328722002635
2022-07-03,30.269947246950217,19.09924167490933,16.485822617870095,8.806709528519619,7.949637322782723,11.573854269699966
2022-07-04,30.26770421607378,19.099143610013176,16.490283267457183,8.807394598155469,7.945734519104084,11.57328722002635
2022-07-05,30.26078722002635,19.087285902503293,16.507081686429515,8.809370882740449,7.941781949934123,11.57229907773386
2022-07-06,30.26078722002635,19.087285902503293,16.507081686429515,8.809370882740449,7.941781949934123,11.57229907773386
2022-07-07,30.257822793148883,19.07542819499341,16.522891963109355,8.81233530961792,7.935853096179183,11.57131093544137
2022-07-08,30.257822793148883,19.07542819499341,16.522891963109355,8.81233530961792,7.935853096179183,11.57131093544137
2022-07-09,30.24892951251647,19.06455862977602,16.539690382081687,8.814311594202898,7.932888669301713,11.57229907773386
2022-07-10,30.24670944389602,19.06449489963804,16.54508061862455,8.813507732806844,7.929006252056597,11.570746956235602
2022-07-11,30.24300065876153,19.05368906455863,16.55253623188406,8.816287878787879,7.929924242424242,11.57229907773386
2022-07-12,30.237565876152836,19.040349143610012,16.567852437417656,8.818017127799736,7.926712779973649,11.57328722002635
2022-07-13,30.237565876152836,19.040349143610012,16.567852437417656,8.818017127799736,7.926712779973649,11.57328722002635
2022-07-14,30.237565876152836,19.040349143610012,16.567852437417656,8.818017127799736,7.926712779973649,11.57328722002635
2022-07-15,30.232131093544137,19.0314558629776,16.586133069828723,8.818511198945982,7.922266139657443,11.57328722002635
2022-07-16,30.22422595520422,19.020339262187086,16.60144927536232,8.819993412384717,7.9188076416337285,11.576004611330697
2022-07-17,30.223458621826577,19.0075008242664,16.60995713814705,8.822782723376196,7.9197164523574015,11.57657434882954
2022-07-18,30.21977931488801,19.00699934123847,16.615283267457183,8.821969696969697,7.916337285902503,11.576992753623188
2022-07-19,30.21385046113307,18.99514163372859,16.632081686429515,8.820981554677207,7.913372859025032,11.576992753623188
2022-07-20,30.21385046113307,18.99514163372859,16.632081686429515,8.820981554677207,7.913372859025032,11.576992753623188
2022-07-21,30.21067785455742,18.995146429746626,16.63738071734123,8.819183942086212,7.909509707140506,11.577410332346165
2022-07-22,30.210391963109355,18.98229578392622,16.64739789196311,8.820981554677207,7.909420289855072,11.577980895915678
2022-07-23,30.203474967061926,18.96994400527009,16.66222002635046,8.821969696969697,7.907444005270092,11.580451251646902
2022-07-24,30.203474967061926,18.96994400527009,16.66222002635046,8.821969696969697,7.907444005270092,11.580451251646902
2022-07-25,30.19981901941428,18.96948009213557,16.667489305692662,8.821158275748601,7.9045738729845345,11.580865416255346
2022-07-26,30.19290885159592,18.95664692333004,16.68427114182297,8.821158275748601,7.901612372490951,11.580865416255346
2022-07-27,30.19000657462196,18.957675871137408,16.69000657462196,8.82034845496384,7.898750821827744,11.579799474030242
2022-07-28,30.19000657462196,18.957675871137408,16.69000657462196,8.82034845496384,7.898750821827744,11.579799474030242
2022-07-29,30.189700559394538,18.945294504771304,16.70006581112208,8.821651859164199,7.89815728858177,11.580371832839749
2022-07-30,30.182790391576177,18.93344850279697,16.713886146758803,8.823626192826588,7.896182954919381,11.58382691674893
2022-07-31,30.180994729907773,18.921525032938074,16.72249670619236,8.826416337285902,7.896080368906455,11.584403820816863
2022-08-01,30.173583662714098,18.908185111989457,16.73731884057971,8.829380764163373,7.893115942028985,11.587368247694334
2022-08-02,30.167654808959156,18.893362977602106,16.754117259552043,8.830368906455863,7.890151515151515,11.589344532279314
2022-08-03,30.167654808959156,18.893362977602106,16.754117259552043,8.830368906455863,7.890151515151515,11.589344532279314
2022-08-04,30.164690382081687,18.879528985507246,16.77042160737813,8.830368906455863,7.88570487483531,11.590826745718049
2022-08-05,30.164690382081687,18.879528985507246,16.77042160737813,8.830368906455863,7.88570487483531,11.590826745718049
2022-08-06,30.157773386034258,18.867671277997363,16.78524374176548,8.8318511198946,7.883728590250329,11.593297101449275
2022-08-07,30.157773386034258,18.867671277997363,16.78524374176548,8.8318511198946,7.883728590250329,11.593297101449275
2022-08-08,30.154656136887134,18.866814741691346,16.78989799276078,8.831029944060546,7.881375452451464,11.594192168476471
2022-08-09,30.147745969068772,18.852994406054624,16.80569266205989,8.833004277722935,7.878413951957881,11.595179335307666
2022-08-10,30.147745969068772,18.852994406054624,16.80569266205989,8.833004277722935,7.878413951957881,11.595179335307666
2022-08-11,30.146903820816867,18.84000329380764,16.815876152832676,8.835309617918314,7.877799736495389,11.595273386034256
2022-08-12,30.1428101349128,18.840161237249095,16.824942415268183,8.833497861138532,7.8739717012175054,11.595672918723263
2022-08-13,30.13589996709444,18.829302402105956,16.8397499177361,8.835472194800921,7.8719973675551165,11.59814083580125
2022-08-14,30.133069828722004,18.81678194993412,16.84848484848485,8.838274044795785,7.872364953886692,11.599720026350461
2022-08-15,30.130964132938466,18.816962816716025,16.853570253372823,8.83744652846331,7.86952945047713,11.600115169463638
2022-08-16,30.12405396512011,18.802155314248107,16.87035208950313,8.838433695294505,7.865580783152352,11.602089503126027
2022-08-17,30.12405396512011,18.802155314248107,16.87035208950313,8.838433695294505,7.865580783152352,11.602089503126027
2022-08-18,30.12010529779533,18.788334978611385,16.886640342217834,8.8394208621257,7.861138532411977,11.603076669957222
2022-08-19,30.11627140974967,18.774291831357047,16.895915678524375,8.8417325428195,7.861001317523057,11.607625164690381
2022-08-20,30.11034255599473,18.761940052700922,16.910737812911727,8.84272068511199,7.857542819499341,11.612565876152832
2022-08-21,30.11034255599473,18.761940052700922,16.910737812911727,8.84272068511199,7.857542819499341,11.612565876152832
2022-08-22,30.108259295820996,18.761681474169134,16.914774596906877,8.841395195788088,7.85521553142481,11.613935505100361
2022-08-23,30.101349128002635,18.746873971701216,16.932543599868378,8.842382362619283,7.851266864100032,11.616897005593945
2022-08-24,30.10026298487837,18.747616699539776,16.936554898093362,8.84155161078238,7.848454963839579,11.617274819197895
2022-08-25,30.09838762750905,18.734040802895688,16.946857518920698,8.843863112866075,7.847318196775254,11.619858506087528
2022-08-26,30.09255599472991,18.72389657444005,16.95668642951252,8.847661396574441,7.846179183135704,11.623435441370223
2022-08-27,30.0895031260283,18.72466271799934,16.961665021388615,8.84633102994406,7.843369529450477,11.623807173412306
2022-08-28,30.0895031260283,18.72466271799934,16.961665021388615,8.84633102994406,7.843369529450477,11.623807173412306
2022-08-29,30.082099374794343,18.711829549193812,16.97499177360974,8.849292530437644,7.840901612372491,11.627755840737084
2022-08-30,30.073214873313592,18.6960348798947,16.99276077657124,8.851266864100033,7.837940111878908,11.629730174399473
2022-08-31,30.073214873313592,18.6960348798947,16.99276077657124,8.851266864100033,7.837940111878908,11.629730174399473
2022-09-01,30.067291872326425,18.68172096084238,17.008061862454756,8.852747614346825,7.834485027969727,11.632691674893056
2022-09-02,30.06142951251647,18.670536890645586,17.017951251646906,8.855566534914361,7.834321475625823,11.636281291172596
2022-09-03,30.05742020401448,18.671849292530435,17.02188219809148,8.854721948009214,7.831523527476143,11.637133925633432
2022-09-04,30.05352437417655,18.659667325428195,17.030797101449277,8.857542819499342,7.832345191040843,11.63776350461133
2022-09-05,30.05352437417655,18.659667325428195,17.030797101449277,8.857542819499342,7.832345191040843,11.63776350461133
2022-09-06,30.04561923583663,18.64682147562582,17.04586627140975,8.858777997364955,7.828639657444005,11.640974967061924
2022-09-07,30.04561923583663,18.64682147562582,17.04586627140975,8.858777997364955,7.828639657444005,11.640974967061924
2022-09-08,30.04561923583663,18.64682147562582,17.04586627140975,8.858777997364955,7.828639657444005,11.640974967061924
2022-09-09,30.043599868377758,18.647170121750573,17.051743994735112,8.855955906548207,7.825847318196775,11.642316551497203
2022-09-10,30.034715366897007,18.636558078315232,17.066057913787432,8.857683448502797,7.821898650871997,11.645771635406383
2022-09-11,30.029808959156785,18.62532938076416,17.0760046113307,8.860507246376812,7.821722661396574,11.64739789196311
2022-09-12,30.027805199078646,18.6247120763409,17.07889108259296,8.859657782165186,7.819430733794011,11.649226719315564
2022-09-13,30.01990786442909,18.61286607436657,17.092711418229683,8.86064494899638,7.815482066469233,11.653175386640342
2022-09-14,30.01990786442909,18.61286607436657,17.092711418229683,8.86064494899638,7.815482066469233,11.653175386640342
2022-09-15,30.017915844838924,18.61127547666009,17.0965647600263,8.858809993425378,7.812705456936226,11.655489809335963
2022-09-16,30.012984878369494,18.60092044707429,17.1086456278764,8.859549638395793,7.809007232084155,11.659927679158448
2022-09-17,30.004109138724523,18.59056541748849,17.12146614069691,8.860535831689678,7.806541748849441,11.66387245233399
2022-09-18,30.004109138724523,18.59056541748849,17.12146614069691,8.860535831689678,7.806541748849441,11.66387245233399
2022-09-19,29.997203027311617,18.58028956893715,17.13047054952287,8.863359657782166,7.80536360644949,11.667489305692662
2022-09-20,29.98955248436986,18.570171108917407,17.142316551497203,8.864593616321159,7.80166173083251,11.671931556433037
2022-09-21,29.98759040105194,18.569608809993426,17.146120973044052,8.86275476660092,7.797912557527942,11.673241288625903
2022-09-22,29.98759040105194,18.569608809993426,17.146120973044052,8.86275476660092,7.797912557527942,11.673241288625903
2022-09-23,29.983629483382693,18.559805857189865,17.156630470549523,8.864593616321159,7.795245146429746,11.675880223757815
2022-09-24,29.97523856531754,18.550921355709114,17.16798288910826,8.865087199736756,7.792283645936163,11.681803224744982
2022-09-25,29.969285243741766,18.540596179183133,17.178030303030305,8.866930171277998,7.79207839262187,11.684453227931488
2022-09-26,29.966847647252386,18.540062520565975,17.18032247449819,8.86607436656795,7.789815728858176,11.687726225732147
2022-09-27,29.95895031260283,18.53019085225403,17.19315564330372,8.867061533399145,7.7858670615333985,11.691674893056925
2022-09-28,29.95895031260283,18.53019085225403,17.19315564330372,8.867061533399145,7.7858670615333985,11.691674893056925
2022-09-29,29.95895031260283,18.53019085225403,17.19315564330372,8.867061533399145,7.7858670615333985,11.691674893056925
2022-09-30,29.951052977953275,18.52130635077328,17.207963145771636,8.867061533399145,7.780931227377427,11.695623560381703
2022-10-01,29.94266205988812,18.511434682461335,17.220302731161567,8.86804870023034,7.778463310299441,11.702533728200065
2022-10-02,29.9356884057971,18.50304677206851,17.22941370223979,8.868906455862978,7.779232542819499,11.704216073781291
2022-10-03,29.9356884057971,18.50304677206851,17.22941370223979,8.868906455862978,7.779232542819499,11.704216073781291
2022-10-04,29.92654808959157,18.494647562582344,17.240530303030305,8.869894598155469,7.774538866930171,11.710638998682477
2022-10-05,29.92654808959157,18.494647562582344,17.240530303030305,8.869894598155469,7.774538866930171,11.710638998682477
2022-10-06,29.924646265218822,18.493172096084237,17.242267193155644,8.86804870023034,7.771799934188878,11.713886146758801
2022-10-07,29.91864295125165,18.48476613965744,17.253376152832676,8.868906455862978,7.770586297760211,11.715579710144928
2022-10-08,29.907773386034258,18.477355072463766,17.2657279314888,8.868906455862978,7.768115942028985,11.722990777338604
2022-10-09,29.89976920540719,18.469914276294098,17.274892845367624,8.868776788658096,7.769864820309924,11.725684141114408
2022-10-10,29.88938344873063,18.462495878667983,17.286762281569406,8.868282228816353,7.765908341575997,11.733597098582262
2022-10-11,29.879492251895815,18.45458292120013,17.29962083745467,8.867293109132872,7.7619518628420705,11.73953181668315
2022-10-12,29.879492251895815,18.45458292120013,17.29962083745467,8.867293109132872,7.7619518628420705,11.73953181668315
2022-10-13,29.869106495219256,18.447659083415758,17.31346851302341,8.863831190240687,7.757006264424661,11.746455654467523
2022-10-14,29.86006600660066,18.441171617161714,17.3236798679868,8.863696369636964,7.756765676567657,11.751155115511551
2022-10-15,29.855258819650512,18.44271348499835,17.327316188592153,8.860863831190242,7.754038905374217,11.754368611935377
2022-10-16,29.8534255599473,18.44326416337286,17.32798089591568,8.860013175230566,7.751317523056653,11.757575757575758
2022-10-17,29.844038208168644,18.436841238471672,17.338356389986824,8.858530961791832,7.7478590250329376,11.764986824769434
2022-10-18,29.833168642951254,18.431900527009223,17.350214097496707,8.856554677206852,7.7439064558629775,11.770915678524373
2022-10-19,29.833168642951254,18.431900527009223,17.350214097496707,8.856554677206852,7.7439064558629775,11.770915678524373
2022-10-20,29.8282279314888,18.42498353096179,17.363059947299078,8.85359025032938,7.738965744400526,11.775856389986824
2022-10-21,29.826423165514974,18.425551168147415,17.36665021388615,8.850773280684436,7.736261928265876,11.779039157617637
2022-10-22,29.811615663047057,18.42258966765383,17.379483382691674,8.848798947022047,7.7323132609410985,11.787923659098388
2022-10-23,29.799769661072723,18.419628167160248,17.38935505100362,8.846824613359658,7.729351760447515,11.794833826916749
2022-10-24,29.79067852437418,18.41312582345191,17.399621212121215,8.847661396574441,7.728096179183136,11.798583662714098
2022-10-25,29.78005599472991,18.405961791831356,17.411231884057973,8.847908432147563,7.724390645586298,11.805006587615283
2022-10-26,29.778298782494243,18.405561039815726,17.413787430075683,8.845097071405068,7.720714050674563,11.808160579137875
2022-10-27,29.778298782494243,18.405561039815726,17.413787430075683,8.845097071405068,7.720714050674563,11.808160579137875
2022-10-28,29.770174571805008,18.401021080368906,17.424077733860344,8.844944005270094,7.717473649538866,11.811923583662713
2022-10-29,29.756340579710145,18.398056653491434,17.435935441370226,8.843955862977603,7.7145092226613965,11.819828722002635
2022-10-30,29.744482872200265,18.394104084321473,17.446805006587617,8.842967720685113,7.711544795783926,11.825757575757574
2022-10-31,29.744482872200265,18.394104084321473,17.446805006587617,8.842967720685113,7.711544795783926,11.825757575757574
2022-11-01,29.731637022397894,18.38965744400527,17.45668642951252,8.844944005270094,7.707098155467721,11.832674571805006
2022-11-02,29.72894044093452,18.391247120763406,17.45919710431063,8.842135570911484,7.703438631128661,11.834814083580124
2022-11-03,29.71956235603817,18.38680487002303,17.47153668970056,8.8391740704179,7.697515630141494,11.839749917736096
2022-11-04,29.711380105401847,18.381258234519102,17.480895915678527,8.839015151515152,7.697216732542819,11.844532279314887
2022-11-05,29.707716354063837,18.383843369529448,17.4823955248437,8.838186903586706,7.69455412964791,11.846660085554458
2022-11-06,29.695870352089504,18.380881869035864,17.492267193155644,8.837199736755512,7.691592629154327,11.853570253372819
2022-11-07,29.69321170282709,18.383464825772517,17.4922748191979,8.83637409598948,7.68844510190664,11.856180144641682
2022-11-08,29.682363576594348,18.377547666009203,17.504109138724523,8.835387902695595,7.684500328731097,11.862097304404996
2022-11-09,29.682363576594348,18.377547666009203,17.504109138724523,8.835387902695595,7.684500328731097,11.862097304404996
2022-11-10,29.680706075533664,18.37717569786535,17.505582922824303,8.833579638752052,7.6808702791461405,11.864203612479473
2022-11-11,29.670607553366175,18.37175697865353,17.520607553366176,8.828899835796388,7.676190476190476,11.871346469622331
2022-11-12,29.657799671592777,18.369786535303774,17.532430213464696,8.82791461412151,7.671264367816091,11.878243021346469
2022-11-13,29.656167979002625,18.372375328083987,17.532890419947506,8.826115485564305,7.667650918635171,11.881315616797899
2022-11-14,29.644849081364832,18.36794619422572,17.542240813648295,8.825131233595801,7.663221784776902,11.88918963254593
2022-11-15,29.634022309711288,18.3630249343832,17.554051837270343,8.824146981627297,7.658300524934383,11.895095144356954
2022-11-16,29.634022309711288,18.3630249343832,17.554051837270343,8.824146981627297,7.658300524934383,11.895095144356954
2022-11-17,29.634022309711288,18.3630249343832,17.554051837270343,8.824146981627297,7.658300524934383,11.895095144356954
2022-11-18,29.626765188834156,18.35550082101806,17.564942528735635,8.823973727422004,7.6559934318555,11.898440065681445
2022-11-19,29.61395730706076,18.35254515599343,17.5747947454844,8.823973727422004,7.6520525451559935,11.904351395730705
2022-11-20,29.602134646962234,18.3495894909688,17.582676518883417,8.822988505747126,7.648111658456486,11.91223316912972
2022-11-21,29.600557742782154,18.351213910761153,17.582103018372706,8.821686351706038,7.645505249343832,11.915272309711286
2022-11-22,29.58973097112861,18.346292650918635,17.59391404199475,8.819717847769029,7.641568241469816,11.92117782152231
2022-11-23,29.58973097112861,18.346292650918635,17.59391404199475,8.819717847769029,7.641568241469816,11.92117782152231
2022-11-24,29.582841207349084,18.341371391076116,17.607201443569554,8.817749343832022,7.63517060367454,11.926099081364828
2022-11-25,29.581284824647657,18.3420190101606,17.611520812848248,8.813995411340544,7.633562766306129,11.928138315306457
2022-11-26,29.571451982956408,18.338085873484104,17.62233693870862,8.81301212717142,7.6286463454605045,11.934038020321205
2022-11-27,29.55965257292691,18.336119305145854,17.63167813831531,8.81104555883317,7.625204850868568,11.940921009505079
2022-11-28,29.546869878728288,18.33316945263848,17.641019337921993,8.810062274664045,7.621271714192068,11.94878728285808
2022-11-29,29.53802032120616,18.327269747623728,17.652818747951493,8.808095706325796,7.617338577515568,11.953703703703702
2022-11-30,29.53802032120616,18.327269747623728,17.652818747951493,8.808095706325796,7.617338577515568,11.953703703703702
2022-12-01,29.532120616191413,18.320386758439856,17.664126515896427,8.804162569649296,7.612913798754507,11.95911176663389
2022-12-02,29.52130449033104,18.316453621763355,17.67690921009505,8.803179285480171,7.607997377908882,11.96304490331039
2022-12-03,29.519318925998693,18.317125081859853,17.677717747216764,8.80140798952194,7.60543549443353,11.965537000654878
2022-12-04,29.519318925998693,18.317125081859853,17.677717747216764,8.80140798952194,7.60543549443353,11.965537000654878
2022-12-05,29.519318925998693,18.317125081859853,17.677717747216764,8.80140798952194,7.60543549443353,11.965537000654878
2022-12-06,29.50998690242305,18.311967910936474,17.687540929927966,8.80140798952194,7.60150622134905,11.970694171578257
2022-12-07,29.50998690242305,18.311967910936474,17.687540929927966,8.80140798952194,7.60150622134905,11.970694171578257
2022-12-08,29.50948642459928,18.311661759895323,17.687847562970234,8.798658815832516,7.598953222113183,11.973666993784756
2022-12-09,29.501391617550755,18.305091683038636,17.698592010478063,8.798706614276359,7.597331368696791,11.977079240340537
2022-12-10,29.488621480026197,18.302144728225276,17.70939751146038,8.79674197773412,7.593402095612311,11.984937786509494
2022-12-11,29.48716061498201,18.30381092574419,17.70968269545306,8.794978737324175,7.58987569512594,11.987896630683677
2022-12-12,29.47683366077276,18.2982154551408,17.71922069417158,8.795759659463,7.589472822527832,11.991814014407334
2022-12-13,29.4677472167649,18.292812704649638,17.729535036018337,8.79477734119188,7.5852979698755725,11.997462344466273
2022-12-14,29.4677472167649,18.292812704649638,17.729535036018337,8.79477734119188,7.5852979698755725,11.997462344466273
2022-12-15,29.4677472167649,18.292812704649638,17.729535036018337,8.79477734119188,7.5852979698755725,11.997462344466273
2022-12-16,29.45841519318926,18.28790111329404,17.742796332678456,8.792321545514081,7.579895219384413,12.003356254092992
2022-12-17,29.446136214800262,18.28544531761624,17.753110674525214,8.791339227242961,7.5759659462999345,12.010723641126392
2022-12-18,29.435758767617177,18.280809570632577,17.7627007538512,8.792117338577516,7.5755490003277615,12.01368403802032
2022-12-19,29.433857236411264,18.283480681074,17.762442698100852,8.790848068107401,7.572527832351015,12.01612639161755
2022-12-20,29.424034053700066,18.278569089718403,17.77324819908317,8.78986574983628,7.568598559266535,12.02005566470203
2022-12-21,29.424599280340203,18.28222113182859,17.77347072293098,8.788599934576382,7.565587176970886,12.020035982989858
2022-12-22,29.424599280340203,18.28222113182859,17.77347072293098,8.788599934576382,7.565587176970886,12.020035982989858
2022-12-23,29.417157825802228,18.276113294040602,17.78405370006549,8.7883922724296,7.563195808775376,12.02251146037983
2022-12-24,29.40537000654879,18.274148657498362,17.793385723641126,8.78790111329404,7.560248853962016,12.028405370006547
2022-12-25,29.40537000654879,18.274148657498362,17.793385723641126,8.78790111329404,7.560248853962016,12.028405370006547
2022-12-26,29.40537000654879,18.274148657498362,17.793385723641126,8.78790111329404,7.560248853962016,12.028405370006547
2022-12-27,29.396919042936744,18.269501802687643,17.803015404785317,8.78867584398558,7.557849885283513,12.032366437233692
2022-12-28,29.396919042936744,18.269501802687643,17.803015404785317,8.78867584398558,7.557849885283513,12.032366437233692
2022-12-29,29.389435695538058,18.262877296587924,17.814140419947506,8.788467847769029,7.55495406824147,12.035351049868765
2022-12-30,29.389435695538058,18.262877296587924,17.814140419947506,8.788467847769029,7.55495406824147,12.035351049868765
2022-12-31,29.376148293963254,18.25943241469816,17.823982939632547,8.787975721784777,7.551509186351706,12.042240813648293
2023-01-01,29.376148293963254,18.25943241469816,17.823982939632547,8.787975721784777,7.551509186351706,12.042240813648293
2023-01-02,29.363353018372706,18.255495406824146,17.833333333333336,8.787483595800525,7.548064304461942,12.049130577427821
2023-01-03,29.354844006568147,18.24983579638752,17.8440065681445,8.788259441707718,7.545648604269294,12.05311986863711
2023-01-04,29.35449475065617,18.250574146981627,17.843175853018373,8.786499343832022,7.5431430446194225,12.055036089238845
2023-01-05,29.35414618157981,18.250327761389705,17.84431333988856,8.783759423139955,7.540642412323828,12.05793182563094
2023-01-06,29.34662073490814,18.243684383202098,17.85498687664042,8.78354658792651,7.539206036745407,12.059957349081364
2023-01-07,29.336617405582924,18.239490968801313,17.864696223316916,8.783825944170772,7.538259441707718,12.064449917898193
2023-01-08,29.33431758530184,18.24122375328084,17.86482939632546,8.782070209973753,7.535761154855643,12.067339238845143
2023-01-09,29.3320222877745,18.242953130121272,17.864470665355622,8.78080957063258,7.533267781055391,12.070222877745001
2023-01-10,29.322189446083254,18.23705342510652,17.876270075385122,8.779826286463456,7.529334644378892,12.07612258275975
2023-01-11,29.322189446083254,18.23705342510652,17.876270075385122,8.779826286463456,7.529334644378892,12.07612258275975
2023-01-12,29.322189446083254,18.23705342510652,17.876270075385122,8.779826286463456,7.529334644378892,12.07612258275975
2023-01-13,29.310635857096035,18.233120288430023,17.889790232710588,8.776384791871518,7.52687643395608,12.081530645689938
2023-01-14,29.300311373320223,18.22869550966896,17.9001147164864,8.775893149786956,7.522451655195018,12.086938708620124
2023-01-15,29.291748687664043,18.224983595800524,17.909858923884517,8.775672572178479,7.520997375328084,12.08899278215223
2023-01-16,29.2809219160105,18.22399934383202,17.9182250656168,8.774196194225722,7.517060367454068,12.094898293963254
2023-01-17,29.27107939632546,18.2190780839895,17.93102034120735,8.772227690288714,7.513123359580052,12.099819553805773
2023-01-18,29.27107939632546,18.2190780839895,17.93102034120735,8.772227690288714,7.513123359580052,12.099819553805773
2023-01-19,29.27081284824648,18.219845952146837,17.932071451982956,8.769501802687644,7.509668960996394,12.101687971156997
2023-01-20,29.26320538057743,18.21415682414698,17.94332349081365,8.770259186351707,7.507217847769029,12.10375656167979
2023-01-21,29.25287073490814,18.210219816272964,17.95415026246719,8.768782808398951,7.503280839895013,12.109169947506562
2023-01-22,29.245238095238097,18.20550082101806,17.963957307060756,8.769540229885058,7.501806239737274,12.110262725779966
2023-01-23,29.23440065681445,18.204022988505745,17.97233169129721,8.767077175697866,7.497372742200328,12.117159277504104
2023-01-24,29.224548440065682,18.19909688013136,17.98415435139573,8.76609195402299,7.493431855500821,12.121100164203613
2023-01-25,29.224548440065682,18.19909688013136,17.98415435139573,8.76609195402299,7.493431855500821,12.121100164203613
2023-01-26,29.21912972085386,18.19663382594417,17.99449917898194,8.763628899835798,7.488013136288998,12.12454844006568
2023-01-27,29.216945538057743,18.19939304461942,17.995488845144358,8.76090879265092,7.486548556430446,12.127378608923884
2023-01-28,29.20685695538058,18.19644028871391,18.005085301837273,8.75894028871391,7.483103674540682,12.133284120734908
2023-01-29,29.198686371100166,18.193185550082102,18.014449917898194,8.758210180623974,7.48111658456486,12.135878489326764
2023-01-30,29.189819376026275,18.191215106732347,18.02233169129721,8.75673234811166,7.476683087027914,12.141789819376026
2023-01-31,29.179967159277506,18.18727422003284,18.033169129720854,8.755747126436782,7.4727422003284065,12.145730706075533
2023-02-01,29.179967159277506,18.18727422003284,18.033169129720854,8.755747126436782,7.4727422003284065,12.145730706075533
2023-02-02,29.170607553366175,18.18382594417077,18.044991789819377,8.753776683087029,7.466338259441708,12.149671592775041
2023-02-03,29.170607553366175,18.18382594417077,18.044991789819377,8.753776683087029,7.466338259441708,12.149671592775041
2023-02-04,29.16026272577997,18.181855500821015,18.054351395730706,8.75328407224959,7.461412151067323,12.155582922824301
2023-02-05,29.152531229454308,18.180062458908612,18.06476002629849,8.752547666009205,7.459894806048652,12.155736357659434
2023-02-06,29.143655489809337,18.178090072320842,18.072649572649574,8.750575279421433,7.455950032873109,12.161160420775804
2023-02-07,29.135765943458253,18.177103879026955,18.08251150558843,8.748602892833663,7.451019066403681,12.163132807363576
2023-02-08,29.135765943458253,18.177103879026955,18.08251150558843,8.748602892833663,7.451019066403681,12.163132807363576
2023-02-09,29.128989799276077,18.173330042777227,18.09345179335308,8.74835472194801,7.447515630141494,12.16428101349128
2023-02-10,29.12195322793149,18.16905467720685,18.1034255599473,8.74711791831357,7.445487483530962,12.166913702239789
2023-02-11,29.119364922671934,18.171355709114838,18.102829878249427,8.745886804870024,7.443073379401119,12.170204014478447
2023-02-12,29.11207180500659,18.16781949934124,18.112812911725957,8.745141633728592,7.441781949934123,12.171854413702238
2023-02-13,29.104907773386035,18.16609025032938,18.120965085639,8.743165349143611,7.436841238471673,12.176548089591567
2023-02-14,29.10381704508062,18.168887792036852,18.120845672918726,8.740457387298454,7.434435669628167,12.177360974004607
2023-02-15,29.104700854700855,18.17315910585141,18.118754109138727,8.739234056541749,7.431048652202498,12.179158448389217
2023-02-16,29.104597701149427,18.173973727422002,18.117651888341545,8.736535303776684,7.428653530377668,12.181937602627258
2023-02-17,29.105479002624673,18.175770997375327,18.11852034120735,8.732857611548557,7.42626312335958,12.183727034120734
2023-02-18,29.10390036053753,18.178548017043592,18.117420517862996,8.731153720091774,7.423877417240249,12.18698787282858
2023-02-19,29.10390036053753,18.178548017043592,18.117420517862996,8.731153720091774,7.423877417240249,12.18698787282858
2023-02-20,29.100950508030156,18.179039659128154,18.12184529662406,8.7282038675844,7.418960996394625,12.190429367420517
2023-02-21,29.09800065552278,18.177073090789904,18.128728285807934,8.723779088823337,7.414044575549,12.192395935758768
2023-02-22,29.096128608923884,18.17429461942257,18.136729002624673,8.720554461942259,7.412483595800524,12.191601049868765
2023-02-23,29.096128608923884,18.17429461942257,18.136729002624673,8.720554461942259,7.412483595800524,12.191601049868765
2023-02-24,29.096128608923884,18.17429461942257,18.136729002624673,8.720554461942259,7.412483595800524,12.191601049868765
2023-02-25,29.093175853018373,18.175278871391075,18.143126640419947,8.71612532808399,7.407562335958005,12.194553805774278
2023-02-26,29.093175853018373,18.175278871391075,18.143126640419947,8.71612532808399,7.407562335958005,12.194553805774278
2023-02-27,29.09357587676172,18.177564732874465,18.14052769583743,8.714929531301213,7.404703375942313,12.197803998688954
2023-02-28,29.092592592592595,18.175598164536215,18.14839396919043,8.71001311045559,7.3997869550966895,12.19878728285808
2023-03-01,29.092592592592595,18.175598164536215,18.14839396919043,8.71001311045559,7.3997869550966895,12.19878728285808
2023-03-02,29.09446627373936,18.175425671250817,18.14726588081205,8.707351015062214,7.397429600523902,12.200556647020301
2023-03-03,29.091519318926,18.174443352979697,18.156106745252128,8.701457105435495,7.3935003274394235,12.20252128356254
2023-03-04,29.08759004584152,18.174443352979697,18.16298297314997,8.696545514079896,7.390553372626064,12.20448592010478
2023-03-05,29.08562540929928,18.174443352979697,18.168876882776686,8.692616240995417,7.385641781270465,12.208415193189259
2023-03-06,29.08374303507047,18.171665027859717,18.175925925925927,8.69034742707309,7.3830711242215665,12.208620124549327
2023-03-07,29.083005571943627,18.170681743690594,18.182071451982956,8.685676827269749,7.378154703375942,12.210832513929859
2023-03-08,29.083005571943627,18.170681743690594,18.182071451982956,8.685676827269749,7.378154703375942,12.210832513929859
2023-03-09,29.080134514435695,18.167404855643042,18.190616797900265,8.684383202099738,7.376558398950131,12.210055774278215
2023-03-10,29.080134514435695,18.167404855643042,18.190616797900265,8.684383202099738,7.376558398950131,12.210055774278215
2023-03-11,29.077181758530184,18.167404855643042,18.19701443569554,8.680446194225722,7.372129265091863,12.212024278215223
2023-03-12,29.07528735632184,18.164614121510674,18.206075533661743,8.677175697865353,7.369540229885057,12.211247947454844
2023-03-13,29.07282430213465,18.16510673234811,18.210509031198686,8.672742200328408,7.364614121510673,12.21518883415435
2023-03-14,29.069868637110016,18.164121510673233,18.217405582922826,8.667816091954023,7.360673234811165,12.217159277504104
2023-03-15,29.069868637110016,18.164121510673233,18.217405582922826,8.667816091954023,7.360673234811165,12.217159277504104
2023-03-16,29.07078412073491,18.16395997375328,18.21522309711286,8.666174540682416,7.358349737532808,12.219898293963254
2023-03-17,29.066847112860895,18.16395997375328,18.225065616797902,8.661253280839896,7.353428477690288,12.220882545931758
2023-03-18,29.062910104986877,18.161745406824146,18.233185695538058,8.656824146981627,7.348999343832021,12.224327427821521
2023-03-19,29.061864962307443,18.16453621763356,18.230006555227796,8.656178302196002,7.346689609963946,12.228039986889543
2023-03-20,29.056948541461818,18.165027859718123,18.233939691904293,8.65372009177319,7.342756473287446,12.231973123566043
2023-03-21,29.054981973123567,18.16207800721075,18.241805965257292,8.648803670927565,7.338823336610947,12.233939691904293
2023-03-22,29.054981973123567,18.16207800721075,18.241805965257292,8.648803670927565,7.338823336610947,12.233939691904293
2023-03-23,29.054981973123567,18.16207800721075,18.247705670272044,8.644378892166504,7.33341527368076,12.235906260242542
2023-03-24,29.054981973123567,18.16207800721075,18.247705670272044,8.644378892166504,7.33341527368076,12.235906260242542
2023-03-25,29.050065552277943,18.161586365126187,18.253605375286792,8.640937397574566,7.328990494919698,12.239839396919042
2023-03-26,29.050065552277943,18.161586365126187,18.253605375286792,8.640937397574566,7.328990494919698,12.239839396919042
2023-03-27,29.049034053700066,18.16388343156516,18.251391617550755,8.640307793058286,7.325720366732154,12.243041912246234
2023-03-28,29.04706941715783,18.16191879502292,18.258267845448593,8.636378519973805,7.319826457105435,12.245006548788474
2023-03-29,29.04706941715783,18.16191879502292,18.258267845448593,8.636378519973805,7.319826457105435,12.245006548788474
2023-03-30,29.044165847263194,18.159128154703374,18.266388069485416,8.634054408390693,7.318174369059324,12.24524745984923
2023-03-31,29.043182563094067,18.156178302196,18.274745984922976,8.630612913798755,7.312766306129138,12.246722386102917
2023-04-01,29.041666666666668,18.15749836280288,18.273984937786512,8.629502292075967,7.309512115258677,12.249918140144073
2023-04-02,29.040724352671255,18.15470337594231,18.28113733202229,8.626188135037694,7.307849885283513,12.24918059652573
2023-04-03,29.039702030124428,18.15651604453176,18.27840537000655,8.625081859855927,7.305091683038637,12.252865094957432
2023-04-04,29.039702030124428,18.153077930582842,18.28577275703995,8.620661427635888,7.299197773411919,12.254338572364112
2023-04-05,29.039702030124428,18.153077930582842,18.28577275703995,8.620661427635888,7.299197773411919,12.254338572364112
2023-04-06,29.037737393582187,18.151113294040602,18.292648984937788,8.615749836280289,7.294286182056319,12.257285527177471
2023-04-07,29.034824647656507,18.149295313012125,18.301786299573912,8.613897082923632,7.29113405440839,12.256063585709603
2023-04-08,29.03331696136215,18.151113294040602,18.300507531106746,8.613294040602488,7.288392272429601,12.258759004584151
2023-04-09,29.03138315306457,18.148312028843,18.30768600458866,8.610947230416258,7.285725991478204,12.259013438216977
2023-04-10,29.027477034120736,18.14550524934383,18.31389435695538,8.609580052493438,7.2840387139107605,12.260252624671915
2023-04-11,29.025262467191602,18.143536745406823,18.31955380577428,8.607119422572179,7.279363517060367,12.262221128608923
2023-04-12,29.025262467191602,18.143536745406823,18.31955380577428,8.607119422572179,7.279363517060367,12.262221128608923
2023-04-13,29.02263779527559,18.141568241469816,18.3251312335958,8.603510498687665,7.2744422572178475,12.265501968503937
2023-04-14,29.021182266009852,18.138752052545154,18.333579638752056,8.601642036124796,7.2705254515599345,12.263793103448275
2023-04-15,29.019192913385826,18.141568241469816,18.331282808398953,8.601049868766406,7.268290682414698,12.26648622047244
2023-04-16,29.016256157635468,18.138752052545154,18.339490968801314,8.597701149425289,7.26559934318555,12.266748768472906
2023-04-17,29.01476377952756,18.141568241469816,18.33620406824147,8.59711286089239,7.262877296587926,12.270423228346457
2023-04-18,29.010826771653544,18.137631233595798,18.343093832021,8.595144356955382,7.256971784776902,12.274360236220472
2023-04-19,29.010826771653544,18.137631233595798,18.343093832021,8.595144356955382,7.256971784776902,12.274360236220472
2023-04-20,29.007389162561577,18.135303776683084,18.35032840722496,8.59376026272578,7.254761904761905,12.274630541871922
2023-04-21,29.00935039370079,18.13517060367454,18.349983595800527,8.591207349081365,7.251558398950131,12.277312992125983
2023-04-22,29.008849557522122,18.1365126188135,18.347672894133073,8.590626024254345,7.248361193051458,12.280481809242872
2023-04-23,29.00492125984252,18.13320209973753,18.354904855643046,8.589238845144358,7.246637139107611,12.281742125984252
2023-04-24,29.003441494591936,18.135037692559816,18.351114388725012,8.58964274008522,7.243936414290396,12.285398230088495
2023-04-25,29.00049164208456,18.132087840052442,18.35701409373976,8.587676171746969,7.238036709275647,12.28834808259587
2023-04-26,29.0024557956778,18.133922724296003,18.353716437459074,8.586607727570401,7.235838244924689,12.291994106090373
2023-04-27,28.99852507374631,18.131596197967877,18.360455588331696,8.586201245493282,7.233611930514585,12.292772861356932
2023-04-28,28.996555118110237,18.12778871391076,18.3686843832021,8.584809711286091,7.229904855643045,12.292076771653543
2023-04-29,28.996558505408064,18.129137987545064,18.36537200917732,8.58374303507047,7.227712225499836,12.295722713864306
2023-04-30,28.993602362204726,18.126312335958005,18.37262139107612,8.583333333333334,7.224983595800524,12.295029527559056
2023-05-01,28.99064039408867,18.12151067323481,18.37889983579639,8.583908045977013,7.223234811165845,12.295320197044335
2023-05-02,28.986206896551725,18.119540229885057,18.383333333333336,8.582430213464697,7.217569786535304,12.299507389162562
2023-05-03,28.981262327416175,18.117685733070346,18.389628533859305,8.583004602235373,7.215811965811966,12.300788954635108
2023-05-04,28.982266009852218,18.116584564860425,18.387274220032843,8.581444991789821,7.213628899835796,12.304433497536946
2023-05-05,28.98128078817734,18.113628899835795,18.393678160919542,8.57848932676519,7.208210180623974,12.30591133004926
2023-05-06,28.981791338582678,18.114009186351705,18.39033792650919,8.578412073490815,7.20505249343832,12.309547244094489
2023-05-07,28.978817733990148,18.11215106732348,18.396633825944175,8.577996715927751,7.203284072249589,12.308866995073892
2023-05-08,28.977854330708663,18.114009186351705,18.392306430446197,8.578412073490815,7.200623359580052,12.312992125984252
2023-05-09,28.974409448818896,18.111056430446194,18.396735564304464,8.577427821522312,7.195209973753281,12.316437007874017
2023-05-10,28.974409448818896,18.111056430446194,18.396735564304464,8.577427821522312,7.195209973753281,12.316437007874017
2023-05-11,28.97345132743363,18.110947230416254,18.394378892166504,8.576860045886596,7.193051458538184,12.320058997050147
2023-05-12,28.971456692913385,18.108103674540683,18.402641076115486,8.576443569553806,7.189304461942257,12.318405511811024
2023-05-13,28.970993117010817,18.108980662078007,18.400278597181256,8.576368403802034,7.186660111438872,12.322025565388397
2023-05-14,28.966043307086615,18.10613517060367,18.407070209973757,8.57496719160105,7.184875328083989,12.323326771653543
2023-05-15,28.965093411996065,18.10799737790888,18.40322844968863,8.574893477548345,7.182726974762373,12.327433628318584
2023-05-16,28.96214355948869,18.104310062274664,18.407899049491974,8.57366437233694,7.176827269747624,12.330875122910522
2023-05-17,28.96214355948869,18.104310062274664,18.407899049491974,8.57366437233694,7.176827269747624,12.330875122910522
2023-05-18,28.965127701375245,18.10420759659463,18.405533726260643,8.573100851342502,7.174688932547478,12.333497053045187
2023-05-19,28.965127701375245,18.10420759659463,18.405533726260643,8.573100851342502,7.174688932547478,12.333497053045187
2023-05-20,28.959233791748527,18.10469875573019,18.408480681074003,8.573100851342502,7.169777341191879,12.337917485265226
2023-05-21,28.959233791748527,18.10469875573019,18.408480681074003,8.573100851342502,7.169777341191879,12.337917485265226
2023-05-22,28.957801766437683,18.107049394831535,18.404154399738307,8.573029113509978,7.167648020935557,12.342492639842984
2023-05-23,28.958823529411763,18.106944444444444,18.399836601307193,8.571486928104576,7.165522875816993,12.346078431372549
2023-05-24,28.958823529411763,18.106944444444444,18.399836601307193,8.571486928104576,7.165522875816993,12.346078431372549
2023-05-25,28.958823529411763,18.106944444444444,18.399836601307193,8.571486928104576,7.165522875816993,12.346078431372549
2023-05-26,28.95441176470588,18.107434640522875,18.405718954248368,8.567565359477125,7.159640522875817,12.35
2023-05-27,28.95098039215686,18.106454248366013,18.408660130718957,8.567075163398695,7.154248366013071,12.352941176470589
2023-05-28,28.947006869479882,18.103614654890414,18.415930650965002,8.566650310762187,7.1524370297677455,12.352306182531894
2023-05-29,28.947006869479882,18.103614654890414,18.415930650965002,8.566650310762187,7.1524370297677455,12.352306182531894
2023-05-30,28.943081452404318,18.101651946352632,18.417893359502784,8.564687602224405,7.1485116126921815,12.357212953876349
2023-05-31,28.937193326790972,18.102142623487076,18.418874713771675,8.56419692508996,7.144095518482172,12.365063788027477
2023-06-01,28.934739941118742,18.10067059208374,18.42378148511613,8.561252862283286,7.137226038599934,12.369479882237489
2023-06-02,28.934739941118742,18.10067059208374,18.42378148511613,8.561252862283286,7.137226038599934,12.369479882237489
2023-06-03,28.932843137254903,18.102042483660128,18.419444444444448,8.561192810457518,7.135130718954248,12.375
2023-06-04,28.932843137254903,18.102042483660128,18.419444444444448,8.561192810457518,7.135130718954248,12.375
2023-06-05,28.930460333006856,18.10292197192295,18.41462618348025,8.561622592229842,7.133039503754489,12.38148873653281
2023-06-06,28.926052889324193,18.099983676134507,18.418054195233434,8.56064316030036,7.128142344107085,12.386385896180215
2023-06-07,28.926052889324193,18.099983676134507,18.418054195233434,8.56064316030036,7.128142344107085,12.386385896180215
2023-06-08,28.922794117647058,18.098856209150327,18.425326797385623,8.559967320261439,7.125081699346405,12.386274509803922
2023-06-09,28.922794117647058,18.098856209150327,18.425326797385623,8.559967320261439,7.125081699346405,12.386274509803922
2023-06-10,28.920910871694417,18.100718250081616,18.420992491021877,8.558929154423769,7.123000326477309,12.392262487757101
2023-06-11,28.915931372549018,18.10081699346405,18.42728758169935,8.559477124183008,7.120179738562091,12.39264705882353
2023-06-12,28.910049019607843,18.10081699346405,18.42826797385621,8.559477124183008,7.114787581699346,12.4
2023-06-13,28.906127450980392,18.09787581699346,18.432189542483663,8.558496732026144,7.10890522875817,12.405882352941177
2023-06-14,28.901128557409226,18.09797186784429,18.438501799149495,8.55904481517828,7.106068040562643,12.406280667320903
2023-06-15,28.896119842829076,18.09905042567125,18.44482645710544,8.559593975114606,7.10224296005239,12.405697445972494
2023-06-16,28.892681728880156,18.100032743942368,18.450720366732156,8.555664702030125,7.096349050425671,12.409626719056975
2023-06-17,28.89082433758587,18.101897284919854,18.446352633300624,8.554138043833825,7.093801112201504,12.416094210009813
2023-06-18,28.88629666011788,18.100032743942368,18.453912901113295,8.552717747216766,7.091683038637852,12.416502946954813
2023-06-19,28.883954857703632,18.101897284919854,18.449051357540075,8.551684658161598,7.089139679424272,12.423945044160941
2023-06-20,28.877085377821395,18.099934576382072,18.45297677461564,8.550703303892707,7.083251553810926,12.43081452404318
2023-06-21,28.877085377821395,18.099934576382072,18.45297677461564,8.550703303892707,7.083251553810926,12.43081452404318
2023-06-22,28.87242394504416,18.099198560680403,18.45641151455676,8.547759241086034,7.076872751063133,12.436702649656526
2023-06-23,28.87242394504416,18.099198560680403,18.45641151455676,8.547759241086034,7.076872751063133,12.436702649656526
2023-06-24,28.870098039215687,18.100571895424835,18.452042483660133,8.54624183006536,7.0738562091503265,12.444117647058823
2023-06-25,28.866045142296368,18.10067059208374,18.459355577363432,8.54481517827936,7.070003271180896,12.442590775269872
2023-06-26,28.86162904808636,18.101161269218185,18.458864900228985,8.544324501144915,7.063624468433104,12.448969578017664
2023-06-27,28.855740922473014,18.099198560680403,18.46279031730455,8.542361792607132,7.057736342819758,12.45485770363101
2023-06-28,28.855740922473014,18.099198560680403,18.46279031730455,8.542361792607132,7.057736342819758,12.45485770363101
2023-06-29,28.855004906771345,18.10067059208374,18.464998364409553,8.540889761203795,7.051848217206412,12.457801766437685
2023-06-30,28.854166666666668,18.100571895424835,18.46258169934641,8.538398692810459,7.049836601307189,12.46421568627451
2023-07-01,28.851371204701273,18.10096310806399,18.458700620306892,8.536891936010448,7.04782892588965,12.471106758080314
2023-07-02,28.84828431372549,18.101062091503266,18.4640522875817,8.536437908496733,7.045915032679738,12.469607843137254
2023-07-03,28.842892156862746,18.102042483660128,18.465522875816998,8.533006535947713,7.041013071895424,12.477450980392156
2023-07-04,28.836519607843137,18.099591503267973,18.468954248366014,8.530555555555557,7.036601307189542,12.484803921568627
2023-07-05,28.836519607843137,18.099591503267973,18.468954248366014,8.530555555555557,7.036601307189542,12.484803921568627
2023-07-06,28.835049019607844,18.101062091503266,18.46993464052288,8.527124183006537,7.029248366013071,12.489705882352942
2023-07-07,28.835049019607844,18.101062091503266,18.46993464052288,8.527124183006537,7.029248366013071,12.489705882352942
2023-07-08,28.833251714005875,18.10145282402873,18.465556643813258,8.525138752856678,7.027260855370551,12.497061704211557
2023-07-09,28.829166666666666,18.103513071895424,18.47091503267974,8.52467320261438,7.023366013071895,12.494607843137254
2023-07-10,28.82639569049951,18.104391119817173,18.466536075742738,8.523179888997715,7.021384263793666,12.502448579823703
2023-07-11,28.820029382957884,18.104880835781913,18.4684949396017,8.521221025138754,7.016487104146262,12.507835455435847
2023-07-12,28.820029382957884,18.104880835781913,18.4684949396017,8.521221025138754,7.016487104146262,12.507835455435847
2023-07-13,28.816911764705882,18.107434640522875,18.47385620915033,8.52075163398693,7.012581699346405,12.504411764705882
2023-07-14,28.81513222331048,18.106349983676132,18.471433235390144,8.519262161279793,7.009631080639895,12.51175318315377
2023-07-15,28.812866927592957,18.10673515981735,18.467547292889762,8.517775603392042,7.007664709719504,12.519080234833659
2023-07-16,28.807786483839372,18.107819131570356,18.473881815213844,8.517303297420831,7.004733920992491,12.517629774730656
2023-07-17,28.80239960822723,18.108553705517465,18.475840679072807,8.514854717597128,6.999591903362716,12.524485798237022
2023-07-18,28.79456415279138,18.109043421482205,18.47926869082599,8.512406137773427,6.993715311785831,12.530362389813908
2023-07-19,28.79456415279138,18.109043421482205,18.47926869082599,8.512406137773427,6.993715311785831,12.530362389813908
2023-07-20,28.790156709108718,18.11149200130591,18.48024812275547,8.510447273914464,6.9858798563499835,12.534280117531832
2023-07-21,28.790156709108718,18.11149200130591,18.48024812275547,8.510447273914464,6.9858798563499835,12.534280117531832
2023-07-22,28.787426614481408,18.111382909328114,18.476842791911288,8.508969341161123,6.983936725375081,12.54256360078278
2023-07-23,28.78232125367287,18.11149200130591,18.484165850473396,8.508488410055502,6.98196212863206,12.540156709108716
2023-07-24,28.78232125367287,18.11149200130591,18.484165850473396,8.508488410055502,6.98196212863206,12.540156709108716
2023-07-25,28.775220372184133,18.112716291217758,18.486124714332355,8.506284688214171,6.976820111002285,12.546278158667972
2023-07-26,28.775220372184133,18.112716291217758,18.486124714332355,8.506284688214171,6.976820111002285,12.546278158667972
2023-07-27,28.77081292850147,18.11467515507672,18.49004244205028,8.503836108390468,6.970453803460659,12.550195886385897
2023-07-28,28.77081292850147,18.11467515507672,18.49004244205028,8.503836108390468,6.970453803460659,12.550195886385897
2023-07-29,28.768590998043052,18.114562948467057,18.48662752772342,8.501875407697327,6.968525766470972,12.558463796477495
2023-07-30,28.768590998043052,18.114562948467057,18.48662752772342,8.501875407697327,6.968525766470972,12.558463796477495
2023-07-31,28.7663734115347,18.114939719778427,18.482241772564354,8.499918540241122,6.966601498859563,12.567204301075268
2023-08-01,28.758553274682306,18.11298468556533,18.485174323884003,8.497963506028023,6.961713913326816,12.575024437927663
2023-08-02,28.753424657534246,18.113095238095237,18.490541422048274,8.497472276581867,6.958741030658839,12.575587084148728
2023-08-03,28.75171065493646,18.11200716845878,18.487129358097103,8.496008471814925,6.95584881068752,12.583822091886608
2023-08-04,28.74853228962818,18.11260600130463,18.494455316373127,8.495026092628834,6.950913242009132,12.581457925636007
2023-08-05,28.746823069403714,18.113473444118604,18.4910394265233,8.493075920495276,6.949006190941675,12.588709677419354
2023-08-06,28.746823069403714,18.113473444118604,18.4910394265233,8.493075920495276,6.949006190941675,12.588709677419354
2023-08-07,28.741935483870968,18.113473444118604,18.493483219289672,8.491609644835453,6.942652329749103,12.596041055718475
2023-08-08,28.7336265884653,18.111518409905507,18.49739328771587,8.490143369175629,6.936787227109807,12.603372434017595
2023-08-09,28.73193359375,18.110432942708332,18.493001302083336,8.488688151041668,6.933919270833333,12.611572265625
2023-08-10,28.73193359375,18.110432942708332,18.493001302083336,8.488688151041668,6.933919270833333,12.611572265625
2023-08-11,28.728739002932553,18.11102965135223,18.500814597588793,8.48721081785598,6.928967090257412,12.609237536656892
2023-08-12,28.721407624633432,18.111518409905507,18.504235907461716,8.483789507983058,6.924568263277941,12.616080156402736
2023-08-13,28.717221135029355,18.11113829093281,18.511089367253753,8.482795172863668,6.9215590345727325,12.615704500978474
2023-08-14,28.714565004887586,18.112495927012056,18.506190941674816,8.481345715216683,6.919191919191919,12.623900293255131
2023-08-15,28.707233626588465,18.11102965135223,18.509123492994462,8.479390681003585,6.912838057999348,12.631231671554252
2023-08-16,28.707233626588465,18.11102965135223,18.509123492994462,8.479390681003585,6.912838057999348,12.631231671554252
2023-08-17,28.701857282502445,18.11102965135223,18.512544802867385,8.476458129683937,6.905017921146953,12.637096774193548
2023-08-18,28.69921875,18.111897786458332,18.509114583333336,8.475016276041668,6.903157552083333,12.644287109375
2023-08-19,28.697073170731706,18.111788617886177,18.505203252032523,8.474065040650407,6.90130081300813,12.651463414634147
2023-08-20,28.697073170731706,18.111788617886177,18.505203252032523,8.474065040650407,6.90130081300813,12.651463414634147
2023-08-21,28.69493177387914,18.112166991552954,18.500812215724498,8.473602988953868,6.8994476933073425,12.659113060428849
2023-08-22,28.687621832358673,18.112166991552954,18.50276153346329,8.472141000649774,6.89311241065627,12.666423001949317
2023-08-23,28.68792599805258,18.113031483284647,18.498377150275886,8.470707562479715,6.891269068484258,12.672590068159689
2023-08-24,28.68792599805258,18.113031483284647,18.498377150275886,8.470707562479715,6.891269068484258,12.672590068159689
2023-08-25,28.68469785575049,18.11314165042235,18.506660168940872,8.469217024041587,6.8862897985705,12.6703216374269
2023-08-26,28.682570593963,18.113031483284647,18.502271989613764,8.467786432976308,6.884453099642973,12.67794547224927
2023-08-27,28.678362573099417,18.11314165042235,18.508609486679664,8.467267706302795,6.881416504223521,12.676656920077972
2023-08-28,28.67624148003895,18.113031483284647,18.50470626419994,8.465839013307368,6.879097695553392,12.684761441090554
2023-08-29,28.669425511197662,18.111570918532944,18.50714053878611,8.464378448555665,6.872768581629341,12.692551119766309
2023-08-30,28.669425511197662,18.111570918532944,18.50714053878611,8.464378448555665,6.872768581629341,12.692551119766309
2023-08-31,28.669747081712064,18.109516861219195,18.502756160830092,8.461981193255513,6.869974059662775,12.70160505836576
2023-09-01,28.66699123661149,18.110110353781238,18.509574813372286,8.461457319052258,6.864978902953586,12.69888023369036
2023-09-02,28.664396887159533,18.110003242542152,18.50518806744488,8.460035667963684,6.863164721141374,12.70646887159533
2023-09-03,28.664396887159533,18.110003242542152,18.50518806744488,8.460035667963684,6.863164721141374,12.70646887159533
2023-09-04,28.65807392996109,18.10854409857328,18.504701686121923,8.459549286640728,6.85878728923476,12.714737354085603
2023-09-05,28.651750972762645,18.106112191958495,18.507133592736707,8.4576037613489,6.852464332036316,12.722519455252918
2023-09-06,28.651750972762645,18.106112191958495,18.507133592736707,8.4576037613489,6.852464332036316,12.722519455252918
2023-09-07,28.651750972762645,18.106112191958495,18.507133592736707,8.4576037613489,6.852464332036316,12.722519455252918
2023-09-08,28.648977604673806,18.105728659526125,18.513956507627395,8.457075624797145,6.848425835767608,12.720301850048685
2023-09-09,28.646887159533073,18.10513942931258,18.509565499351496,8.455171854734113,6.84662775616083,12.728842412451362
2023-09-10,28.643622200584225,18.10621551444336,18.515903927296335,8.453667640376503,6.843557286595261,12.726630963972736
2023-09-11,28.641536964980546,18.106112191958495,18.511511024643323,8.452253566796369,6.841277561608301,12.735651750972762
2023-09-12,28.635700389105057,18.10513942931258,18.512483787289238,8.45030804150454,6.8344682230869,12.743433852140077
2023-09-13,28.635700389105057,18.10513942931258,18.512483787289238,8.45030804150454,6.8344682230869,12.743433852140077
2023-09-14,28.629863813229573,18.103193904020753,18.514429312581065,8.448362516212711,6.828631647211413,12.753161478599221
2023-09-15,28.624513618677042,18.102221141374837,18.518320363164722,8.444957846952011,6.823281452658884,12.758511673151752
2023-09-16,28.617217898832685,18.09833009079118,18.52221141374838,8.441553177691311,6.819390402075227,12.767752918287938
2023-09-17,28.617217898832685,18.09833009079118,18.52221141374838,8.441553177691311,6.819390402075227,12.767752918287938
2023-09-18,28.612463485881207,18.097938980850373,18.5280753002272,8.44198312236287,6.815806556312885,12.767526777020448
2023-09-19,28.60645894190198,18.097127555988315,18.53002271989614,8.439061992859463,6.809802012333658,12.776290165530671
2023-09-20,28.60645894190198,18.097127555988315,18.53002271989614,8.439061992859463,6.809802012333658,12.776290165530671
2023-09-21,28.60353781239857,18.098101265822784,18.532456994482313,8.437114573190524,6.804446608244077,12.779698149951315
2023-09-22,28.60353781239857,18.098101265822784,18.532456994482313,8.437114573190524,6.804446608244077,12.779698149951315
2023-09-23,28.60197795071336,18.09703307392996,18.528534370946826,8.435230220492867,6.802204928664073,12.78818093385214
2023-09-24,28.60197795071336,18.09703307392996,18.528534370946826,8.435230220492867,6.802204928664073,12.78818093385214
2023-09-25,28.60197795071336,18.09703307392996,18.528534370946826,8.435230220492867,6.802204928664073,12.78818093385214
2023-09-26,28.59516861219196,18.09678988326848,18.53072308690013,8.43304150453956,6.796854734111544,12.795719844357977
2023-09-27,28.59516861219196,18.09678988326848,18.53072308690013,8.43304150453956,6.796854734111544,12.795719844357977
2023-09-28,28.594590217039194,18.09475218658892,18.526320051830258,8.43067703271785,6.7941367022999675,12.80466472303207
2023-09-29,28.590791180285343,18.095817120622566,18.53315499351492,8.430609597924775,6.7905317769131,12.80204280155642
2023-09-30,28.585440985732813,18.094844357976655,18.53461413748379,8.42963683527886,6.786640726329442,12.808365758754864
2023-10-01,28.585440985732813,18.094844357976655,18.53461413748379,8.42963683527886,6.786640726329442,12.808365758754864
2023-10-02,28.584143181081956,18.09475218658892,18.529964366699062,8.427275672173632,6.784418529316489,12.816326530612244
2023-10-03,28.57936121919585,18.095817120622566,18.535830090791183,8.427204928664073,6.781290531776913,12.815661478599221
2023-10-04,28.57936121919585,18.095817120622566,18.535830090791183,8.427204928664073,6.781290531776913,12.815661478599221
2023-10-05,28.575543654657576,18.096884128529698,18.54268094774424,8.427620902304447,6.777182732878936,12.81304771178189
2023-10-06,28.575543654657576,18.096884128529698,18.54268094774424,8.427620902304447,6.777182732878936,12.81304771178189
2023-10-07,28.57352464332036,18.095330739299612,18.539234760051883,8.425745784695202,6.775453955901427,12.821498054474707
2023-10-08,28.56856540084388,18.095748133722815,18.54560207724765,8.425511197663097,6.772314183706589,12.821161960402465
2023-10-09,28.56327160493827,18.093892137751787,18.551981806367774,8.425925925925926,6.770142949967512,12.820012995451592
2023-10-10,28.557910981156592,18.093892137751787,18.55320012995452,8.423001949317738,6.765269655620533,12.827566601689407
2023-10-11,28.557910981156592,18.093892137751787,18.55320012995452,8.423001949317738,6.765269655620533,12.827566601689407
2023-10-12,28.558341447581952,18.090879584550468,18.547792924375205,8.419668938656281,6.762577085361896,12.837471600129827
2023-10-13,28.558341447581952,18.090879584550468,18.547792924375205,8.419668938656281,6.762577085361896,12.837471600129827
2023-10-14,28.553472898409606,18.090879584550468,18.55022719896138,8.417721518987342,6.75673482635508,12.844287568971112
2023-10-15,28.553472898409606,18.090879584550468,18.55022719896138,8.417721518987342,6.75673482635508,12.844287568971112
2023-10-16,28.552934500648504,18.08933203631647,18.544828145265893,8.415369649805447,6.754539559014267,12.854166666666666
2023-10-17,28.551961738002593,18.086413748378728,18.545800907911804,8.41147859922179,6.747730220492866,12.860976005188066
2023-10-18,28.54763063940279,18.08649789029536,18.55120090879585,8.411879259980525,6.744563453424213,12.860840636157091
2023-10-19,28.54763063940279,18.08649789029536,18.55120090879585,8.411879259980525,6.744563453424213,12.860840636157091
2023-10-20,28.54568321973385,18.084550470626418,18.55363518338202,8.408958130477117,6.737747484582928,12.866196040246672
2023-10-21,28.54709792477302,18.081549935149155,18.549205577172504,8.405642023346303,6.735570687418937,12.874594682230867
2023-10-22,28.54709792477302,18.081549935149155,18.549205577172504,8.405642023346303,6.735570687418937,12.874594682230867
2023-10-23,28.54709792477302,18.081549935149155,18.549205577172504,8.405642023346303,6.735570687418937,12.874594682230867
2023-10-24,28.5439364461738,18.078874837872892,18.55017833981842,8.403453307392995,6.729734111543451,12.881890402075225
2023-10-25,28.54923874311629,18.077826368642693,18.54478458049887,8.400145772594753,6.726109491415614,12.887836086815678
2023-10-26,28.545881971465626,18.078874837872892,18.55212386511025,8.400535019455253,6.721465629053178,12.884808690012969
2023-10-27,28.545881971465626,18.078874837872892,18.55212386511025,8.400535019455253,6.721465629053178,12.884808690012969
2023-10-28,28.54680919987042,18.076854551344347,18.548185941043087,8.397716229348882,6.7193067703271785,12.892209264658243
2023-10-29,28.54680919987042,18.076854551344347,18.548185941043087,8.397716229348882,6.7193067703271785,12.892209264658243
2023-10-30,28.544379656624553,18.07345319080013,18.548185941043087,8.395286686103013,6.713475866537092,12.899983803045027
2023-10-31,28.540978296080336,18.07005183025591,18.550129575639783,8.391885325558794,6.706187236799482,12.908244250080983
2023-11-01,28.540978296080336,18.07005183025591,18.550129575639783,8.391885325558794,6.706187236799482,12.908244250080983
2023-11-02,28.54239482200647,18.06804207119741,18.545711974110034,8.387621359223301,6.70453074433657,12.917071197411001
2023-11-03,28.540006478781986,18.069080012957563,18.553045027534825,8.387998056365403,6.6993845157110465,12.914075153871071
2023-11-04,28.53851132686084,18.06804207119741,18.550566343042075,8.384708737864077,6.696763754045308,12.921925566343042
2023-11-05,28.53754045307443,18.066100323624596,18.550566343042075,8.382766990291262,6.690938511326861,12.928721682847895
2023-11-06,28.53847397348852,18.064581312641447,18.545667636598775,8.379970902036858,6.6888134497251865,12.937520206918848
2023-11-07,28.53524086647268,18.062318137730358,18.547284190106694,8.376091173617846,6.683640478499839,12.943986420950534
2023-11-08,28.53524086647268,18.062318137730358,18.547284190106694,8.376091173617846,6.683640478499839,12.943986420950534
2023-11-09,28.536660206718345,18.0593507751938,18.543846899224807,8.372819767441861,6.681040051679587,12.951792635658915
2023-11-10,28.537629198966407,18.056443798449614,18.547722868217054,8.369912790697674,6.673288113695091,12.956637596899224
2023-11-11,28.53375322997416,18.052083333333332,18.5515988372093,8.366036821705427,6.66795865633075,12.96390503875969
2023-11-12,28.53375322997416,18.052083333333332,18.5515988372093,8.366036821705427,6.66795865633075,12.96390503875969
2023-11-13,28.53565666343982,18.05058083252662,18.54670861568248,8.362778315585674,6.665859954824137,12.97216844143272
2023-11-14,28.534688609228784,18.04670861568248,18.54864472410455,8.35890609874153,6.660051629557922,12.9770087124879
2023-11-15,28.53326873385013,18.047722868217054,18.554021317829456,8.35828488372093,6.656815245478037,12.975048449612403
2023-11-16,28.53326873385013,18.047722868217054,18.554021317829456,8.35828488372093,6.656815245478037,12.975048449612403
2023-11-17,28.532816036210797,18.04631425800194,18.561348205625606,8.357662463627547,6.652602651147753,12.97211445198836
2023-11-18,28.52990623989654,18.043404461687683,18.562803103782734,8.35572259941804,6.6477529906239905,12.978419010669253
2023-11-19,28.52990623989654,18.043404461687683,18.562803103782734,8.35572259941804,6.6477529906239905,12.978419010669253
2023-11-20,28.526537216828476,18.04344660194175,18.567233009708737,8.35509708737864,6.644498381877023,12.97742718446602
2023-11-21,28.525080906148865,18.04126213592233,18.568689320388348,8.350970873786407,6.638915857605179,12.98373786407767
2023-11-22,28.525080906148865,18.04126213592233,18.568689320388348,8.350970873786407,6.638915857605179,12.98373786407767
2023-11-23,28.52845134173941,18.040252182347235,18.563773035887486,8.348690591658585,6.63587132234077,12.989573229873908
2023-11-24,28.530391205948916,18.036372453928227,18.566682832201746,8.344810863239573,6.629081797607501,12.994907856450048
2023-11-25,28.531330749354005,18.0343992248062,18.562742248062015,8.342054263565892,6.626534237726099,13.00266472868217
2023-11-26,28.52990623989654,18.03443258971872,18.567167798254122,8.342386032977691,6.624232137083738,12.999757516973812
2023-11-27,28.531815245478036,18.031976744186046,18.561288759689923,8.340116279069768,6.621689276485789,13.008478682170542
2023-11-28,28.531815245478036,18.02906976744186,18.563711240310077,8.335755813953488,6.616844315245479,13.012839147286822
2023-11-29,28.531815245478036,18.02906976744186,18.563711240310077,8.335755813953488,6.616844315245479,13.012839147286822
2023-11-30,28.53136113805367,18.03006789524733,18.57007759456838,8.33462657613967,6.612592951826706,13.008486905916586
2023-12-01,28.53136113805367,18.03006789524733,18.57007759456838,8.33462657613967,6.612592951826706,13.008486905916586
2023-12-02,28.532299741602067,18.02858527131783,18.56613372093023,8.33187984496124,6.609576873385014,13.015746124031008
2023-12-03,28.530876172001292,18.029582929194955,18.57250242483026,8.331231813773035,6.606288393145814,13.01188166828322
2023-12-04,28.528478964401295,18.029611650485435,18.576941747572814,8.33252427184466,6.602022653721684,13.009951456310679
2023-12-05,28.527750809061487,18.026941747572817,18.577912621359225,8.329126213592232,6.596440129449839,13.016019417475729
2023-12-06,28.527750809061487,18.026941747572817,18.577912621359225,8.329126213592232,6.596440129449839,13.016019417475729
2023-12-07,28.53066343042071,18.02402912621359,18.57985436893204,8.32378640776699,6.5896440129449845,13.019417475728156
2023-12-08,28.528749595076125,18.022108843537413,18.586248785228378,8.322643343051507,6.587301587301588,13.017492711370263
2023-12-09,28.530177993527506,18.019174757281554,18.582281553398058,8.319417475728155,6.584789644012946,13.025242718446602
2023-12-10,28.530177993527506,18.019174757281554,18.582281553398058,8.319417475728155,6.584789644012946,13.025242718446602
2023-12-11,28.530177993527506,18.019174757281554,18.582281553398058,8.319417475728155,6.584789644012946,13.025242718446602
2023-12-12,28.53066343042071,18.01545307443366,18.583252427184465,8.316343042071196,6.57831715210356,13.032200647249192
2023-12-13,28.53066343042071,18.01545307443366,18.583252427184465,8.316343042071196,6.57831715210356,13.032200647249192
2023-12-14,28.53066343042071,18.01545307443366,18.583252427184465,8.316343042071196,6.57831715210356,13.032200647249192
2023-12-15,28.533576051779935,18.01156957928803,18.58519417475728,8.312459546925565,6.57200647249191,13.036569579288027
2023-12-16,28.535968315551244,18.00864856126738,18.58074684772066,8.309246686065308,6.569511800840608,13.044778532169415
2023-12-17,28.534546925566342,18.008656957928803,18.584223300970873,8.309546925566341,6.568122977346278,13.04190938511327
2023-12-18,28.537423213708372,18.006223731005498,18.578322017458778,8.30633688975105,6.5656320724215975,13.051568056902685
2023-12-19,28.53790817976075,18.002344002586486,18.5778370514064,8.30245716133204,6.559327513740705,13.059812479793083
2023-12-20,28.53790817976075,18.002344002586486,18.5778370514064,8.30245716133204,6.559327513740705,13.059812479793083
2023-12-21,28.5422319121447,17.999919250645995,18.57388565891473,8.299257105943152,6.556120801033592,13.066052971576228
2023-12-22,28.54178790817976,17.999919172324606,18.58026188166828,8.298577432913028,6.552295505981248,13.061752344002588
2023-12-23,28.543242806336888,17.9979793081151,18.58074684772066,8.293242806336888,6.546475913352732,13.067086970578726
2023-12-24,28.54279935275081,17.99797734627832,18.584223300970873,8.294498381877021,6.544093851132686,13.06326860841424
2023-12-25,28.54279935275081,17.99797734627832,18.584223300970873,8.294498381877021,6.544093851132686,13.06326860841424
2023-12-26,28.540897311305475,17.997975380628443,18.58867832847425,8.293812763200517,6.5417071590540985,13.061872367994818
2023-12-27,28.540897311305475,17.997975380628443,18.58867832847425,8.293812763200517,6.5417071590540985,13.061872367994818
2023-12-28,28.54425566343042,17.995064724919096,18.582281553398058,8.29061488673139,6.539239482200648,13.071521035598707
2023-12-29,28.54284094590217,17.996031746031747,18.588192419825074,8.2904114026563,6.534904437965663,13.067703271784906
2023-12-30,28.54284094590217,17.996031746031747,18.588192419825074,8.2904114026563,6.534904437965663,13.067703271784906
2023-12-31,28.546197411003234,17.993122977346278,18.581796116504854,8.287216828478963,6.532443365695793,13.077346278317153
2024-01-01,28.543812763200517,17.993116294136705,18.585276967930028,8.287495950761256,6.530045351473923,13.074505992873341
2024-01-02,28.541909857328143,17.993595979247733,18.588764591439688,8.286802853437093,6.527156290531777,13.07360570687419
2024-01-03,28.545756397797213,17.99020084224166,18.583333333333332,8.284094590217038,6.5242144476838355,13.083009394233885
2024-01-04,28.54813915857605,17.986326860841427,18.577912621359225,8.280906148867313,6.521763754045308,13.091666666666669
2024-01-05,28.54770003239391,17.986799481697442,18.583819241982507,8.279721412374473,6.517411726595401,13.087868480725625
2024-01-06,28.54770003239391,17.98291221250405,18.583333333333332,8.275834143181081,6.512552640103661,13.096128927761582
2024-01-07,28.54770003239391,17.98291221250405,18.583333333333332,8.275834143181081,6.512552640103661,13.096128927761582
2024-01-08,28.54770003239391,17.98291221250405,18.583333333333332,8.275834143181081,6.512552640103661,13.096128927761582
2024-01-09,28.548671849692255,17.980968577907355,18.581389698736636,8.271460965338516,6.507207644962747,13.103903466148365
2024-01-10,28.548671849692255,17.980968577907355,18.581389698736636,8.271460965338516,6.507207644962747,13.103903466148365
2024-01-11,28.548671849692255,17.980968577907355,18.581389698736636,8.271460965338516,6.507207644962747,13.103903466148365
2024-01-12,28.5515873015873,17.977567217363138,18.58187560738581,8.265630061548428,6.499433106575964,13.109734369938453
2024-01-13,28.55299352750809,17.97467637540453,18.575485436893203,8.262459546925566,6.497006472491909,13.118365695792882
2024-01-14,28.552559118885647,17.974651765468092,18.579931972789115,8.262714609653385,6.494574020084224,13.114593456430192
2024-01-15,28.554935275080904,17.9707928802589,18.57354368932039,8.259546925566342,6.492152103559871,13.124190938511328
2024-01-16,28.55590614886731,17.96593851132686,18.57257281553398,8.255177993527507,6.4868122977346285,13.13195792880259
2024-01-17,28.55590614886731,17.96593851132686,18.57257281553398,8.255177993527507,6.4868122977346285,13.13195792880259
2024-01-18,28.55590614886731,17.96593851132686,18.57257281553398,8.255177993527507,6.4868122977346285,13.13195792880259
2024-01-19,28.55644638807904,17.967363135730483,18.577502429543244,8.253482345319078,6.48291221250405,13.128684807256237
2024-01-20,28.558333333333334,17.96302588996764,18.57354368932039,8.249838187702265,6.480016181229773,13.137297734627833
2024-01-21,28.558333333333334,17.96302588996764,18.57354368932039,8.249838187702265,6.480016181229773,13.137297734627833
2024-01-22,28.55784789644013,17.958656957928802,18.572087378640777,8.246925566343041,6.475161812297735,13.141666666666667
2024-01-23,28.558818770226537,17.954773462783173,18.57111650485437,8.242556634304206,6.4707928802589,13.146035598705502
2024-01-24,28.558818770226537,17.954773462783173,18.57111650485437,8.242556634304206,6.4707928802589,13.146035598705502
2024-01-25,28.564158576051778,17.953802588996766,18.57111650485437,8.239158576051778,6.464967637540453,13.148462783171523
2024-01-26,28.564158576051778,17.953802588996766,18.57111650485437,8.239158576051778,6.464967637540453,13.148462783171523
2024-01-27,28.5655512447462,17.950937601034596,18.567167798254122,8.235046880051728,6.462576786291627,13.155108309085032
2024-01-28,28.565129449838185,17.95088996763754,18.571601941747574,8.235275080906147,6.459142394822007,13.152346278317154
2024-01-29,28.56652117685095,17.94754283866796,18.565712900096994,8.23213708373747,6.456272227610734,13.159957969608795
2024-01-30,28.56846104106046,17.946087940510832,18.565227934044618,8.226317491108954,6.449482702877465,13.164322664080181
2024-01-31,28.56846104106046,17.946087940510832,18.565227934044618,8.226317491108954,6.449482702877465,13.164322664080181
2024-02-01,28.56984819121447,17.94420219638243,18.560804263565892,8.222222222222221,6.446140180878554,13.169977390180879
2024-02-02,28.572270671834623,17.942264211886307,18.560077519379846,8.21737726098191,6.439599483204135,13.17215762273902
2024-02-03,28.573652791222973,17.93941594062601,18.554695062923525,8.21329461116489,6.4372378186511785,13.178767344304616
2024-02-04,28.573652791222973,17.93941594062601,18.554695062923525,8.21329461116489,6.4372378186511785,13.178767344304616
2024-02-05,28.573652791222973,17.93457566957083,18.5513068731849,8.2108744756373,6.432881574701517,13.184091642465313
2024-02-06,28.575104872539526,17.93215553404324,18.550338818973863,8.20651823168764,6.425621168118748,13.187963859309455
2024-02-07,28.575104872539526,17.93215553404324,18.550338818973863,8.20651823168764,6.425621168118748,13.187963859309455
2024-02-08,28.57517764857881,17.933058785529717,18.555717054263567,8.205749354005167,6.421673126614987,13.183785529715763
2024-02-09,28.572340769479467,17.93153895893954,18.561590688651794,8.205463950856773,6.419172324603944,13.182023924991919
2024-02-10,28.573724160206716,17.92869832041344,18.5562015503876,8.201388888888888,6.4158591731266155,13.188630490956074
2024-02-11,28.574280633688975,17.929599094730037,18.55965082444229,8.200614290333009,6.412382799870676,13.183963789201425
2024-02-12,28.576705463950855,17.92814419657291,18.557710960232782,8.194309731652117,6.405108309085031,13.186873585515682
2024-02-13,28.579615260265115,17.9262043323634,18.55674102812803,8.189460071128353,6.397833818299386,13.189298415777563
2024-02-14,28.579615260265115,17.9262043323634,18.55674102812803,8.189460071128353,6.397833818299386,13.189298415777563
2024-02-15,28.581148867313914,17.92807443365696,18.560679611650485,8.187702265372167,6.392880258899677,13.184627831715211
2024-02-16,28.581148867313914,17.92807443365696,18.560679611650485,8.187702265372167,6.392880258899677,13.184627831715211
2024-02-17,28.583494988684123,17.924264468153897,18.555286129970902,8.183640478499838,6.389589395408988,13.190268347882316
2024-02-18,28.585032362459547,17.926132686084145,18.55873786407767,8.182847896440128,6.3860841423948225,13.185598705501619
2024-02-19,28.587459546925565,17.923705501618123,18.554368932038834,8.1794498381877,6.379773462783172,13.188996763754046
2024-02-20,28.589886731391584,17.922734627831716,18.55242718446602,8.175080906148866,6.372491909385114,13.189967637540454
2024-02-21,28.589886731391584,17.922734627831716,18.55242718446602,8.175080906148866,6.372491909385114,13.189967637540454
2024-02-22,28.59571197411003,17.92176375404531,18.551941747572815,8.171197411003234,6.364239482200648,13.18948220064725
2024-02-23,28.597074038150662,17.918929841577757,18.547526673132882,8.167151632719042,6.361946330423537,13.19511800840608
2024-02-24,28.597948966408268,17.916585917312663,18.54312015503876,8.163598191214469,6.358688630490956,13.200742894056848
2024-02-25,28.597948966408268,17.916585917312663,18.54312015503876,8.163598191214469,6.358688630490956,13.200742894056848
2024-02-26,28.597948966408268,17.916585917312663,18.54312015503876,8.163598191214469,6.358688630490956,13.200742894056848
2024-02-27,28.600613695090438,17.914890180878555,18.540213178294575,8.159479974160206,6.351905684754522,13.203649870801035
2024-02-28,28.600613695090438,17.914890180878555,18.540213178294575,8.159479974160206,6.351905684754522,13.203649870801035
2024-02-29,28.600613695090438,17.914890180878555,18.540213178294575,8.159479974160206,6.351905684754522,13.203649870801035
2024-03-01,28.603136113805366,17.916747494342065,18.54364694471387,8.157694794697703,6.3473973488522475,13.19899773682509
2024-03-02,28.604489664082685,17.914405684754524,18.539244186046513,8.154635012919895,6.344153746770026,13.204134366925066
2024-03-03,28.606530876172002,17.91723246039444,18.541222114451987,8.15284513417394,6.340607824118979,13.200452634982218
2024-03-04,28.608365633074936,17.913921188630493,18.535852713178294,8.150274547803617,6.337370801033592,13.20655684754522
2024-03-05,28.612241602067183,17.9124677002584,18.531976744186046,8.146398578811368,6.330587855297158,13.208979328165375
2024-03-06,28.612241602067183,17.9124677002584,18.531976744186046,8.146398578811368,6.330587855297158,13.208979328165375
2024-03-07,28.612616973217165,17.910616327847695,18.52758954501452,8.143352694417553,6.327363665698613,13.21458535011294
2024-03-08,28.61600516295579,17.910616327847695,18.52565343659245,8.138028396256855,6.320103259115844,13.21458535011294
2024-03-09,28.618310767246935,17.907801418439718,18.51934235976789,8.134993552546742,6.316892327530626,13.220180528691168
2024-03-10,28.619877379799934,17.90916424653114,18.52081316553727,8.133430138754436,6.314294933849629,13.217973539851567
2024-03-11,28.62374959664408,17.90964827363666,18.5135527589545,8.131010003226846,6.308002581477896,13.220393675379155
2024-03-12,28.627621813488222,17.910132300742177,18.507744433688288,8.126653759277184,6.301710229106163,13.222329783801227
2024-03-13,28.627621813488222,17.910132300742177,18.507744433688288,8.126653759277184,6.301710229106163,13.222329783801227
2024-03-14,28.627621813488222,17.910132300742177,18.507744433688288,8.126653759277184,6.301710229106163,13.222329783801227
2024-03-15,28.63016795865633,17.91295219638243,18.507267441860463,8.12580749354005,6.29764211886305,13.218669250645997
2024-03-16,28.631494030332362,17.910132300742177,18.500968054211036,8.122781542433042,6.294449822523395,13.224265892223299
2024-03-17,28.631494030332362,17.910132300742177,18.500968054211036,8.122781542433042,6.294449822523395,13.224265892223299
2024-03-18,28.63233397807866,17.908284977433915,18.49468085106383,8.119761444229528,6.291747259832366,13.23033526756931
2024-03-19,28.638136686009027,17.909735654416508,18.48742746615087,8.114442295293358,6.284977433913604,13.232269503546101
2024-03-20,28.638136686009027,17.909735654416508,18.48742746615087,8.114442295293358,6.284977433913604,13.232269503546101
2024-03-21,28.646840747904577,17.9107027724049,18.4816247582205,8.110090264345581,6.277240490006448,13.231785944551904
2024-03-22,28.648148148148145,17.909339774557168,18.477294685990337,8.10660225442834,6.274074074074075,13.236392914653786
2024-03-23,28.648148148148145,17.909339774557168,18.477294685990337,8.10660225442834,6.274074074074075,13.236392914653786
2024-03-24,28.649453024453024,17.907496782496782,18.47200772200772,8.103603603603602,6.270913770913771,13.241956241956244
2024-03-25,28.65075538412086,17.905175184828032,18.466248794599807,8.100610736097716,6.268241722918676,13.247990999678562
2024-03-26,28.655576984892317,17.90758598521376,18.45708775313404,8.09578913532626,6.261973641915783,13.250883960141435
2024-03-27,28.655576984892317,17.90758598521376,18.45708775313404,8.09578913532626,6.261973641915783,13.250883960141435
2024-03-28,28.659588159588157,17.911840411840412,18.456563706563706,8.093951093951093,6.257400257400258,13.247747747747749
2024-03-29,28.659588159588157,17.911840411840412,18.456563706563706,8.093951093951093,6.257400257400258,13.247747747747749
2024-03-30,28.66088074574092,17.909032465445197,18.451301832208294,8.090967534554805,6.254259080681453,13.254259080681454
2024-03-31,28.66088074574092,17.909032465445197,18.451301832208294,8.090967534554805,6.254259080681453,13.254259080681454
2024-04-01,28.66248391248391,17.912805662805663,18.44787644787645,8.090090090090088,6.251608751608752,13.253539253539255
2024-04-02,28.667792792792792,17.91328828828829,18.438947876447877,8.086711711711711,6.246299871299872,13.25667631917632
2024-04-03,28.66940418679549,17.917069243156202,18.434541062801934,8.085829307568437,6.243639291465379,13.256924315619969
2024-04-04,28.673752012882446,17.91803542673108,18.429710144927537,8.08099838969404,6.236876006441224,13.258373590982288
2024-04-05,28.673752012882446,17.91803542673108,18.429710144927537,8.08099838969404,6.236876006441224,13.258373590982288
2024-04-06,28.675997425997426,17.91521879021879,18.424469111969113,8.078024453024453,6.233751608751609,13.263915701415703
2024-04-07,28.678582930756843,17.91900161030596,18.420048309178743,8.078099838969402,6.231078904991949,13.263204508856685
2024-04-08,28.678582930756843,17.91900161030596,18.420048309178743,8.078099838969402,6.231078904991949,13.263204508856685
2024-04-09,28.6817230273752,17.91996779388084,18.41135265700483,8.074718196457326,6.225764895330113,13.26731078904992
2024-04-10,28.6817230273752,17.91996779388084,18.41135265700483,8.074718196457326,6.225764895330113,13.26731078904992
2024-04-11,28.684800128949064,17.92327530625403,18.409816247582206,8.073339780786588,6.222114764667957,13.265151515151516
2024-04-12,28.687037037037037,17.92141706924316,18.403623188405795,8.06940418679549,6.219001610305958,13.26972624798712
2024-04-13,28.688304375804375,17.91956241956242,18.398407335907336,8.066441441441441,6.215894465894467,13.274292149292151
2024-04-14,28.688304375804375,17.91956241956242,18.398407335907336,8.066441441441441,6.215894465894467,13.274292149292151
2024-04-15,28.690717503217503,17.921492921492924,18.389720077220076,8.064510939510939,6.210102960102961,13.276705276705277
2024-04-16,28.695061132561133,17.9229407979408,18.38006756756757,8.060649935649934,6.207890499194847,13.279118404118405
2024-04-17,28.695061132561133,17.9229407979408,18.38006756756757,8.060649935649934,6.207890499194847,13.279118404118405
2024-04-18,28.69621578099839,17.926731078904993,18.379468599033817,8.060225442834136,6.204223081882657,13.276489533011274
2024-04-19,28.69747425997426,17.924871299871302,18.375241312741313,8.057271557271557,6.201127214170692,13.281048906048907
2024-04-20,28.698730311796847,17.92205078752813,18.370057859209258,8.054323368691739,6.1990025740025745,13.285599485695919
2024-04-21,28.69940476190476,17.925836550836554,18.367519305019304,8.053410553410552,6.197262479871176,13.28394465894466
2024-04-22,28.701817889317887,17.92390604890605,18.361245173745175,8.049066924066922,6.19243156199678,13.288770913770914
2024-04-23,28.705196267696266,17.925353925353928,18.35304054054054,8.04520592020592,6.190199871050935,13.290218790218791
2024-04-24,28.705196267696266,17.925353925353928,18.35304054054054,8.04520592020592,6.190199871050935,13.290218790218791
2024-04-25,28.70636070853462,17.92962962962963,18.353381642512076,8.043800322061191,6.185543723781866,13.287600644122385
2024-04-26,28.708815958815958,17.927284427284427,18.350144787644787,8.04086229086229,6.1829464861379755,13.290701415701417
2024-04-27,28.70909675345548,17.925425908068146,18.344985535197686,8.037929926068786,6.180837359098229,13.295242687238831
2024-04-28,28.707850707850707,17.92921492921493,18.343388030888033,8.037966537966536,6.179078014184397,13.294562419562421
2024-04-29,28.707568438003218,17.93301127214171,18.339855072463767,8.038003220611914,6.177315262988061,13.294847020933979
2024-04-30,28.708293075684377,17.934702093397746,18.333333333333332,8.034138486312399,6.171748951274605,13.297987117552337
2024-05-01,28.708293075684377,17.934702093397746,18.333333333333332,8.034138486312399,6.171748951274605,13.297987117552337
2024-05-02,28.708776167471818,17.935185185185187,18.330434782608695,8.030273752012882,6.169008397932817,13.301851851851852
2024-05-03,28.708776167471818,17.935185185185187,18.330434782608695,8.030273752012882,6.169008397932817,13.301851851851852
2024-05-04,28.71002252252252,17.932351994851995,18.324324324324323,8.027348777348775,6.166908680219426,13.306386743886746
2024-05-05,28.708293075684377,17.935668276972628,18.3231884057971,8.026892109500803,6.164647932816537,13.30571658615137
2024-05-06,28.708776167471818,17.936151368760065,18.316425120772948,8.024959742351045,6.159318475452197,13.308615136876007
2024-05-07,28.708776167471818,17.936634460547506,18.310144927536232,8.022061191626408,6.153989018087856,13.311996779388085
2024-05-08,28.708776167471818,17.936634460547506,18.310144927536232,8.022061191626408,6.153989018087856,13.311996779388085
2024-05-09,28.708776167471818,17.936634460547506,18.310144927536232,8.022061191626408,6.153989018087856,13.311996779388085
2024-05-10,28.708494519664733,17.93947453255964,18.310444874274662,8.020631850419083,6.150743614613644,13.310364281108964
2024-05-11,28.709742351046696,17.936634460547506,18.305314009661835,8.017713365539452,6.148659560723514,13.313929146537843
2024-05-12,28.709461637653124,17.938023855577047,18.304642166344294,8.017246937459703,6.145893954089881,13.313265635074147
2024-05-13,28.709461637653124,17.938023855577047,18.304642166344294,8.017246937459703,6.145893954089881,13.313265635074147
2024-05-14,28.710992907801415,17.93939393939394,18.29851708575113,8.013700838168923,6.1406401551891365,13.315199871050936
2024-05-15,28.710992907801415,17.93939393939394,18.29851708575113,8.013700838168923,6.1406401551891365,13.315199871050936
2024-05-16,28.710992907801415,17.93939393939394,18.29851708575113,8.013700838168923,6.1406401551891365,13.315199871050936
2024-05-17,28.71272141706924,17.93703703703704,18.2938808373591,8.010789049919484,6.138565891472868,13.31779388083736
2024-05-18,28.713963963963963,17.935167310167312,18.287805662805663,8.007882882882882,6.135527589545014,13.321348133848135
2024-05-19,28.713963963963963,17.935167310167312,18.287805662805663,8.007882882882882,6.135527589545014,13.321348133848135
2024-05-20,28.713963963963963,17.935167310167312,18.287805662805663,8.007882882882882,6.135527589545014,13.321348133848135
2024-05-21,28.716168434586947,17.933301189328194,18.28294760527162,8.00498232079717,6.132495164410058,13.323931211828995
2024-05-22,28.716168434586947,17.933301189328194,18.28294760527162,8.00498232079717,6.132495164410058,13.323931211828995
2024-05-23,28.716168434586947,17.933301189328194,18.28294760527162,8.00498232079717,6.132495164410058,13.323931211828995
2024-05-24,28.719813744380215,17.93288375080283,18.277858060372512,8.003050738599871,6.1294685990338165,13.324582530507387
2024-05-25,28.72104587744626,17.930060956047484,18.27277831247995,8.000160410651267,6.126447876447877,13.328119987167149
2024-05-26,28.72104587744626,17.930060956047484,18.27277831247995,8.000160410651267,6.126447876447877,13.328119987167149
2024-05-27,28.720777135517018,17.93288375080283,18.273041104688506,7.998233782915864,6.122705314009662,13.327472703917792
2024-05-28,28.719091201027616,17.93336544637123,18.266779062299296,7.9958253050738595,6.116908212560387,13.331326268464998
2024-05-29,28.719091201027616,17.93336544637123,18.266779062299296,7.9958253050738595,6.116908212560387,13.331326268464998
2024-05-30,28.72128649342316,17.930542188001287,18.262672441450114,7.991979467436638,6.113899613899614,13.335819698427978
2024-05-31,28.720054592164416,17.93336544637123,18.26388888888889,7.99004495825305,6.110144927536232,13.334216441875403
2024-06-01,28.722248957330763,17.931504651908888,18.257860121912096,7.98716714789862,6.107142857142857,13.336782162335581
2024-06-02,28.72198137443802,17.93432883750803,18.256181759794476,7.986191393705844,6.104347826086957,13.336143224149005
2024-06-03,28.721713275474123,17.938122790099648,18.253535840565736,7.986178077788492,6.101547388781431,13.33550305368049
2024-06-04,28.720507875281257,17.939569270331084,18.24774991963999,7.983285117325618,6.096711798839459,13.337672774027645
2024-06-05,28.720507875281257,17.939569270331084,18.24774991963999,7.983285117325618,6.096711798839459,13.337672774027645
2024-06-06,28.72023809523809,17.94288931788932,18.24798906048906,7.981821106821106,6.09244917715392,13.336550836550838
2024-06-07,28.72023809523809,17.94288931788932,18.24798906048906,7.981821106821106,6.09244917715392,13.336550836550838
2024-06-08,28.72147219543555,17.94101575056252,18.24196399871424,7.978945676631308,6.089458413926499,13.339119254259082
2024-06-09,28.72147219543555,17.94101575056252,18.24196399871424,7.978945676631308,6.089458413926499,13.339119254259082
2024-06-10,28.72147219543555,17.94101575056252,18.24196399871424,7.978945676631308,6.089458413926499,13.339119254259082
2024-06-11,28.720507875281257,17.941738990678243,18.236178077788495,7.976052716168434,6.084139264990329,13.342012214721956
2024-06-12,28.721740526653818,17.939868336544638,18.231133590237636,7.973185613359023,6.081159420289855,13.34553628773282
2024-06-13,28.720777135517018,17.94035003211304,18.22583493898523,7.9688503532434165,6.077852998065764,13.348426461143225
2024-06-14,28.720777135517018,17.94035003211304,18.22583493898523,7.9688503532434165,6.077852998065764,13.348426461143225
2024-06-15,28.720295439948618,17.939868336544638,18.21909120102762,7.965478484264611,6.072533849129594,13.352280025690431
2024-06-16,28.719543555126968,17.94318547090968,18.21785599485696,7.963998714239794,6.070183930300097,13.351655416264867
2024-06-17,28.719543555126968,17.944149791063968,18.20917711346834,7.96110575377692,6.064375605033882,13.355512696882032
2024-06-18,28.719543555126968,17.943667630986823,18.202909032465445,7.957248473159755,6.058567279767667,13.359852137576343
2024-06-19,28.719543555126968,17.943667630986823,18.202909032465445,7.957248473159755,6.058567279767667,13.359852137576343
2024-06-20,28.72147219543555,17.944631951141115,18.198087431693992,7.954355512696881,6.051790900290416,13.360816457730634
2024-06-21,28.72147219543555,17.944631951141115,18.198087431693992,7.954355512696881,6.051790900290416,13.360816457730634
2024-06-22,28.72147219543555,17.944631951141115,18.198087431693992,7.954355512696881,6.051790900290416,13.360816457730634
2024-06-23,28.72270391779062,17.94179511881824,18.192116249197174,7.951509312780988,6.0488394584139265,13.364322414900451
2024-06-24,28.72270391779062,17.94179511881824,18.192116249197174,7.951509312780988,6.0488394584139265,13.364322414900451
2024-06-25,28.72294476557482,17.94107257546564,18.185131663455365,7.947174052665382,6.044003868471954,13.367453436095056
2024-06-26,28.72294476557482,17.94107257546564,18.185131663455365,7.947174052665382,6.044003868471954,13.367453436095056
2024-06-27,28.72294476557482,17.94107257546564,18.185131663455365,7.947174052665382,6.044003868471954,13.367453436095056
2024-06-28,28.723908156711623,17.94059087989724,18.179833012202955,7.942838792549774,6.036750483558994,13.37034360950546
2024-06-29,28.725136349053574,17.93776066730831,18.173885145973692,7.940968880333654,6.032850241545893,13.373837022778314
2024-06-30,28.725136349053574,17.93776066730831,18.173885145973692,7.940968880333654,6.032850241545893,13.373837022778314
2024-07-01,28.724655117099772,17.93679820340071,18.166185434712865,7.9385627205646445,6.026570048309178,13.379130574270132
2024-07-02,28.725136349053574,17.935835739493104,18.159448187359644,7.935194096888033,6.024177949709864,13.382499197946744
2024-07-03,28.725136349053574,17.935835739493104,18.159448187359644,7.935194096888033,6.024177949709864,13.382499197946744
2024-07-04,28.72658004491498,17.9343920436317,18.154154635867823,7.931825473211421,6.016924564796906,13.385386589669555
2024-07-05,28.727804487179483,17.931570512820514,18.147275641025644,7.9290064102564095,6.01304347826087,13.389823717948719
2024-07-06,28.727804487179483,17.931570512820514,18.147275641025644,7.9290064102564095,6.01304347826087,13.389823717948719
2024-07-07,28.727542508822584,17.932467115816493,18.146454924606996,7.927975617581007,6.011121856866538,13.390198909207573
2024-07-08,28.72924679487179,17.929647435897436,18.139583333333334,7.925641025641025,6.0082125603864736,13.394150641025643
2024-07-09,28.72972756410256,17.925801282051285,18.132852564102564,7.921794871794871,6.0062862669245645,13.398477564102565
2024-07-10,28.72972756410256,17.925801282051285,18.132852564102564,7.921794871794871,6.0062862669245645,13.398477564102565
2024-07-11,28.728504972730185,17.925729868463268,18.135867821623357,7.920757138273981,6.002904162633108,13.3978986204684
2024-07-12,28.729948668591593,17.922361244786657,18.13057427013154,7.917388514597369,5.998063891577928,13.40078601219121
2024-07-13,28.73116987179487,17.919551282051284,18.12467948717949,7.914583333333333,5.994197292069632,13.405208333333334
2024-07-14,28.729948668591593,17.919473853063845,18.124799486685916,7.914501122874558,5.992255566311713,13.406560795636832
2024-07-15,28.72776172125883,17.92228644829801,18.122992935131666,7.9153821451509305,5.989341085271318,13.406952472703919
2024-07-16,28.729688503532433,17.919396274887607,18.116490044958255,7.911528580603725,5.984496124031008,13.411287732819526
2024-07-17,28.729688503532433,17.919396274887607,18.116490044958255,7.911528580603725,5.984496124031008,13.411287732819526
2024-07-18,28.729688503532433,17.919396274887607,18.116490044958255,7.911528580603725,5.984496124031008,13.411287732819526
2024-07-19,28.728945676631305,17.91931854709097,18.11901317904211,7.9099967855994855,5.9815712900097,13.410720025715205
2024-07-20,28.730170199100833,17.916506101477204,18.112154784842648,7.907193320488117,5.978682170542636,13.41417790622993
2024-07-21,28.727981356477013,17.91835422693668,18.112262937962072,7.90613950498232,5.975751697381184,13.413612986178078
2024-07-22,28.730170199100833,17.9155427103404,18.104929351316635,7.9033397559409115,5.973352713178294,13.417068079640336
2024-07-23,28.732096981374436,17.911689145793193,18.100112395632628,7.9004495825305066,5.967538759689923,13.41995825305074
2024-07-24,28.731838637094178,17.912568306010932,18.102619736419157,7.89842494374799,5.963627546071775,13.41891674702668
2024-07-25,28.733767277402762,17.913050466088077,18.094423015107683,7.895531983285117,5.961650485436893,13.424702667952428
2024-07-26,28.733767277402762,17.913050466088077,18.094423015107683,7.895531983285117,5.961650485436893,13.424702667952428
2024-07-27,28.73498715478484,17.910244059087994,18.08758831085421,7.892742453436094,5.958777885548011,13.429110468850354
2024-07-28,28.73498715478484,17.910244059087994,18.08758831085421,7.892742453436094,5.958777885548011,13.429110468850354
2024-07-29,28.736204683991016,17.907443054218803,18.079804299005456,7.88995829323067,5.9563953488372094,13.43350978504973
2024-07-30,28.73524222008341,17.906480590311197,18.073548283606033,7.885627205646454,5.951065891472868,13.437359640680143
2024-07-31,28.73524222008341,17.906480590311197,18.073548283606033,7.885627205646454,5.951065891472868,13.437359640680143
2024-08-01,28.73524222008341,17.906480590311197,18.073548283606033,7.885627205646454,5.951065891472868,13.437359640680143
2024-08-02,28.73354206807964,17.90928066795119,18.074100834938985,7.88359023763648,5.948108632395733,13.436335902376365
2024-08-03,28.735723452037213,17.906480590311197,18.066329804299006,7.880814886108438,5.945251937984496,13.440728264356755
2024-08-04,28.73546885035324,17.907353885677587,18.065430314707772,7.880700064226076,5.942289039767216,13.441152858060374
2024-08-05,28.733285117325618,17.90919318547091,18.064529090324655,7.880585020893603,5.940291262135922,13.442542590806816
2024-08-06,28.732561877209896,17.908711025393767,18.057537769206043,7.876727740276439,5.9354368932038835,13.446882031501126
2024-08-07,28.732561877209896,17.908711025393767,18.057537769206043,7.876727740276439,5.9354368932038835,13.446882031501126
2024-08-08,28.734972677595625,17.907746705239475,18.05223400835744,7.872870459659274,5.932458697764821,13.448328511732562
2024-08-09,28.737154784842645,17.905908798972384,18.047366730892744,7.8701027617212596,5.929611650485437,13.450786769428388
2024-08-10,28.739332691690727,17.90407443054219,18.03962143086301,7.8673403914019895,5.926770126091173,13.455165222970807
2024-08-11,28.739081567116248,17.903982016698784,18.03869621066153,7.866249197174053,5.924757281553398,13.456567116249198
2024-08-12,28.739081567116248,17.903982016698784,18.03869621066153,7.866249197174053,5.924757281553398,13.456567116249198
2024-08-13,28.739402697495184,17.902215799614645,18.03163134232498,7.862877328195248,5.919902912621359,13.461223506743737
2024-08-14,28.739402697495184,17.902215799614645,18.03163134232498,7.862877328195248,5.919902912621359,13.461223506743737
2024-08-15,28.742540904716073,17.898460057747833,18.02678857876163,7.85915944818736,5.917070805043647,13.463666987487969
2024-08-16,28.740847784200387,17.90077071290944,18.027296082209375,7.85806037251124,5.9140776699029125,13.463631984585742
2024-08-17,28.740847784200387,17.898843930635838,18.019588953114962,7.854688503532435,5.90873786407767,13.470375722543352
2024-08-18,28.73963355834137,17.901639344262296,18.018643522982963,7.85358405657345,5.905733722060253,13.47082931533269
2024-08-19,28.73963355834137,17.901639344262296,18.018643522982963,7.85358405657345,5.905733722060253,13.47082931533269
2024-08-20,28.741321118611378,17.900916104146578,18.011170041787206,7.8492446158791385,5.900388726919339,13.476133076181291
2024-08-21,28.741321118611378,17.900916104146578,18.011170041787206,7.8492446158791385,5.900388726919339,13.476133076181291
2024-08-22,28.74566055930569,17.90043394406943,18.005384120861457,7.844423015107683,5.895043731778426,13.47854387656702
2024-08-23,28.74566055930569,17.90043394406943,18.005384120861457,7.844423015107683,5.895043731778426,13.47854387656702
2024-08-24,28.747832369942195,17.898603082851636,17.99863519588953,7.841682723185613,5.892233009708738,13.482899807321772
2024-08-25,28.747107039537127,17.90043394406943,17.997669559627127,7.840083574413372,5.889698736637512,13.483847637415622
2024-08-26,28.7497591522158,17.897639691714836,17.991409762363517,7.8378291586384075,5.886893203883496,13.488680154142582
2024-08-27,28.7507225433526,17.896194605009633,17.983702633269107,7.833975594091202,5.881553398058252,13.49349710982659
2024-08-28,28.7507225433526,17.896194605009633,17.983702633269107,7.833975594091202,5.881553398058252,13.49349710982659
2024-08-29,28.7507225433526,17.896194605009633,17.983702633269107,7.833975594091202,5.881553398058252,13.49349710982659
2024-08-30,28.750482160077144,17.89850530376085,17.982722597235615,7.831886853101897,5.8790087463556855,13.493008678881388
2024-08-31,28.752649325626205,17.896676300578033,17.975995504174694,7.828195247270392,5.87621359223301,13.498314065510597
2024-09-01,28.752649325626205,17.896676300578033,17.975995504174694,7.828195247270392,5.87621359223301,13.498314065510597
2024-09-02,28.756021194605008,17.894749518304433,17.966843288375077,7.824823378291587,5.8699029126213595,13.504094412331407
2024-09-03,28.758429672447015,17.892341040462426,17.960099550417468,7.820488118175979,5.864563106796116,13.508911368015415
2024-09-04,28.758429672447015,17.892341040462426,17.960099550417468,7.820488118175979,5.864563106796116,13.508911368015415
2024-09-05,28.76083815028902,17.891859344894026,17.953355812459858,7.815671162491972,5.8587378640776695,13.511801541425818
2024-09-06,28.76395572666025,17.8890760346487,17.94714469040744,7.81199871671479,5.8564500484966056,13.515158806544754
2024-09-07,28.765880654475456,17.888113570741098,17.936557587423803,7.808148861084376,5.851600387972842,13.520933589990376
2024-09-08,28.764691714836225,17.88752408477842,17.93649646756583,7.807000642260758,5.849514563106796,13.521917148362235
2024-09-09,28.764691714836225,17.88752408477842,17.93649646756583,7.807000642260758,5.849514563106796,13.521917148362235
2024-09-10,28.76926782273603,17.883670520231213,17.928307642903018,7.802665382145151,5.843446601941747,13.526974951830443
2024-09-11,28.76926782273603,17.883670520231213,17.928307642903018,7.802665382145151,5.843446601941747,13.526974951830443
2024-09-12,28.770009643201544,17.884522661523626,17.927274188363867,7.801510768241723,5.841350826044704,13.5274831243973
2024-09-13,28.768822393822393,17.886341698841697,17.928169240669238,7.799388674388675,5.8373054474708175,13.527027027027026
2024-09-14,28.772902603664416,17.882594021215045,17.92052394728383,7.7957248473159755,5.834548104956268,13.532304725168755
2024-09-15,28.772902603664416,17.882594021215045,17.92052394728383,7.7957248473159755,5.834548104956268,13.532304725168755
2024-09-16,28.776974951830443,17.878853564547207,17.91289338471419,7.792549775208735,5.831310679611651,13.538053949903661
2024-09-17,28.78131021194605,17.876445086705203,17.90614964675658,7.787732819524727,5.824029126213592,13.542389210019268
2024-09-18,28.78131021194605,17.876445086705203,17.90614964675658,7.787732819524727,5.824029126213592,13.542389210019268
2024-09-19,28.789017341040463,17.8759633911368,17.89699743095697,7.78291586384072,5.820942662779397,13.545761078998073
2024-09-20,28.789017341040463,17.8759633911368,17.89699743095697,7.78291586384072,5.820942662779397,13.545761078998073
2024-09-21,28.79210779595765,17.873195380173243,17.889396855951233,7.779274943856272,5.817233009708738,13.551973051010586
2024-09-22,28.79287090558767,17.873073217726397,17.887363519588952,7.779062299293513,5.8141399416909625,13.553468208092486
2024-09-23,28.795957651588065,17.870789220404234,17.879290984921397,7.774943856272057,5.810922330097087,13.559672762271415
2024-09-24,28.79980750721848,17.868864292589027,17.87159127366057,7.77013153673404,5.807823129251701,13.563522617901828
2024-09-25,28.79980750721848,17.868864292589027,17.87159127366057,7.77013153673404,5.807823129251701,13.563522617901828
2024-09-26,28.79961464354528,17.871628131021193,17.869540783558122,7.769910083493899,5.804717898832685,13.564065510597302
2024-09-27,28.802023121387283,17.871628131021193,17.861833654463712,7.765093127809891,5.80034046692607,13.566955684007707
2024-09-28,28.8051010587103,17.868864292589027,17.85522938723131,7.7614693615656085,5.7976190476190474,13.57218479307026
2024-09-29,28.80491329479769,17.86970134874759,17.8541265253693,7.761239563262685,5.794503891050583,13.572736030828516
2024-09-30,28.80635838150289,17.86873795761079,17.845456005138086,7.75834938985228,5.789153696498055,13.577552986512524
2024-10-01,28.808285163776493,17.86970134874759,17.836785484906873,7.753532434168273,5.783317120622568,13.58140655105973
2024-10-02,28.808285163776493,17.86970134874759,17.836785484906873,7.753532434168273,5.783317120622568,13.58140655105973
2024-10-03,28.807859209257472,17.87198649951784,17.835181613629057,7.752571520411443,5.780671859785784,13.581485053037609
2024-10-04,28.809971098265898,17.870183044315993,17.82859666024406,7.748956326268465,5.777966926070039,13.584778420038536
2024-10-05,28.812078922040424,17.868383060635225,17.82202438241899,7.74534809111325,5.775267249757046,13.590952839268528
2024-10-06,28.812078922040424,17.868383060635225,17.82202438241899,7.74534809111325,5.775267249757046,13.590952839268528
2024-10-07,28.814663461538462,17.86658653846154,17.814983974358974,7.741746794871795,5.7720873786407765,13.597115384615385
2024-10-08,28.81658653846154,17.867548076923075,17.808253205128203,7.735977564102565,5.7662621359223305,13.600961538461538
2024-10-09,28.81658653846154,17.867548076923075,17.808253205128203,7.735977564102565,5.7662621359223305,13.600961538461538
2024-10-10,28.818509615384617,17.867548076923075,17.802483974358974,7.731169871794872,5.760436893203884,13.604807692307693
2024-10-11,28.81929740134745,17.869826756496632,17.80181264035932,7.7289862046839914,5.75728862973761,13.604427333974975
2024-10-12,28.82139423076923,17.868028846153845,17.795272435897434,7.725400641025641,5.754611650485437,13.609615384615385
2024-10-13,28.820259865255053,17.868383060635225,17.7960378569137,7.724173885145974,5.751943634596696,13.610202117420597
2024-10-14,28.822836538461537,17.86658653846154,17.788541666666667,7.720592948717949,5.749757281553398,13.614903846153846
2024-10-15,28.824759615384615,17.865625,17.781810897435896,7.715785256410257,5.743932038834951,13.61875
2024-10-16,28.824759615384615,17.865625,17.781810897435896,7.715785256410257,5.743932038834951,13.61875
2024-10-17,28.82555341674687,17.866458132820018,17.781600898299647,7.715511709977543,5.7417395529640425,13.61934552454283
2024-10-18,28.83132820019249,17.866458132820018,17.773660571061917,7.709977542508823,5.736880466472303,13.622714148219442
2024-10-19,28.833413461538463,17.864663461538463,17.766185897435896,7.706410256410257,5.734223300970874,13.627884615384616
2024-10-20,28.833413461538463,17.864663461538463,17.766185897435896,7.706410256410257,5.734223300970874,13.627884615384616
2024-10-21,28.835014409221902,17.8633525456292,17.758725584373998,7.702849823887288,5.731086323957323,13.633045148895294
2024-10-22,28.838856868395773,17.86527377521614,17.74671789945565,7.698046749919949,5.726721629485936,13.637848222862631
2024-10-23,28.838856868395773,17.86527377521614,17.74671789945565,7.698046749919949,5.726721629485936,13.637848222862631
2024-10-24,28.841586538461538,17.868990384615383,17.73974358974359,7.69775641025641,5.724514563106796,13.638461538461538
2024-10-25,28.841586538461538,17.868990384615383,17.73974358974359,7.69775641025641,5.724514563106796,13.638461538461538
2024-10-26,28.842699327569644,17.866234390009605,17.7332692923471,7.694204290746078,5.721871968962173,13.64361191162344
2024-10-27,28.845432692307693,17.87139423076923,17.725320512820513,7.694391025641026,5.720631067961165,13.64423076923077
2024-10-28,28.847502401536985,17.868635926993274,17.718860070445082,7.69084213896894,5.717507274490786,13.649375600384246
2024-10-29,28.853746397694525,17.872478386167145,17.701569004162664,7.686999679795069,5.713142580019398,13.654178674351584
2024-10-30,28.853746397694525,17.872478386167145,17.701569004162664,7.686999679795069,5.713142580019398,13.654178674351584
2024-10-31,28.858685220729367,17.870681381957773,17.695137555982086,7.683461292386436,5.713142580019398,13.657389635316699
2024-11-01,28.866362763915546,17.87356046065259,17.68026231605886,7.6777031349968015,5.708777885548011,13.660748560460652
2024-11-02,28.869367209971237,17.87176414189837,17.67289868967721,7.674177053371684,5.707122093023256,13.66490891658677
2024-11-03,28.869367209971237,17.87176414189837,17.67289868967721,7.674177053371684,5.707122093023256,13.66490891658677
2024-11-04,28.869367209971237,17.87176414189837,17.67289868967721,7.674177053371684,5.707122093023256,13.66490891658677
2024-11-05,28.877037392138064,17.875838926174495,17.65683924576542,7.669622882710131,5.702519379844961,13.668744007670183
2024-11-06,28.877037392138064,17.875838926174495,17.65683924576542,7.669622882710131,5.702519379844961,13.668744007670183
2024-11-07,28.880986590038315,17.874521072796934,17.650941890166028,7.666107918263091,5.699903194578896,13.672413793103448
2024-11-08,28.888649425287355,17.877394636015325,17.638489782886335,7.660360791826309,5.695062923523717,13.676724137931034
2024-11-09,28.89162679425837,17.87464114832536,17.631180223285487,7.6568580542264755,5.693423597678917,13.681818181818182
2024-11-10,28.89162679425837,17.87464114832536,17.631180223285487,7.6568580542264755,5.693423597678917,13.681818181818182
2024-11-11,28.895933014354068,17.877033492822967,17.617783094098883,7.654465709728868,5.689555125725338,13.688516746411484
2024-11-12,28.90311004784689,17.88086124401914,17.603429027113236,7.651116427432217,5.6847195357833655,13.691866028708134
2024-11-13,28.90311004784689,17.88086124401914,17.603429027113236,7.651116427432217,5.6847195357833655,13.691866028708134
2024-11-14,28.90311004784689,17.88086124401914,17.603429027113236,7.651116427432217,5.6847195357833655,13.691866028708134
2024-11-15,28.906130268199234,17.885775862068964,17.595625798212005,7.650542784163474,5.681994191674733,13.692289272030651
2024-11-16,28.90909090909091,17.88397129186603,17.58835725677831,7.647049441786284,5.68036750483559,13.697368421052632
2024-11-17,28.911877394636015,17.888649425287355,17.58125798212005,7.645753512132822,5.679090029041626,13.698994252873563
2024-11-18,28.914832535885168,17.88684210526316,17.574960127591705,7.642743221690591,5.676982591876209,13.704066985645934
2024-11-19,28.921531100478468,17.889234449760764,17.56108452950558,7.638915470494418,5.673114119922631,13.708851674641148
2024-11-20,28.921531100478468,17.889234449760764,17.56108452950558,7.638915470494418,5.673114119922631,13.708851674641148
2024-11-21,28.927272727272726,17.89019138755981,17.55151515151515,7.635087719298246,5.6682785299806575,13.713636363636363
2024-11-22,28.932600382409177,17.887906309751433,17.54525175270873,7.631134480560867,5.666666666666667,13.71725621414914
2024-11-23,28.935530085959886,17.8841929321872,17.539000318369943,7.6286214581343526,5.665057915057915,13.722301814708691
2024-11-24,28.939292543021033,17.888862332695986,17.530911408540472,7.628266411727215,5.66280193236715,13.722992351816444
2024-11-25,28.94269340974212,17.886103151862464,17.524673670805473,7.6252785737026425,5.660714285714286,13.728510028653295
2024-11-26,28.94842406876791,17.88849092645654,17.512257242916267,7.621935689270933,5.656370656370656,13.733285577841452
2024-11-27,28.94842406876791,17.88849092645654,17.512257242916267,7.621935689270933,5.656370656370656,13.733285577841452
2024-11-28,28.94842406876791,17.88849092645654,17.512257242916267,7.621935689270933,5.656370656370656,13.733285577841452
2024-11-29,28.953199617956066,17.88992359121299,17.501751034702323,7.6181152499204075,5.651061776061776,13.737106017191977
2024-11-30,28.956106870229007,17.887166030534353,17.49745547073791,7.615617048346056,5.648505303760849,13.741173664122137
2024-12-01,28.956106870229007,17.887166030534353,17.49745547073791,7.615617048346056,5.648505303760849,13.741173664122137
2024-12-02,28.95853193517636,17.88536701620591,17.493168096599934,7.6126469653638384,5.646435452793834,13.745710200190658
2024-12-03,28.965204957102003,17.88679694947569,17.48172863044169,7.608833809977757,5.641618497109826,13.75
2024-12-04,28.965204957102003,17.88679694947569,17.48172863044169,7.608833809977757,5.641618497109826,13.75
2024-12-05,28.970924690181125,17.888703527168733,17.473149030823006,7.604067365745155,5.635838150289017,13.753813155386082
2024-12-06,28.974761904761905,17.885952380952382,17.469841269841268,7.600634920634921,5.63330125120308,13.756904761904762
2024-12-07,28.977640342530922,17.88415794481446,17.46463685379004,7.59720900729464,5.631730769230769,13.761893434823977
2024-12-08,28.977640342530922,17.88415794481446,17.46463685379004,7.59720900729464,5.631730769230769,13.761893434823977
2024-12-09,28.980970504281636,17.887963843958136,17.451791944180144,7.593878845543927,5.626923076923077,13.769029495718364
2024-12-10,28.984776403425307,17.891294005708847,17.442277196320962,7.5895972090072945,5.6216346153846155,13.774262607040914
2024-12-11,28.984776403425307,17.891294005708847,17.442277196320962,7.5895972090072945,5.6216346153846155,13.774262607040914
2024-12-12,28.985238095238095,17.896428571428572,17.437460317460317,7.589206349206349,5.61934552454283,13.773571428571428
2024-12-13,28.986177311725452,17.901096282173498,17.430251032729583,7.5888147442008265,5.617052023121388,13.775262154432793
2024-12-14,28.987607244995232,17.9034795042898,17.418811566571335,7.5869081665077855,5.6117533718689785,13.783365109628217
2024-12-15,28.990458015267176,17.908158396946565,17.41062340966921,7.58555979643766,5.609450337512054,13.78506679389313
2024-12-16,28.992850333651095,17.906816015252623,17.40498887829679,7.583095011121704,5.60645472061657,13.79051477597712
2024-12-17,28.996186844613916,17.910152526215445,17.394979345408323,7.578328566889101,5.602119460500964,13.796234509056244
2024-12-18,28.996186844613916,17.910152526215445,17.394979345408323,7.578328566889101,5.602119460500964,13.796234509056244
2024-12-19,29.0,17.90642857142857,17.39174603174603,7.573968253968254,5.599615014436958,13.801190476190476
2024-12-20,29.005396825396822,17.909761904761904,17.381111111111114,7.56888888888889,5.595283926852743,13.80484126984127
2024-12-21,29.00824611481129,17.907944814462418,17.375991119568667,7.566444655883286,5.592788461538461,13.810735807167777
2024-12-22,29.01111111111111,17.91357142857143,17.36777777777778,7.566031746031746,5.591434071222329,13.810555555555556
2024-12-23,29.01300348874088,17.91175071360609,17.36338407865525,7.562638756739614,5.589423076923077,13.815731049793849
2024-12-24,29.015396825396824,17.916428571428572,17.358015873015873,7.561269841269842,5.587102983638114,13.816031746031747
2024-12-25,29.015396825396824,17.916428571428572,17.358015873015873,7.561269841269842,5.587102983638114,13.816031746031747
2024-12-26,29.016841436288527,17.92254528122021,17.352160788052114,7.559898315856372,5.583815028901734,13.814903082300605
2024-12-27,29.016841436288527,17.92254528122021,17.352160788052114,7.559898315856372,5.583815028901734,13.814903082300605
2024-12-28,29.018730158730158,17.921666666666667,17.347063492063494,7.556507936507937,5.581328200192493,13.820793650793652
2024-12-29,29.018730158730158,17.921666666666667,17.347063492063494,7.556507936507937,5.581328200192493,13.820793650793652
2024-12-30,29.0215873015873,17.925,17.33468253968254,7.553174603174604,5.578440808469683,13.827936507936508
2024-12-31,29.02446774706069,17.929694947569114,17.32880521131236,7.552272005084208,5.575626204238921,13.828249126151892
2025-01-01,29.02446774706069,17.929694947569114,17.32880521131236,7.552272005084208,5.575626204238921,13.828249126151892
2025-01-02,29.02446774706069,17.929694947569114,17.32880521131236,7.552272005084208,5.575626204238921,13.828249126151892
2025-01-03,29.029710835716553,17.933508102955194,17.318795678423896,7.547505560851605,5.570809248554913,13.831585637114713
2025-01-04,29.0315873015873,17.93166666666667,17.31468253968254,7.544126984126985,5.568334937439846,13.837460317460318
2025-01-05,29.0315873015873,17.93166666666667,17.31468253968254,7.544126984126985,5.568334937439846,13.837460317460318
2025-01-06,29.03346019663812,17.929352997145575,17.311052965429752,7.5407548366634956,5.5658653846153845,13.844751030764352
2025-01-07,29.039169045353628,17.93268315889629,17.30058674278465,7.535521725340946,5.560576923076923,13.849984142086901
2025-01-08,29.039169045353628,17.93268315889629,17.30058674278465,7.535521725340946,5.560576923076923,13.849984142086901
2025-01-09,29.041032953105194,17.929895437262356,17.297449302915084,7.532160963244614,5.5590778097982705,13.855830164765527
2025-01-10,29.044359949302912,17.93084600760456,17.288418884664132,7.527408111533587,5.555235350624399,13.862008871989861
2025-01-11,29.044835234474014,17.933222433460077,17.277962610899873,7.524556400506971,5.550432276657061,13.871039290240812
2025-01-12,29.047732318426892,17.93696479543292,17.270615287028228,7.525055502695846,5.549038461538461,13.870916587377101
2025-01-13,29.049588086185043,17.934173003802282,17.26655576679341,7.521704689480355,5.547070124879923,13.878643852978454
2025-01-14,29.053865652724966,17.93559885931559,17.257050063371356,7.517427122940432,5.542267050912584,13.884822560202789
2025-01-15,29.053865652724966,17.93559885931559,17.257050063371356,7.517427122940432,5.542267050912584,13.884822560202789
2025-01-16,29.056771328893117,17.940294957183635,17.250634316523946,7.516967967015542,5.539903846153846,13.883761496986997
2025-01-17,29.056771328893117,17.940294957183635,17.250634316523946,7.516967967015542,5.539903846153846,13.883761496986997
2025-01-18,29.05671736375158,17.938450570342205,17.2465937896071,7.514575411913816,5.538424591738713,13.89052598225602
2025-01-19,29.05671736375158,17.938450570342205,17.2465937896071,7.514575411913816,5.538424591738713,13.89052598225602
2025-01-20,29.056663501107945,17.936609686609685,17.242560937005383,7.51218740107629,5.536948176583493,13.897752453308009
2025-01-21,29.059512503956945,17.93755935422602,17.233539094650208,7.508388730610953,5.5331094049904035,13.903450459006015
2025-01-22,29.059512503956945,17.93755935422602,17.233539094650208,7.508388730610953,5.5331094049904035,13.903450459006015
2025-01-23,29.06710984488762,17.939933523266856,17.224042418486864,7.504115226337449,5.531700288184438,13.908198797087687
2025-01-24,29.067994939911447,17.93714421252372,17.22098355471221,7.50079063883618,5.531190019193858,13.914927261227072
2025-01-25,29.068878357030012,17.93530805687204,17.21603475513428,7.497472353870458,5.529721955896452,13.921642969984203
2025-01-26,29.070366856419984,17.93856736242884,17.21007273877293,7.498418722327641,5.528310940499041,13.92156862745098
2025-01-27,29.07124802527646,17.936255924170617,17.20560821484992,7.495576619273303,5.527325023969319,13.929225908372828
2025-01-28,29.073143759873616,17.936729857819905,17.198025276461298,7.492259083728278,5.524448705656759,13.935387045813586
2025-01-29,29.073143759873616,17.936729857819905,17.198025276461298,7.492259083728278,5.524448705656759,13.935387045813586
2025-01-30,29.073390151515152,17.93458017676768,17.194996843434346,7.488952020202021,5.5236270753512136,13.94207702020202
2025-01-31,29.076231060606062,17.93600063131313,17.18742108585859,7.485164141414142,5.520274584929758,13.946338383838384
2025-02-01,29.07710501419111,17.935115105644908,17.18251340271208,7.4818669189530125,5.518819776714514,13.953957742037213
2025-02-02,29.07710501419111,17.935115105644908,17.18251340271208,7.4818669189530125,5.518819776714514,13.953957742037213
2025-02-03,29.079943235572376,17.935115105644908,17.17305266477452,7.479501734468623,5.515948963317385,13.963418479974772
2025-02-04,29.080416272469254,17.935588142541786,17.166903185115107,7.475717439293599,5.514035087719298,13.96862188584043
2025-02-05,29.080416272469254,17.935588142541786,17.166903185115107,7.475717439293599,5.514035087719298,13.96862188584043
2025-02-06,29.084673604541155,17.93700725323242,17.158861557868182,7.472406181015453,5.511642743221691,13.973352254809209
2025-02-07,29.08561967833491,17.93700725323242,17.151766004415013,7.469567959634185,5.509250398724083,13.979501734468622
2025-02-08,29.08553875236295,17.935176433522372,17.14689666036547,7.466288594833019,5.5087635436583815,13.986137366099559
2025-02-09,29.087511825922423,17.93889940081993,17.141359192683698,7.4657836644591615,5.506379585326954,13.986124251024913
2025-02-10,29.08837429111531,17.93659420289855,17.137444864524262,7.462507876496535,5.50685149776928,13.993698802772528
2025-02-11,29.089319470699433,17.937539382482672,17.130356017643354,7.458727158160051,5.505417463352454,13.999842470069314
2025-02-12,29.089319470699433,17.937539382482672,17.130356017643354,7.458727158160051,5.505417463352454,13.999842470069314
2025-02-13,29.09499054820416,17.938011972274733,17.122321991178325,7.455419029615627,5.503505417463352,14.004095778197858
2025-02-14,29.095845136921625,17.936181932640856,17.1193736229147,7.452156122127794,5.504934734161096,14.009757632987096
2025-02-15,29.096698113207548,17.933411949685535,17.115487421383648,7.448899371069183,5.505407124681934,14.016352201257861
2025-02-16,29.09754948162111,17.931589695256047,17.111608545397424,7.446591266101163,5.506831903400064,14.021991831605405
2025-02-17,29.10037700282752,17.933474709393654,17.098413446434183,7.445177505497958,5.506355258976804,14.029531888155828
2025-02-18,29.10320452403393,17.93488846999686,17.089930882814954,7.44234998429155,5.505878614553543,14.035186930568646
2025-02-19,29.104990583804142,17.932124921531702,17.08607972379159,7.43910860012555,5.506349206349206,14.040803515379787
2025-02-20,29.10734463276836,17.93447897049592,17.078075957313246,7.435577526679222,5.505873015873016,14.045511613308223
2025-02-21,29.10865475070555,17.93148322358106,17.073769206647853,7.433051113201631,5.508008246114811,14.051583568516778
2025-02-22,29.10902255639098,17.92872807017544,17.069470551378448,7.43029448621554,5.509901774397973,14.05811403508772
2025-02-23,29.10902255639098,17.92872807017544,17.069470551378448,7.43029448621554,5.509901774397973,14.05811403508772
2025-02-24,29.10902255639098,17.92872807017544,17.069470551378448,7.43029448621554,5.509901774397973,14.05811403508772
2025-02-25,29.110536218250235,17.93195359046723,17.06530260269677,7.429758544998433,5.508008246114811,14.058168704923174
2025-02-26,29.110536218250235,17.93195359046723,17.06530260269677,7.429758544998433,5.508008246114811,14.058168704923174
2025-02-27,29.110536218250235,17.93195359046723,17.06530260269677,7.429758544998433,5.508008246114811,14.058168704923174
2025-02-28,29.112523540489644,17.936126804770872,17.061126804770872,7.428986189579411,5.505634920634921,14.056811048336472
2025-03-01,29.112523540489644,17.936126804770872,17.061126804770872,7.428986189579411,5.505634920634921,14.056811048336472
2025-03-02,29.114406779661017,17.93801004394225,17.048885750156938,7.426161330822349,5.5065873015873015,14.064344005021972
2025-03-03,29.114406779661017,17.93801004394225,17.048885750156938,7.426161330822349,5.5065873015873015,14.064344005021972
2025-03-04,29.115583804143125,17.939187068424356,17.038527934714377,7.422159447583177,5.50920634920635,14.072347771500315
2025-03-05,29.115583804143125,17.939187068424356,17.038527934714377,7.422159447583177,5.50920634920635,14.072347771500315
2025-03-06,29.115475070555032,17.9373628096582,17.0337880213233,7.417999372844152,5.512527751347923,14.078864847914707
2025-03-07,29.115475070555032,17.938303543430543,17.025791784258388,7.414706804640954,5.5144307009197595,14.084509250548763
2025-03-08,29.115112994350284,17.940128688010045,17.01969554300063,7.415568110483365,5.513015873015873,14.085530445699938
2025-03-09,29.115112994350284,17.94201192718142,17.00933772755807,7.412743251726303,5.514920634920635,14.09212178279975
2025-03-10,29.11464218455744,17.944365976145637,16.996625863151287,7.410389202762085,5.517301587301588,14.100596359070936
2025-03-11,29.11464218455744,17.94483678593848,16.987209667294415,7.407093534212179,5.51968253968254,14.109070935342123
2025-03-12,29.11464218455744,17.94483678593848,16.987209667294415,7.407093534212179,5.51968253968254,14.109070935342123
2025-03-13,29.11464218455744,17.94483678593848,16.987209667294415,7.407093534212179,5.51968253968254,14.109070935342123
2025-03-14,29.116635249764375,17.949026076028904,16.98201382343701,7.407005969211436,5.516364791865269,14.10823122840088
2025-03-15,29.115583804143125,17.9471908349027,16.97638104205901,7.402856246076586,5.520634920634921,14.115662272441934
2025-03-16,29.115583804143125,17.9471908349027,16.97638104205901,7.402856246076586,5.520634920634921,14.115662272441934
2025-03-17,29.115475070555032,17.94488867983694,16.970758858576357,7.398714330511132,5.525372660957818,14.123079335214802
2025-03-18,29.113593603010347,17.94441831295077,16.963232988397618,7.394951395421763,5.527751347922614,14.132016306052055
2025-03-19,29.113593603010347,17.94441831295077,16.963232988397618,7.394951395421763,5.527751347922614,14.132016306052055
2025-03-20,29.113593603010347,17.94441831295077,16.963232988397618,7.394951395421763,5.527751347922614,14.132016306052055
2025-03-21,29.11453433678269,17.946299780495455,16.95288491690185,7.391188460332393,5.5287028227085315,14.138601442458452
2025-03-22,29.11453433678269,17.946299780495455,16.95288491690185,7.391188460332393,5.5287028227085315,14.138601442458452
2025-03-23,29.11453433678269,17.946299780495455,16.95288491690185,7.391188460332393,5.5287028227085315,14.138601442458452
2025-03-24,29.112546992481203,17.943060776942357,16.948229949874687,7.387531328320803,5.533428390367554,14.147399749373434
2025-03-25,29.111137218045112,17.943530701754387,16.941651002506266,7.383302005012532,5.533903675538657,14.155858395989975
2025-03-26,29.111137218045112,17.943530701754387,16.941651002506266,7.383302005012532,5.533903675538657,14.155858395989975
2025-03-27,29.114896616541355,17.94588032581454,16.932722431077696,7.378602756892231,5.533903675538657,14.160557644110277
2025-03-28,29.112910798122066,17.943114241001567,16.92902973395931,7.374491392801253,5.538144982589428,14.167918622848202
2025-03-29,29.109990619136962,17.941291432145093,16.924405878674172,7.370387742338963,5.542378241619229,14.17620387742339
2025-03-30,29.112910798122066,17.944992175273867,16.91964006259781,7.369796557120502,5.539094650205762,14.176369327073553
2025-03-31,29.11244131455399,17.946400625978093,16.910250391236307,7.366510172143975,5.539569484013929,14.18528951486698
2025-04-01,29.11150234741784,17.94687010954617,16.903208137715183,7.361345852895149,5.539569484013929,14.195148669796557
2025-04-02,29.11150234741784,17.94687010954617,16.903208137715183,7.361345852895149,5.539569484013929,14.195148669796557
2025-04-03,29.10858348968105,17.94504377736085,16.897670419011884,7.358192620387743,5.543801391524352,14.204346466541589
2025-04-04,29.111971830985915,17.947339593114243,16.894287949921754,7.357589984350549,5.540044317822096,14.203599374021909
2025-04-05,29.10717636022514,17.94551282051282,16.888758599124454,7.354440275171983,5.545224541429476,14.212789243277049
2025-04-06,29.111032863849765,17.948278560250394,16.8839593114241,7.354773082942097,5.541943653054765,14.212989045383413
2025-04-07,29.107410881801126,17.94598186366479,16.878205128205128,7.351626016260163,5.546410499683745,14.222873671044404
2025-04-08,29.106003752345217,17.94504377736085,16.87210756722952,7.3464665415884935,5.546410499683745,14.232723577235772
2025-04-09,29.106003752345217,17.94504377736085,16.87210756722952,7.3464665415884935,5.546410499683745,14.232723577235772
2025-04-10,29.109859154929577,17.947339593114243,16.868231611893584,7.345383411580595,5.542181069958848,14.232003129890455
2025-04-11,29.10657276995305,17.948278560250394,16.85931142410016,7.342097026604069,5.544080405191517,14.240923317683881
2025-04-12,29.102720450281424,17.94645090681676,16.85381488430269,7.338023764853034,5.548308032890576,14.250078173858663
2025-04-13,29.102720450281424,17.94645090681676,16.85381488430269,7.338023764853034,5.548308032890576,14.250078173858663
2025-04-14,29.099343955014056,17.944626679162763,16.84832864729772,7.334426741643237,5.552527646129542,14.259684473602
2025-04-15,29.09746954076851,17.94509528272415,16.84036238675414,7.328803498906592,5.55347551342812,14.269993751952516
2025-04-16,29.09746954076851,17.94509528272415,16.84036238675414,7.328803498906592,5.55347551342812,14.269993751952516
2025-04-17,29.09746954076851,17.94509528272415,16.84036238675414,7.328803498906592,5.55347551342812,14.269993751952516
2025-04-18,29.099906191369605,17.94832707942464,16.835522201375863,7.327704815509694,5.549731182795699,14.27024702939337
2025-04-19,29.097000937207124,17.946501093408312,16.830521711965012,7.324117463292722,5.553949447077409,14.279131521399563
2025-04-20,29.097000937207124,17.946501093408312,16.830521711965012,7.324117463292722,5.553949447077409,14.279131521399563
2025-04-21,29.098968105065666,17.951141338336463,16.824734208880553,7.3244215134459045,5.549731182795699,14.279393370856786
2025-04-22,29.096622889305817,17.951610381488432,16.815353345841153,7.320434646654159,5.550679949399115,14.290650406504065
2025-04-23,29.096622889305817,17.951610381488432,16.815353345841153,7.320434646654159,5.550679949399115,14.290650406504065
2025-04-24,29.09906103286385,17.955790297339593,16.810954616588422,7.319327073552426,5.547404241848686,14.289984350547732
2025-04-25,29.097652582159625,17.95719874804382,16.80250391236307,7.313693270735524,5.548828743273188,14.298904538341159
2025-04-26,29.097652582159625,17.95719874804382,16.80250391236307,7.313693270735524,5.548828743273188,14.298904538341159
2025-04-27,29.101503759398497,17.96185776942356,16.79667919799499,7.312108395989975,5.546498732572878,14.298245614035089
2025-04-28,29.097652582159625,17.959546165884195,16.791236306729267,7.308059467918623,5.550728078505856,14.30829420970266
2025-04-29,29.093896713615024,17.96001564945227,16.782785602503914,7.302425665101722,5.552627413738525,14.320031298904539
2025-04-30,29.093896713615024,17.96001564945227,16.782785602503914,7.302425665101722,5.552627413738525,14.320031298904539
2025-05-01,29.094924812030076,17.96373746867168,16.779291979949875,7.301300125313284,5.549825728770596,14.319392230576442
2025-05-02,29.092957746478874,17.96095461658842,16.773865414710485,7.298200312989046,5.5540519151630265,14.32754303599374
2025-05-03,29.089118198874296,17.95911507191995,16.769387116948092,7.2951063164477805,5.558270082226439,14.336616635397124
2025-05-04,29.091079812206573,17.96283255086072,16.765414710485135,7.294444444444445,5.555951250395695,14.335993740219093
2025-05-05,29.088967136150234,17.965179968701097,16.754616588419406,7.290219092331769,5.55690091801203,14.346087636932708
2025-05-06,29.08999060150376,17.96890664160401,16.75062656641604,7.289082080200502,5.553628010139417,14.347352756892231
2025-05-07,29.088028169014084,17.967057902973398,16.745226917057906,7.285993740219093,5.557850585628364,14.35547730829421
2025-05-08,29.08999060150376,17.971726190476193,16.74122807017544,7.284852756892231,5.55410329531052,14.354871553884712
2025-05-09,29.08999060150376,17.971726190476193,16.74122807017544,7.284852756892231,5.55410329531052,14.354871553884712
2025-05-10,29.086150234741783,17.96987480438185,16.735837245696402,7.281768388106417,5.558325419436531,14.363928012519562
2025-05-11,29.08670112781955,17.97266604010025,16.73182957393484,7.28203320802005,5.555529150823828,14.363330200501254
2025-05-12,29.082863849765257,17.970813771518,16.726447574334898,7.278482003129891,5.559749920861032,14.37284820031299
2025-05-13,29.08051643192488,17.97175273865415,16.717057902973398,7.273317683881065,5.561174422285534,14.383646322378718
2025-05-14,29.08051643192488,17.97175273865415,16.717057902973398,7.273317683881065,5.561174422285534,14.383646322378718
2025-05-15,29.08051643192488,17.97175273865415,16.717057902973398,7.273317683881065,5.561174422285534,14.383646322378718
2025-05-16,29.078638497652584,17.974569640062597,16.707668231611894,7.266744913928013,5.563073757518202,14.39303599374022
2025-05-17,29.078638497652584,17.974569640062597,16.707668231611894,7.266744913928013,5.563073757518202,14.39303599374022
2025-05-18,29.078638497652584,17.974569640062597,16.707668231611894,7.266744913928013,5.563073757518202,14.39303599374022
2025-05-19,29.07575046904315,17.971544715447155,16.702782989368355,7.2634459036898065,5.567283364958887,14.401813633520952
2025-05-20,29.07286785379569,17.968759762574198,16.697438300531086,7.26038737894408,5.572432859399684,14.41080912214933
2025-05-21,29.06999063670412,17.96598002496879,16.693039950062424,7.25639825218477,5.577572601010101,14.418851435705369
2025-05-22,29.06999063670412,17.96598002496879,16.693039950062424,7.25639825218477,5.577572601010101,14.418851435705369
2025-05-23,29.06711880261927,17.964140941690054,16.688649828500157,7.253352042407235,5.5817565436770735,14.426878702837543
2025-05-24,29.065654205607476,17.962772585669782,16.683333333333334,7.249844236760125,5.585932577189666,14.4351246105919
2025-05-25,29.065654205607476,17.962772585669782,16.683333333333334,7.249844236760125,5.585932577189666,14.4351246105919
2025-05-26,29.06378504672897,17.96557632398754,16.67398753894081,7.244704049844238,5.587822936357909,14.44493769470405
2025-05-27,29.060924369747898,17.962807345160286,16.668689698101463,7.241674447556801,5.592933585143217,14.45385932150638
2025-05-28,29.060924369747898,17.962807345160286,16.668689698101463,7.241674447556801,5.592933585143217,14.45385932150638
2025-05-29,29.060981308411215,17.967445482866044,16.66417445482866,7.240031152647975,5.590185885318211,14.454283489096573
2025-05-30,29.060981308411215,17.967445482866044,16.66417445482866,7.240031152647975,5.590185885318211,14.454283489096573
2025-05-31,29.05812324929972,17.966542172424525,16.657952069716778,7.237005913476502,5.595294302801385,14.463196389666978
2025-06-01,29.06004672897196,17.971183800623056,16.652024922118382,7.235358255451714,5.593021424070574,14.463629283489096
2025-06-02,29.05765639589169,17.969343292872704,16.64628073451603,7.232337379396204,5.597655020459554,14.473000311235605
2025-06-03,29.05718954248366,17.971210706504824,16.637410519763463,7.226735138499845,5.600015738117722,14.481870525988173
2025-06-04,29.05713619402985,17.96843905472637,16.633084577114428,7.22372512437811,5.603223270440252,14.489816542288558
2025-06-05,29.05713619402985,17.96843905472637,16.633084577114428,7.22372512437811,5.603223270440252,14.489816542288558
2025-06-06,29.05713619402985,17.970771144278608,16.62468905472637,7.217661691542289,5.605110062893082,14.497279228855723
2025-06-07,29.055219012115565,17.968934451693073,16.61944703324014,7.2146629388008705,5.609252277725417,14.50520347934141
2025-06-08,29.05713619402985,17.9726368159204,16.613495024875622,7.2148631840796025,5.606053459119497,14.505674751243781
2025-06-09,29.05713619402985,17.9726368159204,16.613495024875622,7.2148631840796025,5.606053459119497,14.505674751243781
2025-06-10,29.057369402985074,17.973569651741293,16.60370024875622,7.210665422885572,5.60746855345912,14.514769900497512
2025-06-11,29.057369402985074,17.973569651741293,16.60370024875622,7.210665422885572,5.60746855345912,14.514769900497512
2025-06-12,29.057369402985074,17.973569651741293,16.60370024875622,7.210665422885572,5.60746855345912,14.514769900497512
2025-06-13,29.058823529411764,17.978213507625274,16.59959539371304,7.20946156240274,5.60379288637079,14.51431683784625
2025-06-14,29.056902985074625,17.977300995024876,16.594371890547265,7.206467661691543,5.607940251572328,14.522232587064677
2025-06-15,29.059757236227824,17.981014628073453,16.587457205104265,7.205726735138501,5.605681460497324,14.522720199190788
2025-06-16,29.057835820895523,17.979166666666668,16.58271144278607,7.202736318407961,5.610298742138365,14.530628109452737
2025-06-17,29.058768656716417,17.980099502487562,16.57245024875622,7.198072139303483,5.610770440251573,14.539490049751244
2025-06-18,29.058768656716417,17.980099502487562,16.57245024875622,7.198072139303483,5.610770440251573,14.539490049751244
2025-06-19,29.059701492537314,17.98103233830846,16.564521144278608,7.19247512437811,5.6121855345911955,14.546952736318408
2025-06-20,29.059645852749302,17.97918608263436,16.559335197266233,7.189499844672259,5.615378573672636,14.554830692761728
2025-06-21,29.059179869524698,17.981050015532777,16.547685616651137,7.185771978875428,5.616321080741439,14.564150357253807
2025-06-22,29.059179869524698,17.981050015532777,16.547685616651137,7.185771978875428,5.616321080741439,14.564150357253807
2025-06-23,29.057960893854748,17.978274363749225,16.542752948479208,7.182340161390441,5.620919648462022,14.572470515207947
2025-06-24,29.059412861136998,17.982447965206585,16.53766697732215,7.181112146629388,5.617734841344643,14.574401988195092
2025-06-25,29.059412861136998,17.982447965206585,16.53766697732215,7.181112146629388,5.617734841344643,14.574401988195092
2025-06-26,29.060401119402986,17.98709577114428,16.532571517412936,7.179415422885572,5.615487421383648,14.574937810945274
2025-06-27,29.059878844361602,17.984777881329606,16.527881329605467,7.175520347934142,5.619148601947848,14.582789686237962
2025-06-28,29.059878844361602,17.984777881329606,16.527881329605467,7.175520347934142,5.619148601947848,14.582789686237962
2025-06-29,29.06180037313433,17.988495024875622,16.522776741293534,7.174751243781095,5.615959119496855,14.583333333333334
2025-06-30,29.063725490196077,17.99221910986617,16.517662620603797,7.1758481170245885,5.611819326408562,14.583877995642702
2025-07-01,29.06403672580143,17.99299719887955,16.507236227824464,7.17164643635232,5.612606232294618,14.596171802054155
2025-07-02,29.065031152647975,17.995794392523365,16.503971962616824,7.170872274143303,5.609404536862003,14.595794392523365
2025-07-03,29.06590413943355,17.99112978524743,16.499766573295986,7.166977902272021,5.613550519357885,14.603641456582633
2025-07-04,29.067367601246104,17.99626168224299,16.4946261682243,7.166199376947041,5.609404536862003,14.604205607476635
2025-07-05,29.06637099284158,17.99346405228758,16.48949579831933,7.163243075007782,5.614494806421152,14.61297852474323
2025-07-06,29.06923676012461,17.99532710280374,16.484345794392524,7.163395638629284,5.611294896030246,14.61355140186916
2025-07-07,29.0682384064737,17.99206349206349,16.47922502334267,7.159975101151573,5.616383380547687,14.621848739495798
2025-07-08,29.06777155306567,17.990662931839402,16.469887955182074,7.157173980703393,5.617327667610954,14.632119514472455
2025-07-09,29.06777155306567,17.990662931839402,16.469887955182074,7.157173980703393,5.617327667610954,14.632119514472455
2025-07-10,29.06777155306567,17.990662931839402,16.469887955182074,7.157173980703393,5.617327667610954,14.632119514472455
2025-07-11,29.070171339563863,17.99392523364486,16.4661214953271,7.156853582554517,5.6136578449905485,14.631775700934579
2025-07-12,29.070638629283486,17.994392523364485,16.454906542056076,7.152180685358256,5.61507561436673,14.642056074766355
2025-07-13,29.070638629283486,17.994392523364485,16.454906542056076,7.152180685358256,5.61507561436673,14.642056074766355
2025-07-14,29.06917211328976,17.991596638655462,16.449813258636787,7.148770619358856,5.6196883852691215,14.65032679738562
2025-07-15,29.0682384064737,17.99019607843137,16.44047619047619,7.145969498910676,5.620632672332389,14.661531279178337
2025-07-16,29.0682384064737,17.99019607843137,16.44047619047619,7.145969498910676,5.620632672332389,14.661531279178337
2025-07-17,29.0682384064737,17.99019607843137,16.44047619047619,7.145969498910676,5.620632672332389,14.661531279178337
2025-07-18,29.070638629283486,17.993457943925232,16.435280373831777,7.146105919003116,5.616020793950851,14.663084112149532
2025-07-19,29.069638966697788,17.990662931839402,16.430672268907564,7.142701525054467,5.6201605288007555,14.671335200746965
2025-07-20,29.069638966697788,17.990662931839402,16.430672268907564,7.142701525054467,5.6201605288007555,14.671335200746965
2025-07-21,29.06817475124378,17.986940298507463,16.425139925373134,7.139303482587065,5.624764150943396,14.680037313432836
2025-07-22,29.06630907960199,17.984141791044777,16.41394589552239,7.137437810945274,5.626650943396227,14.694029850746269
2025-07-23,29.07010582010582,17.985994397759104,16.408730158730158,7.138499844382198,5.622521246458923,14.694677871148459
2025-07-24,29.07010582010582,17.985994397759104,16.408730158730158,7.138499844382198,5.622521246458923,14.694677871148459
2025-07-25,29.070572673513848,17.985060690943044,16.39752567693744,7.135698723934019,5.62346553352219,14.704481792717086
2025-07-26,29.068641169154226,17.982276119402986,16.39249067164179,7.131840796019901,5.627594339622641,14.713152985074627
2025-07-27,29.070572673513848,17.984126984126984,16.386321195144724,7.13289760348584,5.624409820585458,14.715686274509803
2025-07-28,29.07197323373794,17.982726423902893,16.37464985994398,7.1305633364456895,5.626298394711992,14.7250233426704
2025-07-29,29.07197323373794,17.980859010270773,16.363445378151262,7.12776221599751,5.628186968838527,14.738095238095237
2025-07-30,29.076713395638627,17.98177570093458,16.358177570093456,7.127881619937695,5.625,14.738785046728973
2025-07-31,29.079123791705644,17.984097287184284,16.35289990645463,7.128468974119115,5.621333964049196,14.739476145930777
2025-08-01,29.077180685358254,17.9803738317757,16.348831775700933,7.1255451713395646,5.626417769376181,14.748130841121496
2025-08-02,29.075241207594146,17.977591036414566,16.343837535014007,7.121693121693122,5.630547686496695,14.757703081232494
2025-08-03,29.075241207594146,17.977591036414566,16.343837535014007,7.121693121693122,5.630547686496695,14.757703081232494
2025-08-04,29.073771766169152,17.974347014925375,16.33838619402985,7.117848258706468,5.634198113207547,14.767257462686567
2025-08-05,29.071439676616915,17.972014925373134,16.329524253731343,7.114583333333334,5.637028301886793,14.778917910447761
2025-08-06,29.071439676616915,17.972014925373134,16.329524253731343,7.114583333333334,5.637028301886793,14.778917910447761
2025-08-07,29.070040422885572,17.97061567164179,16.31926305970149,7.112251243781095,5.6375,14.789179104477611
2025-08-08,29.070040422885572,17.97061567164179,16.31926305970149,7.112251243781095,5.6375,14.789179104477611
2025-08-09,29.068111214662938,17.96784715750233,16.31430568499534,7.1093507300403855,5.64066918001885,14.798695246971109
2025-08-10,29.067241915422883,17.971548507462686,16.308069029850746,7.109452736318408,5.6375,14.803171641791044
2025-08-11,29.065315315315313,17.968313140726934,16.302656104380244,7.1060888474681585,5.641140433553252,14.812674743709227
2025-08-12,29.059723516620068,17.965983224603914,16.295666356011182,7.102360981671327,5.6430254476908575,14.826654240447343
2025-08-13,29.059723516620068,17.965983224603914,16.295666356011182,7.102360981671327,5.6430254476908575,14.826654240447343
2025-08-14,29.053665734700218,17.965983224603914,16.28821062441752,7.099099099099099,5.64679547596607,14.83690587138863
2025-08-15,29.050822470515207,17.962756052141525,16.28375232774674,7.096213531967723,5.65042372881356,14.846368715083798
2025-08-16,29.050869835352593,17.964119291705497,16.277493010251632,7.0963031997514765,5.648209236569274,14.849487418452936
2025-08-17,29.044387437810943,17.965951492537314,16.276819029850746,7.097325870646767,5.645990566037736,14.854944029850746
2025-08-18,29.040694055399936,17.968720821661996,16.271475256769374,7.098350451291628,5.643767705382436,14.859477124183007
2025-08-19,29.03275754746343,17.965686274509803,16.265406162464988,7.096016184251479,5.646128423040604,14.873949579831933
2025-08-20,29.03275754746343,17.965686274509803,16.265406162464988,7.096016184251479,5.646128423040604,14.873949579831933
2025-08-21,29.031794154228855,17.963852611940297,16.260494402985074,7.093128109452737,5.650235849056604,14.881063432835822
2025-08-22,29.02622159975101,17.966619981325863,16.25887021475257,7.093681917211329,5.648489140698772,14.88375350140056
2025-08-23,29.0224657960199,17.963852611940297,16.253964552238806,7.0898631840796025,5.653537735849056,14.893190298507463
2025-08-24,29.017818238406473,17.965686274509803,16.24859943977591,7.09181450357921,5.652266288951841,14.897759103641457
2025-08-25,29.01407027363184,17.962919776119403,16.24323694029851,7.088463930348259,5.657311320754717,14.907182835820896
2025-08-26,29.004741915422883,17.958722014925375,16.23857276119403,7.085665422885572,5.659669811320755,14.922108208955224
2025-08-27,29.004741915422883,17.958722014925375,16.23857276119403,7.085665422885572,5.659669811320755,14.922108208955224
2025-08-28,28.9963429816371,17.960550887021476,16.236928104575163,7.087145969498911,5.658404154863079,14.92670401493931
2025-08-29,28.993547885572138,17.957789179104477,16.23204291044776,7.083333333333334,5.663443396226415,14.936100746268657
2025-08-30,28.993547885572138,17.957789179104477,16.23204291044776,7.083333333333334,5.663443396226415,14.936100746268657
2025-08-31,28.98793962029256,17.958683473389357,16.228524743230626,7.0852785558667915,5.662181303116148,14.940709617180206
2025-09-01,28.98468594527363,17.95545708955224,16.223647388059703,7.08193407960199,5.667216981132076,14.95009328358209
2025-09-02,28.973491915422883,17.95265858208955,16.218983208955223,7.079601990049752,5.670518867924528,14.965018656716419
2025-09-03,28.97165268716993,17.948974836905872,16.214119291705497,7.075799937868904,5.674599434495759,14.974370922646784
2025-09-04,28.97165268716993,17.948974836905872,16.214119291705497,7.075799937868904,5.674599434495759,14.974370922646784
2025-09-05,28.961867039453246,17.948042870456664,16.20945945945946,7.072072072072072,5.676955702167766,14.987884436160298
2025-09-06,28.961867039453246,17.948042870456664,16.20945945945946,7.072072072072072,5.676955702167766,14.987884436160298
2025-09-07,28.95068344206275,17.946178937558248,16.202935694315006,7.070208139173657,5.680725730442978,15.002795899347623
2025-09-08,28.947470515207943,17.942970204841714,16.198091247672252,7.066883923029175,5.684792843691149,15.012569832402235
2025-09-09,28.93536623215394,17.940176908752328,16.193901303538176,7.064090626939789,5.688559322033898,15.027932960893855
2025-09-10,28.932635658914727,17.937441860465118,16.18906976744186,7.060310077519381,5.693555973659454,15.037209302325582
2025-09-11,28.932635658914727,17.937441860465118,16.18906976744186,7.060310077519381,5.693555973659454,15.037209302325582
2025-09-12,28.92372749844817,17.940176908752328,16.189245810055866,7.060366232153942,5.6918549905838045,15.04143389199255
2025-09-13,28.920077519379845,17.936511627906977,16.185348837209304,7.0565891472868225,5.696848541862653,15.050697674418604
2025-09-14,28.920077519379845,17.936511627906977,16.185348837209304,7.0565891472868225,5.696848541862653,15.050697674418604
2025-09-15,28.911157666045934,17.938314711359403,16.183193668528865,7.058038485412788,5.695621468926554,15.056331471135941
2025-09-16,28.898820608317813,17.936685288640597,16.18016759776536,7.0552451893234025,5.6979755178907725,15.070530726256983
2025-09-17,28.898820608317813,17.936685288640597,16.18016759776536,7.0552451893234025,5.6979755178907725,15.070530726256983
2025-09-18,28.890338614476544,17.938490214352285,16.180335507921715,7.056228642435539,5.695805843543827,15.075256290773533
2025-09-19,28.87915501708605,17.93802423112768,16.17474370922647,7.052500776638708,5.699575871819039,15.089701770736253
2025-09-20,28.875543140906267,17.935288640595903,16.16992551210428,7.048727498448169,5.704566854990584,15.099860335195531
2025-09-21,28.875543140906267,17.935288640595903,16.16992551210428,7.048727498448169,5.704566854990584,15.099860335195531
2025-09-22,28.875543140906267,17.935288640595903,16.16992551210428,7.048727498448169,5.704566854990584,15.099860335195531
2025-09-23,28.86367163252638,17.933193668528865,16.166666666666668,7.046166977032899,5.707156308851224,15.114292364990689
2025-09-24,28.861937984496123,17.93046511627907,16.16186046511628,7.043333333333334,5.712135465663217,15.122558139534883
2025-09-25,28.85389509621353,17.933193668528865,16.161080074487895,7.044304779639976,5.71045197740113,15.126396648044693
2025-09-26,28.850310077519378,17.93046511627907,16.157209302325583,7.040542635658915,5.715428033866416,15.136511627906977
2025-09-27,28.850310077519378,17.93046511627907,16.157209302325583,7.040542635658915,5.715428033866416,15.136511627906977
2025-09-28,28.840859714463065,17.932262569832403,16.155493482309126,7.042442582247052,5.713276836158192,15.142225325884544
2025-09-29,28.837286821705426,17.93,16.151162790697676,7.038682170542637,5.718250235183443,15.152325581395349
2025-09-30,28.82426356589147,17.92813953488372,16.148372093023255,7.036356589147287,5.72107243650047,15.166279069767441
2025-10-01,28.82426356589147,17.92813953488372,16.148372093023255,7.036356589147287,5.72107243650047,15.166279069767441
2025-10-02,28.822103469640645,17.92495353159851,16.144052044609666,7.032605328376705,5.725563909774436,15.175882899628252
2025-10-03,28.814031007751936,17.92860465116279,16.143720930232558,7.033100775193799,5.723894637817498,15.179767441860465
2025-10-04,28.809557001239156,17.92495353159851,16.138940520446095,7.030281908302355,5.729793233082707,15.18982342007435
2025-10-05,28.801007751937984,17.927674418604653,16.13720930232558,7.03124031007752,5.72859830667921,15.194651162790697
2025-10-06,28.7884496124031,17.927209302325583,16.130697674418606,7.02984496124031,5.731890874882408,15.21
2025-10-07,28.774496124031007,17.924883720930232,16.127906976744185,7.027054263565892,5.735653809971778,15.224883720930233
2025-10-08,28.774496124031007,17.924883720930232,16.127906976744185,7.027054263565892,5.735653809971778,15.224883720930233
2025-10-09,28.76683736809435,17.928538175046555,16.126163873370576,7.028010552451894,5.733992467043315,15.229283054003725
2025-10-10,28.763333333333332,17.925813953488372,16.122325581395348,7.024263565891474,5.738005644402634,15.238372093023257
2025-10-11,28.75890644361834,17.922165427509295,16.118494423791823,7.021452912019827,5.742951127819549,15.248373605947956
2025-10-12,28.75890644361834,17.922165427509295,16.118494423791823,7.021452912019827,5.742951127819549,15.248373605947956
2025-10-13,28.75031007751938,17.924418604651162,16.115813953488374,7.022868217054264,5.741768579492004,15.254186046511627
2025-10-14,28.736821705426355,17.922558139534885,16.11232558139535,7.020542635658916,5.744825964252117,15.269767441860465
2025-10-15,28.736821705426355,17.922558139534885,16.11232558139535,7.020542635658916,5.744825964252117,15.269767441860465
2025-10-16,28.729127870887645,17.925279329608937,16.11056797020484,7.021492861576661,5.742702448210923,15.275139664804469
2025-10-17,28.72658914728682,17.922558139534885,16.105813953488372,7.017751937984497,5.747648165569144,15.284186046511628
2025-10-18,28.723125774473356,17.918912639405203,16.1010687732342,7.014947335811649,5.752584586466165,15.295074349442379
2025-10-19,28.723125774473356,17.918912639405203,16.1010687732342,7.014947335811649,5.752584586466165,15.295074349442379
2025-10-20,28.70964993804213,17.917983271375466,16.093633828996282,7.014947335811649,5.755404135338346,15.311802973977695
2025-10-21,28.694780049566294,17.916589219330856,16.090381040892193,7.01169454770756,5.758693609022556,15.327602230483272
2025-10-22,28.694780049566294,17.916589219330856,16.090381040892193,7.01169454770756,5.758693609022556,15.327602230483272
2025-10-23,28.694780049566294,17.916589219330856,16.090381040892193,7.01169454770756,5.758693609022556,15.327602230483272
2025-10-24,28.682698265179678,17.917518587360593,16.083875464684017,7.01030049566295,5.761043233082707,15.342007434944238
2025-10-25,28.682698265179678,17.917518587360593,16.083875464684017,7.01030049566295,5.761043233082707,15.342007434944238
2025-10-26,28.674031007751935,17.920232558139535,16.081162790697675,7.01124031007752,5.758936970837253,15.347906976744186
2025-10-27,28.67015179677819,17.917518587360593,16.076440520446095,7.007977075588601,5.7643327067669174,15.357806691449815
2025-10-28,28.65714064436183,17.915195167286246,16.073187732342006,7.004724287484511,5.7680921052631575,15.37453531598513
2025-10-29,28.65714064436183,17.915195167286246,16.073187732342006,7.004724287484511,5.7680921052631575,15.37453531598513
2025-10-30,28.65714064436183,17.915195167286246,16.073187732342006,7.004724287484511,5.7680921052631575,15.37453531598513
2025-10-31,28.6484496124031,17.918837209302325,16.07186046511628,7.005193798449613,5.76552210724365,15.37953488372093
2025-11-01,28.645058859975215,17.916124535315983,16.0671468401487,7.001471499380422,5.770441729323308,15.389405204460967
2025-11-02,28.645058859975215,17.916124535315983,16.0671468401487,7.001471499380422,5.770441729323308,15.389405204460967
2025-11-03,28.63251239157373,17.916124535315983,16.05878252788104,7.000542131350682,5.774201127819549,15.404739776951672
2025-11-04,28.618107187112763,17.915659851301115,16.05413568773234,6.997289343246593,5.77843045112782,15.42100371747212
2025-11-05,28.618107187112763,17.915659851301115,16.05413568773234,6.997289343246593,5.77843045112782,15.42100371747212
2025-11-06,28.607884138785625,17.914730483271377,16.049024163568774,6.994036555142504,5.78031015037594,15.436338289962825
2025-11-07,28.605462705044875,17.911559888579387,16.045264623955433,6.990328071804395,5.784272300469484,15.445682451253482
2025-11-08,28.602118119975263,17.908858998144712,16.041512059369204,6.986626468769327,5.789165103189493,15.455473098330241
2025-11-09,28.591535128443205,17.91063138347261,16.039229340761374,6.9889353141442285,5.788028169014084,15.461002785515321
2025-11-10,28.591535128443205,17.91063138347261,16.039229340761374,6.9889353141442285,5.788028169014084,15.461002785515321
2025-11-11,28.578536056948312,17.910863509749305,16.0338904363974,6.986149798823894,5.790610328638498,15.47632311977716
2025-11-12,28.578536056948312,17.910863509749305,16.0338904363974,6.986149798823894,5.790610328638498,15.47632311977716
2025-11-13,28.571174101610904,17.9135687732342,16.03159851301115,6.9870662949194555,5.788063909774436,15.481412639405205
2025-11-14,28.56971525843392,17.911327762302694,16.026926648096566,6.983828536056949,5.792018779342723,15.489322191272052
2025-11-15,28.566403834260974,17.908627087198514,16.02226345083488,6.98013296227582,5.796904315196998,15.499072356215214
2025-11-16,28.558573197152583,17.910399257195916,16.018570102135563,6.9819715258433925,5.795774647887324,15.504178272980502
2025-11-17,28.544413494274217,17.909935004642527,16.011606313834726,6.980346641906531,5.799530516431925,15.51996285979573
2025-11-18,28.53280718043949,17.909006499535746,16.006499535747448,6.977561126586197,5.802347417840376,15.534818941504179
2025-11-19,28.53280718043949,17.909006499535746,16.006499535747448,6.977561126586197,5.802347417840376,15.534818941504179
2025-11-20,28.53280718043949,17.909006499535746,16.006499535747448,6.977561126586197,5.802347417840376,15.534818941504179
2025-11-21,28.5239863819251,17.90714948932219,16.001857010213556,6.977540272614623,5.803286384976526,15.550139275766016
2025-11-22,28.520717377860233,17.904452690166977,15.99721706864564,6.973847106159084,5.807223264540338,15.559833024118738
2025-11-23,28.51284432064376,17.906220984215413,15.993500464252554,6.975681536555143,5.806103286384976,15.564995357474466
2025-11-24,28.510049474335187,17.90352504638219,15.98886827458256,6.971990095945528,5.810506566604127,15.574675324675324
2025-11-25,28.498453927025356,17.9025974025974,15.982838589981448,6.969668833178583,5.813320825515947,15.589517625231911
2025-11-26,28.498453927025356,17.9025974025974,15.982838589981448,6.969668833178583,5.813320825515947,15.589517625231911
2025-11-27,28.498453927025356,17.9025974025974,15.982838589981448,6.969668833178583,5.813320825515947,15.589517625231911
2025-11-28,28.4882498453927,17.9025974025974,15.977272727272727,6.9659548127514705,5.815196998123827,15.604359925788497
2025-11-29,28.4882498453927,17.9025974025974,15.977272727272727,6.9659548127514705,5.815196998123827,15.604359925788497
2025-11-30,28.4882498453927,17.9025974025974,15.977272727272727,6.9659548127514705,5.815196998123827,15.604359925788497
2025-12-01,28.478489631692973,17.905292479108635,15.973537604456824,6.967781908302355,5.814084507042254,15.610492107706593
2025-12-02,28.466186939028162,17.90552460538533,15.967502321262767,6.96522614622057,5.817605633802817,15.625812441968431
2025-12-03,28.45732651796778,17.908224907063197,15.966542750929367,6.966124031007753,5.8155545112781954,15.630111524163569
2025-12-04,28.455973382853603,17.904596100278553,15.962859795728876,6.962438042131351,5.819483568075118,15.638811513463324
2025-12-05,28.448032837670382,17.907760223048328,15.96236059479554,6.9624031007751945,5.816964285714286,15.643122676579926
2025-12-06,28.444831321572266,17.905060352831942,15.95682451253482,6.959649938042132,5.821830985915493,15.652739090064996
2025-12-07,28.444831321572266,17.905060352831942,15.95682451253482,6.959649938042132,5.821830985915493,15.652739090064996
2025-12-08,28.444831321572266,17.905060352831942,15.95682451253482,6.959649938042132,5.821830985915493,15.652739090064996
2025-12-09,28.43206437635407,17.904596100278553,15.951021355617456,6.957326517967783,5.824647887323944,15.668291550603529
2025-12-10,28.428880643166355,17.900974025974026,15.947356215213357,6.9536521200866614,5.829502814258912,15.676948051948052
2025-12-11,28.427556379363608,17.897358665430954,15.94416126042632,6.951376004947434,5.832474226804123,15.685588507877664
2025-12-12,28.417825146740807,17.895505097312327,15.940454124189063,6.950866604766326,5.835754451733833,15.699490268767377
2025-12-13,28.40485016991041,17.894114921223355,15.932113067655237,6.94947384710616,5.839034676663543,15.715245597775718
2025-12-14,28.396876932591216,17.897727272727273,15.928339517625233,6.9512856257744735,5.837945590994371,15.719619666048237
2025-12-15,28.396876932591216,17.897727272727273,15.928339517625233,6.9512856257744735,5.837945590994371,15.719619666048237
2025-12-16,28.384353741496597,17.89726345083488,15.922541743970315,6.948962205700124,5.840525328330206,15.73538961038961
2025-12-17,28.376354069947382,17.89995357474466,15.920612813370473,6.949844961240311,5.838497652582159,15.739786443825441
2025-12-18,28.367410161090458,17.9035780669145,15.91775092936803,6.950729360645562,5.838345864661654,15.745120817843866
2025-12-19,28.35984496124031,17.906279069767443,15.917674418604651,6.950683442062753,5.836312323612417,15.74953488372093
2025-12-20,28.35984496124031,17.906279069767443,15.917674418604651,6.950683442062753,5.836312323612417,15.74953488372093
2025-12-21,28.35579306071871,17.902648698884757,15.91403345724907,6.947936064556177,5.841165413533835,15.759061338289962
2025-12-22,28.346821705426354,17.906279069767443,15.909302325581395,6.949751475613545,5.839134524929445,15.765348837209302
2025-12-23,28.334031007751936,17.905813953488373,15.903953488372093,6.947188567878223,5.841956726246472,15.782093023255815
2025-12-24,28.325962135319678,17.907588454376164,15.902932960893855,6.948072139303483,5.839924670433145,15.787476722532588
2025-12-25,28.325962135319678,17.907588454376164,15.902932960893855,6.948072139303483,5.839924670433145,15.787476722532588
2025-12-26,28.31834420627524,17.910298229263745,15.90237651444548,6.9484905073140375,5.8374175306314795,15.791938490214353
2025-12-27,28.31834420627524,17.910298229263745,15.90237651444548,6.9484905073140375,5.8374175306314795,15.791938490214353
2025-12-28,28.309312810945272,17.91301305970149,15.900419776119403,6.949376947040499,5.836320754716981,15.796408582089553
2025-12-29,28.309312810945272,17.91301305970149,15.900419776119403,6.949376947040499,5.836320754716981,15.796408582089553
2025-12-30,28.30026455026455,17.916666666666668,15.8984593837535,6.9502650452135954,5.834277620396601,15.803688141923436
2025-12-31,28.291199376947038,17.919392523364486,15.896495327102803,6.9511548064918856,5.832230623818526,15.808177570093457
2026-01-01,28.291199376947038,17.919392523364486,15.896495327102803,6.9511548064918856,5.832230623818526,15.808177570093457
2026-01-02,28.28352042407234,17.921188026192702,15.896398503274089,6.951577631990004,5.829706717123936,15.812675397567821
2026-01-03,28.27323043342688,17.917446211412535,15.89265668849392,6.948766010621681,5.831598864711448,15.826707202993452
2026-01-04,28.27323043342688,17.917446211412535,15.89265668849392,6.948766010621681,5.831598864711448,15.826707202993452
2026-01-05,28.26923676012461,17.914719626168225,15.889018691588785,6.9450686641697885,5.835538752362949,15.83714953271028
2026-01-06,28.258956386292834,17.913317757009345,15.880607476635515,6.942727840199751,5.840264650283554,15.852570093457944
2026-01-07,28.25171499844091,17.913236669784844,15.880495790458372,6.943611371446424,5.838221381267739,15.85710944808232
2026-01-08,28.251479750778817,17.908644859813084,15.876869158878504,6.9399188514357055,5.842155009451796,15.865654205607477
2026-01-09,28.244231368880573,17.908559401309635,15.876753975678204,6.940799750078101,5.840113528855251,15.87020579981291
2026-01-10,28.240264797507788,17.904906542056075,15.873130841121496,6.938046192259676,5.844990548204159,15.879672897196262
2026-01-11,28.232070470845024,17.90668849391955,15.872076707202993,6.938925335832553,5.8429517502365185,15.885173058933583
2026-01-12,28.228582554517132,17.903504672897196,15.868457943925234,6.936173533083646,5.846880907372401,15.894626168224299
2026-01-13,28.217367601246107,17.90070093457944,15.86285046728972,6.934300873907616,5.850661625708884,15.91051401869159
2026-01-14,28.210087309011538,17.90154349859682,15.862722170252573,6.934239300218683,5.848628192999054,15.916043030869972
2026-01-15,28.210087309011538,17.90154349859682,15.862722170252573,6.934239300218683,5.848628192999054,15.916043030869972
2026-01-16,28.201200498908637,17.899672591206734,15.859448082319926,6.930959075288973,5.84957426679281,15.929139382600562
2026-01-17,28.19820872274143,17.89602803738318,15.855841121495327,6.928214731585519,5.854442344045369,15.938551401869159
2026-01-18,28.189039600873087,17.89686623012161,15.852899906454631,6.929553264604811,5.853358561967833,15.945042095416277
2026-01-19,28.179853308364542,17.898642322097377,15.849953183520599,6.93136335209506,5.851325757575758,15.951544943820224
2026-01-20,28.169553682896378,17.896769662921347,15.843398876404494,6.9299562226391505,5.854403409090909,15.96746254681648
2026-01-21,28.16221493283349,17.8985473289597,15.841377694470477,6.930829420970267,5.852369668246445,15.972118088097469
2026-01-22,28.16221493283349,17.8985473289597,15.841377694470477,6.930829420970267,5.852369668246445,15.972118088097469
2026-01-23,28.154393370856784,17.900328330206378,15.839821763602252,6.93170426065163,5.850806451612903,15.976782363977486
2026-01-24,28.151437050921587,17.897610121836927,15.835285848172447,6.928951486697966,5.854739336492891,15.986176194939082
2026-01-25,28.144074421513444,17.8984521575985,15.832317073170731,6.929824561403509,5.85365275142315,15.991791744840524
2026-01-26,28.144074421513444,17.8984521575985,15.832317073170731,6.929824561403509,5.85365275142315,15.991791744840524
2026-01-27,28.134224515322074,17.896810506566606,15.826454033771107,6.928414786967419,5.855313092979127,16.006801125703564
