date,CDU/CSU,SPD,GRÜNE,FDP,LINKE,AfD
2002-01-03,38.0,38.0,5.0,8.0,7.0,
2002-01-04,38.0,38.0,5.5,8.0,7.0,
2002-01-05,37.666666666666664,38.0,5.666666666666667,7.666666666666667,7.0,
2002-01-06,37.666666666666664,38.0,5.666666666666667,7.666666666666667,7.0,
2002-01-07,37.666666666666664,38.0,5.666666666666667,7.666666666666667,7.0,
2002-01-08,37.666666666666664,38.0,5.666666666666667,7.666666666666667,7.0,
2002-01-09,37.666666666666664,38.0,5.666666666666667,7.666666666666667,7.0,
2002-01-10,37.5,38.0,5.75,8.0,6.75,
2002-01-11,37.8,38.0,5.6,8.0,6.8,
2002-01-12,38.0,38.0,5.666666666666667,7.833333333333333,6.833333333333333,
2002-01-13,38.0,38.0,5.666666666666667,7.833333333333333,6.833333333333333,
2002-01-14,38.0,38.0,5.666666666666667,7.833333333333333,6.833333333333333,
2002-01-15,38.0,38.0,5.666666666666667,7.833333333333333,6.833333333333333,
2002-01-16,38.0,38.0,5.666666666666667,7.833333333333333,6.833333333333333,
2002-01-17,38.42857142857143,37.714285714285715,5.714285714285714,7.714285714285714,6.714285714285714,
2002-01-18,38.5625,37.625,5.75,7.75,6.75,
2002-01-19,38.5625,37.625,5.75,7.75,6.75,
2002-01-20,38.5625,37.625,5.75,7.75,6.75,
2002-01-21,38.5625,37.625,5.75,7.75,6.75,
2002-01-22,38.5625,37.625,5.75,7.75,6.75,
2002-01-23,38.5625,37.625,5.75,7.75,6.75,
2002-01-24,38.833333333333336,37.44444444444444,5.666666666666667,7.777777777777778,6.666666666666667,
2002-01-25,38.95,37.3,5.7,7.9,6.7,
2002-01-26,39.13636363636363,37.36363636363637,5.636363636363637,7.818181818181818,6.636363636363637,
2002-01-27,39.13636363636363,37.36363636363637,5.636363636363637,7.818181818181818,6.636363636363637,
2002-01-28,39.13636363636363,37.36363636363637,5.636363636363637,7.818181818181818,6.636363636363637,
2002-01-29,39.13636363636363,37.36363636363637,5.636363636363637,7.818181818181818,6.636363636363637,
2002-01-30,39.13636363636363,37.36363636363637,5.636363636363637,7.818181818181818,6.636363636363637,
2002-01-31,39.208333333333336,37.166666666666664,5.666666666666667,7.916666666666667,6.583333333333333,
2002-02-01,39.34615384615385,37.07692307692308,5.6923076923076925,7.923076923076923,6.615384615384615,
2002-02-02,39.464285714285715,37.07142857142857,5.714285714285714,7.928571428571429,6.571428571428571,
2002-02-03,39.464285714285715,37.07142857142857,5.714285714285714,7.928571428571429,6.571428571428571,
2002-02-04,39.464285714285715,37.07142857142857,5.714285714285714,7.928571428571429,6.571428571428571,
2002-02-05,39.464285714285715,37.07142857142857,5.714285714285714,7.928571428571429,6.571428571428571,
2002-02-06,39.464285714285715,37.07142857142857,5.714285714285714,7.928571428571429,6.571428571428571,
2002-02-07,39.56666666666667,37.0,5.733333333333333,7.933333333333334,6.533333333333333,
2002-02-08,39.65625,36.9375,5.75,7.9375,6.5,
2002-02-09,39.73529411764706,37.0,5.705882352941177,7.9411764705882355,6.470588235294118,
2002-02-10,39.861111111111114,36.833333333333336,5.722222222222222,7.944444444444445,6.444444444444445,
2002-02-11,39.861111111111114,36.833333333333336,5.722222222222222,7.944444444444445,6.444444444444445,
2002-02-12,39.861111111111114,36.833333333333336,5.722222222222222,7.944444444444445,6.444444444444445,
2002-02-13,39.861111111111114,36.833333333333336,5.722222222222222,7.944444444444445,6.444444444444445,
2002-02-14,39.861111111111114,36.833333333333336,5.722222222222222,7.944444444444445,6.444444444444445,
2002-02-15,39.921052631578945,36.78947368421053,5.7368421052631575,7.947368421052632,6.421052631578948,
2002-02-16,39.975,36.8,5.7,7.95,6.4,
2002-02-17,39.975,36.8,5.7,7.95,6.4,
2002-02-18,39.975,36.8,5.7,7.95,6.4,
2002-02-19,39.975,36.8,5.7,7.95,6.4,
2002-02-20,39.975,36.8,5.7,7.95,6.4,
2002-02-21,40.023809523809526,36.714285714285715,5.714285714285714,7.9523809523809526,6.380952380952381,
2002-02-22,40.06818181818182,36.63636363636363,5.7272727272727275,8.0,6.363636363636363,
2002-02-23,40.108695652173914,36.65217391304348,5.695652173913044,8.043478260869565,6.3478260869565215,
2002-02-24,40.108695652173914,36.65217391304348,5.695652173913044,8.043478260869565,6.3478260869565215,
2002-02-25,40.108695652173914,36.65217391304348,5.695652173913044,8.043478260869565,6.3478260869565215,
2002-02-26,40.108695652173914,36.65217391304348,5.695652173913044,8.043478260869565,6.3478260869565215,
2002-02-27,40.108695652173914,36.65217391304348,5.695652173913044,8.043478260869565,6.3478260869565215,
2002-02-28,40.104166666666664,36.583333333333336,5.708333333333333,8.083333333333334,6.333333333333333,
2002-03-01,40.1,36.56,5.72,8.12,6.32,
2002-03-02,40.13461538461539,36.57692307692308,5.6923076923076925,8.076923076923077,6.3076923076923075,
2002-03-03,40.13461538461539,36.57692307692308,5.6923076923076925,8.076923076923077,6.3076923076923075,
2002-03-04,40.13461538461539,36.57692307692308,5.6923076923076925,8.076923076923077,6.3076923076923075,
2002-03-05,40.13461538461539,36.57692307692308,5.6923076923076925,8.076923076923077,6.3076923076923075,
2002-03-06,40.166666666666664,36.48148148148148,5.703703703703703,8.074074074074074,6.333333333333333,
2002-03-07,40.166666666666664,36.48148148148148,5.703703703703703,8.074074074074074,6.333333333333333,
2002-03-08,40.142857142857146,36.5,5.714285714285714,8.107142857142858,6.321428571428571,
2002-03-09,40.142857142857146,36.5,5.714285714285714,8.107142857142858,6.321428571428571,
2002-03-10,40.142857142857146,36.5,5.714285714285714,8.107142857142858,6.321428571428571,
2002-03-11,40.142857142857146,36.5,5.714285714285714,8.107142857142858,6.321428571428571,
2002-03-12,40.142857142857146,36.5,5.714285714285714,8.107142857142858,6.321428571428571,
2002-03-13,40.13793103448276,36.44827586206897,5.724137931034483,8.137931034482758,6.310344827586207,
2002-03-14,40.13793103448276,36.44827586206897,5.724137931034483,8.137931034482758,6.310344827586207,
2002-03-15,40.166666666666664,36.43333333333333,5.766666666666667,8.133333333333333,6.3,
2002-03-16,40.16129032258065,36.41935483870968,5.774193548387097,8.129032258064516,6.290322580645161,
2002-03-17,40.16129032258065,36.41935483870968,5.774193548387097,8.129032258064516,6.290322580645161,
2002-03-18,40.16129032258065,36.41935483870968,5.774193548387097,8.129032258064516,6.290322580645161,
2002-03-19,40.16129032258065,36.41935483870968,5.774193548387097,8.129032258064516,6.290322580645161,
2002-03-20,40.1875,36.3125,5.78125,8.15625,6.3125,
2002-03-21,40.1875,36.3125,5.78125,8.15625,6.3125,
2002-03-22,40.21212121212121,36.303030303030305,5.818181818181818,8.151515151515152,6.2727272727272725,
2002-03-23,40.205882352941174,36.26470588235294,5.852941176470588,8.176470588235293,6.264705882352941,
2002-03-24,40.205882352941174,36.26470588235294,5.852941176470588,8.176470588235293,6.264705882352941,
2002-03-25,40.205882352941174,36.26470588235294,5.852941176470588,8.176470588235293,6.264705882352941,
2002-03-26,40.22857142857143,36.2,5.857142857142857,8.2,6.257142857142857,
2002-03-27,40.19444444444444,36.166666666666664,5.916666666666667,8.222222222222221,6.25,
2002-03-28,40.189189189189186,36.16216216216216,5.918918918918919,8.243243243243244,6.243243243243243,
2002-03-29,40.189189189189186,36.16216216216216,5.918918918918919,8.243243243243244,6.243243243243243,
2002-03-30,40.189189189189186,36.16216216216216,5.918918918918919,8.243243243243244,6.243243243243243,
2002-03-31,40.189189189189186,36.16216216216216,5.918918918918919,8.243243243243244,6.243243243243243,
2002-04-01,40.189189189189186,36.16216216216216,5.918918918918919,8.243243243243244,6.243243243243243,
2002-04-02,40.189189189189186,36.16216216216216,5.918918918918919,8.243243243243244,6.243243243243243,
2002-04-03,40.18421052631579,36.10526315789474,5.921052631578948,8.263157894736842,6.2631578947368425,
2002-04-04,40.18421052631579,36.10526315789474,5.921052631578948,8.263157894736842,6.2631578947368425,
2002-04-05,40.15384615384615,36.05128205128205,5.948717948717949,8.282051282051283,6.282051282051282,
2002-04-06,40.125,36.05,5.975,8.3,6.3,
2002-04-07,40.125,36.05,5.975,8.3,6.3,
2002-04-08,40.125,36.05,5.975,8.3,6.3,
2002-04-09,40.125,36.05,5.975,8.3,6.3,
2002-04-10,40.1219512195122,35.97560975609756,6.0,8.317073170731707,6.317073170731708,
2002-04-11,40.1219512195122,35.97560975609756,6.0,8.317073170731707,6.317073170731708,
2002-04-12,40.095238095238095,35.95238095238095,6.023809523809524,8.333333333333334,6.333333333333333,
2002-04-13,40.06976744186046,35.97674418604651,6.023255813953488,8.325581395348838,6.325581395348837,
2002-04-14,40.06976744186046,35.97674418604651,6.023255813953488,8.325581395348838,6.325581395348837,
2002-04-15,40.06976744186046,35.97674418604651,6.023255813953488,8.325581395348838,6.325581395348837,
2002-04-16,40.06976744186046,35.97674418604651,6.023255813953488,8.325581395348838,6.325581395348837,
2002-04-17,40.06818181818182,35.95454545454545,6.045454545454546,8.340909090909092,6.295454545454546,
2002-04-18,40.06818181818182,35.95454545454545,6.045454545454546,8.340909090909092,6.295454545454546,
2002-04-19,40.044444444444444,35.93333333333333,6.066666666666666,8.355555555555556,6.288888888888889,
2002-04-20,40.02173913043478,35.93478260869565,6.065217391304348,8.369565217391305,6.282608695652174,
2002-04-21,40.02173913043478,35.93478260869565,6.065217391304348,8.369565217391305,6.282608695652174,
2002-04-22,40.02173913043478,35.93478260869565,6.065217391304348,8.369565217391305,6.282608695652174,
2002-04-23,40.02173913043478,35.93478260869565,6.065217391304348,8.369565217391305,6.282608695652174,
2002-04-24,40.0,35.8936170212766,6.085106382978723,8.425531914893616,6.276595744680851,
2002-04-25,40.0,35.8936170212766,6.085106382978723,8.425531914893616,6.276595744680851,
2002-04-26,39.979166666666664,35.854166666666664,6.104166666666667,8.458333333333334,6.270833333333333,
2002-04-27,39.97959183673469,35.83673469387755,6.081632653061225,8.46938775510204,6.26530612244898,
2002-04-28,39.97959183673469,35.83673469387755,6.081632653061225,8.46938775510204,6.26530612244898,
2002-04-29,40.0,35.76,6.08,8.52,6.26,
2002-04-30,40.0,35.76,6.08,8.52,6.26,
2002-05-01,40.0,35.76,6.08,8.52,6.26,
2002-05-02,40.0,35.76,6.08,8.52,6.26,
2002-05-03,40.01960784313726,35.68627450980392,6.098039215686274,8.568627450980392,6.235294117647059,
2002-05-04,40.01923076923077,35.65384615384615,6.096153846153846,8.596153846153847,6.230769230769231,
2002-05-05,40.01923076923077,35.65384615384615,6.096153846153846,8.596153846153847,6.230769230769231,
2002-05-06,40.01923076923077,35.65384615384615,6.096153846153846,8.596153846153847,6.230769230769231,
2002-05-07,40.0377358490566,35.56603773584906,6.113207547169812,8.660377358490566,6.226415094339623,
2002-05-08,40.0377358490566,35.56603773584906,6.113207547169812,8.660377358490566,6.226415094339623,
2002-05-09,40.01851851851852,35.5,6.111111111111111,8.703703703703704,6.222222222222222,
2002-05-10,40.03636363636364,35.41818181818182,6.127272727272727,8.745454545454546,6.218181818181818,
2002-05-11,40.03636363636364,35.41818181818182,6.127272727272727,8.745454545454546,6.218181818181818,
2002-05-12,40.03636363636364,35.41818181818182,6.127272727272727,8.745454545454546,6.218181818181818,
2002-05-13,40.03636363636364,35.41818181818182,6.127272727272727,8.745454545454546,6.218181818181818,
2002-05-14,40.03636363636364,35.41818181818182,6.127272727272727,8.745454545454546,6.218181818181818,
2002-05-15,40.05357142857143,35.357142857142854,6.142857142857143,8.785714285714286,6.214285714285714,
2002-05-16,40.01754385964912,35.31578947368421,6.157894736842105,8.842105263157896,6.192982456140351,
2002-05-17,40.01724137931034,35.258620689655174,6.172413793103448,8.89655172413793,6.189655172413793,
2002-05-18,40.01724137931034,35.258620689655174,6.172413793103448,8.89655172413793,6.189655172413793,
2002-05-19,40.01724137931034,35.258620689655174,6.172413793103448,8.89655172413793,6.189655172413793,
2002-05-20,40.01724137931034,35.258620689655174,6.172413793103448,8.89655172413793,6.189655172413793,
2002-05-21,40.01724137931034,35.258620689655174,6.172413793103448,8.89655172413793,6.189655172413793,
2002-05-22,40.01724137931034,35.258620689655174,6.172413793103448,8.89655172413793,6.189655172413793,
2002-05-23,40.0,35.20338983050848,6.203389830508475,8.915254237288135,6.169491525423729,
2002-05-24,39.983333333333334,35.15,6.216666666666667,8.983333333333333,6.166666666666667,
2002-05-25,39.983333333333334,35.15,6.216666666666667,8.983333333333333,6.166666666666667,
2002-05-26,39.983333333333334,35.15,6.216666666666667,8.983333333333333,6.166666666666667,
2002-05-27,39.983333333333334,35.15,6.216666666666667,8.983333333333333,6.166666666666667,
2002-05-28,39.983333333333334,35.15,6.216666666666667,8.983333333333333,6.166666666666667,
2002-05-29,39.950819672131146,35.131147540983605,6.213114754098361,9.032786885245901,6.163934426229508,
2002-05-30,39.935483870967744,35.096774193548384,6.209677419354839,9.064516129032258,6.161290322580645,
2002-05-31,39.92063492063492,35.06349206349206,6.222222222222222,9.095238095238095,6.158730158730159,
2002-06-01,39.92063492063492,35.06349206349206,6.222222222222222,9.095238095238095,6.158730158730159,
2002-06-02,39.92063492063492,35.06349206349206,6.222222222222222,9.095238095238095,6.158730158730159,
2002-06-03,39.92063492063492,35.06349206349206,6.222222222222222,9.095238095238095,6.158730158730159,
2002-06-04,39.921875,35.0625,6.21875,9.09375,6.15625,
2002-06-05,39.921875,35.0625,6.21875,9.09375,6.15625,
2002-06-06,39.9,35.03846153846154,6.2384615384615385,9.107692307692307,6.153846153846154,
2002-06-07,39.9,35.03846153846154,6.2384615384615385,9.107692307692307,6.153846153846154,
2002-06-08,39.9,35.03846153846154,6.2384615384615385,9.107692307692307,6.153846153846154,
2002-06-09,39.9,35.03846153846154,6.2384615384615385,9.107692307692307,6.153846153846154,
2002-06-10,39.9,35.03846153846154,6.2384615384615385,9.107692307692307,6.153846153846154,
2002-06-11,39.9,35.03846153846154,6.2384615384615385,9.107692307692307,6.153846153846154,
2002-06-12,39.871212121212125,35.053030303030305,6.234848484848484,9.121212121212121,6.151515151515151,
2002-06-13,39.85820895522388,35.05223880597015,6.2388059701492535,9.14179104477612,6.141791044776119,
2002-06-14,39.85820895522388,35.05223880597015,6.2388059701492535,9.14179104477612,6.141791044776119,
2002-06-15,39.85820895522388,35.05223880597015,6.2388059701492535,9.14179104477612,6.141791044776119,
2002-06-16,39.85820895522388,35.05223880597015,6.2388059701492535,9.14179104477612,6.141791044776119,
2002-06-17,39.85820895522388,35.05223880597015,6.2388059701492535,9.14179104477612,6.141791044776119,
2002-06-18,39.85820895522388,35.05223880597015,6.2388059701492535,9.14179104477612,6.141791044776119,
2002-06-19,39.830882352941174,35.06617647058823,6.235294117647059,9.154411764705882,6.139705882352941,
2002-06-20,39.80434782608695,35.05072463768116,6.246376811594203,9.166666666666666,6.13768115942029,
2002-06-21,39.792857142857144,35.06428571428572,6.257142857142857,9.178571428571429,6.135714285714286,
2002-06-22,39.792857142857144,35.06428571428572,6.257142857142857,9.178571428571429,6.135714285714286,
2002-06-23,39.792857142857144,35.06428571428572,6.257142857142857,9.178571428571429,6.135714285714286,
2002-06-24,39.792857142857144,35.06428571428572,6.257142857142857,9.178571428571429,6.135714285714286,
2002-06-25,39.792857142857144,35.06428571428572,6.257142857142857,9.178571428571429,6.135714285714286,
2002-06-26,39.809859154929576,35.063380281690144,6.253521126760563,9.17605633802817,6.119718309859155,
2002-06-27,39.80555555555556,35.06944444444444,6.25,9.180555555555555,6.111111111111111,
2002-06-28,39.80555555555556,35.06944444444444,6.25,9.180555555555555,6.111111111111111,
2002-06-29,39.80555555555556,35.06944444444444,6.25,9.180555555555555,6.111111111111111,
2002-06-30,39.80555555555556,35.06944444444444,6.25,9.180555555555555,6.111111111111111,
2002-07-01,39.80555555555556,35.06944444444444,6.25,9.180555555555555,6.111111111111111,
2002-07-02,39.794520547945204,35.082191780821915,6.2465753424657535,9.178082191780822,6.109589041095891,
2002-07-03,39.794520547945204,35.082191780821915,6.2465753424657535,9.178082191780822,6.109589041095891,
2002-07-04,39.78378378378378,35.08108108108108,6.243243243243243,9.175675675675675,6.108108108108108,
2002-07-05,39.78666666666667,35.093333333333334,6.24,9.173333333333334,6.1066666666666665,
2002-07-06,39.78666666666667,35.093333333333334,6.24,9.173333333333334,6.1066666666666665,
2002-07-07,39.78666666666667,35.093333333333334,6.24,9.173333333333334,6.1066666666666665,
2002-07-08,39.78666666666667,35.093333333333334,6.24,9.173333333333334,6.1066666666666665,
2002-07-09,39.78666666666667,35.093333333333334,6.24,9.173333333333334,6.1066666666666665,
2002-07-10,39.776315789473685,35.10526315789474,6.25,9.157894736842104,6.105263157894737,
2002-07-11,39.77922077922078,35.103896103896105,6.246753246753247,9.155844155844155,6.097402597402597,
2002-07-12,39.77922077922078,35.103896103896105,6.246753246753247,9.155844155844155,6.097402597402597,
2002-07-13,39.77922077922078,35.103896103896105,6.246753246753247,9.155844155844155,6.097402597402597,
2002-07-14,39.77922077922078,35.103896103896105,6.246753246753247,9.155844155844155,6.097402597402597,
2002-07-15,39.77922077922078,35.103896103896105,6.246753246753247,9.155844155844155,6.097402597402597,
2002-07-16,39.77922077922078,35.103896103896105,6.246753246753247,9.155844155844155,6.097402597402597,
2002-07-17,39.782051282051285,35.12820512820513,6.243589743589744,9.14102564102564,6.083333333333333,
2002-07-18,39.79746835443038,35.12658227848101,6.2405063291139244,9.139240506329115,6.069620253164557,
2002-07-19,39.8,35.125,6.2375,9.1375,6.06875,
2002-07-20,39.8,35.125,6.2375,9.1375,6.06875,
2002-07-21,39.8,35.125,6.2375,9.1375,6.06875,
2002-07-22,39.8,35.125,6.2375,9.1375,6.06875,
2002-07-23,39.8,35.125,6.2375,9.1375,6.06875,
2002-07-24,39.80246913580247,35.135802469135804,6.234567901234568,9.135802469135802,6.067901234567901,
2002-07-25,39.792682926829265,35.1219512195122,6.2439024390243905,9.134146341463415,6.067073170731708,
2002-07-26,39.80722891566265,35.12048192771084,6.253012048192771,9.132530120481928,6.054216867469879,
2002-07-27,39.80722891566265,35.12048192771084,6.253012048192771,9.132530120481928,6.054216867469879,
2002-07-28,39.80722891566265,35.12048192771084,6.253012048192771,9.132530120481928,6.054216867469879,
2002-07-29,39.80722891566265,35.12048192771084,6.253012048192771,9.132530120481928,6.054216867469879,
2002-07-30,39.80722891566265,35.12048192771084,6.253012048192771,9.132530120481928,6.054216867469879,
2002-07-31,39.833333333333336,35.11904761904762,6.25,9.130952380952381,6.041666666666667,
2002-08-01,39.833333333333336,35.11904761904762,6.25,9.130952380952381,6.041666666666667,
2002-08-02,39.83529411764706,35.11176470588235,6.258823529411765,9.123529411764705,6.035294117647059,
2002-08-03,39.83529411764706,35.11176470588235,6.258823529411765,9.123529411764705,6.035294117647059,
2002-08-04,39.83529411764706,35.11176470588235,6.258823529411765,9.123529411764705,6.035294117647059,
2002-08-05,39.83529411764706,35.11176470588235,6.258823529411765,9.123529411764705,6.035294117647059,
2002-08-06,39.83529411764706,35.11176470588235,6.258823529411765,9.123529411764705,6.035294117647059,
2002-08-07,39.86046511627907,35.11046511627907,6.255813953488372,9.122093023255815,6.023255813953488,
2002-08-08,39.87356321839081,35.09770114942529,6.264367816091954,9.120689655172415,6.0,
2002-08-09,39.88636363636363,35.08522727272727,6.2727272727272725,9.119318181818182,5.988636363636363,
2002-08-10,39.88636363636363,35.08522727272727,6.2727272727272725,9.119318181818182,5.988636363636363,
2002-08-11,39.88636363636363,35.08522727272727,6.2727272727272725,9.119318181818182,5.988636363636363,
2002-08-12,39.89887640449438,35.07303370786517,6.269662921348314,9.117977528089888,5.977528089887641,
2002-08-13,39.89887640449438,35.07303370786517,6.269662921348314,9.117977528089888,5.977528089887641,
2002-08-14,39.91111111111111,35.07222222222222,6.266666666666667,9.127777777777778,5.955555555555556,
2002-08-15,39.91208791208791,35.06043956043956,6.274725274725275,9.137362637362637,5.945054945054945,
2002-08-16,39.91304347826087,35.04891304347826,6.282608695652174,9.146739130434783,5.934782608695652,
2002-08-17,39.913978494623656,35.05913978494624,6.290322580645161,9.134408602150538,5.924731182795699,
2002-08-18,39.913978494623656,35.05913978494624,6.290322580645161,9.134408602150538,5.924731182795699,
2002-08-19,39.913978494623656,35.05913978494624,6.290322580645161,9.134408602150538,5.924731182795699,
2002-08-20,39.913978494623656,35.05913978494624,6.290322580645161,9.134408602150538,5.924731182795699,
2002-08-21,39.913978494623656,35.05913978494624,6.290322580645161,9.134408602150538,5.924731182795699,
2002-08-22,39.91489361702128,35.047872340425535,6.287234042553192,9.132978723404255,5.925531914893617,
2002-08-23,39.915789473684214,35.05789473684211,6.294736842105263,9.126315789473685,5.910526315789474,
2002-08-24,39.915789473684214,35.05789473684211,6.294736842105263,9.126315789473685,5.910526315789474,
2002-08-25,39.915789473684214,35.05789473684211,6.294736842105263,9.126315789473685,5.910526315789474,
2002-08-26,39.915789473684214,35.05789473684211,6.294736842105263,9.126315789473685,5.910526315789474,
2002-08-27,39.915789473684214,35.05789473684211,6.294736842105263,9.126315789473685,5.910526315789474,
2002-08-28,39.916666666666664,35.088541666666664,6.302083333333333,9.114583333333334,5.901041666666667,
2002-08-29,39.91752577319588,35.108247422680414,6.298969072164948,9.11340206185567,5.881443298969073,
2002-08-30,39.92857142857143,35.14795918367347,6.3061224489795915,9.091836734693878,5.862244897959184,
2002-08-31,39.92857142857143,35.14795918367347,6.3061224489795915,9.091836734693878,5.862244897959184,
2002-09-01,39.92857142857143,35.14795918367347,6.3061224489795915,9.091836734693878,5.862244897959184,
2002-09-02,39.92857142857143,35.14795918367347,6.3061224489795915,9.091836734693878,5.862244897959184,
2002-09-03,39.92857142857143,35.14795918367347,6.3061224489795915,9.091836734693878,5.862244897959184,
2002-09-04,39.91919191919192,35.186868686868685,6.313131313131313,9.080808080808081,5.843434343434343,
2002-09-05,39.91,35.205,6.31,9.07,5.835,
2002-09-06,39.90594059405941,35.23267326732673,6.321782178217822,9.064356435643564,5.816831683168317,
2002-09-07,39.90594059405941,35.23267326732673,6.321782178217822,9.064356435643564,5.816831683168317,
2002-09-08,39.90594059405941,35.23267326732673,6.321782178217822,9.064356435643564,5.816831683168317,
2002-09-09,39.88725490196079,35.26960784313726,6.333333333333333,9.058823529411764,5.799019607843137,
2002-09-10,39.86893203883495,35.29611650485437,6.339805825242719,9.048543689320388,5.781553398058253,
2002-09-11,39.85096153846154,35.32211538461539,6.355769230769231,9.048076923076923,5.774038461538462,
2002-09-12,39.833333333333336,35.34761904761905,6.3619047619047615,9.038095238095238,5.757142857142857,
2002-09-13,39.79716981132076,35.37735849056604,6.377358490566038,9.033018867924529,5.747169811320755,
2002-09-14,39.79716981132076,35.37735849056604,6.377358490566038,9.033018867924529,5.747169811320755,
2002-09-15,39.79716981132076,35.37735849056604,6.377358490566038,9.033018867924529,5.747169811320755,
2002-09-16,39.79716981132076,35.37735849056604,6.377358490566038,9.033018867924529,5.747169811320755,
2002-09-17,39.79716981132076,35.37735849056604,6.377358490566038,9.033018867924529,5.747169811320755,
2002-09-18,39.7803738317757,35.42056074766355,6.383177570093458,9.023364485981308,5.730841121495327,
2002-09-19,39.7803738317757,35.42056074766355,6.383177570093458,9.023364485981308,5.730841121495327,
2002-09-20,39.7803738317757,35.42056074766355,6.383177570093458,9.023364485981308,5.730841121495327,
2002-09-21,39.7803738317757,35.42056074766355,6.383177570093458,9.023364485981308,5.730841121495327,
2002-09-22,39.7803738317757,35.42056074766355,6.383177570093458,9.023364485981308,5.730841121495327,
2002-09-23,39.7803738317757,35.42056074766355,6.383177570093458,9.023364485981308,5.730841121495327,
2002-09-24,39.7803738317757,35.42056074766355,6.383177570093458,9.023364485981308,5.730841121495327,
2002-09-25,39.7803738317757,35.42056074766355,6.383177570093458,9.023364485981308,5.730841121495327,
2002-09-26,39.773148148148145,35.44444444444444,6.407407407407407,9.00462962962963,5.714814814814815,
2002-09-27,39.773148148148145,35.44444444444444,6.407407407407407,9.00462962962963,5.714814814814815,
2002-09-28,39.773148148148145,35.44444444444444,6.407407407407407,9.00462962962963,5.714814814814815,
2002-09-29,39.773148148148145,35.44444444444444,6.407407407407407,9.00462962962963,5.714814814814815,
2002-09-30,39.773148148148145,35.44444444444444,6.407407407407407,9.00462962962963,5.714814814814815,
2002-10-01,39.76605504587156,35.477064220183486,6.440366972477064,8.986238532110091,5.689908256880734,
2002-10-02,39.76605504587156,35.477064220183486,6.440366972477064,8.986238532110091,5.689908256880734,
2002-10-03,39.768181818181816,35.5,6.463636363636364,8.968181818181819,5.674545454545455,
2002-10-04,39.76126126126126,35.52252252252252,6.486486486486487,8.95045045045045,5.65945945945946,
2002-10-05,39.76126126126126,35.52252252252252,6.486486486486487,8.95045045045045,5.65945945945946,
2002-10-06,39.76126126126126,35.52252252252252,6.486486486486487,8.95045045045045,5.65945945945946,
2002-10-07,39.76126126126126,35.52252252252252,6.486486486486487,8.95045045045045,5.65945945945946,
2002-10-08,39.76126126126126,35.52252252252252,6.486486486486487,8.95045045045045,5.65945945945946,
2002-10-09,39.763392857142854,35.544642857142854,6.517857142857143,8.924107142857142,5.644642857142857,
2002-10-10,39.76548672566372,35.56637168141593,6.530973451327434,8.9070796460177,5.6300884955752215,
2002-10-11,39.75877192982456,35.58771929824562,6.552631578947368,8.890350877192983,5.615789473684211,
2002-10-12,39.75877192982456,35.58771929824562,6.552631578947368,8.890350877192983,5.615789473684211,
2002-10-13,39.75877192982456,35.58771929824562,6.552631578947368,8.890350877192983,5.615789473684211,
2002-10-14,39.75877192982456,35.58771929824562,6.552631578947368,8.890350877192983,5.615789473684211,
2002-10-15,39.75877192982456,35.58771929824562,6.552631578947368,8.890350877192983,5.615789473684211,
2002-10-16,39.75877192982456,35.58771929824562,6.552631578947368,8.890350877192983,5.615789473684211,
2002-10-17,39.76086956521739,35.60434782608696,6.582608695652174,8.865217391304348,5.597391304347826,
2002-10-18,39.76293103448276,35.62068965517241,6.603448275862069,8.84051724137931,5.583620689655173,
2002-10-19,39.76293103448276,35.62068965517241,6.603448275862069,8.84051724137931,5.583620689655173,
2002-10-20,39.76293103448276,35.62068965517241,6.603448275862069,8.84051724137931,5.583620689655173,
2002-10-21,39.76293103448276,35.62068965517241,6.603448275862069,8.84051724137931,5.583620689655173,
2002-10-22,39.76293103448276,35.62068965517241,6.603448275862069,8.84051724137931,5.583620689655173,
2002-10-23,39.77350427350427,35.63247863247863,6.632478632478633,8.824786324786325,5.561538461538462,
2002-10-24,39.78389830508475,35.644067796610166,6.661016949152542,8.80084745762712,5.5398305084745765,
2002-10-25,39.794117647058826,35.64705882352941,6.689075630252101,8.777310924369749,5.526890756302522,
2002-10-26,39.794117647058826,35.64705882352941,6.689075630252101,8.777310924369749,5.526890756302522,
2002-10-27,39.794117647058826,35.64705882352941,6.689075630252101,8.777310924369749,5.526890756302522,
2002-10-28,39.794117647058826,35.64705882352941,6.689075630252101,8.777310924369749,5.526890756302522,
2002-10-29,39.794117647058826,35.64705882352941,6.689075630252101,8.777310924369749,5.526890756302522,
2002-10-30,39.82083333333333,35.641666666666666,6.716666666666667,8.754166666666666,5.505833333333333,
2002-10-31,39.83884297520661,35.63636363636363,6.743801652892562,8.723140495867769,5.493388429752066,
2002-11-01,39.864754098360656,35.631147540983605,6.762295081967213,8.700819672131148,5.481147540983607,
2002-11-02,39.864754098360656,35.631147540983605,6.762295081967213,8.700819672131148,5.481147540983607,
2002-11-03,39.864754098360656,35.631147540983605,6.762295081967213,8.700819672131148,5.481147540983607,
2002-11-04,39.864754098360656,35.631147540983605,6.762295081967213,8.700819672131148,5.481147540983607,
2002-11-05,39.864754098360656,35.631147540983605,6.762295081967213,8.700819672131148,5.481147540983607,
2002-11-06,39.90650406504065,35.609756097560975,6.788617886178862,8.670731707317072,5.469105691056911,
2002-11-07,39.939516129032256,35.596774193548384,6.814516129032258,8.641129032258064,5.45725806451613,
2002-11-08,39.939516129032256,35.596774193548384,6.814516129032258,8.641129032258064,5.45725806451613,
2002-11-09,39.939516129032256,35.596774193548384,6.814516129032258,8.641129032258064,5.45725806451613,
2002-11-10,39.939516129032256,35.596774193548384,6.814516129032258,8.641129032258064,5.45725806451613,
2002-11-11,39.939516129032256,35.596774193548384,6.814516129032258,8.641129032258064,5.45725806451613,
2002-11-12,39.939516129032256,35.596774193548384,6.814516129032258,8.641129032258064,5.45725806451613,
2002-11-13,39.988,35.568,6.84,8.612,5.445600000000001,
2002-11-14,40.035714285714285,35.53968253968254,6.857142857142857,8.583333333333334,5.442063492063492,
2002-11-15,40.07244094488189,35.51784776902887,6.877690288713911,8.559842519685038,5.430708661417323,
2002-11-16,40.07244094488189,35.51784776902887,6.877690288713911,8.559842519685038,5.430708661417323,
2002-11-17,40.07244094488189,35.51784776902887,6.877690288713911,8.559842519685038,5.430708661417323,
2002-11-18,40.07244094488189,35.51784776902887,6.877690288713911,8.559842519685038,5.430708661417323,
2002-11-19,40.07244094488189,35.51784776902887,6.877690288713911,8.559842519685038,5.430708661417323,
2002-11-20,40.07244094488189,35.51784776902887,6.877690288713911,8.559842519685038,5.430708661417323,
2002-11-21,40.134375,35.47083333333333,6.905989583333334,8.53203125,5.41953125,
2002-11-22,40.134375,35.47083333333333,6.905989583333334,8.53203125,5.41953125,
2002-11-23,40.134375,35.47083333333333,6.905989583333334,8.53203125,5.41953125,
2002-11-24,40.134375,35.47083333333333,6.905989583333334,8.53203125,5.41953125,
2002-11-25,40.134375,35.47083333333333,6.905989583333334,8.53203125,5.41953125,
2002-11-26,40.134375,35.47083333333333,6.905989583333334,8.53203125,5.41953125,
2002-11-27,40.21085271317829,35.41291989664082,6.929974160206719,8.504651162790697,5.408527131782946,
2002-11-28,40.286153846153844,35.35589743589743,6.953589743589744,8.477692307692307,5.397692307692308,
2002-11-29,40.34503816793893,35.31501272264631,6.984478371501273,8.451145038167938,5.387022900763359,
2002-11-30,40.34503816793893,35.31501272264631,6.984478371501273,8.451145038167938,5.387022900763359,
2002-12-01,40.34503816793893,35.31501272264631,6.984478371501273,8.451145038167938,5.387022900763359,
2002-12-02,40.34503816793893,35.31501272264631,6.984478371501273,8.451145038167938,5.387022900763359,
2002-12-03,40.34503816793893,35.31501272264631,6.984478371501273,8.451145038167938,5.387022900763359,
2002-12-04,40.418181818181814,35.2520202020202,7.01489898989899,8.417424242424241,5.376515151515152,
2002-12-05,40.48270676691729,35.197493734335836,7.03734335839599,8.39172932330827,5.373684210526316,
2002-12-06,40.538805970149255,35.14378109452736,7.074378109452737,8.36641791044776,5.363432835820896,
2002-12-07,40.538805970149255,35.14378109452736,7.074378109452737,8.36641791044776,5.363432835820896,
2002-12-08,40.538805970149255,35.14378109452736,7.074378109452737,8.36641791044776,5.363432835820896,
2002-12-09,40.538805970149255,35.14378109452736,7.074378109452737,8.36641791044776,5.363432835820896,
2002-12-10,40.538805970149255,35.14378109452736,7.074378109452737,8.36641791044776,5.363432835820896,
2002-12-11,40.59407407407407,35.09827160493827,7.103456790123457,8.334074074074074,5.3533333333333335,
2002-12-12,40.648529411764706,35.04975490196078,7.12843137254902,8.313235294117646,5.347058823529412,
2002-12-13,40.68759124087591,35.02749391727494,7.142092457420925,8.28905109489051,5.337226277372263,
2002-12-14,40.68759124087591,35.02749391727494,7.142092457420925,8.28905109489051,5.337226277372263,
2002-12-15,40.68759124087591,35.02749391727494,7.142092457420925,8.28905109489051,5.337226277372263,
2002-12-16,40.68759124087591,35.02749391727494,7.142092457420925,8.28905109489051,5.337226277372263,
2002-12-17,40.74057971014493,34.991062801932365,7.16280193236715,8.257971014492753,5.327536231884058,
2002-12-18,40.78992805755396,34.92925659472422,7.186810551558753,8.251079136690649,5.325179856115108,
2002-12-19,40.84142857142857,34.886904761904766,7.214047619047619,8.227857142857143,5.315714285714286,
2002-12-20,40.88510638297873,34.85224586288416,7.240898345153664,8.204964539007094,5.306382978723405,
2002-12-21,40.88510638297873,34.85224586288416,7.240898345153664,8.204964539007094,5.306382978723405,
2002-12-22,40.88510638297873,34.85224586288416,7.240898345153664,8.204964539007094,5.306382978723405,
2002-12-23,40.88510638297873,34.85224586288416,7.240898345153664,8.204964539007094,5.306382978723405,
2002-12-24,40.88510638297873,34.85224586288416,7.240898345153664,8.204964539007094,5.306382978723405,
2002-12-25,40.88510638297873,34.85224586288416,7.240898345153664,8.204964539007094,5.306382978723405,
2002-12-26,40.88510638297873,34.85224586288416,7.240898345153664,8.204964539007094,5.306382978723405,
2002-12-27,40.88510638297873,34.85224586288416,7.240898345153664,8.204964539007094,5.306382978723405,
2002-12-28,40.88510638297873,34.85224586288416,7.240898345153664,8.204964539007094,5.306382978723405,
2002-12-29,40.88510638297873,34.85224586288416,7.240898345153664,8.204964539007094,5.306382978723405,
2002-12-30,40.88510638297873,34.85224586288416,7.240898345153664,8.204964539007094,5.306382978723405,
2002-12-31,40.88510638297873,34.85224586288416,7.240898345153664,8.204964539007094,5.306382978723405,
2003-01-01,40.93521126760564,34.818075117370896,7.267370892018779,8.182394366197183,5.290140845070423,
2003-01-02,40.93521126760564,34.818075117370896,7.267370892018779,8.182394366197183,5.290140845070423,
2003-01-03,40.98111888111888,34.78438228438229,7.286480186480187,8.16013986013986,5.2846153846153845,
2003-01-04,40.98111888111888,34.78438228438229,7.286480186480187,8.16013986013986,5.2846153846153845,
2003-01-05,40.98111888111888,34.78438228438229,7.286480186480187,8.16013986013986,5.2846153846153845,
2003-01-06,40.98111888111888,34.78438228438229,7.286480186480187,8.16013986013986,5.2846153846153845,
2003-01-07,41.02291666666667,34.758101851851855,7.312268518518518,8.138194444444444,5.268750000000001,
2003-01-08,41.02291666666667,34.758101851851855,7.312268518518518,8.138194444444444,5.268750000000001,
2003-01-09,41.06413793103449,34.72528735632184,7.33080459770115,8.123448275862069,5.260000000000001,
2003-01-10,41.11164383561644,34.68607305936073,7.362785388127854,8.102054794520548,5.244520547945206,
2003-01-11,41.11164383561644,34.68607305936073,7.362785388127854,8.102054794520548,5.244520547945206,
2003-01-12,41.11164383561644,34.68607305936073,7.362785388127854,8.102054794520548,5.244520547945206,
2003-01-13,41.11164383561644,34.68607305936073,7.362785388127854,8.102054794520548,5.244520547945206,
2003-01-14,41.11164383561644,34.68607305936073,7.362785388127854,8.102054794520548,5.244520547945206,
2003-01-15,41.15170068027211,34.6609977324263,7.380725623582767,8.080952380952382,5.236054421768708,
2003-01-16,41.19797297297298,34.62274774774775,7.398423423423424,8.066891891891892,5.227702702702703,
2003-01-17,41.236912751677856,34.5917225950783,7.422595078299777,8.053020134228188,5.212751677852349,
2003-01-18,41.236912751677856,34.5917225950783,7.422595078299777,8.053020134228188,5.212751677852349,
2003-01-19,41.236912751677856,34.5917225950783,7.422595078299777,8.053020134228188,5.212751677852349,
2003-01-20,41.236912751677856,34.5917225950783,7.422595078299777,8.053020134228188,5.212751677852349,
2003-01-21,41.236912751677856,34.5917225950783,7.422595078299777,8.053020134228188,5.212751677852349,
2003-01-22,41.275333333333336,34.56777777777778,7.446444444444444,8.032666666666668,5.198,
2003-01-23,41.31324503311259,34.54415011037528,7.45673289183223,8.019205298013246,5.190066225165563,
2003-01-24,41.35065789473684,34.51754385964912,7.470175438596492,8.00592105263158,5.178947368421053,
2003-01-25,41.35065789473684,34.51754385964912,7.470175438596492,8.00592105263158,5.178947368421053,
2003-01-26,41.35065789473684,34.51754385964912,7.470175438596492,8.00592105263158,5.178947368421053,
2003-01-27,41.35065789473684,34.51754385964912,7.470175438596492,8.00592105263158,5.178947368421053,
2003-01-28,41.35065789473684,34.51754385964912,7.470175438596492,8.00592105263158,5.178947368421053,
2003-01-29,41.38104575163399,34.495860566448805,7.48115468409586,7.997058823529412,5.172549019607843,
2003-01-30,41.41753246753247,34.46666666666667,7.497510822510822,7.9840909090909085,5.164935064935065,
2003-01-31,41.453548387096774,34.43784946236559,7.513655913978494,7.977741935483871,5.150967741935483,
2003-02-01,41.453548387096774,34.43784946236559,7.513655913978494,7.977741935483871,5.150967741935483,
2003-02-02,41.453548387096774,34.43784946236559,7.513655913978494,7.977741935483871,5.150967741935483,
2003-02-03,41.453548387096774,34.43784946236559,7.513655913978494,7.977741935483871,5.150967741935483,
2003-02-04,41.50192307692308,34.39017094017094,7.536004273504273,7.971474358974358,5.137179487179487,
2003-02-05,41.50192307692308,34.39017094017094,7.536004273504273,7.971474358974358,5.137179487179487,
2003-02-06,41.54331210191083,34.35583864118896,7.551698513800424,7.958917197452229,5.129936305732484,
2003-02-07,41.5873417721519,34.321940928270045,7.567194092827004,7.946518987341772,5.119620253164557,
2003-02-08,41.5873417721519,34.321940928270045,7.567194092827004,7.946518987341772,5.119620253164557,
2003-02-09,41.5873417721519,34.321940928270045,7.567194092827004,7.946518987341772,5.119620253164557,
2003-02-10,41.5873417721519,34.321940928270045,7.567194092827004,7.946518987341772,5.119620253164557,
2003-02-11,41.627672955974845,34.27589098532495,7.595073375262054,7.940566037735849,5.1062893081761,
2003-02-12,41.627672955974845,34.27589098532495,7.595073375262054,7.940566037735849,5.1062893081761,
2003-02-13,41.67375,34.23041666666667,7.616354166666666,7.9346875,5.099375,
2003-02-14,41.7192546583851,34.185507246376815,7.643581780538302,7.922670807453416,5.086335403726708,
2003-02-15,41.7192546583851,34.185507246376815,7.643581780538302,7.922670807453416,5.086335403726708,
2003-02-16,41.7192546583851,34.185507246376815,7.643581780538302,7.922670807453416,5.086335403726708,
2003-02-17,41.7192546583851,34.185507246376815,7.643581780538302,7.922670807453416,5.086335403726708,
2003-02-18,41.7192546583851,34.185507246376815,7.643581780538302,7.922670807453416,5.086335403726708,
2003-02-19,41.7559670781893,34.14650205761317,7.661831275720165,7.91820987654321,5.07798353909465,
2003-02-20,41.79427402862986,34.10879345603272,7.682310838445808,7.912576687116564,5.071370143149284,
2003-02-21,41.83516260162602,34.077642276422765,7.696443089430894,7.900914634146342,5.061788617886179,
2003-02-22,41.83516260162602,34.077642276422765,7.696443089430894,7.900914634146342,5.061788617886179,
2003-02-23,41.83516260162602,34.077642276422765,7.696443089430894,7.900914634146342,5.061788617886179,
2003-02-24,41.83516260162602,34.077642276422765,7.696443089430894,7.900914634146342,5.061788617886179,
2003-02-25,41.83516260162602,34.077642276422765,7.696443089430894,7.900914634146342,5.061788617886179,
2003-02-26,41.86646464646464,34.04686868686869,7.722525252525252,7.88939393939394,5.049292929292929,
2003-02-27,41.86646464646464,34.04686868686869,7.722525252525252,7.88939393939394,5.049292929292929,
2003-02-28,41.90341365461847,34.01044176706827,7.742269076305221,7.881024096385542,5.042971887550201,
2003-03-01,41.90341365461847,34.01044176706827,7.742269076305221,7.881024096385542,5.042971887550201,
2003-03-02,41.90341365461847,34.01044176706827,7.742269076305221,7.881024096385542,5.042971887550201,
2003-03-03,41.90341365461847,34.01044176706827,7.742269076305221,7.881024096385542,5.042971887550201,
2003-03-04,41.93393213572854,33.98642714570858,7.761776447105788,7.869760479041916,5.030738522954092,
2003-03-05,41.93393213572854,33.98642714570858,7.761776447105788,7.869760479041916,5.030738522954092,
2003-03-06,41.9640873015873,33.95079365079365,7.7810515873015875,7.864583333333333,5.0246031746031745,
2003-03-07,42.005719921104536,33.90966469428008,7.806015779092703,7.853550295857988,5.012623274161736,
2003-03-08,42.005719921104536,33.90966469428008,7.806015779092703,7.853550295857988,5.012623274161736,
2003-03-09,42.005719921104536,33.90966469428008,7.806015779092703,7.853550295857988,5.012623274161736,
2003-03-10,42.005719921104536,33.90966469428008,7.806015779092703,7.853550295857988,5.012623274161736,
2003-03-11,42.005719921104536,33.90966469428008,7.806015779092703,7.853550295857988,5.012623274161736,
2003-03-12,42.04098039215686,33.88078431372549,7.824803921568628,7.8426470588235295,5.00078431372549,
2003-03-13,42.06998050682261,33.840545808966866,7.843372319688109,7.837719298245614,4.994931773879142,
2003-03-14,42.107364341085265,33.81531007751938,7.855910852713179,7.824127906976744,4.98624031007752,
2003-03-15,42.107364341085265,33.81531007751938,7.855910852713179,7.824127906976744,4.98624031007752,
2003-03-16,42.107364341085265,33.81531007751938,7.855910852713179,7.824127906976744,4.98624031007752,
2003-03-17,42.107364341085265,33.81531007751938,7.855910852713179,7.824127906976744,4.98624031007752,
2003-03-18,42.107364341085265,33.81531007751938,7.855910852713179,7.824127906976744,4.98624031007752,
2003-03-19,42.13622350674374,33.782466281310214,7.873892100192679,7.822832369942196,4.9770712909441235,
2003-03-20,42.13622350674374,33.782466281310214,7.873892100192679,7.822832369942196,4.9770712909441235,
2003-03-21,42.16704980842912,33.75498084291188,7.888984674329502,7.81235632183908,4.971455938697318,
2003-03-22,42.16704980842912,33.75498084291188,7.888984674329502,7.81235632183908,4.971455938697318,
2003-03-23,42.183238095238096,33.744952380952384,7.906761904761905,7.802,4.960190476190476,
2003-03-24,42.183238095238096,33.744952380952384,7.906761904761905,7.802,4.960190476190476,
2003-03-25,42.183238095238096,33.744952380952384,7.906761904761905,7.802,4.960190476190476,
2003-03-26,42.183238095238096,33.744952380952384,7.906761904761905,7.802,4.960190476190476,
2003-03-27,42.183238095238096,33.744952380952384,7.906761904761905,7.802,4.960190476190476,
2003-03-28,42.20681818181818,33.72935606060606,7.920549242424243,7.789867424242424,4.952840909090909,
2003-03-29,42.20681818181818,33.72935606060606,7.920549242424243,7.789867424242424,4.952840909090909,
2003-03-30,42.20681818181818,33.72935606060606,7.920549242424243,7.789867424242424,4.952840909090909,
2003-03-31,42.20681818181818,33.72935606060606,7.920549242424243,7.789867424242424,4.952840909090909,
2003-04-01,42.21694915254237,33.725235404896424,7.937947269303201,7.779755178907721,4.94180790960452,
2003-04-02,42.21694915254237,33.725235404896424,7.937947269303201,7.779755178907721,4.94180790960452,
2003-04-03,42.21694915254237,33.725235404896424,7.937947269303201,7.779755178907721,4.94180790960452,
2003-04-04,42.23258426966292,33.712734082397006,7.955149812734082,7.769756554307116,4.9337078651685395,
2003-04-05,42.23258426966292,33.712734082397006,7.955149812734082,7.769756554307116,4.9337078651685395,
2003-04-06,42.23258426966292,33.712734082397006,7.955149812734082,7.769756554307116,4.9337078651685395,
2003-04-07,42.23258426966292,33.712734082397006,7.955149812734082,7.769756554307116,4.9337078651685395,
2003-04-08,42.23258426966292,33.712734082397006,7.955149812734082,7.769756554307116,4.9337078651685395,
2003-04-09,42.24245810055866,33.708752327746744,7.972160148975791,7.759869646182495,4.922905027932961,
2003-04-10,42.26333333333333,33.693703703703704,7.988981481481481,7.750092592592592,4.917777777777778,
2003-04-11,42.28121546961326,33.68434622467772,7.997329650092081,7.740423572744015,4.909944751381215,
2003-04-12,42.28121546961326,33.68434622467772,7.997329650092081,7.740423572744015,4.909944751381215,
2003-04-13,42.28121546961326,33.68434622467772,7.997329650092081,7.740423572744015,4.909944751381215,
2003-04-14,42.28121546961326,33.68434622467772,7.997329650092081,7.740423572744015,4.909944751381215,
2003-04-15,42.28121546961326,33.68434622467772,7.997329650092081,7.740423572744015,4.909944751381215,
2003-04-16,42.28956043956044,33.67399267399268,8.012179487179488,7.738553113553114,4.902747252747252,
2003-04-17,42.303005464480876,33.658014571949,8.024408014571948,7.735883424408015,4.897814207650273,
2003-04-18,42.32853260869565,33.638134057971016,8.040579710144927,7.721014492753624,4.8929347826086955,
2003-04-19,42.32853260869565,33.638134057971016,8.040579710144927,7.721014492753624,4.8929347826086955,
2003-04-20,42.32853260869565,33.638134057971016,8.040579710144927,7.721014492753624,4.8929347826086955,
2003-04-21,42.32853260869565,33.638134057971016,8.040579710144927,7.721014492753624,4.8929347826086955,
2003-04-22,42.32853260869565,33.638134057971016,8.040579710144927,7.721014492753624,4.8929347826086955,
2003-04-23,42.34297297297297,33.61846846846847,8.056576576576576,7.717117117117118,4.888108108108108,
2003-04-24,42.36801075268817,33.59901433691756,8.067025089605735,7.713261648745521,4.883333333333333,
2003-04-25,42.38743315508021,33.57976827094474,8.088057040998217,7.704099821746881,4.873262032085561,
2003-04-26,42.38743315508021,33.57976827094474,8.088057040998217,7.704099821746881,4.873262032085561,
2003-04-27,42.38743315508021,33.57976827094474,8.088057040998217,7.704099821746881,4.873262032085561,
2003-04-28,42.38743315508021,33.57976827094474,8.088057040998217,7.704099821746881,4.873262032085561,
2003-04-29,42.406648936170214,33.55540780141844,8.10354609929078,7.695035460992909,4.873936170212766,
2003-04-30,42.406648936170214,33.55540780141844,8.10354609929078,7.695035460992909,4.873936170212766,
2003-05-01,42.42566137566138,33.53130511463845,8.118871252204586,7.691358024691358,4.874603174603174,
2003-05-02,42.44973684210526,33.512719298245614,8.126140350877193,7.685087719298246,4.87,
2003-05-03,42.44973684210526,33.512719298245614,8.126140350877193,7.685087719298246,4.87,
2003-05-04,42.44973684210526,33.512719298245614,8.126140350877193,7.685087719298246,4.87,
2003-05-05,42.44973684210526,33.512719298245614,8.126140350877193,7.685087719298246,4.87,
2003-05-06,42.478795811518324,33.47862129144852,8.146422338568936,7.676265270506109,4.86544502617801,
2003-05-07,42.478795811518324,33.47862129144852,8.146422338568936,7.676265270506109,4.86544502617801,
2003-05-08,42.50234375,33.44487847222222,8.161284722222222,7.672743055555556,4.866145833333333,
2003-05-09,42.52564766839379,33.42184801381693,8.175993091537133,7.6692573402417965,4.861658031088083,
2003-05-10,42.52564766839379,33.42184801381693,8.175993091537133,7.6692573402417965,4.861658031088083,
2003-05-11,42.52564766839379,33.42184801381693,8.175993091537133,7.6692573402417965,4.861658031088083,
2003-05-12,42.52564766839379,33.42184801381693,8.175993091537133,7.6692573402417965,4.861658031088083,
2003-05-13,42.5590206185567,33.383591065292094,8.195704467353952,7.6606529209622,4.85721649484536,
2003-05-14,42.56589743589744,33.36316239316239,8.211623931623931,7.667008547008547,4.8538461538461535,
2003-05-15,42.593622448979595,33.32559523809524,8.230952380952381,7.6585034013605435,4.854591836734694,
2003-05-16,42.61598984771574,33.30363790186125,8.237394247038917,7.655160744500845,4.850253807106599,
2003-05-17,42.61598984771574,33.30363790186125,8.237394247038917,7.655160744500845,4.850253807106599,
2003-05-18,42.61598984771574,33.30363790186125,8.237394247038917,7.655160744500845,4.850253807106599,
2003-05-19,42.61598984771574,33.30363790186125,8.237394247038917,7.655160744500845,4.850253807106599,
2003-05-20,42.64318181818182,33.26675084175084,8.256397306397306,7.651851851851852,4.845959595959596,
2003-05-21,42.64318181818182,33.26675084175084,8.256397306397306,7.651851851851852,4.845959595959596,
2003-05-22,42.67261306532664,33.231490787269685,8.271440536013401,7.646063651591289,4.841708542713568,
2003-05-23,42.694250000000004,33.205333333333336,8.280083333333334,7.647833333333333,4.8375,
2003-05-24,42.694250000000004,33.205333333333336,8.280083333333334,7.647833333333333,4.8375,
2003-05-25,42.694250000000004,33.205333333333336,8.280083333333334,7.647833333333333,4.8375,
2003-05-26,42.694250000000004,33.205333333333336,8.280083333333334,7.647833333333333,4.8375,
2003-05-27,42.725621890547266,33.16451077943615,8.298590381426202,7.644610281923715,4.833333333333333,
2003-05-28,42.725621890547266,33.16451077943615,8.298590381426202,7.644610281923715,4.833333333333333,
2003-05-29,42.74678217821782,33.133993399339936,8.311963696369636,7.646369636963696,4.829207920792079,
2003-05-30,42.7628078817734,33.11855500821018,8.3252052545156,7.6431855500821015,4.825123152709359,
2003-05-31,42.7628078817734,33.11855500821018,8.3252052545156,7.6431855500821015,4.825123152709359,
2003-06-01,42.7628078817734,33.11855500821018,8.3252052545156,7.6431855500821015,4.825123152709359,
2003-06-02,42.7628078817734,33.11855500821018,8.3252052545156,7.6431855500821015,4.825123152709359,
2003-06-03,42.77377450980392,33.10326797385621,8.333415032679738,7.644934640522876,4.821078431372549,
2003-06-04,42.77377450980392,33.10326797385621,8.333415032679738,7.644934640522876,4.821078431372549,
2003-06-05,42.79926829268293,33.07349593495935,8.341544715447155,7.641788617886179,4.817073170731708,
2003-06-06,42.81723300970874,33.05857605177994,8.347168284789644,7.636245954692557,4.813106796116505,
2003-06-07,42.81723300970874,33.05857605177994,8.347168284789644,7.636245954692557,4.813106796116505,
2003-06-08,42.81723300970874,33.05857605177994,8.347168284789644,7.636245954692557,4.813106796116505,
2003-06-09,42.81723300970874,33.05857605177994,8.347168284789644,7.636245954692557,4.813106796116505,
2003-06-10,42.82777777777778,33.043800322061195,8.359983896940419,7.63317230273752,4.809178743961352,
2003-06-11,42.82777777777778,33.043800322061195,8.359983896940419,7.63317230273752,4.809178743961352,
2003-06-12,42.84302884615385,33.02916666666667,8.36786858974359,7.630128205128205,4.805288461538462,
2003-06-13,42.862918660287086,33.00988835725678,8.375677830940988,7.627113237639553,4.801435406698564,
2003-06-14,42.862918660287086,33.00988835725678,8.375677830940988,7.627113237639553,4.801435406698564,
2003-06-15,42.862918660287086,33.00988835725678,8.375677830940988,7.627113237639553,4.801435406698564,
2003-06-16,42.862918660287086,33.00988835725678,8.375677830940988,7.627113237639553,4.801435406698564,
2003-06-17,42.877857142857145,32.995555555555555,8.392936507936508,7.619365079365079,4.792857142857143,
2003-06-18,42.87890995260664,32.98088467614534,8.403870458135861,7.620221169036334,4.789099526066351,
2003-06-19,42.89599056603774,32.963286163522014,8.412578616352201,7.617295597484277,4.783018867924528,
2003-06-20,42.9199530516432,32.94937402190923,8.415336463223788,7.609702660406885,4.779342723004695,
2003-06-21,42.9199530516432,32.94937402190923,8.415336463223788,7.609702660406885,4.779342723004695,
2003-06-22,42.9199530516432,32.94937402190923,8.415336463223788,7.609702660406885,4.779342723004695,
2003-06-23,42.9199530516432,32.94937402190923,8.415336463223788,7.609702660406885,4.779342723004695,
2003-06-24,42.92967289719626,32.94026479750779,8.43208722741433,7.602180685358255,4.771028037383178,
2003-06-25,42.92967289719626,32.94026479750779,8.43208722741433,7.602180685358255,4.771028037383178,
2003-06-26,42.9393023255814,32.921937984496125,8.444031007751938,7.5993798449612395,4.767441860465116,
2003-06-27,42.95810185185186,32.908410493827155,8.44891975308642,7.591975308641975,4.763888888888889,
2003-06-28,42.95810185185186,32.908410493827155,8.44891975308642,7.591975308641975,4.763888888888889,
2003-06-29,42.95810185185186,32.908410493827155,8.44891975308642,7.591975308641975,4.763888888888889,
2003-06-30,42.95810185185186,32.908410493827155,8.44891975308642,7.591975308641975,4.763888888888889,
2003-07-01,42.95810185185186,32.908410493827155,8.44891975308642,7.591975308641975,4.763888888888889,
2003-07-02,42.96751152073733,32.9042242703533,8.456067588325652,7.584639016897081,4.76036866359447,
2003-07-03,42.981422018348624,32.89090214067278,8.463149847094801,7.577370030581039,4.756880733944954,
2003-07-04,42.99977168949772,32.87770167427701,8.470167427701675,7.574733637747336,4.7534246575342465,
2003-07-05,42.99977168949772,32.87770167427701,8.470167427701675,7.574733637747336,4.7534246575342465,
2003-07-06,42.99977168949772,32.87770167427701,8.470167427701675,7.574733637747336,4.7534246575342465,
2003-07-07,42.99977168949772,32.87770167427701,8.470167427701675,7.574733637747336,4.7534246575342465,
2003-07-08,43.004318181818185,32.87371212121212,8.477121212121212,7.572121212121211,4.75,
2003-07-09,43.004318181818185,32.87371212121212,8.477121212121212,7.572121212121211,4.75,
2003-07-10,43.013348416289595,32.86523378582202,8.488536953242836,7.5650075414781295,4.746606334841629,
2003-07-11,43.0268018018018,32.861336336336336,8.490840840840841,7.557957957957957,4.743243243243243,
2003-07-12,43.0268018018018,32.861336336336336,8.490840840840841,7.557957957957957,4.743243243243243,
2003-07-13,43.0268018018018,32.861336336336336,8.490840840840841,7.557957957957957,4.743243243243243,
2003-07-14,43.0268018018018,32.861336336336336,8.490840840840841,7.557957957957957,4.743243243243243,
2003-07-15,43.03565022421525,32.85747384155456,8.502092675635277,7.550971599402092,4.73542600896861,
2003-07-16,43.03565022421525,32.85747384155456,8.502092675635277,7.550971599402092,4.73542600896861,
2003-07-17,43.03995535714286,32.85364583333333,8.508779761904762,7.548511904761904,4.732142857142857,
2003-07-18,43.053111111111114,32.84762962962963,8.510962962962964,7.541629629629629,4.728888888888889,
2003-07-19,43.053111111111114,32.84762962962963,8.510962962962964,7.541629629629629,4.728888888888889,
2003-07-20,43.053111111111114,32.84762962962963,8.510962962962964,7.541629629629629,4.728888888888889,
2003-07-21,43.053111111111114,32.84762962962963,8.510962962962964,7.541629629629629,4.728888888888889,
2003-07-22,43.05730088495576,32.84387905604719,8.517551622418878,7.539233038348082,4.725663716814159,
2003-07-23,43.06343612334802,32.83046989720999,8.526284875183554,7.540822320117474,4.721145374449339,
2003-07-24,43.0719298245614,32.826827485380115,8.532748538011695,7.53406432748538,4.717982456140351,
2003-07-25,43.08034934497817,32.8188500727802,8.5391557496361,7.5317321688500725,4.714847161572052,
2003-07-26,43.08034934497817,32.8188500727802,8.5391557496361,7.5317321688500725,4.714847161572052,
2003-07-27,43.08034934497817,32.8188500727802,8.5391557496361,7.5317321688500725,4.714847161572052,
2003-07-28,43.08034934497817,32.8188500727802,8.5391557496361,7.5317321688500725,4.714847161572052,
2003-07-29,43.08869565217391,32.81094202898551,8.549855072463767,7.529420289855072,4.707391304347826,
2003-07-30,43.08869565217391,32.81094202898551,8.549855072463767,7.529420289855072,4.707391304347826,
2003-07-31,43.096969696969694,32.803102453102454,8.560461760461761,7.527128427128427,4.704329004329004,
2003-08-01,43.109482758620686,32.79533045977011,8.562356321839081,7.520545977011494,4.701293103448276,
2003-08-02,43.109482758620686,32.79533045977011,8.562356321839081,7.520545977011494,4.701293103448276,
2003-08-03,43.109482758620686,32.79533045977011,8.562356321839081,7.520545977011494,4.701293103448276,
2003-08-04,43.109482758620686,32.79533045977011,8.562356321839081,7.520545977011494,4.701293103448276,
2003-08-05,43.121888412017164,32.78762517882689,8.568526466380543,7.514020028612303,4.698283261802575,
2003-08-06,43.121888412017164,32.78762517882689,8.568526466380543,7.514020028612303,4.698283261802575,
2003-08-07,43.12564102564102,32.77998575498575,8.574643874643876,7.511823361823362,4.69957264957265,
2003-08-08,43.13787234042553,32.76815602836879,8.580709219858155,7.509645390070922,4.6965957446808515,
2003-08-09,43.13787234042553,32.76815602836879,8.580709219858155,7.509645390070922,4.6965957446808515,
2003-08-10,43.13787234042553,32.76815602836879,8.580709219858155,7.509645390070922,4.6965957446808515,
2003-08-11,43.13787234042553,32.76815602836879,8.580709219858155,7.509645390070922,4.6965957446808515,
2003-08-12,43.14576271186441,32.75642655367231,8.590960451977402,7.507485875706215,4.69364406779661,
2003-08-13,43.14576271186441,32.75642655367231,8.590960451977402,7.507485875706215,4.69364406779661,
2003-08-14,43.153586497890295,32.75323488045007,8.59690576652602,7.50112517580872,4.69493670886076,
2003-08-15,43.161344537815125,32.74166666666667,8.602801120448179,7.503221288515406,4.68781512605042,
2003-08-16,43.161344537815125,32.74166666666667,8.602801120448179,7.503221288515406,4.68781512605042,
2003-08-17,43.161344537815125,32.74166666666667,8.602801120448179,7.503221288515406,4.68781512605042,
2003-08-18,43.161344537815125,32.74166666666667,8.602801120448179,7.503221288515406,4.68781512605042,
2003-08-19,43.16066945606694,32.73019525801953,8.612831241283125,7.505299860529986,4.684937238493724,
2003-08-20,43.16291666666667,32.72298611111111,8.618194444444445,7.505694444444444,4.683333333333334,
2003-08-21,43.16639004149378,32.71583679114799,8.62392807745505,7.5035961272475795,4.680497925311204,
2003-08-22,43.17603305785124,32.70668044077135,8.629614325068871,7.499449035812671,4.677685950413223,
2003-08-23,43.17603305785124,32.70668044077135,8.629614325068871,7.499449035812671,4.677685950413223,
2003-08-24,43.17603305785124,32.70668044077135,8.629614325068871,7.499449035812671,4.677685950413223,
2003-08-25,43.17603305785124,32.70668044077135,8.629614325068871,7.499449035812671,4.677685950413223,
2003-08-26,43.17942386831276,32.69554183813443,8.639368998628258,7.497393689986282,4.674897119341564,
2003-08-27,43.19098360655738,32.68039617486339,8.649043715846995,7.499453551912568,4.668032786885246,
2003-08-28,43.198367346938774,32.66945578231292,8.658639455782314,7.497414965986394,4.66530612244898,
2003-08-29,43.20975609756098,32.65860433604336,8.66409214092141,7.491327913279132,4.662601626016261,
2003-08-30,43.20975609756098,32.65860433604336,8.66409214092141,7.491327913279132,4.662601626016261,
2003-08-31,43.20975609756098,32.65860433604336,8.66409214092141,7.491327913279132,4.662601626016261,
2003-09-01,43.20975609756098,32.65860433604336,8.66409214092141,7.491327913279132,4.662601626016261,
2003-09-02,43.212955465587044,32.647840755735494,8.673549257759785,7.489338731443994,4.659919028340081,
2003-09-03,43.212955465587044,32.647840755735494,8.673549257759785,7.489338731443994,4.659919028340081,
2003-09-04,43.21612903225807,32.64119623655914,8.682930107526882,7.4833333333333325,4.661290322580645,
2003-09-05,43.22730923694779,32.62657295850067,8.688219544846051,7.477376171352074,4.658634538152611,
2003-09-06,43.22730923694779,32.62657295850067,8.688219544846051,7.477376171352074,4.658634538152611,
2003-09-07,43.22730923694779,32.62657295850067,8.688219544846051,7.477376171352074,4.658634538152611,
2003-09-08,43.22730923694779,32.62657295850067,8.688219544846051,7.477376171352074,4.658634538152611,
2003-09-09,43.2344,32.61606666666667,8.701466666666667,7.475466666666666,4.652,
2003-09-10,43.2344,32.61606666666667,8.701466666666667,7.475466666666666,4.652,
2003-09-11,43.245418326693226,32.601660026560424,8.7066401062417,7.4735723771580345,4.653386454183267,
2003-09-12,43.25436507936508,32.59133597883598,8.70978835978836,7.469708994708994,4.650793650793651,
2003-09-13,43.25436507936508,32.59133597883598,8.70978835978836,7.469708994708994,4.650793650793651,
2003-09-14,43.25436507936508,32.59133597883598,8.70978835978836,7.469708994708994,4.650793650793651,
2003-09-15,43.25436507936508,32.59133597883598,8.70978835978836,7.469708994708994,4.650793650793651,
2003-09-16,43.26521739130435,32.58109354413702,8.718840579710145,7.467852437417655,4.644268774703558,
2003-09-17,43.27145669291339,32.56856955380577,8.725262467191602,7.469750656167979,4.640944881889763,
2003-09-18,43.282156862745104,32.55849673202614,8.730261437908498,7.463986928104575,4.642352941176471,
2003-09-19,43.2927734375,32.544596354166664,8.735221354166667,7.462174479166666,4.63984375,
2003-09-20,43.2927734375,32.544596354166664,8.735221354166667,7.462174479166666,4.63984375,
2003-09-21,43.2927734375,32.544596354166664,8.735221354166667,7.462174479166666,4.63984375,
2003-09-22,43.2927734375,32.544596354166664,8.735221354166667,7.462174479166666,4.63984375,
2003-09-23,43.30719844357977,32.5269130998703,8.744033722438392,7.460376134889754,4.633463035019455,
2003-09-24,43.30719844357977,32.5269130998703,8.744033722438392,7.460376134889754,4.633463035019455,
2003-09-25,43.31763565891473,32.513242894056845,8.752777777777778,7.454715762273902,4.634883720930232,
2003-09-26,43.33571428571429,32.49581724581724,8.761454311454312,7.449099099099099,4.632432432432433,
2003-09-27,43.33571428571429,32.49581724581724,8.761454311454312,7.449099099099099,4.632432432432433,
2003-09-28,43.33571428571429,32.49581724581724,8.761454311454312,7.449099099099099,4.632432432432433,
2003-09-29,43.33571428571429,32.49581724581724,8.761454311454312,7.449099099099099,4.632432432432433,
2003-09-30,43.361346153846156,32.47083333333333,8.773910256410257,7.443525641025641,4.626153846153846,
2003-10-01,43.361346153846156,32.47083333333333,8.773910256410257,7.443525641025641,4.626153846153846,
2003-10-02,43.382950191570885,32.44987228607918,8.786270753512133,7.434163473818646,4.623754789272031,
2003-10-03,43.40820610687023,32.42907124681933,8.79472010178117,7.424872773536896,4.617557251908397,
2003-10-04,43.40820610687023,32.42907124681933,8.79472010178117,7.424872773536896,4.617557251908397,
2003-10-05,43.40820610687023,32.42907124681933,8.79472010178117,7.424872773536896,4.617557251908397,
2003-10-06,43.40820610687023,32.42907124681933,8.79472010178117,7.424872773536896,4.617557251908397,
2003-10-07,43.43326996197719,32.40462610899873,8.803105196451204,7.419455006337135,4.615209125475285,
2003-10-08,43.43326996197719,32.40462610899873,8.803105196451204,7.419455006337135,4.615209125475285,
2003-10-09,43.45814393939394,32.38415404040404,8.811426767676767,7.410290404040404,4.612878787878787,
2003-10-10,43.477169811320756,32.36761006289308,8.817798742138365,7.403081761006289,4.606792452830189,
2003-10-11,43.477169811320756,32.36761006289308,8.817798742138365,7.403081761006289,4.606792452830189,
2003-10-12,43.477169811320756,32.36761006289308,8.817798742138365,7.403081761006289,4.606792452830189,
2003-10-13,43.477169811320756,32.36761006289308,8.817798742138365,7.403081761006289,4.606792452830189,
2003-10-14,43.505451127819555,32.33991228070175,8.826002506265665,7.397807017543859,4.604511278195488,
2003-10-15,43.517790262172284,32.31953807740325,8.834893882646691,7.399313358302122,4.603370786516853,
2003-10-16,43.538246268656714,32.29968905472637,8.84297263681592,7.394092039800995,4.601119402985074,
2003-10-17,43.562267657992564,32.27627013630732,8.850991325898388,7.385192069392812,4.595167286245353,
2003-10-18,43.562267657992564,32.27627013630732,8.850991325898388,7.385192069392812,4.595167286245353,
2003-10-19,43.562267657992564,32.27627013630732,8.850991325898388,7.385192069392812,4.595167286245353,
2003-10-20,43.562267657992564,32.27627013630732,8.850991325898388,7.385192069392812,4.595167286245353,
2003-10-21,43.589814814814815,32.24932098765432,8.85895061728395,7.380061728395061,4.592962962962963,
2003-10-22,43.61346863468635,32.22257072570726,8.870541205412053,7.374969249692496,4.587084870848708,
2003-10-23,43.635110294117645,32.19969362745098,8.880208333333332,7.371752450980392,4.58125,
2003-10-24,43.654761904761905,32.18064713064713,8.886141636141636,7.366727716727716,4.577289377289377,
2003-10-25,43.654761904761905,32.18064713064713,8.886141636141636,7.366727716727716,4.577289377289377,
2003-10-26,43.654761904761905,32.18064713064713,8.886141636141636,7.366727716727716,4.577289377289377,
2003-10-27,43.654761904761905,32.18064713064713,8.886141636141636,7.366727716727716,4.577289377289377,
2003-10-28,43.681569343065696,32.15079075425791,8.893856447688563,7.365389294403893,4.575182481751824,
2003-10-29,43.681569343065696,32.15079075425791,8.893856447688563,7.365389294403893,4.575182481751824,
2003-10-30,43.70454545454545,32.124787878787885,8.90151515151515,7.3640606060606055,4.573090909090909,
2003-10-31,43.73097826086956,32.095350241545894,8.909118357487921,7.359118357487922,4.571014492753623,
2003-11-01,43.73097826086956,32.095350241545894,8.909118357487921,7.359118357487922,4.571014492753623,
2003-11-02,43.73097826086956,32.095350241545894,8.909118357487921,7.359118357487922,4.571014492753623,
2003-11-03,43.73097826086956,32.095350241545894,8.909118357487921,7.359118357487922,4.571014492753623,
2003-11-04,43.73097826086956,32.095350241545894,8.909118357487921,7.359118357487922,4.571014492753623,
2003-11-05,43.7572202166065,32.06251504211793,8.916666666666666,7.354211793020457,4.572563176895306,
2003-11-06,43.77607913669065,32.0371103117506,8.924160671462829,7.352937649880095,4.570503597122302,
2003-11-07,43.801971326164875,32.00830346475508,8.928016726403822,7.3516726403823185,4.568458781362007,
2003-11-08,43.801971326164875,32.00830346475508,8.928016726403822,7.3516726403823185,4.568458781362007,
2003-11-09,43.801971326164875,32.00830346475508,8.928016726403822,7.3516726403823185,4.568458781362007,
2003-11-10,43.801971326164875,32.00830346475508,8.928016726403822,7.3516726403823185,4.568458781362007,
2003-11-11,43.82053571428571,31.983273809523812,8.935416666666667,7.346845238095239,4.569999999999999,
2003-11-12,43.83149466192171,31.962336892052193,8.943119810201662,7.347034400948992,4.570818505338079,
2003-11-13,43.85336879432624,31.934101654846334,8.950413711583925,7.342257683215131,4.572340425531915,
2003-11-14,43.87155477031802,31.916666666666664,8.955889281507657,7.3357479387514735,4.570318021201413,
2003-11-15,43.87155477031802,31.916666666666664,8.955889281507657,7.3357479387514735,4.570318021201413,
2003-11-16,43.87155477031802,31.916666666666664,8.955889281507657,7.3357479387514735,4.570318021201413,
2003-11-17,43.87155477031802,31.916666666666664,8.955889281507657,7.3357479387514735,4.570318021201413,
2003-11-18,43.88609154929577,31.892312206572768,8.963086854460094,7.334565727699531,4.5718309859154935,
2003-11-19,43.88609154929577,31.892312206572768,8.963086854460094,7.334565727699531,4.5718309859154935,
2003-11-20,43.907543859649124,31.864619883040934,8.966725146198831,7.333391812865498,4.573333333333333,
2003-11-21,43.92534965034965,31.844114219114218,8.9738344988345,7.332226107226108,4.5695804195804195,
2003-11-22,43.92534965034965,31.844114219114218,8.9738344988345,7.332226107226108,4.5695804195804195,
2003-11-23,43.92534965034965,31.844114219114218,8.9738344988345,7.332226107226108,4.5695804195804195,
2003-11-24,43.92534965034965,31.844114219114218,8.9738344988345,7.332226107226108,4.5695804195804195,
2003-11-25,43.936062717770035,31.82375145180023,8.98089430894309,7.331068524970965,4.571080139372823,
2003-11-26,43.936062717770035,31.82375145180023,8.98089430894309,7.331068524970965,4.571080139372823,
2003-11-27,43.95017361111111,31.80353009259259,8.984432870370371,7.329918981481482,4.5725694444444445,
2003-11-28,43.9659169550173,31.790369088811993,8.989677047289504,7.325317185697809,4.5688581314878896,
2003-11-29,43.9659169550173,31.790369088811993,8.989677047289504,7.325317185697809,4.5688581314878896,
2003-11-30,43.9659169550173,31.790369088811993,8.989677047289504,7.325317185697809,4.5688581314878896,
2003-12-01,43.9659169550173,31.790369088811993,8.989677047289504,7.325317185697809,4.5688581314878896,
2003-12-02,43.979827586206895,31.770402298850573,8.9966091954023,7.324195402298852,4.566896551724138,
2003-12-03,43.979827586206895,31.770402298850573,8.9966091954023,7.324195402298852,4.566896551724138,
2003-12-04,43.99707903780069,31.750572737686138,9.000057273768615,7.3230813287514325,4.5683848797250866,
2003-12-05,44.021061643835615,31.730878995433788,9.003481735159818,7.318550228310503,4.5630136986301375,
2003-12-06,44.021061643835615,31.730878995433788,9.003481735159818,7.318550228310503,4.5630136986301375,
2003-12-07,44.021061643835615,31.730878995433788,9.003481735159818,7.318550228310503,4.5630136986301375,
2003-12-08,44.021061643835615,31.730878995433788,9.003481735159818,7.318550228310503,4.5630136986301375,
2003-12-09,44.03464163822525,31.7113196814562,9.010295790671218,7.314050056882822,4.5645051194539255,
2003-12-10,44.03464163822525,31.7113196814562,9.010295790671218,7.314050056882822,4.5645051194539255,
2003-12-11,44.05493197278911,31.68849206349206,9.013662131519276,7.312981859410431,4.562585034013606,
2003-12-12,44.071694915254234,31.67090395480226,9.017005649717515,7.3085310734463285,4.560677966101696,
2003-12-13,44.071694915254234,31.67090395480226,9.017005649717515,7.3085310734463285,4.560677966101696,
2003-12-14,44.071694915254234,31.67090395480226,9.017005649717515,7.3085310734463285,4.560677966101696,
2003-12-15,44.071694915254234,31.67090395480226,9.017005649717515,7.3085310734463285,4.560677966101696,
2003-12-16,44.08158783783784,31.655123873873872,9.023704954954956,7.30748873873874,4.562162162162163,
2003-12-17,44.09276094276094,31.634399551066217,9.031705948372615,7.309147025813692,4.562962962962963,
2003-12-18,44.107550335570465,31.61717002237136,9.036633109619686,7.3081096196868005,4.562751677852349,
2003-12-19,44.12391304347826,31.59838350055741,9.043199554069119,7.303734671125976,4.560869565217391,
2003-12-20,44.12391304347826,31.59838350055741,9.043199554069119,7.303734671125976,4.560869565217391,
2003-12-21,44.12391304347826,31.59838350055741,9.043199554069119,7.303734671125976,4.560869565217391,
2003-12-22,44.140166666666666,31.586388888888887,9.046388888888888,7.299388888888888,4.559,
2003-12-23,44.140166666666666,31.586388888888887,9.046388888888888,7.299388888888888,4.559,
2003-12-24,44.140166666666666,31.586388888888887,9.046388888888888,7.299388888888888,4.559,
2003-12-25,44.140166666666666,31.586388888888887,9.046388888888888,7.299388888888888,4.559,
2003-12-26,44.140166666666666,31.586388888888887,9.046388888888888,7.299388888888888,4.559,
2003-12-27,44.140166666666666,31.586388888888887,9.046388888888888,7.299388888888888,4.559,
2003-12-28,44.140166666666666,31.586388888888887,9.046388888888888,7.299388888888888,4.559,
2003-12-29,44.140166666666666,31.586388888888887,9.046388888888888,7.299388888888888,4.559,
2003-12-30,44.140166666666666,31.586388888888887,9.046388888888888,7.299388888888888,4.559,
2003-12-31,44.1563122923588,31.57115171650055,9.052879291251383,7.295071982281285,4.557142857142857,
2004-01-01,44.16903973509933,31.559326710816777,9.056015452538631,7.290783664459161,4.555298013245033,
2004-01-02,44.16903973509933,31.559326710816777,9.056015452538631,7.290783664459161,4.555298013245033,
2004-01-03,44.16903973509933,31.559326710816777,9.056015452538631,7.290783664459161,4.555298013245033,
2004-01-04,44.16903973509933,31.559326710816777,9.056015452538631,7.290783664459161,4.555298013245033,
2004-01-05,44.16903973509933,31.559326710816777,9.056015452538631,7.290783664459161,4.555298013245033,
2004-01-06,44.18168316831683,31.547579757975797,9.059130913091309,7.286523652365236,4.5534653465346535,
2004-01-07,44.18168316831683,31.547579757975797,9.059130913091309,7.286523652365236,4.5534653465346535,
2004-01-08,44.19095394736842,31.532620614035086,9.062225877192981,7.285581140350877,4.554934210526316,
2004-01-09,44.20344262295082,31.514480874316938,9.065300546448087,7.284644808743169,4.556393442622951,
2004-01-10,44.20344262295082,31.514480874316938,9.065300546448087,7.284644808743169,4.556393442622951,
2004-01-11,44.20344262295082,31.514480874316938,9.065300546448087,7.284644808743169,4.556393442622951,
2004-01-12,44.20344262295082,31.514480874316938,9.065300546448087,7.284644808743169,4.556393442622951,
2004-01-13,44.21584967320261,31.499727668845313,9.071623093681916,7.280446623093682,4.557843137254902,
2004-01-14,44.21584967320261,31.499727668845313,9.071623093681916,7.280446623093682,4.557843137254902,
2004-01-15,44.22817589576547,31.485070575461453,9.074647122692724,7.279533116178067,4.55928338762215,
2004-01-16,44.24042207792208,31.470508658008654,9.079274891774892,7.275378787878788,4.5590909090909095,
2004-01-17,44.24042207792208,31.470508658008654,9.079274891774892,7.275378787878788,4.5590909090909095,
2004-01-18,44.24042207792208,31.470508658008654,9.079274891774892,7.275378787878788,4.5590909090909095,
2004-01-19,44.24042207792208,31.470508658008654,9.079274891774892,7.275378787878788,4.5590909090909095,
2004-01-20,44.255825242718444,31.452804746494063,9.082254584681769,7.274487594390507,4.557281553398059,
2004-01-21,44.255825242718444,31.452804746494063,9.082254584681769,7.274487594390507,4.557281553398059,
2004-01-22,44.26790322580645,31.43360215053763,9.088440860215053,7.275215053763441,4.557096774193549,
2004-01-23,44.276688102893885,31.412915326902464,9.097802786709538,7.2775455519828505,4.558520900321543,
2004-01-24,44.276688102893885,31.412915326902464,9.097802786709538,7.2775455519828505,4.558520900321543,
2004-01-25,44.276688102893885,31.412915326902464,9.097802786709538,7.2775455519828505,4.558520900321543,
2004-01-26,44.276688102893885,31.412915326902464,9.097802786709538,7.2775455519828505,4.558520900321543,
2004-01-27,44.29503205128205,31.38915598290598,9.097489316239315,7.279861111111111,4.5599358974358974,
2004-01-28,44.30335463258786,31.369701810436638,9.102289669861555,7.281842385516507,4.561980830670927,
2004-01-29,44.31831210191083,31.349416135881107,9.108333333333334,7.280944798301486,4.563375796178344,
2004-01-30,44.330000000000005,31.32925925925926,9.114338624338625,7.283227513227513,4.564761904761905,
2004-01-31,44.330000000000005,31.32925925925926,9.114338624338625,7.283227513227513,4.564761904761905,
2004-02-01,44.330000000000005,31.32925925925926,9.114338624338625,7.283227513227513,4.564761904761905,
2004-02-02,44.330000000000005,31.32925925925926,9.114338624338625,7.283227513227513,4.564761904761905,
2004-02-03,44.34477848101266,31.306065400843885,9.117141350210971,7.2854957805907175,4.566139240506329,
2004-02-04,44.34477848101266,31.306065400843885,9.117141350210971,7.2854957805907175,4.566139240506329,
2004-02-05,44.356309148264984,31.28932702418507,9.123080967402734,7.284595162986331,4.567507886435331,
2004-02-06,44.370911949685535,31.26640461215933,9.128983228511531,7.286844863731656,4.568867924528302,
2004-02-07,44.370911949685535,31.26640461215933,9.128983228511531,7.286844863731656,4.568867924528302,
2004-02-08,44.370911949685535,31.26640461215933,9.128983228511531,7.286844863731656,4.568867924528302,
2004-02-09,44.370911949685535,31.26640461215933,9.128983228511531,7.286844863731656,4.568867924528302,
2004-02-10,44.379153605015674,31.24989550679206,9.134848484848485,7.289080459770115,4.567084639498433,
2004-02-11,44.39359375,31.227239583333336,9.140677083333333,7.288177083333333,4.5684375,
2004-02-12,44.39359375,31.227239583333336,9.140677083333333,7.288177083333333,4.5684375,
2004-02-13,44.40482866043614,31.21251298026999,9.14491173416407,7.285721703011423,4.568224299065421,
2004-02-14,44.40482866043614,31.21251298026999,9.14491173416407,7.285721703011423,4.568224299065421,
2004-02-15,44.40482866043614,31.21251298026999,9.14491173416407,7.285721703011423,4.568224299065421,
2004-02-16,44.40482866043614,31.21251298026999,9.14491173416407,7.285721703011423,4.568224299065421,
2004-02-17,44.41288819875776,31.196325051759835,9.150672877846791,7.284834368530021,4.569565217391305,
2004-02-18,44.4233746130031,31.174664602683176,9.15454076367389,7.288286893704851,4.571517027863777,
2004-02-19,44.432870370370374,31.15406378600823,9.161779835390947,7.289711934156379,4.5720679012345675,
2004-02-20,44.44076923076923,31.135128205128204,9.167435897435897,7.294974358974359,4.573384615384615,
2004-02-21,44.44076923076923,31.135128205128204,9.167435897435897,7.294974358974359,4.573384615384615,
2004-02-22,44.44076923076923,31.135128205128204,9.167435897435897,7.294974358974359,4.573384615384615,
2004-02-23,44.44076923076923,31.135128205128204,9.167435897435897,7.294974358974359,4.573384615384615,
2004-02-24,44.44861963190184,31.119376278118608,9.173057259713701,7.294069529652352,4.574693251533742,
2004-02-25,44.44861963190184,31.119376278118608,9.173057259713701,7.294069529652352,4.574693251533742,
2004-02-26,44.45948012232416,31.09760448521916,9.178644240570845,7.293170234454639,4.575993883792049,
2004-02-27,44.4672256097561,31.079014227642276,9.184197154471544,7.298373983739838,4.5772865853658535,
2004-02-28,44.4672256097561,31.079014227642276,9.184197154471544,7.298373983739838,4.5772865853658535,
2004-02-29,44.4672256097561,31.079014227642276,9.184197154471544,7.298373983739838,4.5772865853658535,
2004-03-01,44.4672256097561,31.079014227642276,9.184197154471544,7.298373983739838,4.5772865853658535,
2004-03-02,44.474924012158056,31.063576494427558,9.19275582573455,7.300506585612969,4.575531914893617,
2004-03-03,44.474924012158056,31.063576494427558,9.19275582573455,7.300506585612969,4.575531914893617,
2004-03-04,44.48560606060606,31.042171717171716,9.198232323232324,7.302626262626263,4.576818181818181,
2004-03-05,44.50075528700906,31.026938569989927,9.202165156092649,7.29718026183283,4.576586102719033,
2004-03-06,44.50075528700906,31.026938569989927,9.202165156092649,7.29718026183283,4.576586102719033,
2004-03-07,44.50075528700906,31.026938569989927,9.202165156092649,7.29718026183283,4.576586102719033,
2004-03-08,44.50075528700906,31.026938569989927,9.202165156092649,7.29718026183283,4.576586102719033,
2004-03-09,44.51430722891566,31.008785140562246,9.210592369477911,7.293273092369478,4.574849397590361,
2004-03-10,44.51430722891566,31.008785140562246,9.210592369477911,7.293273092369478,4.574849397590361,
2004-03-11,44.51430722891566,31.008785140562246,9.210592369477911,7.293273092369478,4.574849397590361,
2004-03-12,44.52927927927928,30.987737737737735,9.215965965965966,7.290890890890891,4.576126126126126,
2004-03-13,44.52927927927928,30.987737737737735,9.215965965965966,7.290890890890891,4.576126126126126,
2004-03-14,44.52927927927928,30.987737737737735,9.215965965965966,7.290890890890891,4.576126126126126,
2004-03-15,44.52927927927928,30.987737737737735,9.215965965965966,7.290890890890891,4.576126126126126,
2004-03-16,44.54266467065868,30.969810379241515,9.224301397205588,7.287025948103793,4.577395209580838,
2004-03-17,44.55059701492537,30.948407960199006,9.23228855721393,7.289452736318408,4.5780597014925375,
2004-03-18,44.563095238095244,30.92996031746032,9.237549603174603,7.287103174603175,4.579315476190477,
2004-03-19,44.573293768545994,30.919782393669635,9.242779426310584,7.281800197823936,4.57759643916914,
2004-03-20,44.573293768545994,30.919782393669635,9.242779426310584,7.281800197823936,4.57759643916914,
2004-03-21,44.573293768545994,30.919782393669635,9.242779426310584,7.281800197823936,4.57759643916914,
2004-03-22,44.573293768545994,30.919782393669635,9.242779426310584,7.281800197823936,4.57759643916914,
2004-03-23,44.58343195266272,30.905226824457596,9.25093688362919,7.278007889546351,4.578846153846154,
2004-03-24,44.58343195266272,30.905226824457596,9.25093688362919,7.278007889546351,4.578846153846154,
2004-03-25,44.59646017699115,30.884857423795477,9.25904621435595,7.274237954768928,4.580088495575222,
2004-03-26,44.6064705882353,30.870490196078432,9.264166666666666,7.270490196078431,4.581323529411765,
2004-03-27,44.6064705882353,30.870490196078432,9.264166666666666,7.270490196078431,4.581323529411765,
2004-03-28,44.6064705882353,30.870490196078432,9.264166666666666,7.270490196078431,4.581323529411765,
2004-03-29,44.6064705882353,30.870490196078432,9.264166666666666,7.270490196078431,4.581323529411765,
2004-03-30,44.613489736070385,30.859139784946237,9.269257086999023,7.2667644183773215,4.582551319648094,
2004-03-31,44.613489736070385,30.859139784946237,9.269257086999023,7.2667644183773215,4.582551319648094,
2004-04-01,44.6233918128655,30.844931773879143,9.274317738791423,7.2630604288499026,4.583771929824562,
2004-04-02,44.63177842565598,30.836637512147718,9.277891156462585,7.259378036929057,4.583527696793003,
2004-04-03,44.63177842565598,30.836637512147718,9.277891156462585,7.259378036929057,4.583527696793003,
2004-04-04,44.63177842565598,30.836637512147718,9.277891156462585,7.259378036929057,4.583527696793003,
2004-04-05,44.63177842565598,30.836637512147718,9.277891156462585,7.259378036929057,4.583527696793003,
2004-04-06,44.63866279069768,30.825484496124034,9.282897286821706,7.255717054263566,4.584738372093024,
2004-04-07,44.63866279069768,30.825484496124034,9.282897286821706,7.255717054263566,4.584738372093024,
2004-04-08,44.64260869565218,30.814396135265703,9.287874396135265,7.254975845410628,4.5859420289855075,
2004-04-09,44.64260869565218,30.814396135265703,9.287874396135265,7.254975845410628,4.5859420289855075,
2004-04-10,44.64260869565218,30.814396135265703,9.287874396135265,7.254975845410628,4.5859420289855075,
2004-04-11,44.64260869565218,30.814396135265703,9.287874396135265,7.254975845410628,4.5859420289855075,
2004-04-12,44.64260869565218,30.814396135265703,9.287874396135265,7.254975845410628,4.5859420289855075,
2004-04-13,44.64942196531792,30.80626204238921,9.292822736030828,7.251348747591522,4.5871387283236995,
2004-04-14,44.64942196531792,30.80626204238921,9.292822736030828,7.251348747591522,4.5871387283236995,
2004-04-15,44.65619596541787,30.79529298751201,9.29774255523535,7.247742555235351,4.588328530259366,
2004-04-16,44.66005747126437,30.784386973180077,9.302634099616858,7.247030651340996,4.589511494252874,
2004-04-17,44.66005747126437,30.784386973180077,9.302634099616858,7.247030651340996,4.589511494252874,
2004-04-18,44.66005747126437,30.784386973180077,9.302634099616858,7.247030651340996,4.589511494252874,
2004-04-19,44.66005747126437,30.784386973180077,9.302634099616858,7.247030651340996,4.589511494252874,
2004-04-20,44.66676217765043,30.773543457497613,9.307497612225406,7.2434574976122255,4.590687679083095,
2004-04-21,44.67371428571428,30.75561904761905,9.313761904761904,7.246476190476191,4.592714285714286,
2004-04-22,44.678917378917376,30.74207027540361,9.318566001899335,7.247198480531814,4.593874643874644,
2004-04-23,44.6845643939394,30.733333333333334,9.322395833333333,7.2436553030303035,4.594081439393939,
2004-04-24,44.6845643939394,30.733333333333334,9.322395833333333,7.2436553030303035,4.594081439393939,
2004-04-25,44.6845643939394,30.733333333333334,9.322395833333333,7.2436553030303035,4.594081439393939,
2004-04-26,44.6845643939394,30.733333333333334,9.322395833333333,7.2436553030303035,4.594081439393939,
2004-04-27,44.69112370160529,30.72275731822474,9.329981114258734,7.240132200188858,4.592398489140699,
2004-04-28,44.69112370160529,30.72275731822474,9.329981114258734,7.240132200188858,4.592398489140699,
2004-04-29,44.69112370160529,30.72275731822474,9.329981114258734,7.240132200188858,4.592398489140699,
2004-04-30,44.69764595103578,30.710828625235404,9.33469868173258,7.238041431261771,4.593549905838041,
2004-05-01,44.69764595103578,30.710828625235404,9.33469868173258,7.238041431261771,4.593549905838041,
2004-05-02,44.69764595103578,30.710828625235404,9.33469868173258,7.238041431261771,4.593549905838041,
2004-05-03,44.69764595103578,30.710828625235404,9.33469868173258,7.238041431261771,4.593549905838041,
2004-05-04,44.70131455399061,30.70037558685446,9.339389671361502,7.23737089201878,4.594694835680751,
2004-05-05,44.70131455399061,30.70037558685446,9.339389671361502,7.23737089201878,4.594694835680751,
2004-05-06,44.70131455399061,30.70037558685446,9.339389671361502,7.23737089201878,4.594694835680751,
2004-05-07,44.706367041198504,30.68998127340824,9.345458801498127,7.235299625468166,4.594428838951311,
2004-05-08,44.706367041198504,30.68998127340824,9.345458801498127,7.235299625468166,4.594428838951311,
2004-05-09,44.706367041198504,30.68998127340824,9.345458801498127,7.235299625468166,4.594428838951311,
2004-05-10,44.706367041198504,30.68998127340824,9.345458801498127,7.235299625468166,4.594428838951311,
2004-05-11,44.709990662931844,30.679645191409897,9.350093370681606,7.234640522875818,4.595564892623716,
2004-05-12,44.709990662931844,30.679645191409897,9.350093370681606,7.234640522875818,4.595564892623716,
2004-05-13,44.71918063314712,30.66657355679702,9.351908752327747,7.231191806331472,4.599487895716946,
2004-05-14,44.726926648096565,30.65636025998143,9.356499535747446,7.2291550603528325,4.597818012999071,
2004-05-15,44.726926648096565,30.65636025998143,9.356499535747446,7.2291550603528325,4.597818012999071,
2004-05-16,44.726926648096565,30.65636025998143,9.356499535747446,7.2291550603528325,4.597818012999071,
2004-05-17,44.726926648096565,30.65636025998143,9.356499535747446,7.2291550603528325,4.597818012999071,
2004-05-18,44.73324074074074,30.643425925925925,9.363842592592592,7.225740740740742,4.5989351851851845,
2004-05-19,44.74048938134811,30.627100646352723,9.369621421975992,7.226361957525392,4.598799630655587,
2004-05-20,44.746731123388585,30.614318600368325,9.374125230202578,7.222974217311234,4.602670349907919,
2004-05-21,44.75293847566575,30.601606978879705,9.378604224058769,7.219605142332415,4.60376492194674,
2004-05-22,44.75293847566575,30.601606978879705,9.378604224058769,7.219605142332415,4.60376492194674,
2004-05-23,44.75293847566575,30.601606978879705,9.378604224058769,7.219605142332415,4.60376492194674,
2004-05-24,44.75293847566575,30.601606978879705,9.378604224058769,7.219605142332415,4.60376492194674,
2004-05-25,44.75636446886447,30.5889652014652,9.385805860805862,7.219001831501831,4.60485347985348,
2004-05-26,44.75636446886447,30.5889652014652,9.385805860805862,7.219001831501831,4.60485347985348,
2004-05-27,44.75636446886447,30.5889652014652,9.385805860805862,7.219001831501831,4.60485347985348,
2004-05-28,44.76251141552512,30.58187214611872,9.387488584474886,7.21703196347032,4.604566210045662,
2004-05-29,44.76251141552512,30.58187214611872,9.387488584474886,7.21703196347032,4.604566210045662,
2004-05-30,44.76251141552512,30.58187214611872,9.387488584474886,7.21703196347032,4.604566210045662,
2004-05-31,44.76251141552512,30.58187214611872,9.387488584474886,7.21703196347032,4.604566210045662,
2004-06-01,44.77135701275045,30.572085610200364,9.389162112932604,7.21643897996357,4.602914389799636,
2004-06-02,44.77135701275045,30.572085610200364,9.389162112932604,7.21643897996357,4.602914389799636,
2004-06-03,44.77135701275045,30.572085610200364,9.389162112932604,7.21643897996357,4.602914389799636,
2004-06-04,44.776067211625794,30.56099000908265,9.39355131698456,7.214486830154405,4.603996366939146,
2004-06-05,44.776067211625794,30.56099000908265,9.39355131698456,7.214486830154405,4.603996366939146,
2004-06-06,44.776067211625794,30.56099000908265,9.39355131698456,7.214486830154405,4.603996366939146,
2004-06-07,44.776067211625794,30.56099000908265,9.39355131698456,7.214486830154405,4.603996366939146,
2004-06-08,44.77939311594203,30.55403079710145,9.397916666666667,7.213903985507247,4.605072463768116,
2004-06-09,44.77939311594203,30.55403079710145,9.397916666666667,7.213903985507247,4.605072463768116,
2004-06-10,44.77939311594203,30.55403079710145,9.397916666666667,7.213903985507247,4.605072463768116,
2004-06-11,44.78541102077687,30.543044263775972,9.400903342366757,7.2146793134598015,4.606142728093948,
2004-06-12,44.78541102077687,30.543044263775972,9.400903342366757,7.2146793134598015,4.606142728093948,
2004-06-13,44.78541102077687,30.543044263775972,9.400903342366757,7.2146793134598015,4.606142728093948,
2004-06-14,44.78541102077687,30.543044263775972,9.400903342366757,7.2146793134598015,4.606142728093948,
2004-06-15,44.78599099099099,30.533468468468467,9.407927927927927,7.214099099099099,4.607207207207208,
2004-06-16,44.78899371069183,30.518553459119495,9.411680143755614,7.215947888589398,4.609344115004492,
2004-06-17,44.79493727598567,30.50640681003584,9.41594982078853,7.215367383512545,4.610394265232975,
2004-06-18,44.79548704200179,30.488963360142986,9.422877569258265,7.217470956210903,4.614119749776586,
2004-06-19,44.79548704200179,30.488963360142986,9.422877569258265,7.217470956210903,4.614119749776586,
2004-06-20,44.79548704200179,30.488963360142986,9.422877569258265,7.217470956210903,4.614119749776586,
2004-06-21,44.79548704200179,30.488963360142986,9.422877569258265,7.217470956210903,4.614119749776586,
2004-06-22,44.79603386809269,30.47161319073084,9.432442067736185,7.219563279857398,4.617825311942958,
2004-06-23,44.79603386809269,30.47161319073084,9.432442067736185,7.219563279857398,4.617825311942958,
2004-06-24,44.79924444444445,30.45702222222222,9.437955555555556,7.220311111111111,4.620177777777777,
2004-06-25,44.80110815602837,30.44383865248227,9.444769503546098,7.219725177304965,4.622517730496454,
2004-06-26,44.80110815602837,30.44383865248227,9.444769503546098,7.219725177304965,4.622517730496454,
2004-06-27,44.80110815602837,30.44383865248227,9.444769503546098,7.219725177304965,4.622517730496454,
2004-06-28,44.80110815602837,30.44383865248227,9.444769503546098,7.219725177304965,4.622517730496454,
2004-06-29,44.80163572060124,30.426746242263484,9.451547303271441,7.221794871794872,4.626171529619805,
2004-06-30,44.80163572060124,30.426746242263484,9.451547303271441,7.221794871794872,4.626171529619805,
2004-07-01,44.80216049382716,30.412389770723102,9.460934744268076,7.22120811287478,4.629805996472663,
2004-07-02,44.802682497801236,30.39283201407212,9.470272647317502,7.220624450307828,4.636059806508356,
2004-07-03,44.802682497801236,30.39283201407212,9.470272647317502,7.220624450307828,4.636059806508356,
2004-07-04,44.802682497801236,30.39283201407212,9.470272647317502,7.220624450307828,4.636059806508356,
2004-07-05,44.802682497801236,30.39283201407212,9.470272647317502,7.220624450307828,4.636059806508356,
2004-07-06,44.80320175438597,30.376008771929826,9.476929824561402,7.22530701754386,4.639649122807017,
2004-07-07,44.80320175438597,30.376008771929826,9.476929824561402,7.22530701754386,4.639649122807017,
2004-07-08,44.80371828521435,30.359273840769905,9.486176727909012,7.227340332458443,4.643219597550306,
2004-07-09,44.80684991273996,30.34524432809773,9.492757417102966,7.226745200698081,4.644153577661431,
2004-07-10,44.80684991273996,30.34524432809773,9.492757417102966,7.226745200698081,4.644153577661431,
2004-07-11,44.80684991273996,30.34524432809773,9.492757417102966,7.226745200698081,4.644153577661431,
2004-07-12,44.80735422106179,30.326066144473455,9.501914708442124,7.22615317667537,4.650304612706702,
2004-07-13,44.810460069444446,30.30698784722222,9.508420138888889,7.228168402777778,4.653819444444444,
2004-07-14,44.810460069444446,30.30698784722222,9.508420138888889,7.228168402777778,4.653819444444444,
2004-07-15,44.81095238095238,30.29320346320346,9.514891774891774,7.230173160173161,4.657316017316017,
2004-07-16,44.81403281519862,30.274309153713297,9.523920552677028,7.229576856649396,4.663385146804836,
2004-07-17,44.81403281519862,30.274309153713297,9.523920552677028,7.229576856649396,4.663385146804836,
2004-07-18,44.81403281519862,30.274309153713297,9.523920552677028,7.229576856649396,4.663385146804836,
2004-07-19,44.81403281519862,30.274309153713297,9.523920552677028,7.229576856649396,4.663385146804836,
2004-07-20,44.8119293712317,30.26068044788975,9.532902670111971,7.228983634797588,4.666838931955211,
2004-07-21,44.81035223367698,30.245060137457045,9.539776632302406,7.232259450171822,4.670274914089347,
2004-07-22,44.809554413024856,30.231576692373608,9.546101113967438,7.232947729220223,4.672407883461868,
2004-07-23,44.80876068376069,30.219444444444445,9.551111111111112,7.232350427350427,4.675811965811966,
2004-07-24,44.80876068376069,30.219444444444445,9.551111111111112,7.232350427350427,4.675811965811966,
2004-07-25,44.80876068376069,30.219444444444445,9.551111111111112,7.232350427350427,4.675811965811966,
2004-07-26,44.80876068376069,30.219444444444445,9.551111111111112,7.232350427350427,4.675811965811966,
2004-07-27,44.804134697357206,30.208653026427964,9.55993179880648,7.231756180733163,4.679198635976129,
2004-07-28,44.804134697357206,30.208653026427964,9.55993179880648,7.231756180733163,4.679198635976129,
2004-07-29,44.8046343537415,30.192814625850342,9.568707482993197,7.231164965986395,4.682568027210884,
2004-07-30,44.802586938083124,30.179601357082273,9.574893977947413,7.230576759966073,4.688464800678541,
2004-07-31,44.802586938083124,30.179601357082273,9.574893977947413,7.230576759966073,4.688464800678541,
2004-08-01,44.802586938083124,30.179601357082273,9.574893977947413,7.230576759966073,4.688464800678541,
2004-08-02,44.802586938083124,30.179601357082273,9.574893977947413,7.230576759966073,4.688464800678541,
2004-08-03,44.80054991539763,30.1664551607445,9.583587140439933,7.229991539763113,4.691793570219966,
2004-08-04,44.80054991539763,30.1664551607445,9.583587140439933,7.229991539763113,4.691793570219966,
2004-08-05,44.79599156118144,30.15337552742616,9.589704641350211,7.231940928270043,4.697637130801688,
2004-08-06,44.79398148148149,30.13531144781145,9.598316498316498,7.233880471380472,4.7034511784511785,
2004-08-07,44.79398148148149,30.13531144781145,9.598316498316498,7.233880471380472,4.7034511784511785,
2004-08-08,44.79398148148149,30.13531144781145,9.598316498316498,7.233880471380472,4.7034511784511785,
2004-08-09,44.79398148148149,30.13531144781145,9.598316498316498,7.233880471380472,4.7034511784511785,
2004-08-10,44.78946263643997,30.12489504617968,9.606884970612931,7.235810243492863,4.70671704450042,
2004-08-11,44.78946263643997,30.12489504617968,9.606884970612931,7.235810243492863,4.70671704450042,
2004-08-12,44.78496649916248,30.112018425460636,9.61289782244556,7.237730318257957,4.712479061976549,
2004-08-13,44.782999164578115,30.096700083542192,9.618880534670009,7.237134502923977,4.720718462823726,
2004-08-14,44.782999164578115,30.096700083542192,9.618880534670009,7.237134502923977,4.720718462823726,
2004-08-15,44.782999164578115,30.096700083542192,9.618880534670009,7.237134502923977,4.720718462823726,
2004-08-16,44.782999164578115,30.096700083542192,9.618880534670009,7.237134502923977,4.720718462823726,
2004-08-17,44.778416666666665,30.083083333333335,9.625208333333333,7.2392916666666665,4.726916666666667,
2004-08-18,44.778416666666665,30.083083333333335,9.625208333333333,7.2392916666666665,4.726916666666667,
2004-08-19,44.77273482959268,30.067913549459686,9.633624272651705,7.242435577722361,4.7338320864505405,
2004-08-20,44.76832504145936,30.052819237147595,9.641998341625207,7.239344941956882,4.74195688225539,
2004-08-21,44.76832504145936,30.052819237147595,9.641998341625207,7.239344941956882,4.74195688225539,
2004-08-22,44.76832504145936,30.052819237147595,9.641998341625207,7.239344941956882,4.74195688225539,
2004-08-23,44.76832504145936,30.052819237147595,9.641998341625207,7.239344941956882,4.74195688225539,
2004-08-24,44.76145574855252,30.042762613730357,9.650330851943755,7.241232423490488,4.747559966914806,
2004-08-25,44.76145574855252,30.042762613730357,9.650330851943755,7.241232423490488,4.747559966914806,
2004-08-26,44.76145574855252,30.042762613730357,9.650330851943755,7.241232423490488,4.747559966914806,
2004-08-27,44.76204620462046,30.03275577557756,9.651196369636963,7.238160066006601,4.750660066006601,
2004-08-28,44.757695473251026,30.020329218106998,9.656995884773663,7.237572016460906,4.756213991769547,
2004-08-29,44.757695473251026,30.020329218106998,9.656995884773663,7.237572016460906,4.756213991769547,
2004-08-30,44.757695473251026,30.020329218106998,9.656995884773663,7.237572016460906,4.756213991769547,
2004-08-31,44.75090311986863,30.010426929392448,9.662766830870279,7.2394499178981935,4.761740558292282,
2004-09-01,44.75090311986863,30.010426929392448,9.662766830870279,7.2394499178981935,4.761740558292282,
2004-09-02,44.75090311986863,30.010426929392448,9.662766830870279,7.2394499178981935,4.761740558292282,
2004-09-03,44.74905814905814,30.0005733005733,9.66850941850942,7.2364045864045865,4.767239967239967,
2004-09-04,44.74905814905814,30.0005733005733,9.66850941850942,7.2364045864045865,4.767239967239967,
2004-09-05,44.74905814905814,30.0005733005733,9.66850941850942,7.2364045864045865,4.767239967239967,
2004-09-06,44.74905814905814,30.0005733005733,9.66850941850942,7.2364045864045865,4.767239967239967,
2004-09-07,44.73986928104575,29.993218954248366,9.676674836601308,7.238276143790849,4.770261437908497,
2004-09-08,44.73986928104575,29.993218954248366,9.676674836601308,7.238276143790849,4.770261437908497,
2004-09-09,44.73986928104575,29.993218954248366,9.676674836601308,7.238276143790849,4.770261437908497,
2004-09-10,44.73806030969845,29.983455582722087,9.68480032599837,7.235248573757131,4.7732681336593314,
2004-09-11,44.73806030969845,29.983455582722087,9.68480032599837,7.235248573757131,4.7732681336593314,
2004-09-12,44.73806030969845,29.983455582722087,9.68480032599837,7.235248573757131,4.7732681336593314,
2004-09-13,44.73806030969845,29.983455582722087,9.68480032599837,7.235248573757131,4.7732681336593314,
2004-09-14,44.72894308943089,29.97617886178862,9.690447154471546,7.2371138211382116,4.77869918699187,
2004-09-15,44.728629359286295,29.96090835360908,9.694606650446065,7.2389699918897,4.7853203568532034,
2004-09-16,44.728629359286295,29.96090835360908,9.694606650446065,7.2389699918897,4.7853203568532034,
2004-09-17,44.72443365695793,29.951294498381873,9.702629449838188,7.235962783171521,4.788268608414239,
2004-09-18,44.72443365695793,29.951294498381873,9.702629449838188,7.235962783171521,4.788268608414239,
2004-09-19,44.72443365695793,29.951294498381873,9.702629449838188,7.235962783171521,4.788268608414239,
2004-09-20,44.72443365695793,29.951294498381873,9.702629449838188,7.235962783171521,4.788268608414239,
2004-09-21,44.71541565778854,29.946569814366423,9.705770782889427,7.237812752219532,4.79362389023406,
2004-09-22,44.71541565778854,29.946569814366423,9.705770782889427,7.237812752219532,4.79362389023406,
2004-09-23,44.70885668276973,29.937037037037037,9.70889694041868,7.237238325281804,4.801368760064412,
2004-09-24,44.7059437751004,29.92875502008032,9.713212851405622,7.235461847389558,4.80425702811245,
2004-09-25,44.7059437751004,29.92875502008032,9.713212851405622,7.235461847389558,4.80425702811245,
2004-09-26,44.7059437751004,29.92875502008032,9.713212851405622,7.235461847389558,4.80425702811245,
2004-09-27,44.7059437751004,29.92875502008032,9.713212851405622,7.235461847389558,4.80425702811245,
2004-09-28,44.692227564102566,29.926522435897432,9.718709935897435,7.23729967948718,4.809535256410256,
2004-09-29,44.692227564102566,29.926522435897432,9.718709935897435,7.23729967948718,4.809535256410256,
2004-09-30,44.692227564102566,29.926522435897432,9.718709935897435,7.23729967948718,4.809535256410256,
2004-10-01,44.68337330135891,29.924300559552357,9.72418065547562,7.236730615507594,4.812390087929656,
2004-10-02,44.68337330135891,29.924300559552357,9.72418065547562,7.236730615507594,4.812390087929656,
2004-10-03,44.68337330135891,29.924300559552357,9.72418065547562,7.236730615507594,4.812390087929656,
2004-10-04,44.68337330135891,29.924300559552357,9.72418065547562,7.236730615507594,4.812390087929656,
2004-10-05,44.67216905901117,29.922089314194576,9.72962519936204,7.238556618819777,4.815231259968102,
2004-10-06,44.67216905901117,29.922089314194576,9.72962519936204,7.238556618819777,4.815231259968102,
2004-10-07,44.67216905901117,29.922089314194576,9.72962519936204,7.238556618819777,4.815231259968102,
2004-10-08,44.66340493237868,29.919888623707237,9.735043754972155,7.2379872712808275,4.8180588703261735,
2004-10-09,44.66340493237868,29.919888623707237,9.735043754972155,7.2379872712808275,4.8180588703261735,
2004-10-10,44.66340493237868,29.919888623707237,9.735043754972155,7.2379872712808275,4.8180588703261735,
2004-10-11,44.66340493237868,29.919888623707237,9.735043754972155,7.2379872712808275,4.8180588703261735,
2004-10-12,44.66340493237868,29.919888623707237,9.735043754972155,7.2379872712808275,4.8180588703261735,
2004-10-13,44.65111111111111,29.918888888888887,9.739246031746031,7.239801587301588,4.822063492063492,
2004-10-14,44.65111111111111,29.918888888888887,9.739246031746031,7.239801587301588,4.822063492063492,
2004-10-15,44.64243863816311,29.916706254948533,9.744615993665876,7.238044338875693,4.823673792557403,
2004-10-16,44.64243863816311,29.916706254948533,9.744615993665876,7.238044338875693,4.823673792557403,
2004-10-17,44.64243863816311,29.916706254948533,9.744615993665876,7.238044338875693,4.823673792557403,
2004-10-18,44.64243863816311,29.916706254948533,9.744615993665876,7.238044338875693,4.823673792557403,
2004-10-19,44.62906793048973,29.919273301737753,9.748775671406003,7.239849921011059,4.825276461295418,
2004-10-20,44.62167060677699,29.9123719464145,9.754334121355397,7.242592592592593,4.82876280535855,
2004-10-21,44.61312893081761,29.91022012578616,9.757272012578616,7.242020440251572,4.8327044025157235,
2004-10-22,44.59756862745098,29.91278431372549,9.762549019607842,7.243803921568627,4.833098039215686,
2004-10-23,44.59756862745098,29.91278431372549,9.762549019607842,7.243803921568627,4.833098039215686,
2004-10-24,44.59756862745098,29.91278431372549,9.762549019607842,7.243803921568627,4.833098039215686,
2004-10-25,44.59756862745098,29.91278431372549,9.762549019607842,7.243803921568627,4.833098039215686,
2004-10-26,44.5820813771518,29.920031298904536,9.76780125195618,7.2455790297339595,4.83114241001565,
2004-10-27,44.569008587041374,29.922560499609677,9.77302888368462,7.245003903200625,4.833879781420765,
2004-10-28,44.569008587041374,29.922560499609677,9.77302888368462,7.245003903200625,4.833879781420765,
2004-10-29,44.5559968847352,29.92390965732087,9.777063862928348,7.24559968847352,4.836604361370717,
2004-10-30,44.5559968847352,29.92390965732087,9.777063862928348,7.24559968847352,4.836604361370717,
2004-10-31,44.5559968847352,29.92390965732087,9.777063862928348,7.24559968847352,4.836604361370717,
2004-11-01,44.5559968847352,29.92390965732087,9.777063862928348,7.24559968847352,4.836604361370717,
2004-11-02,44.54071484071484,29.93108003108003,9.77991452991453,7.2473581973581975,4.836985236985237,
2004-11-03,44.52782945736434,29.933565891472867,9.785077519379843,7.249108527131783,4.83968992248062,
2004-11-04,44.52782945736434,29.933565891472867,9.785077519379843,7.249108527131783,4.83968992248062,
2004-11-05,44.51732405259087,29.933720030935806,9.792536736272234,7.250850734725445,4.8400618716163955,
2004-11-06,44.51732405259087,29.933720030935806,9.792536736272234,7.250850734725445,4.8400618716163955,
2004-11-07,44.51732405259087,29.933720030935806,9.792536736272234,7.250850734725445,4.8400618716163955,
2004-11-08,44.51732405259087,29.933720030935806,9.792536736272234,7.250850734725445,4.8400618716163955,
2004-11-09,44.5045524691358,29.93850308641975,9.795331790123456,7.25258487654321,4.840432098765432,
2004-11-10,44.49183987682833,29.940954580446494,9.800423402617398,7.252001539645882,4.843110084680523,
2004-11-11,44.49183987682833,29.940954580446494,9.800423402617398,7.252001539645882,4.843110084680523,
2004-11-12,44.4826420890937,29.941090629800307,9.804339477726574,7.251420890937021,4.844623655913979,
2004-11-13,44.4826420890937,29.941090629800307,9.804339477726574,7.251420890937021,4.844623655913979,
2004-11-14,44.4826420890937,29.941090629800307,9.804339477726574,7.251420890937021,4.844623655913979,
2004-11-15,44.4826420890937,29.941090629800307,9.804339477726574,7.251420890937021,4.844623655913979,
2004-11-16,44.47233716475096,29.943524904214556,9.807088122605363,7.253141762452108,4.844980842911878,
2004-11-17,44.459785932721715,29.945948012232414,9.809824159021407,7.2548547400611625,4.84762996941896,
2004-11-18,44.447177726926014,29.949389778794814,9.81357742181541,7.257475209763539,4.848893974065599,
2004-11-19,44.43474124809742,29.954071537290716,9.818569254185693,7.256887366818874,4.84923896499239,
2004-11-20,44.43474124809742,29.954071537290716,9.818569254185693,7.256887366818874,4.84923896499239,
2004-11-21,44.43474124809742,29.954071537290716,9.818569254185693,7.256887366818874,4.84923896499239,
2004-11-22,44.43474124809742,29.954071537290716,9.818569254185693,7.256887366818874,4.84923896499239,
2004-11-23,44.420083523158695,29.95645406226272,9.821260440394838,7.260858010630221,4.8518602885345485,
2004-11-24,44.405492424242425,29.961098484848485,9.826212121212123,7.260265151515152,4.854469696969697,
2004-11-25,44.405492424242425,29.961098484848485,9.826212121212123,7.260265151515152,4.854469696969697,
2004-11-26,44.395502645502646,29.96345427059713,9.827739984882843,7.260808767951626,4.855933484504913,
2004-11-27,44.395502645502646,29.96345427059713,9.827739984882843,7.260808767951626,4.855933484504913,
2004-11-28,44.395502645502646,29.96345427059713,9.827739984882843,7.260808767951626,4.855933484504913,
2004-11-29,44.395502645502646,29.96345427059713,9.827739984882843,7.260808767951626,4.855933484504913,
2004-11-30,44.38103318250377,29.968061840120665,9.83265460030166,7.262481146304676,4.856259426847663,
2004-12-01,44.3688863807374,29.970391271632806,9.835289691497367,7.264145974416855,4.8588412340105345,
2004-12-02,44.3688863807374,29.970391271632806,9.835289691497367,7.264145974416855,4.8588412340105345,
2004-12-03,44.35904654654655,29.977214714714716,9.837912912912914,7.263551051051052,4.856906906906907,
2004-12-04,44.35904654654655,29.977214714714716,9.837912912912914,7.263551051051052,4.856906906906907,
2004-12-05,44.35904654654655,29.977214714714716,9.837912912912914,7.263551051051052,4.856906906906907,
2004-12-06,44.35904654654655,29.977214714714716,9.837912912912914,7.263551051051052,4.856906906906907,
2004-12-07,44.34475655430712,29.984007490636703,9.840524344569289,7.2652059925093635,4.859475655430711,
2004-12-08,44.33501494768311,29.986285500747385,9.843124065769807,7.264611360239163,4.86203288490284,
2004-12-09,44.33501494768311,29.986285500747385,9.843124065769807,7.264611360239163,4.86203288490284,
2004-12-10,44.326435495898586,29.98855331841909,9.844593586875467,7.265137956748696,4.863460104399702,
2004-12-11,44.326435495898586,29.98855331841909,9.844593586875467,7.265137956748696,4.863460104399702,
2004-12-12,44.326435495898586,29.98855331841909,9.844593586875467,7.265137956748696,4.863460104399702,
2004-12-13,44.326435495898586,29.98855331841909,9.844593586875467,7.265137956748696,4.863460104399702,
2004-12-14,44.31454613095239,29.993043154761903,9.84717261904762,7.266778273809524,4.863764880952381,
2004-12-15,44.303489235337786,29.994283593170007,9.8496288047513,7.268856718634002,4.866295471417966,
2004-12-16,44.293925925925926,29.99874074074074,9.852185185185185,7.2704814814814815,4.868814814814815,
2004-12-17,44.28440502586844,30.003178122690315,9.854730229120474,7.269881744271988,4.869105691056911,
2004-12-18,44.28440502586844,30.003178122690315,9.854730229120474,7.269881744271988,4.869105691056911,
2004-12-19,44.28440502586844,30.003178122690315,9.854730229120474,7.269881744271988,4.869105691056911,
2004-12-20,44.28440502586844,30.003178122690315,9.854730229120474,7.269881744271988,4.869105691056911,
2004-12-21,44.27492625368731,30.009808259587018,9.85505162241888,7.269284660766962,4.869395280235988,
2004-12-22,44.26548933038999,30.011994113318615,9.85757910228109,7.2686902133922,4.871891096394408,
2004-12-23,44.25168869309839,30.020778267254038,9.862298091042584,7.268098384728341,4.872173274596182,
2004-12-24,44.25168869309839,30.020778267254038,9.862298091042584,7.268098384728341,4.872173274596182,
2004-12-25,44.25168869309839,30.020778267254038,9.862298091042584,7.268098384728341,4.872173274596182,
2004-12-26,44.25168869309839,30.020778267254038,9.862298091042584,7.268098384728341,4.872173274596182,
2004-12-27,44.25168869309839,30.020778267254038,9.862298091042584,7.268098384728341,4.872173274596182,
2004-12-28,44.23794871794872,30.02952380952381,9.862600732600733,7.2697069597069595,4.872454212454213,
2004-12-29,44.23794871794872,30.02952380952381,9.862600732600733,7.2697069597069595,4.872454212454213,
2004-12-30,44.23794871794872,30.02952380952381,9.862600732600733,7.2697069597069595,4.872454212454213,
2004-12-31,44.23794871794872,30.02952380952381,9.862600732600733,7.2697069597069595,4.872454212454213,
2005-01-01,44.23794871794872,30.02952380952381,9.862600732600733,7.2697069597069595,4.872454212454213,
2005-01-02,44.23794871794872,30.02952380952381,9.862600732600733,7.2697069597069595,4.872454212454213,
2005-01-03,44.23794871794872,30.02952380952381,9.862600732600733,7.2697069597069595,4.872454212454213,
2005-01-04,44.22426900584795,30.038230994152045,9.862902046783626,7.271308479532164,4.872733918128655,
2005-01-05,44.20846097738877,30.046900072939458,9.865390226112327,7.272902990517871,4.875200583515682,
2005-01-06,44.20846097738877,30.046900072939458,9.865390226112327,7.272902990517871,4.875200583515682,
2005-01-07,44.194905385735076,30.053347889374088,9.87005094614265,7.274490538573508,4.8754730713246,
2005-01-08,44.194905385735076,30.053347889374088,9.87005094614265,7.274490538573508,4.8754730713246,
2005-01-09,44.194905385735076,30.053347889374088,9.87005094614265,7.274490538573508,4.8754730713246,
2005-01-10,44.194905385735076,30.053347889374088,9.87005094614265,7.274490538573508,4.8754730713246,
2005-01-11,44.18140885984023,30.064124909222947,9.870334059549746,7.273892519970952,4.875744371822803,
2005-01-12,44.16797101449275,30.072681159420288,9.872789855072464,7.275471014492754,4.876014492753623,
2005-01-13,44.16797101449275,30.072681159420288,9.872789855072464,7.275471014492754,4.876014492753623,
2005-01-14,44.15459146782357,30.077946493130874,9.875234996384672,7.275958062183658,4.877368040491684,
2005-01-15,44.15459146782357,30.077946493130874,9.875234996384672,7.275958062183658,4.877368040491684,
2005-01-16,44.15459146782357,30.077946493130874,9.875234996384672,7.275958062183658,4.877368040491684,
2005-01-17,44.15459146782357,30.077946493130874,9.875234996384672,7.275958062183658,4.877368040491684,
2005-01-18,44.15459146782357,30.077946493130874,9.875234996384672,7.275958062183658,4.877368040491684,
2005-01-19,44.14126984126984,30.086435786435786,9.876587301587302,7.277525252525253,4.877633477633478,
2005-01-20,44.128005759539235,30.094888408927282,9.879013678905688,7.276925845932325,4.877897768178546,
2005-01-21,44.114798850574715,30.101149425287353,9.883584770114943,7.2784841954022985,4.876005747126436,
2005-01-22,44.114798850574715,30.101149425287353,9.883584770114943,7.2784841954022985,4.876005747126436,
2005-01-23,44.114798850574715,30.101149425287353,9.883584770114943,7.2784841954022985,4.876005747126436,
2005-01-24,44.114798850574715,30.101149425287353,9.883584770114943,7.2784841954022985,4.876005747126436,
2005-01-25,44.114798850574715,30.101149425287353,9.883584770114943,7.2784841954022985,4.876005747126436,
2005-01-26,44.1015770609319,30.107096774193547,9.886057347670251,7.280465949820788,4.876344086021505,
2005-01-27,44.1015770609319,30.107096774193547,9.886057347670251,7.280465949820788,4.876344086021505,
2005-01-28,44.09062947067239,30.11223175965665,9.888447782546494,7.279864091559371,4.876609442060086,
2005-01-29,44.09062947067239,30.11223175965665,9.888447782546494,7.279864091559371,4.876609442060086,
2005-01-30,44.09062947067239,30.11223175965665,9.888447782546494,7.279864091559371,4.876609442060086,
2005-01-31,44.09062947067239,30.11223175965665,9.888447782546494,7.279864091559371,4.876609442060086,
2005-02-01,44.09062947067239,30.11223175965665,9.888447782546494,7.279864091559371,4.876609442060086,
2005-02-02,44.077587437544615,30.12055674518201,9.890827980014276,7.281406138472519,4.875802997858672,
2005-02-03,44.077587437544615,30.12055674518201,9.890827980014276,7.281406138472519,4.875802997858672,
2005-02-04,44.066737891737894,30.12457264957265,9.893198005698006,7.280804843304843,4.8760683760683765,
2005-02-05,44.066737891737894,30.12457264957265,9.893198005698006,7.280804843304843,4.8760683760683765,
2005-02-06,44.066737891737894,30.12457264957265,9.893198005698006,7.280804843304843,4.8760683760683765,
2005-02-07,44.066737891737894,30.12457264957265,9.893198005698006,7.280804843304843,4.8760683760683765,
2005-02-08,44.066737891737894,30.12457264957265,9.893198005698006,7.280804843304843,4.8760683760683765,
2005-02-09,44.057000710732055,30.131769722814497,9.894491826581378,7.280206112295664,4.8752665245202556,
2005-02-10,44.057000710732055,30.131769722814497,9.894491826581378,7.280206112295664,4.8752665245202556,
2005-02-11,44.048368794326244,30.133617021276596,9.896843971631204,7.279609929078014,4.875531914893617,
2005-02-12,44.048368794326244,30.133617021276596,9.896843971631204,7.279609929078014,4.875531914893617,
2005-02-13,44.048368794326244,30.133617021276596,9.896843971631204,7.279609929078014,4.875531914893617,
2005-02-14,44.048368794326244,30.133617021276596,9.896843971631204,7.279609929078014,4.875531914893617,
2005-02-15,44.039773531493275,30.139702760084923,9.897062986553433,7.281139419674451,4.873673036093418,
2005-02-16,44.02718926553672,30.144597457627118,9.899505649717513,7.282450564971751,4.87468220338983,
2005-02-17,44.02718926553672,30.144597457627118,9.899505649717513,7.282450564971751,4.87468220338983,
2005-02-18,44.01867512332628,30.148520084566595,9.90183227625088,7.28185341789993,4.874947145877378,
2005-02-19,44.01867512332628,30.148520084566595,9.90183227625088,7.28185341789993,4.874947145877378,
2005-02-20,44.01867512332628,30.148520084566595,9.90183227625088,7.28185341789993,4.874947145877378,
2005-02-21,44.01019690576652,30.154535864978904,9.904149085794655,7.281258790436006,4.875210970464135,
2005-02-22,44.01019690576652,30.154535864978904,9.904149085794655,7.281258790436006,4.875210970464135,
2005-02-23,44.00175438596491,30.160526315789475,9.903298245614035,7.281719298245614,4.874421052631579,
2005-02-24,44.00175438596491,30.160526315789475,9.903298245614035,7.281719298245614,4.874421052631579,
2005-02-25,43.996498599439775,30.163340336134453,9.903501400560224,7.280077030812325,4.87468487394958,
2005-02-26,43.996498599439775,30.163340336134453,9.903501400560224,7.280077030812325,4.87468487394958,
2005-02-27,43.996498599439775,30.163340336134453,9.903501400560224,7.280077030812325,4.87468487394958,
2005-02-28,43.996498599439775,30.163340336134453,9.903501400560224,7.280077030812325,4.87468487394958,
2005-03-01,43.996498599439775,30.163340336134453,9.903501400560224,7.280077030812325,4.87468487394958,
2005-03-02,43.992313067784764,30.16719077568134,9.901607267645003,7.279489867225716,4.873899371069182,
2005-03-03,43.992313067784764,30.16719077568134,9.901607267645003,7.279489867225716,4.873899371069182,
2005-03-04,43.99023709902371,30.168933054393307,9.90181311018131,7.276813110181311,4.874163179916318,
2005-03-05,43.99023709902371,30.168933054393307,9.90181311018131,7.276813110181311,4.874163179916318,
2005-03-06,43.99023709902371,30.168933054393307,9.90181311018131,7.276813110181311,4.874163179916318,
2005-03-07,43.99023709902371,30.168933054393307,9.90181311018131,7.276813110181311,4.874163179916318,
2005-03-08,43.99023709902371,30.168933054393307,9.90181311018131,7.276813110181311,4.874163179916318,
2005-03-09,43.988169798190675,30.17171189979123,9.898886569241474,7.276235212247738,4.874425887265136,
2005-03-10,43.988169798190675,30.17171189979123,9.898886569241474,7.276235212247738,4.874425887265136,
2005-03-11,43.98819444444444,30.171354166666667,9.899097222222222,7.2735763888888885,4.874687499999999,
2005-03-12,43.98819444444444,30.171354166666667,9.899097222222222,7.2735763888888885,4.874687499999999,
2005-03-13,43.98819444444444,30.171354166666667,9.899097222222222,7.2735763888888885,4.874687499999999,
2005-03-14,43.98819444444444,30.171354166666667,9.899097222222222,7.2735763888888885,4.874687499999999,
2005-03-15,43.98819444444444,30.171354166666667,9.899097222222222,7.2735763888888885,4.874687499999999,
2005-03-16,43.98613998613998,30.172037422037423,9.897505197505197,7.2735620235620235,4.875017325017325,
2005-03-17,43.9820193637621,30.171680497925312,9.899792531120331,7.275069156293223,4.87320193637621,
2005-03-18,43.97895100069013,30.172360248447205,9.898964803312628,7.2734644582470676,4.873464458247066,
2005-03-19,43.97895100069013,30.172360248447205,9.898964803312628,7.2734644582470676,4.873464458247066,
2005-03-20,43.97895100069013,30.172360248447205,9.898964803312628,7.2734644582470676,4.873464458247066,
2005-03-21,43.97895100069013,30.172360248447205,9.898964803312628,7.2734644582470676,4.873464458247066,
2005-03-22,43.983126721763085,30.169938016528924,9.897107438016528,7.272899449035813,4.871659779614324,
2005-03-23,43.983161512027486,30.16958762886598,9.895257731958763,7.27233676975945,4.8719243986254295,
2005-03-24,43.983161512027486,30.16958762886598,9.895257731958763,7.27233676975945,4.8719243986254295,
2005-03-25,43.983161512027486,30.16958762886598,9.895257731958763,7.27233676975945,4.8719243986254295,
2005-03-26,43.983161512027486,30.16958762886598,9.895257731958763,7.27233676975945,4.8719243986254295,
2005-03-27,43.983161512027486,30.16958762886598,9.895257731958763,7.27233676975945,4.8719243986254295,
2005-03-28,43.983161512027486,30.16958762886598,9.895257731958763,7.27233676975945,4.8719243986254295,
2005-03-29,43.987311385459535,30.165123456790123,9.891358024691357,7.27383401920439,4.87218792866941,
2005-03-30,43.99144421629021,30.162731006160165,9.889527720739219,7.273271731690623,4.872450376454483,
2005-03-31,43.99144421629021,30.162731006160165,9.889527720739219,7.273271731690623,4.872450376454483,
2005-04-01,43.99351092896175,30.16034836065574,9.887704918032787,7.27271174863388,4.872711748633879,
2005-04-02,43.99351092896175,30.16034836065574,9.887704918032787,7.27271174863388,4.872711748633879,
2005-04-03,43.99351092896175,30.16034836065574,9.887704918032787,7.27271174863388,4.872711748633879,
2005-04-04,43.99351092896175,30.16034836065574,9.887704918032787,7.27271174863388,4.872711748633879,
2005-04-05,43.99351092896175,30.16034836065574,9.887704918032787,7.27271174863388,4.872711748633879,
2005-04-06,43.99761417859577,30.15593047034765,9.883844580777096,7.2741990456714385,4.872972051806407,
2005-04-07,43.999659863945574,30.15357142857143,9.88204081632653,7.273639455782313,4.873231292517007,
2005-04-08,43.999659863945574,30.15357142857143,9.88204081632653,7.273639455782313,4.873231292517007,
2005-04-09,43.999659863945574,30.15357142857143,9.88204081632653,7.273639455782313,4.873231292517007,
2005-04-10,43.999659863945574,30.15357142857143,9.88204081632653,7.273639455782313,4.873231292517007,
2005-04-11,43.999659863945574,30.15357142857143,9.88204081632653,7.273639455782313,4.873231292517007,
2005-04-12,43.99966055668703,30.153258655804482,9.882281059063136,7.273082145281738,4.871452817379497,
2005-04-13,44.00372628726287,30.148882113821138,9.878455284552846,7.272527100271003,4.871714092140921,
2005-04-14,44.00372628726287,30.148882113821138,9.878455284552846,7.272527100271003,4.871714092140921,
2005-04-15,44.0027045300879,30.148580121703855,9.876673427991886,7.270960108181204,4.871974306964165,
2005-04-16,44.0027045300879,30.148580121703855,9.876673427991886,7.270960108181204,4.871974306964165,
2005-04-17,44.0027045300879,30.148580121703855,9.876673427991886,7.270960108181204,4.871974306964165,
2005-04-18,44.0027045300879,30.148580121703855,9.876673427991886,7.270960108181204,4.871974306964165,
2005-04-19,44.004723346828605,30.146255060728745,9.874898785425101,7.270411605937922,4.872233468286099,
2005-04-20,44.00673400673401,30.143468013468013,9.873333333333333,7.270875420875421,4.872558922558922,
2005-04-21,44.00673400673401,30.143468013468013,9.873333333333333,7.270875420875421,4.872558922558922,
2005-04-22,44.00672043010753,30.14317876344086,9.873588709677419,7.268313172043011,4.872815860215053,
2005-04-23,44.00672043010753,30.14317876344086,9.873588709677419,7.268313172043011,4.872815860215053,
2005-04-24,44.00672043010753,30.14317876344086,9.873588709677419,7.268313172043011,4.872815860215053,
2005-04-25,44.00672043010753,30.14317876344086,9.873588709677419,7.268313172043011,4.872815860215053,
2005-04-26,44.008718980549965,30.140878604963113,9.871830985915492,7.267773306505701,4.8750838363514415,
2005-04-27,44.01271753681392,30.136579651941098,9.868072289156627,7.267235609103079,4.875334672021419,
2005-04-28,44.01271753681392,30.136579651941098,9.868072289156627,7.267235609103079,4.875334672021419,
2005-04-29,44.01369405477622,30.135303941215764,9.867334669338678,7.264696058784235,4.875584502338009,
2005-04-30,44.01369405477622,30.135303941215764,9.867334669338678,7.264696058784235,4.875584502338009,
2005-05-01,44.01369405477622,30.135303941215764,9.867334669338678,7.264696058784235,4.875584502338009,
2005-05-02,44.01369405477622,30.135303941215764,9.867334669338678,7.264696058784235,4.875584502338009,
2005-05-03,44.01566666666666,30.133033333333334,9.8636,7.266166666666667,4.8758333333333335,
2005-05-04,44.01763140385895,30.130771789753826,9.863872255489023,7.265635395874917,4.874085163007319,
2005-05-05,44.01763140385895,30.130771789753826,9.863872255489023,7.265635395874917,4.874085163007319,
2005-05-06,44.01763140385895,30.130771789753826,9.863872255489023,7.265635395874917,4.874085163007319,
2005-05-07,44.01763140385895,30.130771789753826,9.863872255489023,7.265635395874917,4.874085163007319,
2005-05-08,44.01763140385895,30.130771789753826,9.863872255489023,7.265635395874917,4.874085163007319,
2005-05-09,44.01763140385895,30.130771789753826,9.863872255489023,7.265635395874917,4.874085163007319,
2005-05-10,44.01763140385895,30.130771789753826,9.863872255489023,7.265635395874917,4.874085163007319,
2005-05-11,44.01958831341301,30.12652722443559,9.860159362549801,7.267098273572377,4.87433598937583,
2005-05-12,44.01958831341301,30.12652722443559,9.860159362549801,7.267098273572377,4.87433598937583,
2005-05-13,44.019549370444,30.124287607687208,9.860437375745526,7.268555334658715,4.87259774685222,
2005-05-14,44.019549370444,30.124287607687208,9.860437375745526,7.268555334658715,4.87259774685222,
2005-05-15,44.019549370444,30.124287607687208,9.860437375745526,7.268555334658715,4.87259774685222,
2005-05-16,44.019549370444,30.124287607687208,9.860437375745526,7.268555334658715,4.87259774685222,
2005-05-17,44.019549370444,30.124287607687208,9.860437375745526,7.268555334658715,4.87259774685222,
2005-05-18,44.02104828042328,30.121362433862434,9.859623015873016,7.270601851851851,4.8720568783068785,
2005-05-19,44.02104828042328,30.121362433862434,9.859623015873016,7.270601851851851,4.8720568783068785,
2005-05-20,44.02298679867987,30.119141914191417,9.85990099009901,7.2700660066006595,4.870330033003301,
2005-05-21,44.02298679867987,30.119141914191417,9.85990099009901,7.2700660066006595,4.870330033003301,
2005-05-22,44.02689393939394,30.116930171277996,9.856225296442688,7.271508563899868,4.868610013175231,
2005-05-23,44.03078566732413,30.116699539776462,9.850591715976332,7.270973044049967,4.868869165023011,
2005-05-24,44.03269356955381,30.11253280839895,9.846948818897637,7.2743766404199475,4.869127296587927,
2005-05-25,44.03269356955381,30.11253280839895,9.846948818897637,7.2743766404199475,4.869127296587927,
2005-05-26,44.03269356955381,30.11253280839895,9.846948818897637,7.2743766404199475,4.869127296587927,
2005-05-27,44.036558611656844,30.111329404060246,9.843320235756385,7.2718729535036015,4.869384413883432,
2005-05-28,44.036558611656844,30.111329404060246,9.843320235756385,7.2718729535036015,4.869384413883432,
2005-05-29,44.036558611656844,30.111329404060246,9.843320235756385,7.2718729535036015,4.869384413883432,
2005-05-30,44.036558611656844,30.111329404060246,9.843320235756385,7.2718729535036015,4.869384413883432,
2005-05-31,44.04236928104575,30.109150326797383,9.839705882352941,7.26937908496732,4.871601307189543,
2005-06-01,44.05207110241357,30.105022831050228,9.83610567514677,7.2688519243313765,4.869895629484671,
2005-06-02,44.05978190104167,30.100911458333332,9.83447265625,7.268326822916666,4.868196614583334,
2005-06-03,44.05978190104167,30.100911458333332,9.83447265625,7.268326822916666,4.868196614583334,
2005-06-04,44.06746263807668,30.096816114359974,9.830896686159845,7.26585445094217,4.87040285899935,
2005-06-05,44.06746263807668,30.096816114359974,9.830896686159845,7.26585445094217,4.87040285899935,
2005-06-06,44.06746263807668,30.096816114359974,9.830896686159845,7.26585445094217,4.87040285899935,
2005-06-07,44.06746263807668,30.096816114359974,9.830896686159845,7.26585445094217,4.87040285899935,
2005-06-08,44.077059014267185,30.09273670557717,9.827334630350194,7.263391699092088,4.870654993514916,
2005-06-09,44.077059014267185,30.09273670557717,9.827334630350194,7.263391699092088,4.870654993514916,
2005-06-10,44.07982200647249,30.09061488673139,9.824757281553397,7.262880258899676,4.870906148867315,
2005-06-11,44.08741925064599,30.084625322997415,9.821220930232558,7.262370801033591,4.873094315245479,
2005-06-12,44.08741925064599,30.084625322997415,9.821220930232558,7.262370801033591,4.873094315245479,
2005-06-13,44.08741925064599,30.084625322997415,9.821220930232558,7.262370801033591,4.873094315245479,
2005-06-14,44.091118633139914,30.080593165699547,9.81769825918762,7.261863313990974,4.879142488716957,
2005-06-15,44.09856821106821,30.075032175032174,9.81438223938224,7.262419562419563,4.879182754182754,
2005-06-16,44.09856821106821,30.075032175032174,9.81438223938224,7.262419562419563,4.879182754182754,
2005-06-17,44.09856821106821,30.075032175032174,9.81438223938224,7.262419562419563,4.879182754182754,
2005-06-18,44.10030507385999,30.069107257546563,9.810886319845858,7.261913937058446,4.887122671804752,
2005-06-19,44.10030507385999,30.069107257546563,9.810886319845858,7.261913937058446,4.887122671804752,
2005-06-20,44.10030507385999,30.069107257546563,9.810886319845858,7.261913937058446,4.887122671804752,
2005-06-21,44.10030507385999,30.069107257546563,9.810886319845858,7.261913937058446,4.887122671804752,
2005-06-22,44.10972756410256,30.061282051282053,9.805480769230769,7.25948717948718,4.895032051282051,
2005-06-23,44.113355726167626,30.057325655790148,9.802015355086374,7.258989123480486,4.897152911068458,
2005-06-24,44.11409642401022,30.0514687100894,9.800478927203066,7.258492975734355,4.9040549169859515,
2005-06-25,44.11770235818993,30.045634161886554,9.797036328871894,7.257998725302741,4.911886551943913,
2005-06-26,44.11770235818993,30.045634161886554,9.797036328871894,7.257998725302741,4.911886551943913,
2005-06-27,44.11770235818993,30.045634161886554,9.797036328871894,7.257998725302741,4.911886551943913,
2005-06-28,44.123202926208656,30.03791348600509,9.791698473282443,7.255597964376591,4.923505089058524,
2005-06-29,44.123202926208656,30.03791348600509,9.791698473282443,7.255597964376591,4.923505089058524,
2005-06-30,44.12296825396825,30.032126984126986,9.788285714285715,7.255111111111111,4.933174603174603,
2005-07-01,44.12296825396825,30.032126984126986,9.788285714285715,7.255111111111111,4.933174603174603,
2005-07-02,44.12273447401775,30.02446134347275,9.786787072243346,7.254626108998733,4.944708491761723,
2005-07-03,44.12273447401775,30.02446134347275,9.786787072243346,7.254626108998733,4.944708491761723,
2005-07-04,44.12273447401775,30.02446134347275,9.786787072243346,7.254626108998733,4.944708491761723,
2005-07-05,44.120604048070845,30.018722327640734,9.783396584440228,7.254142947501581,4.956198608475648,
2005-07-06,44.12605744949495,30.011111111111113,9.778125000000001,7.251767676767677,4.965751262626262,
2005-07-07,44.12392879647133,30.005419029615627,9.77476370510397,7.251291745431632,4.97715816005041,
2005-07-08,44.12369496855346,29.999748427672955,9.773301886792453,7.250817610062893,4.982861635220125,
2005-07-09,44.121578782172,29.99598242310107,9.769962335216572,7.250345260514752,4.994193345888261,
2005-07-10,44.121578782172,29.99598242310107,9.769962335216572,7.250345260514752,4.994193345888261,
2005-07-11,44.121578782172,29.99598242310107,9.769962335216572,7.250345260514752,4.994193345888261,
2005-07-12,44.121578782172,29.99598242310107,9.769962335216572,7.250345260514752,4.994193345888261,
2005-07-13,44.125109649122805,29.990350877192984,9.764755639097745,7.249874686716792,5.0036027568922306,
2005-07-14,44.12112257661038,29.984740462789244,9.763320825515947,7.251282051282051,5.014853033145716,
2005-07-15,44.11902309612984,29.979151061173532,9.760018726591762,7.250811485642947,5.027933832709113,
2005-07-16,44.116931464174456,29.973582554517133,9.756728971962618,7.250342679127726,5.040965732087227,
2005-07-17,44.116931464174456,29.973582554517133,9.756728971962618,7.250342679127726,5.040965732087227,
2005-07-18,44.116931464174456,29.973582554517133,9.756728971962618,7.250342679127726,5.040965732087227,
2005-07-19,44.11895211442786,29.96691542288557,9.753824626865672,7.251741293532338,5.04872512437811,
2005-07-20,44.11966170080696,29.96139044072005,9.750558659217877,7.251272501551831,5.057945375543141,
2005-07-21,44.11572180916977,29.955885997521683,9.749163568773234,7.2508054522924414,5.070848822800496,
2005-07-22,44.113651824366116,29.949474335188622,9.747773654916513,7.2503401360544215,5.081849103277675,
2005-07-23,44.113651824366116,29.949474335188622,9.747773654916513,7.2503401360544215,5.081849103277675,
2005-07-24,44.113651824366116,29.949474335188622,9.747773654916513,7.2503401360544215,5.081849103277675,
2005-07-25,44.113651824366116,29.949474335188622,9.747773654916513,7.2503401360544215,5.081849103277675,
2005-07-26,44.113651824366116,29.949474335188622,9.747773654916513,7.2503401360544215,5.081849103277675,
2005-07-27,44.113441358024694,29.944012345679013,9.744537037037038,7.249876543209877,5.092808641975309,
2005-07-28,44.109534812076404,29.94041897720271,9.741312384473199,7.249414664202095,5.1055760936537276,
2005-07-29,44.105642681426815,29.933148831488314,9.739944649446494,7.25079950799508,5.11829643296433,
2005-07-30,44.105642681426815,29.933148831488314,9.739944649446494,7.25079950799508,5.11829643296433,
2005-07-31,44.105642681426815,29.933148831488314,9.739944649446494,7.25079950799508,5.11829643296433,
2005-08-01,44.105642681426815,29.933148831488314,9.739944649446494,7.25079950799508,5.11829643296433,
2005-08-02,44.105642681426815,29.933148831488314,9.739944649446494,7.25079950799508,5.11829643296433,
2005-08-03,44.10452731737262,29.925905463474525,9.735819521178637,7.2512584407612035,5.130969920196439,
2005-08-04,44.101577818627455,29.921446078431373,9.732628676470588,7.249877450980392,5.14359681372549,
2005-08-05,44.09772171253823,29.917920489296634,9.731284403669726,7.25125382262997,5.150672782874618,
2005-08-06,44.09772171253823,29.917920489296634,9.731284403669726,7.25125382262997,5.150672782874618,
2005-08-07,44.09772171253823,29.917920489296634,9.731284403669726,7.25125382262997,5.150672782874618,
2005-08-08,44.09772171253823,29.917920489296634,9.731284403669726,7.25125382262997,5.150672782874618,
2005-08-09,44.09571123321123,29.916239316239317,9.728113553113554,7.250793650793651,5.159554334554334,
2005-08-10,44.09187995124924,29.912736136502133,9.723126142595978,7.250335161486898,5.17205971968312,
2005-08-11,44.087150243309004,29.910158150851583,9.720894160583942,7.249878345498783,5.182694647201947,
2005-08-12,44.083348512446875,29.90850030358227,9.719581056466303,7.251244687310261,5.189647844565878,
2005-08-13,44.08137878787879,29.906848484848485,9.714636363636364,7.250787878787879,5.19839393939394,
2005-08-14,44.08137878787879,29.906848484848485,9.714636363636364,7.250787878787879,5.19839393939394,
2005-08-15,44.08137878787879,29.906848484848485,9.714636363636364,7.250787878787879,5.19839393939394,
2005-08-16,44.077510586811854,29.904204476709015,9.71152450090744,7.2516031457955235,5.208469449485784,
2005-08-17,44.073746980676326,29.904378019323673,9.708423913043479,7.251147342995169,5.215338164251208,
2005-08-18,44.069996986136225,29.902742616033755,9.703526220614828,7.250693188667872,5.22579867389994,
2005-08-19,44.06806558363417,29.901113116726837,9.702256317689532,7.2520457280385076,5.230806257521059,
2005-08-20,44.06806558363417,29.901113116726837,9.702256317689532,7.2520457280385076,5.230806257521059,
2005-08-21,44.06806558363417,29.901113116726837,9.702256317689532,7.2520457280385076,5.230806257521059,
2005-08-22,44.06614114114114,29.89948948948949,9.697387387387387,7.253393393393393,5.237597597597598,
2005-08-23,44.06224520383693,29.897781774580338,9.694424460431655,7.254466426858513,5.246432853717026,
2005-08-24,44.06224520383693,29.897781774580338,9.694424460431655,7.254466426858513,5.246432853717026,
2005-08-25,44.05854278874925,29.898862956313586,9.691382405745063,7.254009575104727,5.2540694195092765,
2005-08-26,44.05664575866189,29.89904420549582,9.688351254480287,7.255346475507765,5.258990442054959,
2005-08-27,44.05564997018485,29.89582587954681,9.68479427549195,7.256320810971974,5.267650566487776,
2005-08-28,44.05564997018485,29.89582587954681,9.68479427549195,7.256320810971974,5.267650566487776,
2005-08-29,44.05376488095238,29.896011904761906,9.68,7.257648809523809,5.272529761904762,
2005-08-30,44.050103980986336,29.896197266785503,9.675222816399287,7.25718954248366,5.280956625074272,
2005-08-31,44.050103980986336,29.896197266785503,9.675222816399287,7.25718954248366,5.280956625074272,
2005-09-01,44.04734578884935,29.899051008303676,9.670462633451958,7.255842230130487,5.288463819691578,
2005-09-02,44.044330965068085,29.900651272942568,9.66669626998224,7.256275902901125,5.294789816459444,
2005-09-03,44.0424793144208,29.902600472813237,9.661968085106384,7.255821513002364,5.301359338061466,
2005-09-04,44.0424793144208,29.902600472813237,9.661968085106384,7.255821513002364,5.301359338061466,
2005-09-05,44.03886430678466,29.90631268436578,9.659026548672568,7.255368731563423,5.30613569321534,
2005-09-06,44.03886430678466,29.90631268436578,9.659026548672568,7.255368731563423,5.30613569321534,
2005-09-07,44.03526207302709,29.91177856301531,9.654328621908128,7.254034157832745,5.311778563015312,
2005-09-08,44.03079071134626,29.918106995884774,9.649647266313934,7.253145208700765,5.317842445620223,
2005-09-09,44.02589495305164,29.924149061032868,9.645158450704225,7.252699530516432,5.323356807511737,
2005-09-10,44.01969830111306,29.93219097832455,9.640509666080844,7.252255418863504,5.328060925600468,
2005-09-11,44.01969830111306,29.93219097832455,9.640509666080844,7.252255418863504,5.328060925600468,
2005-09-12,44.01615497076023,29.93932748538012,9.636754385964911,7.250935672514621,5.330994152046784,
2005-09-13,44.012361354349096,29.94503794512551,9.63231173380035,7.250058377116171,5.33610624635143,
2005-09-14,44.012361354349096,29.94503794512551,9.63231173380035,7.250058377116171,5.33610624635143,
2005-09-15,44.012361354349096,29.94503794512551,9.63231173380035,7.250058377116171,5.33610624635143,
2005-09-16,44.007969114219115,29.94950466200466,9.62770979020979,7.251369463869465,5.341637529137529,
2005-09-17,44.007969114219115,29.94950466200466,9.62770979020979,7.251369463869465,5.341637529137529,
2005-09-18,44.007969114219115,29.94950466200466,9.62770979020979,7.251369463869465,5.341637529137529,
2005-09-19,44.007969114219115,29.94950466200466,9.62770979020979,7.251369463869465,5.341637529137529,
2005-09-20,44.007969114219115,29.94950466200466,9.62770979020979,7.251369463869465,5.341637529137529,
2005-09-21,44.007969114219115,29.94950466200466,9.62770979020979,7.251369463869465,5.341637529137529,
2005-09-22,43.99312100058174,29.955700988947058,9.624869109947644,7.256166375799884,5.348894706224549,
2005-09-23,43.98093786295006,29.964488966318232,9.622038327526132,7.257462253193961,5.353513356562137,
2005-09-24,43.98093786295006,29.964488966318232,9.622038327526132,7.257462253193961,5.353513356562137,
2005-09-25,43.98093786295006,29.964488966318232,9.622038327526132,7.257462253193961,5.353513356562137,
2005-09-26,43.98093786295006,29.964488966318232,9.622038327526132,7.257462253193961,5.353513356562137,
2005-09-27,43.98093786295006,29.964488966318232,9.622038327526132,7.257462253193961,5.353513356562137,
2005-09-28,43.9670579710145,29.97150724637681,9.619217391304348,7.263971014492754,5.358115942028985,
2005-09-29,43.95322627314815,29.978501157407404,9.61640625,7.266984953703704,5.364438657407407,
2005-09-30,43.95322627314815,29.978501157407404,9.61640625,7.266984953703704,5.364438657407407,
2005-10-01,43.95322627314815,29.978501157407404,9.61640625,7.266984953703704,5.364438657407407,
2005-10-02,43.95322627314815,29.978501157407404,9.61640625,7.266984953703704,5.364438657407407,
2005-10-03,43.95322627314815,29.978501157407404,9.61640625,7.266984953703704,5.364438657407407,
2005-10-04,43.95322627314815,29.978501157407404,9.61640625,7.266984953703704,5.364438657407407,
2005-10-05,43.93944251877527,29.98547082611207,9.61360485268631,7.273454650491046,5.369006354708261,
2005-10-06,43.92570645905421,29.99241637831603,9.610813148788928,7.278171856978086,5.373558246828143,
2005-10-07,43.91719919401267,29.99933793897524,9.606303972366149,7.277691421991941,5.379821531375935,
2005-10-08,43.91719919401267,29.99933793897524,9.606303972366149,7.277691421991941,5.379821531375935,
2005-10-09,43.91719919401267,29.99933793897524,9.606303972366149,7.277691421991941,5.379821531375935,
2005-10-10,43.91719919401267,29.99933793897524,9.606303972366149,7.277691421991941,5.379821531375935,
2005-10-11,43.91719919401267,29.99933793897524,9.606303972366149,7.277691421991941,5.379821531375935,
2005-10-12,43.903548850574715,30.006235632183905,9.60353448275862,7.282385057471265,5.386063218390804,
2005-10-13,43.891666666666666,30.01310958118187,9.60077452667814,7.285341365461848,5.390562248995984,
2005-10-14,43.88154352806415,30.021678121420386,9.5963058419244,7.286569301260023,5.395045819014891,
2005-10-15,43.88154352806415,30.021678121420386,9.5963058419244,7.286569301260023,5.395045819014891,
2005-10-16,43.88154352806415,30.021678121420386,9.5963058419244,7.286569301260023,5.395045819014891,
2005-10-17,43.871455117209834,30.028502001143508,9.593567753001716,7.289508290451687,5.397798742138365,
2005-10-18,43.856264269406395,30.035302511415523,9.592551369863013,7.292437214611873,5.403966894977168,
2005-10-19,43.84232193732194,30.041396011396014,9.59094017094017,7.296723646723646,5.409344729344729,
2005-10-20,43.83064562002276,30.04815130830489,9.588225255972697,7.299630261660978,5.41547212741752,
2005-10-21,43.83064562002276,30.04815130830489,9.588225255972697,7.299630261660978,5.41547212741752,
2005-10-22,43.83064562002276,30.04815130830489,9.588225255972697,7.299630261660978,5.41547212741752,
2005-10-23,43.83064562002276,30.04815130830489,9.588225255972697,7.299630261660978,5.41547212741752,
2005-10-24,43.83064562002276,30.04815130830489,9.588225255972697,7.299630261660978,5.41547212741752,
2005-10-25,43.83064562002276,30.04815130830489,9.588225255972697,7.299630261660978,5.41547212741752,
2005-10-26,43.81645371947757,30.053180011357185,9.587223168654173,7.303378762067007,5.4224304372515615,
2005-10-27,43.80316043083901,30.059892290249433,9.586224489795917,7.3062641723356005,5.428514739229025,
2005-10-28,43.79161007357103,30.068279569892475,9.583531409168081,7.309139784946236,5.432880588568195,
2005-10-29,43.79161007357103,30.068279569892475,9.583531409168081,7.309139784946236,5.432880588568195,
2005-10-30,43.79161007357103,30.068279569892475,9.583531409168081,7.309139784946236,5.432880588568195,
2005-10-31,43.79161007357103,30.068279569892475,9.583531409168081,7.309139784946236,5.432880588568195,
2005-11-01,43.77501412429379,30.07324858757062,9.582542372881356,7.313700564971751,5.440621468926554,
2005-11-02,43.760166384658774,30.079892836999438,9.579864636209814,7.319937958262831,5.444952058657642,
2005-11-03,43.746213400900906,30.082291666666666,9.578885135135135,7.325309684684684,5.452646396396396,
2005-11-04,43.746213400900906,30.082291666666666,9.578885135135135,7.325309684684684,5.452646396396396,
2005-11-05,43.746213400900906,30.082291666666666,9.578885135135135,7.325309684684684,5.452646396396396,
2005-11-06,43.746213400900906,30.082291666666666,9.578885135135135,7.325309684684684,5.452646396396396,
2005-11-07,43.746213400900906,30.082291666666666,9.578885135135135,7.325309684684684,5.452646396396396,
2005-11-08,43.72977796514896,30.085525576166386,9.577908937605397,7.333192804946599,5.458628442945475,
2005-11-09,43.72977796514896,30.085525576166386,9.577908937605397,7.333192804946599,5.458628442945475,
2005-11-10,43.71676487093154,30.090432098765433,9.575252525252525,7.3376823793490455,5.466273849607183,
2005-11-11,43.703795518207286,30.095322128851542,9.574285714285715,7.34047619047619,5.472212885154062,
2005-11-12,43.703795518207286,30.095322128851542,9.574285714285715,7.34047619047619,5.472212885154062,
2005-11-13,43.703795518207286,30.095322128851542,9.574285714285715,7.34047619047619,5.472212885154062,
2005-11-14,43.690869686800895,30.100195749440715,9.573322147651007,7.344938478747203,5.476454138702461,
2005-11-15,43.67212451144612,30.103378001116695,9.572361809045226,7.352735901730876,5.484031267448353,
2005-11-16,43.67212451144612,30.103378001116695,9.572361809045226,7.352735901730876,5.484031267448353,
2005-11-17,43.655950390189524,30.109894091415832,9.571404682274247,7.358835005574136,5.489910813823857,
2005-11-18,43.655950390189524,30.109894091415832,9.571404682274247,7.358835005574136,5.489910813823857,
2005-11-19,43.655950390189524,30.109894091415832,9.571404682274247,7.358835005574136,5.489910813823857,
2005-11-20,43.655950390189524,30.109894091415832,9.571404682274247,7.358835005574136,5.489910813823857,
2005-11-21,43.655950390189524,30.109894091415832,9.571404682274247,7.358835005574136,5.489910813823857,
2005-11-22,43.63649137451308,30.11304952698943,9.57212020033389,7.364913745130773,5.4974401780745685,
2005-11-23,43.62101388888889,30.117527777777777,9.5695,7.371555555555556,5.504027777777778,
2005-11-24,43.60666943982252,30.123987798114253,9.568552412645591,7.375929007210205,5.509844703272323,
2005-11-25,43.59569490586932,30.130426356589147,9.567607973421927,7.378626799557032,5.513981173864894,
2005-11-26,43.59569490586932,30.130426356589147,9.567607973421927,7.378626799557032,5.513981173864894,
2005-11-27,43.59569490586932,30.130426356589147,9.567607973421927,7.378626799557032,5.513981173864894,
2005-11-28,43.59569490586932,30.130426356589147,9.567607973421927,7.378626799557032,5.513981173864894,
2005-11-29,43.57978164731896,30.133526810392482,9.566666666666666,7.382974018794914,5.523079049198452,
2005-11-30,43.56557671081678,30.13496136865342,9.565728476821192,7.390618101545254,5.528835540838852,
2005-12-01,43.55307162534435,30.141349862258952,9.564793388429752,7.394931129476584,5.532920110192837,
2005-12-02,43.55307162534435,30.141349862258952,9.564793388429752,7.394931129476584,5.532920110192837,
2005-12-03,43.55307162534435,30.141349862258952,9.564793388429752,7.394931129476584,5.532920110192837,
2005-12-04,43.55307162534435,30.141349862258952,9.564793388429752,7.394931129476584,5.532920110192837,
2005-12-05,43.55307162534435,30.141349862258952,9.564793388429752,7.394931129476584,5.532920110192837,
2005-12-06,43.55307162534435,30.141349862258952,9.564793388429752,7.394931129476584,5.532920110192837,
2005-12-07,43.537307480748076,30.14606710671067,9.563861386138614,7.400880088008801,5.538641364136414,
2005-12-08,43.524890170236134,30.15241625480505,9.562932454695222,7.405161998901702,5.54269632070291,
2005-12-09,43.514158442982456,30.15874451754386,9.560361842105262,7.408607456140351,5.547560307017544,
2005-12-10,43.514158442982456,30.15874451754386,9.560361842105262,7.408607456140351,5.547560307017544,
2005-12-11,43.514158442982456,30.15874451754386,9.560361842105262,7.408607456140351,5.547560307017544,
2005-12-12,43.514158442982456,30.15874451754386,9.560361842105262,7.408607456140351,5.547560307017544,
2005-12-13,43.514158442982456,30.15874451754386,9.560361842105262,7.408607456140351,5.547560307017544,
2005-12-14,43.50181992337165,30.160125889436234,9.557799671592775,7.416146688560482,5.5532293377120965,
2005-12-15,43.487882513661205,30.164781420765028,9.55688524590164,7.4203825136612025,5.558879781420765,
2005-12-16,43.487882513661205,30.164781420765028,9.55688524590164,7.4203825136612025,5.558879781420765,
2005-12-17,43.487882513661205,30.164781420765028,9.55688524590164,7.4203825136612025,5.558879781420765,
2005-12-18,43.487882513661205,30.164781420765028,9.55688524590164,7.4203825136612025,5.558879781420765,
2005-12-19,43.487882513661205,30.164781420765028,9.55688524590164,7.4203825136612025,5.558879781420765,
2005-12-20,43.487882513661205,30.164781420765028,9.55688524590164,7.4203825136612025,5.558879781420765,
2005-12-21,43.47579105291871,30.168112384069833,9.554991816693946,7.424768139661757,5.565111838516094,
2005-12-22,43.47579105291871,30.168112384069833,9.554991816693946,7.424768139661757,5.565111838516094,
2005-12-23,43.47579105291871,30.168112384069833,9.554991816693946,7.424768139661757,5.565111838516094,
2005-12-24,43.47579105291871,30.168112384069833,9.554991816693946,7.424768139661757,5.565111838516094,
2005-12-25,43.47579105291871,30.168112384069833,9.554991816693946,7.424768139661757,5.565111838516094,
2005-12-26,43.47579105291871,30.168112384069833,9.554991816693946,7.424768139661757,5.565111838516094,
2005-12-27,43.47579105291871,30.168112384069833,9.554991816693946,7.424768139661757,5.565111838516094,
2005-12-28,43.465209694989106,30.171105664488017,9.552450980392157,7.430610021786493,5.569090413943355,
2005-12-29,43.465209694989106,30.171105664488017,9.552450980392157,7.430610021786493,5.569090413943355,
2005-12-30,43.465209694989106,30.171105664488017,9.552450980392157,7.430610021786493,5.569090413943355,
2005-12-31,43.465209694989106,30.171105664488017,9.552450980392157,7.430610021786493,5.569090413943355,
2006-01-01,43.465209694989106,30.171105664488017,9.552450980392157,7.430610021786493,5.569090413943355,
2006-01-02,43.465209694989106,30.171105664488017,9.552450980392157,7.430610021786493,5.569090413943355,
2006-01-03,43.465209694989106,30.171105664488017,9.552450980392157,7.430610021786493,5.569090413943355,
2006-01-04,43.45466286025013,30.17408917890158,9.551549755301796,7.434801522566613,5.57305600870038,
2006-01-05,43.44740770901194,30.17543431053203,9.550651465798046,7.437350705754615,5.578637350705755,
2006-01-06,43.44740770901194,30.17543431053203,9.550651465798046,7.437350705754615,5.578637350705755,
2006-01-07,43.44740770901194,30.17543431053203,9.550651465798046,7.437350705754615,5.578637350705755,
2006-01-08,43.44740770901194,30.17543431053203,9.550651465798046,7.437350705754615,5.578637350705755,
2006-01-09,43.44017615176151,30.17677506775068,9.549756097560977,7.43989159891599,5.582574525745257,
2006-01-10,43.44017615176151,30.17677506775068,9.549756097560977,7.43989159891599,5.582574525745257,
2006-01-11,43.42972132034632,30.178111471861474,9.54724025974026,7.445670995670996,5.5864989177489175,
2006-01-12,43.42254186925986,30.181064289573204,9.546353322528363,7.4465694219340905,5.59203133441383,
2006-01-13,43.41538565264293,30.185625674217906,9.543851132686084,7.449083063646171,5.5959277238403455,
2006-01-14,43.41538565264293,30.185625674217906,9.543851132686084,7.449083063646171,5.5959277238403455,
2006-01-15,43.41538565264293,30.185625674217906,9.543851132686084,7.449083063646171,5.5959277238403455,
2006-01-16,43.41538565264293,30.185625674217906,9.543851132686084,7.449083063646171,5.5959277238403455,
2006-01-17,43.40663704900377,30.18371028540657,9.54297253634895,7.45320409262251,5.60304254173398,
2006-01-18,43.39791666666667,30.185026881720432,9.538870967741936,7.4605376344086025,5.606908602150537,
2006-01-19,43.390834675254965,30.187949543746647,9.538003220611916,7.461406333870102,5.612372517444981,
2006-01-20,43.390834675254965,30.187949543746647,9.538003220611916,7.461406333870102,5.612372517444981,
2006-01-21,43.390834675254965,30.187949543746647,9.538003220611916,7.461406333870102,5.612372517444981,
2006-01-22,43.390834675254965,30.187949543746647,9.538003220611916,7.461406333870102,5.612372517444981,
2006-01-23,43.382167738478024,30.189255091103966,9.535530546623795,7.4670953912111475,5.617818863879957,
2006-01-24,43.373528624933115,30.188951310861423,9.534670947030499,7.469555912252543,5.623247726056714,
2006-01-25,43.36555822649573,30.19009081196581,9.532532051282052,7.473450854700855,5.6276175213675215,
2006-01-26,43.360173333333336,30.194586666666662,9.53008,7.472693333333334,5.633013333333333,
2006-01-27,43.35640308839191,30.19906815761448,9.526038338658147,7.473535676251331,5.636794462193823,
2006-01-28,43.35640308839191,30.19906815761448,9.526038338658147,7.473535676251331,5.636794462193823,
2006-01-29,43.35640308839191,30.19906815761448,9.526038338658147,7.473535676251331,5.636794462193823,
2006-01-30,43.35640308839191,30.19906815761448,9.526038338658147,7.473535676251331,5.636794462193823,
2006-01-31,43.34945507708666,30.198750664540135,9.52360446570973,7.475970228601808,5.643753322700691,
2006-02-01,43.34571390658174,30.200026539278127,9.521178343949044,7.476804670912951,5.647505307855626,
2006-02-02,43.340394806571275,30.202888182299944,9.517170111287758,7.477636459989402,5.6528351881293055,
2006-02-03,43.340394806571275,30.202888182299944,9.517170111287758,7.477636459989402,5.6528351881293055,
2006-02-04,43.340394806571275,30.202888182299944,9.517170111287758,7.477636459989402,5.6528351881293055,
2006-02-05,43.340394806571275,30.202888182299944,9.517170111287758,7.477636459989402,5.6528351881293055,
2006-02-06,43.340394806571275,30.202888182299944,9.517170111287758,7.477636459989402,5.6528351881293055,
2006-02-07,43.335092592592595,30.204153439153437,9.514761904761905,7.48005291005291,5.658148148148148,
2006-02-08,43.33139197041733,30.203829899630215,9.512361331220285,7.482461701003698,5.661859482303222,
2006-02-09,43.32770305907173,30.205089662447254,9.50996835443038,7.4832805907173,5.665559071729958,
2006-02-10,43.32770305907173,30.205089662447254,9.50996835443038,7.4832805907173,5.665559071729958,
2006-02-11,43.32770305907173,30.205089662447254,9.50996835443038,7.4832805907173,5.665559071729958,
2006-02-12,43.32770305907173,30.205089662447254,9.50996835443038,7.4832805907173,5.665559071729958,
2006-02-13,43.322446024223275,30.207925223801997,9.507582938388627,7.484096893101633,5.669246972090574,
2006-02-14,43.31562828601472,30.209174553101995,9.506782334384859,7.4864879074658255,5.6745005257623555,
2006-02-15,43.31040682414698,30.207270341207348,9.505984251968504,7.488871391076116,5.678162729658792,
2006-02-16,43.3083464360587,30.206944444444442,9.503616352201258,7.491247379454927,5.681813417190775,
2006-02-17,43.30472265829409,30.209759288330716,9.501255886970172,7.4920460491889065,5.683882783882784,
2006-02-18,43.30472265829409,30.209759288330716,9.501255886970172,7.4920460491889065,5.683882783882784,
2006-02-19,43.30472265829409,30.209759288330716,9.501255886970172,7.4920460491889065,5.683882783882784,
2006-02-20,43.30472265829409,30.209759288330716,9.501255886970172,7.4920460491889065,5.683882783882784,
2006-02-21,43.30472265829409,30.209759288330716,9.501255886970172,7.4920460491889065,5.683882783882784,
2006-02-22,43.296564785788924,30.20935214211076,9.49960815047022,7.49582027168234,5.6893939393939394,
2006-02-23,43.291405842462176,30.20902451747522,9.497261345852895,7.498174230568596,5.694574856546688,
2006-02-24,43.28782552083333,30.210260416666664,9.495703125,7.499739583333333,5.697395833333333,
2006-02-25,43.28782552083333,30.210260416666664,9.495703125,7.499739583333333,5.697395833333333,
2006-02-26,43.28782552083333,30.210260416666664,9.495703125,7.499739583333333,5.697395833333333,
2006-02-27,43.28782552083333,30.210260416666664,9.495703125,7.499739583333333,5.697395833333333,
2006-02-28,43.28269630785231,30.208372334893394,9.494929797191888,7.502080083203328,5.702548101924077,
2006-03-01,43.276025441329175,30.20493250259605,9.494158878504672,7.505970924195223,5.707684319833853,
2006-03-02,43.27248574390876,30.204613789528253,9.494945567651634,7.508294453084499,5.709694142042509,
2006-03-03,43.27248574390876,30.204613789528253,9.494945567651634,7.508294453084499,5.709694142042509,
2006-03-04,43.27248574390876,30.204613789528253,9.494945567651634,7.508294453084499,5.709694142042509,
2006-03-05,43.27248574390876,30.204613789528253,9.494945567651634,7.508294453084499,5.709694142042509,
2006-03-06,43.27248574390876,30.204613789528253,9.494945567651634,7.508294453084499,5.709694142042509,
2006-03-07,43.26429865424431,30.204296066252585,9.49417701863354,7.510610766045549,5.7148033126294,
2006-03-08,43.260788113695085,30.199328165374677,9.493410852713179,7.514470284237726,5.718346253229974,
2006-03-09,43.25728844169247,30.197471620227038,9.492647058823529,7.516769865841073,5.7218782249742,
2006-03-10,43.253799587841314,30.200257599175682,9.488794435857805,7.517516743946419,5.725399278722309,
2006-03-11,43.253799587841314,30.200257599175682,9.488794435857805,7.517516743946419,5.725399278722309,
2006-03-12,43.253799587841314,30.200257599175682,9.488794435857805,7.517516743946419,5.725399278722309,
2006-03-13,43.253799587841314,30.200257599175682,9.488794435857805,7.517516743946419,5.725399278722309,
2006-03-14,43.24723508230453,30.19994855967078,9.48804012345679,7.51980452674897,5.730452674897119,
2006-03-15,43.24092193117617,30.197560349255266,9.486594761171032,7.525166923472008,5.735798664612224,
2006-03-16,43.2359358974359,30.19725641025641,9.485846153846154,7.527435897435897,5.739282051282051,
2006-03-17,43.23096518177164,30.19541730670763,9.485099846390169,7.531233998975934,5.742754736303123,
2006-03-18,43.23096518177164,30.19541730670763,9.485099846390169,7.531233998975934,5.742754736303123,
2006-03-19,43.23096518177164,30.19541730670763,9.485099846390169,7.531233998975934,5.742754736303123,
2006-03-20,43.23096518177164,30.19541730670763,9.485099846390169,7.531233998975934,5.742754736303123,
2006-03-21,43.23096518177164,30.19541730670763,9.485099846390169,7.531233998975934,5.742754736303123,
2006-03-22,43.22447597137015,30.19205010224949,9.48435582822086,7.536554192229039,5.747750511247443,
2006-03-23,43.22447597137015,30.19205010224949,9.48435582822086,7.536554192229039,5.747750511247443,
2006-03-24,43.22106942317509,30.19328739152629,9.483614088820827,7.537263910158243,5.751199591628382,
2006-03-25,43.22106942317509,30.19328739152629,9.483614088820827,7.537263910158243,5.751199591628382,
2006-03-26,43.22106942317509,30.19328739152629,9.483614088820827,7.537263910158243,5.751199591628382,
2006-03-27,43.22106942317509,30.19328739152629,9.483614088820827,7.537263910158243,5.751199591628382,
2006-03-28,43.21308613659531,30.192991845056067,9.482874617737004,7.539500509683996,5.7561671763506626,
2006-03-29,43.205127226463105,30.18964376590331,9.482137404580152,7.544783715012723,5.761119592875318,
2006-03-30,43.205127226463105,30.18964376590331,9.482137404580152,7.544783715012723,5.761119592875318,
2006-03-31,43.20176575203252,30.19087906504065,9.479878048780488,7.547002032520325,5.764532520325203,
2006-04-01,43.20176575203252,30.19087906504065,9.479878048780488,7.547002032520325,5.764532520325203,
2006-04-02,43.20176575203252,30.19087906504065,9.479878048780488,7.547002032520325,5.764532520325203,
2006-04-03,43.20176575203252,30.19087906504065,9.479878048780488,7.547002032520325,5.764532520325203,
2006-04-04,43.19384830035515,30.19058853373922,9.479147640791476,7.549213597158802,5.769457128361238,
2006-04-05,43.187474670719354,30.185739614994937,9.479939209726444,7.552938196555218,5.774366767983789,
2006-04-06,43.18263783510369,30.18545776428933,9.479210925644917,7.556651492159838,5.777744056651492,
2006-04-07,43.179330808080806,30.188207070707072,9.476969696969697,7.55580808080808,5.781111111111111,
2006-04-08,43.179330808080806,30.188207070707072,9.476969696969697,7.55580808080808,5.781111111111111,
2006-04-09,43.179330808080806,30.188207070707072,9.476969696969697,7.55580808080808,5.781111111111111,
2006-04-10,43.179330808080806,30.188207070707072,9.476969696969697,7.55580808080808,5.781111111111111,
2006-04-11,43.17300806858295,30.18489662128089,9.477760968229955,7.559505799293999,5.785980837115481,
2006-04-12,43.16481621349446,30.184768378650553,9.476510574018127,7.563645518630413,5.791062437059416,
2006-04-13,43.16004273504274,30.185997988939164,9.475791855203619,7.565811965811966,5.7943941679235795,
2006-04-14,43.16004273504274,30.185997988939164,9.475791855203619,7.565811965811966,5.7943941679235795,
2006-04-15,43.16004273504274,30.185997988939164,9.475791855203619,7.565811965811966,5.7943941679235795,
2006-04-16,43.16004273504274,30.185997988939164,9.475791855203619,7.565811965811966,5.7943941679235795,
2006-04-17,43.16004273504274,30.185997988939164,9.475791855203619,7.565811965811966,5.7943941679235795,
2006-04-18,43.16004273504274,30.185997988939164,9.475791855203619,7.565811965811966,5.7943941679235795,
2006-04-19,43.152271586345385,30.186470883534135,9.47507530120482,7.568724899598394,5.799221887550201,
2006-04-20,43.152271586345385,30.186470883534135,9.47507530120482,7.568724899598394,5.799221887550201,
2006-04-21,43.14452380952381,30.189949874686715,9.475112781954888,7.570125313283208,5.802531328320802,
2006-04-22,43.14452380952381,30.189949874686715,9.475112781954888,7.570125313283208,5.802531328320802,
2006-04-23,43.14452380952381,30.189949874686715,9.475112781954888,7.570125313283208,5.802531328320802,
2006-04-24,43.14452380952381,30.189949874686715,9.475112781954888,7.570125313283208,5.802531328320802,
2006-04-25,43.1352977977978,30.191166166166166,9.474399399399399,7.573773773773774,5.807332332332332,
2006-04-26,43.126099450274864,30.189380309845077,9.473688155922039,7.578910544727636,5.812118940529735,
2006-04-27,43.126099450274864,30.189380309845077,9.473688155922039,7.578910544727636,5.812118940529735,
2006-04-28,43.12067115768463,30.19134231536926,9.472230538922155,7.580289421157684,5.815394211576846,
2006-04-29,43.12067115768463,30.19134231536926,9.472230538922155,7.580289421157684,5.815394211576846,
2006-04-30,43.12067115768463,30.19134231536926,9.472230538922155,7.580289421157684,5.815394211576846,
2006-05-01,43.12067115768463,30.19134231536926,9.472230538922155,7.580289421157684,5.815394211576846,
2006-05-02,43.12067115768463,30.19134231536926,9.472230538922155,7.580289421157684,5.815394211576846,
2006-05-03,43.113016940707524,30.19105630293971,9.47152466367713,7.58315894369706,5.8201544593921275,
2006-05-04,43.113016940707524,30.19105630293971,9.47152466367713,7.58315894369706,5.8201544593921275,
2006-05-05,43.10687810945274,30.19226368159204,9.47231343283582,7.585273631840796,5.823407960199005,
2006-05-06,43.10687810945274,30.19226368159204,9.47231343283582,7.585273631840796,5.823407960199005,
2006-05-07,43.10687810945274,30.19226368159204,9.47231343283582,7.585273631840796,5.823407960199005,
2006-05-08,43.10687810945274,30.19226368159204,9.47231343283582,7.585273631840796,5.823407960199005,
2006-05-09,43.097776949826134,30.191977148534523,9.47160953800298,7.588872329855937,5.829632389468455,
2006-05-10,43.09167906746032,30.190203373015873,9.470907738095239,7.590972222222222,5.834350198412698,
2006-05-11,43.09167906746032,30.190203373015873,9.470907738095239,7.590972222222222,5.834350198412698,
2006-05-12,43.08411342248638,30.191406636948983,9.470208023774145,7.593065874195146,5.8390539871223375,
2006-05-13,43.08411342248638,30.191406636948983,9.470208023774145,7.593065874195146,5.8390539871223375,
2006-05-14,43.08411342248638,30.191406636948983,9.470208023774145,7.593065874195146,5.8390539871223375,
2006-05-15,43.08411342248638,30.191406636948983,9.470208023774145,7.593065874195146,5.8390539871223375,
2006-05-16,43.08411342248638,30.191406636948983,9.470208023774145,7.593065874195146,5.8390539871223375,
2006-05-17,43.07619930761622,30.18941641938675,9.46839762611276,7.59782393669634,5.84515331355094,
2006-05-18,43.0671975308642,30.18913580246914,9.469185185185184,7.6013827160493825,5.849827160493827,
2006-05-19,43.064139546351086,30.19181459566075,9.467011834319527,7.6034516765286,5.851528599605523,
2006-05-20,43.064139546351086,30.19181459566075,9.467011834319527,7.6034516765286,5.851528599605523,
2006-05-21,43.064139546351086,30.19181459566075,9.467011834319527,7.6034516765286,5.851528599605523,
2006-05-22,43.064139546351086,30.19181459566075,9.467011834319527,7.6034516765286,5.851528599605523,
2006-05-23,43.05518217626785,30.190054160512066,9.46632200886263,7.609207287050714,5.856917774495322,
2006-05-24,43.05518217626785,30.190054160512066,9.46632200886263,7.609207287050714,5.856917774495322,
2006-05-25,43.05518217626785,30.190054160512066,9.46632200886263,7.609207287050714,5.856917774495322,
2006-05-26,43.05518217626785,30.190054160512066,9.46632200886263,7.609207287050714,5.856917774495322,
2006-05-27,43.05518217626785,30.190054160512066,9.46632200886263,7.609207287050714,5.856917774495322,
2006-05-28,43.05518217626785,30.190054160512066,9.46632200886263,7.609207287050714,5.856917774495322,
2006-05-29,43.05518217626785,30.190054160512066,9.46632200886263,7.609207287050714,5.856917774495322,
2006-05-30,43.04330137659784,30.189773844641103,9.467109144542773,7.615683382497542,5.863028515240904,
2006-05-31,43.02998281786942,30.186548846342664,9.466421207658321,7.623613156602848,5.869121256750122,
2006-06-01,43.02111519607843,30.186274509803923,9.46720588235294,7.627107843137255,5.873725490196078,
2006-06-02,43.02111519607843,30.186274509803923,9.46720588235294,7.627107843137255,5.873725490196078,
2006-06-03,43.02111519607843,30.186274509803923,9.46720588235294,7.627107843137255,5.873725490196078,
2006-06-04,43.02111519607843,30.186274509803923,9.46720588235294,7.627107843137255,5.873725490196078,
2006-06-05,43.02111519607843,30.186274509803923,9.46720588235294,7.627107843137255,5.873725490196078,
2006-06-06,43.02111519607843,30.186274509803923,9.46720588235294,7.627107843137255,5.873725490196078,
2006-06-07,43.00860254527655,30.183798335780715,9.466519823788547,7.634263338228096,5.879784630445423,
2006-06-08,43.00860254527655,30.183798335780715,9.466519823788547,7.634263338228096,5.879784630445423,
2006-06-09,42.99979227761486,30.183528836754643,9.467302052785923,7.637732160312805,5.88435972629521,
2006-06-10,42.99979227761486,30.183528836754643,9.467302052785923,7.637732160312805,5.88435972629521,
2006-06-11,42.99979227761486,30.183528836754643,9.467302052785923,7.637732160312805,5.88435972629521,
2006-06-12,42.99979227761486,30.183528836754643,9.467302052785923,7.637732160312805,5.88435972629521,
2006-06-13,42.98807955100049,30.18033186920449,9.466617862371889,7.644119082479258,5.890385553928746,
2006-06-14,42.97640107212476,30.18006822612086,9.46593567251462,7.649025341130605,5.896393762183235,
2006-06-15,42.97640107212476,30.18006822612086,9.46593567251462,7.649025341130605,5.896393762183235,
2006-06-16,42.96913625304136,30.181265206812654,9.464525547445255,7.651727493917275,5.900924574209245,
2006-06-17,42.96913625304136,30.181265206812654,9.464525547445255,7.651727493917275,5.900924574209245,
2006-06-18,42.96913625304136,30.181265206812654,9.464525547445255,7.651727493917275,5.900924574209245,
2006-06-19,42.96913625304136,30.181265206812654,9.464525547445255,7.651727493917275,5.900924574209245,
2006-06-20,42.95751943634597,30.182458697764822,9.463848396501458,7.656608357628766,5.90689990281827,
2006-06-21,42.94656720038816,30.181950509461426,9.464240659873848,7.6622028141678795,5.9125181950509464,
2006-06-22,42.94656720038816,30.181950509461426,9.464240659873848,7.6622028141678795,5.9125181950509464,
2006-06-23,42.94656720038816,30.181950509461426,9.464240659873848,7.6622028141678795,5.9125181950509464,
2006-06-24,42.94656720038816,30.181950509461426,9.464240659873848,7.6622028141678795,5.9125181950509464,
2006-06-25,42.94656720038816,30.181950509461426,9.464240659873848,7.6622028141678795,5.9125181950509464,
2006-06-26,42.94656720038816,30.181950509461426,9.464240659873848,7.6622028141678795,5.9125181950509464,
2006-06-27,42.93356346899225,30.183139534883722,9.46501937984496,7.667054263565891,5.918459302325582,
2006-06-28,42.919146105466865,30.182873730043543,9.464344460570876,7.674794388001935,5.924383164005806,
2006-06-29,42.919146105466865,30.182873730043543,9.464344460570876,7.674794388001935,5.924383164005806,
2006-06-30,42.919146105466865,30.182873730043543,9.464344460570876,7.674794388001935,5.924383164005806,
2006-07-01,42.919146105466865,30.182873730043543,9.464344460570876,7.674794388001935,5.924383164005806,
2006-07-02,42.919146105466865,30.182873730043543,9.464344460570876,7.674794388001935,5.924383164005806,
2006-07-03,42.919146105466865,30.182873730043543,9.464344460570876,7.674794388001935,5.924383164005806,
2006-07-04,42.90621980676329,30.184057971014493,9.46367149758454,7.6810628019323675,5.930289855072464,
2006-07-05,42.8918837433671,30.180897250361795,9.464447660395562,7.6887602508441875,5.936179450072358,
2006-07-06,42.88047928709056,30.179190751445088,9.465221579961465,7.694990366088632,5.942052023121387,
2006-07-07,42.88047928709056,30.179190751445088,9.465221579961465,7.694990366088632,5.942052023121387,
2006-07-08,42.88047928709056,30.179190751445088,9.465221579961465,7.694990366088632,5.942052023121387,
2006-07-09,42.88047928709056,30.179190751445088,9.465221579961465,7.694990366088632,5.942052023121387,
2006-07-10,42.88047928709056,30.179190751445088,9.465221579961465,7.694990366088632,5.942052023121387,
2006-07-11,42.88047928709056,30.179190751445088,9.465221579961465,7.694990366088632,5.942052023121387,
2006-07-12,42.86622174122174,30.17676767676768,9.465993265993266,7.7026455026455025,5.947907647907647,
2006-07-13,42.85488712776177,30.173631123919307,9.468203650336216,7.708837656099904,5.952305475504322,
2006-07-14,42.84646282973621,30.174820143884894,9.466091127098322,7.713573141486811,5.953812949640287,
2006-07-15,42.84646282973621,30.174820143884894,9.466091127098322,7.713573141486811,5.953812949640287,
2006-07-16,42.84646282973621,30.174820143884894,9.466091127098322,7.713573141486811,5.953812949640287,
2006-07-17,42.84646282973621,30.174820143884894,9.466091127098322,7.713573141486811,5.953812949640287,
2006-07-18,42.84646282973621,30.174820143884894,9.466091127098322,7.713573141486811,5.953812949640287,
2006-07-19,42.83403975095785,30.172749042145593,9.46647509578544,7.721216475095785,5.9592432950191565,
2006-07-20,42.82280009564801,30.17250119560019,9.464371114299379,7.7273553323768525,5.963605930176949,
2006-07-21,42.81159264565425,30.170821394460365,9.465138490926456,7.734909264565425,5.967956064947469,
2006-07-22,42.81159264565425,30.170821394460365,9.465138490926456,7.734909264565425,5.967956064947469,
2006-07-23,42.81159264565425,30.170821394460365,9.465138490926456,7.734909264565425,5.967956064947469,
2006-07-24,42.81159264565425,30.170821394460365,9.465138490926456,7.734909264565425,5.967956064947469,
2006-07-25,42.81159264565425,30.170821394460365,9.465138490926456,7.734909264565425,5.967956064947469,
2006-07-26,42.79755603242727,30.170577014783024,9.465188364329995,7.742441583214115,5.9737243681449685,
2006-07-27,42.79755603242727,30.170577014783024,9.465188364329995,7.742441583214115,5.9737243681449685,
2006-07-28,42.79755603242727,30.170577014783024,9.465188364329995,7.742441583214115,5.9737243681449685,
2006-07-29,42.79755603242727,30.170577014783024,9.465188364329995,7.742441583214115,5.9737243681449685,
2006-07-30,42.79755603242727,30.170577014783024,9.465188364329995,7.742441583214115,5.9737243681449685,
2006-07-31,42.79755603242727,30.170577014783024,9.465188364329995,7.742441583214115,5.9737243681449685,
2006-08-01,42.79755603242727,30.170577014783024,9.465188364329995,7.742441583214115,5.9737243681449685,
2006-08-02,42.78213095238095,30.169619047619047,9.465952380952382,7.74995238095238,5.97947619047619,
2006-08-03,42.771029481692814,30.16795054683785,9.466714217784117,7.756015216357584,5.98378506894912,
2006-08-04,42.771029481692814,30.16795054683785,9.466714217784117,7.756015216357584,5.98378506894912,
2006-08-05,42.771029481692814,30.16795054683785,9.466714217784117,7.756015216357584,5.98378506894912,
2006-08-06,42.771029481692814,30.16795054683785,9.466714217784117,7.756015216357584,5.98378506894912,
2006-08-07,42.771029481692814,30.16795054683785,9.466714217784117,7.756015216357584,5.98378506894912,
2006-08-08,42.771029481692814,30.16795054683785,9.466714217784117,7.756015216357584,5.98378506894912,
2006-08-09,42.7556861348528,30.166286799620135,9.467473884140551,7.763485280151946,5.989506172839506,
2006-08-10,42.7556861348528,30.166286799620135,9.467473884140551,7.763485280151946,5.989506172839506,
2006-08-11,42.7556861348528,30.166286799620135,9.467473884140551,7.763485280151946,5.989506172839506,
2006-08-12,42.7556861348528,30.166286799620135,9.467473884140551,7.763485280151946,5.989506172839506,
2006-08-13,42.7556861348528,30.166286799620135,9.467473884140551,7.763485280151946,5.989506172839506,
2006-08-14,42.7556861348528,30.166286799620135,9.467473884140551,7.763485280151946,5.989506172839506,
2006-08-15,42.7556861348528,30.166286799620135,9.467473884140551,7.763485280151946,5.989506172839506,
2006-08-16,42.740054528212426,30.16524419155998,9.46818397344713,7.771171171171171,5.9958274063537225,
2006-08-17,42.740054528212426,30.16524419155998,9.46818397344713,7.771171171171171,5.9958274063537225,
2006-08-18,42.730480587121214,30.165009469696972,9.467518939393939,7.7771780303030305,5.997253787878788,
2006-08-19,42.730480587121214,30.165009469696972,9.467518939393939,7.7771780303030305,5.997253787878788,
2006-08-20,42.730480587121214,30.165009469696972,9.467518939393939,7.7771780303030305,5.997253787878788,
2006-08-21,42.730480587121214,30.165009469696972,9.467518939393939,7.7771780303030305,5.997253787878788,
2006-08-22,42.730480587121214,30.165009469696972,9.467518939393939,7.7771780303030305,5.997253787878788,
2006-08-23,42.71455082742317,30.163356973995274,9.468274231678487,7.786004728132387,6.002222222222223,
2006-08-24,42.71455082742317,30.163356973995274,9.468274231678487,7.786004728132387,6.002222222222223,
2006-08-25,42.70149905571294,30.162417374881965,9.469027384324834,7.793389990557129,6.00646836638338,
2006-08-26,42.70149905571294,30.162417374881965,9.469027384324834,7.793389990557129,6.00646836638338,
2006-08-27,42.70149905571294,30.162417374881965,9.469027384324834,7.793389990557129,6.00646836638338,
2006-08-28,42.70149905571294,30.162417374881965,9.469027384324834,7.793389990557129,6.00646836638338,
2006-08-29,42.70149905571294,30.162417374881965,9.469027384324834,7.793389990557129,6.00646836638338,
2006-08-30,42.684240924092414,30.161480433757664,9.46977840641207,7.801461574728902,6.014238566713814,
2006-08-31,42.684240924092414,30.161480433757664,9.46977840641207,7.801461574728902,6.014238566713814,
2006-09-01,42.67479990583804,30.161252354048965,9.469114877589453,7.805979284369115,6.017043314500942,
2006-09-02,42.67479990583804,30.161252354048965,9.469114877589453,7.805979284369115,6.017043314500942,
2006-09-03,42.67479990583804,30.161252354048965,9.469114877589453,7.805979284369115,6.017043314500942,
2006-09-04,42.67479990583804,30.161252354048965,9.469114877589453,7.805979284369115,6.017043314500942,
2006-09-05,42.67479990583804,30.161252354048965,9.469114877589453,7.805979284369115,6.017043314500942,
2006-09-06,42.657628114715564,30.160319699106726,9.469863657733898,7.813305124588623,6.024071462153268,
2006-09-07,42.64543427230047,30.157276995305168,9.470610328638497,7.822018779342723,6.028262910798122,
2006-09-08,42.64543427230047,30.157276995305168,9.470610328638497,7.822018779342723,6.028262910798122,
2006-09-09,42.64543427230047,30.157276995305168,9.470610328638497,7.822018779342723,6.028262910798122,
2006-09-10,42.64543427230047,30.157276995305168,9.470610328638497,7.822018779342723,6.028262910798122,
2006-09-11,42.64543427230047,30.157276995305168,9.470610328638497,7.822018779342723,6.028262910798122,
2006-09-12,42.64543427230047,30.157276995305168,9.470610328638497,7.822018779342723,6.028262910798122,
2006-09-13,42.62835208626348,30.154946085325832,9.47205813408345,7.830707923112986,6.03455227379278,
2006-09-14,42.62835208626348,30.154946085325832,9.47205813408345,7.830707923112986,6.03455227379278,
2006-09-15,42.62835208626348,30.154946085325832,9.47205813408345,7.830707923112986,6.03455227379278,
2006-09-16,42.62835208626348,30.154946085325832,9.47205813408345,7.830707923112986,6.03455227379278,
2006-09-17,42.62835208626348,30.154946085325832,9.47205813408345,7.830707923112986,6.03455227379278,
2006-09-18,42.62835208626348,30.154946085325832,9.47205813408345,7.830707923112986,6.03455227379278,
2006-09-19,42.610615636704125,30.154728464419478,9.472799625468165,7.837968164794007,6.041526217228465,
2006-09-20,42.598398784478725,30.151566152407664,9.474170172978027,7.845418419822347,6.0470079476390834,
2006-09-21,42.598398784478725,30.151566152407664,9.474170172978027,7.845418419822347,6.0470079476390834,
2006-09-22,42.5828548085901,30.151353874883284,9.476307189542483,7.853338001867415,6.051143790849673,
2006-09-23,42.5828548085901,30.151353874883284,9.476307189542483,7.853338001867415,6.051143790849673,
2006-09-24,42.5828548085901,30.151353874883284,9.476307189542483,7.853338001867415,6.051143790849673,
2006-09-25,42.56385780885781,30.15114219114219,9.475641025641025,7.863333333333334,6.056666666666667,
2006-09-26,42.56385780885781,30.15114219114219,9.475641025641025,7.863333333333334,6.056666666666667,
2006-09-27,42.54631052141527,30.15093109869646,9.476373370577281,7.871904096834265,6.062174115456238,
2006-09-28,42.54631052141527,30.15093109869646,9.476373370577281,7.871904096834265,6.062174115456238,
2006-09-29,42.53299628079963,30.152115295211527,9.475708972570898,7.879056252905626,6.063482101348209,
2006-09-30,42.53299628079963,30.152115295211527,9.475708972570898,7.879056252905626,6.063482101348209,
2006-10-01,42.53299628079963,30.152115295211527,9.475708972570898,7.879056252905626,6.063482101348209,
2006-10-02,42.53299628079963,30.152115295211527,9.475708972570898,7.879056252905626,6.063482101348209,
2006-10-03,42.53299628079963,30.152115295211527,9.475708972570898,7.879056252905626,6.063482101348209,
2006-10-04,42.515540854224696,30.152599814298977,9.476439182915506,7.888277623026927,6.068268337975859,
2006-10-05,42.49813398238294,30.156560037088546,9.477167362076958,7.895387111729254,6.07234585071859,
2006-10-06,42.49813398238294,30.156560037088546,9.477167362076958,7.895387111729254,6.07234585071859,
2006-10-07,42.49813398238294,30.156560037088546,9.477167362076958,7.895387111729254,6.07234585071859,
2006-10-08,42.49813398238294,30.156560037088546,9.477167362076958,7.895387111729254,6.07234585071859,
2006-10-09,42.49813398238294,30.156560037088546,9.477167362076958,7.895387111729254,6.07234585071859,
2006-10-10,42.49813398238294,30.156560037088546,9.477167362076958,7.895387111729254,6.07234585071859,
2006-10-11,42.47938657407407,30.157037037037036,9.478587962962962,7.904560185185185,6.077800925925926,
2006-10-12,42.47938657407407,30.157037037037036,9.478587962962962,7.904560185185185,6.077800925925926,
2006-10-13,42.466239019879794,30.159593157651408,9.4793111419325,7.908853444290338,6.080466944059177,
2006-10-14,42.466239019879794,30.159593157651408,9.4793111419325,7.908853444290338,6.080466944059177,
2006-10-15,42.466239019879794,30.159593157651408,9.4793111419325,7.908853444290338,6.080466944059177,
2006-10-16,42.466239019879794,30.159593157651408,9.4793111419325,7.908853444290338,6.080466944059177,
2006-10-17,42.45118882733149,30.159926131117267,9.481417359187441,7.915627885503231,6.084926131117267,
2006-10-18,42.43327570308898,30.1617796219456,9.482826187183033,7.923351775011525,6.089649608114338,
2006-10-19,42.418865101289136,30.164318600368325,9.484921731123388,7.928982504604051,6.093669429097606,
2006-10-20,42.40311494252874,30.165471264367817,9.485632183908045,7.93735632183908,6.09767816091954,
2006-10-21,42.40311494252874,30.165471264367817,9.485632183908045,7.93735632183908,6.09767816091954,
2006-10-22,42.40311494252874,30.165471264367817,9.485632183908045,7.93735632183908,6.09767816091954,
2006-10-23,42.40311494252874,30.165471264367817,9.485632183908045,7.93735632183908,6.09767816091954,
2006-10-24,42.40311494252874,30.165471264367817,9.485632183908045,7.93735632183908,6.09767816091954,
2006-10-25,42.38603076216713,30.16455463728191,9.487718089990818,7.94570707070707,6.103053259871442,
2006-10-26,42.38603076216713,30.16455463728191,9.487718089990818,7.94570707070707,6.103053259871442,
2006-10-27,42.37449564419991,30.165703805593765,9.48842274186153,7.949908298945437,6.107038055937643,
2006-10-28,42.37449564419991,30.165703805593765,9.48842274186153,7.949908298945437,6.107038055937643,
2006-10-29,42.37449564419991,30.165703805593765,9.48842274186153,7.949908298945437,6.107038055937643,
2006-10-30,42.37449564419991,30.165703805593765,9.48842274186153,7.949908298945437,6.107038055937643,
2006-10-31,42.35749771062271,30.164102564102564,9.49187271062271,7.956845238095237,6.113759157509158,
2006-11-01,42.337802926383176,30.162505715592136,9.493941472336534,7.966506630086877,6.120461819844536,
2006-11-02,42.32227168949772,30.16365296803653,9.497374429223743,7.973401826484018,6.1244063926940635,
2006-11-03,42.32227168949772,30.16365296803653,9.497374429223743,7.973401826484018,6.1244063926940635,
2006-11-04,42.32227168949772,30.16365296803653,9.497374429223743,7.973401826484018,6.1244063926940635,
2006-11-05,42.32227168949772,30.16365296803653,9.497374429223743,7.973401826484018,6.1244063926940635,
2006-11-06,42.32227168949772,30.16365296803653,9.497374429223743,7.973401826484018,6.1244063926940635,
2006-11-07,42.30404696762426,30.16342909256726,9.499430004559963,7.981646146830825,6.131076151390789,
2006-11-08,42.287238160291444,30.1632058287796,9.498747723132968,7.989867941712204,6.137727686703096,
2006-11-09,42.287238160291444,30.1632058287796,9.498747723132968,7.989867941712204,6.137727686703096,
2006-11-10,42.27729649840837,30.164347430650295,9.49806730331969,7.993974533879036,6.140268303774443,
2006-11-11,42.27729649840837,30.164347430650295,9.49806730331969,7.993974533879036,6.140268303774443,
2006-11-12,42.27729649840837,30.164347430650295,9.49806730331969,7.993974533879036,6.140268303774443,
2006-11-13,42.27729649840837,30.164347430650295,9.49806730331969,7.993974533879036,6.140268303774443,
2006-11-14,42.262068574023615,30.164191643960034,9.499704813805632,8.000317892824706,6.1463442325158955,
2006-11-15,42.244024943310656,30.162607709750567,9.500385487528344,8.00984126984127,6.152947845804989,
2006-11-16,42.23282382246377,30.165104166666666,9.501064311594204,8.013903985507246,6.155457427536232,
2006-11-17,42.23282382246377,30.165104166666666,9.501064311594204,8.013903985507246,6.155457427536232,
2006-11-18,42.23282382246377,30.165104166666666,9.501064311594204,8.013903985507246,6.155457427536232,
2006-11-19,42.23282382246377,30.165104166666666,9.501064311594204,8.013903985507246,6.155457427536232,
2006-11-20,42.23282382246377,30.165104166666666,9.501064311594204,8.013903985507246,6.155457427536232,
2006-11-21,42.23282382246377,30.165104166666666,9.501064311594204,8.013903985507246,6.155457427536232,
2006-11-22,42.21622568973315,30.16420171867933,9.5024197195839,8.022026232473994,6.161352329262778,
2006-11-23,42.21622568973315,30.16420171867933,9.5024197195839,8.022026232473994,6.161352329262778,
2006-11-24,42.20780261969286,30.1653342366757,9.503093947606143,8.024706413730804,6.163843721770552,
2006-11-25,42.20780261969286,30.1653342366757,9.503093947606143,8.024706413730804,6.163843721770552,
2006-11-26,42.20780261969286,30.1653342366757,9.503093947606143,8.024706413730804,6.163843721770552,
2006-11-27,42.193989625620205,30.16511050969779,9.503766350924673,8.030085701398287,6.167681551646369,
2006-11-28,42.180213963963965,30.164887387387388,9.504436936936937,8.035450450450451,6.174211711711712,
2006-11-29,42.16647548358075,30.16196581196581,9.506455240665767,8.040800719748088,6.18072424651372,
2006-11-30,42.16647548358075,30.16196581196581,9.506455240665767,8.040800719748088,6.18072424651372,
2006-12-01,42.16647548358075,30.16196581196581,9.506455240665767,8.040800719748088,6.18072424651372,
2006-12-02,42.16647548358075,30.16196581196581,9.506455240665767,8.040800719748088,6.18072424651372,
2006-12-03,42.16647548358075,30.16196581196581,9.506455240665767,8.040800719748088,6.18072424651372,
2006-12-04,42.16647548358075,30.16196581196581,9.506455240665767,8.040800719748088,6.18072424651372,
2006-12-05,42.15412174303684,30.16039982030548,9.508468104222821,8.044788858939803,6.187219227313568,
2006-12-06,42.141801256168684,30.154800358905337,9.510475549573801,8.051458052938537,6.193696724988785,
2006-12-07,42.1322020609319,30.155936379928313,9.512477598566308,8.0540770609319,6.196124551971327,
2006-12-08,42.1322020609319,30.155936379928313,9.512477598566308,8.0540770609319,6.196124551971327,
2006-12-09,42.1322020609319,30.155936379928313,9.512477598566308,8.0540770609319,6.196124551971327,
2006-12-10,42.1322020609319,30.155936379928313,9.512477598566308,8.0540770609319,6.196124551971327,
2006-12-11,42.1322020609319,30.155936379928313,9.512477598566308,8.0540770609319,6.196124551971327,
2006-12-12,42.1322020609319,30.155936379928313,9.512477598566308,8.0540770609319,6.196124551971327,
2006-12-13,42.119944071588364,30.153713646532438,9.513803131991052,8.059373601789709,6.201901565995526,
2006-12-14,42.10905942806077,30.154848078641646,9.517135835567471,8.063315460232351,6.204311885612154,
2006-12-15,42.102219991075415,30.155979473449353,9.517782240071398,8.064569388665774,6.206715751896475,
2006-12-16,42.102219991075415,30.155979473449353,9.517782240071398,8.064569388665774,6.206715751896475,
2006-12-17,42.102219991075415,30.155979473449353,9.517782240071398,8.064569388665774,6.206715751896475,
2006-12-18,42.102219991075415,30.155979473449353,9.517782240071398,8.064569388665774,6.206715751896475,
2006-12-19,42.094061942959,30.157107843137254,9.518426916221035,8.0671568627451,6.21045008912656,
2006-12-20,42.08129728526925,30.156186025812193,9.519470404984423,8.073475745438364,6.215376056964842,
2006-12-21,42.08129728526925,30.156186025812193,9.519470404984423,8.073475745438364,6.215376056964842,
2006-12-22,42.08129728526925,30.156186025812193,9.519470404984423,8.073475745438364,6.215376056964842,
2006-12-23,42.08129728526925,30.156186025812193,9.519470404984423,8.073475745438364,6.215376056964842,
2006-12-24,42.08129728526925,30.156186025812193,9.519470404984423,8.073475745438364,6.215376056964842,
2006-12-25,42.08129728526925,30.156186025812193,9.519470404984423,8.073475745438364,6.215376056964842,
2006-12-26,42.08129728526925,30.156186025812193,9.519470404984423,8.073475745438364,6.215376056964842,
2006-12-27,42.06918888888889,30.153311111111112,9.521444444444445,8.080044444444445,6.219088888888889,
2006-12-28,42.06918888888889,30.153311111111112,9.521444444444445,8.080044444444445,6.219088888888889,
2006-12-29,42.06918888888889,30.153311111111112,9.521444444444445,8.080044444444445,6.219088888888889,
2006-12-30,42.06918888888889,30.153311111111112,9.521444444444445,8.080044444444445,6.219088888888889,
2006-12-31,42.06918888888889,30.153311111111112,9.521444444444445,8.080044444444445,6.219088888888889,
2007-01-01,42.06918888888889,30.153311111111112,9.521444444444445,8.080044444444445,6.219088888888889,
2007-01-02,42.06918888888889,30.153311111111112,9.521444444444445,8.080044444444445,6.219088888888889,
2007-01-03,42.057112738570794,30.151775410563694,9.5234132268087,8.08393253439858,6.224123391034176,
2007-01-04,42.04905806737589,30.151573581560285,9.525376773049645,8.087810283687944,6.226484929078014,
2007-01-05,42.04905806737589,30.151573581560285,9.525376773049645,8.087810283687944,6.226484929078014,
2007-01-06,42.04905806737589,30.151573581560285,9.525376773049645,8.087810283687944,6.226484929078014,
2007-01-07,42.04905806737589,30.151573581560285,9.525376773049645,8.087810283687944,6.226484929078014,
2007-01-08,42.04905806737589,30.151573581560285,9.525376773049645,8.087810283687944,6.226484929078014,
2007-01-09,42.04905806737589,30.151573581560285,9.525376773049645,8.087810283687944,6.226484929078014,
2007-01-10,42.038368747233285,30.151372288623286,9.52733510402833,8.091677733510403,6.23016821602479,
2007-01-11,42.038368747233285,30.151372288623286,9.52733510402833,8.091677733510403,6.23016821602479,
2007-01-12,42.02969717064545,30.15316091954023,9.527298850574713,8.094871794871796,6.232515473032715,
2007-01-13,42.02969717064545,30.15316091954023,9.527298850574713,8.094871794871796,6.232515473032715,
2007-01-14,42.02969717064545,30.15316091954023,9.527298850574713,8.094871794871796,6.232515473032715,
2007-01-15,42.02969717064545,30.15316091954023,9.527298850574713,8.094871794871796,6.232515473032715,
2007-01-16,42.02969717064545,30.15316091954023,9.527298850574713,8.094871794871796,6.232515473032715,
2007-01-17,42.019061810154525,30.152958057395143,9.52924944812362,8.100044150110376,6.236181015452538,
2007-01-18,42.019061810154525,30.152958057395143,9.52924944812362,8.100044150110376,6.236181015452538,
2007-01-19,42.019061810154525,30.152958057395143,9.52924944812362,8.100044150110376,6.236181015452538,
2007-01-20,42.019061810154525,30.152958057395143,9.52924944812362,8.100044150110376,6.236181015452538,
2007-01-21,42.019061810154525,30.152958057395143,9.52924944812362,8.100044150110376,6.236181015452538,
2007-01-22,42.019061810154525,30.152958057395143,9.52924944812362,8.100044150110376,6.236181015452538,
2007-01-23,42.009380511463846,30.152491181657847,9.530004409171076,8.10573192239859,6.24102733686067,
2007-01-24,42.00012109202994,30.153610744165565,9.53062527520916,8.110876265962132,6.243350946719506,
2007-01-25,42.00012109202994,30.153610744165565,9.53062527520916,8.110876265962132,6.243350946719506,
2007-01-26,42.00012109202994,30.153610744165565,9.53062527520916,8.110876265962132,6.243350946719506,
2007-01-27,42.00012109202994,30.153610744165565,9.53062527520916,8.110876265962132,6.243350946719506,
2007-01-28,42.00012109202994,30.153610744165565,9.53062527520916,8.110876265962132,6.243350946719506,
2007-01-29,42.00012109202994,30.153610744165565,9.53062527520916,8.110876265962132,6.243350946719506,
2007-01-30,41.988907211961305,30.154727352682496,9.531244503078277,8.116666666666667,6.246987686895338,
2007-01-31,41.988907211961305,30.154727352682496,9.531244503078277,8.116666666666667,6.246987686895338,
2007-02-01,41.97969916556873,30.155841018884498,9.533179622310056,8.120465524813351,6.249297321036451,
2007-02-02,41.97969916556873,30.155841018884498,9.533179622310056,8.120465524813351,6.249297321036451,
2007-02-03,41.97969916556873,30.155841018884498,9.533179622310056,8.120465524813351,6.249297321036451,
2007-02-04,41.97969916556873,30.155841018884498,9.533179622310056,8.120465524813351,6.249297321036451,
2007-02-05,41.97969916556873,30.155841018884498,9.533179622310056,8.120465524813351,6.249297321036451,
2007-02-06,41.96919956140351,30.155635964912282,9.535109649122807,8.125570175438597,6.252916666666666,
2007-02-07,41.96919956140351,30.155635964912282,9.535109649122807,8.125570175438597,6.252916666666666,
2007-02-08,41.95741349102059,30.158059570740253,9.537034603591765,8.13066141042488,6.255212439772229,
2007-02-09,41.95090769903762,30.157852143482064,9.537642169728784,8.133114610673665,6.257502187226596,
2007-02-10,41.95090769903762,30.157852143482064,9.537642169728784,8.133114610673665,6.257502187226596,
2007-02-11,41.95090769903762,30.157852143482064,9.537642169728784,8.133114610673665,6.257502187226596,
2007-02-12,41.95090769903762,30.157852143482064,9.537642169728784,8.133114610673665,6.257502187226596,
2007-02-13,41.95090769903762,30.157852143482064,9.537642169728784,8.133114610673665,6.257502187226596,
2007-02-14,41.93917649628659,30.15764525993884,9.53955875928353,8.136871996505024,6.262407164700742,
2007-02-15,41.93917649628659,30.15764525993884,9.53955875928353,8.136871996505024,6.262407164700742,
2007-02-16,41.93917649628659,30.15764525993884,9.53955875928353,8.136871996505024,6.262407164700742,
2007-02-17,41.93917649628659,30.15764525993884,9.53955875928353,8.136871996505024,6.262407164700742,
2007-02-18,41.93917649628659,30.15764525993884,9.53955875928353,8.136871996505024,6.262407164700742,
2007-02-19,41.93917649628659,30.15764525993884,9.53955875928353,8.136871996505024,6.262407164700742,
2007-02-20,41.93917649628659,30.15764525993884,9.53955875928353,8.136871996505024,6.262407164700742,
2007-02-21,41.92832678883072,30.15796247818499,9.540750436300174,8.142386561954625,6.266775741710297,
2007-02-22,41.92832678883072,30.15796247818499,9.540750436300174,8.142386561954625,6.266775741710297,
2007-02-23,41.91796296296296,30.157755991285406,9.54004357298475,8.146122004357299,6.27165577342048,
2007-02-24,41.91796296296296,30.157755991285406,9.54004357298475,8.146122004357299,6.27165577342048,
2007-02-25,41.91796296296296,30.157755991285406,9.54004357298475,8.146122004357299,6.27165577342048,
2007-02-26,41.91796296296296,30.157755991285406,9.54004357298475,8.146122004357299,6.27165577342048,
2007-02-27,41.90632071366405,30.15624456048738,9.54194952132289,8.14984769364665,6.276523063533507,
2007-02-28,41.90632071366405,30.15624456048738,9.54194952132289,8.14984769364665,6.276523063533507,
2007-03-01,41.89862016514559,30.157344632768364,9.543850499782703,8.15225988700565,6.278770099956541,
2007-03-02,41.89224175347222,30.158441840277778,9.54314236111111,8.154665798611111,6.281011284722222,
2007-03-03,41.89224175347222,30.158441840277778,9.54314236111111,8.154665798611111,6.281011284722222,
2007-03-04,41.89224175347222,30.158441840277778,9.54314236111111,8.154665798611111,6.281011284722222,
2007-03-05,41.89224175347222,30.158441840277778,9.54314236111111,8.154665798611111,6.281011284722222,
2007-03-06,41.88197876029475,30.158235804074558,9.543736454269615,8.15836584308626,6.285847420892934,
2007-03-07,41.88197876029475,30.158235804074558,9.543736454269615,8.15836584308626,6.285847420892934,
2007-03-08,41.87563852813852,30.158030303030305,9.545627705627705,8.160757575757577,6.288073593073593,
2007-03-09,41.87563852813852,30.158030303030305,9.545627705627705,8.160757575757577,6.288073593073593,
2007-03-10,41.87563852813852,30.158030303030305,9.545627705627705,8.160757575757577,6.288073593073593,
2007-03-11,41.87563852813852,30.158030303030305,9.545627705627705,8.160757575757577,6.288073593073593,
2007-03-12,41.87563852813852,30.158030303030305,9.545627705627705,8.160757575757577,6.288073593073593,
2007-03-13,41.86672070903588,30.15652831820147,9.547514051015996,8.164440121054907,6.291591007349762,
2007-03-14,41.86672070903588,30.15652831820147,9.547514051015996,8.164440121054907,6.291591007349762,
2007-03-15,41.86672070903588,30.15652831820147,9.547514051015996,8.164440121054907,6.291591007349762,
2007-03-16,41.860416666666666,30.158916234887737,9.546804835924007,8.165522452504318,6.293803972366148,
2007-03-17,41.860416666666666,30.158916234887737,9.546804835924007,8.165522452504318,6.293803972366148,
2007-03-18,41.860416666666666,30.158916234887737,9.546804835924007,8.165522452504318,6.293803972366148,
2007-03-19,41.860416666666666,30.158916234887737,9.546804835924007,8.165522452504318,6.293803972366148,
2007-03-20,41.85283527382492,30.157416990081934,9.548684777921517,8.167895644674429,6.297304872789995,
2007-03-21,41.84411068044789,30.157213608957797,9.550043066322136,8.172071490094746,6.301571920757968,
2007-03-22,41.83656989247312,30.157010752688173,9.550623655913979,8.174430107526883,6.305053763440861,
2007-03-23,41.83656989247312,30.157010752688173,9.550623655913979,8.174430107526883,6.305053763440861,
2007-03-24,41.83656989247312,30.157010752688173,9.550623655913979,8.174430107526883,6.305053763440861,
2007-03-25,41.83656989247312,30.157010752688173,9.550623655913979,8.174430107526883,6.305053763440861,
2007-03-26,41.83656989247312,30.157010752688173,9.550623655913979,8.174430107526883,6.305053763440861,
2007-03-27,41.827759879725086,30.156808419243987,9.552491408934708,8.17678264604811,6.308526632302406,
2007-03-28,41.827759879725086,30.156808419243987,9.552491408934708,8.17678264604811,6.308526632302406,
2007-03-29,41.827759879725086,30.156808419243987,9.552491408934708,8.17678264604811,6.308526632302406,
2007-03-30,41.82154654654655,30.15789360789361,9.551780351780351,8.177842127842128,6.311990561990562,
2007-03-31,41.82154654654655,30.15789360789361,9.551780351780351,8.177842127842128,6.311990561990562,
2007-04-01,41.82154654654655,30.15789360789361,9.551780351780351,8.177842127842128,6.311990561990562,
2007-04-02,41.82154654654655,30.15789360789361,9.551780351780351,8.177842127842128,6.311990561990562,
2007-04-03,41.814063838903174,30.157690659811482,9.55235646958012,8.180184233076265,6.316730934018852,
2007-04-04,41.814063838903174,30.157690659811482,9.55235646958012,8.180184233076265,6.316730934018852,
2007-04-05,41.806600342319214,30.158771929824564,9.554214805305948,8.183804022250749,6.3188917415489945,
2007-04-06,41.806600342319214,30.158771929824564,9.554214805305948,8.183804022250749,6.3188917415489945,
2007-04-07,41.806600342319214,30.158771929824564,9.554214805305948,8.183804022250749,6.3188917415489945,
2007-04-08,41.806600342319214,30.158771929824564,9.554214805305948,8.183804022250749,6.3188917415489945,
2007-04-09,41.806600342319214,30.158771929824564,9.554214805305948,8.183804022250749,6.3188917415489945,
2007-04-10,41.806600342319214,30.158771929824564,9.554214805305948,8.183804022250749,6.3188917415489945,
2007-04-11,41.79787393162393,30.157286324786327,9.556068376068376,8.186132478632478,6.323611111111111,
2007-04-12,41.79787393162393,30.157286324786327,9.556068376068376,8.186132478632478,6.323611111111111,
2007-04-13,41.79787393162393,30.157286324786327,9.556068376068376,8.186132478632478,6.323611111111111,
2007-04-14,41.79787393162393,30.157286324786327,9.556068376068376,8.186132478632478,6.323611111111111,
2007-04-15,41.79787393162393,30.157286324786327,9.556068376068376,8.186132478632478,6.323611111111111,
2007-04-16,41.79787393162393,30.157286324786327,9.556068376068376,8.186132478632478,6.323611111111111,
2007-04-17,41.79025821596244,30.157533077251387,9.555612462654716,8.189415279556124,6.328574477166026,
2007-04-18,41.79025821596244,30.157533077251387,9.555612462654716,8.189415279556124,6.328574477166026,
2007-04-19,41.78285379369139,30.15861040068201,9.557459505541347,8.191730605285592,6.330711849957375,
2007-04-20,41.7767454235845,30.160962111536822,9.558024691358025,8.19276287782035,6.332843763303534,
2007-04-21,41.7767454235845,30.160962111536822,9.558024691358025,8.19276287782035,6.332843763303534,
2007-04-22,41.7767454235845,30.160962111536822,9.558024691358025,8.19276287782035,6.332843763303534,
2007-04-23,41.76937712585034,30.159481292517007,9.557312925170068,8.197619047619048,6.3375212585034015,
2007-04-24,41.76330148619957,30.158004246284502,9.556602972399151,8.19991507430998,6.343460721868365,
2007-04-25,41.76330148619957,30.158004246284502,9.556602972399151,8.19991507430998,6.343460721868365,
2007-04-26,41.76330148619957,30.158004246284502,9.556602972399151,8.19991507430998,6.343460721868365,
2007-04-27,41.76330148619957,30.158004246284502,9.556602972399151,8.19991507430998,6.343460721868365,
2007-04-28,41.76330148619957,30.158004246284502,9.556602972399151,8.19991507430998,6.343460721868365,
2007-04-29,41.76330148619957,30.158004246284502,9.556602972399151,8.19991507430998,6.343460721868365,
2007-04-30,41.76330148619957,30.158004246284502,9.556602972399151,8.19991507430998,6.343460721868365,
2007-05-01,41.76330148619957,30.158004246284502,9.556602972399151,8.19991507430998,6.343460721868365,
2007-05-02,41.75724130619169,30.156530958439355,9.557167090754877,8.202205258693809,6.348112807463953,
2007-05-03,41.751196526895384,30.157602710715796,9.559000423549344,8.204489623041084,6.35021177467175,
2007-05-04,41.751196526895384,30.157602710715796,9.559000423549344,8.204489623041084,6.35021177467175,
2007-05-05,41.751196526895384,30.157602710715796,9.559000423549344,8.204489623041084,6.35021177467175,
2007-05-06,41.751196526895384,30.157602710715796,9.559000423549344,8.204489623041084,6.35021177467175,
2007-05-07,41.751196526895384,30.157602710715796,9.559000423549344,8.204489623041084,6.35021177467175,
2007-05-08,41.74389805414552,30.157402707275804,9.56082910321489,8.206768189509306,6.3535744500846025,
2007-05-09,41.74389805414552,30.157402707275804,9.56082910321489,8.206768189509306,6.3535744500846025,
2007-05-10,41.74389805414552,30.157402707275804,9.56082910321489,8.206768189509306,6.3535744500846025,
2007-05-11,41.73661808196029,30.15847063793832,9.562653147444022,8.209040980143643,6.355661174482467,
2007-05-12,41.73661808196029,30.15847063793832,9.562653147444022,8.209040980143643,6.355661174482467,
2007-05-13,41.73661808196029,30.15847063793832,9.562653147444022,8.209040980143643,6.355661174482467,
2007-05-14,41.73661808196029,30.15847063793832,9.562653147444022,8.209040980143643,6.355661174482467,
2007-05-15,41.72809071729958,30.15700421940928,9.564472573839662,8.212573839662447,6.360274261603376,
2007-05-16,41.72173409186684,30.15661609776654,9.564770332911927,8.215781710914454,6.363801095659502,
2007-05-17,41.72173409186684,30.15661609776654,9.564770332911927,8.215781710914454,6.363801095659502,
2007-05-18,41.717034932659935,30.158943602693604,9.56405723905724,8.215509259259258,6.36712962962963,
2007-05-19,41.717034932659935,30.158943602693604,9.56405723905724,8.215509259259258,6.36712962962963,
2007-05-20,41.70730348886087,30.15874316939891,9.565868011769652,8.21902059688945,6.372971836906263,
2007-05-21,41.70730348886087,30.15874316939891,9.565868011769652,8.21902059688945,6.372971836906263,
2007-05-22,41.69885600335853,30.157283795130144,9.56767422334173,8.221263643996641,6.37879932829555,
2007-05-23,41.69885600335853,30.157283795130144,9.56767422334173,8.221263643996641,6.37879932829555,
2007-05-24,41.69885600335853,30.157283795130144,9.56767422334173,8.221263643996641,6.37879932829555,
2007-05-25,41.69168763102726,30.155828092243187,9.568218029350104,8.22350104821803,6.38461215932914,
2007-05-26,41.69168763102726,30.155828092243187,9.568218029350104,8.22350104821803,6.38461215932914,
2007-05-27,41.69168763102726,30.155828092243187,9.568218029350104,8.22350104821803,6.38461215932914,
2007-05-28,41.69168763102726,30.155828092243187,9.568218029350104,8.22350104821803,6.38461215932914,
2007-05-29,41.68202470686768,30.15563232830821,9.57001675041876,8.225732830820771,6.3904103852596315,
2007-05-30,41.68202470686768,30.15563232830821,9.57001675041876,8.225732830820771,6.3904103852596315,
2007-05-31,41.68202470686768,30.15563232830821,9.57001675041876,8.225732830820771,6.3904103852596315,
2007-06-01,41.67865955667085,30.156691760769554,9.568046842325387,8.225449602676704,6.393684650773735,
2007-06-02,41.67865955667085,30.156691760769554,9.568046842325387,8.225449602676704,6.393684650773735,
2007-06-03,41.67865955667085,30.156691760769554,9.568046842325387,8.225449602676704,6.393684650773735,
2007-06-04,41.67865955667085,30.156691760769554,9.568046842325387,8.225449602676704,6.393684650773735,
2007-06-05,41.67865955667085,30.156691760769554,9.568046842325387,8.225449602676704,6.393684650773735,
2007-06-06,41.669037176274024,30.155242272347536,9.56984126984127,8.227673350041771,6.400710108604845,
2007-06-07,41.663193575302465,30.156299541093034,9.571631205673759,8.228639966624948,6.403963287442636,
2007-06-08,41.663193575302465,30.156299541093034,9.571631205673759,8.228639966624948,6.403963287442636,
2007-06-09,41.663193575302465,30.156299541093034,9.571631205673759,8.228639966624948,6.403963287442636,
2007-06-10,41.663193575302465,30.156299541093034,9.571631205673759,8.228639966624948,6.403963287442636,
2007-06-11,41.663193575302465,30.156299541093034,9.571631205673759,8.228639966624948,6.403963287442636,
2007-06-12,41.656114583333334,30.153604166666668,9.570916666666667,8.230854166666667,6.410958333333333,
2007-06-13,41.64780482729921,30.15241364960466,9.571826883062839,8.233687057844362,6.415813566375364,
2007-06-14,41.64325644222777,30.15097672485453,9.573607647547798,8.234642560266002,6.419035743973399,
2007-06-15,41.64325644222777,30.15097672485453,9.573607647547798,8.234642560266002,6.419035743973399,
2007-06-16,41.64325644222777,30.15097672485453,9.573607647547798,8.234642560266002,6.419035743973399,
2007-06-17,41.64325644222777,30.15097672485453,9.573607647547798,8.234642560266002,6.419035743973399,
2007-06-18,41.64325644222777,30.15097672485453,9.573607647547798,8.234642560266002,6.419035743973399,
2007-06-19,41.63622872561229,30.14829804898298,9.574138646741387,8.23684101286841,6.427231216272312,
2007-06-20,41.63622872561229,30.14829804898298,9.574138646741387,8.23684101286841,6.427231216272312,
2007-06-21,41.63622872561229,30.14829804898298,9.574138646741387,8.23684101286841,6.427231216272312,
2007-06-22,41.631706053068,30.149357379767824,9.572180762852405,8.237790215588722,6.43167495854063,
2007-06-23,41.631706053068,30.149357379767824,9.572180762852405,8.237790215588722,6.43167495854063,
2007-06-24,41.62719461697723,30.147929606625258,9.572712215320912,8.238737060041409,6.4361076604554865,
2007-06-25,41.62145368072788,30.146505376344084,9.573242349048801,8.240922249793218,6.44177005789909,
2007-06-26,41.614487814952504,30.142606361007847,9.573771168938455,8.243102023957043,6.451135894258571,
2007-06-27,41.614487814952504,30.142606361007847,9.573771168938455,8.243102023957043,6.451135894258571,
2007-06-28,41.614487814952504,30.142606361007847,9.573771168938455,8.243102023957043,6.451135894258571,
2007-06-29,41.614487814952504,30.142606361007847,9.573771168938455,8.243102023957043,6.451135894258571,
2007-06-30,41.614487814952504,30.142606361007847,9.573771168938455,8.243102023957043,6.451135894258571,
2007-07-01,41.614487814952504,30.142606361007847,9.573771168938455,8.243102023957043,6.451135894258571,
2007-07-02,41.614487814952504,30.142606361007847,9.573771168938455,8.243102023957043,6.451135894258571,
2007-07-03,41.614487814952504,30.142606361007847,9.573771168938455,8.243102023957043,6.451135894258571,
2007-07-04,41.60753919141914,30.137479372937293,9.574298679867987,8.245276402640265,6.460478547854786,
2007-07-05,41.60307993407499,30.13483724763082,9.574824886691388,8.247445405850845,6.466089822826535,
2007-07-06,41.60307993407499,30.13483724763082,9.574824886691388,8.247445405850845,6.466089822826535,
2007-07-07,41.60307993407499,30.13483724763082,9.574824886691388,8.247445405850845,6.466089822826535,
2007-07-08,41.60307993407499,30.13483724763082,9.574824886691388,8.247445405850845,6.466089822826535,
2007-07-09,41.60307993407499,30.13483724763082,9.574824886691388,8.247445405850845,6.466089822826535,
2007-07-10,41.60307993407499,30.13483724763082,9.574824886691388,8.247445405850845,6.466089822826535,
2007-07-11,41.59616255144034,30.1309670781893,9.575349794238683,8.249609053497942,6.474156378600823,
2007-07-12,41.59172831894781,30.128339498561445,9.577106452938759,8.250534319769832,6.47973695026716,
2007-07-13,41.59172831894781,30.128339498561445,9.577106452938759,8.250534319769832,6.47973695026716,
2007-07-14,41.59172831894781,30.128339498561445,9.577106452938759,8.250534319769832,6.47973695026716,
2007-07-15,41.59172831894781,30.128339498561445,9.577106452938759,8.250534319769832,6.47973695026716,
2007-07-16,41.59172831894781,30.128339498561445,9.577106452938759,8.250534319769832,6.47973695026716,
2007-07-17,41.586073481116586,30.126087848932677,9.577257799671592,8.251949917898193,6.487151067323481,
2007-07-18,41.57920254202543,30.122242722427227,9.576547765477654,8.25410004100041,6.496391963919639,
2007-07-19,41.57920254202543,30.122242722427227,9.576547765477654,8.25410004100041,6.496391963919639,
2007-07-20,41.5772624897625,30.12086404586405,9.574610974610975,8.25501638001638,6.50069615069615,
2007-07-21,41.5772624897625,30.12086404586405,9.574610974610975,8.25501638001638,6.50069615069615,
2007-07-22,41.5772624897625,30.12086404586405,9.574610974610975,8.25501638001638,6.50069615069615,
2007-07-23,41.5772624897625,30.12086404586405,9.574610974610975,8.25501638001638,6.50069615069615,
2007-07-24,41.5772624897625,30.12086404586405,9.574610974610975,8.25501638001638,6.50069615069615,
2007-07-25,41.57164621676892,30.11703476482618,9.575132924335378,8.255930470347648,6.508670756646216,
2007-07-26,41.57164621676892,30.11703476482618,9.575132924335378,8.255930470347648,6.508670756646216,
2007-07-27,41.57164621676892,30.11703476482618,9.575132924335378,8.255930470347648,6.508670756646216,
2007-07-28,41.57164621676892,30.11703476482618,9.575132924335378,8.255930470347648,6.508670756646216,
2007-07-29,41.57164621676892,30.11703476482618,9.575132924335378,8.255930470347648,6.508670756646216,
2007-07-30,41.56849468954249,30.113214869281048,9.575653594771243,8.256842320261438,6.514174836601307,
2007-07-31,41.56849468954249,30.113214869281048,9.575653594771243,8.256842320261438,6.514174836601307,
2007-08-01,41.56290289677683,30.109404324765404,9.574949000407997,8.258975928192575,6.522113423092615,
2007-08-02,41.55854726976366,30.10682559087205,9.576691116544417,8.259881825590872,6.527587612061939,
2007-08-03,41.55854726976366,30.10682559087205,9.576691116544417,8.259881825590872,6.527587612061939,
2007-08-04,41.55854726976366,30.10682559087205,9.576691116544417,8.259881825590872,6.527587612061939,
2007-08-05,41.55854726976366,30.10682559087205,9.576691116544417,8.259881825590872,6.527587612061939,
2007-08-06,41.55854726976366,30.10682559087205,9.576691116544417,8.259881825590872,6.527587612061939,
2007-08-07,41.55854726976366,30.10682559087205,9.576691116544417,8.259881825590872,6.527587612061939,
2007-08-08,41.551760276760284,30.101811151811155,9.577207977207978,8.262006512006511,6.535490435490435,
2007-08-09,41.551760276760284,30.101811151811155,9.577207977207978,8.262006512006511,6.535490435490435,
2007-08-10,41.547428861788624,30.099247967479677,9.577723577235773,8.264126016260162,6.539715447154472,
2007-08-11,41.547428861788624,30.099247967479677,9.577723577235773,8.264126016260162,6.539715447154472,
2007-08-12,41.547428861788624,30.099247967479677,9.577723577235773,8.264126016260162,6.539715447154472,
2007-08-13,41.547428861788624,30.099247967479677,9.577723577235773,8.264126016260162,6.539715447154472,
2007-08-14,41.54164636622006,30.095594803085667,9.578603329273244,8.266849370686154,6.545269995939911,
2007-08-15,41.53490470397404,30.091828872668287,9.57911597729116,8.268957826439578,6.553122465531225,
2007-08-16,41.53490470397404,30.091828872668287,9.57911597729116,8.268957826439578,6.553122465531225,
2007-08-17,41.53303969218307,30.09050222762252,9.577197245848522,8.269846091535035,6.556095585257189,
2007-08-18,41.53303969218307,30.09050222762252,9.577197245848522,8.269846091535035,6.556095585257189,
2007-08-19,41.53303969218307,30.09050222762252,9.577197245848522,8.269846091535035,6.556095585257189,
2007-08-20,41.53303969218307,30.09050222762252,9.577197245848522,8.269846091535035,6.556095585257189,
2007-08-21,41.5263248381877,30.087965210355986,9.576496763754045,8.273159385113269,6.5627022653721685,
2007-08-22,41.5263248381877,30.087965210355986,9.576496763754045,8.273159385113269,6.5627022653721685,
2007-08-23,41.5263248381877,30.087965210355986,9.576496763754045,8.273159385113269,6.5627022653721685,
2007-08-24,41.5263248381877,30.087965210355986,9.576496763754045,8.273159385113269,6.5627022653721685,
2007-08-25,41.5263248381877,30.087965210355986,9.576496763754045,8.273159385113269,6.5627022653721685,
2007-08-26,41.5263248381877,30.087965210355986,9.576496763754045,8.273159385113269,6.5627022653721685,
2007-08-27,41.5263248381877,30.087965210355986,9.576496763754045,8.273159385113269,6.5627022653721685,
2007-08-28,41.51962626262626,30.086646464646464,9.575797979797981,8.275252525252524,6.56929292929293,
2007-08-29,41.51962626262626,30.086646464646464,9.575797979797981,8.275252525252524,6.56929292929293,
2007-08-30,41.51536521388216,30.085330912025828,9.575100887812752,8.276129943502825,6.574656981436643,
2007-08-31,41.51536521388216,30.085330912025828,9.575100887812752,8.276129943502825,6.574656981436643,
2007-09-01,41.51536521388216,30.085330912025828,9.575100887812752,8.276129943502825,6.574656981436643,
2007-09-02,41.51536521388216,30.085330912025828,9.575100887812752,8.276129943502825,6.574656981436643,
2007-09-03,41.51536521388216,30.085330912025828,9.575100887812752,8.276129943502825,6.574656981436643,
2007-09-04,41.509905280128976,30.082809351068118,9.574405481660621,8.277005239822651,6.581217251108424,
2007-09-05,41.509905280128976,30.082809351068118,9.574405481660621,8.277005239822651,6.581217251108424,
2007-09-06,41.50687399355878,30.07908615136876,9.576127214170693,8.27787842190016,6.585346215780999,
2007-09-07,41.50687399355878,30.07908615136876,9.576127214170693,8.27787842190016,6.585346215780999,
2007-09-08,41.50687399355878,30.07908615136876,9.576127214170693,8.27787842190016,6.585346215780999,
2007-09-09,41.50687399355878,30.07908615136876,9.576127214170693,8.27787842190016,6.585346215780999,
2007-09-10,41.50687399355878,30.07908615136876,9.576127214170693,8.27787842190016,6.585346215780999,
2007-09-11,41.50143747486932,30.0753719340571,9.57663852030559,8.27995577000402,6.5918777643747495,
2007-09-12,41.50143747486932,30.0753719340571,9.57663852030559,8.27995577000402,6.5918777643747495,
2007-09-13,41.50143747486932,30.0753719340571,9.57663852030559,8.27995577000402,6.5918777643747495,
2007-09-14,41.499628514056226,30.074076305220885,9.575943775100402,8.279618473895582,6.595983935742972,
2007-09-15,41.499628514056226,30.074076305220885,9.575943775100402,8.279618473895582,6.595983935742972,
2007-09-16,41.499628514056226,30.074076305220885,9.575943775100402,8.279618473895582,6.595983935742972,
2007-09-17,41.499628514056226,30.074076305220885,9.575943775100402,8.279618473895582,6.595983935742972,
2007-09-18,41.495417168070595,30.071580425190533,9.57645407139992,8.280485359005214,6.601283594063378,
2007-09-19,41.49121594551282,30.067648237179487,9.57648237179487,8.28351362179487,6.606931089743589,
2007-09-20,41.48822529011605,30.06396558623449,9.578191276510605,8.285574229691877,6.611004401760704,
2007-09-21,41.48822529011605,30.06396558623449,9.578191276510605,8.285574229691877,6.611004401760704,
2007-09-22,41.48822529011605,30.06396558623449,9.578191276510605,8.285574229691877,6.611004401760704,
2007-09-23,41.48822529011605,30.06396558623449,9.578191276510605,8.285574229691877,6.611004401760704,
2007-09-24,41.48822529011605,30.06396558623449,9.578191276510605,8.285574229691877,6.611004401760704,
2007-09-25,41.48284372501998,30.061490807354115,9.578097521982414,8.287629896083134,6.616866506794564,
2007-09-26,41.48284372501998,30.061490807354115,9.578097521982414,8.287629896083134,6.616866506794564,
2007-09-27,41.48284372501998,30.061490807354115,9.578097521982414,8.287629896083134,6.616866506794564,
2007-09-28,41.48284372501998,30.061490807354115,9.578097521982414,8.287629896083134,6.616866506794564,
2007-09-29,41.48284372501998,30.061490807354115,9.578097521982414,8.287629896083134,6.616866506794564,
2007-09-30,41.48284372501998,30.061490807354115,9.578097521982414,8.287629896083134,6.616866506794564,
2007-10-01,41.4774750499002,30.057824351297405,9.579800399201597,8.288483033932135,6.623313373253493,
2007-10-02,41.4774750499002,30.057824351297405,9.579800399201597,8.288483033932135,6.623313373253493,
2007-10-03,41.4774750499002,30.057824351297405,9.579800399201597,8.288483033932135,6.623313373253493,
2007-10-04,41.475707735247205,30.054166666666667,9.58030303030303,8.288137958532696,6.628548644338117,
2007-10-05,41.47513938669852,30.054101951413777,9.5784149741139,8.286598964555953,6.632576662684189,
2007-10-06,41.47513938669852,30.054101951413777,9.5784149741139,8.286598964555953,6.632576662684189,
2007-10-07,41.47513938669852,30.054101951413777,9.5784149741139,8.286598964555953,6.632576662684189,
2007-10-08,41.47513938669852,30.054101951413777,9.5784149741139,8.286598964555953,6.632576662684189,
2007-10-09,41.47513938669852,30.054101951413777,9.5784149741139,8.286598964555953,6.632576662684189,
2007-10-10,41.47099244232299,30.0516507557677,9.578918058870325,8.287450278440732,6.637788385043755,
2007-10-11,41.47099244232299,30.0516507557677,9.578918058870325,8.287450278440732,6.637788385043755,
2007-10-12,41.47099244232299,30.0516507557677,9.578918058870325,8.287450278440732,6.637788385043755,
2007-10-13,41.47099244232299,30.0516507557677,9.578918058870325,8.287450278440732,6.637788385043755,
2007-10-14,41.47099244232299,30.0516507557677,9.578918058870325,8.287450278440732,6.637788385043755,
2007-10-15,41.47099244232299,30.0516507557677,9.578918058870325,8.287450278440732,6.637788385043755,
2007-10-16,41.46727254668256,30.048073102900275,9.579419944378229,8.288895510528407,6.6432856575288035,
2007-10-17,41.46727254668256,30.048073102900275,9.579419944378229,8.288895510528407,6.6432856575288035,
2007-10-18,41.466716269841264,30.04563492063492,9.579920634920635,8.28736111111111,6.647281746031745,
2007-10-19,41.46497225525168,30.04676971858898,9.57804201347602,8.285830360681729,6.6500792707094725,
2007-10-20,41.46497225525168,30.04676971858898,9.57804201347602,8.285830360681729,6.6500792707094725,
2007-10-21,41.46497225525168,30.04676971858898,9.57804201347602,8.285830360681729,6.6500792707094725,
2007-10-22,41.46497225525168,30.04676971858898,9.57804201347602,8.285830360681729,6.6500792707094725,
2007-10-23,41.46204473475851,30.044338875692794,9.57735550277118,8.286678543151227,6.655245447347585,
2007-10-24,41.46204473475851,30.044338875692794,9.57735550277118,8.286678543151227,6.655245447347585,
2007-10-25,41.46204473475851,30.044338875692794,9.57735550277118,8.286678543151227,6.655245447347585,
2007-10-26,41.46204473475851,30.044338875692794,9.57735550277118,8.286678543151227,6.655245447347585,
2007-10-27,41.46204473475851,30.044338875692794,9.57735550277118,8.286678543151227,6.655245447347585,
2007-10-28,41.46204473475851,30.044338875692794,9.57735550277118,8.286678543151227,6.655245447347585,
2007-10-29,41.46204473475851,30.044338875692794,9.57735550277118,8.286678543151227,6.655245447347585,
2007-10-30,41.45971727955713,30.04310003954132,9.576670620798735,8.286931593515224,6.659213127718465,
2007-10-31,41.45971727955713,30.04310003954132,9.576670620798735,8.286931593515224,6.659213127718465,
2007-11-01,41.457987756714054,30.043048973143758,9.57480252764613,8.286591627172196,6.663171406003159,
2007-11-02,41.457987756714054,30.043048973143758,9.57480252764613,8.286591627172196,6.663171406003159,
2007-11-03,41.457987756714054,30.043048973143758,9.57480252764613,8.286591627172196,6.663171406003159,
2007-11-04,41.457987756714054,30.043048973143758,9.57480252764613,8.286591627172196,6.663171406003159,
2007-11-05,41.457987756714054,30.043048973143758,9.57480252764613,8.286591627172196,6.663171406003159,
2007-11-06,41.452712031558185,30.04299802761341,9.574122287968441,8.28861932938856,6.667120315581854,
2007-11-07,41.452712031558185,30.04299802761341,9.574122287968441,8.28861932938856,6.667120315581854,
2007-11-08,41.452712031558185,30.04299802761341,9.574122287968441,8.28861932938856,6.667120315581854,
2007-11-09,41.45099487785658,30.04294720252167,9.572261623325453,8.287096138691883,6.67105988967691,
2007-11-10,41.45099487785658,30.04294720252167,9.572261623325453,8.287096138691883,6.67105988967691,
2007-11-11,41.45099487785658,30.04294720252167,9.572261623325453,8.287096138691883,6.67105988967691,
2007-11-12,41.45099487785658,30.04294720252167,9.572261623325453,8.287096138691883,6.67105988967691,
2007-11-13,41.45099487785658,30.04294720252167,9.572261623325453,8.287096138691883,6.67105988967691,
2007-11-14,41.44633018496655,30.04088941361669,9.572294372294373,8.289708776072413,6.675639512003148,
2007-11-15,41.44580385220125,30.040841194968557,9.571619496855346,8.28936713836478,6.678380503144654,
2007-11-16,41.44580385220125,30.040841194968557,9.571619496855346,8.28936713836478,6.678380503144654,
2007-11-17,41.44580385220125,30.040841194968557,9.571619496855346,8.28936713836478,6.678380503144654,
2007-11-18,41.43938947781704,30.038437377306636,9.572124067530428,8.291382018060464,6.6846486062033765,
2007-11-19,41.43938947781704,30.038437377306636,9.572124067530428,8.291382018060464,6.6846486062033765,
2007-11-20,41.43938947781704,30.038437377306636,9.572124067530428,8.291382018060464,6.6846486062033765,
2007-11-21,41.43299019607843,30.036039215686277,9.572627450980393,8.293392156862746,6.690901960784314,
2007-11-22,41.43299019607843,30.036039215686277,9.572627450980393,8.293392156862746,6.690901960784314,
2007-11-23,41.431306306306304,30.03717195456326,9.571954563258911,8.290697218958089,6.693615354484919,
2007-11-24,41.431306306306304,30.03717195456326,9.571954563258911,8.290697218958089,6.693615354484919,
2007-11-25,41.431306306306304,30.03717195456326,9.571954563258911,8.290697218958089,6.693615354484919,
2007-11-26,41.431306306306304,30.03717195456326,9.571954563258911,8.290697218958089,6.693615354484919,
2007-11-27,41.4272789514867,30.035367762128327,9.571870109546166,8.291529733959312,6.6992566510172145,
2007-11-28,41.4272789514867,30.035367762128327,9.571870109546166,8.291529733959312,6.6992566510172145,
2007-11-29,41.4272789514867,30.035367762128327,9.571870109546166,8.291529733959312,6.6992566510172145,
2007-11-30,41.4272789514867,30.035367762128327,9.571870109546166,8.291529733959312,6.6992566510172145,
2007-12-01,41.4272789514867,30.035367762128327,9.571870109546166,8.291529733959312,6.6992566510172145,
2007-12-02,41.4272789514867,30.035367762128327,9.571870109546166,8.291529733959312,6.6992566510172145,
2007-12-03,41.4272789514867,30.035367762128327,9.571870109546166,8.291529733959312,6.6992566510172145,
2007-12-04,41.42208870652598,30.031809300508012,9.572372020320438,8.293532629933567,6.7054708870652595,
2007-12-05,41.42208870652598,30.031809300508012,9.572372020320438,8.293532629933567,6.7054708870652595,
2007-12-06,41.420423497267755,30.029430132708825,9.571701795472288,8.29435987509758,6.710499609679937,
2007-12-07,41.420423497267755,30.029430132708825,9.571701795472288,8.29435987509758,6.710499609679937,
2007-12-08,41.420423497267755,30.029430132708825,9.571701795472288,8.29435987509758,6.710499609679937,
2007-12-09,41.420423497267755,30.029430132708825,9.571701795472288,8.29435987509758,6.710499609679937,
2007-12-10,41.420423497267755,30.029430132708825,9.571701795472288,8.29435987509758,6.710499609679937,
2007-12-11,41.41642300194931,30.028226120857703,9.57103313840156,8.29401559454191,6.716686159844055,
2007-12-12,41.41642300194931,30.028226120857703,9.57103313840156,8.29401559454191,6.716686159844055,
2007-12-13,41.41642300194931,30.028226120857703,9.57103313840156,8.29401559454191,6.716686159844055,
2007-12-14,41.41476830218068,30.027609034267915,9.569781931464174,8.294256230529594,6.71993769470405,
2007-12-15,41.41476830218068,30.027609034267915,9.569781931464174,8.294256230529594,6.71993769470405,
2007-12-16,41.41476830218068,30.027609034267915,9.569781931464174,8.294256230529594,6.71993769470405,
2007-12-17,41.41476830218068,30.027609034267915,9.569781931464174,8.294256230529594,6.71993769470405,
2007-12-18,41.410725398677556,30.025826526643332,9.56999222092571,8.29589653831194,6.724698560871256,
2007-12-19,41.410725398677556,30.025826526643332,9.56999222092571,8.29589653831194,6.724698560871256,
2007-12-20,41.410725398677556,30.025826526643332,9.56999222092571,8.29589653831194,6.724698560871256,
2007-12-21,41.40675019425019,30.023465423465424,9.570493395493395,8.297882672882672,6.729681429681429,
2007-12-22,41.40675019425019,30.023465423465424,9.570493395493395,8.297882672882672,6.729681429681429,
2007-12-23,41.40675019425019,30.023465423465424,9.570493395493395,8.297882672882672,6.729681429681429,
2007-12-24,41.40675019425019,30.023465423465424,9.570493395493395,8.297882672882672,6.729681429681429,
2007-12-25,41.40675019425019,30.023465423465424,9.570493395493395,8.297882672882672,6.729681429681429,
2007-12-26,41.40675019425019,30.023465423465424,9.570493395493395,8.297882672882672,6.729681429681429,
2007-12-27,41.40675019425019,30.023465423465424,9.570493395493395,8.297882672882672,6.729681429681429,
2007-12-28,41.40675019425019,30.023465423465424,9.570493395493395,8.297882672882672,6.729681429681429,
2007-12-29,41.40675019425019,30.023465423465424,9.570493395493395,8.297882672882672,6.729681429681429,
2007-12-30,41.40675019425019,30.023465423465424,9.570493395493395,8.297882672882672,6.729681429681429,
2007-12-31,41.40675019425019,30.023465423465424,9.570493395493395,8.297882672882672,6.729681429681429,
2008-01-01,41.40675019425019,30.023465423465424,9.570493395493395,8.297882672882672,6.729681429681429,
2008-01-02,41.40675019425019,30.023465423465424,9.570493395493395,8.297882672882672,6.729681429681429,
2008-01-03,41.40675019425019,30.023465423465424,9.570493395493395,8.297882672882672,6.729681429681429,
2008-01-04,41.40675019425019,30.023465423465424,9.570493395493395,8.297882672882672,6.729681429681429,
2008-01-05,41.40675019425019,30.023465423465424,9.570493395493395,8.297882672882672,6.729681429681429,
2008-01-06,41.40675019425019,30.023465423465424,9.570493395493395,8.297882672882672,6.729681429681429,
2008-01-07,41.40675019425019,30.023465423465424,9.570493395493395,8.297882672882672,6.729681429681429,
2008-01-08,41.402784245246416,30.021109817617386,9.569829258828095,8.29986418315871,6.73465269693442,
2008-01-09,41.39766472868217,30.01759689922481,9.569166666666668,8.303003875968992,6.739612403100775,
2008-01-10,41.394879984514134,30.017576461478903,9.568505613627565,8.30381339527681,6.742237708091366,
2008-01-11,41.39558197989173,30.01755607115236,9.565525908739366,8.302300850734724,6.744856921887084,
2008-01-12,41.39558197989173,30.01755607115236,9.565525908739366,8.302300850734724,6.744856921887084,
2008-01-13,41.39558197989173,30.01755607115236,9.565525908739366,8.302300850734724,6.744856921887084,
2008-01-14,41.39558197989173,30.01755607115236,9.565525908739366,8.302300850734724,6.744856921887084,
2008-01-15,41.39048860563925,30.014059482425647,9.564870606411743,8.305426805716493,6.750946311317111,
2008-01-16,41.386564429012346,30.01172839506173,9.565374228395061,8.306230709876543,6.755864197530864,
2008-01-17,41.386564429012346,30.01172839506173,9.565374228395061,8.306230709876543,6.755864197530864,
2008-01-18,41.386564429012346,30.01172839506173,9.565374228395061,8.306230709876543,6.755864197530864,
2008-01-19,41.386564429012346,30.01172839506173,9.565374228395061,8.306230709876543,6.755864197530864,
2008-01-20,41.386564429012346,30.01172839506173,9.565374228395061,8.306230709876543,6.755864197530864,
2008-01-21,41.386564429012346,30.01172839506173,9.565374228395061,8.306230709876543,6.755864197530864,
2008-01-22,41.38226396917148,30.010173410404622,9.565606936416184,8.308227360308285,6.759922928709056,
2008-01-23,41.37835835257891,30.00785219399538,9.56379907621247,8.31018090839107,6.7648190916089295,
2008-01-24,41.37561514801999,30.007843137254902,9.563148788927336,8.310976547481738,6.768550557477893,
2008-01-25,41.37561514801999,30.007843137254902,9.563148788927336,8.310976547481738,6.768550557477893,
2008-01-26,41.37561514801999,30.007843137254902,9.563148788927336,8.310976547481738,6.768550557477893,
2008-01-27,41.37561514801999,30.007843137254902,9.563148788927336,8.310976547481738,6.768550557477893,
2008-01-28,41.37561514801999,30.007843137254902,9.563148788927336,8.310976547481738,6.768550557477893,
2008-01-29,41.36942204301075,30.00783410138249,9.563652073732719,8.31292242703533,6.7734254992319505,
2008-01-30,41.366695435366324,30.004372842347525,9.561852704257767,8.313713080168776,6.779439969313387,
2008-01-31,41.366695435366324,30.004372842347525,9.561852704257767,8.313713080168776,6.779439969313387,
2008-02-01,41.366695435366324,30.004372842347525,9.561852704257767,8.313713080168776,6.779439969313387,
2008-02-02,41.35937739463601,29.998620689655173,9.562356321839081,8.316800766283524,6.7877394636015325,
2008-02-03,41.35937739463601,29.998620689655173,9.562356321839081,8.316800766283524,6.7877394636015325,
2008-02-04,41.35937739463601,29.998620689655173,9.562356321839081,8.316800766283524,6.7877394636015325,
2008-02-05,41.352076157673174,29.998622273249136,9.561710677382319,8.318733256792958,6.794871794871795,
2008-02-06,41.352076157673174,29.998622273249136,9.561710677382319,8.318733256792958,6.794871794871795,
2008-02-07,41.34823203363914,29.998623853211008,9.561066513761467,8.319514525993885,6.799694189602446,
2008-02-08,41.34783314242077,29.998625429553265,9.558132875143185,8.318003054600993,6.803360061092019,
2008-02-09,41.34783314242077,29.998625429553265,9.558132875143185,8.318003054600993,6.803360061092019,
2008-02-10,41.34783314242077,29.998625429553265,9.558132875143185,8.318003054600993,6.803360061092019,
2008-02-11,41.34783314242077,29.998625429553265,9.558132875143185,8.318003054600993,6.803360061092019,
2008-02-12,41.34057017543859,29.997482837528604,9.5574942791762,8.319927536231884,6.810450038138825,
2008-02-13,41.334466666666664,29.99405714285714,9.556857142857142,8.321847619047618,6.817523809523809,
2008-02-14,41.334466666666664,29.99405714285714,9.556857142857142,8.321847619047618,6.817523809523809,
2008-02-15,41.334466666666664,29.99405714285714,9.556857142857142,8.321847619047618,6.817523809523809,
2008-02-16,41.334466666666664,29.99405714285714,9.556857142857142,8.321847619047618,6.817523809523809,
2008-02-17,41.334466666666664,29.99405714285714,9.556857142857142,8.321847619047618,6.817523809523809,
2008-02-18,41.334466666666664,29.99405714285714,9.556857142857142,8.321847619047618,6.817523809523809,
2008-02-19,41.3279204718417,29.99189497716895,9.556563926940639,8.324828767123288,6.823363774733638,
2008-02-20,41.32070505511212,29.99076396807298,9.555929304446977,8.325598631698973,6.830406689471683,
2008-02-21,41.32070505511212,29.99076396807298,9.555929304446977,8.325598631698973,6.830406689471683,
2008-02-22,41.31578397873956,29.989635535307517,9.555296127562642,8.32750569476082,6.836294608959757,
2008-02-23,41.31578397873956,29.989635535307517,9.555296127562642,8.32750569476082,6.836294608959757,
2008-02-24,41.31578397873956,29.989635535307517,9.555296127562642,8.32750569476082,6.836294608959757,
2008-02-25,41.31578397873956,29.989635535307517,9.555296127562642,8.32750569476082,6.836294608959757,
2008-02-26,41.309736442927566,29.98623435722412,9.555802047781569,8.329408418657566,6.843306788016686,
2008-02-27,41.30370265151515,29.983977272727273,9.555170454545454,8.331306818181819,6.849166666666666,
2008-02-28,41.30370265151515,29.983977272727273,9.555170454545454,8.331306818181819,6.849166666666666,
2008-02-29,41.302222852818765,29.983995459704882,9.552270147559591,8.330930760499433,6.853878168747635,
2008-03-01,41.298478835978834,29.982879818594107,9.551643990929705,8.331689342403628,6.8597127739984884,
2008-03-02,41.29247829369573,29.979501698754248,9.55101925254813,8.333578708946773,6.867799169497924,
2008-03-03,41.29247829369573,29.979501698754248,9.55101925254813,8.333578708946773,6.867799169497924,
2008-03-04,41.28762254901961,29.977262443438917,9.550395927601809,8.33433257918552,6.875867269984917,
2008-03-05,41.2839077212806,29.970508474576274,9.550903954802259,8.336214689265537,6.883917137476459,
2008-03-06,41.281329947328814,29.968284424379235,9.551410835214446,8.335835214446952,6.8896914973664405,
2008-03-07,41.281329947328814,29.968284424379235,9.551410835214446,8.335835214446952,6.8896914973664405,
2008-03-08,41.281329947328814,29.968284424379235,9.551410835214446,8.335835214446952,6.8896914973664405,
2008-03-09,41.281329947328814,29.968284424379235,9.551410835214446,8.335835214446952,6.8896914973664405,
2008-03-10,41.281329947328814,29.968284424379235,9.551410835214446,8.335835214446952,6.8896914973664405,
2008-03-11,41.27650319428786,29.964937993235626,9.551916572717023,8.336583990980834,6.896580232995114,
2008-03-12,41.27281343843843,29.957094594594597,9.553547297297296,8.338457207207208,6.904579579579579,
2008-03-13,41.27281343843843,29.957094594594597,9.553547297297296,8.338457207207208,6.904579579579579,
2008-03-14,41.271381702287215,29.956017997750283,9.552924634420696,8.338076490438695,6.90806149231346,
2008-03-15,41.271381702287215,29.956017997750283,9.552924634420696,8.338076490438695,6.90806149231346,
2008-03-16,41.271381702287215,29.956017997750283,9.552924634420696,8.338076490438695,6.90806149231346,
2008-03-17,41.271381702287215,29.956017997750283,9.552924634420696,8.338076490438695,6.90806149231346,
2008-03-18,41.266020599250936,29.950168539325844,9.553932584269663,8.340955056179775,6.915018726591761,
2008-03-19,41.26123269734381,29.944612794612798,9.554433221099888,8.342817059483727,6.922970445192668,
2008-03-20,41.25757660687593,29.941311659192827,9.556053811659194,8.343553811659193,6.928662182361734,
2008-03-21,41.25757660687593,29.941311659192827,9.556053811659194,8.343553811659193,6.928662182361734,
2008-03-22,41.25757660687593,29.941311659192827,9.556053811659194,8.343553811659193,6.928662182361734,
2008-03-23,41.25757660687593,29.941311659192827,9.556053811659194,8.343553811659193,6.928662182361734,
2008-03-24,41.25757660687593,29.941311659192827,9.556053811659194,8.343553811659193,6.928662182361734,
2008-03-25,41.25757660687593,29.941311659192827,9.556053811659194,8.343553811659193,6.928662182361734,
2008-03-26,41.25336879432624,29.934098544232924,9.557670772676373,8.345968645016796,6.936580813736469,
2008-03-27,41.25336879432624,29.934098544232924,9.557670772676373,8.345968645016796,6.936580813736469,
2008-03-28,41.24972967934377,29.931935123042507,9.557046979865772,8.34893736017897,6.942244593586875,
2008-03-29,41.24972967934377,29.931935123042507,9.557046979865772,8.34893736017897,6.942244593586875,
2008-03-30,41.24972967934377,29.931935123042507,9.557046979865772,8.34893736017897,6.942244593586875,
2008-03-31,41.24972967934377,29.931935123042507,9.557046979865772,8.34893736017897,6.942244593586875,
2008-04-01,41.24972967934377,29.931935123042507,9.557046979865772,8.34893736017897,6.942244593586875,
2008-04-02,41.24498137802607,29.92586592178771,9.558100558659218,8.351899441340782,6.949571694599627,
2008-04-03,41.24024367559524,29.921484375000002,9.559709821428571,8.353738839285715,6.955208333333333,
2008-04-04,41.237746191007055,29.919342251950948,9.559085841694538,8.354459308807135,6.959717577108882,
2008-04-05,41.237746191007055,29.919342251950948,9.559085841694538,8.354459308807135,6.959717577108882,
2008-04-06,41.237746191007055,29.919342251950948,9.559085841694538,8.354459308807135,6.959717577108882,
2008-04-07,41.237746191007055,29.919342251950948,9.559085841694538,8.354459308807135,6.959717577108882,
2008-04-08,41.23191351150705,29.91609131403118,9.559576837416481,8.357405345211582,6.966443949517446,
2008-04-09,41.2283185020393,29.909510567296998,9.560066740823137,8.360344827586207,6.973155357804969,
2008-04-10,41.2283185020393,29.909510567296998,9.560066740823137,8.360344827586207,6.973155357804969,
2008-04-11,41.2283185020393,29.909510567296998,9.560066740823137,8.360344827586207,6.973155357804969,
2008-04-12,41.2283185020393,29.909510567296998,9.560066740823137,8.360344827586207,6.973155357804969,
2008-04-13,41.2283185020393,29.909510567296998,9.560066740823137,8.360344827586207,6.973155357804969,
2008-04-14,41.2283185020393,29.909510567296998,9.560066740823137,8.360344827586207,6.973155357804969,
2008-04-15,41.22362037037037,29.90516666666667,9.560555555555556,8.362166666666667,6.979851851851852,
2008-04-16,41.22004254532001,29.898612652608215,9.559933407325195,8.365094339622642,6.987643359230485,
2008-04-17,41.22004254532001,29.898612652608215,9.559933407325195,8.365094339622642,6.987643359230485,
2008-04-18,41.21868994826312,29.895399113082043,9.55931263858093,8.36468957871397,6.992091648189209,
2008-04-19,41.21868994826312,29.895399113082043,9.55931263858093,8.36468957871397,6.992091648189209,
2008-04-20,41.21868994826312,29.895399113082043,9.55931263858093,8.36468957871397,6.992091648189209,
2008-04-21,41.21868994826312,29.895399113082043,9.55931263858093,8.36468957871397,6.992091648189209,
2008-04-22,41.21335363602805,29.891971207087487,9.56046511627907,8.367607973421928,6.997305278700628,
2008-04-23,41.209799041297934,29.887297197640116,9.560951327433628,8.36941371681416,7.003576696165192,
2008-04-24,41.209799041297934,29.887297197640116,9.560951327433628,8.36941371681416,7.003576696165192,
2008-04-25,41.2040423572744,29.884106813996315,9.56254143646409,8.37121546961326,7.009097605893186,
2008-04-26,41.2040423572744,29.884106813996315,9.56254143646409,8.37121546961326,7.009097605893186,
2008-04-27,41.2040423572744,29.884106813996315,9.56254143646409,8.37121546961326,7.009097605893186,
2008-04-28,41.2040423572744,29.884106813996315,9.56254143646409,8.37121546961326,7.009097605893186,
2008-04-29,41.199402133922,29.87871596762325,9.563576158940398,8.373013245033112,7.01626195732156,
2008-04-30,41.199402133922,29.87871596762325,9.563576158940398,8.373013245033112,7.01626195732156,
2008-05-01,41.19477214259464,29.8755420801176,9.564057331863285,8.374807056229328,7.0217567070929805,
2008-05-02,41.19477214259464,29.8755420801176,9.564057331863285,8.374807056229328,7.0217567070929805,
2008-05-03,41.19477214259464,29.8755420801176,9.564057331863285,8.374807056229328,7.0217567070929805,
2008-05-04,41.19477214259464,29.8755420801176,9.564057331863285,8.374807056229328,7.0217567070929805,
2008-05-05,41.19477214259464,29.8755420801176,9.564057331863285,8.374807056229328,7.0217567070929805,
2008-05-06,41.18794970631424,29.872375183553597,9.56453744493392,8.377698237885463,7.0283406754772395,
2008-05-07,41.18334250091676,29.864814814814814,9.565016501650165,8.380583058305831,7.036010267693436,
2008-05-08,41.18334250091676,29.864814814814814,9.565016501650165,8.380583058305831,7.036010267693436,
2008-05-09,41.18204212454212,29.861666666666665,9.564395604395605,8.380164835164836,7.0403663003663,
2008-05-10,41.18204212454212,29.861666666666665,9.564395604395605,8.380164835164836,7.0403663003663,
2008-05-11,41.18204212454212,29.861666666666665,9.564395604395605,8.380164835164836,7.0403663003663,
2008-05-12,41.18204212454212,29.861666666666665,9.564395604395605,8.380164835164836,7.0403663003663,
2008-05-13,41.18204212454212,29.861666666666665,9.564395604395605,8.380164835164836,7.0403663003663,
2008-05-14,41.17580497621661,29.855781192828392,9.565971459934138,8.383589462129528,7.046359312111234,
2008-05-15,41.17580497621661,29.855781192828392,9.565971459934138,8.383589462129528,7.046359312111234,
2008-05-16,41.170129751461985,29.850456871345028,9.568640350877194,8.386458333333334,7.051790935672515,
2008-05-17,41.170129751461985,29.850456871345028,9.568640350877194,8.386458333333334,7.051790935672515,
2008-05-18,41.170129751461985,29.850456871345028,9.568640350877194,8.386458333333334,7.051790935672515,
2008-05-19,41.170129751461985,29.850456871345028,9.568640350877194,8.386458333333334,7.051790935672515,
2008-05-20,41.1640288426433,29.845801387367654,9.56949616648412,8.390032858707558,7.057703541438482,
2008-05-21,41.15619073668854,29.8404996353027,9.569967177242889,8.39398249452954,7.066393143690736,
2008-05-22,41.150555555555556,29.83520947176685,9.571530054644809,8.39792349726776,7.0728779599271405,
2008-05-23,41.150555555555556,29.83520947176685,9.571530054644809,8.39792349726776,7.0728779599271405,
2008-05-24,41.150555555555556,29.83520947176685,9.571530054644809,8.39792349726776,7.0728779599271405,
2008-05-25,41.150555555555556,29.83520947176685,9.571530054644809,8.39792349726776,7.0728779599271405,
2008-05-26,41.150555555555556,29.83520947176685,9.571530054644809,8.39792349726776,7.0728779599271405,
2008-05-27,41.14274927219796,29.831022561863175,9.571997816593887,8.400764192139738,7.0804403202328965,
2008-05-28,41.13605052708106,29.82357324609233,9.573555070883316,8.404689203925846,7.087986186841149,
2008-05-29,41.13605052708106,29.82357324609233,9.573555070883316,8.404689203925846,7.087986186841149,
2008-05-30,41.134812999273784,29.818318809005085,9.574019607843137,8.405337690631809,7.09224763979666,
2008-05-31,41.134812999273784,29.818318809005085,9.574019607843137,8.405337690631809,7.09224763979666,
2008-06-01,41.134812999273784,29.818318809005085,9.574019607843137,8.405337690631809,7.09224763979666,
2008-06-02,41.134812999273784,29.818318809005085,9.574019607843137,8.405337690631809,7.09224763979666,
2008-06-03,41.1281374682626,29.813075807036636,9.574483133841133,8.40924918389554,7.099764236488937,
2008-06-04,41.1225634057971,29.802409420289855,9.577119565217393,8.414239130434783,7.1083514492753626,
2008-06-05,41.114829895041616,29.796109301483895,9.579750271444084,8.419218241042346,7.115834238146942,
2008-06-06,41.114829895041616,29.796109301483895,9.579750271444084,8.419218241042346,7.115834238146942,
2008-06-07,41.114829895041616,29.796109301483895,9.579750271444084,8.419218241042346,7.115834238146942,
2008-06-08,41.114829895041616,29.796109301483895,9.579750271444084,8.419218241042346,7.115834238146942,
2008-06-09,41.114829895041616,29.796109301483895,9.579750271444084,8.419218241042346,7.115834238146942,
2008-06-10,41.114829895041616,29.796109301483895,9.579750271444084,8.419218241042346,7.115834238146942,
2008-06-11,41.10711315979754,29.787653651482284,9.581290672451194,8.42472885032538,7.124385394070861,
2008-06-12,41.10711315979754,29.787653651482284,9.581290672451194,8.42472885032538,7.124385394070861,
2008-06-13,41.103205128205126,29.782466594438425,9.582286023835321,8.427518959913327,7.129667750090285,
2008-06-14,41.103205128205126,29.782466594438425,9.582286023835321,8.427518959913327,7.129667750090285,
2008-06-15,41.103205128205126,29.782466594438425,9.582286023835321,8.427518959913327,7.129667750090285,
2008-06-16,41.103205128205126,29.782466594438425,9.582286023835321,8.427518959913327,7.129667750090285,
2008-06-17,41.103205128205126,29.782466594438425,9.582286023835321,8.427518959913327,7.129667750090285,
2008-06-18,41.09659992784992,29.775126262626262,9.583279220779222,8.431926406926408,7.1376443001443,
2008-06-19,41.09659992784992,29.775126262626262,9.583279220779222,8.431926406926408,7.1376443001443,
2008-06-20,41.09659992784992,29.775126262626262,9.583279220779222,8.431926406926408,7.1376443001443,
2008-06-21,41.09659992784992,29.775126262626262,9.583279220779222,8.431926406926408,7.1376443001443,
2008-06-22,41.09659992784992,29.775126262626262,9.583279220779222,8.431926406926408,7.1376443001443,
2008-06-23,41.09659992784992,29.775126262626262,9.583279220779222,8.431926406926408,7.1376443001443,
2008-06-24,41.08946846846847,29.770288288288288,9.584108108108108,8.43627027027027,7.144414414414414,
2008-06-25,41.083972282217424,29.76189704823614,9.583477321814254,8.441198704103671,7.152897768178545,
2008-06-26,41.083972282217424,29.76189704823614,9.583477321814254,8.441198704103671,7.152897768178545,
2008-06-27,41.07956670262495,29.75460266091334,9.58608414239482,8.443959007551241,7.1581265731751165,
2008-06-28,41.07956670262495,29.75460266091334,9.58608414239482,8.443959007551241,7.1581265731751165,
2008-06-29,41.07956670262495,29.75460266091334,9.58608414239482,8.443959007551241,7.1581265731751165,
2008-06-30,41.07956670262495,29.75460266091334,9.58608414239482,8.443959007551241,7.1581265731751165,
2008-07-01,41.07956670262495,29.75460266091334,9.58608414239482,8.443959007551241,7.1581265731751165,
2008-07-02,41.0730154454023,29.74840158045977,9.586530172413791,8.44886853448276,7.164960488505747,
2008-07-03,41.067554718335124,29.743290276282742,9.588051668460709,8.452691065662002,7.17124147829207,
2008-07-04,41.067554718335124,29.743290276282742,9.588051668460709,8.452691065662002,7.17124147829207,
2008-07-05,41.067554718335124,29.743290276282742,9.588051668460709,8.452691065662002,7.17124147829207,
2008-07-06,41.067554718335124,29.743290276282742,9.588051668460709,8.452691065662002,7.17124147829207,
2008-07-07,41.067554718335124,29.743290276282742,9.588051668460709,8.452691065662002,7.17124147829207,
2008-07-08,41.06210573476702,29.738189964157705,9.588494623655913,8.455430107526881,7.1785842293906805,
2008-07-09,41.05666845685642,29.72987826709631,9.588936627282491,8.46031149301826,7.184837092731829,
2008-07-10,41.05666845685642,29.72987826709631,9.588936627282491,8.46031149301826,7.184837092731829,
2008-07-11,41.05338876967096,29.72480329041488,9.589914163090128,8.4625,7.190003576537911,
2008-07-12,41.05338876967096,29.72480329041488,9.589914163090128,8.4625,7.190003576537911,
2008-07-13,41.05338876967096,29.72480329041488,9.589914163090128,8.4625,7.190003576537911,
2008-07-14,41.05338876967096,29.72480329041488,9.589914163090128,8.4625,7.190003576537911,
2008-07-15,41.04582886745266,29.721882815291174,9.590353697749196,8.466291532690247,7.196230796713111,
2008-07-16,41.040426481084936,29.714685938615276,9.590792291220556,8.471145610278374,7.202444682369736,
2008-07-17,41.040426481084936,29.714685938615276,9.590792291220556,8.471145610278374,7.202444682369736,
2008-07-18,41.040426481084936,29.714685938615276,9.590792291220556,8.471145610278374,7.202444682369736,
2008-07-19,41.040426481084936,29.714685938615276,9.590792291220556,8.471145610278374,7.202444682369736,
2008-07-20,41.040426481084936,29.714685938615276,9.590792291220556,8.471145610278374,7.202444682369736,
2008-07-21,41.040426481084936,29.714685938615276,9.590792291220556,8.471145610278374,7.202444682369736,
2008-07-22,41.03535650623886,29.71156862745098,9.591336898395722,8.47427807486631,7.207575757575757,
2008-07-23,41.03104522792023,29.704932336182335,9.592307692307692,8.477510683760684,7.214298433048433,
2008-07-24,41.02460868018499,29.702045535396653,9.5948772678762,8.480202774813234,7.218338669512629,
2008-07-25,41.02460868018499,29.702045535396653,9.5948772678762,8.480202774813234,7.218338669512629,
2008-07-26,41.02460868018499,29.702045535396653,9.5948772678762,8.480202774813234,7.218338669512629,
2008-07-27,41.02460868018499,29.702045535396653,9.5948772678762,8.480202774813234,7.218338669512629,
2008-07-28,41.02460868018499,29.702045535396653,9.5948772678762,8.480202774813234,7.218338669512629,
2008-07-29,41.02460868018499,29.702045535396653,9.5948772678762,8.480202774813234,7.218338669512629,
2008-07-30,41.019785003553665,29.695433546552948,9.595309168443496,8.483955223880598,7.2250355366027,
2008-07-31,41.019785003553665,29.695433546552948,9.595309168443496,8.483955223880598,7.2250355366027,
2008-08-01,41.019785003553665,29.695433546552948,9.595309168443496,8.483955223880598,7.2250355366027,
2008-08-02,41.019785003553665,29.695433546552948,9.595309168443496,8.483955223880598,7.2250355366027,
2008-08-03,41.019785003553665,29.695433546552948,9.595309168443496,8.483955223880598,7.2250355366027,
2008-08-04,41.019785003553665,29.695433546552948,9.595309168443496,8.483955223880598,7.2250355366027,
2008-08-05,41.019785003553665,29.695433546552948,9.595309168443496,8.483955223880598,7.2250355366027,
2008-08-06,41.01497160099397,29.688835640752572,9.595740149094782,8.487167199148029,7.232250621228257,
2008-08-07,41.009636524822696,29.68278368794326,9.597234042553191,8.49090425531915,7.239450354609929,
2008-08-08,41.009636524822696,29.68278368794326,9.597234042553191,8.49090425531915,7.239450354609929,
2008-08-09,41.009636524822696,29.68278368794326,9.597234042553191,8.49090425531915,7.239450354609929,
2008-08-10,41.009636524822696,29.68278368794326,9.597234042553191,8.49090425531915,7.239450354609929,
2008-08-11,41.009636524822696,29.68278368794326,9.597234042553191,8.49090425531915,7.239450354609929,
2008-08-12,41.009636524822696,29.68278368794326,9.597234042553191,8.49090425531915,7.239450354609929,
2008-08-13,41.00484413744244,29.674619199433227,9.598724760892667,8.494102019128587,7.2466347856889834,
2008-08-14,41.00484413744244,29.674619199433227,9.598724760892667,8.494102019128587,7.2466347856889834,
2008-08-15,41.00377742392074,29.669656758669497,9.599150743099788,8.49463906581741,7.250619249823071,
2008-08-16,41.00377742392074,29.669656758669497,9.599150743099788,8.49463906581741,7.250619249823071,
2008-08-17,41.00377742392074,29.669656758669497,9.599150743099788,8.49463906581741,7.250619249823071,
2008-08-18,41.00377742392074,29.669656758669497,9.599150743099788,8.49463906581741,7.250619249823071,
2008-08-19,40.99857723577236,29.666295510781193,9.599045599151644,8.497613997879109,7.256716154118062,
2008-08-20,40.99381179378531,29.658174435028247,9.6,8.501853813559322,7.263859463276836,
2008-08-21,40.99381179378531,29.658174435028247,9.6,8.501853813559322,7.263859463276836,
2008-08-22,40.98958553791887,29.653245149911815,9.60042328042328,8.505555555555556,7.269929453262786,
2008-08-23,40.98958553791887,29.653245149911815,9.60042328042328,8.505555555555556,7.269929453262786,
2008-08-24,40.98958553791887,29.653245149911815,9.60042328042328,8.505555555555556,7.269929453262786,
2008-08-25,40.98642529950669,29.64621212121212,9.601902748414377,8.509249471458773,7.2759866102889355,
2008-08-26,40.98642529950669,29.64621212121212,9.601902748414377,8.509249471458773,7.2759866102889355,
2008-08-27,40.98168778599085,29.638137979584652,9.602851108764519,8.512935586061246,7.2830869412178805,
2008-08-28,40.98168778599085,29.638137979584652,9.602851108764519,8.512935586061246,7.2830869412178805,
2008-08-29,40.98168778599085,29.638137979584652,9.602851108764519,8.512935586061246,7.2830869412178805,
2008-08-30,40.98168778599085,29.638137979584652,9.602851108764519,8.512935586061246,7.2830869412178805,
2008-08-31,40.98168778599085,29.638137979584652,9.602851108764519,8.512935586061246,7.2830869412178805,
2008-09-01,40.98168778599085,29.638137979584652,9.602851108764519,8.512935586061246,7.2830869412178805,
2008-09-02,40.97643284106891,29.633245428973275,9.604324894514768,8.515559071729959,7.2901722925457095,
2008-09-03,40.97224271162627,29.62414822620302,9.604741833508957,8.520284510010537,7.297242711626273,
2008-09-04,40.96700877192983,29.62033333333333,9.605157894736841,8.522894736842105,7.303245614035087,
2008-09-05,40.96700877192983,29.62033333333333,9.605157894736841,8.522894736842105,7.303245614035087,
2008-09-06,40.96700877192983,29.62033333333333,9.605157894736841,8.522894736842105,7.303245614035087,
2008-09-07,40.96700877192983,29.62033333333333,9.605157894736841,8.522894736842105,7.303245614035087,
2008-09-08,40.96700877192983,29.62033333333333,9.605157894736841,8.522894736842105,7.303245614035087,
2008-09-09,40.96248685594111,29.61547493866106,9.604872064493517,8.525849982474588,7.30993690851735,
2008-09-10,40.95727415966386,29.611677170868347,9.605287114845938,8.529499299719888,7.314863445378151,
2008-09-11,40.952072402938086,29.607887373207415,9.605701294158797,8.532091640433718,7.320828961175236,
2008-09-12,40.95107442348008,29.604105520614954,9.605066387141859,8.5325821104123,7.324685534591195,
2008-09-13,40.95107442348008,29.604105520614954,9.605066387141859,8.5325821104123,7.324685534591195,
2008-09-14,40.95107442348008,29.604105520614954,9.605066387141859,8.5325821104123,7.324685534591195,
2008-09-15,40.95107442348008,29.604105520614954,9.605066387141859,8.5325821104123,7.324685534591195,
2008-09-16,40.95107442348008,29.604105520614954,9.605066387141859,8.5325821104123,7.324685534591195,
2008-09-17,40.94630890052356,29.60019197207679,9.604886561954624,8.535270506108203,7.3304537521815005,
2008-09-18,40.94630890052356,29.60019197207679,9.604886561954624,8.535270506108203,7.3304537521815005,
2008-09-19,40.942180962343095,29.59642608089261,9.605299860529986,8.53889470013947,7.335338214783821,
2008-09-20,40.942180962343095,29.59642608089261,9.605299860529986,8.53889470013947,7.335338214783821,
2008-09-21,40.942180962343095,29.59642608089261,9.605299860529986,8.53889470013947,7.335338214783821,
2008-09-22,40.942180962343095,29.59642608089261,9.605299860529986,8.53889470013947,7.335338214783821,
2008-09-23,40.93701671891327,29.592145593869734,9.60518982932776,8.541466388018112,7.3412574016022285,
2008-09-24,40.931863256784965,29.587352122477384,9.60455810716771,8.544032707028531,7.348208072372999,
2008-09-25,40.931863256784965,29.587352122477384,9.60455810716771,8.544032707028531,7.348208072372999,
2008-09-26,40.931863256784965,29.587352122477384,9.60455810716771,8.544032707028531,7.348208072372999,
2008-09-27,40.931863256784965,29.587352122477384,9.60455810716771,8.544032707028531,7.348208072372999,
2008-09-28,40.931863256784965,29.587352122477384,9.60455810716771,8.544032707028531,7.348208072372999,
2008-09-29,40.931863256784965,29.587352122477384,9.60455810716771,8.544032707028531,7.348208072372999,
2008-09-30,40.931863256784965,29.587352122477384,9.60455810716771,8.544032707028531,7.348208072372999,
2008-10-01,40.926199165797705,29.5830900243309,9.603927702467848,8.547115050399722,7.354622871046228,
2008-10-02,40.92002604166667,29.578315972222224,9.605381944444444,8.551753472222222,7.358420138888889,
2008-10-03,40.92002604166667,29.578315972222224,9.605381944444444,8.551753472222222,7.358420138888889,
2008-10-04,40.92002604166667,29.578315972222224,9.605381944444444,8.551753472222222,7.358420138888889,
2008-10-05,40.92002604166667,29.578315972222224,9.605381944444444,8.551753472222222,7.358420138888889,
2008-10-06,40.92002604166667,29.578315972222224,9.605381944444444,8.551753472222222,7.358420138888889,
2008-10-07,40.92002604166667,29.578315972222224,9.605381944444444,8.551753472222222,7.358420138888889,
2008-10-08,40.91178459937565,29.575112729795354,9.605792577176551,8.55638224072147,7.364290669441553,
2008-10-09,40.91178459937565,29.575112729795354,9.605792577176551,8.55638224072147,7.364290669441553,
2008-10-10,40.908757796257795,29.570356895356895,9.604123354123354,8.558922383922383,7.369109494109494,
2008-10-11,40.908757796257795,29.570356895356895,9.604123354123354,8.558922383922383,7.369109494109494,
2008-10-12,40.908757796257795,29.570356895356895,9.604123354123354,8.558922383922383,7.369109494109494,
2008-10-13,40.908757796257795,29.570356895356895,9.604123354123354,8.558922383922383,7.369109494109494,
2008-10-14,40.908757796257795,29.570356895356895,9.604123354123354,8.558922383922383,7.369109494109494,
2008-10-15,40.90192973347179,29.565264797507787,9.604534440983038,8.56318795430945,7.374956732433367,
2008-10-16,40.90192973347179,29.565264797507787,9.604534440983038,8.56318795430945,7.374956732433367,
2008-10-17,40.90192973347179,29.565264797507787,9.604534440983038,8.56318795430945,7.374956732433367,
2008-10-18,40.90192973347179,29.565264797507787,9.604534440983038,8.56318795430945,7.374956732433367,
2008-10-19,40.90192973347179,29.565264797507787,9.604534440983038,8.56318795430945,7.374956732433367,
2008-10-20,40.90192973347179,29.565264797507787,9.604534440983038,8.56318795430945,7.374956732433367,
2008-10-21,40.896326071922545,29.561358921161826,9.605255878284924,8.566960580912863,7.380376901798064,
2008-10-22,40.890906735751294,29.556632124352333,9.605319516407599,8.570863557858376,7.386200345423143,
2008-10-23,40.890906735751294,29.556632124352333,9.605319516407599,8.570863557858376,7.386200345423143,
2008-10-24,40.887914078674946,29.551915113871637,9.604692891649414,8.573378191856452,7.389941338854382,
2008-10-25,40.887914078674946,29.551915113871637,9.604692891649414,8.573378191856452,7.389941338854382,
2008-10-26,40.887914078674946,29.551915113871637,9.604692891649414,8.573378191856452,7.389941338854382,
2008-10-27,40.887914078674946,29.551915113871637,9.604692891649414,8.573378191856452,7.389941338854382,
2008-10-28,40.8797569803516,29.548241985522235,9.606135815236126,8.576921751120302,7.395742847294037,
2008-10-29,40.87471590909091,29.542510330578512,9.604476584022038,8.581491046831955,7.401532369146006,
2008-10-30,40.87471590909091,29.542510330578512,9.604476584022038,8.581491046831955,7.401532369146006,
2008-10-31,40.87471590909091,29.542510330578512,9.604476584022038,8.581491046831955,7.401532369146006,
2008-11-01,40.87471590909091,29.542510330578512,9.604476584022038,8.581491046831955,7.401532369146006,
2008-11-02,40.87471590909091,29.542510330578512,9.604476584022038,8.581491046831955,7.401532369146006,
2008-11-03,40.87471590909091,29.542510330578512,9.604476584022038,8.581491046831955,7.401532369146006,
2008-11-04,40.87471590909091,29.542510330578512,9.604476584022038,8.581491046831955,7.401532369146006,
2008-11-05,40.86968524251806,29.538854489164088,9.601788785689715,8.585018919848642,7.4073099415204675,
2008-11-06,40.86414948453608,29.53417525773196,9.602714776632302,8.588024054982817,7.413075601374571,
2008-11-07,40.86325952626159,29.52950566426365,9.60209406110539,8.590508067284587,7.4157397871610025,
2008-11-08,40.86325952626159,29.52950566426365,9.60209406110539,8.590508067284587,7.4157397871610025,
2008-11-09,40.86325952626159,29.52950566426365,9.60209406110539,8.590508067284587,7.4157397871610025,
2008-11-10,40.86325952626159,29.52950566426365,9.60209406110539,8.590508067284587,7.4157397871610025,
2008-11-11,40.86325952626159,29.52950566426365,9.60209406110539,8.590508067284587,7.4157397871610025,
2008-11-12,40.8582561728395,29.524331275720165,9.601474622770919,8.594530178326474,7.421484910836763,
2008-11-13,40.8582561728395,29.524331275720165,9.601474622770919,8.594530178326474,7.421484910836763,
2008-11-14,40.854290853031856,29.519681397738953,9.602911956149367,8.597002398081534,7.427218225419664,
2008-11-15,40.854290853031856,29.519681397738953,9.602911956149367,8.597002398081534,7.427218225419664,
2008-11-16,40.854290853031856,29.519681397738953,9.602911956149367,8.597002398081534,7.427218225419664,
2008-11-17,40.854290853031856,29.519681397738953,9.602911956149367,8.597002398081534,7.427218225419664,
2008-11-18,40.854290853031856,29.519681397738953,9.602911956149367,8.597002398081534,7.427218225419664,
2008-11-19,40.84899897330596,29.51490417522245,9.60359342915811,8.600564681724848,7.432357973990418,
2008-11-20,40.84197435897436,29.510273504273503,9.604,8.605076923076924,7.438068376068376,
2008-11-21,40.84008709016394,29.505652322404373,9.604405737704917,8.607530737704918,7.440693306010929,
2008-11-22,40.84008709016394,29.505652322404373,9.604405737704917,8.607530737704918,7.440693306010929,
2008-11-23,40.84008709016394,29.505652322404373,9.604405737704917,8.607530737704918,7.440693306010929,
2008-11-24,40.84008709016394,29.505652322404373,9.604405737704917,8.607530737704918,7.440693306010929,
2008-11-25,40.84008709016394,29.505652322404373,9.604405737704917,8.607530737704918,7.440693306010929,
2008-11-26,40.83513306038895,29.49950528829751,9.605834186284545,8.611003070624362,7.446383486864551,
2008-11-27,40.83513306038895,29.49950528829751,9.605834186284545,8.611003070624362,7.446383486864551,
2008-11-28,40.83513306038895,29.49950528829751,9.605834186284545,8.611003070624362,7.446383486864551,
2008-11-29,40.83513306038895,29.49950528829751,9.605834186284545,8.611003070624362,7.446383486864551,
2008-11-30,40.83513306038895,29.49950528829751,9.605834186284545,8.611003070624362,7.446383486864551,
2008-12-01,40.83513306038895,29.49950528829751,9.605834186284545,8.611003070624362,7.446383486864551,
2008-12-02,40.83513306038895,29.49950528829751,9.605834186284545,8.611003070624362,7.446383486864551,
2008-12-03,40.830189161554195,29.493882072256305,9.606748466257669,8.61497955010225,7.451550783912747,
2008-12-04,40.82627681307457,29.487248893428667,9.609193054136874,8.618437180796732,7.456196799455227,
2008-12-05,40.82627681307457,29.487248893428667,9.609193054136874,8.618437180796732,7.456196799455227,
2008-12-06,40.82627681307457,29.487248893428667,9.609193054136874,8.618437180796732,7.456196799455227,
2008-12-07,40.82627681307457,29.487248893428667,9.609193054136874,8.618437180796732,7.456196799455227,
2008-12-08,40.82627681307457,29.487248893428667,9.609193054136874,8.618437180796732,7.456196799455227,
2008-12-09,40.820331632653065,29.48267006802721,9.61061224489796,8.621887755102042,7.461853741496599,
2008-12-10,40.81745667686035,29.476061841658172,9.612028542303772,8.62533129459735,7.465460414542983,
2008-12-11,40.81745667686035,29.476061841658172,9.612028542303772,8.62533129459735,7.465460414542983,
2008-12-12,40.8140784114053,29.470994568906992,9.612932790224033,8.628767820773932,7.469059742023083,
2008-12-13,40.8140784114053,29.470994568906992,9.612932790224033,8.628767820773932,7.469059742023083,
2008-12-14,40.8140784114053,29.470994568906992,9.612932790224033,8.628767820773932,7.469059742023083,
2008-12-15,40.8140784114053,29.470994568906992,9.612932790224033,8.628767820773932,7.469059742023083,
2008-12-16,40.81019837232961,29.46542895896914,9.613326551373346,8.63321464903357,7.472651746354696,
2008-12-17,40.80629234417344,29.460518292682927,9.61429539295393,8.636737804878049,7.477422086720868,
2008-12-18,40.80629234417344,29.460518292682927,9.61429539295393,8.636737804878049,7.477422086720868,
2008-12-19,40.80242808798647,29.45497461928934,9.615702199661591,8.640152284263959,7.480998307952623,
2008-12-20,40.80242808798647,29.45497461928934,9.615702199661591,8.640152284263959,7.480998307952623,
2008-12-21,40.80242808798647,29.45497461928934,9.615702199661591,8.640152284263959,7.480998307952623,
2008-12-22,40.79857167004733,29.449442190669373,9.61609195402299,8.643559837728194,7.485581473968899,
2008-12-23,40.792696724079704,29.44594731509625,9.617494089834516,8.646960486322188,7.4901553529213105,
2008-12-24,40.792696724079704,29.44594731509625,9.617494089834516,8.646960486322188,7.4901553529213105,
2008-12-25,40.792696724079704,29.44594731509625,9.617494089834516,8.646960486322188,7.4901553529213105,
2008-12-26,40.792696724079704,29.44594731509625,9.617494089834516,8.646960486322188,7.4901553529213105,
2008-12-27,40.792696724079704,29.44594731509625,9.617494089834516,8.646960486322188,7.4901553529213105,
2008-12-28,40.792696724079704,29.44594731509625,9.617494089834516,8.646960486322188,7.4901553529213105,
2008-12-29,40.792696724079704,29.44594731509625,9.617494089834516,8.646960486322188,7.4901553529213105,
2008-12-30,40.792696724079704,29.44594731509625,9.617494089834516,8.646960486322188,7.4901553529213105,
2008-12-31,40.792696724079704,29.44594731509625,9.617494089834516,8.646960486322188,7.4901553529213105,
2009-01-01,40.792696724079704,29.44594731509625,9.617494089834516,8.646960486322188,7.4901553529213105,
2009-01-02,40.792696724079704,29.44594731509625,9.617494089834516,8.646960486322188,7.4901553529213105,
2009-01-03,40.792696724079704,29.44594731509625,9.617494089834516,8.646960486322188,7.4901553529213105,
2009-01-04,40.792696724079704,29.44594731509625,9.617494089834516,8.646960486322188,7.4901553529213105,
2009-01-05,40.792696724079704,29.44594731509625,9.617494089834516,8.646960486322188,7.4901553529213105,
2009-01-06,40.792696724079704,29.44594731509625,9.617494089834516,8.646960486322188,7.4901553529213105,
2009-01-07,40.788351889338735,29.440435222672065,9.618387314439946,8.650860323886638,7.493707827260459,
2009-01-08,40.78452140208966,29.43695652173913,9.618773171553759,8.65525783619818,7.496241995281429,
2009-01-09,40.78372895622896,29.43348484848485,9.617138047138047,8.657626262626263,7.498771043771044,
2009-01-10,40.78372895622896,29.43348484848485,9.617138047138047,8.657626262626263,7.498771043771044,
2009-01-11,40.78372895622896,29.43348484848485,9.617138047138047,8.657626262626263,7.498771043771044,
2009-01-12,40.78372895622896,29.43348484848485,9.617138047138047,8.657626262626263,7.498771043771044,
2009-01-13,40.78372895622896,29.43348484848485,9.617138047138047,8.657626262626263,7.498771043771044,
2009-01-14,40.77890178271107,29.429515640766905,9.617019845274134,8.661503531786074,7.502808610830811,
2009-01-15,40.77890178271107,29.429515640766905,9.617019845274134,8.661503531786074,7.502808610830811,
2009-01-16,40.77890178271107,29.429515640766905,9.617019845274134,8.661503531786074,7.502808610830811,
2009-01-17,40.77890178271107,29.429515640766905,9.617019845274134,8.661503531786074,7.502808610830811,
2009-01-18,40.77890178271107,29.429515640766905,9.617019845274134,8.661503531786074,7.502808610830811,
2009-01-19,40.77890178271107,29.429515640766905,9.617019845274134,8.661503531786074,7.502808610830811,
2009-01-20,40.77890178271107,29.429515640766905,9.617019845274134,8.661503531786074,7.502808610830811,
2009-01-21,40.77358030913979,29.424546370967743,9.617405913978494,8.666381048387096,7.506838037634409,
2009-01-22,40.77358030913979,29.424546370967743,9.617405913978494,8.666381048387096,7.506838037634409,
2009-01-23,40.76877307821417,29.420594159113797,9.618798254447801,8.67074521651561,7.5098522994293395,
2009-01-24,40.76877307821417,29.420594159113797,9.618798254447801,8.67074521651561,7.5098522994293395,
2009-01-25,40.76877307821417,29.420594159113797,9.618798254447801,8.67074521651561,7.5098522994293395,
2009-01-26,40.76877307821417,29.420594159113797,9.618798254447801,8.67074521651561,7.5098522994293395,
2009-01-27,40.76301978537894,29.41609657947686,9.619986586183769,8.675653923541248,7.51411804158283,
2009-01-28,40.757227805695145,29.4086432160804,9.62036850921273,8.683015075376884,7.518626465661642,
2009-01-29,40.757227805695145,29.4086432160804,9.62036850921273,8.683015075376884,7.518626465661642,
2009-01-30,40.75345548862115,29.405220883534135,9.619745649263722,8.68835341365462,7.520113788487283,
2009-01-31,40.75345548862115,29.405220883534135,9.619745649263722,8.68835341365462,7.520113788487283,
2009-02-01,40.75345548862115,29.405220883534135,9.619745649263722,8.68835341365462,7.520113788487283,
2009-02-02,40.75345548862115,29.405220883534135,9.619745649263722,8.68835341365462,7.520113788487283,
2009-02-03,40.75345548862115,29.405220883534135,9.619745649263722,8.68835341365462,7.520113788487283,
2009-02-04,40.74668171180207,29.39929789368104,9.621130056837178,8.69568706118355,7.524105650284186,
2009-02-05,40.739921509686035,29.394889779559115,9.62251169004676,8.703006012024048,7.527588510354041,
2009-02-06,40.739921509686035,29.394889779559115,9.62251169004676,8.703006012024048,7.527588510354041,
2009-02-07,40.739921509686035,29.394889779559115,9.62251169004676,8.703006012024048,7.527588510354041,
2009-02-08,40.739921509686035,29.394889779559115,9.62251169004676,8.703006012024048,7.527588510354041,
2009-02-09,40.739921509686035,29.394889779559115,9.62251169004676,8.703006012024048,7.527588510354041,
2009-02-10,40.73217384050717,29.38948948948949,9.62389055722389,8.71031031031031,7.532065398732066,
2009-02-11,40.72544166666667,29.3831,9.624266666666667,8.7196,7.535533333333333,
2009-02-12,40.72544166666667,29.3831,9.624266666666667,8.7196,7.535533333333333,
2009-02-13,40.722718947718946,29.378721278721276,9.624642024642025,8.723876123876124,7.537995337995339,
2009-02-14,40.722718947718946,29.378721278721276,9.624642024642025,8.723876123876124,7.537995337995339,
2009-02-15,40.722718947718946,29.378721278721276,9.624642024642025,8.723876123876124,7.537995337995339,
2009-02-16,40.722718947718946,29.378721278721276,9.624642024642025,8.723876123876124,7.537995337995339,
2009-02-17,40.71750665335995,29.374850299401196,9.626014637391883,8.730139720558883,7.540452428476381,
2009-02-18,40.710809238949814,29.367497507477566,9.626387504154204,8.73938185443669,7.5448986374210705,
2009-02-19,40.7031291500664,29.36414342629482,9.627755644090305,8.746613545816734,7.5483399734395755,
2009-02-20,40.7031291500664,29.36414342629482,9.627755644090305,8.746613545816734,7.5483399734395755,
2009-02-21,40.7031291500664,29.36414342629482,9.627755644090305,8.746613545816734,7.5483399734395755,
2009-02-22,40.7031291500664,29.36414342629482,9.627755644090305,8.746613545816734,7.5483399734395755,
2009-02-23,40.7031291500664,29.36414342629482,9.627755644090305,8.746613545816734,7.5483399734395755,
2009-02-24,40.69805140961857,29.35950248756219,9.629121061359868,8.752636815920397,7.551575456053068,
2009-02-25,40.69089628893307,29.353677932405567,9.629986746189529,8.761332007952285,7.555500331345262,
2009-02-26,40.69089628893307,29.353677932405567,9.629986746189529,8.761332007952285,7.555500331345262,
2009-02-27,40.69089628893307,29.353677932405567,9.629986746189529,8.761332007952285,7.555500331345262,
2009-02-28,40.69089628893307,29.353677932405567,9.629986746189529,8.761332007952285,7.555500331345262,
2009-03-01,40.69089628893307,29.353677932405567,9.629986746189529,8.761332007952285,7.555500331345262,
2009-03-02,40.69089628893307,29.353677932405567,9.629986746189529,8.761332007952285,7.555500331345262,
2009-03-03,40.682265806024496,29.350347567030784,9.631347236014564,8.767527308838133,7.559913935782853,
2009-03-04,40.674644510582006,29.34503968253968,9.632705026455026,8.775694444444444,7.563326719576719,
2009-03-05,40.666047241493224,29.342715559960357,9.634060125536834,8.78384539147671,7.565741658407664,
2009-03-06,40.662417491749174,29.337425742574258,9.634422442244224,8.79,7.568151815181518,
2009-03-07,40.662417491749174,29.337425742574258,9.634422442244224,8.79,7.568151815181518,
2009-03-08,40.662417491749174,29.337425742574258,9.634422442244224,8.79,7.568151815181518,
2009-03-09,40.662417491749174,29.337425742574258,9.634422442244224,8.79,7.568151815181518,
2009-03-10,40.65483844378503,29.33412462908012,9.63478404220244,8.797131552917902,7.571546323771843,
2009-03-11,40.64826251646904,29.3298418972332,9.634156785243741,8.805237154150197,7.574934123847167,
2009-03-12,40.64826251646904,29.3298418972332,9.634156785243741,8.805237154150197,7.574934123847167,
2009-03-13,40.64826251646904,29.3298418972332,9.634156785243741,8.805237154150197,7.574934123847167,
2009-03-14,40.64826251646904,29.3298418972332,9.634156785243741,8.805237154150197,7.574934123847167,
2009-03-15,40.64826251646904,29.3298418972332,9.634156785243741,8.805237154150197,7.574934123847167,
2009-03-16,40.64826251646904,29.3298418972332,9.634156785243741,8.805237154150197,7.574934123847167,
2009-03-17,40.6416995722277,29.32606120434353,9.63550510036196,8.81233958538993,7.577328068443567,
2009-03-18,40.634163379355684,29.320808678500985,9.63586456278764,8.820414201183432,7.580703484549638,
2009-03-19,40.634163379355684,29.320808678500985,9.63586456278764,8.820414201183432,7.580703484549638,
2009-03-20,40.62664203612479,29.318522167487686,9.636223316912972,8.827487684729064,7.583087027914614,
2009-03-21,40.62664203612479,29.318522167487686,9.636223316912972,8.827487684729064,7.583087027914614,
2009-03-22,40.62664203612479,29.318522167487686,9.636223316912972,8.827487684729064,7.583087027914614,
2009-03-23,40.62664203612479,29.318522167487686,9.636223316912972,8.827487684729064,7.583087027914614,
2009-03-24,40.62002132545932,29.315797244094487,9.636827427821522,8.833316929133858,7.586450131233596,
2009-03-25,40.613511963290726,29.31057030481809,9.637184529662406,8.840363815142576,7.589806620780072,
2009-03-26,40.613511963290726,29.31057030481809,9.637184529662406,8.840363815142576,7.589806620780072,
2009-03-27,40.609962344466275,29.306335952848723,9.636558611656843,8.846414538310412,7.592174197773412,
2009-03-28,40.609962344466275,29.306335952848723,9.636558611656843,8.846414538310412,7.592174197773412,
2009-03-29,40.609962344466275,29.306335952848723,9.636558611656843,8.846414538310412,7.592174197773412,
2009-03-30,40.609962344466275,29.306335952848723,9.636558611656843,8.846414538310412,7.592174197773412,
2009-03-31,40.60249427543343,29.304072620215898,9.635933922145895,8.853434739941118,7.596499836440955,
2009-04-01,40.596021241830066,29.299852941176468,9.636290849673202,8.861421568627451,7.598856209150327,
2009-04-02,40.58956088801828,29.29662095984329,9.637626509957558,8.86743388834476,7.6021873979758405,
2009-04-03,40.58956088801828,29.29662095984329,9.637626509957558,8.86743388834476,7.6021873979758405,
2009-04-04,40.58956088801828,29.29662095984329,9.637626509957558,8.86743388834476,7.6021873979758405,
2009-04-05,40.58956088801828,29.29662095984329,9.637626509957558,8.86743388834476,7.6021873979758405,
2009-04-06,40.58956088801828,29.29662095984329,9.637626509957558,8.86743388834476,7.6021873979758405,
2009-04-07,40.585070123939985,29.29143835616438,9.637981082844096,8.874412915851272,7.604533594259621,
2009-04-08,40.578633105246006,29.288220918866077,9.63833496252851,8.880400782013686,7.607852720755946,
2009-04-09,40.573185221354166,29.285498046875,9.639176432291666,8.886376953125,7.609212239583333,
2009-04-10,40.573185221354166,29.285498046875,9.639176432291666,8.886376953125,7.609212239583333,
2009-04-11,40.573185221354166,29.285498046875,9.639176432291666,8.886376953125,7.609212239583333,
2009-04-12,40.573185221354166,29.285498046875,9.639176432291666,8.886376953125,7.609212239583333,
2009-04-13,40.573185221354166,29.285498046875,9.639176432291666,8.886376953125,7.609212239583333,
2009-04-14,40.573185221354166,29.285498046875,9.639176432291666,8.886376953125,7.609212239583333,
2009-04-15,40.56726016260163,29.281804878048778,9.639528455284553,8.892341463414633,7.612520325203252,
2009-04-16,40.56726016260163,29.281804878048778,9.639528455284553,8.892341463414633,7.612520325203252,
2009-04-17,40.56183398310591,29.278606237816764,9.64085445094217,8.897319688109162,7.614847303443795,
2009-04-18,40.56183398310591,29.278606237816764,9.64085445094217,8.897319688109162,7.614847303443795,
2009-04-19,40.56183398310591,29.278606237816764,9.64085445094217,8.897319688109162,7.614847303443795,
2009-04-20,40.56183398310591,29.278606237816764,9.64085445094217,8.897319688109162,7.614847303443795,
2009-04-21,40.55714865303473,29.275657254138267,9.64144758195391,8.90155793573515,7.617656604998377,
2009-04-22,40.55174286640726,29.269552529182878,9.641796368352788,8.908463035019455,7.62094682230869,
2009-04-23,40.55174286640726,29.269552529182878,9.641796368352788,8.908463035019455,7.62094682230869,
2009-04-24,40.5482912212504,29.26637512147716,9.641172659540006,8.913411078717202,7.62325882734046,
2009-04-25,40.5482912212504,29.26637512147716,9.641172659540006,8.913411078717202,7.62325882734046,
2009-04-26,40.5482912212504,29.26637512147716,9.641172659540006,8.913411078717202,7.62325882734046,
2009-04-27,40.5482912212504,29.26637512147716,9.641172659540006,8.913411078717202,7.62325882734046,
2009-04-28,40.5482912212504,29.26637512147716,9.641172659540006,8.913411078717202,7.62325882734046,
2009-04-29,40.54338996763754,29.263203883495144,9.641035598705502,8.91883495145631,7.625080906148867,
2009-04-30,40.54338996763754,29.263203883495144,9.641035598705502,8.91883495145631,7.625080906148867,
2009-05-01,40.54338996763754,29.263203883495144,9.641035598705502,8.91883495145631,7.625080906148867,
2009-05-02,40.54338996763754,29.263203883495144,9.641035598705502,8.91883495145631,7.625080906148867,
2009-05-03,40.54338996763754,29.263203883495144,9.641035598705502,8.91883495145631,7.625080906148867,
2009-05-04,40.54338996763754,29.263203883495144,9.641035598705502,8.91883495145631,7.625080906148867,
2009-05-05,40.53898318784351,29.26003879728419,9.640413837698027,8.92376333656644,7.628354348528936,
2009-05-06,40.53361595607235,29.25591085271318,9.639793281653747,8.93062015503876,7.630652454780361,
2009-05-07,40.52729106163278,29.253727008712488,9.641110035495322,8.935527589545014,7.632946111648919,
2009-05-08,40.52387975499678,29.25154738878143,9.640490006447454,8.939458413926499,7.635235332043842,
2009-05-09,40.52387975499678,29.25154738878143,9.640490006447454,8.939458413926499,7.635235332043842,
2009-05-10,40.52387975499678,29.25154738878143,9.640490006447454,8.939458413926499,7.635235332043842,
2009-05-11,40.52387975499678,29.25154738878143,9.640490006447454,8.939458413926499,7.635235332043842,
2009-05-12,40.51757648953301,29.250338164251207,9.640837359098228,8.943381642512078,7.638486312399356,
2009-05-13,40.513215894465894,29.24720077220077,9.64021879021879,8.948262548262548,7.6407657657657655,
2009-05-14,40.507899389263905,29.24599807135969,9.641530054644809,8.953134040501446,7.64207650273224,
2009-05-15,40.50259312780989,29.24479768786127,9.643802183686576,8.95703275529865,7.643384714193963,
2009-05-16,40.50259312780989,29.24479768786127,9.643802183686576,8.95703275529865,7.643384714193963,
2009-05-17,40.50259312780989,29.24479768786127,9.643802183686576,8.95703275529865,7.643384714193963,
2009-05-18,40.50259312780989,29.24479768786127,9.643802183686576,8.95703275529865,7.643384714193963,
2009-05-19,40.49850016041065,29.240712223291624,9.644866859159448,8.961645813282,7.645412255373756,
2009-05-20,40.49321314102564,29.23855769230769,9.646169871794871,8.965528846153846,7.647676282051282,
2009-05-21,40.49321314102564,29.23855769230769,9.646169871794871,8.965528846153846,7.647676282051282,
2009-05-22,40.49321314102564,29.23855769230769,9.646169871794871,8.965528846153846,7.647676282051282,
2009-05-23,40.49321314102564,29.23855769230769,9.646169871794871,8.965528846153846,7.647676282051282,
2009-05-24,40.49321314102564,29.23855769230769,9.646169871794871,8.965528846153846,7.647676282051282,
2009-05-25,40.49321314102564,29.23855769230769,9.646169871794871,8.965528846153846,7.647676282051282,
2009-05-26,40.49321314102564,29.23855769230769,9.646169871794871,8.965528846153846,7.647676282051282,
2009-05-27,40.487455971821966,29.234966378482227,9.646990073647133,8.97084534101825,7.650416266410502,
2009-05-28,40.487455971821966,29.234966378482227,9.646990073647133,8.97084534101825,7.650416266410502,
2009-05-29,40.4831493921945,29.233781190019194,9.647328854766474,8.973752399232245,7.6517114523352525,
2009-05-30,40.4831493921945,29.233781190019194,9.647328854766474,8.973752399232245,7.6517114523352525,
2009-05-31,40.4831493921945,29.233781190019194,9.647328854766474,8.973752399232245,7.6517114523352525,
2009-06-01,40.4831493921945,29.233781190019194,9.647328854766474,8.973752399232245,7.6517114523352525,
2009-06-02,40.4831493921945,29.233781190019194,9.647328854766474,8.973752399232245,7.6517114523352525,
2009-06-03,40.477412911473316,29.22972195589645,9.648625759028443,8.979050814956855,7.654442313838286,
2009-06-04,40.477412911473316,29.22972195589645,9.648625759028443,8.979050814956855,7.654442313838286,
2009-06-05,40.477412911473316,29.22972195589645,9.648625759028443,8.979050814956855,7.654442313838286,
2009-06-06,40.477412911473316,29.22972195589645,9.648625759028443,8.979050814956855,7.654442313838286,
2009-06-07,40.477412911473316,29.22972195589645,9.648625759028443,8.979050814956855,7.654442313838286,
2009-06-08,40.477412911473316,29.22972195589645,9.648625759028443,8.979050814956855,7.654442313838286,
2009-06-09,40.473124201787996,29.22471264367816,9.649920178799489,8.983860153256705,7.656689016602809,
2009-06-10,40.46788676236044,29.220669856459327,9.652169059011165,8.98866028708134,7.658931419457735,
2009-06-11,40.463615360101976,29.21663479923518,9.655369662205226,8.993451242829828,7.66021351179095,
2009-06-12,40.46030722699777,29.212607449856733,9.656653931868831,8.99727793696275,7.660538045208532,
2009-06-13,40.46030722699777,29.212607449856733,9.656653931868831,8.99727793696275,7.660538045208532,
2009-06-14,40.46030722699777,29.212607449856733,9.656653931868831,8.99727793696275,7.660538045208532,
2009-06-15,40.46030722699777,29.212607449856733,9.656653931868831,8.99727793696275,7.660538045208532,
2009-06-16,40.456051208651395,29.2081106870229,9.658412849872773,9.002528625954199,7.662293256997455,
2009-06-17,40.45085001588814,29.202669208770256,9.661121703209405,9.007769304099142,7.664998411185255,
2009-06-18,40.44661111111111,29.198666666666664,9.662396825396826,9.01252380952381,7.667222222222222,
2009-06-19,40.44661111111111,29.198666666666664,9.662396825396826,9.01252380952381,7.667222222222222,
2009-06-20,40.44661111111111,29.198666666666664,9.662396825396826,9.01252380952381,7.667222222222222,
2009-06-21,40.44661111111111,29.198666666666664,9.662396825396826,9.01252380952381,7.667222222222222,
2009-06-22,40.44661111111111,29.198666666666664,9.662396825396826,9.01252380952381,7.667222222222222,
2009-06-23,40.442380272756104,29.19372026641294,9.663669521091025,9.017269267364414,7.6703932762448455,
2009-06-24,40.43815747782003,29.186882129277564,9.665890367553866,9.022956273764258,7.672607731305449,
2009-06-25,40.43815747782003,29.186882129277564,9.665890367553866,9.022956273764258,7.672607731305449,
2009-06-26,40.432993035770814,29.181956315289646,9.669056663501108,9.028632478632478,7.673868312757201,
2009-06-27,40.432993035770814,29.181956315289646,9.669056663501108,9.028632478632478,7.673868312757201,
2009-06-28,40.432993035770814,29.181956315289646,9.669056663501108,9.028632478632478,7.673868312757201,
2009-06-29,40.432993035770814,29.181956315289646,9.669056663501108,9.028632478632478,7.673868312757201,
2009-06-30,40.42783839342189,29.177039848197342,9.671268184693233,9.033349146110057,7.67702403542062,
2009-07-01,40.42364139020537,29.169289099526065,9.67347551342812,9.039004739336493,7.680173775671406,
2009-07-02,40.41850536616162,29.163446969696967,9.676625631313131,9.044649621212121,7.68237058080808,
2009-07-03,40.414325134027116,29.159508041627245,9.677877641122674,9.048391674550615,7.68361715547146,
2009-07-04,40.414325134027116,29.159508041627245,9.677877641122674,9.048391674550615,7.68361715547146,
2009-07-05,40.414325134027116,29.159508041627245,9.677877641122674,9.048391674550615,7.68361715547146,
2009-07-06,40.414325134027116,29.159508041627245,9.677877641122674,9.048391674550615,7.68361715547146,
2009-07-07,40.414325134027116,29.159508041627245,9.677877641122674,9.048391674550615,7.68361715547146,
2009-07-08,40.411097983616884,29.15179584120983,9.681017643352236,9.054017013232514,7.684861373660995,
2009-07-09,40.406932640856155,29.14693106704438,9.682263141328297,9.058687440982059,7.687991816178784,
2009-07-10,40.406932640856155,29.14693106704438,9.682263141328297,9.058687440982059,7.687991816178784,
2009-07-11,40.406932640856155,29.14693106704438,9.682263141328297,9.058687440982059,7.687991816178784,
2009-07-12,40.406932640856155,29.14693106704438,9.682263141328297,9.058687440982059,7.687991816178784,
2009-07-13,40.406932640856155,29.14693106704438,9.682263141328297,9.058687440982059,7.687991816178784,
2009-07-14,40.406932640856155,29.14693106704438,9.682263141328297,9.058687440982059,7.687991816178784,
2009-07-15,40.4027751572327,29.141132075471695,9.684449685534592,9.062877358490566,7.69064465408805,
2009-07-16,40.4027751572327,29.141132075471695,9.684449685534592,9.062877358490566,7.69064465408805,
2009-07-17,40.39862551052466,29.135815268614515,9.687574615142946,9.067530631479736,7.692349984291549,
2009-07-18,40.39862551052466,29.135815268614515,9.687574615142946,9.067530631479736,7.692349984291549,
2009-07-19,40.39862551052466,29.135815268614515,9.687574615142946,9.067530631479736,7.692349984291549,
2009-07-20,40.39862551052466,29.135815268614515,9.687574615142946,9.067530631479736,7.692349984291549,
2009-07-21,40.39495448838669,29.130979284369115,9.689752040175769,9.071704331450094,7.694522912743252,
2009-07-22,40.39082000627156,29.125211665098774,9.69145500156789,9.076340545625587,7.697632486672938,
2009-07-23,40.39082000627156,29.125211665098774,9.69145500156789,9.076340545625587,7.697632486672938,
2009-07-24,40.38669329573935,29.120394736842105,9.692684837092731,9.080968045112781,7.698856516290727,
2009-07-25,40.38669329573935,29.120394736842105,9.692684837092731,9.080968045112781,7.698856516290727,
2009-07-26,40.38669329573935,29.120394736842105,9.692684837092731,9.080968045112781,7.698856516290727,
2009-07-27,40.38669329573935,29.120394736842105,9.692684837092731,9.080968045112781,7.698856516290727,
2009-07-28,40.38669329573935,29.120394736842105,9.692684837092731,9.080968045112781,7.698856516290727,
2009-07-29,40.383043818466355,29.11511737089202,9.694381846635368,9.085586854460093,7.701017214397496,
2009-07-30,40.37893214509068,29.110318949343338,9.697482801751095,9.090196998123828,7.703173858661664,
2009-07-31,40.37893214509068,29.110318949343338,9.697482801751095,9.090196998123828,7.703173858661664,
2009-08-01,40.37893214509068,29.110318949343338,9.697482801751095,9.090196998123828,7.703173858661664,
2009-08-02,40.37893214509068,29.110318949343338,9.697482801751095,9.090196998123828,7.703173858661664,
2009-08-03,40.37893214509068,29.110318949343338,9.697482801751095,9.090196998123828,7.703173858661664,
2009-08-04,40.37893214509068,29.110318949343338,9.697482801751095,9.090196998123828,7.703173858661664,
2009-08-05,40.37482817869416,29.10318650421743,9.70010934083099,9.09526710402999,7.706263667603874,
2009-08-06,40.36979556803995,29.097471910112358,9.703199126092384,9.101732209737827,7.708411360799002,
2009-08-07,40.36570782662925,29.09176800748363,9.705347676956658,9.106314312441533,7.7096195821640165,
2009-08-08,40.36570782662925,29.09176800748363,9.705347676956658,9.106314312441533,7.7096195821640165,
2009-08-09,40.36570782662925,29.09176800748363,9.705347676956658,9.106314312441533,7.7096195821640165,
2009-08-10,40.36570782662925,29.09176800748363,9.705347676956658,9.106314312441533,7.7096195821640165,
2009-08-11,40.36570782662925,29.09176800748363,9.705347676956658,9.106314312441533,7.7096195821640165,
2009-08-12,40.36209501557632,29.085607476635513,9.707492211838005,9.110420560747663,7.712694704049845,
2009-08-13,40.35895580454404,29.078991596638655,9.709632741985683,9.11591970121382,7.713896669779023,
2009-08-14,40.35895580454404,29.078991596638655,9.709632741985683,9.11591970121382,7.713896669779023,
2009-08-15,40.35895580454404,29.078991596638655,9.709632741985683,9.11591970121382,7.713896669779023,
2009-08-16,40.35895580454404,29.078991596638655,9.709632741985683,9.11591970121382,7.713896669779023,
2009-08-17,40.35895580454404,29.078991596638655,9.709632741985683,9.11591970121382,7.713896669779023,
2009-08-18,40.35535603233831,29.073320895522386,9.712702114427861,9.120942164179104,7.715096393034827,
2009-08-19,40.351762969866414,29.067194780987883,9.714833799316558,9.12502329916123,7.7176918297607955,
2009-08-20,40.351762969866414,29.067194780987883,9.714833799316558,9.12502329916123,7.7176918297607955,
2009-08-21,40.3481765983861,29.061545623836125,9.717427063935444,9.130027932960893,7.7188857852265675,
2009-08-22,40.3481765983861,29.061545623836125,9.717427063935444,9.130027932960893,7.7188857852265675,
2009-08-23,40.3481765983861,29.061545623836125,9.717427063935444,9.130027932960893,7.7188857852265675,
2009-08-24,40.34506201550388,29.055906976744186,9.720480620155039,9.133627906976743,7.720077519379846,
2009-08-25,40.34506201550388,29.055906976744186,9.720480620155039,9.133627906976743,7.720077519379846,
2009-08-26,40.3414885377943,29.05027881040892,9.722599132589838,9.137685873605948,7.722196406443619,
2009-08-27,40.33652893840916,29.044661095636023,9.725642216032188,9.143129062209843,7.724311358712473,
2009-08-28,40.333433828076686,29.039053803339517,9.727752009894866,9.147634508348794,7.725494743351887,
2009-08-29,40.333433828076686,29.039053803339517,9.727752009894866,9.147634508348794,7.725494743351887,
2009-08-30,40.333433828076686,29.039053803339517,9.727752009894866,9.147634508348794,7.725494743351887,
2009-08-31,40.333433828076686,29.039053803339517,9.727752009894866,9.147634508348794,7.725494743351887,
2009-09-01,40.32895427865307,29.03345690454124,9.731248069199877,9.152131603336422,7.727139326536918,
2009-09-02,40.324483024691354,29.02787037037037,9.732885802469136,9.15662037037037,7.7297067901234575,
2009-09-03,40.3190949737897,29.02368177613321,9.734983040394695,9.161100832562441,7.732732038236201,
2009-09-04,40.31602741836106,29.0181146025878,9.736152187307455,9.166497227356746,7.734827479975355,
2009-09-05,40.31602741836106,29.0181146025878,9.736152187307455,9.166497227356746,7.734827479975355,
2009-09-06,40.31602741836106,29.0181146025878,9.736152187307455,9.166497227356746,7.734827479975355,
2009-09-07,40.31602741836106,29.0181146025878,9.736152187307455,9.166497227356746,7.734827479975355,
2009-09-08,40.31602741836106,29.0181146025878,9.736152187307455,9.166497227356746,7.734827479975355,
2009-09-09,40.31111880578639,29.012096029547553,9.737934749153585,9.170344721452755,7.739227454601417,
2009-09-10,40.3062192496925,29.006549815498154,9.740021525215251,9.17480012300123,7.743158056580566,
2009-09-11,40.302250384024575,29.00101382488479,9.741182795698924,9.179247311827957,7.746159754224271,
2009-09-12,40.302250384024575,29.00101382488479,9.741182795698924,9.179247311827957,7.746159754224271,
2009-09-13,40.302250384024575,29.00101382488479,9.741182795698924,9.179247311827957,7.746159754224271,
2009-09-14,40.302250384024575,29.00101382488479,9.741182795698924,9.179247311827957,7.746159754224271,
2009-09-15,40.29828882750154,28.99502762430939,9.743262737875996,9.182305095150399,7.750076734192757,
2009-09-16,40.29433455995093,28.989512419503217,9.744418889911069,9.185357252376571,7.753526525605643,
2009-09-17,40.28946844362745,28.98630514705882,9.745113357843136,9.189322916666667,7.756969975490197,
2009-09-18,40.28552953780226,28.982644628099173,9.745806550352004,9.19282216100398,7.75994796449342,
2009-09-19,40.28552953780226,28.982644628099173,9.745806550352004,9.19282216100398,7.75994796449342,
2009-09-20,40.28552953780226,28.982644628099173,9.745806550352004,9.19282216100398,7.75994796449342,
2009-09-21,40.28552953780226,28.982644628099173,9.745806550352004,9.19282216100398,7.75994796449342,
2009-09-22,40.28068042813456,28.97807339449541,9.746957186544341,9.19677370030581,7.763379204892967,
2009-09-23,40.27584020776046,28.975343721356552,9.74810571341277,9.200259700580508,7.765429269783074,
2009-09-24,40.27584020776046,28.975343721356552,9.74810571341277,9.200259700580508,7.765429269783074,
2009-09-25,40.26917735042735,28.971703296703296,9.748336385836385,9.204655067155068,7.769307081807082,
2009-09-26,40.26917735042735,28.971703296703296,9.748336385836385,9.204655067155068,7.769307081807082,
2009-09-27,40.26917735042735,28.971703296703296,9.748336385836385,9.204655067155068,7.769307081807082,
2009-09-28,40.26917735042735,28.971703296703296,9.748336385836385,9.204655067155068,7.769307081807082,
2009-09-29,40.26917735042735,28.971703296703296,9.748336385836385,9.204655067155068,7.769307081807082,
2009-09-30,40.26917735042735,28.971703296703296,9.748336385836385,9.204655067155068,7.769307081807082,
2009-10-01,40.26917735042735,28.971703296703296,9.748336385836385,9.204655067155068,7.769307081807082,
2009-10-02,40.26435651113144,28.965324794144554,9.74948154925282,9.209042390972858,7.774092711192437,
2009-10-03,40.26435651113144,28.965324794144554,9.74948154925282,9.209042390972858,7.774092711192437,
2009-10-04,40.26435651113144,28.965324794144554,9.74948154925282,9.209042390972858,7.774092711192437,
2009-10-05,40.26435651113144,28.965324794144554,9.74948154925282,9.209042390972858,7.774092711192437,
2009-10-06,40.26435651113144,28.965324794144554,9.74948154925282,9.209042390972858,7.774092711192437,
2009-10-07,40.25863040828763,28.95850091407678,9.75016758074345,9.213878732480195,7.779326630103596,
2009-10-08,40.252914764079144,28.95305936073059,9.75130898021309,9.218249619482496,7.784094368340944,
2009-10-09,40.252914764079144,28.95305936073059,9.75130898021309,9.218249619482496,7.784094368340944,
2009-10-10,40.252914764079144,28.95305936073059,9.75130898021309,9.218249619482496,7.784094368340944,
2009-10-11,40.252914764079144,28.95305936073059,9.75130898021309,9.218249619482496,7.784094368340944,
2009-10-12,40.252914764079144,28.95305936073059,9.75130898021309,9.218249619482496,7.784094368340944,
2009-10-13,40.252914764079144,28.95305936073059,9.75130898021309,9.218249619482496,7.784094368340944,
2009-10-14,40.24720954987834,28.944890510948905,9.752448296836983,9.223981143552312,7.789309610705597,
2009-10-15,40.24720954987834,28.944890510948905,9.752448296836983,9.223981143552312,7.789309610705597,
2009-10-16,40.24197052567609,28.93855970829535,9.75404132482528,9.22833485262838,7.794059556365847,
2009-10-17,40.24197052567609,28.93855970829535,9.75404132482528,9.22833485262838,7.794059556365847,
2009-10-18,40.24197052567609,28.93855970829535,9.75404132482528,9.22833485262838,7.794059556365847,
2009-10-19,40.24197052567609,28.93855970829535,9.75404132482528,9.22833485262838,7.794059556365847,
2009-10-20,40.24197052567609,28.93855970829535,9.75404132482528,9.22833485262838,7.794059556365847,
2009-10-21,40.23674104432301,28.93087431693989,9.75517607771706,9.23359137826351,7.798800850030359,
2009-10-22,40.23674104432301,28.93087431693989,9.75517607771706,9.23359137826351,7.798800850030359,
2009-10-23,40.23197603882317,28.923657870791626,9.756308765544434,9.237928419775553,7.804443433424326,
2009-10-24,40.23197603882317,28.923657870791626,9.756308765544434,9.237928419775553,7.804443433424326,
2009-10-25,40.23197603882317,28.923657870791626,9.756308765544434,9.237928419775553,7.804443433424326,
2009-10-26,40.23197603882317,28.923657870791626,9.756308765544434,9.237928419775553,7.804443433424326,
2009-10-27,40.23197603882317,28.923657870791626,9.756308765544434,9.237928419775553,7.804443433424326,
2009-10-28,40.22691666666666,28.916757575757575,9.757893939393938,9.242560606060607,7.808863636363636,
2009-10-29,40.22691666666666,28.916757575757575,9.757893939393938,9.242560606060607,7.808863636363636,
2009-10-30,40.223077505298214,28.910475325461704,9.759022101120193,9.24597335755374,7.813578564940963,
2009-10-31,40.223077505298214,28.910475325461704,9.759022101120193,9.24597335755374,7.813578564940963,
2009-11-01,40.223077505298214,28.910475325461704,9.759022101120193,9.24597335755374,7.813578564940963,
2009-11-02,40.223077505298214,28.910475325461704,9.759022101120193,9.24597335755374,7.813578564940963,
2009-11-03,40.223077505298214,28.910475325461704,9.759022101120193,9.24597335755374,7.813578564940963,
2009-11-04,40.217884150030244,28.903750756200846,9.761509376890501,9.249379915305505,7.817831215970962,
2009-11-05,40.21315352070111,28.897491689332124,9.763538833484436,9.253686914475674,7.821622846781505,
2009-11-06,40.21315352070111,28.897491689332124,9.763538833484436,9.253686914475674,7.821622846781505,
2009-11-07,40.21315352070111,28.897491689332124,9.763538833484436,9.253686914475674,7.821622846781505,
2009-11-08,40.21315352070111,28.897491689332124,9.763538833484436,9.253686914475674,7.821622846781505,
2009-11-09,40.21315352070111,28.897491689332124,9.763538833484436,9.253686914475674,7.821622846781505,
2009-11-10,40.21315352070111,28.897491689332124,9.763538833484436,9.253686914475674,7.821622846781505,
2009-11-11,40.20843146135265,28.889885265700485,9.766017512077294,9.257080314009663,7.825860507246377,
2009-11-12,40.20843146135265,28.889885265700485,9.766017512077294,9.257080314009663,7.825860507246377,
2009-11-13,40.203717948717944,28.882745098039216,9.76894419306184,9.260467571644043,7.8296380090497735,
2009-11-14,40.203717948717944,28.882745098039216,9.76894419306184,9.260467571644043,7.8296380090497735,
2009-11-15,40.203717948717944,28.882745098039216,9.76894419306184,9.260467571644043,7.8296380090497735,
2009-11-16,40.203717948717944,28.882745098039216,9.76894419306184,9.260467571644043,7.8296380090497735,
2009-11-17,40.203717948717944,28.882745098039216,9.76894419306184,9.260467571644043,7.8296380090497735,
2009-11-18,40.19901295961422,28.875617842073538,9.771413502109704,9.263396624472575,7.833860759493671,
2009-11-19,40.19431647094248,28.868503462812406,9.77342667871123,9.266772056609456,7.838527551942186,
2009-11-20,40.18962845968712,28.86230445246691,9.775436221419975,9.270141395908544,7.8422833935018055,
2009-11-21,40.18962845968712,28.86230445246691,9.775436221419975,9.270141395908544,7.8422833935018055,
2009-11-22,40.18962845968712,28.86230445246691,9.775436221419975,9.270141395908544,7.8422833935018055,
2009-11-23,40.18962845968712,28.86230445246691,9.775436221419975,9.270141395908544,7.8422833935018055,
2009-11-24,40.18962845968712,28.86230445246691,9.775436221419975,9.270141395908544,7.8422833935018055,
2009-11-25,40.18539975954313,28.855816050495942,9.777442140066125,9.273504658851818,7.846182747219717,
2009-11-26,40.18539975954313,28.855816050495942,9.777442140066125,9.273504658851818,7.846182747219717,
2009-11-27,40.180728228228226,28.85144144144144,9.777642642642641,9.276861861861862,7.849924924924925,
2009-11-28,40.180728228228226,28.85144144144144,9.777642642642641,9.276861861861862,7.849924924924925,
2009-11-29,40.180728228228226,28.85144144144144,9.777642642642641,9.276861861861862,7.849924924924925,
2009-11-30,40.180728228228226,28.85144144144144,9.777642642642641,9.276861861861862,7.849924924924925,
2009-12-01,40.180728228228226,28.85144144144144,9.777642642642641,9.276861861861862,7.849924924924925,
2009-12-02,40.176965196519646,28.844824482448242,9.780093009300929,9.27931293129313,7.853210321032103,
2009-12-03,40.17230965227817,28.84046762589928,9.782988609112708,9.28175959232614,7.856040167865707,
2009-12-04,40.17230965227817,28.84046762589928,9.782988609112708,9.28175959232614,7.856040167865707,
2009-12-05,40.17230965227817,28.84046762589928,9.782988609112708,9.28175959232614,7.856040167865707,
2009-12-06,40.17230965227817,28.84046762589928,9.782988609112708,9.28175959232614,7.856040167865707,
2009-12-07,40.17230965227817,28.84046762589928,9.782988609112708,9.28175959232614,7.856040167865707,
2009-12-08,40.17230965227817,28.84046762589928,9.782988609112708,9.28175959232614,7.856040167865707,
2009-12-09,40.16766247379454,28.833872416891282,9.785879005690326,9.284201856843367,7.859763402216232,
2009-12-10,40.16766247379454,28.833872416891282,9.785879005690326,9.284201856843367,7.859763402216232,
2009-12-11,40.16302363853979,28.829982046678634,9.788315380011968,9.28663973668462,7.862582286056253,
2009-12-12,40.16302363853979,28.829982046678634,9.788315380011968,9.28663973668462,7.862582286056253,
2009-12-13,40.16302363853979,28.829982046678634,9.788315380011968,9.28663973668462,7.862582286056253,
2009-12-14,40.15839312406577,28.825650224215245,9.791195814648729,9.289073243647236,7.865396113602391,
2009-12-15,40.15839312406577,28.825650224215245,9.791195814648729,9.289073243647236,7.865396113602391,
2009-12-16,40.15392025089606,28.81953405017921,9.793473715651135,9.29165173237754,7.8691009557945035,
2009-12-17,40.15392025089606,28.81953405017921,9.793473715651135,9.29165173237754,7.8691009557945035,
2009-12-18,40.15392025089606,28.81953405017921,9.793473715651135,9.29165173237754,7.8691009557945035,
2009-12-19,40.15392025089606,28.81953405017921,9.793473715651135,9.29165173237754,7.8691009557945035,
2009-12-20,40.15392025089606,28.81953405017921,9.793473715651135,9.29165173237754,7.8691009557945035,
2009-12-21,40.14930617726052,28.812533572068038,9.796344374813488,9.29407639510594,7.871903909280811,
2009-12-22,40.14930617726052,28.812533572068038,9.796344374813488,9.29407639510594,7.871903909280811,
2009-12-23,40.14380590339893,28.808228980322003,9.798315444245677,9.29649672033393,7.875596302921884,
2009-12-24,40.14380590339893,28.808228980322003,9.798315444245677,9.29649672033393,7.875596302921884,
2009-12-25,40.14380590339893,28.808228980322003,9.798315444245677,9.29649672033393,7.875596302921884,
2009-12-26,40.14380590339893,28.808228980322003,9.798315444245677,9.29649672033393,7.875596302921884,
2009-12-27,40.14380590339893,28.808228980322003,9.798315444245677,9.29649672033393,7.875596302921884,
2009-12-28,40.1392091152815,28.802144772117963,9.800282990765565,9.2989127196902,7.879282097110515,
2009-12-29,40.1392091152815,28.802144772117963,9.800282990765565,9.2989127196902,7.879282097110515,
2009-12-30,40.1392091152815,28.802144772117963,9.800282990765565,9.2989127196902,7.879282097110515,
2009-12-31,40.1392091152815,28.802144772117963,9.800282990765565,9.2989127196902,7.879282097110515,
2010-01-01,40.1392091152815,28.802144772117963,9.800282990765565,9.2989127196902,7.879282097110515,
2010-01-02,40.1392091152815,28.802144772117963,9.800282990765565,9.2989127196902,7.879282097110515,
2010-01-03,40.1392091152815,28.802144772117963,9.800282990765565,9.2989127196902,7.879282097110515,
2010-01-04,40.1392091152815,28.802144772117963,9.800282990765565,9.2989127196902,7.879282097110515,
2010-01-05,40.1392091152815,28.802144772117963,9.800282990765565,9.2989127196902,7.879282097110515,
2010-01-06,40.134620535714284,28.796071428571427,9.803139880952381,9.301324404761905,7.882068452380952,
2010-01-07,40.13093220338983,28.792685102586976,9.80509961344038,9.302839726434732,7.8839577757954205,
2010-01-08,40.13093220338983,28.792685102586976,9.80509961344038,9.302839726434732,7.8839577757954205,
2010-01-09,40.13093220338983,28.792685102586976,9.80509961344038,9.302839726434732,7.8839577757954205,
2010-01-10,40.13093220338983,28.792685102586976,9.80509961344038,9.302839726434732,7.8839577757954205,
2010-01-11,40.13093220338983,28.792685102586976,9.80509961344038,9.302839726434732,7.8839577757954205,
2010-01-12,40.13093220338983,28.792685102586976,9.80509961344038,9.302839726434732,7.8839577757954205,
2010-01-13,40.125913547237076,28.787076648841353,9.80839275103981,9.304352346999407,7.8871806298276885,
2010-01-14,40.125913547237076,28.787076648841353,9.80839275103981,9.304352346999407,7.8871806298276885,
2010-01-15,40.12223953695459,28.783704363312555,9.810344315820718,9.305862273671712,7.889952508162659,
2010-01-16,40.12223953695459,28.783704363312555,9.810344315820718,9.305862273671712,7.889952508162659,
2010-01-17,40.12223953695459,28.783704363312555,9.810344315820718,9.305862273671712,7.889952508162659,
2010-01-18,40.12223953695459,28.783704363312555,9.810344315820718,9.305862273671712,7.889952508162659,
2010-01-19,40.11768238434164,28.779448398576513,9.814071767497035,9.307369513641756,7.892719454329774,
2010-01-20,40.11313333333334,28.773866666666667,9.817792592592593,9.308874074074074,7.895481481481481,
2010-01-21,40.11313333333334,28.773866666666667,9.817792592592593,9.308874074074074,7.895481481481481,
2010-01-22,40.10948046181172,28.77051509769094,9.820618709295442,9.309487862640616,7.898238602723504,
2010-01-23,40.10948046181172,28.77051509769094,9.820618709295442,9.309487862640616,7.898238602723504,
2010-01-24,40.10948046181172,28.77051509769094,9.820618709295442,9.309487862640616,7.898238602723504,
2010-01-25,40.10948046181172,28.77051509769094,9.820618709295442,9.309487862640616,7.898238602723504,
2010-01-26,40.10948046181172,28.77051509769094,9.820618709295442,9.309487862640616,7.898238602723504,
2010-01-27,40.10509464655427,28.765690624075717,9.82388346643005,9.310692102928128,7.90128660159716,
2010-01-28,40.10509464655427,28.765690624075717,9.82388346643005,9.310692102928128,7.90128660159716,
2010-01-29,40.10234190307329,28.76323877068558,9.825812647754137,9.311303191489362,7.903147163120567,
2010-01-30,40.10234190307329,28.76323877068558,9.825812647754137,9.311303191489362,7.903147163120567,
2010-01-31,40.10234190307329,28.76323877068558,9.825812647754137,9.311303191489362,7.903147163120567,
2010-02-01,40.10234190307329,28.76323877068558,9.825812647754137,9.311303191489362,7.903147163120567,
2010-02-02,40.10234190307329,28.76323877068558,9.825812647754137,9.311303191489362,7.903147163120567,
2010-02-03,40.09870829642752,28.75857691172129,9.829509890758784,9.311470327723649,7.905890168290522,
2010-02-04,40.09508112094395,28.75613569321534,9.834085545722713,9.310309734513273,7.9086283185840704,
2010-02-05,40.09508112094395,28.75613569321534,9.834085545722713,9.310309734513273,7.9086283185840704,
2010-02-06,40.09508112094395,28.75613569321534,9.834085545722713,9.310309734513273,7.9086283185840704,
2010-02-07,40.09508112094395,28.75613569321534,9.834085545722713,9.310309734513273,7.9086283185840704,
2010-02-08,40.09508112094395,28.75613569321534,9.834085545722713,9.310309734513273,7.9086283185840704,
2010-02-09,40.09508112094395,28.75613569321534,9.834085545722713,9.310309734513273,7.9086283185840704,
2010-02-10,40.09057618626584,28.75148835838491,9.839095195991748,9.309593280282936,7.911361626878868,
2010-02-11,40.09057618626584,28.75148835838491,9.839095195991748,9.309593280282936,7.911361626878868,
2010-02-12,40.09057618626584,28.75148835838491,9.839095195991748,9.309593280282936,7.911361626878868,
2010-02-13,40.09057618626584,28.75148835838491,9.839095195991748,9.309593280282936,7.911361626878868,
2010-02-14,40.09057618626584,28.75148835838491,9.839095195991748,9.309593280282936,7.911361626878868,
2010-02-15,40.09057618626584,28.75148835838491,9.839095195991748,9.309593280282936,7.911361626878868,
2010-02-16,40.09057618626584,28.75148835838491,9.839095195991748,9.309593280282936,7.911361626878868,
2010-02-17,40.086079210836274,28.74640753828033,9.84453769140165,9.308436395759717,7.914973498233215,
2010-02-18,40.086079210836274,28.74640753828033,9.84453769140165,9.308436395759717,7.914973498233215,
2010-02-19,40.08070756104737,28.744866137099148,9.849087967049131,9.309046778464253,7.9168137687555165,
2010-02-20,40.08070756104737,28.744866137099148,9.849087967049131,9.309046778464253,7.9168137687555165,
2010-02-21,40.08070756104737,28.744866137099148,9.849087967049131,9.309046778464253,7.9168137687555165,
2010-02-22,40.08070756104737,28.744866137099148,9.849087967049131,9.309046778464253,7.9168137687555165,
2010-02-23,40.077990887713106,28.74024103468548,9.852307466196354,9.310097001763667,7.919091710758377,
2010-02-24,40.073076358296625,28.73562408223201,9.85684287812041,9.309823788546256,7.922687224669604,
2010-02-25,40.073076358296625,28.73562408223201,9.85684287812041,9.309823788546256,7.922687224669604,
2010-02-26,40.06949090375587,28.732335680751174,9.860490023474178,9.310431338028168,7.924515845070423,
2010-02-27,40.06949090375587,28.732335680751174,9.860490023474178,9.310431338028168,7.924515845070423,
2010-02-28,40.06949090375587,28.732335680751174,9.860490023474178,9.310431338028168,7.924515845070423,
2010-03-01,40.065032248607444,28.72905306361771,9.86501026092055,9.31103781882146,7.925461741424802,
2010-03-02,40.065032248607444,28.72905306361771,9.86501026092055,9.31103781882146,7.925461741424802,
2010-03-03,40.06014206209725,28.724018746338608,9.869961921499707,9.311203866432336,7.928602811950791,
2010-03-04,40.05657740708224,28.72074919520047,9.873587942639743,9.31180860403863,7.931299385425812,
2010-03-05,40.05657740708224,28.72074919520047,9.873587942639743,9.31180860403863,7.931299385425812,
2010-03-06,40.05657740708224,28.72074919520047,9.873587942639743,9.31180860403863,7.931299385425812,
2010-03-07,40.05657740708224,28.72074919520047,9.873587942639743,9.31180860403863,7.931299385425812,
2010-03-08,40.05657740708224,28.72074919520047,9.873587942639743,9.31180860403863,7.931299385425812,
2010-03-09,40.05657740708224,28.72074919520047,9.873587942639743,9.31180860403863,7.931299385425812,
2010-03-10,40.050826023391814,28.716608187134504,9.878084795321637,9.311535087719298,7.934868421052632,
2010-03-11,40.050826023391814,28.716608187134504,9.878084795321637,9.311535087719298,7.934868421052632,
2010-03-12,40.047275781478234,28.71335086181712,9.881697341513291,9.31213847502191,7.936678352322524,
2010-03-13,40.047275781478234,28.71335086181712,9.881697341513291,9.31213847502191,7.936678352322524,
2010-03-14,40.047275781478234,28.71335086181712,9.881697341513291,9.31213847502191,7.936678352322524,
2010-03-15,40.047275781478234,28.71335086181712,9.881697341513291,9.31213847502191,7.936678352322524,
2010-03-16,40.047275781478234,28.71335086181712,9.881697341513291,9.31213847502191,7.936678352322524,
2010-03-17,40.04241827203736,28.708785755983655,9.886617046117921,9.311427320490367,7.939360770577934,
2010-03-18,40.04241827203736,28.708785755983655,9.886617046117921,9.311427320490367,7.939360770577934,
2010-03-19,40.038006707494894,28.70729075532225,9.890215806357538,9.311154855643045,7.941163604549431,
2010-03-20,40.038006707494894,28.70729075532225,9.890215806357538,9.311154855643045,7.941163604549431,
2010-03-21,40.038006707494894,28.70729075532225,9.890215806357538,9.311154855643045,7.941163604549431,
2010-03-22,40.038006707494894,28.70729075532225,9.890215806357538,9.311154855643045,7.941163604549431,
2010-03-23,40.038006707494894,28.70729075532225,9.890215806357538,9.311154855643045,7.941163604549431,
2010-03-24,40.03302010489511,28.704195804195802,9.893808275058275,9.310591491841492,7.944128787878788,
2010-03-25,40.02775109170306,28.70183406113537,9.898267831149926,9.310320232896652,7.945924308588064,
2010-03-26,40.02510907504363,28.699476439790576,9.900974403723094,9.310049447353112,7.948589296102385,
2010-03-27,40.02510907504363,28.699476439790576,9.900974403723094,9.310049447353112,7.948589296102385,
2010-03-28,40.02510907504363,28.699476439790576,9.900974403723094,9.310049447353112,7.948589296102385,
2010-03-29,40.02510907504363,28.699476439790576,9.900974403723094,9.310049447353112,7.948589296102385,
2010-03-30,40.01985614646905,28.696251089799475,9.90454809648358,9.30803545480965,7.952121476315026,
2010-03-31,40.01548344947735,28.694337979094076,9.90811556329849,9.307331591173055,7.954776422764228,
2010-04-01,40.01548344947735,28.694337979094076,9.90811556329849,9.307331591173055,7.954776422764228,
2010-04-02,40.01548344947735,28.694337979094076,9.90811556329849,9.307331591173055,7.954776422764228,
2010-04-03,40.01548344947735,28.694337979094076,9.90811556329849,9.307331591173055,7.954776422764228,
2010-04-04,40.01548344947735,28.694337979094076,9.90811556329849,9.307331591173055,7.954776422764228,
2010-04-05,40.01548344947735,28.694337979094076,9.90811556329849,9.307331591173055,7.954776422764228,
2010-04-06,40.01548344947735,28.694337979094076,9.90811556329849,9.307331591173055,7.954776422764228,
2010-04-07,40.010248041775455,28.6911227154047,9.91211198143313,9.306193791702931,7.9582970699158695,
2010-04-08,40.010248041775455,28.6911227154047,9.91211198143313,9.306193791702931,7.9582970699158695,
2010-04-09,40.010248041775455,28.6911227154047,9.91211198143313,9.306193791702931,7.9582970699158695,
2010-04-10,40.010248041775455,28.6911227154047,9.91211198143313,9.306193791702931,7.9582970699158695,
2010-04-11,40.010248041775455,28.6911227154047,9.91211198143313,9.306193791702931,7.9582970699158695,
2010-04-12,40.010248041775455,28.6911227154047,9.91211198143313,9.306193791702931,7.9582970699158695,
2010-04-13,40.010248041775455,28.6911227154047,9.91211198143313,9.306193791702931,7.9582970699158695,
2010-04-14,40.00632608695652,28.68704347826087,9.916536231884058,9.305057971014493,7.961376811594204,
2010-04-15,40.00632608695652,28.68704347826087,9.916536231884058,9.305057971014493,7.961376811594204,
2010-04-16,40.00284535186794,28.684708948740223,9.92008398494063,9.304792933680858,7.963147987257458,
2010-04-17,40.00284535186794,28.684708948740223,9.92008398494063,9.304792933680858,7.963147987257458,
2010-04-18,40.00284535186794,28.684708948740223,9.92008398494063,9.304792933680858,7.963147987257458,
2010-04-19,40.00284535186794,28.684708948740223,9.92008398494063,9.304792933680858,7.963147987257458,
2010-04-20,40.00284535186794,28.684708948740223,9.92008398494063,9.304792933680858,7.963147987257458,
2010-04-21,39.998936631944446,28.681076388888886,9.924059606481482,9.304094328703705,7.965350115740741,
2010-04-22,39.99460104076323,28.67875108412836,9.928461983232149,9.30383058687482,7.966247470367159,
2010-04-23,39.99287261698441,28.67642980935875,9.931123627960716,9.302700751010978,7.968009820912767,
2010-04-24,39.99287261698441,28.67642980935875,9.931123627960716,9.302700751010978,7.968009820912767,
2010-04-25,39.99287261698441,28.67642980935875,9.931123627960716,9.302700751010978,7.968009820912767,
2010-04-26,39.99287261698441,28.67642980935875,9.931123627960716,9.302700751010978,7.968009820912767,
2010-04-27,39.99287261698441,28.67642980935875,9.931123627960716,9.302700751010978,7.968009820912767,
2010-04-28,39.98912698412698,28.673679653679653,9.934790764790764,9.302150072150072,7.96991341991342,
2010-04-29,39.984811130334485,28.67136678200692,9.940037485582467,9.301023644752018,7.971669550173011,
2010-04-30,39.984811130334485,28.67136678200692,9.940037485582467,9.301023644752018,7.971669550173011,
2010-05-01,39.984811130334485,28.67136678200692,9.940037485582467,9.301023644752018,7.971669550173011,
2010-05-02,39.984811130334485,28.67136678200692,9.940037485582467,9.301023644752018,7.971669550173011,
2010-05-03,39.984811130334485,28.67136678200692,9.940037485582467,9.301023644752018,7.971669550173011,
2010-05-04,39.984811130334485,28.67136678200692,9.940037485582467,9.301023644752018,7.971669550173011,
2010-05-05,39.97963843272832,28.668625756266206,9.94527513684817,9.300331316623451,7.9734226447709595,
2010-05-06,39.97963843272832,28.668625756266206,9.94527513684817,9.300331316623451,7.9734226447709595,
2010-05-07,39.97963843272832,28.668625756266206,9.94527513684817,9.300331316623451,7.9734226447709595,
2010-05-08,39.97963843272832,28.668625756266206,9.94527513684817,9.300331316623451,7.9734226447709595,
2010-05-09,39.97963843272832,28.668625756266206,9.94527513684817,9.300331316623451,7.9734226447709595,
2010-05-10,39.97963843272832,28.668625756266206,9.94527513684817,9.300331316623451,7.9734226447709595,
2010-05-11,39.975338226827866,28.664594127806563,9.949640184225675,9.298344847438113,7.976899827288428,
2010-05-12,39.9701826287029,28.662295081967212,9.953997699165948,9.29722461892436,7.979508196721311,
2010-05-13,39.9701826287029,28.662295081967212,9.953997699165948,9.29722461892436,7.979508196721311,
2010-05-14,39.96331178160919,28.66172413793103,9.96007183908046,9.295244252873564,7.982112068965518,
2010-05-15,39.96331178160919,28.66172413793103,9.96007183908046,9.295244252873564,7.982112068965518,
2010-05-16,39.96331178160919,28.66172413793103,9.96007183908046,9.295244252873564,7.982112068965518,
2010-05-17,39.96331178160919,28.66172413793103,9.96007183908046,9.295244252873564,7.982112068965518,
2010-05-18,39.96331178160919,28.66172413793103,9.96007183908046,9.295244252873564,7.982112068965518,
2010-05-19,39.95602210737869,28.660723514211885,9.964843525696239,9.293267298306057,7.985142118863049,
2010-05-20,39.95003585771658,28.660154905335627,9.970037292025243,9.291293746414228,7.986876075731497,
2010-05-21,39.94663943823445,28.65872742906277,9.973502436228145,9.288463743192892,7.989466895958728,
2010-05-22,39.94663943823445,28.65872742906277,9.973502436228145,9.288463743192892,7.989466895958728,
2010-05-23,39.94663943823445,28.65872742906277,9.973502436228145,9.288463743192892,7.989466895958728,
2010-05-24,39.94663943823445,28.65872742906277,9.973502436228145,9.288463743192892,7.989466895958728,
2010-05-25,39.94663943823445,28.65872742906277,9.973502436228145,9.288463743192892,7.989466895958728,
2010-05-26,39.93952605956471,28.657731958762884,9.978250286368842,9.28721363115693,7.992339633447881,
2010-05-27,39.93356938483548,28.656309012875536,9.983419170243204,9.285250357653792,7.994921316165952,
2010-05-28,39.93356938483548,28.656309012875536,9.983419170243204,9.285250357653792,7.994921316165952,
2010-05-29,39.93356938483548,28.656309012875536,9.983419170243204,9.285250357653792,7.994921316165952,
2010-05-30,39.93356938483548,28.656309012875536,9.983419170243204,9.285250357653792,7.994921316165952,
2010-05-31,39.93356938483548,28.656309012875536,9.983419170243204,9.285250357653792,7.994921316165952,
2010-06-01,39.92505002858776,28.65403087478559,9.98857918810749,9.283290451686678,7.999213836477988,
2010-06-02,39.91783061982291,28.653470437017994,9.993730362753498,9.281762353613255,8.002213653241931,
2010-06-03,39.91783061982291,28.653470437017994,9.993730362753498,9.281762353613255,8.002213653241931,
2010-06-04,39.91276398401826,28.65376712328767,9.998016552511414,9.278952625570778,8.00392408675799,
2010-06-05,39.91276398401826,28.65376712328767,9.998016552511414,9.278952625570778,8.00392408675799,
2010-06-06,39.91276398401826,28.65376712328767,9.998016552511414,9.278952625570778,8.00392408675799,
2010-06-07,39.91276398401826,28.65376712328767,9.998016552511414,9.278952625570778,8.00392408675799,
2010-06-08,39.91276398401826,28.65376712328767,9.998016552511414,9.278952625570778,8.00392408675799,
2010-06-09,39.90599515255204,28.6519247219846,10.003578557171371,9.27614770459082,8.007770173937839,
2010-06-10,39.90599515255204,28.6519247219846,10.003578557171371,9.27614770459082,8.007770173937839,
2010-06-11,39.89838319088319,28.65222222222222,10.008703703703702,9.273347578347579,8.011182336182337,
2010-06-12,39.89838319088319,28.65222222222222,10.008703703703702,9.273347578347579,8.011182336182337,
2010-06-13,39.89838319088319,28.65222222222222,10.008703703703702,9.273347578347579,8.011182336182337,
2010-06-14,39.89838319088319,28.65222222222222,10.008703703703702,9.273347578347579,8.011182336182337,
2010-06-15,39.89163820096783,28.65251921434671,10.014674067748363,9.269698263592371,8.013734699686879,
2010-06-16,39.88405147895335,28.651535836177473,10.020207622298065,9.266908418657566,8.016709328782708,
2010-06-17,39.88405147895335,28.651535836177473,10.020207622298065,9.266908418657566,8.016709328782708,
2010-06-18,39.87818272236431,28.653537936913896,10.024452969593634,9.263270815572607,8.019252628587667,
2010-06-19,39.87818272236431,28.653537936913896,10.024452969593634,9.263270815572607,8.019252628587667,
2010-06-20,39.87818272236431,28.653537936913896,10.024452969593634,9.263270815572607,8.019252628587667,
2010-06-21,39.87818272236431,28.653537936913896,10.024452969593634,9.263270815572607,8.019252628587667,
2010-06-22,39.87818272236431,28.653537936913896,10.024452969593634,9.263270815572607,8.019252628587667,
2010-06-23,39.87104628052243,28.653194207836457,10.030075241340146,9.260491198182851,8.022217490062465,
2010-06-24,39.87104628052243,28.653194207836457,10.030075241340146,9.260491198182851,8.022217490062465,
2010-06-25,39.87104628052243,28.653194207836457,10.030075241340146,9.260491198182851,8.022217490062465,
2010-06-26,39.87104628052243,28.653194207836457,10.030075241340146,9.260491198182851,8.022217490062465,
2010-06-27,39.87104628052243,28.653194207836457,10.030075241340146,9.260491198182851,8.022217490062465,
2010-06-28,39.87104628052243,28.653194207836457,10.030075241340146,9.260491198182851,8.022217490062465,
2010-06-29,39.864347517730494,28.65178723404255,10.036858156028368,9.256014184397165,8.024751773049646,
2010-06-30,39.85766014739229,28.652083333333334,10.041928854875282,9.253245464852608,8.028132086167801,
2010-07-01,39.85183375814216,28.65322854715378,10.047840555083544,9.249631832342114,8.029807419994336,
2010-07-02,39.85183375814216,28.65322854715378,10.047840555083544,9.249631832342114,8.029807419994336,
2010-07-03,39.85183375814216,28.65322854715378,10.047840555083544,9.249631832342114,8.029807419994336,
2010-07-04,39.85183375814216,28.65322854715378,10.047840555083544,9.249631832342114,8.029807419994336,
2010-07-05,39.85183375814216,28.65322854715378,10.047840555083544,9.249631832342114,8.029807419994336,
2010-07-06,39.85183375814216,28.65322854715378,10.047840555083544,9.249631832342114,8.029807419994336,
2010-07-07,39.8443194680249,28.65224957555178,10.054166666666665,9.246024335031127,8.032753254103,
2010-07-08,39.8443194680249,28.65224957555178,10.054166666666665,9.246024335031127,8.032753254103,
2010-07-09,39.8443194680249,28.65224957555178,10.054166666666665,9.246024335031127,8.032753254103,
2010-07-10,39.8443194680249,28.65224957555178,10.054166666666665,9.246024335031127,8.032753254103,
2010-07-11,39.8443194680249,28.65224957555178,10.054166666666665,9.246024335031127,8.032753254103,
2010-07-12,39.8443194680249,28.65224957555178,10.054166666666665,9.246024335031127,8.032753254103,
2010-07-13,39.8443194680249,28.65224957555178,10.054166666666665,9.246024335031127,8.032753254103,
2010-07-14,39.83681792479502,28.652544529262084,10.06005795872208,9.242422957308454,8.035270002827255,
2010-07-15,39.83681792479502,28.652544529262084,10.06005795872208,9.242422957308454,8.035270002827255,
2010-07-16,39.831024011299434,28.655381355932203,10.064244350282484,9.23882768361582,8.036935028248589,
2010-07-17,39.831024011299434,28.655381355932203,10.064244350282484,9.23882768361582,8.036935028248589,
2010-07-18,39.831024011299434,28.655381355932203,10.064244350282484,9.23882768361582,8.036935028248589,
2010-07-19,39.831024011299434,28.655381355932203,10.064244350282484,9.23882768361582,8.036935028248589,
2010-07-20,39.82396979960485,28.657790008467398,10.068847022297486,9.23650860852385,8.038173863957098,
2010-07-21,39.81678652002256,28.658361534122957,10.074710941906373,9.232642413987591,8.040397631133672,
2010-07-22,39.81678652002256,28.658361534122957,10.074710941906373,9.232642413987591,8.040397631133672,
2010-07-23,39.81102423217808,28.659495632572558,10.08056494787264,9.229064525218371,8.042054099746407,
2010-07-24,39.81102423217808,28.659495632572558,10.08056494787264,9.229064525218371,8.042054099746407,
2010-07-25,39.81102423217808,28.659495632572558,10.08056494787264,9.229064525218371,8.042054099746407,
2010-07-26,39.81102423217808,28.659495632572558,10.08056494787264,9.229064525218371,8.042054099746407,
2010-07-27,39.81102423217808,28.659495632572558,10.08056494787264,9.229064525218371,8.042054099746407,
2010-07-28,39.80316019144144,28.659360923423424,10.086831362612612,9.225914977477478,8.044552364864865,
2010-07-29,39.80316019144144,28.659360923423424,10.086831362612612,9.225914977477478,8.044552364864865,
2010-07-30,39.80316019144144,28.659360923423424,10.086831362612612,9.225914977477478,8.044552364864865,
2010-07-31,39.80316019144144,28.659360923423424,10.086831362612612,9.225914977477478,8.044552364864865,
2010-08-01,39.80316019144144,28.659360923423424,10.086831362612612,9.225914977477478,8.044552364864865,
2010-08-02,39.80316019144144,28.659360923423424,10.086831362612612,9.225914977477478,8.044552364864865,
2010-08-03,39.80316019144144,28.659360923423424,10.086831362612612,9.225914977477478,8.044552364864865,
2010-08-04,39.7953094233474,28.659226441631507,10.092665260196904,9.223192686357244,8.047046413502109,
2010-08-05,39.787893479482854,28.66120011242271,10.098489319842608,9.219631815626757,8.048693086003373,
2010-08-06,39.787893479482854,28.66120011242271,10.098489319842608,9.219631815626757,8.048693086003373,
2010-08-07,39.787893479482854,28.66120011242271,10.098489319842608,9.219631815626757,8.048693086003373,
2010-08-08,39.787893479482854,28.66120011242271,10.098489319842608,9.219631815626757,8.048693086003373,
2010-08-09,39.787893479482854,28.66120011242271,10.098489319842608,9.219631815626757,8.048693086003373,
2010-08-10,39.787893479482854,28.66120011242271,10.098489319842608,9.219631815626757,8.048693086003373,
2010-08-11,39.779647570907045,28.66148553777029,10.10514602639708,9.216498174670036,8.05117944397641,
2010-08-12,39.779647570907045,28.66148553777029,10.10514602639708,9.216498174670036,8.05117944397641,
2010-08-13,39.779647570907045,28.66148553777029,10.10514602639708,9.216498174670036,8.05117944397641,
2010-08-14,39.779647570907045,28.66148553777029,10.10514602639708,9.216498174670036,8.05117944397641,
2010-08-15,39.779647570907045,28.66148553777029,10.10514602639708,9.216498174670036,8.05117944397641,
2010-08-16,39.779647570907045,28.66148553777029,10.10514602639708,9.216498174670036,8.05117944397641,
2010-08-17,39.77225729517396,28.66429573512907,10.110949775533108,9.213790684624017,8.051557239057239,
2010-08-18,39.76487945051864,28.663737033922065,10.11800532660499,9.210246705915335,8.053616484440706,
2010-08-19,39.76487945051864,28.663737033922065,10.11800532660499,9.210246705915335,8.053616484440706,
2010-08-20,39.75751400560224,28.665700280112045,10.122948179271708,9.206708683473389,8.055252100840336,
2010-08-21,39.75751400560224,28.665700280112045,10.122948179271708,9.206708683473389,8.055252100840336,
2010-08-22,39.75751400560224,28.665700280112045,10.122948179271708,9.206708683473389,8.055252100840336,
2010-08-23,39.75751400560224,28.665700280112045,10.122948179271708,9.206708683473389,8.055252100840336,
2010-08-24,39.75751400560224,28.665700280112045,10.122948179271708,9.206708683473389,8.055252100840336,
2010-08-25,39.74974111390988,28.664721522530087,10.130401623285753,9.204016232857542,8.057304785894207,
2010-08-26,39.74974111390988,28.664721522530087,10.130401623285753,9.204016232857542,8.057304785894207,
2010-08-27,39.74407857941834,28.666680648769574,10.135325782997763,9.20048937360179,8.05893456375839,
2010-08-28,39.74407857941834,28.666680648769574,10.135325782997763,9.20048937360179,8.05893456375839,
2010-08-29,39.74407857941834,28.666680648769574,10.135325782997763,9.20048937360179,8.05893456375839,
2010-08-30,39.74407857941834,28.666680648769574,10.135325782997763,9.20048937360179,8.05893456375839,
2010-08-31,39.74407857941834,28.666680648769574,10.135325782997763,9.20048937360179,8.05893456375839,
2010-09-01,39.73674909192512,28.666540933221572,10.142337245040514,9.197806649902207,8.060142497904442,
2010-09-02,39.730269402568396,28.667657733109994,10.148080681183696,9.19429089893914,8.06176716917923,
2010-09-03,39.730269402568396,28.667657733109994,10.148080681183696,9.19429089893914,8.06176716917923,
2010-09-04,39.730269402568396,28.667657733109994,10.148080681183696,9.19429089893914,8.06176716917923,
2010-09-05,39.730269402568396,28.667657733109994,10.148080681183696,9.19429089893914,8.06176716917923,
2010-09-06,39.730269402568396,28.667657733109994,10.148080681183696,9.19429089893914,8.06176716917923,
2010-09-07,39.730269402568396,28.667657733109994,10.148080681183696,9.19429089893914,8.06176716917923,
2010-09-08,39.72296373779637,28.66584379358438,10.156324965132496,9.191199442119945,8.063807531380753,
2010-09-09,39.72296373779637,28.66584379358438,10.156324965132496,9.191199442119945,8.063807531380753,
2010-09-10,39.71650641025641,28.667795429208475,10.162047101449275,9.187695094760313,8.065426421404682,
2010-09-11,39.71650641025641,28.667795429208475,10.162047101449275,9.187695094760313,8.065426421404682,
2010-09-12,39.71650641025641,28.667795429208475,10.162047101449275,9.187695094760313,8.065426421404682,
2010-09-13,39.71650641025641,28.667795429208475,10.162047101449275,9.187695094760313,8.065426421404682,
2010-09-14,39.71650641025641,28.667795429208475,10.162047101449275,9.187695094760313,8.065426421404682,
2010-09-15,39.7088067390699,28.665566694514062,10.170265942634362,9.184614313561681,8.067878028404344,
2010-09-16,39.7088067390699,28.665566694514062,10.170265942634362,9.184614313561681,8.067878028404344,
2010-09-17,39.701954646633276,28.666263216471897,10.176384251530328,9.181121313299945,8.069908180300501,
2010-09-18,39.701954646633276,28.666263216471897,10.176384251530328,9.181121313299945,8.069908180300501,
2010-09-19,39.701954646633276,28.666263216471897,10.176384251530328,9.181121313299945,8.069908180300501,
2010-09-20,39.701954646633276,28.666263216471897,10.176384251530328,9.181121313299945,8.069908180300501,
2010-09-21,39.695948012232414,28.666958576591604,10.183326383097025,9.178885182096192,8.069849874895747,
2010-09-22,39.687868055555555,28.66390277777778,10.19317361111111,9.175819444444445,8.071875,
2010-09-23,39.687868055555555,28.66390277777778,10.19317361111111,9.175819444444445,8.071875,
2010-09-24,39.68063419372745,28.665015265056898,10.200506522342492,9.172342492367472,8.072647793505412,
2010-09-25,39.68063419372745,28.665015265056898,10.200506522342492,9.172342492367472,8.072647793505412,
2010-09-26,39.68063419372745,28.665015265056898,10.200506522342492,9.172342492367472,8.072647793505412,
2010-09-27,39.68063419372745,28.665015265056898,10.200506522342492,9.172342492367472,8.072647793505412,
2010-09-28,39.68063419372745,28.665015265056898,10.200506522342492,9.172342492367472,8.072647793505412,
2010-09-29,39.67258042151969,28.663214087631726,10.209907099278979,9.169287298946202,8.074251247920133,
2010-09-30,39.67258042151969,28.663214087631726,10.209907099278979,9.169287298946202,8.074251247920133,
2010-10-01,39.6662025491826,28.663909670268772,10.216798282072595,9.165821557218067,8.075436408977556,
2010-10-02,39.6662025491826,28.663909670268772,10.216798282072595,9.165821557218067,8.075436408977556,
2010-10-03,39.6662025491826,28.663909670268772,10.216798282072595,9.165821557218067,8.075436408977556,
2010-10-04,39.6662025491826,28.663909670268772,10.216798282072595,9.165821557218067,8.075436408977556,
2010-10-05,39.6662025491826,28.663909670268772,10.216798282072595,9.165821557218067,8.075436408977556,
2010-10-06,39.65900470653378,28.66128183831672,10.2265849944629,9.162776854928017,8.076619601328904,
2010-10-07,39.652648686030425,28.659903181189488,10.23469571230982,9.159322268326418,8.079045643153528,
2010-10-08,39.652648686030425,28.659903181189488,10.23469571230982,9.159322268326418,8.079045643153528,
2010-10-09,39.652648686030425,28.659903181189488,10.23469571230982,9.159322268326418,8.079045643153528,
2010-10-10,39.652648686030425,28.659903181189488,10.23469571230982,9.159322268326418,8.079045643153528,
2010-10-11,39.652648686030425,28.659903181189488,10.23469571230982,9.159322268326418,8.079045643153528,
2010-10-12,39.652648686030425,28.659903181189488,10.23469571230982,9.159322268326418,8.079045643153528,
2010-10-13,39.644230237700384,28.65686843559978,10.245695135433941,9.15545881702598,8.081467661691542,
2010-10-14,39.644230237700384,28.65686843559978,10.245695135433941,9.15545881702598,8.081467661691542,
2010-10-15,39.63706848936758,28.65632421982878,10.254605081469206,9.152016017674676,8.083057166528583,
2010-10-16,39.63706848936758,28.65632421982878,10.254605081469206,9.152016017674676,8.083057166528583,
2010-10-17,39.63706848936758,28.65632421982878,10.254605081469206,9.152016017674676,8.083057166528583,
2010-10-18,39.63706848936758,28.65632421982878,10.254605081469206,9.152016017674676,8.083057166528583,
2010-10-19,39.63706848936758,28.65632421982878,10.254605081469206,9.152016017674676,8.083057166528583,
2010-10-20,39.629504690949226,28.653849337748344,10.264741997792493,9.148440949227373,8.084782008830022,
2010-10-21,39.629504690949226,28.653849337748344,10.264741997792493,9.148440949227373,8.084782008830022,
2010-10-22,39.623194099807,28.65413564929694,10.272794320374965,9.14500964984836,8.085539012958368,
2010-10-23,39.623194099807,28.65413564929694,10.272794320374965,9.14500964984836,8.085539012958368,
2010-10-24,39.623194099807,28.65413564929694,10.272794320374965,9.14500964984836,8.085539012958368,
2010-10-25,39.623194099807,28.65413564929694,10.272794320374965,9.14500964984836,8.085539012958368,
2010-10-26,39.623194099807,28.65413564929694,10.272794320374965,9.14500964984836,8.085539012958368,
2010-10-27,39.61606749311294,28.65166666666667,10.282210743801652,9.141584022038568,8.087121212121211,
2010-10-28,39.61606749311294,28.65166666666667,10.282210743801652,9.141584022038568,8.087121212121211,
2010-10-29,39.61606749311294,28.65166666666667,10.282210743801652,9.141584022038568,8.087121212121211,
2010-10-30,39.61606749311294,28.65166666666667,10.282210743801652,9.141584022038568,8.087121212121211,
2010-10-31,39.61606749311294,28.65166666666667,10.282210743801652,9.141584022038568,8.087121212121211,
2010-11-01,39.61606749311294,28.65166666666667,10.282210743801652,9.141584022038568,8.087121212121211,
2010-11-02,39.61606749311294,28.65166666666667,10.282210743801652,9.141584022038568,8.087121212121211,
2010-11-03,39.608539774291216,28.647825488576938,10.292712634186623,9.137751169832095,8.089526562069913,
2010-11-04,39.60226210121012,28.64646589658966,10.302372112211222,9.134337183718372,8.090277777777777,
2010-11-05,39.60226210121012,28.64646589658966,10.302372112211222,9.134337183718372,8.090277777777777,
2010-11-06,39.60226210121012,28.64646589658966,10.302372112211222,9.134337183718372,8.090277777777777,
2010-11-07,39.60226210121012,28.64646589658966,10.302372112211222,9.134337183718372,8.090277777777777,
2010-11-08,39.60226210121012,28.64646589658966,10.302372112211222,9.134337183718372,8.090277777777777,
2010-11-09,39.60226210121012,28.64646589658966,10.302372112211222,9.134337183718372,8.090277777777777,
2010-11-10,39.59558257763122,28.64345974168728,10.312015663643859,9.131341027754878,8.09185215718604,
2010-11-11,39.59558257763122,28.64345974168728,10.312015663643859,9.131341027754878,8.09185215718604,
2010-11-12,39.58932591982427,28.642105985722132,10.321231466227347,9.127937946183417,8.093012081274026,
2010-11-13,39.58932591982427,28.642105985722132,10.321231466227347,9.127937946183417,8.093012081274026,
2010-11-14,39.582256515775036,28.64075445816187,10.330843621399177,9.124540466392318,8.094581618655692,
2010-11-15,39.582256515775036,28.64075445816187,10.330843621399177,9.124540466392318,8.094581618655692,
2010-11-16,39.57602110745614,28.63858278508772,10.33961759868421,9.121148574561404,8.096148574561402,
2010-11-17,39.57061763900301,28.63394960284854,10.34919884963024,9.117762256915913,8.098534648041632,
2010-11-18,39.57061763900301,28.63394960284854,10.34919884963024,9.117762256915913,8.098534648041632,
2010-11-19,39.57061763900301,28.63394960284854,10.34919884963024,9.117762256915913,8.098534648041632,
2010-11-20,39.57061763900301,28.63394960284854,10.34919884963024,9.117762256915913,8.098534648041632,
2010-11-21,39.564402025177884,28.631787082649154,10.357122331691297,9.115202517788726,8.100095785440612,
2010-11-22,39.564402025177884,28.631787082649154,10.357122331691297,9.115202517788726,8.100095785440612,
2010-11-23,39.564402025177884,28.631787082649154,10.357122331691297,9.115202517788726,8.100095785440612,
2010-11-24,39.55901695378726,28.62860267979218,10.36564807219032,9.11223680612524,8.101244189226142,
2010-11-25,39.55901695378726,28.62860267979218,10.36564807219032,9.11223680612524,8.101244189226142,
2010-11-26,39.55901695378726,28.62860267979218,10.36564807219032,9.11223680612524,8.101244189226142,
2010-11-27,39.55901695378726,28.62860267979218,10.36564807219032,9.11223680612524,8.101244189226142,
2010-11-28,39.55364071038251,28.624808743169403,10.37436475409836,9.109685792349728,8.10198087431694,
2010-11-29,39.55364071038251,28.624808743169403,10.37436475409836,9.109685792349728,8.10198087431694,
2010-11-30,39.55364071038251,28.624808743169403,10.37436475409836,9.109685792349728,8.10198087431694,
2010-12-01,39.549092274092274,28.619383019383022,10.38388615888616,9.106319956319957,8.103535353535353,
2010-12-02,39.54291462084015,28.61805782869613,10.392573649754501,9.10295962902346,8.105087288597927,
2010-12-03,39.53838239302262,28.616734805124015,10.400429272281276,9.099604796947398,8.10581902425729,
2010-12-04,39.53838239302262,28.616734805124015,10.400429272281276,9.099604796947398,8.10581902425729,
2010-12-05,39.5338575708061,28.612962962962964,10.40827205882353,9.096255446623095,8.107366557734204,
2010-12-06,39.5338575708061,28.612962962962964,10.40827205882353,9.096255446623095,8.107366557734204,
2010-12-07,39.5338575708061,28.612962962962964,10.40827205882353,9.096255446623095,8.107366557734204,
2010-12-08,39.52934013605442,28.608380952380955,10.41691836734694,9.092095238095238,8.10891156462585,
2010-12-09,39.52934013605442,28.608380952380955,10.41691836734694,9.092095238095238,8.10891156462585,
2010-12-10,39.524014410005435,28.607069059271346,10.424734910277325,9.088757476889615,8.110454051114736,
2010-12-11,39.524014410005435,28.607069059271346,10.424734910277325,9.088757476889615,8.110454051114736,
2010-12-12,39.52032735669655,28.604129312686773,10.431723716381418,9.085425156207553,8.111994023363216,
2010-12-13,39.52032735669655,28.604129312686773,10.431723716381418,9.085425156207553,8.111994023363216,
2010-12-14,39.52032735669655,28.604129312686773,10.431723716381418,9.085425156207553,8.111994023363216,
2010-12-15,39.51583197611292,28.60038002171553,10.439515472312705,9.081283930510315,8.114345819761128,
2010-12-16,39.510530241388665,28.5990778410632,10.447294548413344,9.077963113642529,8.115066449688094,
2010-12-17,39.506050135501354,28.598590785907863,10.454247967479676,9.074647696476966,8.115785907859077,
2010-12-18,39.506050135501354,28.598590785907863,10.454247967479676,9.074647696476966,8.115785907859077,
2010-12-19,39.50157730842134,28.596479826699163,10.462002437043054,9.071337665854319,8.117316544814514,
2010-12-20,39.50157730842134,28.596479826699163,10.462002437043054,9.071337665854319,8.117316544814514,
2010-12-21,39.49751758658009,28.59457521645022,10.468729707792209,9.067627164502165,8.118438852813853,
2010-12-22,39.49751758658009,28.59457521645022,10.468729707792209,9.067627164502165,8.118438852813853,
2010-12-23,39.49751758658009,28.59457521645022,10.468729707792209,9.067627164502165,8.118438852813853,
2010-12-24,39.49751758658009,28.59457521645022,10.468729707792209,9.067627164502165,8.118438852813853,
2010-12-25,39.49751758658009,28.59457521645022,10.468729707792209,9.067627164502165,8.118438852813853,
2010-12-26,39.493058934847255,28.59328196809949,10.47564882400649,9.06432819680995,8.119964855366314,
2010-12-27,39.493058934847255,28.59328196809949,10.47564882400649,9.06432819680995,8.119964855366314,
2010-12-28,39.48860750945435,28.59037007023231,10.483367098865479,9.059413830361967,8.122298757428416,
2010-12-29,39.48860750945435,28.59037007023231,10.483367098865479,9.059413830361967,8.122298757428416,
2010-12-30,39.48860750945435,28.59037007023231,10.483367098865479,9.059413830361967,8.122298757428416,
2010-12-31,39.48860750945435,28.59037007023231,10.483367098865479,9.059413830361967,8.122298757428416,
2011-01-01,39.48860750945435,28.59037007023231,10.483367098865479,9.059413830361967,8.122298757428416,
2011-01-02,39.48860750945435,28.59037007023231,10.483367098865479,9.059413830361967,8.122298757428416,
2011-01-03,39.48860750945435,28.59037007023231,10.483367098865479,9.059413830361967,8.122298757428416,
2011-01-04,39.484163292847505,28.586653171390015,10.491072874493927,9.05531713900135,8.124628879892038,
2011-01-05,39.484163292847505,28.586653171390015,10.491072874493927,9.05531713900135,8.124628879892038,
2011-01-06,39.48134439050701,28.58456040992449,10.4979571197411,9.051227076591156,8.125337108953614,
2011-01-07,39.48134439050701,28.58456040992449,10.4979571197411,9.051227076591156,8.125337108953614,
2011-01-08,39.48134439050701,28.58456040992449,10.4979571197411,9.051227076591156,8.125337108953614,
2011-01-09,39.47772163837241,28.58247103206683,10.505638641875505,9.04795203449205,8.126044192939908,
2011-01-10,39.47772163837241,28.58247103206683,10.505638641875505,9.04795203449205,8.126044192939908,
2011-01-11,39.47772163837241,28.58247103206683,10.505638641875505,9.04795203449205,8.126044192939908,
2011-01-12,39.474104738826064,28.579577275175016,10.514115508885299,9.04306677436726,8.12675013462574,
2011-01-13,39.474104738826064,28.579577275175016,10.514115508885299,9.04306677436726,8.12675013462574,
2011-01-14,39.470493677697064,28.57991659940813,10.520157384987893,9.039803605057843,8.126647834274953,
2011-01-15,39.470493677697064,28.57991659940813,10.520157384987893,9.039803605057843,8.126647834274953,
2011-01-16,39.46688844086022,28.57783602150538,10.526995967741936,9.036545698924732,8.127352150537634,
2011-01-17,39.46688844086022,28.57783602150538,10.526995967741936,9.036545698924732,8.127352150537634,
2011-01-18,39.46688844086022,28.57783602150538,10.526995967741936,9.036545698924732,8.127352150537634,
2011-01-19,39.4640948160086,28.574147193123828,10.53462933118453,9.032487241471932,8.128055331721729,
2011-01-20,39.4640948160086,28.574147193123828,10.53462933118453,9.032487241471932,8.128055331721729,
2011-01-21,39.45969538378959,28.57368491680086,10.541445249597423,9.02843531937735,8.127952227589908,
2011-01-22,39.45969538378959,28.57368491680086,10.541445249597423,9.02843531937735,8.127952227589908,
2011-01-23,39.45610753553231,28.57241887905605,10.548250201126308,9.025194422097078,8.128653794582998,
2011-01-24,39.45172159699893,28.571154876741698,10.55504421221865,9.021958735262594,8.129354233654876,
2011-01-25,39.44774431057564,28.57029451137885,10.561024096385543,9.019129852744312,8.129651941097723,
2011-01-26,39.44577982878545,28.565823970037457,10.56859951845907,9.015101658640985,8.130350454788656,
2011-01-27,39.44577982878545,28.565823970037457,10.56859951845907,9.015101658640985,8.130350454788656,
2011-01-28,39.44301657310879,28.56456829724673,10.575360866078588,9.011881849772788,8.130245923549852,
2011-01-29,39.44301657310879,28.56456829724673,10.575360866078588,9.011881849772788,8.130245923549852,
2011-01-30,39.4402577457265,28.56411591880342,10.581310096153846,9.00786591880342,8.13094284188034,
2011-01-31,39.4402577457265,28.56411591880342,10.581310096153846,9.00786591880342,8.13094284188034,
2011-02-01,39.4402577457265,28.56411591880342,10.581310096153846,9.00786591880342,8.13094284188034,
2011-02-02,39.43750333600214,28.558860421670673,10.589651721377102,9.004657058980518,8.131638644248731,
2011-02-03,39.43475333333333,28.556013333333336,10.59638,9.001453333333334,8.131533333333334,
2011-02-04,39.43475333333333,28.556013333333336,10.59638,9.001453333333334,8.131533333333334,
2011-02-05,39.43475333333333,28.556013333333336,10.59638,9.001453333333334,8.131533333333334,
2011-02-06,39.43120836664002,28.554769517719162,10.601498800959233,8.998254729549695,8.13302691180389,
2011-02-07,39.43120836664002,28.554769517719162,10.601498800959233,8.998254729549695,8.13302691180389,
2011-02-08,39.43120836664002,28.554769517719162,10.601498800959233,8.998254729549695,8.13302691180389,
2011-02-09,39.428467784877526,28.549534078807245,10.609005591054313,8.995061235356763,8.134518104366347,
2011-02-10,39.428467784877526,28.549534078807245,10.609005591054313,8.995061235356763,8.134518104366347,
2011-02-11,39.42573157754722,28.548297419526474,10.614106145251396,8.991872838520884,8.135208832136206,
2011-02-12,39.42573157754722,28.548297419526474,10.614106145251396,8.991872838520884,8.135208832136206,
2011-02-13,39.42140483785221,28.545467836257313,10.62079346092504,8.98948697501329,8.136695906432749,
2011-02-14,39.417881806108895,28.543439575033204,10.627470119521913,8.986308100929616,8.13738379814077,
2011-02-15,39.417881806108895,28.543439575033204,10.627470119521913,8.986308100929616,8.13738379814077,
2011-02-16,39.41516056263269,28.538229830148623,10.634136146496816,8.983134288747348,8.139662951167727,
2011-02-17,39.41516056263269,28.538229830148623,10.634136146496816,8.983134288747348,8.139662951167727,
2011-02-18,39.41204587642535,28.535812781755507,10.640393794749404,8.979965526385575,8.140347387960752,
2011-02-19,39.41204587642535,28.535812781755507,10.640393794749404,8.979965526385575,8.140347387960752,
2011-02-20,39.40853868574457,28.533002119766827,10.647038950715421,8.977596714361422,8.141030736618971,
2011-02-21,39.40853868574457,28.533002119766827,10.647038950715421,8.977596714361422,8.141030736618971,
2011-02-22,39.40853868574457,28.533002119766827,10.647038950715421,8.977596714361422,8.141030736618971,
2011-02-23,39.4058313476304,28.53079163357162,10.652283558379667,8.975033095048982,8.141514429441354,
2011-02-24,39.402334656084655,28.529576719576724,10.657321428571429,8.972671957671958,8.141402116402116,
2011-02-25,39.39963653185303,28.5299497753106,10.660765265662173,8.969521543748348,8.142083002907745,
2011-02-26,39.39963653185303,28.5299497753106,10.660765265662173,8.969521543748348,8.142083002907745,
2011-02-27,39.39615029054411,28.529529846804017,10.664996038034866,8.96716851558373,8.142762810353934,
2011-02-28,39.39615029054411,28.529529846804017,10.664996038034866,8.96716851558373,8.142762810353934,
2011-03-01,39.39615029054411,28.529529846804017,10.664996038034866,8.96716851558373,8.142762810353934,
2011-03-02,39.391877804169965,28.528318817629984,10.66922011084719,8.964027447875429,8.144233306941144,
2011-03-03,39.391877804169965,28.528318817629984,10.66922011084719,8.964027447875429,8.144233306941144,
2011-03-04,39.391877804169965,28.528318817629984,10.66922011084719,8.964027447875429,8.144233306941144,
2011-03-05,39.391877804169965,28.528318817629984,10.66922011084719,8.964027447875429,8.144233306941144,
2011-03-06,39.386820938818566,28.528691983122364,10.672646360759494,8.962473628691983,8.144910337552743,
2011-03-07,39.386820938818566,28.528691983122364,10.672646360759494,8.962473628691983,8.144910337552743,
2011-03-08,39.386820938818566,28.528691983122364,10.672646360759494,8.962473628691983,8.144910337552743,
2011-03-09,39.384143610013176,28.5266930171278,10.676857707509882,8.959341238471675,8.146376811594202,
2011-03-10,39.380680621379675,28.526276987888366,10.680272511848342,8.957003686150607,8.147051079515535,
2011-03-11,39.380680621379675,28.526276987888366,10.680272511848342,8.957003686150607,8.147051079515535,
2011-03-12,39.380680621379675,28.526276987888366,10.680272511848342,8.957003686150607,8.147051079515535,
2011-03-13,39.37722309918443,28.52586161536438,10.683681925808997,8.954669823730597,8.148513549066035,
2011-03-14,39.37722309918443,28.52586161536438,10.683681925808997,8.954669823730597,8.148513549066035,
2011-03-15,39.37722309918443,28.52586161536438,10.683681925808997,8.954669823730597,8.148513549066035,
2011-03-16,39.37469111461619,28.52465825446898,10.687874605678234,8.952208201892745,8.149185068349105,
2011-03-17,39.37469111461619,28.52465825446898,10.687874605678234,8.952208201892745,8.149185068349105,
2011-03-18,39.37124376149199,28.524244812188076,10.695212765957447,8.94909377462569,8.148279485158918,
2011-03-19,39.37124376149199,28.524244812188076,10.695212765957447,8.94909377462569,8.148279485158918,
2011-03-20,39.36701443569554,28.52383202099738,10.700964566929134,8.945984251968504,8.148950131233596,
2011-03-21,39.36279176501442,28.52263309729872,10.70828088119591,8.942879622344611,8.148832939942302,
2011-03-22,39.36279176501442,28.52263309729872,10.70828088119591,8.942879622344611,8.148832939942302,
2011-03-23,39.35778957023061,28.519863731656187,10.7155856918239,8.939779874213837,8.149502096436057,
2011-03-24,39.35436632626342,28.518669808850486,10.723664571877455,8.93668499607227,8.148599109714585,
2011-03-25,39.35436632626342,28.518669808850486,10.723664571877455,8.93668499607227,8.148599109714585,
2011-03-26,39.35436632626342,28.518669808850486,10.723664571877455,8.93668499607227,8.148599109714585,
2011-03-27,39.35016352694924,28.517477760334906,10.730945839874412,8.932810047095762,8.1492673992674,
2011-03-28,39.35016352694924,28.517477760334906,10.730945839874412,8.932810047095762,8.1492673992674,
2011-03-29,39.35016352694924,28.517477760334906,10.730945839874412,8.932810047095762,8.1492673992674,
2011-03-30,39.34518300653595,28.51471895424837,10.739,8.929725490196079,8.149150326797384,
2011-03-31,39.34518300653595,28.51471895424837,10.739,8.929725490196079,8.149150326797384,
2011-04-01,39.34099399164054,28.514315569487987,10.745474137931035,8.926645768025079,8.14903343782654,
2011-04-02,39.34099399164054,28.514315569487987,10.745474137931035,8.926645768025079,8.14903343782654,
2011-04-03,39.336028452101274,28.512346645784394,10.755070477682068,8.923570869224745,8.14891673192378,
2011-04-04,39.336028452101274,28.512346645784394,10.755070477682068,8.923570869224745,8.14891673192378,
2011-04-05,39.336028452101274,28.512346645784394,10.755070477682068,8.923570869224745,8.14891673192378,
2011-04-06,39.32872326551904,28.508033385498177,10.768564162754304,8.918935837245696,8.149582681272822,
2011-04-07,39.32377508470159,28.506854313265574,10.77812744331509,8.915871774824081,8.1486838676049,
2011-04-08,39.32377508470159,28.506854313265574,10.77812744331509,8.915871774824081,8.1486838676049,
2011-04-09,39.32377508470159,28.506854313265574,10.77812744331509,8.915871774824081,8.1486838676049,
2011-04-10,39.318834635416664,28.504114583333337,10.788457031250001,8.91203125,8.148567708333333,
2011-04-11,39.318834635416664,28.504114583333337,10.788457031250001,8.91203125,8.148567708333333,
2011-04-12,39.318834635416664,28.504114583333337,10.788457031250001,8.91203125,8.148567708333333,
2011-04-13,39.311559979182924,28.500598490762428,10.801112412177986,8.908196721311475,8.148451730418943,
2011-04-14,39.311559979182924,28.500598490762428,10.801112412177986,8.908196721311475,8.148451730418943,
2011-04-15,39.307026781071244,28.499037961518464,10.81101794071763,8.904368174726988,8.147945917836713,
2011-04-16,39.307026781071244,28.499037961518464,10.81101794071763,8.904368174726988,8.147945917836713,
2011-04-17,39.301331514679134,28.494751883606135,10.821297739672643,8.901325019485581,8.148610028578851,
2011-04-18,39.301331514679134,28.494751883606135,10.821297739672643,8.901325019485581,8.148610028578851,
2011-04-19,39.29564511941848,28.492030114226377,10.832340342679128,8.897767393561786,8.148234683281412,
2011-04-20,39.29564511941848,28.492030114226377,10.832340342679128,8.897767393561786,8.148234683281412,
2011-04-21,39.29564511941848,28.492030114226377,10.832340342679128,8.897767393561786,8.148234683281412,
2011-04-22,39.29564511941848,28.492030114226377,10.832340342679128,8.897767393561786,8.148234683281412,
2011-04-23,39.29564511941848,28.492030114226377,10.832340342679128,8.897767393561786,8.148234683281412,
2011-04-24,39.2907457846952,28.489312581063558,10.8418093385214,8.893955901426718,8.148119325551233,
2011-04-25,39.2907457846952,28.489312581063558,10.8418093385214,8.893955901426718,8.148119325551233,
2011-04-26,39.2907457846952,28.489312581063558,10.8418093385214,8.893955901426718,8.148119325551233,
2011-04-27,39.284298859512695,28.484266459305342,10.85437402799378,8.890150336962156,8.148781752203215,
2011-04-28,39.284298859512695,28.484266459305342,10.85437402799378,8.890150336962156,8.148781752203215,
2011-04-29,39.284298859512695,28.484266459305342,10.85437402799378,8.890150336962156,8.148781752203215,
2011-04-30,39.284298859512695,28.484266459305342,10.85437402799378,8.890150336962156,8.148781752203215,
2011-05-01,39.28019295519295,28.48078218078218,10.86458818958819,8.886350686350687,8.14866614866615,
2011-05-02,39.28019295519295,28.48078218078218,10.86458818958819,8.886350686350687,8.14866614866615,
2011-05-03,39.28019295519295,28.48078218078218,10.86458818958819,8.886350686350687,8.14866614866615,
2011-05-04,39.27376423395445,28.47497412008282,10.877892080745342,8.882556935817805,8.148550724637682,
2011-05-05,39.27044866821826,28.47305404706491,10.887296353762608,8.878769071631757,8.147659684509957,
2011-05-06,39.267138242894056,28.471136950904395,10.896686046511627,8.87498708010336,8.146770025839794,
2011-05-07,39.267138242894056,28.471136950904395,10.896686046511627,8.87498708010336,8.146770025839794,
2011-05-08,39.26228375935967,28.467673638006715,10.906061192873741,8.871985540924348,8.147430932093984,
2011-05-09,39.26228375935967,28.467673638006715,10.906061192873741,8.871985540924348,8.147430932093984,
2011-05-10,39.26228375935967,28.467673638006715,10.906061192873741,8.871985540924348,8.147430932093984,
2011-05-11,39.25588880288957,28.462667698658414,10.917743808049536,8.868214654282767,8.148090815273479,
2011-05-12,39.25588880288957,28.462667698658414,10.917743808049536,8.868214654282767,8.148090815273479,
2011-05-13,39.25105052848672,28.460763083268887,10.926314771848414,8.865222995617428,8.147976282547049,
2011-05-14,39.25105052848672,28.460763083268887,10.926314771848414,8.865222995617428,8.147976282547049,
2011-05-15,39.246219732096854,28.45731581658939,10.934872488408038,8.862235960844925,8.148634724368883,
2011-05-16,39.246219732096854,28.45731581658939,10.934872488408038,8.862235960844925,8.148634724368883,
2011-05-17,39.246219732096854,28.45731581658939,10.934872488408038,8.862235960844925,8.148634724368883,
2011-05-18,39.241010296010295,28.454259974259976,10.94496138996139,8.85867438867439,8.148326898326898,
2011-05-19,39.241010296010295,28.454259974259976,10.94496138996139,8.85867438867439,8.148326898326898,
2011-05-20,39.236194701646085,28.45082304526749,10.95426311728395,8.854925411522634,8.148984053497943,
2011-05-21,39.236194701646085,28.45082304526749,10.95426311728395,8.854925411522634,8.148984053497943,
2011-05-22,39.23177203803649,28.448933436134674,10.962779491133386,8.851567720380364,8.148869185299409,
2011-05-23,39.23177203803649,28.448933436134674,10.962779491133386,8.851567720380364,8.148869185299409,
2011-05-24,39.23177203803649,28.448933436134674,10.962779491133386,8.851567720380364,8.148869185299409,
2011-05-25,39.22620056497175,28.4431946584489,10.974364406779662,8.848600410888547,8.149524910118132,
2011-05-26,39.22620056497175,28.4431946584489,10.974364406779662,8.848600410888547,8.149524910118132,
2011-05-27,39.22217731588401,28.44285347703362,10.982852193995381,8.844867847061842,8.148639979471389,
2011-05-28,39.22217731588401,28.44285347703362,10.982852193995381,8.844867847061842,8.148639979471389,
2011-05-29,39.21816025641025,28.440974358974362,10.990557692307693,8.842679487179486,8.14852564102564,
2011-05-30,39.21816025641025,28.440974358974362,10.990557692307693,8.842679487179486,8.14852564102564,
2011-05-31,39.21107481424545,28.437560850627726,11.002094542659494,8.838957212400718,8.148411478349988,
2011-06-01,39.21107481424545,28.437560850627726,11.002094542659494,8.838957212400718,8.148411478349988,
2011-06-02,39.21107481424545,28.437560850627726,11.002094542659494,8.838957212400718,8.148411478349988,
2011-06-03,39.21107481424545,28.437560850627726,11.002094542659494,8.838957212400718,8.148411478349988,
2011-06-04,39.21107481424545,28.437560850627726,11.002094542659494,8.838957212400718,8.148411478349988,
2011-06-05,39.20630440348182,28.434920634920637,11.011309523809524,8.836008704557091,8.148297491039427,
2011-06-06,39.20630440348182,28.434920634920637,11.011309523809524,8.836008704557091,8.148297491039427,
2011-06-07,39.20630440348182,28.434920634920637,11.011309523809524,8.836008704557091,8.148297491039427,
2011-06-08,39.199238935789204,28.429982092606807,11.023580199539525,8.833064722435406,8.148183678690202,
2011-06-09,39.19448491820041,28.42735173824131,11.033531441717791,8.830125255623722,8.148070040899796,
2011-06-10,39.190504469987225,28.42702426564496,11.041934865900384,8.826424010217114,8.147190293742018,
2011-06-11,39.190504469987225,28.42702426564496,11.041934865900384,8.826424010217114,8.147190293742018,
2011-06-12,39.18653011740684,28.425165900969887,11.050325421133232,8.822728432873916,8.147077590607454,
2011-06-13,39.18653011740684,28.425165900969887,11.050325421133232,8.822728432873916,8.147077590607454,
2011-06-14,39.18653011740684,28.425165900969887,11.050325421133232,8.822728432873916,8.147077590607454,
2011-06-15,39.180266513644476,28.421015047181843,11.061763580719205,8.819038510584035,8.147730170874777,
2011-06-16,39.180266513644476,28.421015047181843,11.061763580719205,8.819038510584035,8.147730170874777,
2011-06-17,39.180266513644476,28.421015047181843,11.061763580719205,8.819038510584035,8.147730170874777,
2011-06-18,39.180266513644476,28.421015047181843,11.061763580719205,8.819038510584035,8.147730170874777,
2011-06-19,39.174777013251784,28.418399592252804,11.070890672782875,8.81611875637105,8.148381753312947,
2011-06-20,39.174777013251784,28.418399592252804,11.070890672782875,8.81611875637105,8.148381753312947,
2011-06-21,39.16967787114846,28.414642220524577,11.080767761650115,8.812821492233256,8.148650369238606,
2011-06-22,39.16611323155216,28.413944020356237,11.088339694656488,8.809529262086514,8.147773536895675,
2011-06-23,39.16611323155216,28.413944020356237,11.088339694656488,8.809529262086514,8.147773536895675,
2011-06-24,39.1621726417493,28.412102720569543,11.097425629290617,8.80586066615815,8.146898042206967,
2011-06-25,39.1621726417493,28.412102720569543,11.097425629290617,8.80586066615815,8.146898042206967,
2011-06-26,39.15671366869918,28.41026422764228,11.105735518292683,8.80372205284553,8.146786077235772,
2011-06-27,39.15671366869918,28.41026422764228,11.105735518292683,8.80372205284553,8.146786077235772,
2011-06-28,39.15671366869918,28.41026422764228,11.105735518292683,8.80372205284553,8.146786077235772,
2011-06-29,39.15126301091647,28.406143691292208,11.115555978674792,8.80082508250825,8.147435897435898,
2011-06-30,39.15126301091647,28.406143691292208,11.115555978674792,8.80082508250825,8.147435897435898,
2011-07-01,39.15126301091647,28.406143691292208,11.115555978674792,8.80082508250825,8.147435897435898,
2011-07-02,39.15126301091647,28.406143691292208,11.115555978674792,8.80082508250825,8.147435897435898,
2011-07-03,39.147342719431755,28.404312531709795,11.123078386605783,8.79793252156266,8.14732369355657,
2011-07-04,39.147342719431755,28.404312531709795,11.123078386605783,8.79793252156266,8.14732369355657,
2011-07-05,39.147342719431755,28.404312531709795,11.123078386605783,8.79793252156266,8.14732369355657,
2011-07-06,39.14266793409379,28.400202788339673,11.132110266159696,8.795044359949303,8.147972116603295,
2011-07-07,39.13724037487335,28.398378926038504,11.141128419452889,8.79216058763931,8.147859675785208,
2011-07-08,39.13724037487335,28.398378926038504,11.141128419452889,8.79216058763931,8.147859675785208,
2011-07-09,39.13724037487335,28.398378926038504,11.141128419452889,8.79216058763931,8.147859675785208,
2011-07-10,39.13258035940268,28.397317134902558,11.148614274867123,8.78928119463427,8.147747405720072,
2011-07-11,39.13258035940268,28.397317134902558,11.148614274867123,8.78928119463427,8.147747405720072,
2011-07-12,39.13258035940268,28.397317134902558,11.148614274867123,8.78928119463427,8.147747405720072,
2011-07-13,39.12640996459282,28.39398077895802,11.1576062215478,8.785647445624685,8.149152756702074,
2011-07-14,39.12640996459282,28.39398077895802,11.1576062215478,8.785647445624685,8.149152756702074,
2011-07-15,39.121765226181445,28.39444023249937,11.165826383623958,8.782019206469547,8.148281526408896,
2011-07-16,39.121765226181445,28.39444023249937,11.165826383623958,8.782019206469547,8.148281526408896,
2011-07-17,39.116369949494946,28.39338383838384,11.173276515151516,8.779154040404041,8.148926767676768,
2011-07-18,39.116369949494946,28.39338383838384,11.173276515151516,8.779154040404041,8.148926767676768,
2011-07-19,39.116369949494946,28.39338383838384,11.173276515151516,8.779154040404041,8.148926767676768,
2011-07-20,39.11173984355286,28.39119354024729,11.181093868281605,8.776103961645218,8.149003280343175,
2011-07-21,39.106360312657586,28.389384770549675,11.1892776096823,8.773247604639435,8.148890569843672,
2011-07-22,39.101744771982865,28.388334593096502,11.198204837490552,8.769639707734946,8.148778029730412,
2011-07-23,39.101744771982865,28.388334593096502,11.198204837490552,8.769639707734946,8.148778029730412,
2011-07-24,39.097136203423965,28.3872860020141,11.20636329305136,8.766037260825781,8.149420946626385,
2011-07-25,39.097136203423965,28.3872860020141,11.20636329305136,8.766037260825781,8.149420946626385,
2011-07-26,39.097136203423965,28.3872860020141,11.20636329305136,8.766037260825781,8.149420946626385,
2011-07-27,39.09253459119497,28.38472955974843,11.214509433962265,8.761685534591194,8.150817610062894,
2011-07-28,39.09253459119497,28.38472955974843,11.214509433962265,8.761685534591194,8.150817610062894,
2011-07-29,39.09253459119497,28.38472955974843,11.214509433962265,8.761685534591194,8.150817610062894,
2011-07-30,39.09253459119497,28.38472955974843,11.214509433962265,8.761685534591194,8.150817610062894,
2011-07-31,39.08793991955756,28.38443941679236,11.222643288084464,8.758094519859226,8.150703871292107,
2011-08-01,39.08793991955756,28.38443941679236,11.222643288084464,8.758094519859226,8.150703871292107,
2011-08-02,39.08793991955756,28.38443941679236,11.222643288084464,8.758094519859226,8.150703871292107,
2011-08-03,39.08259859331826,28.382642552122586,11.230764883195178,8.75375533785481,8.152097462949008,
2011-08-04,39.07726531124498,28.382354417670687,11.239627259036144,8.750175702811244,8.151982931726907,
2011-08-05,39.07726531124498,28.382354417670687,11.239627259036144,8.750175702811244,8.151982931726907,
2011-08-06,39.07726531124498,28.382354417670687,11.239627259036144,8.750175702811244,8.151982931726907,
2011-08-07,39.072692500627035,28.382066716829698,11.246971407072987,8.74735390017557,8.151868572861801,
2011-08-08,39.072692500627035,28.382066716829698,11.246971407072987,8.74735390017557,8.151868572861801,
2011-08-09,39.072692500627035,28.382066716829698,11.246971407072987,8.74735390017557,8.151868572861801,
2011-08-10,39.06737468671679,28.38102756892231,11.254304511278196,8.743032581453635,8.152506265664162,
2011-08-11,39.06737468671679,28.38102756892231,11.254304511278196,8.743032581453635,8.152506265664162,
2011-08-12,39.06356749311295,28.381492612071128,11.26087528174305,8.73946907087403,8.151640370648636,
2011-08-13,39.06356749311295,28.381492612071128,11.26087528174305,8.73946907087403,8.151640370648636,
2011-08-14,39.059015265265266,28.380455455455458,11.268186936936937,8.735910910910912,8.152277277277278,
2011-08-15,39.059015265265266,28.380455455455458,11.268186936936937,8.735910910910912,8.152277277277278,
2011-08-16,39.054469867466864,28.380920230057516,11.27473743435859,8.732733183295824,8.151787946986747,
2011-08-17,39.049181659170415,28.37913543228386,11.282027736131933,8.729185407296352,8.152423788105947,
2011-08-18,39.049181659170415,28.37913543228386,11.282027736131933,8.729185407296352,8.152423788105947,
2011-08-19,39.045399500624214,28.37810237203496,11.289307116104869,8.726392009987515,8.15156054931336,
2011-08-20,39.045399500624214,28.37810237203496,11.289307116104869,8.726392009987515,8.15156054931336,
2011-08-21,39.03937749500998,28.37856786427146,11.295827095808383,8.723602794411178,8.151447105788424,
2011-08-22,39.03937749500998,28.37856786427146,11.295827095808383,8.723602794411178,8.151447105788424,
2011-08-23,39.03937749500998,28.37856786427146,11.295827095808383,8.723602794411178,8.151447105788424,
2011-08-24,39.03411244078783,28.376788830715533,11.30308526551982,8.720817751184244,8.151333831962104,
2011-08-25,39.0303500249128,28.37575984055805,11.310332585949178,8.71803687095167,8.150473343298456,
2011-08-26,39.0303500249128,28.37575984055805,11.310332585949178,8.71803687095167,8.150473343298456,
2011-08-27,39.0303500249128,28.37575984055805,11.310332585949178,8.71803687095167,8.150473343298456,
2011-08-28,39.0250995767986,28.375479213343294,11.316822255414488,8.715260144386358,8.150360965894947,
2011-08-29,39.0250995767986,28.375479213343294,11.316822255414488,8.715260144386358,8.150360965894947,
2011-08-30,39.0250995767986,28.375479213343294,11.316822255414488,8.715260144386358,8.150360965894947,
2011-08-31,39.02060323383084,28.37296019900498,11.324048507462686,8.712487562189056,8.150995024875622,
2011-09-01,39.01760502112851,28.37268207805121,11.3305182699478,8.708973402933134,8.150136713895103,
2011-09-02,39.01760502112851,28.37268207805121,11.3305182699478,8.708973402933134,8.150136713895103,
2011-09-03,39.01760502112851,28.37268207805121,11.3305182699478,8.708973402933134,8.150136713895103,
2011-09-04,39.01237580725285,28.3724043715847,11.337723546944858,8.705464480874317,8.15002483854943,
2011-09-05,39.01237580725285,28.3724043715847,11.337723546944858,8.705464480874317,8.15002483854943,
2011-09-06,39.01237580725285,28.3724043715847,11.337723546944858,8.705464480874317,8.15002483854943,
2011-09-07,39.007154380739635,28.37138247704145,11.34342889054356,8.701960784313727,8.15065773144701,
2011-09-08,39.007154380739635,28.37138247704145,11.34342889054356,8.701960784313727,8.15065773144701,
2011-09-09,39.00380084325396,28.37259424603175,11.349125744047619,8.698090277777778,8.149429563492063,
2011-09-10,39.00380084325396,28.37259424603175,11.349125744047619,8.698090277777778,8.149429563492063,
2011-09-11,38.99933705080545,28.37380421313507,11.354814126394052,8.69459727385378,8.149318463444859,
2011-09-12,38.99933705080545,28.37380421313507,11.354814126394052,8.69459727385378,8.149318463444859,
2011-09-13,38.99933705080545,28.37380421313507,11.354814126394052,8.69459727385378,8.149318463444859,
2011-09-14,38.993394006934125,28.37426944031699,11.360494056463596,8.691109460128777,8.149950470529966,
2011-09-15,38.993394006934125,28.37426944031699,11.360494056463596,8.691109460128777,8.149950470529966,
2011-09-16,38.988944568176194,28.375476367235834,11.36616555308092,8.688369215540709,8.149096758228161,
2011-09-17,38.988944568176194,28.375476367235834,11.36616555308092,8.688369215540709,8.149096758228161,
2011-09-18,38.98375989119683,28.37668150346192,11.371828635014838,8.684891196834817,8.148986152324431,
2011-09-19,38.98375989119683,28.37668150346192,11.371828635014838,8.684891196834817,8.148986152324431,
2011-09-20,38.98375989119683,28.37668150346192,11.371828635014838,8.684891196834817,8.148986152324431,
2011-09-21,38.97895354583642,28.376772918211024,11.377977514208055,8.681418334568816,8.148875710402768,
2011-09-22,38.97895354583642,28.376772918211024,11.377977514208055,8.681418334568816,8.148875710402768,
2011-09-23,38.975265432098766,28.37797530864198,11.382882716049382,8.677950617283951,8.147283950617284,
2011-09-24,38.975265432098766,28.37797530864198,11.382882716049382,8.677950617283951,8.147283950617284,
2011-09-25,38.97084258573896,28.379175919072296,11.387780656303972,8.674488033555392,8.147174932149026,
2011-09-26,38.967165927021696,28.38037475345168,11.392671351084813,8.67103057199211,8.145586785009863,
2011-09-27,38.967165927021696,28.38037475345168,11.392671351084813,8.67103057199211,8.145586785009863,
2011-09-28,38.961277408228625,28.380832717418087,11.398293914757328,8.66610002463661,8.144740083764475,
2011-09-29,38.961277408228625,28.380832717418087,11.398293914757328,8.66610002463661,8.144740083764475,
2011-09-30,38.961277408228625,28.380832717418087,11.398293914757328,8.66610002463661,8.144740083764475,
2011-10-01,38.961277408228625,28.380832717418087,11.398293914757328,8.66610002463661,8.144740083764475,
2011-10-02,38.956136139832594,28.38055145248646,11.402431068439192,8.66265386509109,8.143894633185623,
2011-10-03,38.956136139832594,28.38055145248646,11.402431068439192,8.66265386509109,8.143894633185623,
2011-10-04,38.956136139832594,28.38055145248646,11.402431068439192,8.66265386509109,8.143894633185623,
2011-10-05,38.950264452644525,28.38027060270603,11.406562115621156,8.658474784747847,8.143050430504305,
2011-10-06,38.945138888888884,28.381465093412,11.410687069813175,8.654301868239921,8.141470009832842,
2011-10-07,38.945138888888884,28.381465093412,11.410687069813175,8.654301868239921,8.141470009832842,
2011-10-08,38.945138888888884,28.381465093412,11.410687069813175,8.654301868239921,8.141470009832842,
2011-10-09,38.94002087939081,28.381183984279048,11.414805944485384,8.650135101940556,8.140628838123313,
2011-10-10,38.94002087939081,28.381183984279048,11.414805944485384,8.650135101940556,8.140628838123313,
2011-10-11,38.94002087939081,28.381183984279048,11.414805944485384,8.650135101940556,8.140628838123313,
2011-10-12,38.934174030436914,28.380166912125677,11.418918753068237,8.64671084928817,8.14052528227786,
2011-10-13,38.934174030436914,28.380166912125677,11.418918753068237,8.64671084928817,8.14052528227786,
2011-10-14,38.930543291636006,28.381358842285998,11.42228967377974,8.643291636006868,8.138950208486634,
2011-10-15,38.930543291636006,28.381358842285998,11.42228967377974,8.643291636006868,8.138950208486634,
2011-10-16,38.925447303921565,28.38107843137255,11.425655637254902,8.639877450980393,8.13811274509804,
2011-10-17,38.925447303921565,28.38107843137255,11.425655637254902,8.639877450980393,8.13811274509804,
2011-10-18,38.925447303921565,28.38107843137255,11.425655637254902,8.639877450980393,8.13811274509804,
2011-10-19,38.91962405094293,28.380982120989472,11.429567719813862,8.636284594660788,8.13782757776145,
2011-10-20,38.91962405094293,28.380982120989472,11.429567719813862,8.636284594660788,8.13782757776145,
2011-10-21,38.91962405094293,28.380982120989472,11.429567719813862,8.636284594660788,8.13782757776145,
2011-10-22,38.91962405094293,28.380982120989472,11.429567719813862,8.636284594660788,8.13782757776145,
2011-10-23,38.91454356338717,28.38070239843368,11.432923396965247,8.63214635340186,8.136992168379834,
2011-10-24,38.910204206407435,28.38115676204451,11.437007825874296,8.628747860112497,8.135424309122035,
2011-10-25,38.910204206407435,28.38115676204451,11.437007825874296,8.628747860112497,8.135424309122035,
2011-10-26,38.90440493646138,28.38014418377322,11.44035312805474,8.624621212121212,8.135325024437929,
2011-10-27,38.90440493646138,28.38014418377322,11.44035312805474,8.624621212121212,8.135325024437929,
2011-10-28,38.900445665445666,28.382429792429797,11.442960927960927,8.62086691086691,8.134126984126985,
2011-10-29,38.900445665445666,28.382429792429797,11.442960927960927,8.62086691086691,8.134126984126985,
2011-10-30,38.89392996583699,28.38214982918497,11.447029038555392,8.616752074182529,8.13402879453392,
2011-10-31,38.89392996583699,28.38214982918497,11.447029038555392,8.616752074182529,8.13402879453392,
2011-11-01,38.89392996583699,28.38214982918497,11.447029038555392,8.616752074182529,8.13402879453392,
2011-11-02,38.888886856864175,28.381870275542553,11.450359668373567,8.612643257742015,8.133930748597903,
2011-11-03,38.88531310916179,28.383784113060432,11.452954434697856,8.609271442495126,8.132370857699806,
2011-11-04,38.88531310916179,28.383784113060432,11.452954434697856,8.609271442495126,8.132370857699806,
2011-11-05,38.88531310916179,28.383784113060432,11.452954434697856,8.609271442495126,8.132370857699806,
2011-11-06,38.88028366204042,28.38423423423424,11.455545410275139,8.605904553201851,8.13227416605795,
2011-11-07,38.88028366204042,28.38423423423424,11.455545410275139,8.605904553201851,8.13227416605795,
2011-11-08,38.88028366204042,28.38423423423424,11.455545410275139,8.605904553201851,8.13227416605795,
2011-11-09,38.875991484184915,28.38395377128954,11.458132603406327,8.601812652068126,8.132177615571777,
2011-11-10,38.875991484184915,28.38395377128954,11.458132603406327,8.601812652068126,8.132177615571777,
2011-11-11,38.87243496231461,28.38513250668612,11.46217481157306,8.598456114758084,8.13135181132993,
2011-11-12,38.87243496231461,28.38513250668612,11.46217481157306,8.598456114758084,8.13135181132993,
2011-11-13,38.86815476190476,28.386309523809526,11.464753401360545,8.595104470359573,8.131256073858115,
2011-11-14,38.86815476190476,28.386309523809526,11.464753401360545,8.595104470359573,8.131256073858115,
2011-11-15,38.86815476190476,28.386309523809526,11.464753401360545,8.595104470359573,8.131256073858115,
2011-11-16,38.86388079630978,28.386028162175286,11.468056567127944,8.591211459092014,8.131524641903376,
2011-11-17,38.86388079630978,28.386028162175286,11.468056567127944,8.591211459092014,8.131524641903376,
2011-11-18,38.86388079630978,28.386028162175286,11.468056567127944,8.591211459092014,8.131524641903376,
2011-11-19,38.86388079630978,28.386028162175286,11.468056567127944,8.591211459092014,8.131524641903376,
2011-11-20,38.85961305191654,28.387202814167882,11.47135492479379,8.58714216399806,8.131428918000971,
2011-11-21,38.85961305191654,28.387202814167882,11.47135492479379,8.58714216399806,8.131428918000971,
2011-11-22,38.85961305191654,28.387202814167882,11.47135492479379,8.58714216399806,8.131428918000971,
2011-11-23,38.85753333333333,28.38546666666667,11.473193939393939,8.583078787878788,8.131333333333334,
2011-11-24,38.8540031492248,28.385186531007754,11.477210513565892,8.579021317829458,8.1312378875969,
2011-11-25,38.85120430888404,28.386359235052048,11.47976882110869,8.575332849189058,8.13005325587025,
2011-11-26,38.85120430888404,28.386359235052048,11.47976882110869,8.575332849189058,8.13005325587025,
2011-11-27,38.84768384131591,28.386804547653608,11.482323415578133,8.571286889211418,8.129958877600387,
2011-11-28,38.84768384131591,28.386804547653608,11.482323415578133,8.571286889211418,8.129958877600387,
2011-11-29,38.84768384131591,28.386804547653608,11.482323415578133,8.571286889211418,8.129958877600387,
2011-11-30,38.84489364273628,28.384348561759733,11.485599468213682,8.567246797196036,8.130589799371526,
2011-12-01,38.8421074879227,28.3855193236715,11.488870772946859,8.563212560386473,8.129770531400967,
2011-12-02,38.8421074879227,28.3855193236715,11.488870772946859,8.563212560386473,8.129770531400967,
2011-12-03,38.8421074879227,28.3855193236715,11.488870772946859,8.563212560386473,8.129770531400967,
2011-12-04,38.838601255129134,28.385240164132274,11.4914132271301,8.55918416606324,8.129676562877142,
2011-12-05,38.838601255129134,28.385240164132274,11.4914132271301,8.55918416606324,8.129676562877142,
2011-12-06,38.838601255129134,28.385240164132274,11.4914132271301,8.55918416606324,8.129676562877142,
2011-12-07,38.83582368547998,28.383514230583696,11.494675590931017,8.555161601543658,8.130306319343946,
2011-12-08,38.83582368547998,28.383514230583696,11.494675590931017,8.555161601543658,8.130306319343946,
2011-12-09,38.83582368547998,28.383514230583696,11.494675590931017,8.555161601543658,8.130306319343946,
2011-12-10,38.83582368547998,28.383514230583696,11.494675590931017,8.555161601543658,8.130306319343946,
2011-12-11,38.83305013256206,28.384683056158114,11.496487105326585,8.55114485418173,8.129489033502049,
2011-12-12,38.83305013256206,28.384683056158114,11.496487105326585,8.55114485418173,8.129489033502049,
2011-12-13,38.82955804431599,28.38585019267823,11.499379816955685,8.547495183044315,8.128672928709056,
2011-12-14,38.82679302045728,28.38557160048135,11.5011853188929,8.543489771359807,8.12858002406739,
2011-12-15,38.82679302045728,28.38557160048135,11.5011853188929,8.543489771359807,8.12858002406739,
2011-12-16,38.82331048581048,28.387457912457915,11.505152717652717,8.540211640211641,8.127044252044252,
2011-12-17,38.82331048581048,28.387457912457915,11.505152717652717,8.540211640211641,8.127044252044252,
2011-12-18,38.819832972843066,28.38862052391252,11.507672434510935,8.536217255467436,8.126231675078106,
2011-12-19,38.819832972843066,28.38862052391252,11.507672434510935,8.536217255467436,8.126231675078106,
2011-12-20,38.819832972843066,28.38862052391252,11.507672434510935,8.536217255467436,8.126231675078106,
2011-12-21,38.81708093179635,28.388340537944288,11.509468059558117,8.531508165225745,8.125420268972142,
2011-12-22,38.81708093179635,28.388340537944288,11.509468059558117,8.531508165225745,8.125420268972142,
2011-12-23,38.81505279577634,28.389500839932808,11.512700983921286,8.527525797936166,8.123890088792898,
2011-12-24,38.81505279577634,28.389500839932808,11.512700983921286,8.527525797936166,8.123890088792898,
2011-12-25,38.81230815347722,28.390659472422065,11.515209832134293,8.523549160671463,8.123081534772183,
2011-12-26,38.81230815347722,28.390659472422065,11.515209832134293,8.523549160671463,8.123081534772183,
2011-12-27,38.81230815347722,28.390659472422065,11.515209832134293,8.523549160671463,8.123081534772183,
2011-12-28,38.80956745746465,28.390378624490776,11.51699616582794,8.51957824107357,8.122993050563144,
2011-12-29,38.80956745746465,28.390378624490776,11.51699616582794,8.51957824107357,8.122993050563144,
2011-12-30,38.80956745746465,28.390378624490776,11.51699616582794,8.51957824107357,8.122993050563144,
2011-12-31,38.80956745746465,28.390378624490776,11.51699616582794,8.51957824107357,8.122993050563144,
2012-01-01,38.80956745746465,28.390378624490776,11.51699616582794,8.51957824107357,8.122993050563144,
2012-01-02,38.80956745746465,28.390378624490776,11.51699616582794,8.51957824107357,8.122993050563144,
2012-01-03,38.80956745746465,28.390378624490776,11.51699616582794,8.51957824107357,8.122993050563144,
2012-01-04,38.806830699233714,28.389379789272034,11.518779932950192,8.515613026819924,8.122904693486591,
2012-01-05,38.8040978703039,28.390536013400336,11.521996889207944,8.51093563053362,8.121380713089255,
2012-01-06,38.8040978703039,28.390536013400336,11.521996889207944,8.51093563053362,8.121380713089255,
2012-01-07,38.8040978703039,28.390536013400336,11.521996889207944,8.51093563053362,8.121380713089255,
2012-01-08,38.80136896221903,28.390973218555718,11.525209230033477,8.50698230511717,8.120576279292205,
2012-01-09,38.80136896221903,28.390973218555718,11.525209230033477,8.50698230511717,8.120576279292205,
2012-01-10,38.80136896221903,28.390973218555718,11.525209230033477,8.50698230511717,8.120576279292205,
2012-01-11,38.79936081242533,28.389259259259262,11.528416965352449,8.50231780167264,8.119772998805256,
2012-01-12,38.79936081242533,28.389259259259262,11.528416965352449,8.50231780167264,8.119772998805256,
2012-01-13,38.79735553963705,28.391129417383002,11.530903772683859,8.499092645654251,8.11825453677173,
2012-01-14,38.79735553963705,28.391129417383002,11.530903772683859,8.499092645654251,8.11825453677173,
2012-01-15,38.79463731806251,28.391565258888097,11.5341028394178,8.495156287282272,8.11745406824147,
2012-01-16,38.79463731806251,28.391565258888097,11.5341028394178,8.495156287282272,8.11745406824147,
2012-01-17,38.79463731806251,28.391565258888097,11.5341028394178,8.495156287282272,8.11745406824147,
2012-01-18,38.79192298521697,28.390569861707203,11.536582021936098,8.491225560324272,8.11665474487363,
2012-01-19,38.78992732904455,28.391005480104837,11.5390576602335,8.487300452704313,8.115856564212534,
2012-01-20,38.78992732904455,28.391005480104837,11.5390576602335,8.487300452704313,8.115856564212534,
2012-01-21,38.78992732904455,28.391005480104837,11.5390576602335,8.487300452704313,8.115856564212534,
2012-01-22,38.78722023809524,28.39144047619048,11.541529761904762,8.483380952380953,8.115059523809524,
2012-01-23,38.78722023809524,28.39144047619048,11.541529761904762,8.483380952380953,8.115059523809524,
2012-01-24,38.78722023809524,28.39144047619048,11.541529761904762,8.483380952380953,8.115059523809524,
2012-01-25,38.784873899595524,28.39116107542232,11.544533666428741,8.47982393528432,8.114263621222937,
2012-01-26,38.782887541607224,28.39159533999049,11.546998335710889,8.475915359010937,8.11346885401807,
2012-01-27,38.78090401520551,28.39274174388216,11.550172249940603,8.4720123544785,8.112675219767166,
2012-01-28,38.78090401520551,28.39274174388216,11.550172249940603,8.4720123544785,8.112675219767166,
2012-01-29,38.777498812915475,28.393174264007598,11.552629392212726,8.468114909781576,8.111882716049383,
2012-01-30,38.777498812915475,28.393174264007598,11.552629392212726,8.468114909781576,8.111882716049383,
2012-01-31,38.777498812915475,28.393174264007598,11.552629392212726,8.468114909781576,8.111882716049383,
2012-02-01,38.77552194543298,28.392182680901545,11.555083036773429,8.464223013048636,8.111803084223013,
2012-02-02,38.77354788999526,28.39261498340446,11.557533191085822,8.460336652441915,8.111012328117592,
2012-02-03,38.77354788999526,28.39261498340446,11.557533191085822,8.460336652441915,8.111012328117592,
2012-02-04,38.77354788999526,28.39261498340446,11.557533191085822,8.460336652441915,8.111012328117592,
2012-02-05,38.77086590855247,28.39233593935087,11.559269130537787,8.456455816157309,8.110222696043593,
2012-02-06,38.77086590855247,28.39233593935087,11.559269130537787,8.456455816157309,8.110222696043593,
2012-02-07,38.77086590855247,28.39233593935087,11.559269130537787,8.456455816157309,8.110222696043593,
2012-02-08,38.770318418560606,28.39134706439394,11.560292376893939,8.452580492424243,8.110144412878789,
2012-02-09,38.770318418560606,28.39134706439394,11.560292376893939,8.452580492424243,8.110144412878789,
2012-02-10,38.76906198249349,28.391779039507927,11.562023894014667,8.44871066950556,8.109356517624793,
2012-02-11,38.76906198249349,28.391779039507927,11.562023894014667,8.44871066950556,8.109356517624793,
2012-02-12,38.76709810874704,28.390791962174944,11.563752955082743,8.444846335697399,8.109278959810876,
2012-02-13,38.76709810874704,28.390791962174944,11.563752955082743,8.444846335697399,8.109278959810876,
2012-02-14,38.76709810874704,28.390791962174944,11.563752955082743,8.444846335697399,8.109278959810876,
2012-02-15,38.766554453106544,28.38909756673754,11.564770848098275,8.440278762107253,8.109910229151902,
2012-02-16,38.766554453106544,28.38909756673754,11.564770848098275,8.440278762107253,8.109910229151902,
2012-02-17,38.76459513692162,28.389530217186028,11.56791194523135,8.436425873465534,8.10912417374882,
2012-02-18,38.76459513692162,28.389530217186028,11.56791194523135,8.436425873465534,8.10912417374882,
2012-02-19,38.761930879924506,28.38925454116537,11.569633168200047,8.432578438310923,8.108339230950696,
2012-02-20,38.761930879924506,28.38925454116537,11.569633168200047,8.432578438310923,8.108339230950696,
2012-02-21,38.761930879924506,28.38925454116537,11.569633168200047,8.432578438310923,8.108339230950696,
2012-02-22,38.76068481848185,28.387918434700616,11.57223597359736,8.428913248467705,8.108085808580858,
2012-02-23,38.76014723203769,28.386230859835102,11.574658421672556,8.4250765606596,8.107302709069494,
2012-02-24,38.76014723203769,28.386230859835102,11.574658421672556,8.4250765606596,8.107302709069494,
2012-02-25,38.76014723203769,28.386230859835102,11.574658421672556,8.4250765606596,8.107302709069494,
2012-02-26,38.75749176082862,28.385251883239174,11.577077448210922,8.421245291902071,8.10722693032015,
2012-02-27,38.75749176082862,28.385251883239174,11.577077448210922,8.421245291902071,8.10722693032015,
2012-02-28,38.75749176082862,28.385251883239174,11.577077448210922,8.421245291902071,8.10722693032015,
2012-02-29,38.75695718654434,28.383568572100685,11.578787344154316,8.417419430722184,8.107151258527406,
2012-03-01,38.755718147625764,28.383298072402447,11.580494828396803,8.41359896567936,8.106370474847203,
2012-03-02,38.755718147625764,28.383298072402447,11.580494828396803,8.41359896567936,8.106370474847203,
2012-03-03,38.755718147625764,28.383298072402447,11.580494828396803,8.41359896567936,8.106370474847203,
2012-03-04,38.75307141179234,28.383027953958187,11.582199906037115,8.40978388536528,8.105590791637304,
2012-03-05,38.75307141179234,28.383027953958187,11.582199906037115,8.40978388536528,8.105590791637304,
2012-03-06,38.75307141179234,28.383027953958187,11.582199906037115,8.40978388536528,8.105590791637304,
2012-03-07,38.751836854460095,28.381349765258218,11.584606807511737,8.405974178403756,8.105516431924883,
2012-03-08,38.751836854460095,28.381349765258218,11.584606807511737,8.405974178403756,8.105516431924883,
2012-03-09,38.74990030494956,28.382488857612014,11.586306591602158,8.402169833450621,8.10473844710298,
2012-03-10,38.74990030494956,28.382488857612014,11.586306591602158,8.402169833450621,8.10473844710298,
2012-03-11,38.74796647913736,28.382219878105957,11.588003984997655,8.398370839193625,8.103961556493202,
2012-03-12,38.74796647913736,28.382219878105957,11.588003984997655,8.398370839193625,8.103961556493202,
2012-03-13,38.74796647913736,28.382219878105957,11.588003984997655,8.398370839193625,8.103961556493202,
2012-03-14,38.74603537128133,28.380545795268215,11.590401733427031,8.394577184352308,8.104591239166082,
2012-03-15,38.74603537128133,28.380545795268215,11.590401733427031,8.394577184352308,8.104591239166082,
2012-03-16,38.74480922284644,28.38168305243446,11.591391619850187,8.390788857677903,8.103815543071162,
2012-03-17,38.74480922284644,28.38168305243446,11.591391619850187,8.390788857677903,8.103815543071162,
2012-03-18,38.7421812865497,28.3807134502924,11.59308187134503,8.387707602339182,8.10374269005848,
2012-03-19,38.7421812865497,28.3807134502924,11.59308187134503,8.387707602339182,8.10374269005848,
2012-03-20,38.7421812865497,28.3807134502924,11.59308187134503,8.387707602339182,8.10374269005848,
2012-03-21,38.739907667134176,28.38044647031323,11.595821645628797,8.384104721832632,8.103669939223936,
2012-03-22,38.73868839056295,28.379479093669705,11.597506423732773,8.381032469049288,8.103597290352722,
2012-03-23,38.73868839056295,28.379479093669705,11.597506423732773,8.381032469049288,8.103597290352722,
2012-03-24,38.73868839056295,28.379479093669705,11.597506423732773,8.381032469049288,8.103597290352722,
2012-03-25,38.73607026143791,28.379213352007472,11.599889122315593,8.37796451914099,8.102824463118582,
2012-03-26,38.73607026143791,28.379213352007472,11.599889122315593,8.37796451914099,8.102824463118582,
2012-03-27,38.73415558665734,28.37964777233497,11.60226848612083,8.37490086307441,8.10205271751808,
2012-03-28,38.73224358974359,28.377983682983686,11.60394522144522,8.371841491841492,8.102680652680654,
2012-03-29,38.73224358974359,28.377983682983686,11.60394522144522,8.371841491841492,8.102680652680654,
2012-03-30,38.73033426508269,28.378418355462383,11.605619613324016,8.368087584439786,8.101910086186816,
2012-03-31,38.73033426508269,28.378418355462383,11.605619613324016,8.368087584439786,8.101910086186816,
2012-04-01,38.72807844506517,28.376757448789576,11.60659334264432,8.364688081936686,8.101838919925513,
2012-04-02,38.72807844506517,28.376757448789576,11.60659334264432,8.364688081936686,8.101838919925513,
2012-04-03,38.726174691788785,28.37719237031868,11.608263549662713,8.361642242381949,8.100372179576647,
2012-04-04,38.723576243607624,28.3762319851232,11.609931427243142,8.35790330079033,8.099604834960484,
2012-04-05,38.723576243607624,28.3762319851232,11.609931427243142,8.35790330079033,8.099604834960484,
2012-04-06,38.723576243607624,28.3762319851232,11.609931427243142,8.35790330079033,8.099604834960484,
2012-04-07,38.723576243607624,28.3762319851232,11.609931427243142,8.35790330079033,8.099604834960484,
2012-04-08,38.72167828106852,28.374576074332175,11.610900116144018,8.35486643437863,8.09883855981417,
2012-04-09,38.71978296193129,28.37152971216342,11.61047469823584,8.35253017641597,8.098769730733519,
2012-04-10,38.71978296193129,28.37152971216342,11.61047469823584,8.35253017641597,8.098769730733519,
2012-04-11,38.71719438645326,28.371271166782652,11.611441660867548,8.349501275806078,8.09800510322431,
2012-04-12,38.71719438645326,28.371271166782652,11.611441660867548,8.349501275806078,8.09800510322431,
2012-04-13,38.714609411219286,28.37031757070005,11.613102688919795,8.345781177561427,8.096546128882707,
2012-04-14,38.714609411219286,28.37031757070005,11.613102688919795,8.345781177561427,8.096546128882707,
2012-04-15,38.71202802872365,28.368670372944177,11.61337155432013,8.342761176743108,8.095784109335186,
2012-04-16,38.710144675925925,28.36771990740741,11.61433449074074,8.33974537037037,8.09502314814815,
2012-04-17,38.710144675925925,28.36771990740741,11.61433449074074,8.33974537037037,8.09502314814815,
2012-04-18,38.7073964839232,28.36642377978256,11.61529609067777,8.336907240342356,8.094263243118206,
2012-04-19,38.7073964839232,28.36642377978256,11.61529609067777,8.336907240342356,8.094263243118206,
2012-04-20,38.7073964839232,28.36642377978256,11.61529609067777,8.336907240342356,8.094263243118206,
2012-04-21,38.7073964839232,28.36642377978256,11.61529609067777,8.336907240342356,8.094263243118206,
2012-04-22,38.70413199260286,28.365476190476194,11.616256356911697,8.333899676375404,8.093504392048082,
2012-04-23,38.70156502656502,28.363836913836916,11.618139293139292,8.331127281127282,8.092053592053592,
2012-04-24,38.70156502656502,28.363836913836916,11.618139293139292,8.331127281127282,8.092053592053592,
2012-04-25,38.699001615881805,28.36081486611265,11.618403739612187,8.328820406278856,8.091297322253002,
2012-04-26,38.699001615881805,28.36081486611265,11.618403739612187,8.328820406278856,8.091297322253002,
2012-04-27,38.696441753171854,28.36125720876586,11.620051903114186,8.32513264129181,8.089850057670127,
2012-04-28,38.696441753171854,28.36125720876586,11.620051903114186,8.32513264129181,8.089850057670127,
2012-04-29,38.69388543107423,28.359624250806824,11.62100622406639,8.322833102812357,8.089096357768558,
2012-04-30,38.69388543107423,28.359624250806824,11.62100622406639,8.322833102812357,8.089096357768558,
2012-05-01,38.69202372725178,28.35868463487676,11.621959225984796,8.319845657682562,8.088343699608386,
2012-05-02,38.69016459484346,28.356365101289136,11.622220303867403,8.316862338858195,8.088282688766114,
2012-05-03,38.68692776627559,28.356119162640905,11.623861283643892,8.313883137796182,8.08684149988498,
2012-05-04,38.68692776627559,28.356119162640905,11.623861283643892,8.313883137796182,8.08684149988498,
2012-05-05,38.68692776627559,28.356119162640905,11.623861283643892,8.313883137796182,8.08684149988498,
2012-05-06,38.683695402298845,28.35518390804598,11.624810344827585,8.311597701149426,8.086091954022988,
2012-05-07,38.683695402298845,28.35518390804598,11.624810344827585,8.311597701149426,8.086091954022988,
2012-05-08,38.683695402298845,28.35518390804598,11.624810344827585,8.311597701149426,8.086091954022988,
2012-05-09,38.68138640018378,28.354020215943027,11.626677004364806,8.309085688031242,8.084883988054216,
2012-05-10,38.68138640018378,28.354020215943027,11.626677004364806,8.309085688031242,8.084883988054216,
2012-05-11,38.68138640018378,28.354020215943027,11.626677004364806,8.309085688031242,8.084883988054216,
2012-05-12,38.67816230486685,28.35308769513315,11.627622819100093,8.306117998163453,8.084136822773186,
2012-05-13,38.67816230486685,28.35308769513315,11.627622819100093,8.306117998163453,8.084136822773186,
2012-05-14,38.67816230486685,28.35308769513315,11.627622819100093,8.306117998163453,8.084136822773186,
2012-05-15,38.67517205781142,28.35284468914889,11.629026152787336,8.30384262445515,8.082702454691443,
2012-05-16,38.67264442916094,28.353977533241633,11.629969050894085,8.30088262265016,8.080582301696468,
2012-05-17,38.67264442916094,28.353977533241633,11.629969050894085,8.30088262265016,8.080582301696468,
2012-05-18,38.668745704467355,28.355108820160368,11.630910652920962,8.298613974799542,8.078465063001145,
2012-05-19,38.668745704467355,28.355108820160368,11.630910652920962,8.298613974799542,8.078465063001145,
2012-05-20,38.666225961538466,28.354178113553115,11.631164148351647,8.296348443223444,8.077037545787546,
2012-05-21,38.666225961538466,28.354178113553115,11.631164148351647,8.296348443223444,8.077037545787546,
2012-05-22,38.662336993822926,28.356680393502632,11.632789979409745,8.29339967970716,8.07561198810341,
2012-05-23,38.65856767261088,28.3564357567444,11.633956332876087,8.291483767718336,8.074074074074074,
2012-05-24,38.65400388393877,28.35756225725383,11.634207219556775,8.289913182545122,8.072652501713502,
2012-05-25,38.65115867579909,28.358687214611873,11.635485159817351,8.287317351598174,8.070890410958905,
2012-05-26,38.65115867579909,28.358687214611873,11.635485159817351,8.287317351598174,8.070890410958905,
2012-05-27,38.65115867579909,28.358687214611873,11.635485159817351,8.287317351598174,8.070890410958905,
2012-05-28,38.65115867579909,28.358687214611873,11.635485159817351,8.287317351598174,8.070890410958905,
2012-05-29,38.6472906684919,28.36049509468401,11.637103582021448,8.285067305498517,8.068788501026694,
2012-05-30,38.642743958048335,28.35956452348381,11.638035795713636,8.2828203374373,8.067373461012313,
2012-05-31,38.642743958048335,28.35956452348381,11.638035795713636,8.2828203374373,8.067373461012313,
2012-06-01,38.642743958048335,28.35956452348381,11.638035795713636,8.2828203374373,8.067373461012313,
2012-06-02,38.642743958048335,28.35956452348381,11.638035795713636,8.2828203374373,8.067373461012313,
2012-06-03,38.63888699020278,28.36000227842333,11.63828320802005,8.280576441102758,8.06596035543404,
2012-06-04,38.63888699020278,28.36000227842333,11.63828320802005,8.280576441102758,8.06596035543404,
2012-06-05,38.63549066484517,28.361350182149366,11.639896402550091,8.278107923497268,8.063638433515482,
2012-06-06,38.632326507394765,28.362468714448237,11.640824800910126,8.275870307167235,8.061547212741752,
2012-06-07,38.632326507394765,28.362468714448237,11.640824800910126,8.275870307167235,8.061547212741752,
2012-06-08,38.632326507394765,28.362468714448237,11.640824800910126,8.275870307167235,8.061547212741752,
2012-06-09,38.632326507394765,28.362468714448237,11.640824800910126,8.275870307167235,8.061547212741752,
2012-06-10,38.62780241018645,28.363585720782176,11.641751932696682,8.273635743519781,8.060140973169622,
2012-06-11,38.62780241018645,28.363585720782176,11.641751932696682,8.273635743519781,8.060140973169622,
2012-06-12,38.62532947057487,28.36538286753011,11.642677800499888,8.271404226312201,8.05805498750284,
2012-06-13,38.62081630336058,28.364452770208903,11.644283605812898,8.269175749318801,8.057334241598546,
2012-06-14,38.62081630336058,28.364452770208903,11.644283605812898,8.269175749318801,8.057334241598546,
2012-06-15,38.61767075107783,28.366927615157707,11.645206489675516,8.266950306330838,8.05525300658044,
2012-06-16,38.61767075107783,28.366927615157707,11.645206489675516,8.266950306330838,8.05525300658044,
2012-06-17,38.6138492063492,28.367358276643994,11.64544784580499,8.265408163265306,8.05453514739229,
2012-06-18,38.6138492063492,28.367358276643994,11.64544784580499,8.265408163265306,8.05453514739229,
2012-06-19,38.61139247677317,28.369147971901203,11.647048493088603,8.263188307273962,8.052458644912758,
2012-06-20,38.60792006340579,28.368557518115946,11.648816802536233,8.261141304347825,8.051064311594203,
2012-06-21,38.60792006340579,28.368557518115946,11.648816802536233,8.261141304347825,8.051064311594203,
2012-06-22,38.604791808101375,28.36932563928491,11.650073546051143,8.258927359131025,8.049332428151166,
2012-06-23,38.604791808101375,28.36932563928491,11.650073546051143,8.258927359131025,8.049332428151166,
2012-06-24,38.60166779737675,28.370431931252828,11.650989371325194,8.256716417910447,8.0479421076436,
2012-06-25,38.59854802259887,28.37221468926554,11.652581920903955,8.254508474576271,8.046553672316383,
2012-06-26,38.59854802259887,28.37221468926554,11.652581920903955,8.254508474576271,8.046553672316383,
2012-06-27,38.595432475158084,28.371285004516714,11.653494805781392,8.251626016260163,8.045844625112917,
2012-06-28,38.595432475158084,28.371285004516714,11.653494805781392,8.251626016260163,8.045844625112917,
2012-06-29,38.595432475158084,28.371285004516714,11.653494805781392,8.251626016260163,8.045844625112917,
2012-06-30,38.595432475158084,28.371285004516714,11.653494805781392,8.251626016260163,8.045844625112917,
2012-07-01,38.592321146468066,28.37306477093207,11.654406454524938,8.249424509140148,8.04445948995712,
2012-07-02,38.592321146468066,28.37306477093207,11.654406454524938,8.249424509140148,8.04445948995712,
2012-07-03,38.589890617952186,28.37348894903022,11.655993459630132,8.246549391069012,8.042399639152007,
2012-07-04,38.58813950867703,28.37256028848321,11.656226053639847,8.243002028397566,8.041694838855081,
2012-07-05,38.58571509009009,28.37365990990991,11.657809684684686,8.240135135135136,8.040990990990991,
2012-07-06,38.58571509009009,28.37365990990991,11.657809684684686,8.240135135135136,8.040990990990991,
2012-07-07,38.58571509009009,28.37365990990991,11.657809684684686,8.240135135135136,8.040990990990991,
2012-07-08,38.582618726085975,28.37408282691875,11.65939117713257,8.237947332883186,8.03961287418411,
2012-07-09,38.582618726085975,28.37408282691875,11.65939117713257,8.237947332883186,8.03961287418411,
2012-07-10,38.58020130454341,28.373830409356728,11.660970535312641,8.235087719298246,8.038236617183985,
2012-07-11,38.57846145201169,28.372229714542595,11.661873454708925,8.232231962238705,8.037536525061812,
2012-07-12,38.57846145201169,28.372229714542595,11.661873454708925,8.232231962238705,8.037536525061812,
2012-07-13,38.5767239442947,28.37332659478886,11.662775157232705,8.229380053908356,8.036163522012577,
2012-07-14,38.5767239442947,28.37332659478886,11.662775157232705,8.229380053908356,8.036163522012577,
2012-07-15,38.57364197530864,28.37374859708193,11.663675645342312,8.227205387205387,8.035465768799101,
2012-07-16,38.57364197530864,28.37374859708193,11.663675645342312,8.227205387205387,8.035465768799101,
2012-07-17,38.57191004934948,28.37417003140422,11.665247868999552,8.22436069986541,8.034096007178107,
2012-07-18,38.57018045281327,28.372909661510874,11.666481730553688,8.222192333557498,8.032728087872673,
2012-07-19,38.57018045281327,28.372909661510874,11.666481730553688,8.222192333557498,8.032728087872673,
2012-07-20,38.56778113799283,28.37400313620072,11.668049955197134,8.219354838709677,8.031362007168457,
2012-07-21,38.56778113799283,28.37400313620072,11.668049955197134,8.219354838709677,8.031362007168457,
2012-07-22,38.56538504589209,28.37442355048131,11.668944481755094,8.217192746809939,8.029997761361091,
2012-07-23,38.56538504589209,28.37442355048131,11.668944481755094,8.217192746809939,8.029997761361091,
2012-07-24,38.56299217002237,28.375290827740493,11.670732662192394,8.214809843400449,8.028635346756152,
2012-07-25,38.561273194723896,28.37436843281914,11.6709534987704,8.211983009166108,8.027945450480662,
2012-07-26,38.561273194723896,28.37436843281914,11.6709534987704,8.211983009166108,8.027945450480662,
2012-07-27,38.561273194723896,28.37436843281914,11.6709534987704,8.211983009166108,8.027945450480662,
2012-07-28,38.561273194723896,28.37436843281914,11.6709534987704,8.211983009166108,8.027945450480662,
2012-07-29,38.559556523681856,28.374787756925826,11.671174039320823,8.209159964253798,8.027256478999107,
2012-07-30,38.559556523681856,28.374787756925826,11.671174039320823,8.209159964253798,8.027256478999107,
2012-07-31,38.559556523681856,28.374787756925826,11.671174039320823,8.209159964253798,8.027256478999107,
2012-08-01,38.557842152266126,28.374201830765795,11.671729180620675,8.207010493413708,8.025898638088858,
2012-08-02,38.555460731816154,28.375959393128067,11.673956938866578,8.204194556001786,8.02454261490406,
2012-08-03,38.555460731816154,28.375959393128067,11.673956938866578,8.204194556001786,8.02454261490406,
2012-08-04,38.555460731816154,28.375959393128067,11.673956938866578,8.204194556001786,8.02454261490406,
2012-08-05,38.553751393534,28.376376811594202,11.67484392419175,8.202051282051283,8.023857302118172,
2012-08-06,38.553751393534,28.376376811594202,11.67484392419175,8.202051282051283,8.023857302118172,
2012-08-07,38.55204434046345,28.377462121212123,11.675729723707665,8.199910873440286,8.022504456327985,
2012-08-08,38.55033956802494,28.375873970162548,11.676614339790692,8.197773324426631,8.021153417947005,
2012-08-09,38.55033956802494,28.375873970162548,11.676614339790692,8.197773324426631,8.021153417947005,
2012-08-10,38.55033956802494,28.375873970162548,11.676614339790692,8.197773324426631,8.021153417947005,
2012-08-11,38.55033956802494,28.375873970162548,11.676614339790692,8.197773324426631,8.021153417947005,
2012-08-12,38.548637071651086,28.3756230529595,11.678165331553181,8.194971072541167,8.020471740097907,
2012-08-13,38.548637071651086,28.3756230529595,11.678165331553181,8.194971072541167,8.020471740097907,
2012-08-14,38.54626973537914,28.376706693351124,11.679714253947076,8.192172559484101,8.019123860351344,
2012-08-15,38.54457222222222,28.375122222222224,11.680594444444445,8.189377777777779,8.018444444444444,
2012-08-16,38.54457222222222,28.375122222222224,11.680594444444445,8.189377777777779,8.018444444444444,
2012-08-17,38.54287697090828,28.375538529868976,11.681473462136353,8.18725294248279,8.017099711303574,
2012-08-18,38.54287697090828,28.375538529868976,11.681473462136353,8.18725294248279,8.017099711303574,
2012-08-19,38.54051819795828,28.375954283177986,11.682351309365291,8.185130936529072,8.016422547714159,
2012-08-20,38.54051819795828,28.375954283177986,11.682351309365291,8.185130936529072,8.016422547714159,
2012-08-21,38.53882789975604,28.375704147261033,11.684558660456863,8.182346418274562,8.015080949212685,
2012-08-22,38.53680740248227,28.375121897163122,11.686098182624113,8.180396719858157,8.014406028368795,
2012-08-23,38.53512181616833,28.374872646733113,11.686971207087486,8.178283499446291,8.013067552602436,
2012-08-24,38.534102478973,28.375287737937143,11.687179061531651,8.176173085436034,8.011730854360335,
2012-08-25,38.534102478973,28.375287737937143,11.687179061531651,8.176173085436034,8.011730854360335,
2012-08-26,38.532420924574204,28.375038708250386,11.688713780137137,8.17340190223402,8.011059500110594,
2012-08-27,38.532420924574204,28.375038708250386,11.688713780137137,8.17340190223402,8.011059500110594,
2012-08-28,38.53007847038019,28.375453138815207,11.690909593280283,8.170634394341292,8.00972590627763,
2012-08-29,38.53038988292467,28.373878948531036,11.691114424563729,8.168533244974597,8.009056770488181,
2012-08-30,38.53038988292467,28.373878948531036,11.691114424563729,8.168533244974597,8.009056770488181,
2012-08-31,38.53038988292467,28.373878948531036,11.691114424563729,8.168533244974597,8.009056770488181,
2012-09-01,38.53038988292467,28.373878948531036,11.691114424563729,8.168533244974597,8.009056770488181,
2012-09-02,38.52871412803532,28.373631346578367,11.691981236203091,8.166434878587197,8.008388520971302,
2012-09-03,38.52871412803532,28.373631346578367,11.691981236203091,8.166434878587197,8.008388520971302,
2012-09-04,38.527040591219944,28.374045885726893,11.693508713876021,8.163677476285022,8.00705934259872,
2012-09-05,38.52735339506172,28.372475749559083,11.694372795414463,8.160923721340389,8.006393298059963,
2012-09-06,38.52634390834985,28.37355144304913,11.695235734743335,8.158173606521261,8.005067195417492,
2012-09-07,38.52634390834985,28.37355144304913,11.695235734743335,8.158173606521261,8.005067195417492,
2012-09-08,38.52634390834985,28.37355144304913,11.695235734743335,8.158173606521261,8.005067195417492,
2012-09-09,38.52467525319243,28.3733047115808,11.696758036107441,8.155427124614707,8.004403346543372,
2012-09-10,38.52467525319243,28.3733047115808,11.696758036107441,8.155427124614707,8.004403346543372,
2012-09-11,38.52366886688669,28.373058305830583,11.698278327832783,8.152684268426844,8.003080308030803,
2012-09-12,38.52398306948109,28.371492963940195,11.699136983289359,8.149945030782762,8.003078276165347,
2012-09-13,38.52398306948109,28.371492963940195,11.699136983289359,8.149945030782762,8.003078276165347,
2012-09-14,38.52231927049,28.372566468907934,11.699994506701824,8.147209404526478,8.001757855416392,
2012-09-15,38.52231927049,28.372566468907934,11.699994506701824,8.147209404526478,8.001757855416392,
2012-09-16,38.5219751866491,28.371003513394818,11.701509661835749,8.144477382520861,8.001097935880544,
2012-09-17,38.5219751866491,28.371003513394818,11.701509661835749,8.144477382520861,8.001097935880544,
2012-09-18,38.5219751866491,28.371003513394818,11.701509661835749,8.144477382520861,8.001097935880544,
2012-09-19,38.521631555848145,28.36944261575598,11.701706166337502,8.142407285494844,8.00109721307878,
2012-09-20,38.519972587719295,28.369857456140352,11.702560307017544,8.13968201754386,8.000438596491227,
2012-09-21,38.519630725399956,28.36829936445321,11.70341332456717,8.137617795310103,7.999123383738768,
2012-09-22,38.519630725399956,28.36829936445321,11.70341332456717,8.137617795310103,7.999123383738768,
2012-09-23,38.51863228208497,28.36740035041612,11.704265221200176,8.135556285589137,7.999123959702146,
2012-09-24,38.51863228208497,28.36740035041612,11.704265221200176,8.135556285589137,7.999123959702146,
2012-09-25,38.516978551105275,28.368472313416504,11.705772597942657,8.133497483037864,7.997811337272926,
2012-09-26,38.5153269903762,28.368230533683292,11.706621828521435,8.13127734033246,7.997320647419072,
2012-09-27,38.5153269903762,28.368230533683292,11.706621828521435,8.13127734033246,7.997320647419072,
2012-09-28,38.51466120218579,28.36897267759563,11.707142076502732,8.12856830601093,7.996338797814207,
2012-09-29,38.51466120218579,28.36897267759563,11.707142076502732,8.12856830601093,7.996338797814207,
2012-09-30,38.51366863259065,28.368075578855397,11.707989296636086,8.126518130187856,7.99634119702927,
2012-10-01,38.51366863259065,28.368075578855397,11.707989296636086,8.126518130187856,7.99634119702927,
2012-10-02,38.51202248417376,28.36816197336826,11.708507967692643,8.123815760750928,7.9960161536782355,
2012-10-03,38.51202248417376,28.36816197336826,11.708507967692643,8.123815760750928,7.9960161536782355,
2012-10-04,38.51234184118673,28.36988438045375,11.708044284467714,8.121116928446773,7.995364310645724,
2012-10-05,38.51234184118673,28.36988438045375,11.708044284467714,8.121116928446773,7.995364310645724,
2012-10-06,38.51234184118673,28.36988438045375,11.708044284467714,8.121116928446773,7.995364310645724,
2012-10-07,38.51135273599302,28.369642467843907,11.70823522999782,8.119075648572052,7.9953673424896445,
2012-10-08,38.51135273599302,28.369642467843907,11.70823522999782,8.119075648572052,7.9953673424896445,
2012-10-09,38.50971132897603,28.37070806100218,11.707772331154684,8.117037037037038,7.994716775599128,
2012-10-10,38.50807206618767,28.371772262138037,11.707963204876986,8.114347920748965,7.994067058567385,
2012-10-11,38.50774042645779,28.373487815491732,11.708153829416885,8.111662315056572,7.99276544821584,
2012-10-12,38.50774042645779,28.373487815491732,11.708153829416885,8.111662315056572,7.99276544821584,
2012-10-13,38.50774042645779,28.373487815491732,11.708153829416885,8.111662315056572,7.99276544821584,
2012-10-14,38.50740921939552,28.374548814959773,11.707691889541204,8.108980213089803,7.992770167427701,
2012-10-15,38.50577466318992,28.376260321599304,11.70788244241634,8.106301607996524,7.992122990004345,
2012-10-16,38.50577466318992,28.376260321599304,11.70788244241634,8.106301607996524,7.992122990004345,
2012-10-17,38.50430510314875,28.377318132464712,11.708398479913138,8.103789359391966,7.991476655808903,
2012-10-18,38.50430510314875,28.377318132464712,11.708398479913138,8.103789359391966,7.991476655808903,
2012-10-19,38.50430510314875,28.377318132464712,11.708398479913138,8.103789359391966,7.991476655808903,
2012-10-20,38.50430510314875,28.377318132464712,11.708398479913138,8.103789359391966,7.991476655808903,
2012-10-21,38.503976779513884,28.377723524305555,11.708588324652778,8.101117621527779,7.990831163194444,
2012-10-22,38.503976779513884,28.377723524305555,11.708588324652778,8.101117621527779,7.990831163194444,
2012-10-23,38.50169702884406,28.38008024289742,11.709428540446758,8.098449360225548,7.990186510518325,
2012-10-24,38.50137082791504,28.37918292154313,11.709617468573905,8.095134373645427,7.99084308625921,
2012-10-25,38.50104505089885,28.378286766298462,11.70980615118042,8.092473467619667,7.990849036170673,
2012-10-26,38.50104437229437,28.37901515151515,11.71064393939394,8.089816017316018,7.989880952380952,
2012-10-27,38.50104437229437,28.37901515151515,11.71064393939394,8.089816017316018,7.989880952380952,
2012-10-28,38.50071922993727,28.379418126757518,11.710831711010167,8.087162016006923,7.9898875189271035,
2012-10-29,38.50071922993727,28.379418126757518,11.710831711010167,8.087162016006923,7.9898875189271035,
2012-10-30,38.49996217034155,28.379604409857325,11.71210008646779,8.084295287505405,7.989461738002594,
2012-10-31,38.49996217034155,28.379604409857325,11.71210008646779,8.084295287505405,7.989461738002594,
2012-11-01,38.49996217034155,28.379604409857325,11.71210008646779,8.084295287505405,7.989461738002594,
2012-11-02,38.49996217034155,28.379604409857325,11.71210008646779,8.084295287505405,7.989461738002594,
2012-11-03,38.49996217034155,28.379604409857325,11.71210008646779,8.084295287505405,7.989461738002594,
2012-11-04,38.499638150788506,28.3800064808814,11.712934759127242,8.081648304169367,7.98946856772521,
2012-11-05,38.499638150788506,28.3800064808814,11.712934759127242,8.081648304169367,7.98946856772521,
2012-11-06,38.49931455094991,28.381055699481863,11.714416018998273,8.079004749568222,7.988180051813472,
2012-11-07,38.49834412081985,28.379514563106795,11.716542610571738,8.07571736785329,7.988187702265372,
2012-11-08,38.49931543768866,28.380562742561448,11.71801962052609,8.073081069426477,7.986901681759379,
2012-11-09,38.49931543768866,28.380562742561448,11.71801962052609,8.073081069426477,7.986901681759379,
2012-11-10,38.49931543768866,28.380562742561448,11.71801962052609,8.073081069426477,7.986901681759379,
2012-11-11,38.498992673992674,28.381609566903684,11.718201896143073,8.07044817927171,7.986263736263736,
2012-11-12,38.498992673992674,28.381609566903684,11.718201896143073,8.07044817927171,7.986263736263736,
2012-11-13,38.49867032730405,28.38265503875969,11.719675925925927,8.068464685615849,7.984980620155039,
2012-11-14,38.498993974607274,28.381116849580373,11.721148052506994,8.065838175166775,7.984990316333118,
2012-11-15,38.498993974607274,28.381116849580373,11.721148052506994,8.065838175166775,7.984990316333118,
2012-11-16,38.49931720430107,28.38216129032258,11.721973118279571,8.063215053763441,7.9837096774193546,
2012-11-17,38.49931720430107,28.38216129032258,11.721973118279571,8.063215053763441,7.9837096774193546,
2012-11-18,38.49964001719321,28.38191489361702,11.722797120137546,8.060595314850634,7.983075435203094,
2012-11-19,38.49931808419244,28.382313144329895,11.724264390034365,8.057978951890034,7.982442010309279,
2012-11-20,38.49931808419244,28.382313144329895,11.724264390034365,8.057978951890034,7.982442010309279,
2012-11-21,38.498191672032625,28.382388924661942,11.725890749087787,8.055365958360163,7.981970379909852,
2012-11-22,38.49722758472758,28.380855855855856,11.728641141141141,8.052756327756327,7.981981981981982,
2012-11-23,38.49755091103965,28.381254019292605,11.730744908896035,8.050150053590569,7.980707395498392,
2012-11-24,38.49755091103965,28.381254019292605,11.730744908896035,8.050150053590569,7.980707395498392,
2012-11-25,38.49723114824336,28.381651670951157,11.732845972579264,8.047547129391603,7.980077120822622,
2012-11-26,38.49723114824336,28.381651670951157,11.732845972579264,8.047547129391603,7.980077120822622,
2012-11-27,38.49562727467352,28.382048811817597,11.734944337400986,8.044947548704775,7.979447655748234,
2012-11-28,38.49466730851519,28.380519897304236,11.737681857081729,8.042351305091998,7.979460847240051,
2012-11-29,38.49466730851519,28.380519897304236,11.737681857081729,8.042351305091998,7.979460847240051,
2012-11-30,38.49435001069061,28.380917254650416,11.739132991233697,8.03975839213171,7.9788325849903785,
2012-12-01,38.49435001069061,28.380917254650416,11.739132991233697,8.03975839213171,7.9788325849903785,
2012-12-02,38.49403311965812,28.380673076923078,11.740582264957265,8.037168803418803,7.9788461538461535,
2012-12-03,38.49403311965812,28.380673076923078,11.740582264957265,8.037168803418803,7.9788461538461535,
2012-12-04,38.491794789664745,28.38106982703395,11.742670296818279,8.035223147554987,7.978219090326713,
2012-12-05,38.49083973538199,28.379545454545454,11.745395860008538,8.032639778062313,7.977592829705506,
2012-12-06,38.49116549370868,28.380582213691618,11.746838345062914,8.030059714224782,7.976967370441459,
2012-12-07,38.49116549370868,28.380582213691618,11.746838345062914,8.030059714224782,7.976967370441459,
2012-12-08,38.49116549370868,28.380582213691618,11.746838345062914,8.030059714224782,7.976967370441459,
2012-12-09,38.49213022165388,28.380338874680305,11.748278985507246,8.02748294970162,7.976342710997442,
2012-12-10,38.49213022165388,28.380338874680305,11.748278985507246,8.02748294970162,7.976342710997442,
2012-12-11,38.49117678381256,28.38073482428115,11.74971778487753,8.024909478168265,7.975718849840256,
2012-12-12,38.49086313324819,28.37985312899106,11.751154746700724,8.022339293316305,7.9757343550446995,
2012-12-13,38.49086313324819,28.37985312899106,11.751154746700724,8.022339293316305,7.9757343550446995,
2012-12-14,38.49182620718996,28.380887045309507,11.751951712401617,8.019772388853436,7.975111678366305,
2012-12-15,38.49182620718996,28.380887045309507,11.751951712401617,8.019772388853436,7.975111678366305,
2012-12-16,38.49278805272109,28.38064413265306,11.753385416666667,8.0172087585034,7.974489795918367,
2012-12-17,38.49374867219036,28.38103887826641,11.75481729339282,8.01464839600595,7.973868706182282,
2012-12-18,38.49216029723991,28.381433121019107,11.755610403397029,8.012728237791933,7.973248407643312,
2012-12-19,38.49168788457458,28.381508593252704,11.757039040950563,8.010651389772969,7.9727880330999366,
2012-12-20,38.49168788457458,28.381508593252704,11.757039040950563,8.010651389772969,7.9727880330999366,
2012-12-21,38.492647370653096,28.38253816793893,11.757829728583546,8.008100084817642,7.972169211195928,
2012-12-22,38.492647370653096,28.38253816793893,11.757829728583546,8.008100084817642,7.972169211195928,
2012-12-23,38.49360563678746,28.382294977749524,11.75861941089214,8.005552023733841,7.972186904005086,
2012-12-24,38.49360563678746,28.382294977749524,11.75861941089214,8.005552023733841,7.972186904005086,
2012-12-25,38.49360563678746,28.382294977749524,11.75861941089214,8.005552023733841,7.972186904005086,
2012-12-26,38.49519800931809,28.381416772554,11.759408089792462,8.003007200338839,7.97220457433291,
2012-12-27,38.49519800931809,28.381416772554,11.759408089792462,8.003007200338839,7.97220457433291,
2012-12-28,38.49519800931809,28.381416772554,11.759408089792462,8.003007200338839,7.97220457433291,
2012-12-29,38.49519800931809,28.381416772554,11.759408089792462,8.003007200338839,7.97220457433291,
2012-12-30,38.49519800931809,28.381416772554,11.759408089792462,8.003007200338839,7.97220457433291,
2012-12-31,38.49519800931809,28.381416772554,11.759408089792462,8.003007200338839,7.97220457433291,
2013-01-01,38.49519800931809,28.381416772554,11.759408089792462,8.003007200338839,7.97220457433291,
2013-01-02,38.49519800931809,28.381416772554,11.759408089792462,8.003007200338839,7.97220457433291,
2013-01-03,38.49519800931809,28.381416772554,11.759408089792462,8.003007200338839,7.97220457433291,
2013-01-04,38.49678835978836,28.381809523809522,11.759560846560847,8.000465608465609,7.970952380952381,
2013-01-05,38.49678835978836,28.381809523809522,11.759560846560847,8.000465608465609,7.970952380952381,
2013-01-06,38.49774217428088,28.38093274111675,11.76098244500846,7.997927241962775,7.970970812182741,
2013-01-07,38.49806066370746,28.380691185795815,11.762402240541112,7.995392094694568,7.970355104629043,
2013-01-08,38.49806066370746,28.380691185795815,11.762402240541112,7.995392094694568,7.970355104629043,
2013-01-09,38.500279890156314,28.378548795944234,11.764453950147868,7.9915927334178285,7.971007604562738,
2013-01-10,38.501862993455774,28.378309056364788,11.765869748786152,7.989064808950813,7.969759341355288,
2013-01-11,38.50407700421941,28.378069620253164,11.766650843881857,7.986540084388186,7.968512658227848,
2013-01-12,38.50407700421941,28.378069620253164,11.766650843881857,7.986540084388186,7.968512658227848,
2013-01-13,38.50565570314147,28.376565464895634,11.768063461943918,7.983386042589078,7.968532574320051,
2013-01-14,38.50565570314147,28.376565464895634,11.768063461943918,7.983386042589078,7.968532574320051,
2013-01-15,38.50596818373367,28.37632743362832,11.770106405394017,7.98086809945217,7.967920353982301,
2013-01-16,38.50880711728785,28.37293114339861,11.771515055801222,7.97772162560539,7.967940619077701,
2013-01-17,38.50880711728785,28.37293114339861,11.771515055801222,7.97772162560539,7.967940619077701,
2013-01-18,38.51101115319865,28.371433080808078,11.772290614478115,7.975210437710438,7.967329545454546,
2013-01-19,38.51101115319865,28.371433080808078,11.772290614478115,7.975210437710438,7.967329545454546,
2013-01-20,38.51384332281808,28.36930599369085,11.773065194532071,7.972702418506835,7.966719242902208,
2013-01-21,38.51384332281808,28.36930599369085,11.773065194532071,7.972702418506835,7.966719242902208,
2013-01-22,38.51541088692728,28.36844262295082,11.774469314838168,7.970197562000841,7.966109709962169,
2013-01-23,38.51666141566898,28.366635160680527,11.775871665616467,7.9680109220751945,7.965816005040958,
2013-01-24,38.518854953820316,28.365774559193955,11.777272250209908,7.965512174643157,7.964578085642318,
2013-01-25,38.52041640444724,28.36617369414726,11.778041745332494,7.963016572267674,7.96334172435494,
2013-01-26,38.52041640444724,28.36617369414726,11.778041745332494,7.963016572267674,7.96334172435494,
2013-01-27,38.521975890985324,28.365314465408805,11.778810272536688,7.960524109014675,7.962735849056604,
2013-01-28,38.521975890985324,28.365314465408805,11.778810272536688,7.960524109014675,7.962735849056604,
2013-01-29,38.52332390530065,28.364665828619316,11.780834904672115,7.958663314477268,7.9615021998742925,
2013-01-30,38.52425146566164,28.362552345058628,11.782856993299832,7.956176716917923,7.961526381909548,
2013-01-31,38.525177861477296,28.361697007742205,11.784876543209878,7.953693241263863,7.960295040803516,
2013-02-01,38.525177861477296,28.361697007742205,11.784876543209878,7.953693241263863,7.960295040803516,
2013-02-02,38.525177861477296,28.361697007742205,11.784876543209878,7.953693241263863,7.960295040803516,
2013-02-03,38.5267304475115,28.360842743621916,11.786266206608115,7.951212881639481,7.959692597239648,
2013-02-04,38.52765412748171,28.361243469174504,11.788281086729363,7.948735632183908,7.95846394984326,
2013-02-05,38.52765412748171,28.361243469174504,11.788281086729363,7.948735632183908,7.95846394984326,
2013-02-06,38.52920321637427,28.359137426900585,11.790293441938179,7.946261487050961,7.957863408521304,
2013-02-07,38.52949801711542,28.35953871843039,11.792303276977668,7.9437904404091,7.956637445209768,
2013-02-08,38.52949801711542,28.35953871843039,11.792303276977668,7.9437904404091,7.956637445209768,
2013-02-09,38.52949801711542,28.35953871843039,11.792303276977668,7.9437904404091,7.956637445209768,
2013-02-10,38.53041823112223,28.358687943262414,11.794310596579058,7.941322486441385,7.956038798498122,
2013-02-11,38.53041823112223,28.358687943262414,11.794310596579058,7.941322486441385,7.956038798498122,
2013-02-12,38.53071190327287,28.359089013967065,11.796315405461748,7.938857619345424,7.954815509693558,
2013-02-13,38.53350520833333,28.356989583333334,11.797692708333335,7.935770833333334,7.95421875,
2013-02-14,38.53350520833333,28.356989583333334,11.797692708333335,7.935770833333334,7.95421875,
2013-02-15,38.5344211950864,28.356141994586718,11.800317509889654,7.933312513012701,7.953622735790131,
2013-02-16,38.5344211950864,28.356141994586718,11.800317509889654,7.933312513012701,7.953622735790131,
2013-02-17,38.53596025801082,28.35529546400333,11.802314814814816,7.930857261756138,7.9524032459425715,
2013-02-18,38.53596025801082,28.35529546400333,11.802314814814816,7.930857261756138,7.9524032459425715,
2013-02-19,38.53687357038885,28.355281763360367,11.804309627781244,7.929028904138074,7.951185277604492,
2013-02-20,38.53840918536991,28.353501662510393,11.80630195344971,7.92689110556941,7.9504364089775565,
2013-02-21,38.539319833852545,28.353281412253377,11.808291796469367,7.925067497403946,7.949221183800623,
2013-02-22,38.54022934827729,28.35430676629307,11.809656496471566,7.922623495226235,7.948007471980075,
2013-02-23,38.54022934827729,28.35430676629307,11.809656496471566,7.922623495226235,7.948007471980075,
2013-02-24,38.54176000829703,28.35346401161585,11.811019498029456,7.920182534743829,7.947417548226509,
2013-02-25,38.54176000829703,28.35346401161585,11.811019498029456,7.920182534743829,7.947417548226509,
2013-02-26,38.54266687396351,28.353244195688227,11.813002694859039,7.918366500829188,7.946828358208955,
2013-02-27,38.543572612388644,28.351160140874253,11.815604930598717,7.915931220219599,7.9468614045991295,
2013-02-28,38.5450983436853,28.350320910973085,11.81758281573499,7.9134989648033125,7.945652173913044,
2013-03-01,38.5450983436853,28.350320910973085,11.81758281573499,7.9134989648033125,7.945652173913044,
2013-03-02,38.5450983436853,28.350320910973085,11.81758281573499,7.9134989648033125,7.945652173913044,
2013-03-03,38.54600144837575,28.349482722946412,11.819558245396236,7.911690461411132,7.945065176908752,
2013-03-04,38.54752377998346,28.348025227460713,11.821531224152192,7.909884201819686,7.944478908188586,
2013-03-05,38.54752377998346,28.348025227460713,11.821531224152192,7.909884201819686,7.944478908188586,
2013-03-06,38.54842426121099,28.345949576358755,11.823501756561274,7.907460219053523,7.944513329200248,
2013-03-07,38.549323626600575,28.344496076001654,11.826709004543577,7.905039239983478,7.943928128872367,
2013-03-08,38.550841073271414,28.344282765737876,11.828054695562436,7.902621259029928,7.943343653250774,
2013-03-09,38.550841073271414,28.344282765737876,11.828054695562436,7.902621259029928,7.943343653250774,
2013-03-10,38.551737830033,28.34345090759076,11.830017533003302,7.900206270627063,7.943378712871287,
2013-03-11,38.551737830033,28.34345090759076,11.830017533003302,7.900206270627063,7.943378712871287,
2013-03-12,38.55263347763348,28.342620078334367,11.832596371882087,7.898412698412699,7.942176870748299,
2013-03-13,38.55352801812938,28.339936135146274,11.835172023073754,7.896003296250515,7.94221260815822,
2013-03-14,38.55442145357216,28.337873172740377,11.838362157710522,7.894214535721639,7.941630636195182,
2013-03-15,38.55442145357216,28.337873172740377,11.838362157710522,7.894214535721639,7.941630636195182,
2013-03-16,38.55442145357216,28.337873172740377,11.838362157710522,7.894214535721639,7.941630636195182,
2013-03-17,38.55469650205761,28.3376646090535,11.840931069958849,7.891810699588477,7.941666666666666,
2013-03-18,38.55469650205761,28.3376646090535,11.840931069958849,7.891810699588477,7.941666666666666,
2013-03-19,38.555588114332714,28.3362224964014,11.843496812667079,7.890026732469669,7.941085749537323,
2013-03-20,38.55632449650637,28.334319769831485,11.845596999588986,7.888861487875052,7.94019728729963,
2013-03-21,38.55632449650637,28.334319769831485,11.845596999588986,7.888861487875052,7.94019728729963,
2013-03-22,38.55690593551037,28.333805709591292,11.847540562743891,7.886927500513453,7.93977202711029,
2013-03-23,38.55690593551037,28.333805709591292,11.847540562743891,7.886927500513453,7.93977202711029,
2013-03-24,38.557794540229885,28.332984400656816,11.849481732348112,7.885149835796388,7.939193349753695,
2013-03-25,38.55806666666666,28.332164102564104,11.85080512820513,7.8833743589743595,7.939230769230769,
2013-03-26,38.5595684706847,28.32949979499795,11.852126896268963,7.88160106601066,7.939268142681427,
2013-03-27,38.5595684706847,28.32949979499795,11.852126896268963,7.88160106601066,7.939268142681427,
2013-03-28,38.559839172300755,28.329297275148537,11.854061667691047,7.8792153247285395,7.939305470190535,
2013-03-29,38.559839172300755,28.329297275148537,11.854061667691047,7.8792153247285395,7.939305470190535,
2013-03-30,38.559839172300755,28.329297275148537,11.854061667691047,7.8792153247285395,7.939305470190535,
2013-03-31,38.56010954135954,28.327866502866506,11.855994062244063,7.877446764946765,7.938728501228502,
2013-04-01,38.56010954135954,28.327866502866506,11.855994062244063,7.877446764946765,7.938728501228502,
2013-04-02,38.56010954135954,28.327866502866506,11.855994062244063,7.877446764946765,7.938728501228502,
2013-04-03,38.56099345201555,28.32520974012687,11.857924084305301,7.875680376509106,7.938766114180479,
2013-04-04,38.56248977505112,28.324396728016364,11.859238241308795,7.873302658486708,7.938803680981595,
2013-04-05,38.56248977505112,28.324396728016364,11.859238241308795,7.873302658486708,7.938803680981595,
2013-04-06,38.56248977505112,28.324396728016364,11.859238241308795,7.873302658486708,7.938803680981595,
2013-04-07,38.5627580216636,28.322971592070306,11.861163907623135,7.871540976905784,7.9388412017167385,
2013-04-08,38.5627580216636,28.322971592070306,11.861163907623135,7.871540976905784,7.9388412017167385,
2013-04-09,38.563025939542484,28.32154820261438,11.863699959150328,7.869781454248366,7.938265931372549,
2013-04-10,38.564518269034494,28.318289446825887,11.86500816493162,7.868636456419678,7.938916105327618,
2013-04-11,38.564518269034494,28.318289446825887,11.86500816493162,7.868636456419678,7.938916105327618,
2013-04-12,38.56662076703386,28.317482660138722,11.866620767033865,7.8662688698490415,7.938035495716035,
2013-04-13,38.56662076703386,28.317482660138722,11.866620767033865,7.8662688698490415,7.938035495716035,
2013-04-14,38.56810907237512,28.31606523955148,11.867925586136597,7.864515800203874,7.9380733944954125,
2013-04-15,38.56810907237512,28.31606523955148,11.867925586136597,7.864515800203874,7.9380733944954125,
2013-04-16,38.56898431132844,28.31424205378973,11.869432559087205,7.862968622656887,7.937296251018744,3.0
2013-04-17,38.5700111993484,28.312217470983505,11.871344939930767,7.861219710853187,7.937029118305843,3.0
2013-04-18,38.5700111993484,28.312217470983505,11.871344939930767,7.861219710853187,7.937029118305843,3.0
2013-04-19,38.5700111993484,28.312217470983505,11.871344939930767,7.861219710853187,7.937029118305843,3.0
2013-04-20,38.5700111993484,28.312217470983505,11.871344939930767,7.861219710853187,7.937029118305843,3.0
2013-04-21,38.570578958078954,28.310958485958484,11.872644485144486,7.85932030932031,7.936304436304436,3.333333333333333
2013-04-22,38.57023083180801,28.30954850518609,11.874552572706936,7.857575757575758,7.935123042505593,3.888888888888889
2013-04-23,38.57023083180801,28.30954850518609,11.874552572706936,7.857575757575758,7.935123042505593,3.888888888888889
2013-04-24,38.57232215447154,28.306310975609755,11.875848577235772,7.855833333333334,7.934552845528455,3.4166666666666665
2013-04-25,38.57232215447154,28.306310975609755,11.875848577235772,7.855833333333334,7.934552845528455,3.4166666666666665
2013-04-26,38.573192159252486,28.305819622181595,11.87714300223441,7.853483648182003,7.9336786512289255,3.333333333333333
2013-04-27,38.573192159252486,28.305819622181595,11.87714300223441,7.853483648182003,7.9336786512289255,3.333333333333333
2013-04-28,38.574061104344295,28.30502436053593,11.878435850588712,7.85113682501015,7.933110028420625,3.1111111111111107
2013-04-29,38.573711706228444,28.30362142422398,11.88094441063096,7.849401501318726,7.932542097788597,3.095238095238095
2013-04-30,38.573711706228444,28.30362142422398,11.88094441063096,7.849401501318726,7.932542097788597,3.095238095238095
2013-05-01,38.57397100567721,28.300395377128954,11.882233373884834,7.847668288726683,7.932583130575831,3.083333333333333
2013-05-02,38.574837892603846,28.29899696048632,11.884128672745694,7.84532928064843,7.932016210739615,3.074074074074074
2013-05-03,38.574792426083434,28.297600243013363,11.886021668691779,7.843904414742811,7.930842446334548,3.1166666666666663
2013-05-04,38.574792426083434,28.297600243013363,11.886021668691779,7.843904414742811,7.930842446334548,3.1166666666666663
2013-05-05,38.57383626796195,28.29681238615665,11.88791236591783,7.842177696822506,7.930277271807326,3.015151515151515
2013-05-06,38.57383626796195,28.29681238615665,11.88791236591783,7.842177696822506,7.930277271807326,3.015151515151515
2013-05-07,38.57328580097087,28.295014158576052,11.889800768608414,7.840250809061489,7.929915048543689,3.013888888888889
2013-05-08,38.57328580097087,28.295014158576052,11.889800768608414,7.840250809061489,7.929915048543689,3.013888888888889
2013-05-09,38.57328580097087,28.295014158576052,11.889800768608414,7.840250809061489,7.929915048543689,3.013888888888889
2013-05-10,38.57415100060643,28.29422882555084,11.891080452799676,7.838528401051143,7.92874469375379,3.0128205128205128
2013-05-11,38.57415100060643,28.29422882555084,11.891080452799676,7.838528401051143,7.92874469375379,3.0128205128205128
2013-05-12,38.57380303030303,28.292838383838383,11.892964646464646,7.836202020202021,7.928787878787879,2.9404761904761902
2013-05-13,38.57284978800727,28.292055320008078,11.894846557641833,7.8338784575005045,7.928225317989098,2.944444444444444
2013-05-14,38.57284978800727,28.292055320008078,11.894846557641833,7.8338784575005045,7.928225317989098,2.944444444444444
2013-05-15,38.57371368038741,28.28885189669088,11.896120863599677,7.831557707828894,7.928874092009686,2.8854166666666665
2013-05-16,38.574576527525714,28.28686227061908,11.89739362774753,7.829239766081871,7.928312159709619,2.892156862745098
2013-05-17,38.57483373639661,28.286235388956065,11.898513704151553,7.826924627166465,7.927750906892382,2.898148148148148
2013-05-18,38.57483373639661,28.286235388956065,11.898513704151553,7.826924627166465,7.927750906892382,2.898148148148148
2013-05-19,38.57509063444109,28.284853977844914,11.900387713997986,7.824612286002014,7.927190332326284,2.9035087719298245
2013-05-20,38.57509063444109,28.284853977844914,11.900387713997986,7.824612286002014,7.927190332326284,2.9035087719298245
2013-05-21,38.57509063444109,28.284853977844914,11.900387713997986,7.824612286002014,7.927190332326284,2.9035087719298245
2013-05-22,38.57534722222222,28.283323268921094,11.901051731078905,7.822906602254428,7.9269323671497585,2.9145833333333333
2013-05-23,38.57534722222222,28.283323268921094,11.901051731078905,7.822906602254428,7.9269323671497585,2.9145833333333333
2013-05-24,38.57681050090525,28.28254878294106,11.902318446992556,7.820599476966406,7.925769462884731,2.871031746031746
2013-05-25,38.57681050090525,28.28254878294106,11.902318446992556,7.820599476966406,7.925769462884731,2.871031746031746
2013-05-26,38.57766887816646,28.281775231202253,11.902980498592681,7.818295134700443,7.925211097708082,2.831439393939394
2013-05-27,38.57792344786016,28.279797066505928,11.904244524814144,7.8159935704239505,7.924653405666064,2.8387681159420293
2013-05-28,38.57878012048193,28.277218875502008,11.90550702811245,7.813694779116466,7.924698795180723,2.845486111111111
2013-05-29,38.57878012048193,28.277218875502008,11.90550702811245,7.813694779116466,7.924698795180723,2.845486111111111
2013-05-30,38.57878012048193,28.277218875502008,11.90550702811245,7.813694779116466,7.924698795180723,2.845486111111111
2013-05-31,38.58083985550873,28.275847882801525,11.90676801123821,7.811398755769617,7.923540036122818,2.851666666666667
2013-06-01,38.58109205776174,28.274478539911755,11.90802747693542,7.809105495387084,7.922984356197353,2.8958333333333335
2013-06-02,38.581945279615155,28.273110843856486,11.909285427941471,7.807416315894969,7.922429344558028,2.8626543209876547
2013-06-03,38.581945279615155,28.273110843856486,11.909285427941471,7.807416315894969,7.922429344558028,2.8626543209876547
2013-06-04,38.582196514423075,28.27234575320513,11.91114282852564,7.805128205128205,7.921274038461538,2.867559523809524
2013-06-05,38.58364864864865,28.269779779779782,11.911796796796796,7.802842842842843,7.921321321321321,2.8721264367816093
2013-06-06,38.58509903961585,28.26901760704282,11.913050220088035,7.800560224089636,7.920168067226891,2.876388888888889
2013-06-07,38.587147570485904,28.26885622875425,11.91370225954809,7.798280343931214,7.919016196760648,2.8803763440860215
2013-06-08,38.587147570485904,28.26885622875425,11.91370225954809,7.798280343931214,7.919016196760648,2.8803763440860215
2013-06-09,38.58859412470024,28.267496003197444,11.914353517186251,7.7960031974420465,7.918465227817745,2.8841145833333335
2013-06-10,38.58859412470024,28.267496003197444,11.914353517186251,7.7960031974420465,7.918465227817745,2.8841145833333335
2013-06-11,38.58884062312762,28.26613740762932,11.915603155582184,7.794327940882765,7.917914919113241,2.887626262626263
2013-06-12,38.589685628742515,28.263582834331338,11.91625249500998,7.792654690618763,7.918562874251497,2.8615196078431375
2013-06-13,38.589685628742515,28.263582834331338,11.91625249500998,7.792654690618763,7.918562874251497,2.8615196078431375
2013-06-14,38.591128067025736,28.262228206662677,11.91809794534211,7.790384999002593,7.9180131657690005,2.836904761904762
2013-06-15,38.591128067025736,28.262228206662677,11.91809794534211,7.790384999002593,7.9180131657690005,2.836904761904762
2013-06-16,38.592568779904305,28.260277113237642,11.918745015948963,7.788716108452951,7.918062200956938,2.8136574074074074
2013-06-17,38.592568779904305,28.260277113237642,11.918745015948963,7.788716108452951,7.918062200956938,2.8136574074074074
2013-06-18,38.59400777047221,28.258328352261408,11.919989041641761,7.7870492129906355,7.918111177525404,2.791666666666667
2013-06-19,38.59454898446834,28.256083233771406,11.921679609717245,7.785384309040223,7.917712066905615,2.7905701754385968
2013-06-20,38.59454898446834,28.256083233771406,11.921679609717245,7.785384309040223,7.917712066905615,2.7905701754385968
2013-06-21,38.59598507462687,28.25413930348259,11.92292039800995,7.783721393034826,7.917164179104478,2.7905701754385968
2013-06-22,38.59598507462687,28.25413930348259,11.92292039800995,7.783721393034826,7.917164179104478,2.7905701754385968
2013-06-23,38.59741945107399,28.25219769291965,11.92415970564837,7.781463802704853,7.917213603818616,2.7702991452991452
2013-06-24,38.59765951103161,28.250854700854703,11.926590141125025,7.7792089047903,7.916666666666667,2.7510416666666666
2013-06-25,38.59765951103161,28.250854700854703,11.926590141125025,7.7792089047903,7.916666666666667,2.7510416666666666
2013-06-26,38.59909117997616,28.24712951926897,11.928421732220897,7.777552642034168,7.9167163289630516,2.7327235772357725
2013-06-27,38.59909117997616,28.24712951926897,11.928421732220897,7.777552642034168,7.9167163289630516,2.7327235772357725
2013-06-28,38.60111673615247,28.24579114552313,11.929059956323208,7.775302759579115,7.915872543180464,2.739087301587302
2013-06-29,38.60111673615247,28.24579114552313,11.929059956323208,7.775302759579115,7.915872543180464,2.739087301587302
2013-06-30,38.60254464285715,28.243859126984127,11.92969742063492,7.773650793650794,7.915327380952381,2.7218992248062017
2013-07-01,38.6033759666865,28.24192940709895,11.931523894507238,7.771405909181043,7.914782867340868,2.7282196969696972
2013-07-02,38.6033759666865,28.24192940709895,11.931523894507238,7.771405909181043,7.914782867340868,2.7282196969696972
2013-07-03,38.60480083234245,28.238218390804597,11.932753666270314,7.769758224336108,7.915428061831153,2.712037037037037
2013-07-04,38.606818181818184,28.236294315706083,11.933981976629035,7.767518320459497,7.914884135472371,2.712037037037037
2013-07-05,38.606818181818184,28.236294315706083,11.933981976629035,7.767518320459497,7.914884135472371,2.712037037037037
2013-07-06,38.606818181818184,28.236294315706083,11.933981976629035,7.767518320459497,7.914884135472371,2.712037037037037
2013-07-07,38.608833135391926,28.234966349960413,11.934021179730799,7.765281076801267,7.914934679334917,2.6965579710144927
2013-07-08,38.608833135391926,28.234966349960413,11.934021179730799,7.765281076801267,7.914934679334917,2.6965579710144927
2013-07-09,38.60906528189911,28.233639960435212,11.93524727992087,7.763639960435213,7.914391691394659,2.7030141843971633
2013-07-10,38.610483392645314,28.229942665085016,11.937065045472519,7.762000790826414,7.915035587188612,2.6883680555555554
2013-07-11,38.610483392645314,28.229942665085016,11.937065045472519,7.762000790826414,7.915035587188612,2.6883680555555554
2013-07-12,38.61170223276032,28.22852203121913,11.937793914246196,7.760462359217546,7.914098004346967,2.6981292517006805
2013-07-13,38.61170223276032,28.22852203121913,11.937793914246196,7.760462359217546,7.914098004346967,2.6981292517006805
2013-07-14,38.61311710110584,28.22720181674566,11.937830766192734,7.758827014218009,7.913556477093207,2.664166666666667
2013-07-15,38.61311710110584,28.22720181674566,11.937830766192734,7.758827014218009,7.913556477093207,2.664166666666667
2013-07-16,38.613346161436745,28.22568581014407,11.939249062561673,7.757193605683836,7.913410301953819,2.6642156862745097
2013-07-17,38.614758382643,28.22259368836292,11.940468441814595,7.755562130177514,7.913461538461538,2.6514423076923075
2013-07-18,38.614758382643,28.22259368836292,11.940468441814595,7.755562130177514,7.913461538461538,2.6514423076923075
2013-07-19,38.61616893356988,28.22127932190026,11.941095012812932,7.753341218214074,7.912921348314606,2.6580188679245285
2013-07-20,38.61616893356988,28.22127932190026,11.941095012812932,7.753341218214074,7.912921348314606,2.6580188679245285
2013-07-21,38.616986800630414,28.21937549251379,11.941720843183608,7.7523049645390065,7.91297281323877,2.6458333333333335
2013-07-22,38.616986800630414,28.21937549251379,11.941720843183608,7.7523049645390065,7.91297281323877,2.6458333333333335
2013-07-23,38.6166223666076,28.218064579641663,11.94352726914747,7.750679267572356,7.9124335499114,2.6522727272727273
2013-07-24,38.61802931916568,28.21439393939394,11.943560606060606,7.74905548996458,7.913075560802834,2.640625
2013-07-25,38.62002458210423,28.212497541789578,11.944773844641102,7.7468436578171085,7.912536873156342,2.629385964912281
2013-07-26,38.62002458210423,28.212497541789578,11.944773844641102,7.7468436578171085,7.912536873156342,2.629385964912281
2013-07-27,38.62002458210423,28.212497541789578,11.944773844641102,7.7468436578171085,7.912536873156342,2.629385964912281
2013-07-28,38.62083824685534,28.210603380503144,11.945396029874214,7.7452240566037736,7.912588443396227,2.6357758620689653
2013-07-29,38.62083824685534,28.210603380503144,11.945396029874214,7.7452240566037736,7.912588443396227,2.6357758620689653
2013-07-30,38.621061677470045,28.209300726772735,11.94719603221371,7.743017088980554,7.91205067766647,2.641949152542373
2013-07-31,38.62246270121712,28.20564389477817,11.947816058107577,7.7414016489988215,7.9121024734982335,2.63125
2013-08-01,38.62445065724936,28.204345693545225,11.948435354129881,7.7397881106533255,7.911565626839317,2.63125
2013-08-02,38.625259803921566,28.20363725490196,11.949642156862746,7.738176470588235,7.911029411764706,2.63125
2013-08-03,38.625259803921566,28.20363725490196,11.949642156862746,7.738176470588235,7.911029411764706,2.63125
2013-08-04,38.62606799921615,28.20175387027239,11.950259651185577,7.7365667254556145,7.911081716637272,2.6209016393442623
2013-08-05,38.62628770074422,28.20046024285155,11.951463963963963,7.734958871915393,7.911133960047003,2.6108870967741935
2013-08-06,38.62628770074422,28.20046024285155,11.951463963963963,7.734958871915393,7.911133960047003,2.6108870967741935
2013-08-07,38.62709434331572,28.197406537482873,11.952666862399687,7.733352906635349,7.910598943041691,2.617063492063492
2013-08-08,38.62709434331572,28.197406537482873,11.952666862399687,7.733352906635349,7.910598943041691,2.617063492063492
2013-08-09,38.629073748043815,28.195530125195617,11.953281494522692,7.73174882629108,7.91006455399061,2.617063492063492
2013-08-10,38.629073748043815,28.195530125195617,11.953281494522692,7.73174882629108,7.91006455399061,2.617063492063492
2013-08-11,38.63046432062561,28.193655913978496,11.953895405669599,7.730146627565982,7.910117302052786,2.607421875
2013-08-12,38.63046432062561,28.193655913978496,11.953895405669599,7.730146627565982,7.910117302052786,2.607421875
2013-08-13,38.6306809300508,28.1923700664322,11.955094763579524,7.72854630715123,7.910169988276671,2.6134615384615385
2013-08-14,38.63148310876782,28.18932825619996,11.955706893184924,7.726947861745753,7.910222612770943,2.6193181818181817
2013-08-15,38.63345530835285,28.187460967993754,11.955732825917252,7.725351288056206,7.910275175644028,2.6193181818181817
2013-08-16,38.63484006241467,28.185595865028283,11.956343865808465,7.723756582796957,7.910327677004096,2.6193181818181817
2013-08-17,38.63484006241467,28.185595865028283,11.956343865808465,7.723756582796957,7.910327677004096,2.6193181818181817
2013-08-18,38.635638401559454,28.18314814814815,11.956369395711501,7.722748538011696,7.910380116959065,2.595149253731343
2013-08-19,38.635638401559454,28.18314814814815,11.956369395711501,7.722748538011696,7.910380116959065,2.595149253731343
2013-08-20,38.63585135398402,28.181677381648157,11.95756380284434,7.7213520358464836,7.910432495616599,2.591299019607843
2013-08-21,38.63664816978193,28.17879672897196,11.958318730529594,7.720638629283489,7.910192757009346,2.589975845410628
2013-08-22,38.63664816978193,28.17879672897196,11.958318730529594,7.720638629283489,7.910192757009346,2.589975845410628
2013-08-23,38.63831971200623,28.176649153531816,11.958634948433547,7.719342284491146,7.910537069468768,2.5958333333333337
2013-08-24,38.63831971200623,28.176649153531816,11.958634948433547,7.719342284491146,7.910537069468768,2.5958333333333337
2013-08-25,38.63911415791521,28.174795799299883,11.958659082069234,7.717755737067289,7.91058926487748,2.6015258215962445
2013-08-26,38.63932458697765,28.172944606413992,11.959849368318755,7.716754130223518,7.910058309037901,2.607060185185185
2013-08-27,38.63932458697765,28.172944606413992,11.959849368318755,7.716754130223518,7.910058309037901,2.607060185185185
2013-08-28,38.64070027195027,28.169347319347317,11.959290015540015,7.715170940170941,7.911276223776224,2.6124429223744294
2013-08-29,38.64207435449427,28.16808386721025,11.95902251989905,7.7138807998446906,7.911036691904485,2.61768018018018
2013-08-30,38.64207435449427,28.16808386721025,11.95902251989905,7.7138807998446906,7.911036691904485,2.61768018018018
2013-08-31,38.64207435449427,28.16808386721025,11.95902251989905,7.7138807998446906,7.911036691904485,2.61768018018018
2013-09-01,38.642282693053936,28.165075669383004,11.958464299573146,7.712883197516492,7.912252619324796,2.622777777777778
2013-09-02,38.642490789218535,28.163816172193133,11.9590701958503,7.711305022299787,7.912303664921466,2.6277412280701755
2013-09-03,38.642490789218535,28.163816172193133,11.9590701958503,7.711305022299787,7.912303664921466,2.6277412280701755
2013-09-04,38.64328003875969,28.161395348837207,11.958948643410853,7.710019379844962,7.9125,2.6390692640692643
2013-09-05,38.644649428626764,28.160429982568274,11.957810381561108,7.708735231454581,7.912550842533411,2.6436965811965814
2013-09-06,38.644649428626764,28.160429982568274,11.957810381561108,7.708735231454581,7.912550842533411,2.6436965811965814
2013-09-07,38.644649428626764,28.160429982568274,11.957810381561108,7.708735231454581,7.912550842533411,2.6436965811965814
2013-09-08,38.64543650793651,28.158594657375144,11.957254161827333,7.707162214479288,7.913182346109175,2.6482067510548526
2013-09-09,38.64564229057845,28.158502611723737,11.956698587734572,7.705010640355969,7.913232733604179,2.652604166666667
2013-09-10,38.646427880897136,28.15667053364269,11.95614365815932,7.703441608662026,7.913863109048724,2.6568930041152266
2013-09-11,38.646632850241545,28.154840579710143,11.954429951690821,7.702454106280193,7.915072463768116,2.6610772357723578
2013-09-12,38.6474169563538,28.154750869061413,11.953297605252994,7.700888373889533,7.915121668597914,2.659136546184739
2013-09-13,38.64820015441035,28.153503184713376,11.9527456089558,7.699903493534067,7.915170816444702,2.6750992063492065
2013-09-14,38.64820015441035,28.153503184713376,11.9527456089558,7.699903493534067,7.915170816444702,2.6750992063492065
2013-09-15,38.648017939814814,28.152642746913582,11.952001350308642,7.697955246913581,7.9154128086419755,2.690686274509804
2013-09-16,38.648017939814814,28.152642746913582,11.952001350308642,7.697955246913581,7.9154128086419755,2.690686274509804
2013-09-17,38.648221515326775,28.150819356082515,11.950294004241373,7.696394833236939,7.916618469250048,2.6942829457364343
2013-09-18,38.64842485549133,28.149576107899808,11.949744701348749,7.695414258188825,7.917244701348748,2.703544061302682
2013-09-19,38.648435393799346,28.149297130752938,11.94765549778548,7.694338532640092,7.917773926439438,2.725852272727273
2013-09-20,38.64892705927637,28.148248652809855,11.946146073903002,7.693071593533487,7.918398768283295,2.7420411985018727
2013-09-21,38.64892705927637,28.148248652809855,11.946146073903002,7.693071593533487,7.918398768283295,2.7420411985018727
2013-09-22,38.64892705927637,28.148248652809855,11.946146073903002,7.693071593533487,7.918398768283295,2.7420411985018727
2013-09-23,38.64892705927637,28.148248652809855,11.946146073903002,7.693071593533487,7.918398768283295,2.7420411985018727
2013-09-24,38.64892705927637,28.148248652809855,11.946146073903002,7.693071593533487,7.918398768283295,2.7420411985018727
2013-09-25,38.64892705927637,28.148248652809855,11.946146073903002,7.693071593533487,7.918398768283295,2.7420411985018727
2013-09-26,38.64892705927637,28.148248652809855,11.946146073903002,7.693071593533487,7.918398768283295,2.7420411985018727
2013-09-27,38.65143777649548,28.14700904020004,11.943291979226773,7.690363531448355,7.919599923062127,2.7671296296296295
2013-09-28,38.65143777649548,28.14700904020004,11.943291979226773,7.690363531448355,7.919599923062127,2.7671296296296295
2013-09-29,38.653945597846985,28.145770857362553,11.940441176470587,7.687658592848904,7.920222991157247,2.8026556776556775
2013-09-30,38.653945597846985,28.145770857362553,11.940441176470587,7.687658592848904,7.920222991157247,2.8026556776556775
2013-10-01,38.65587415946206,28.14395773294909,11.938170028818442,7.6855331412103745,7.920845341018252,2.826539855072464
2013-10-02,38.65587415946206,28.14395773294909,11.938170028818442,7.6855331412103745,7.920845341018252,2.826539855072464
2013-10-03,38.65587415946206,28.14395773294909,11.938170028818442,7.6855331412103745,7.920845341018252,2.826539855072464
2013-10-04,38.65587415946206,28.14395773294909,11.938170028818442,7.6855331412103745,7.920845341018252,2.826539855072464
2013-10-05,38.65587415946206,28.14395773294909,11.938170028818442,7.6855331412103745,7.920845341018252,2.826539855072464
2013-10-06,38.65780049923195,28.142146697388636,11.935901497695852,7.683410138248847,7.921466973886329,2.8606630824372763
2013-10-07,38.65780049923195,28.142146697388636,11.935901497695852,7.683410138248847,7.921466973886329,2.8606630824372763
2013-10-08,38.65780049923195,28.142146697388636,11.935901497695852,7.683410138248847,7.921466973886329,2.8606630824372763
2013-10-09,38.6614517367108,28.139762041834583,11.933635578583765,7.6807138744962575,7.92151218576089,2.8940602836879434
2013-10-10,38.66366033755274,28.13824319140775,11.93165995397008,7.678308400460299,7.922132719601073,2.9135964912280703
2013-10-11,38.66366033755274,28.13824319140775,11.93165995397008,7.678308400460299,7.922132719601073,2.9135964912280703
2013-10-12,38.66366033755274,28.13824319140775,11.93165995397008,7.678308400460299,7.922132719601073,2.9135964912280703
2013-10-13,38.66557887674909,28.136438566225802,11.929974123059228,7.675618171362852,7.923327582902051,2.945746527777778
2013-10-14,38.66557887674909,28.136438566225802,11.929974123059228,7.675618171362852,7.923327582902051,2.945746527777778
2013-10-15,38.66749521072797,28.13492337164751,11.928290229885057,7.673218390804598,7.9239463601532565,2.977233676975945
2013-10-16,38.67055810836684,28.132548343863682,11.926033888569787,7.671108558299827,7.923990044035994,3.0080782312925174
2013-10-17,38.67055810836684,28.132548343863682,11.926033888569787,7.671108558299827,7.923990044035994,3.0080782312925174
2013-10-18,38.67055810836684,28.132548343863682,11.926033888569787,7.671108558299827,7.923990044035994,3.0080782312925174
2013-10-19,38.67055810836684,28.132548343863682,11.926033888569787,7.671108558299827,7.923990044035994,3.0080782312925174
2013-10-20,38.67246938384998,28.13075009567547,11.924354190585532,7.668427095292767,7.925181783390738,3.0281986531986536
2013-10-21,38.67495218971123,28.129527634346914,11.923250143430865,7.666035570854848,7.925511570089883,3.037916666666667
2013-10-22,38.67495218971123,28.129527634346914,11.923250143430865,7.666035570854848,7.925511570089883,3.037916666666667
2013-10-23,38.67685875382263,28.127733180428137,11.921287270642202,7.664220183486238,7.926127675840978,3.059818481848185
2013-10-24,38.67685875382263,28.127733180428137,11.921287270642202,7.664220183486238,7.926127675840978,3.059818481848185
2013-10-25,38.67761700095511,28.127086914995225,11.919613180515759,7.6621203438395415,7.926743075453677,3.078839869281046
2013-10-26,38.67761700095511,28.127086914995225,11.919613180515759,7.6621203438395415,7.926743075453677,3.078839869281046
2013-10-27,38.67894711722031,28.125868652157315,11.918513745704466,7.659450171821305,7.927357770141275,3.0974919093851137
2013-10-28,38.67894711722031,28.125868652157315,11.918513745704466,7.659450171821305,7.927357770141275,3.0974919093851137
2013-10-29,38.67894711722031,28.125868652157315,11.918513745704466,7.659450171821305,7.927357770141275,3.0974919093851137
2013-10-30,38.680848120587676,28.1242224766266,11.91712936462507,7.657212364052661,7.927971761114291,3.1133814102564106
2013-10-31,38.680848120587676,28.1242224766266,11.91712936462507,7.657212364052661,7.927971761114291,3.1133814102564106
2013-11-01,38.680848120587676,28.1242224766266,11.91712936462507,7.657212364052661,7.927971761114291,3.1133814102564106
2013-11-02,38.680848120587676,28.1242224766266,11.91712936462507,7.657212364052661,7.927971761114291,3.1133814102564106
2013-11-03,38.68274694889397,28.12243516399695,11.915460526315789,7.654548054919908,7.928585049580472,3.1313492063492063
2013-11-04,38.68274694889397,28.12243516399695,11.915460526315789,7.654548054919908,7.928585049580472,3.1313492063492063
2013-11-05,38.68274694889397,28.12243516399695,11.915460526315789,7.654548054919908,7.928585049580472,3.1313492063492063
2013-11-06,38.68464360587002,28.120935772822566,11.914222412807318,7.6520297312750145,7.9291976367448065,3.1442610062893084
2013-11-07,38.68653809523809,28.119723809523812,11.91312857142857,7.6493714285714285,7.929809523809523,3.1522585669781935
2013-11-08,38.688430420711974,28.118513230534933,11.911464877213021,7.646716162193032,7.93042071197411,3.1693672839506175
2013-11-09,38.688430420711974,28.118513230534933,11.911464877213021,7.646716162193032,7.93042071197411,3.1693672839506175
2013-11-10,38.68974980974125,28.117304033485542,11.910373858447487,7.644063926940639,7.931031202435312,3.1861620795107037
2013-11-11,38.68974980974125,28.117304033485542,11.910373858447487,7.644063926940639,7.931031202435312,3.1861620795107037
2013-11-12,38.69163814413387,28.115525765354633,11.909854535082715,7.641985168282943,7.9313557710591365,3.1981060606060607
2013-11-13,38.69295419992398,28.113179399467885,11.908195553021663,7.639908779931584,7.932535157734701,3.2143393393393396
2013-11-14,38.69295419992398,28.113179399467885,11.908195553021663,7.639908779931584,7.932535157734701,3.2143393393393396
2013-11-15,38.69295419992398,28.113179399467885,11.908195553021663,7.639908779931584,7.932535157734701,3.2143393393393396
2013-11-16,38.69295419992398,28.113179399467885,11.908195553021663,7.639908779931584,7.932535157734701,3.2143393393393396
2013-11-17,38.694268755935425,28.111405508072178,11.907108262108261,7.637264957264957,7.933143399810066,3.230282738095238
2013-11-18,38.694268755935425,28.111405508072178,11.907108262108261,7.637264957264957,7.933143399810066,3.230282738095238
2013-11-19,38.695581814730446,28.10963363705391,11.905452733485193,7.635193621867882,7.933750949126803,3.24594395280236
2013-11-20,38.69689337886549,28.1075792069816,11.904368241320432,7.633124644280023,7.934784670840448,3.259137426900585
2013-11-21,38.69689337886549,28.1075792069816,11.904368241320432,7.633124644280023,7.934784670840448,3.259137426900585
2013-11-22,38.69877227910504,28.105811528251802,11.903284982935153,7.630489192263936,7.93539059537353,3.2655797101449275
2013-11-23,38.69877227910504,28.105811528251802,11.903284982935153,7.630489192263936,7.93539059537353,3.2655797101449275
2013-11-24,38.70064904301687,28.104045859389807,11.902202956225127,7.627856736782262,7.935995830964563,3.2805316091954024
2013-11-25,38.70064904301687,28.104045859389807,11.902202956225127,7.627856736782262,7.935995830964563,3.2805316091954024
2013-11-26,38.70064904301687,28.104045859389807,11.902202956225127,7.627856736782262,7.935995830964563,3.2805316091954024
2013-11-27,38.701529356060604,28.10285037878788,11.901264204545454,7.625795454545455,7.936742424242424,3.290954415954416
2013-11-28,38.701529356060604,28.10285037878788,11.901264204545454,7.625795454545455,7.936742424242424,3.290954415954416
2013-11-29,38.70340242286579,28.101656255915202,11.8990488358887,7.623168654173765,7.937914063978799,3.3054378531073447
2013-11-30,38.70340242286579,28.101656255915202,11.8990488358887,7.623168654173765,7.937914063978799,3.3054378531073447
2013-12-01,38.70470582671207,28.100463488460086,11.897403518728716,7.621112372304199,7.938516836927733,3.3196778711484596
2013-12-02,38.70470582671207,28.100463488460086,11.897403518728716,7.621112372304199,7.938516836927733,3.3196778711484596
2013-12-03,38.706858574399696,28.098137644167142,11.896894498014747,7.618774815655133,7.939402533560219,3.3253472222222222
2013-12-04,38.708725434618295,28.09524754346183,11.895819160997732,7.6161564625850335,7.9405706727135295,3.3391873278236917
2013-12-05,38.7111567516525,28.09349386213409,11.894745042492916,7.613541076487252,7.941170915958451,3.344603825136612
2013-12-06,38.7111567516525,28.09349386213409,11.894745042492916,7.613541076487252,7.941170915958451,3.344603825136612
2013-12-07,38.7111567516525,28.09349386213409,11.894745042492916,7.613541076487252,7.941170915958451,3.344603825136612
2013-12-08,38.71301906379766,28.09230841827105,11.893105889014722,7.610928652321631,7.941770479426198,3.3580623306233064
2013-12-09,38.71487926806263,28.09055838521034,11.892034521788341,7.608885116015846,7.942652329749103,3.3672715053763445
2013-12-10,38.71730297888386,28.08881033182504,11.890964366515837,7.606278280542986,7.943250377073906,3.3723333333333336
2013-12-11,38.71972394950066,28.08649896363294,11.889330130016958,7.6036743923120405,7.944413039381948,3.385251322751323
2013-12-12,38.71972394950066,28.08649896363294,11.889330130016958,7.6036743923120405,7.944413039381948,3.385251322751323
2013-12-13,38.721577212806025,28.084755178907724,11.887697740112994,7.601638418079096,7.945574387947269,3.3900918635170605
2013-12-14,38.721577212806025,28.084755178907724,11.887697740112994,7.601638418079096,7.945574387947269,3.3900918635170605
2013-12-15,38.723428383210994,28.08301336344815,11.886067193675888,7.599604743083003,7.946169772256728,3.4026692708333335
2013-12-16,38.723428383210994,28.08301336344815,11.886067193675888,7.599604743083003,7.946169772256728,3.4026692708333335
2013-12-17,38.72527746425884,28.08155568096313,11.88443848758465,7.597573363431151,7.947046651617757,3.4111757105943155
2013-12-18,38.72527746425884,28.08155568096313,11.88443848758465,7.597573363431151,7.947046651617757,3.4111757105943155
2013-12-19,38.726842451588645,28.08009964279,11.883657642413986,7.595544275239707,7.947640533934949,3.419551282051282
2013-12-20,38.72868752348741,28.07949079293499,11.882032130777903,7.593517474633596,7.947670048853814,3.4239821882951653
2013-12-21,38.72868752348741,28.07949079293499,11.882032130777903,7.593517474633596,7.947670048853814,3.4239821882951653
2013-12-22,38.729967136150236,28.077755868544603,11.880408450704225,7.591492957746478,7.948262910798122,3.435921717171717
2013-12-23,38.729967136150236,28.077755868544603,11.880408450704225,7.591492957746478,7.948262910798122,3.435921717171717
2013-12-24,38.729967136150236,28.077755868544603,11.880408450704225,7.591492957746478,7.948262910798122,3.435921717171717
2013-12-25,38.729967136150236,28.077755868544603,11.880408450704225,7.591492957746478,7.948262910798122,3.435921717171717
2013-12-26,38.729967136150236,28.077755868544603,11.880408450704225,7.591492957746478,7.948262910798122,3.435921717171717
2013-12-27,38.729967136150236,28.077755868544603,11.880408450704225,7.591492957746478,7.948262910798122,3.435921717171717
2013-12-28,38.729967136150236,28.077755868544603,11.880408450704225,7.591492957746478,7.948262910798122,3.435921717171717
2013-12-29,38.729967136150236,28.077755868544603,11.880408450704225,7.591492957746478,7.948262910798122,3.435921717171717
2013-12-30,38.729967136150236,28.077755868544603,11.880408450704225,7.591492957746478,7.948262910798122,3.435921717171717
2013-12-31,38.729967136150236,28.077755868544603,11.880408450704225,7.591492957746478,7.948262910798122,3.435921717171717
2014-01-01,38.73180837087087,28.075459834834838,11.879349662162161,7.590033783783784,7.949418168168168,3.4401629072681708
2014-01-02,38.73180837087087,28.075459834834838,11.879349662162161,7.590033783783784,7.949418168168168,3.4401629072681708
2014-01-03,38.73180837087087,28.075459834834838,11.879349662162161,7.590033783783784,7.949418168168168,3.4401629072681708
2014-01-04,38.73180837087087,28.075459834834838,11.879349662162161,7.590033783783784,7.949418168168168,3.4401629072681708
2014-01-05,38.73180837087087,28.075459834834838,11.879349662162161,7.590033783783784,7.949418168168168,3.4401629072681708
2014-01-06,38.73336616019508,28.073729131495032,11.877729319077096,7.588013505908835,7.950572125304821,3.451803482587065
2014-01-07,38.73336616019508,28.073729131495032,11.877729319077096,7.588013505908835,7.950572125304821,3.451803482587065
2014-01-08,38.7346409823772,28.070875515560555,11.876673228346457,7.586557930258717,7.951724784401949,3.4632716049382717
2014-01-09,38.73591437136968,28.07027356192618,11.875056211354693,7.584541877459246,7.951751920554618,3.467218137254902
2014-01-10,38.73591437136968,28.07027356192618,11.875056211354693,7.584541877459246,7.951751920554618,3.467218137254902
2014-01-11,38.73591437136968,28.07027356192618,11.875056211354693,7.584541877459246,7.951751920554618,3.467218137254902
2014-01-12,38.73774812734082,28.068548689138577,11.873441011235954,7.58252808988764,7.9523408239700375,3.4784063260340634
2014-01-13,38.73901834175557,28.06738723563541,11.872389107243121,7.580516563728242,7.953209807224406,3.4821859903381642
2014-01-14,38.73901834175557,28.06738723563541,11.872389107243121,7.580516563728242,7.953209807224406,3.4821859903381642
2014-01-15,38.73972596333707,28.06454358398803,11.871338383838383,7.579068462401795,7.954358398802843,3.49310551558753
2014-01-16,38.73972596333707,28.06454358398803,11.871338383838383,7.579068462401795,7.954358398802843,3.49310551558753
2014-01-17,38.742115348663305,28.062263974574687,11.869727986539539,7.577061132922041,7.955505702000374,3.4967261904761906
2014-01-18,38.742115348663305,28.062263974574687,11.869727986539539,7.577061132922041,7.955505702000374,3.4967261904761906
2014-01-19,38.743380979073244,28.061107997010467,11.86755885650224,7.575056053811659,7.956651718983557,3.507387706855792
2014-01-20,38.743380979073244,28.061107997010467,11.86755885650224,7.575056053811659,7.956651718983557,3.507387706855792
2014-01-21,38.745205415499534,28.059393090569564,11.86595238095238,7.573053221288515,7.957236227824462,3.510856807511737
2014-01-22,38.746467898469575,28.057400149309444,11.864767637178051,7.571472564389698,7.958100037327361,3.5142773892773893
2014-01-23,38.746467898469575,28.057400149309444,11.864767637178051,7.571472564389698,7.958100037327361,3.5142773892773893
2014-01-24,38.746467898469575,28.057400149309444,11.864767637178051,7.571472564389698,7.958100037327361,3.5142773892773893
2014-01-25,38.746467898469575,28.057400149309444,11.864767637178051,7.571472564389698,7.958100037327361,3.5142773892773893
2014-01-26,38.74772896847603,28.05624883417273,11.863164521544487,7.570033575825406,7.958683081514643,3.5176504629629632
2014-01-27,38.74898862788963,28.05537844891872,11.86184284116331,7.568316554809843,7.958985831469053,3.520977011494253
2014-01-28,38.74898862788963,28.05537844891872,11.86184284116331,7.568316554809843,7.958985831469053,3.520977011494253
2014-01-29,38.75024687907583,28.05339109372089,11.861081609837898,7.56660145332588,7.959427985839389,3.5276826484018264
2014-01-30,38.75024687907583,28.05339109372089,11.861081609837898,7.56660145332588,7.959427985839389,3.5276826484018264
2014-01-31,38.752341713221604,28.052243947858475,11.859762569832402,7.564608938547486,7.959729981378025,3.530895691609977
2014-02-01,38.752341713221604,28.052243947858475,11.859762569832402,7.564608938547486,7.959729981378025,3.530895691609977
2014-02-02,38.75415503443141,28.050539735715617,11.858165829145728,7.562618648799553,7.960869160617904,3.534065315315315
2014-02-03,38.7556873139881,28.04883742559524,11.856849888392857,7.5606305803571425,7.961449032738095,3.543903803131991
2014-02-04,38.7556873139881,28.04883742559524,11.856849888392857,7.5606305803571425,7.961449032738095,3.543903803131991
2014-02-05,38.757496746607174,28.046579289830824,11.855814277746791,7.558644729503625,7.962028258040528,3.5469444444444442
2014-02-06,38.75874674842066,28.045995912300263,11.854222408026756,7.556661092530658,7.962606837606837,3.556567328918322
2014-02-07,38.75874674842066,28.045995912300263,11.854222408026756,7.556661092530658,7.962606837606837,3.556567328918322
2014-02-08,38.75874674842066,28.045995912300263,11.854222408026756,7.556661092530658,7.962606837606837,3.556567328918322
2014-02-09,38.760552460538534,28.044298978644385,11.853189415041783,7.554679665738162,7.963184772516248,3.559484649122807
2014-02-10,38.760552460538534,28.044298978644385,11.853189415041783,7.554679665738162,7.963184772516248,3.559484649122807
2014-02-11,38.76179936896808,28.043160727542688,11.851600779510022,7.552700445434298,7.964040460282108,3.568899782135076
2014-02-12,38.76304488963087,28.040910777221296,11.850570395102949,7.550723427935448,7.965173437210165,3.5716991341991338
2014-02-13,38.76304488963087,28.040910777221296,11.850570395102949,7.550723427935448,7.965173437210165,3.5716991341991338
2014-02-14,38.76304488963087,28.040910777221296,11.850570395102949,7.550723427935448,7.965173437210165,3.5716991341991338
2014-02-15,38.76304488963087,28.040910777221296,11.850570395102949,7.550723427935448,7.965173437210165,3.5716991341991338
2014-02-16,38.76428902484242,28.03866332962551,11.850097330367074,7.548748609566185,7.966305153874675,3.5809139784946233
2014-02-17,38.7655317769131,28.0369742449509,11.849068927181767,7.546775986659255,7.967435612377246,3.5900106837606836
2014-02-18,38.7655317769131,28.0369742449509,11.849068927181767,7.546775986659255,7.967435612377246,3.5900106837606836
2014-02-19,38.76621759259259,28.034731481481483,11.848041666666665,7.5448055555555555,7.9685648148148145,3.5989915074309975
2014-02-20,38.76690264667777,28.033879326300205,11.847293170460855,7.542837312604108,7.9691375161947064,3.6078586497890295
2014-02-21,38.7692517573067,28.031640769515356,11.846268035516092,7.540871254162042,7.970264520902701,3.610324947589098
2014-02-22,38.7692517573067,28.031640769515356,11.846268035516092,7.540871254162042,7.970264520902701,3.610324947589098
2014-02-23,38.77048899981512,28.029404695877243,11.845244037714918,7.5389073765945644,7.971390275466814,3.6190104166666663
2014-02-24,38.77048899981512,28.029404695877243,11.845244037714918,7.5389073765945644,7.971390275466814,3.6190104166666663
2014-02-25,38.771586289726535,28.027586844050262,11.844498337028824,7.536945676274945,7.971960458240946,3.629140786749482
2014-02-26,38.772820867959375,28.02424746075716,11.843476454293627,7.535540166204986,7.973084025854108,3.637602880658436
2014-02-27,38.772820867959375,28.02424746075716,11.843476454293627,7.535540166204986,7.973084025854108,3.637602880658436
2014-02-28,38.7735003691399,28.02312661498708,11.842455703211517,7.5335825027685495,7.9736526393503135,3.6459611451942737
2014-03-01,38.7735003691399,28.02312661498708,11.842455703211517,7.5335825027685495,7.9736526393503135,3.6459611451942737
2014-03-02,38.774179118243865,28.020900202914593,11.841436081903707,7.5316270060874375,7.9747740269323,3.6542174796747964
2014-03-03,38.774179118243865,28.020900202914593,11.841436081903707,7.5316270060874375,7.9747740269323,3.6542174796747964
2014-03-04,38.775410213864305,28.018952802359884,11.840970685840707,7.529673672566371,7.975617625368732,3.6623737373737373
2014-03-05,38.77608715680855,28.015625575824583,11.839953012714206,7.5277224986180205,7.977289478533259,3.6764558232931726
2014-03-06,38.77786832412523,28.01340699815838,11.839488950276243,7.525773480662983,7.977854511970533,3.678393213572854
2014-03-07,38.77786832412523,28.01340699815838,11.839488950276243,7.525773480662983,7.977854511970533,3.678393213572854
2014-03-08,38.77786832412523,28.01340699815838,11.839488950276243,7.525773480662983,7.977854511970533,3.678393213572854
2014-03-09,38.779647524388,28.010638689490154,11.838473219215903,7.523274434014357,7.978971102521626,3.6862599206349205
2014-03-10,38.779647524388,28.010638689490154,11.838473219215903,7.523274434014357,7.978971102521626,3.6862599206349205
2014-03-11,38.78087288447388,28.009253127299488,11.837458609271522,7.521330022075055,7.979258646063282,3.6969921104536487
2014-03-12,38.78264846479132,28.00649016363302,11.835893546607831,7.5193877551020405,7.98037323037323,3.704656862745098
2014-03-13,38.78264846479132,28.00649016363302,11.835893546607831,7.5193877551020405,7.98037323037323,3.704656862745098
2014-03-14,38.78387081955164,28.004832782065417,11.834881477398014,7.51744762954796,7.9814865858140385,3.7063840155945416
2014-03-15,38.78387081955164,28.004832782065417,11.834881477398014,7.51744762954796,7.9814865858140385,3.7063840155945416
2014-03-16,38.78509182736455,28.002626262626265,11.834421487603304,7.515509641873278,7.982598714416896,3.7139050387596897
2014-03-17,38.78509182736455,28.002626262626265,11.834421487603304,7.515509641873278,7.982598714416896,3.7139050387596897
2014-03-18,38.78631149045521,28.000422173274597,11.833962004405285,7.513573788546255,7.9837096182085165,3.721339113680154
2014-03-19,38.78752981104385,27.99831223628692,11.832769216657494,7.511823518620437,7.984635846633646,3.7286877394636013
2014-03-20,38.78752981104385,27.99831223628692,11.832769216657494,7.511823518620437,7.984635846633646,3.7286877394636013
2014-03-21,38.78752981104385,27.99831223628692,11.832769216657494,7.511823518620437,7.984635846633646,3.7286877394636013
2014-03-22,38.78752981104385,27.99831223628692,11.832769216657494,7.511823518620437,7.984635846633646,3.7286877394636013
2014-03-23,38.7887467913458,27.996662999633298,11.831761092775944,7.509341767510085,7.985744407774111,3.735952380952381
2014-03-24,38.7887467913458,27.996662999633298,11.831761092775944,7.509341767510085,7.985744407774111,3.735952380952381
2014-03-25,38.7887467913458,27.996662999633298,11.831761092775944,7.509341767510085,7.985744407774111,3.735952380952381
2014-03-26,38.78996243357156,27.994465823712662,11.830754077331868,7.507412497709364,7.986851750045813,3.7431344696969693
2014-03-27,38.78996243357156,27.994465823712662,11.830754077331868,7.507412497709364,7.986851750045813,3.7431344696969693
2014-03-28,38.79117673992674,27.992820512820515,11.829748168498169,7.505210622710623,7.987408424908425,3.7502354048964217
2014-03-29,38.79117673992674,27.992820512820515,11.829748168498169,7.505210622710623,7.987408424908425,3.7502354048964217
2014-03-30,38.79238971261212,27.99117700896943,11.829292513271096,7.502736591616328,7.98851363719568,3.7572565543071157
2014-03-31,38.79238971261212,27.99117700896943,11.829292513271096,7.502736591616328,7.98851363719568,3.7572565543071157
2014-04-01,38.79360135382364,27.98926088547384,11.828837358214416,7.500265276253201,7.9890687888766925,3.7641992551210426
2014-04-02,38.79536021210459,27.986524044615106,11.827285609800695,7.498345218504297,7.990171877857013,3.7766203703703702
2014-04-03,38.79656889619883,27.985434941520467,11.826283808479532,7.496427266081872,7.990725511695906,3.783379373848987
2014-04-04,38.79656889619883,27.985434941520467,11.826283808479532,7.496427266081872,7.990725511695906,3.783379373848987
2014-04-05,38.79656889619883,27.985434941520467,11.826283808479532,7.496427266081872,7.990725511695906,3.783379373848987
2014-04-06,38.79777625570776,27.98325114155251,11.82528310502283,7.493963470319635,7.991826484018265,3.7955586080586077
2014-04-07,38.79777625570776,27.98325114155251,11.82528310502283,7.493963470319635,7.991826484018265,3.7955586080586077
2014-04-08,38.798982292807594,27.981069733479373,11.82428349762687,7.4920500182548375,7.992926250456371,3.8076047358834244
2014-04-09,38.800734355044696,27.97834336799854,11.823284984491881,7.4901386608283165,7.994024812990331,3.814085144927536
2014-04-10,38.800734355044696,27.97834336799854,11.823284984491881,7.4901386608283165,7.994024812990331,3.814085144927536
2014-04-11,38.80193745441284,27.97671407731583,11.822287563822028,7.48822939460248,7.995122173595916,3.8150900900900897
2014-04-12,38.80193745441284,27.97671407731583,11.822287563822028,7.48822939460248,7.995122173595916,3.8150900900900897
2014-04-13,38.80368598505559,27.973993074539823,11.8207444869692,7.486322216147257,7.9962183342445785,3.8268369175627237
2014-04-14,38.80461293260473,27.971548269581056,11.819749544626594,7.484963570127505,7.997313296903461,3.83578431372549
2014-04-15,38.80581194247224,27.96883306025851,11.818755689058802,7.483060258510832,7.998407063535409,3.84729609929078
2014-04-16,38.80673671761281,27.967348981077148,11.818035844250364,7.481295487627365,7.998953784570597,3.8560405643738975
2014-04-17,38.80673671761281,27.967348981077148,11.818035844250364,7.481295487627365,7.998953784570597,3.8560405643738975
2014-04-18,38.80673671761281,27.967348981077148,11.818035844250364,7.481295487627365,7.998953784570597,3.8560405643738975
2014-04-19,38.80673671761281,27.967348981077148,11.818035844250364,7.481295487627365,7.998953784570597,3.8560405643738975
2014-04-20,38.80738770685579,27.96573013275141,11.817044008001455,7.479396253864339,7.999499909074378,3.8673245614035086
2014-04-21,38.80738770685579,27.96573013275141,11.817044008001455,7.479396253864339,7.999499909074378,3.8673245614035086
2014-04-22,38.80738770685579,27.96573013275141,11.817044008001455,7.479396253864339,7.999499909074378,3.8673245614035086
2014-04-23,38.80858324245729,27.963704107597238,11.816189567430026,7.477635405307161,8.000318066157762,3.8732547993019195
2014-04-24,38.80858324245729,27.963704107597238,11.816189567430026,7.477635405307161,8.000318066157762,3.8732547993019195
2014-04-25,38.809777475022706,27.96208900999092,11.815199818346958,7.4757402361489556,8.001407811080837,3.879123263888889
2014-04-26,38.809777475022706,27.96208900999092,11.815199818346958,7.4757402361489556,8.001407811080837,3.879123263888889
2014-04-27,38.81097040668119,27.959931009440815,11.814211147421931,7.47384713144517,8.002496368917939,3.8849309153713296
2014-04-28,38.81097040668119,27.959931009440815,11.814211147421931,7.47384713144517,8.002496368917939,3.8849309153713296
2014-04-29,38.81229813101071,27.95777535837416,11.813223552894211,7.4720921792778086,8.003039375793866,3.8945446735395186
2014-04-30,38.81294432354008,27.95671019223794,11.812237033006891,7.470203119332608,8.003581791802684,3.900213675213675
2014-05-01,38.81294432354008,27.95671019223794,11.812237033006891,7.470203119332608,8.003581791802684,3.900213675213675
2014-05-02,38.81294432354008,27.95671019223794,11.812237033006891,7.470203119332608,8.003581791802684,3.900213675213675
2014-05-03,38.81294432354008,27.95671019223794,11.812237033006891,7.470203119332608,8.003581791802684,3.900213675213675
2014-05-04,38.81358981330433,27.95510241073047,11.811251586006888,7.46831611382998,8.004667391698387,3.9058248299319724
2014-05-05,38.814778079710145,27.953496376811596,11.810810688405796,7.465887681159421,8.005208333333334,3.911379018612521
2014-05-06,38.814778079710145,27.953496376811596,11.810810688405796,7.465887681159421,8.005208333333334,3.911379018612521
2014-05-07,38.81596505522361,27.950805721528155,11.809827086728227,7.464005069708492,8.006291870360311,3.9168771043771042
2014-05-08,38.81596505522361,27.950805721528155,11.809827086728227,7.464005069708492,8.006291870360311,3.9168771043771042
2014-05-09,38.81660785378212,27.949203764024613,11.809387441187114,7.462124502352515,8.007374230908432,3.917294807370184
2014-05-10,38.81660785378212,27.949203764024613,11.809387441187114,7.462124502352515,8.007374230908432,3.917294807370184
2014-05-11,38.81724995478387,27.947603544944837,11.808948272743715,7.460245975764153,8.007912823295353,3.922708333333333
2014-05-12,38.81724995478387,27.947603544944837,11.808948272743715,7.460245975764153,8.007912823295353,3.922708333333333
2014-05-13,38.81816250903832,27.945598336948663,11.808509580621836,7.458369486623283,8.00872198120029,3.929311774461028
2014-05-14,38.81866757000903,27.944001806684735,11.807664859981934,7.45676603432701,8.00925925925926,3.9383250825082508
2014-05-15,38.81866757000903,27.944001806684735,11.807664859981934,7.45676603432701,8.00925925925926,3.9383250825082508
2014-05-16,38.818765799927775,27.942948717948717,11.80722733838931,7.454893463344168,8.009795955218491,3.948481116584565
2014-05-17,38.818765799927775,27.942948717948717,11.80722733838931,7.454893463344168,8.009795955218491,3.948481116584565
2014-05-18,38.81886392347952,27.941355351019673,11.806248872044756,7.453564338567046,8.010873488539975,3.958537581699346
2014-05-19,38.81950306637807,27.93976370851371,11.805271464646465,7.451695526695527,8.011408730158731,3.9636178861788616
2014-05-20,38.81950306637807,27.93976370851371,11.805271464646465,7.451695526695527,8.011408730158731,3.9636178861788616
2014-05-21,38.82014151793762,27.937632954750317,11.804295114476293,7.449828736253831,8.01248422570759,3.9735032362459544
2014-05-22,38.82014151793762,27.937632954750317,11.804295114476293,7.449828736253831,8.01248422570759,3.9735032362459544
2014-05-23,38.82014151793762,27.937632954750317,11.804295114476293,7.449828736253831,8.01248422570759,3.9735032362459544
2014-05-24,38.82014151793762,27.937632954750317,11.804295114476293,7.449828736253831,8.01248422570759,3.9735032362459544
2014-05-25,38.82023873873874,27.935504504504504,11.80331981981982,7.448504504504505,8.01355855855856,3.98329307568438
2014-05-26,38.82023873873874,27.935504504504504,11.80331981981982,7.448504504504505,8.01355855855856,3.98329307568438
2014-05-27,38.82060597875022,27.934188726814334,11.802345578966325,7.446641455069332,8.014361606338916,3.992988782051282
2014-05-28,38.82060597875022,27.934188726814334,11.802345578966325,7.446641455069332,8.014361606338916,3.992988782051282
2014-05-29,38.82060597875022,27.934188726814334,11.802345578966325,7.446641455069332,8.014361606338916,3.992988782051282
2014-05-30,38.82060597875022,27.934188726814334,11.802345578966325,7.446641455069332,8.014361606338916,3.992988782051282
2014-05-31,38.82060597875022,27.934188726814334,11.802345578966325,7.446641455069332,8.014361606338916,3.992988782051282
2014-06-01,38.820702843772494,27.93260439164867,11.801372390208783,7.444780417566594,8.015433765298777,4.002591706539075
2014-06-02,38.820702843772494,27.93260439164867,11.801372390208783,7.444780417566594,8.015433765298777,4.002591706539075
2014-06-03,38.82025993883792,27.931561431912215,11.800939917251304,7.442651556035258,8.015965101636985,4.012103174603174
2014-06-04,38.819817511686445,27.928901474289823,11.799968536497662,7.440794678173319,8.017035239122619,4.031003159557661
2014-06-05,38.81964510332435,27.927861635220125,11.799537286612757,7.438670260557053,8.017565139263253,4.040290880503145
2014-06-06,38.81964510332435,27.927861635220125,11.799537286612757,7.438670260557053,8.017565139263253,4.040290880503145
2014-06-07,38.81964510332435,27.927861635220125,11.799537286612757,7.438670260557053,8.017565139263253,4.040290880503145
2014-06-08,38.81974227729885,27.926284123563217,11.798567708333334,7.436278735632184,8.018633261494253,4.054186228482003
2014-06-09,38.81974227729885,27.926284123563217,11.798567708333334,7.436278735632184,8.018633261494253,4.054186228482003
2014-06-10,38.81974227729885,27.926284123563217,11.798567708333334,7.436278735632184,8.018633261494253,4.054186228482003
2014-06-11,38.819839346616405,27.924035182193503,11.797599174295458,7.434562915096033,8.0194309818704,4.069119937694704
2014-06-12,38.819839346616405,27.924035182193503,11.797599174295458,7.434562915096033,8.0194309818704,4.069119937694704
2014-06-13,38.819839346616405,27.924035182193503,11.797599174295458,7.434562915096033,8.0194309818704,4.069119937694704
2014-06-14,38.819839346616405,27.924035182193503,11.797599174295458,7.434562915096033,8.0194309818704,4.069119937694704
2014-06-15,38.819936311446,27.922461428058845,11.79716989594546,7.432714388231073,8.020496950125583,4.078100775193798
2014-06-16,38.82030213376367,27.920889367043213,11.796741079433387,7.430867850098619,8.020754886139501,4.086998456790123
2014-06-17,38.82039874551971,27.91824372759857,11.795775089605735,7.42902329749104,8.021818996415771,4.10042242703533
2014-06-18,38.82039874551971,27.91824372759857,11.795775089605735,7.42902329749104,8.021818996415771,4.10042242703533
2014-06-19,38.82039874551971,27.91824372759857,11.795775089605735,7.42902329749104,8.021818996415771,4.10042242703533
2014-06-20,38.82076392620455,27.916944295181803,11.795347483431847,7.4271807272075945,8.021807272075945,4.109136085626911
2014-06-21,38.82076392620455,27.916944295181803,11.795347483431847,7.4271807272075945,8.021807272075945,4.109136085626911
2014-06-22,38.820860186179736,27.915377730039385,11.79438327962764,7.425340136054422,8.02233261725743,4.1223363774733635
2014-06-23,38.821761495795315,27.913276078010377,11.793956879584899,7.422964752191805,8.022857398461264,4.130871212121212
2014-06-24,38.821857117310444,27.911713161659513,11.793530937052932,7.421128397711016,8.023381616595136,4.1393288084464555
2014-06-25,38.823025022341376,27.909079535299377,11.792569258266308,7.419294012511171,8.02390527256479,4.152214714714715
2014-06-26,38.823025022341376,27.909079535299377,11.792569258266308,7.419294012511171,8.02390527256479,4.152214714714715
2014-06-27,38.82311986423723,27.90752054305109,11.792144515898535,7.416925687745624,8.024428367274027,4.160500747384155
2014-06-28,38.82311986423723,27.90752054305109,11.792144515898535,7.416925687745624,8.024428367274027,4.160500747384155
2014-06-29,38.823750223174436,27.90596322085342,11.79118460989109,7.414559900017854,8.02495090162471,4.173177083333333
2014-06-30,38.824915239114915,27.903872234118488,11.790225731620271,7.412464311206281,8.025472876516774,4.1812962962962965
2014-07-01,38.824915239114915,27.903872234118488,11.790225731620271,7.412464311206281,8.025472876516774,4.1812962962962965
2014-07-02,38.82607900838238,27.901248439450686,11.78926787943642,7.41063848760478,8.025994292848226,4.193768436578171
2014-07-03,38.82617201426025,27.90023172905526,11.788845811051694,7.408814616755794,8.026515151515152,4.197320117474303
2014-07-04,38.82617201426025,27.90023172905526,11.788845811051694,7.408814616755794,8.026515151515152,4.197320117474303
2014-07-05,38.82617201426025,27.90023172905526,11.788845811051694,7.408814616755794,8.026515151515152,4.197320117474303
2014-07-06,38.82679939426332,27.898681631925886,11.78788972029218,7.406458221984678,8.027035453411724,4.205226608187134
2014-07-07,38.82679939426332,27.898681631925886,11.78788972029218,7.406458221984678,8.027035453411724,4.205226608187134
2014-07-08,38.8274261039886,27.897133190883192,11.78693465099715,7.404638532763533,8.0275551994302,4.210880640465793
2014-07-09,38.828586047339385,27.894518597615235,11.786514504360206,7.402286883787151,8.028074390460937,4.218659420289855
2014-07-10,38.828586047339385,27.894518597615235,11.786514504360206,7.402286883787151,8.028074390460937,4.218659420289855
2014-07-11,38.828586047339385,27.894518597615235,11.786514504360206,7.402286883787151,8.028074390460937,4.218659420289855
2014-07-12,38.828586047339385,27.894518597615235,11.786514504360206,7.402286883787151,8.028074390460937,4.218659420289855
2014-07-13,38.82921113482746,27.892974030594097,11.786094806118818,7.399937744574885,8.028593027392388,4.222041847041847
2014-07-14,38.829835555555555,27.890897777777777,11.785675555555555,7.397857777777778,8.029111111111112,4.2297054597701145
2014-07-15,38.829835555555555,27.890897777777777,11.785675555555555,7.397857777777778,8.029111111111112,4.2297054597701145
2014-07-16,38.83085909737029,27.888823738450604,11.785256751954513,7.395646766169154,8.029495380241649,4.237303290414879
2014-07-17,38.83085909737029,27.888823738450604,11.785256751954513,7.395646766169154,8.029495380241649,4.237303290414879
2014-07-18,38.83174835730776,27.88728467412538,11.784572012076008,7.3935713017226075,8.03027881370982,4.238425925925926
2014-07-19,38.83174835730776,27.88728467412538,11.784572012076008,7.3935713017226075,8.03027881370982,4.238425925925926
2014-07-20,38.83237042953497,27.886279730209445,11.783621760738374,7.3912318068867595,8.030795172168974,4.241666666666666
2014-07-21,38.83237042953497,27.886279730209445,11.783621760738374,7.3912318068867595,8.030795172168974,4.241666666666666
2014-07-22,38.832991839631006,27.885275855951747,11.78267252084442,7.3894270001774,8.030778783040624,4.244879943502824
2014-07-23,38.83467641843971,27.882677304964538,11.781724290780142,7.387225177304964,8.031560283687943,4.250175808720113
2014-07-24,38.83467641843971,27.882677304964538,11.781724290780142,7.387225177304964,8.031560283687943,4.250175808720113
2014-07-25,38.83467641843971,27.882677304964538,11.781724290780142,7.387225177304964,8.031560283687943,4.250175808720113
2014-07-26,38.83467641843971,27.882677304964538,11.781724290780142,7.387225177304964,8.031560283687943,4.250175808720113
2014-07-27,38.83582757398547,27.88114478114478,11.780777068934963,7.384892787524366,8.032606769448876,4.253326330532213
2014-07-28,38.83582757398547,27.88114478114478,11.780777068934963,7.384892787524366,8.032606769448876,4.253326330532213
2014-07-29,38.83644615657102,27.87934821112292,11.780096528515763,7.382828551186681,8.033120793482112,4.256450488145049
2014-07-30,38.838657284475126,27.87622588068685,11.779151177199504,7.380500973623651,8.034165338998053,4.259548611111111
2014-07-31,38.838657284475126,27.87622588068685,11.779151177199504,7.380500973623651,8.034165338998053,4.259548611111111
2014-08-01,38.838657284475126,27.87622588068685,11.779151177199504,7.380500973623651,8.034165338998053,4.259548611111111
2014-08-02,38.838657284475126,27.87622588068685,11.779151177199504,7.380500973623651,8.034165338998053,4.259548611111111
2014-08-03,38.84033527954706,27.874699221514508,11.778206829440906,7.378175866949753,8.034677990092003,4.26262102351314
2014-08-04,38.84033527954706,27.874699221514508,11.778206829440906,7.378175866949753,8.034677990092003,4.26262102351314
2014-08-05,38.84148099027409,27.8731741821397,11.776998231653405,7.375853227232538,8.035455349248453,4.263601928374656
2014-08-06,38.84368593142453,27.87112053729233,11.775525804171085,7.374063273241428,8.035966772711205,4.266632373113855
2014-08-07,38.84482865218159,27.870128952481895,11.774584878996643,7.371745274686451,8.036477654124713,4.269637978142077
2014-08-08,38.84482865218159,27.870128952481895,11.774584878996643,7.371745274686451,8.036477654124713,4.269637978142077
2014-08-09,38.84482865218159,27.870128952481895,11.774584878996643,7.371745274686451,8.036477654124713,4.269637978142077
2014-08-10,38.84597016242938,27.869668079096044,11.773115289548022,7.3694297316384185,8.036987994350282,4.272619047619048
2014-08-11,38.84597016242938,27.869668079096044,11.773115289548022,7.3694297316384185,8.036987994350282,4.272619047619048
2014-08-12,38.84597016242938,27.869668079096044,11.773115289548022,7.3694297316384185,8.036987994350282,4.272619047619048
2014-08-13,38.84763984471502,27.868148932415743,11.772044291512264,7.3673813305099705,8.037497794247397,4.27659214092141
2014-08-14,38.84763984471502,27.868148932415743,11.772044291512264,7.3673813305099705,8.037497794247397,4.27659214092141
2014-08-15,38.84763984471502,27.868148932415743,11.772044291512264,7.3673813305099705,8.037497794247397,4.27659214092141
2014-08-16,38.84763984471502,27.868148932415743,11.772044291512264,7.3673813305099705,8.037497794247397,4.27659214092141
2014-08-17,38.848778659611995,27.86768959435626,11.771106701940035,7.365070546737214,8.038007054673722,4.275472334682862
2014-08-18,38.848778659611995,27.86768959435626,11.771106701940035,7.365070546737214,8.038007054673722,4.275472334682862
2014-08-19,38.84991627005112,27.866701921381985,11.77017010400141,7.362762206945179,8.038515776485106,4.274361559139785
2014-08-20,38.85122885835095,27.865451021846372,11.769234496124032,7.360544397463002,8.03884778012685,4.279283801874164
2014-08-21,38.85122885835095,27.865451021846372,11.769234496124032,7.360544397463002,8.03884778012685,4.279283801874164
2014-08-22,38.85236397253037,27.863937312907204,11.768299876738862,7.358769149498151,8.039355520338088,4.278166666666667
2014-08-23,38.85236397253037,27.863937312907204,11.768299876738862,7.358769149498151,8.039355520338088,4.278166666666667
2014-08-24,38.85349788806758,27.862953185498064,11.767366244280183,7.356995776135164,8.039862724392819,4.277058432934927
2014-08-25,38.85349788806758,27.862953185498064,11.767366244280183,7.356995776135164,8.039862724392819,4.277058432934927
2014-08-26,38.85349788806758,27.862953185498064,11.767366244280183,7.356995776135164,8.039862724392819,4.277058432934927
2014-08-27,38.85515831134564,27.86117854001759,11.766433597185577,7.354828496042217,8.040501319261214,4.279927248677249
2014-08-28,38.85515831134564,27.86117854001759,11.766433597185577,7.354828496042217,8.040501319261214,4.279927248677249
2014-08-29,38.85681698312236,27.85966947960619,11.764974507735584,7.35253164556962,8.041007383966244,4.282773386034256
2014-08-30,38.85681698312236,27.85966947960619,11.764974507735584,7.35253164556962,8.041007383966244,4.282773386034256
2014-08-31,38.85900105429626,27.858689158320153,11.763516956598137,7.350237216657881,8.041512915129152,4.285597112860892
2014-09-01,38.85900105429626,27.858689158320153,11.763516956598137,7.350237216657881,8.041512915129152,4.285597112860892
2014-09-02,38.859602212855634,27.857182999648753,11.762587811731647,7.347945205479452,8.042544783983141,4.292320261437909
2014-09-03,38.860729331226956,27.855151834298756,11.761659645427418,7.34565560821485,8.043575566087414,4.295084635416667
2014-09-04,38.86132894736842,27.853122807017545,11.760732456140351,7.343368421052632,8.044605263157894,4.305609597924773
2014-09-05,38.86298001052077,27.85162195335788,11.759280203401719,7.341083640189374,8.04510783798001,4.312177002583979
2014-09-06,38.86298001052077,27.85162195335788,11.759280203401719,7.341083640189374,8.04510783798001,4.312177002583979
2014-09-07,38.86462933753943,27.85012267788293,11.757829477742726,7.338801261829653,8.046135646687697,4.318693693693694
2014-09-08,38.86462933753943,27.85012267788293,11.757829477742726,7.338801261829653,8.046135646687697,4.318693693693694
2014-09-09,38.86462933753943,27.85012267788293,11.757829477742726,7.338801261829653,8.046135646687697,4.318693693693694
2014-09-10,38.865620073568046,27.847574005955508,11.756905762830618,7.336652653704677,8.04663688912244,4.327083333333333
2014-09-11,38.865620073568046,27.847574005955508,11.756905762830618,7.336652653704677,8.04663688912244,4.327083333333333
2014-09-12,38.865620073568046,27.847574005955508,11.756905762830618,7.336652653704677,8.04663688912244,4.327083333333333
2014-09-13,38.865620073568046,27.847574005955508,11.756905762830618,7.336652653704677,8.04663688912244,4.327083333333333
2014-09-14,38.86674107142857,27.84607843137255,11.75545780812325,7.334375,8.047137605042018,4.337324393358877
2014-09-15,38.86674107142857,27.84607843137255,11.75545780812325,7.334375,8.047137605042018,4.337324393358877
2014-09-16,38.86681102362204,27.844584426946632,11.754536307961505,7.33236220472441,8.047900262467191,4.3474872773536894
2014-09-17,38.86793022035676,27.84296082546345,11.753353445260581,7.330351521511018,8.048268625393494,4.356622306717364
2014-09-18,38.86793022035676,27.84296082546345,11.753353445260581,7.330351521511018,8.048268625393494,4.356622306717364
2014-09-19,38.86793022035676,27.84296082546345,11.753353445260581,7.330351521511018,8.048268625393494,4.356622306717364
2014-09-20,38.86793022035676,27.84296082546345,11.753353445260581,7.330351521511018,8.048268625393494,4.356622306717364
2014-09-21,38.86852385946513,27.8414700227233,11.75190963118336,7.328080755112742,8.048767697954903,4.37042297979798
2014-09-22,38.86852385946513,27.8414700227233,11.75190963118336,7.328080755112742,8.048767697954903,4.37042297979798
2014-09-23,38.86990303983228,27.838932564640114,11.750205276030748,7.325550314465409,8.049266247379455,4.389779874213837
2014-09-24,38.8702331063384,27.836921599441244,11.749288458180548,7.323284442116291,8.049764274489261,4.403352130325815
2014-09-25,38.8702331063384,27.836921599441244,11.749288458180548,7.323284442116291,8.049764274489261,4.403352130325815
2014-09-26,38.87082460732984,27.835698080279233,11.748110820244328,7.321020942408377,8.050261780104712,4.414950062421973
2014-09-27,38.87082460732984,27.835698080279233,11.748110820244328,7.321020942408377,8.050261780104712,4.414950062421973
2014-09-28,38.87141548927263,27.834214198499915,11.746672771672772,7.318236525379382,8.051282051282051,4.428327114427861
2014-09-29,38.87122123430962,27.832731868898186,11.746282252440725,7.3159780334728035,8.052039748953975,4.443463444857497
2014-09-30,38.87122123430962,27.832731868898186,11.746282252440725,7.3159780334728035,8.052039748953975,4.443463444857497
2014-10-01,38.87285676947203,27.83020561073358,11.74484666318174,7.313199163617354,8.052012545739675,4.46033950617284
2014-10-02,38.87396812957157,27.828204458376874,11.743412574016022,7.310423197492163,8.053030303030303,4.477091020910209
2014-10-03,38.87396812957157,27.828204458376874,11.743412574016022,7.310423197492163,8.053030303030303,4.477091020910209
2014-10-04,38.87396812957157,27.828204458376874,11.743412574016022,7.310423197492163,8.053030303030303,4.477091020910209
2014-10-05,38.87507832898172,27.82620539599652,11.742502175805047,7.307650130548303,8.053524804177545,4.493719362745098
2014-10-06,38.87507832898172,27.82620539599652,11.742502175805047,7.307650130548303,8.053524804177545,4.493719362745098
2014-10-07,38.87566544885177,27.823947459986083,11.741853688239388,7.305140918580376,8.05375782881002,4.506562881562882
2014-10-08,38.87566544885177,27.823947459986083,11.741853688239388,7.305140918580376,8.05375782881002,4.506562881562882
2014-10-09,38.87566544885177,27.823947459986083,11.741853688239388,7.305140918580376,8.05375782881002,4.506562881562882
2014-10-10,38.876773604590504,27.82247435228656,11.740423404625282,7.302895148669796,8.053729786124153,4.519312652068127
2014-10-11,38.878401981230446,27.820481404240528,11.739515988877303,7.300130344108446,8.053701772679874,4.531969696969697
2014-10-12,38.878401981230446,27.820481404240528,11.739515988877303,7.300130344108446,8.053701772679874,4.531969696969697
2014-10-13,38.8789864512767,27.81849053326385,11.738609518846621,7.2973684210526315,8.054194893173527,4.548158212560387
2014-10-14,38.8789864512767,27.81849053326385,11.738609518846621,7.2973684210526315,8.054194893173527,4.548158212560387
2014-10-15,38.8795703125,27.815980902777778,11.737703993055556,7.295130208333333,8.0546875,4.560619735258725
2014-10-16,38.8795703125,27.815980902777778,11.737703993055556,7.295130208333333,8.0546875,4.560619735258725
2014-10-17,38.8795703125,27.815980902777778,11.737703993055556,7.295130208333333,8.0546875,4.560619735258725
2014-10-18,38.8795703125,27.815980902777778,11.737703993055556,7.295130208333333,8.0546875,4.560619735258725
2014-10-19,38.88119469026548,27.81399444733646,11.736278847822314,7.292894325871941,8.055179593961478,4.56939448441247
2014-10-20,38.88119469026548,27.81399444733646,11.736278847822314,7.292894325871941,8.055179593961478,4.56939448441247
2014-10-21,38.88195022545959,27.812443635102326,11.735115331252167,7.290574054804024,8.055584460631287,4.579898446833931
2014-10-22,38.88305165539955,27.810461085110074,11.733693014387242,7.287822846247184,8.056075576356388,4.592113095238095
2014-10-23,38.88305165539955,27.810461085110074,11.733693014387242,7.287822846247184,8.056075576356388,4.592113095238095
2014-10-24,38.883892065142064,27.809520097020098,11.732532051282051,7.285334372834373,8.056306306306306,4.600682087781732
2014-10-25,38.883892065142064,27.809520097020098,11.732532051282051,7.285334372834373,8.056306306306306,4.600682087781732
2014-10-26,38.884991341991345,27.808060606060607,11.731112554112554,7.283108225108225,8.056796536796536,4.605644208037825
2014-10-27,38.884991341991345,27.808060606060607,11.731112554112554,7.283108225108225,8.056796536796536,4.605644208037825
2014-10-28,38.8860894773278,27.806083419868468,11.730213741779162,7.280365178262374,8.057286258220838,4.61763839811543
2014-10-29,38.88718647292856,27.803589344404084,11.729315862307558,7.277624978377443,8.057775471371736,4.629548122065728
2014-10-30,38.88718647292856,27.803589344404084,11.729315862307558,7.277624978377443,8.057775471371736,4.629548122065728
2014-10-31,38.88718647292856,27.803589344404084,11.729315862307558,7.277624978377443,8.057775471371736,4.629548122065728
2014-11-01,38.88718647292856,27.803589344404084,11.729315862307558,7.277624978377443,8.057775471371736,4.629548122065728
2014-11-02,38.88828233056709,27.802135200553252,11.727900242047026,7.275406293222684,8.058264177040112,4.637865497076024
2014-11-03,38.88828233056709,27.802135200553252,11.727900242047026,7.275406293222684,8.058264177040112,4.637865497076024
2014-11-04,38.88828233056709,27.802135200553252,11.727900242047026,7.275406293222684,8.058264177040112,4.637865497076024
2014-11-05,38.88937705201314,27.799904959391743,11.726745291169863,7.273060307585968,8.058752376015207,4.649621212121213
2014-11-06,38.89047063903282,27.798454231433507,11.725850604490502,7.270846286701209,8.059240069084629,4.65781068524971
2014-11-07,38.89047063903282,27.798454231433507,11.725850604490502,7.270846286701209,8.059240069084629,4.65781068524971
2014-11-08,38.89047063903282,27.798454231433507,11.725850604490502,7.270846286701209,8.059240069084629,4.65781068524971
2014-11-09,38.89156309338858,27.797005006041775,11.72443897807699,7.268116692559986,8.059727257034352,4.665943287037037
2014-11-10,38.89156309338858,27.797005006041775,11.72443897807699,7.268116692559986,8.059727257034352,4.665943287037037
2014-11-11,38.8926544168392,27.795298481711527,11.72354641131815,7.266166321601104,8.060213940648724,4.6774798154555945
2014-11-12,38.89374461113985,27.792817727194347,11.722137437489222,7.26395930332816,8.061217451284705,4.688936781609196
2014-11-13,38.89374461113985,27.792817727194347,11.722137437489222,7.26395930332816,8.061217451284705,4.688936781609196
2014-11-14,38.894833678042055,27.791890727335403,11.72124698379869,7.26395930332816,8.06118579800069,4.696878579610539
2014-11-15,38.894833678042055,27.791890727335403,11.72124698379869,7.26395930332816,8.06118579800069,4.696878579610539
2014-11-16,38.895921619293716,27.789931093884583,11.72035745047373,7.261754567390555,8.061670973298881,4.70476598173516
2014-11-17,38.896491907713504,27.788490013774105,11.719468836088154,7.2592937123169685,8.06267217630854,4.712599544937429
2014-11-18,38.896491907713504,27.788490013774105,11.719468836088154,7.2592937123169685,8.06267217630854,4.712599544937429
2014-11-19,38.89770693512305,27.786792290483568,11.718452073653415,7.2572227961432505,8.062897952159698,4.71952947845805
2014-11-20,38.89770693512305,27.786792290483568,11.718452073653415,7.2572227961432505,8.062897952159698,4.71952947845805
2014-11-21,38.89879170966633,27.7858703130375,11.718081355349158,7.255024952675959,8.062865497076023,4.723870056497176
2014-11-22,38.90039109506619,27.78443355681623,11.717195289668213,7.252829377364981,8.062833075468454,4.728181306306307
2014-11-23,38.90039109506619,27.78443355681623,11.717195289668213,7.252829377364981,8.062833075468454,4.728181306306307
2014-11-24,38.9014733676976,27.78248281786942,11.715794673539518,7.250378201822246,8.064089347079038,4.737514029180696
2014-11-25,38.90306972351022,27.78104928730895,11.714395500601064,7.248187285223368,8.064056328353082,4.7417505592841165
2014-11-26,38.90466443529008,27.77858736697563,11.713512701682115,7.245483427786365,8.065053209749399,4.745958751393534
2014-11-27,38.90466443529008,27.77858736697563,11.713512701682115,7.245483427786365,8.065053209749399,4.745958751393534
2014-11-28,38.90574283753646,27.777671984903073,11.713145479499056,7.245483427786365,8.0650197289415,4.750138888888889
2014-11-29,38.90574283753646,27.777671984903073,11.713145479499056,7.245483427786365,8.0650197289415,4.750138888888889
2014-11-30,38.9068201303155,27.776243141289438,11.712264231824417,7.243297288019225,8.065500685871056,4.757613510520487
2014-12-01,38.9068201303155,27.776243141289438,11.712264231824417,7.243297288019225,8.065500685871056,4.757613510520487
2014-12-02,38.908153384747216,27.773787489288775,11.71086975149957,7.2405987304855035,8.06649528706084,4.7700055187637975
2014-12-03,38.90922833162042,27.77184823569716,11.710504453579993,7.237902949245542,8.066974991435423,4.77406490649065
2014-12-04,38.90978856360213,27.770938195514468,11.710139530902243,7.235209940017138,8.067454203047424,4.781387061403509
2014-12-05,38.90978856360213,27.770938195514468,11.710139530902243,7.235209940017138,8.067454203047424,4.781387061403509
2014-12-06,38.90978856360213,27.770938195514468,11.710139530902243,7.235209940017138,8.067454203047424,4.781387061403509
2014-12-07,38.91086156741958,27.770029089664614,11.709261635865845,7.233033573141487,8.067932922655716,4.785382513661203
2014-12-08,38.91086156741958,27.770029089664614,11.709261635865845,7.233033573141487,8.067932922655716,4.785382513661203
2014-12-09,38.91086156741958,27.770029089664614,11.709261635865845,7.233033573141487,8.067932922655716,4.785382513661203
2014-12-10,38.91193347015564,27.76809474944416,11.708897725329228,7.230345831193289,8.068411151017616,4.789351851851852
2014-12-11,38.91300427350428,27.766162393162396,11.707764957264958,7.227660848733744,8.0691452991453,4.799809989142237
2014-12-12,38.914586536818724,27.764744575431404,11.707914744575431,7.227660848733744,8.06910985819238,4.80370670995671
2014-12-13,38.914586536818724,27.764744575431404,11.707914744575431,7.227660848733744,8.06910985819238,4.80370670995671
2014-12-14,38.91565488387978,27.763328210382515,11.707039788251366,7.225491705147939,8.06958674863388,4.807578209277239
2014-12-15,38.91565488387978,27.763328210382515,11.707039788251366,7.225491705147939,8.06958674863388,4.807578209277239
2014-12-16,38.917319508448536,27.76148660180918,11.706080389144905,7.222811965811966,8.070404505888376,4.8130376344086025
2014-12-17,38.91812947799386,27.760585124530877,11.704951381780962,7.22090381001196,8.070624360286592,4.820069667738478
2014-12-18,38.91812947799386,27.760585124530877,11.704951381780962,7.22090381001196,8.070624360286592,4.820069667738478
2014-12-19,38.919705882352936,27.75917306052856,11.704079283887467,7.22090381001196,8.070588235294117,4.823851495726496
2014-12-20,38.92128067484662,27.757762440354465,11.702696830265849,7.218229166666667,8.071063394683026,4.83080404685836
2014-12-21,38.92128067484662,27.757762440354465,11.702696830265849,7.218229166666667,8.071063394683026,4.83080404685836
2014-12-22,38.92128067484662,27.757762440354465,11.702696830265849,7.218229166666667,8.071063394683026,4.83080404685836
2014-12-23,38.92128067484662,27.757762440354465,11.702696830265849,7.218229166666667,8.071063394683026,4.83080404685836
2014-12-24,38.92128067484662,27.757762440354465,11.702696830265849,7.218229166666667,8.071063394683026,4.83080404685836
2014-12-25,38.92128067484662,27.757762440354465,11.702696830265849,7.218229166666667,8.071063394683026,4.83080404685836
2014-12-26,38.92128067484662,27.757762440354465,11.702696830265849,7.218229166666667,8.071063394683026,4.83080404685836
2014-12-27,38.92128067484662,27.757762440354465,11.702696830265849,7.218229166666667,8.071063394683026,4.83080404685836
2014-12-28,38.92128067484662,27.757762440354465,11.702696830265849,7.218229166666667,8.071063394683026,4.83080404685836
2014-12-29,38.92128067484662,27.757762440354465,11.702696830265849,7.218229166666667,8.071063394683026,4.83080404685836
2014-12-30,38.92128067484662,27.757762440354465,11.702696830265849,7.218229166666667,8.071063394683026,4.83080404685836
2014-12-31,38.92128067484662,27.757762440354465,11.702696830265849,7.218229166666667,8.071063394683026,4.83080404685836
2015-01-01,38.92285385794583,27.755331289388522,11.701826775677056,7.215557262331456,8.072560040878896,4.831342887473461
2015-01-02,38.92285385794583,27.755331289388522,11.701826775677056,7.215557262331456,8.072560040878896,4.831342887473461
2015-01-03,38.92285385794583,27.755331289388522,11.701826775677056,7.215557262331456,8.072560040878896,4.831342887473461
2015-01-04,38.92285385794583,27.755331289388522,11.701826775677056,7.215557262331456,8.072560040878896,4.831342887473461
2015-01-05,38.92285385794583,27.755331289388522,11.701826775677056,7.215557262331456,8.072560040878896,4.831342887473461
2015-01-06,38.92468079673136,27.753413346952673,11.700446884576097,7.212888092801092,8.073289070480081,4.839814814814815
2015-01-07,38.92625063808065,27.750476433554535,11.700089331291474,7.2107331628303495,8.07427258805513,4.8403217299578065
2015-01-08,38.92730867346938,27.749583333333334,11.69922193877551,7.208580436264485,8.074234693877552,4.843980021030495
2015-01-09,38.92730867346938,27.749583333333334,11.69922193877551,7.208580436264485,8.074234693877552,4.843980021030495
2015-01-10,38.92938551759306,27.747671256161823,11.69784548699643,7.206429909725771,8.074706782253951,4.850759958071279
2015-01-11,38.92938551759306,27.747671256161823,11.69784548699643,7.206429909725771,8.074706782253951,4.850759958071279
2015-01-12,38.92938551759306,27.747671256161823,11.69784548699643,7.206429909725771,8.074706782253951,4.850759958071279
2015-01-13,38.92938551759306,27.747671256161823,11.69784548699643,7.206429909725771,8.074706782253951,4.850759958071279
2015-01-14,38.93095056065239,27.744741760108734,11.696980122324158,7.204792305073204,8.075688073394495,4.854362591431557
2015-01-15,38.93302343352012,27.742324673119377,11.696115639327559,7.202390675514718,8.07615894039735,4.862630208333334
2015-01-16,38.93433044806517,27.740928377460964,11.695506619144602,7.200501700680272,8.07612016293279,4.866173416407062
2015-01-17,38.93589058524173,27.739024597116202,11.69413486005089,7.198869624341323,8.076590330788804,4.8728002070393375
2015-01-18,38.93589058524173,27.739024597116202,11.69413486005089,7.198869624341323,8.076590330788804,4.8728002070393375
2015-01-19,38.93589058524173,27.739024597116202,11.69413486005089,7.198869624341323,8.076590330788804,4.8728002070393375
2015-01-20,38.9374491353001,27.736868429976262,11.693273143438454,7.196856948691811,8.077314343845371,4.877837977296182
2015-01-21,38.939006100660905,27.733951872563974,11.692412302999491,7.19471896756665,8.078291814946619,4.881301440329218
2015-01-22,38.939006100660905,27.733951872563974,11.692412302999491,7.19471896756665,8.078291814946619,4.881301440329218
2015-01-23,38.939006100660905,27.733951872563974,11.692412302999491,7.19471896756665,8.078291814946619,4.881301440329218
2015-01-24,38.940053353658534,27.732562669376694,11.691552337398374,7.193092328581127,8.078760162601625,4.88474358974359
2015-01-25,38.940053353658534,27.732562669376694,11.691552337398374,7.193092328581127,8.078760162601625,4.88474358974359
2015-01-26,38.94160741493143,27.730667005248012,11.690693245302183,7.190958439355386,8.078974098527171,4.891232106339468
2015-01-27,38.94160741493143,27.730667005248012,11.690693245302183,7.190958439355386,8.078974098527171,4.891232106339468
2015-01-28,38.943032994923854,27.728773265651437,11.689961928934009,7.189081044421838,8.079314720812183,4.894622833843018
2015-01-29,38.943032994923854,27.728773265651437,11.689961928934009,7.189081044421838,8.079314720812183,4.894622833843018
2015-01-30,38.94455583756345,27.722174280879866,11.693515228426396,7.186537809426924,8.07982233502538,4.897992886178862
2015-01-31,38.945571065989846,27.71557529610829,11.695545685279187,7.183994574432011,8.081345177664975,4.901342451874367
2015-02-01,38.94655916708989,27.710352124597936,11.698438293550025,7.184088210347753,8.08189436262062,4.901342451874367
2015-02-02,38.94760152284264,27.708976311336716,11.697576142131979,7.181705662936589,8.08236040609137,4.90770202020202
2015-02-03,38.94760152284264,27.708976311336716,11.697576142131979,7.181705662936589,8.08236040609137,4.90770202020202
2015-02-04,38.94915017757483,27.706587180788095,11.696714865550481,7.180088120657516,8.083333333333334,4.907980866062437
2015-02-05,38.9501901622718,27.705214672075726,11.695854462474644,7.177964092140922,8.08379817444219,4.911270080321286
2015-02-06,38.951179604261796,27.69999154405547,11.698744292237443,7.17703779020505,8.084855403348554,4.911270080321286
2015-02-07,38.951686960933536,27.69390326399459,11.701281075596143,7.174495848161329,8.086377473363775,4.911536536536537
2015-02-08,38.95166243654822,27.6886717428088,11.704175126903552,7.174584604950831,8.086928934010153,4.911536536536537
2015-02-09,38.95166243654822,27.6886717428088,11.704175126903552,7.174584604950831,8.086928934010153,4.911536536536537
2015-02-10,38.95244799594114,27.687307627261966,11.703564180618974,7.172462294526351,8.087138508371385,4.919286427145709
2015-02-11,38.953993407707905,27.684930696416497,11.702700304259634,7.171358401084011,8.087601419878297,4.922512437810946
2015-02-12,38.953993407707905,27.684930696416497,11.702700304259634,7.171358401084011,8.087601419878297,4.922512437810946
2015-02-13,38.95450050709939,27.67884550371873,11.704728701825557,7.169325880758808,8.088615618661258,4.928695436507937
2015-02-14,38.95526115618661,27.672760311020962,11.70675709939148,7.167293360433605,8.0901369168357,4.931874381800198
2015-02-15,38.95526115618661,27.672760311020962,11.70675709939148,7.167293360433605,8.0901369168357,4.931874381800198
2015-02-16,38.95526115618661,27.672760311020962,11.70675709939148,7.167293360433605,8.0901369168357,4.931874381800198
2015-02-17,38.95526115618661,27.672760311020962,11.70675709939148,7.167293360433605,8.0901369168357,4.931874381800198
2015-02-18,38.95705778003041,27.67064537928704,11.705892042574758,7.16568478076858,8.090217942219969,4.9350345167652865
2015-02-19,38.95809270516717,27.66954576156704,11.704774569402229,7.164585448392555,8.090678824721378,4.938176007866273
2015-02-20,38.95705778003041,27.665323534380807,11.70817283324886,7.1641611647198244,8.091738469336036,4.938176007866273
2015-02-21,38.95756462240243,27.660255110660586,11.709693360364925,7.161621804638565,8.092752154080081,4.941299019607843
2015-02-22,38.95652890466531,27.655011832319136,11.71309584178499,7.1617039295392955,8.093813387423936,4.941299019607843
2015-02-23,38.95652890466531,27.655011832319136,11.71309584178499,7.1617039295392955,8.093813387423936,4.941299019607843
2015-02-24,38.95781804358844,27.653032606859266,11.712354282818042,7.159844252581683,8.094145970603142,4.946603128054742
2015-02-25,38.959359169199594,27.651182033096926,11.710980243161094,7.158747884940778,8.094604863221884,4.949683235867447
2015-02-26,38.959359169199594,27.651182033096926,11.710980243161094,7.158747884940778,8.094604863221884,4.949683235867447
2015-02-27,38.95986575481256,27.64611617696724,11.713513171225937,7.155702199661591,8.095618034447822,4.955660835762877
2015-02-28,38.95986575481256,27.640543735224586,11.715032928064842,7.153671742808799,8.09663120567376,4.958696705426357
2015-03-01,38.958831728332484,27.63579996621051,11.717929548910288,7.153241916370408,8.0976938672073,4.958696705426357
2015-03-02,38.95986575481256,27.633958122255994,11.716805977710232,7.151133671742809,8.098150962512664,4.966062801932368
2015-03-03,38.95986575481256,27.633958122255994,11.716805977710232,7.151133671742809,8.098150962512664,4.966062801932368
2015-03-04,38.96089873417721,27.632118143459916,11.715430379746834,7.150042279722645,8.09860759493671,4.971941233140655
2015-03-05,38.961930668016194,27.63078609986505,11.714562246963562,7.148444895199459,8.099063765182187,4.9749039385206535
2015-03-06,38.96089873417721,27.62654852320675,11.717455696202531,7.148012853035684,8.100126582278481,4.9749039385206535
2015-03-07,38.96039240506329,27.62097890295359,11.719481012658227,7.145983426348724,8.101645569620253,4.9807231800766285
2015-03-08,38.959359169199594,27.615721040189126,11.722885005065855,7.145549915397631,8.102710233029383,4.9807231800766285
2015-03-09,38.95781804358844,27.612485217097483,11.725785605676634,7.145115964110378,8.103775975671565,4.9807231800766285
2015-03-10,38.95781804358844,27.612485217097483,11.725785605676634,7.145115964110378,8.103775975671565,4.9807231800766285
2015-03-11,38.958852583586626,27.61078183046268,11.724531408308003,7.143519458544839,8.104229989868287,4.985792741165234
2015-03-12,38.958852583586626,27.61078183046268,11.724531408308003,7.143519458544839,8.104229989868287,4.985792741165234
2015-03-13,38.96039240506329,27.60895358649789,11.723911392405062,7.141670894638931,8.104683544303798,4.9886904761904765
2015-03-14,38.96039240506329,27.602877637130803,11.726443037974683,7.139641467951971,8.10620253164557,4.991571699905033
2015-03-15,38.959359169199594,27.598117190138467,11.729850557244173,7.139204737732657,8.1072695035461,4.991571699905033
2015-03-16,38.959359169199594,27.598117190138467,11.729850557244173,7.139204737732657,8.1072695035461,4.991571699905033
2015-03-17,38.96039240506329,27.595535864978903,11.72872151898734,7.137358362929139,8.108227848101265,4.998697916666667
2015-03-18,38.9614245951417,27.593716261808368,11.727340587044534,7.136274509803922,8.10867914979757,5.00153446647781
2015-03-19,38.96270864946889,27.592910133198448,11.726213960546282,7.135191755364082,8.108624178047547,5.0043549905838045
2015-03-20,38.961677631578944,27.58916160593792,11.729111842105262,7.134753211629479,8.10969129554656,5.0043549905838045
2015-03-21,38.961677631578944,27.58359480431849,11.731136133603238,7.132217714672076,8.11120951417004,5.007159624413146
2015-03-22,38.96064556962025,27.57882700421941,11.734544303797467,7.131270082868257,8.112278481012659,5.007159624413146
2015-03-23,38.96064556962025,27.57882700421941,11.734544303797467,7.131270082868257,8.112278481012659,5.007159624413146
2015-03-24,38.961930668016194,27.577268893387316,11.733539979757085,7.129935767410412,8.112474696356275,5.009246254681648
2015-03-25,38.96296155791603,27.57545945034564,11.732663125948406,7.128856225713803,8.11241780475468,5.0092203548085905
2015-03-26,38.96296155791603,27.57545945034564,11.732663125948406,7.128856225713803,8.11241780475468,5.0092203548085905
2015-03-27,38.963467374810314,27.5704012814028,11.735192210419827,7.125815171481669,8.113935255437532,5.011987895716946
2015-03-28,38.964479008598886,27.564837295565674,11.73670966110268,7.12378780199358,8.1149468892261,5.0147400185701025
2015-03-29,38.963448886639675,27.56006241565452,11.740118927125506,7.123850574712644,8.116017206477732,5.0147400185701025
2015-03-30,38.963448886639675,27.56006241565452,11.740118927125506,7.123850574712644,8.116017206477732,5.0147400185701025
2015-03-31,38.96523773394031,27.557882313269264,11.739238745574102,7.122013853691502,8.116464339908953,5.017476851851852
2015-04-01,38.96523773394031,27.557882313269264,11.739238745574102,7.122013853691502,8.116464339908953,5.017476851851852
2015-04-02,38.96523773394031,27.553329961220705,11.741262013151239,7.119986484203413,8.117475973697521,5.020198522622345
2015-04-03,38.96523773394031,27.553329961220705,11.741262013151239,7.119986484203413,8.117475973697521,5.020198522622345
2015-04-04,38.96650227617602,27.547260158489294,11.742779463834092,7.117452272343302,8.118993424380374,5.020142725598527
2015-04-05,38.96650227617602,27.547260158489294,11.742779463834092,7.117452272343302,8.118993424380374,5.020142725598527
2015-04-06,38.96650227617602,27.547260158489294,11.742779463834092,7.117452272343302,8.118993424380374,5.020142725598527
2015-04-07,38.96650227617602,27.547260158489294,11.742779463834092,7.117452272343302,8.118993424380374,5.020142725598527
2015-04-08,38.968035894843275,27.544961240310077,11.741898382204246,7.115873015873016,8.11943882709808,5.022842056932967
2015-04-09,38.96904701718908,27.539400067408156,11.743415065722951,7.112833502195205,8.120955510616785,5.026900183150183
2015-04-10,38.96904701718908,27.539400067408156,11.743415065722951,7.112833502195205,8.120955510616785,5.026900183150183
2015-04-11,38.96904701718908,27.533838894506236,11.744931749241658,7.11080715974333,8.12247219413549,5.026826484018265
2015-04-12,38.96852554375316,27.529556567189346,11.747837632776934,7.110356479134989,8.123545776428934,5.026826484018265
2015-04-13,38.96852554375316,27.529556567189346,11.747837632776934,7.110356479134989,8.123545776428934,5.026826484018265
2015-04-14,38.96955257836198,27.52751937984496,11.746953993933266,7.108274231678487,8.124241658240647,5.030851548269581
2015-04-15,38.97108388074785,27.52573690416035,11.746071248105103,7.107206751054853,8.124178878221324,5.030767484105359
2015-04-16,38.97121020717534,27.521820784908204,11.747966144517433,7.105181434599157,8.125063163213744,5.0320425724637685
2015-04-17,38.972234848484845,27.52105218855219,11.747083333333332,7.103103913630229,8.125505050505051,5.0346657633243
2015-04-18,38.972234848484845,27.515496632996634,11.748598484848484,7.101079622132254,8.127525252525253,5.037274774774775
2015-04-19,38.97171551288529,27.511714670709114,11.750997978777159,7.100118143459916,8.128600303183426,5.037274774774775
2015-04-20,38.97171551288529,27.511714670709114,11.750997978777159,7.100118143459916,8.128600303183426,5.037274774774775
2015-04-21,38.97273989898989,27.510193602693604,11.750113636363636,7.098296221322538,8.129040404040405,5.041217430368374
2015-04-22,38.97324494949495,27.5051430976431,11.752133838383838,7.0957658569500675,8.130050505050505,5.043794802867383
2015-04-23,38.973231430015154,27.501355903655046,11.754029813036887,7.094801687763713,8.131126831733198,5.043794802867383
2015-04-24,38.97373673572511,27.49529223513559,11.75655634158666,7.092270042194093,8.132137443153107,5.04635835567471
2015-04-25,38.9747601010101,27.494031986531986,11.755669191919191,7.090705128205128,8.132070707070707,5.048908199643494
2015-04-26,38.9747601010101,27.494031986531986,11.755669191919191,7.090705128205128,8.132070707070707,5.048908199643494
2015-04-27,38.97553003533569,27.492773010264177,11.755287733467945,7.0886359804417465,8.132256436143361,5.051444444444445
2015-04-28,38.97553003533569,27.492773010264177,11.755287733467945,7.0886359804417465,8.132256436143361,5.051444444444445
2015-04-29,38.97705600403632,27.491010763538515,11.754402119071644,7.087074486012808,8.132694248234108,5.04864804964539
2015-04-30,38.976539626451284,27.487725054686187,11.757306915699141,7.0861068959703255,8.13326602725896,5.04864804964539
2015-05-01,38.976539626451284,27.487725054686187,11.757306915699141,7.0861068959703255,8.13326602725896,5.04864804964539
2015-05-02,38.976527777777775,27.484436026936027,11.759709595959595,7.085138326585695,8.133838383838384,5.04864804964539
2015-05-03,38.97753787878788,27.47888047138047,11.761224747474747,7.082101889338731,8.134848484848485,5.051171529619806
2015-05-04,38.97855880868248,27.477629143530205,11.760083291267037,7.080037093238914,8.135537607269056,5.053681657848324
2015-05-05,38.97855880868248,27.477629143530205,11.760083291267037,7.080037093238914,8.135537607269056,5.053681657848324
2015-05-06,38.98008324924319,27.475874537504204,11.759195257315842,7.078479946073475,8.135973763874874,5.050901495162709
2015-05-07,38.98008324924319,27.47183821056172,11.760708879919273,7.075952140208965,8.136982845610495,5.053399122807018
2015-05-08,38.98008324924319,27.47183821056172,11.760708879919273,7.075952140208965,8.136982845610495,5.053399122807018
2015-05-09,38.980587790110995,27.46679280188362,11.762222502522704,7.072918773171554,8.138496468213924,5.0558836395450575
2015-05-10,38.98057799091368,27.46198048123843,11.765131246845026,7.0724498398246505,8.139575971731448,5.0558836395450575
2015-05-11,38.98057799091368,27.46198048123843,11.765131246845026,7.0724498398246505,8.139575971731448,5.0558836395450575
2015-05-12,38.98159687184662,27.459729229734275,11.765249747729566,7.070896528479946,8.140010090817356,5.055737347294939
2015-05-13,38.98286686838124,27.45823667843335,11.763855269793241,7.068839481219471,8.14069591527988,5.058202785030462
2015-05-14,38.98235368314833,27.454431550622267,11.766258829465185,7.067863161442535,8.142280524722503,5.058202785030462
2015-05-15,38.983371154815934,27.4531938140864,11.765872415532021,7.066312952669699,8.143217347453353,5.058051215277778
2015-05-16,38.983875441250625,27.448150949739453,11.767385274836107,7.063786424119926,8.144730206757439,5.057900432900433
2015-05-17,38.983867305751765,27.44383619239825,11.770295156407668,7.062807549713516,8.145812310797174,5.057900432900433
2015-05-18,38.983867305751765,27.44383619239825,11.770295156407668,7.062807549713516,8.145812310797174,5.057900432900433
2015-05-19,38.98463187090267,27.442099512523114,11.769402420574886,7.061512548425131,8.14649520927887,5.059045768566494
2015-05-20,38.985143649193546,27.439356518817206,11.769014616935483,7.060976430976431,8.146925403225806,5.058893195521103
2015-05-21,38.986277721774194,27.435198252688174,11.770148689516128,7.057946127946128,8.1484375,5.058741408934708
2015-05-22,38.98678841309823,27.434475230898403,11.769760705289672,7.056402490324752,8.148866498740555,5.058590402742074
2015-05-23,38.98729219143576,27.430445004198152,11.770768261964735,7.053878512535756,8.150377833753149,5.058440170940171
2015-05-24,38.98678175403226,27.426629704301074,11.774180947580644,7.052895622895623,8.151461693548388,5.058440170940171
2015-05-25,38.98678175403226,27.426629704301074,11.774180947580644,7.052895622895623,8.151461693548388,5.058440170940171
2015-05-26,38.98576651538073,27.42432341570012,11.777092788703984,7.050901128516085,8.152546646495209,5.058440170940171
2015-05-27,38.986277721774194,27.422471438172042,11.776323084677419,7.050370370370371,8.153099798387096,5.057651321398125
2015-05-28,38.986277721774194,27.422471438172042,11.776323084677419,7.050370370370371,8.153099798387096,5.057651321398125
2015-05-29,38.986277721774194,27.422471438172042,11.776323084677419,7.050370370370371,8.153099798387096,5.057651321398125
2015-05-30,38.98577368951613,27.41894321236559,11.777835181451612,7.047845117845118,8.155115927419354,5.0575042517006805
2015-05-31,38.98526222894604,27.41562447470163,11.780748865355521,7.046353377126495,8.156202723146748,5.0575042517006805
2015-06-01,38.986277721774194,27.41440692204301,11.77985131048387,7.045319865319866,8.156376008064516,5.057357930449534
2015-06-02,38.98678841309823,27.412183039462636,11.77895465994962,7.044792192495373,8.157304785894206,5.0572123519458545
2015-06-03,38.9862846347607,27.409160369437448,11.780465994962215,7.0417634191485785,8.1588161209068,5.057067510548523
2015-06-04,38.9862846347607,27.409160369437448,11.780465994962215,7.0417634191485785,8.1588161209068,5.057067510548523
2015-06-05,38.986277721774194,27.406846438172042,11.783379536290322,7.03976430976431,8.159904233870968,5.057067510548523
2015-06-06,38.98577368951613,27.403822244623658,11.784891633064515,7.036734006734007,8.161920362903226,5.0569234006734005
2015-06-07,38.98577368951613,27.403822244623658,11.784891633064515,7.036734006734007,8.161920362903226,5.0569234006734005
2015-06-08,38.98577368951613,27.403822244623658,11.784891633064515,7.036734006734007,8.161920362903226,5.0569234006734005
2015-06-09,38.98577368951613,27.403822244623658,11.784891633064515,7.036734006734007,8.161920362903226,5.0569234006734005
2015-06-10,38.986536523929466,27.402107472712007,11.783992443324935,7.0359582702338885,8.162594458438287,5.055520570948783
2015-06-11,38.98552167338709,27.39978998655914,11.786403729838709,7.033956228956229,8.163684475806452,5.055520570948783
2015-06-12,38.98703377016129,27.395757728494623,11.788419858870967,7.029915824915825,8.166204637096774,5.052868509212731
2015-06-13,38.98703377016129,27.392229502688174,11.78993195564516,7.026380471380471,8.167716733870968,5.052736006683375
2015-06-14,38.98703377016129,27.392229502688174,11.78993195564516,7.026380471380471,8.167716733870968,5.052736006683375
2015-06-15,38.98804785894206,27.390520570948784,11.788778337531486,7.025105165741208,8.16889168765743,5.051354166666667
2015-06-16,38.98804785894206,27.390520570948784,11.788778337531486,7.025105165741208,8.16889168765743,5.051354166666667
2015-06-17,38.989060926485394,27.388309835515273,11.78838116817724,7.024083417423478,8.169310171198388,5.051226101413134
2015-06-18,38.990324609964766,27.387611139070625,11.787481127327629,7.023062699613381,8.169476597886261,5.048611111111112
2015-06-19,38.99082788122798,27.38408824022815,11.788487669854051,7.020541267439906,8.171992954202315,5.0484904880066175
2015-06-20,38.99133115249119,27.380565341385672,11.789997483643683,7.016506975962347,8.173502767991948,5.048370462046205
2015-06-21,38.99133115249119,27.380565341385672,11.789997483643683,7.016506975962347,8.173502767991948,5.048370462046205
2015-06-22,38.99133115249119,27.380565341385672,11.789997483643683,7.016506975962347,8.173502767991948,5.048370462046205
2015-06-23,38.99183853118712,27.379367873910127,11.789097082494969,7.014986559139785,8.174170020120725,5.04701646090535
2015-06-24,38.99284816490699,27.37716608010726,11.788197586726998,7.013971452560873,8.175087983911514,5.044437602627258
2015-06-25,38.99485922574158,27.372138428020783,11.790208647561588,7.010445004198153,8.176596279537456,5.041871416871417
2015-06-26,38.99485663983903,27.36930751173709,11.793121227364184,7.008434139784947,8.177691146881287,5.041871416871417
2015-06-27,38.99586267605633,27.364780348759222,11.79463028169014,7.004905913978495,8.179703219315895,5.041768790849673
2015-06-28,38.99586267605633,27.364780348759222,11.79463028169014,7.004905913978495,8.179703219315895,5.041768790849673
2015-06-29,38.99586267605633,27.364780348759222,11.79463028169014,7.004905913978495,8.179703219315895,5.041768790849673
2015-06-30,38.99611613876319,27.36334003686945,11.793476621417797,7.003895885810244,8.180367018602313,5.040444172779136
2015-07-01,38.99712166918049,27.357306854365678,11.795487682252388,7.001880772460118,8.182378079436903,5.03790650406504
2015-07-02,38.9976256281407,27.35612227805695,11.795087939698492,7.000872776099363,8.183291457286431,5.037814274128142
2015-07-03,38.998881909547734,27.352353433835848,11.79684673366834,6.997851628063109,8.184798994974875,5.0352953074433655
2015-07-04,38.9993847312908,27.350669680227693,11.796446509291812,6.996342895487334,8.185710698141637,5.035209846650524
2015-07-05,38.9993847312908,27.350669680227693,11.796446509291812,6.996342895487334,8.185710698141637,5.035209846650524
2015-07-06,38.9993847312908,27.350669680227693,11.796446509291812,6.996342895487334,8.185710698141637,5.035209846650524
2015-07-07,39.001393072289154,27.348987617135208,11.795544678714858,6.994835680751174,8.186119477911646,5.032709339774557
2015-07-08,39.00289764174611,27.346805485867204,11.795145509282488,6.993832746773923,8.187029603612645,5.030220883534136
2015-07-09,39.00340110441767,27.342461512717538,11.798054718875502,6.992320590207914,8.188127510040161,5.030220883534136
2015-07-10,39.00340281265695,27.33861543612925,11.800715720743344,6.99055527596041,8.1894776494224,5.030220883534136
2015-07-11,39.00340281265695,27.33861543612925,11.800715720743344,6.99055527596041,8.1894776494224,5.030220883534136
2015-07-12,39.004907128514056,27.33794344042838,11.79981174698795,6.989050972501677,8.190386546184738,5.025340544871795
2015-07-13,39.006409934771696,27.337021241010202,11.798657802308078,6.9875481816658285,8.191043652784746,5.021682653876898
2015-07-14,39.0079112337011,27.334846205282513,11.798257271815446,6.9860469011725295,8.191950852557673,5.0192384370015946
2015-07-15,39.0079112337011,27.334846205282513,11.798257271815446,6.9860469011725295,8.191950852557673,5.0192384370015946
2015-07-16,39.00916499498495,27.329580407890337,11.800263289869608,6.983785594639866,8.193706118355065,5.016805887032617
2015-07-17,39.010669508525574,27.32456536275493,11.80226930792377,6.98177554438861,8.195210631895687,5.01438492063492
2015-07-18,39.012675526579734,27.319048813105987,11.804275325977933,6.978760469011726,8.19671514543631,5.011975455265241
2015-07-19,39.012675526579734,27.319048813105987,11.804275325977933,6.978760469011726,8.19671514543631,5.011975455265241
2015-07-20,39.01417293233082,27.317886382623225,11.803120300751878,6.977264356269881,8.197368421052632,5.007207740916272
2015-07-21,39.01417293233082,27.317886382623225,11.803120300751878,6.977264356269881,8.197368421052632,5.007207740916272
2015-07-22,39.01516783567134,27.31622411489646,11.802216933867735,6.9762717536813925,8.198271543086172,5.0048266351457835
2015-07-23,39.01566883767535,27.31071309285237,11.804220941883766,6.974263721552878,8.200275551102205,5.002456761006289
2015-07-24,39.01642034068136,27.30545257181029,11.806725951903807,6.971502677376171,8.202029058116233,5.000098039215686
2015-07-25,39.018415122684026,27.303797362710732,11.805821231847771,6.970011707643419,8.202929394091136,4.99540297339593
2015-07-26,39.018415122684026,27.303797362710732,11.805821231847771,6.970011707643419,8.202929394091136,4.99540297339593
2015-07-27,39.018415122684026,27.303797362710732,11.805821231847771,6.970011707643419,8.202929394091136,4.99540297339593
2015-07-28,39.019657157157155,27.302894561227895,11.804667167167166,6.968522233366767,8.203578578578579,4.990729898516784
2015-07-29,39.021158658658656,27.296388054721387,11.806669169169169,6.9660147107990635,8.20558058058058,4.986078660436137
2015-07-30,39.0226488244122,27.294739036184758,11.806265632816407,6.965029239766082,8.205977988994498,4.983780108780109
2015-07-31,39.02266016016016,27.290882549215883,11.80917167167167,6.964008692744901,8.207082082082081,4.983780108780109
2015-08-01,39.02416166166166,27.284876543209876,11.811173673673673,6.961501170177199,8.208583583583584,4.979166666666666
2015-08-02,39.02416166166166,27.284876543209876,11.811173673673673,6.961501170177199,8.208583583583584,4.979166666666666
2015-08-03,39.02615057528764,27.283483408370852,11.810267633816908,6.960016708437761,8.209229614807404,4.974574632637277
2015-08-04,39.02615057528764,27.283483408370852,11.810267633816908,6.960016708437761,8.209229614807404,4.974574632637277
2015-08-05,39.027137499999995,27.28184166666667,11.809362499999999,6.959034736138944,8.209625,4.970003858024691
2015-08-06,39.027151075537766,27.2774804068701,11.811768384192096,6.958512949039265,8.210730365182592,4.970003858024691
2015-08-07,39.02666416416416,27.273615281948615,11.814677177177176,6.957489134068873,8.212087087087086,4.970003858024691
2015-08-08,39.02865182591295,27.271977655494414,11.813769384692346,6.956006683375104,8.212981490745372,4.967763664357197
2015-08-09,39.02865182591295,27.271977655494414,11.813769384692346,6.956006683375104,8.212981490745372,4.967763664357197
2015-08-10,39.02865182591295,27.271977655494414,11.813769384692346,6.956006683375104,8.212981490745372,4.967763664357197
2015-08-11,39.030387499999996,27.269841666666668,11.813112499999999,6.954776219104876,8.213375,4.965533794162826
2015-08-12,39.032371314342825,27.267707812760285,11.8122063968016,6.953797362710733,8.21376811594203,4.961015325670497
2015-08-13,39.031887499999996,27.262841666666667,11.8151125,6.953273213092852,8.215375,4.961015325670497
2015-08-14,39.0323875,27.25734166666667,11.8176125,6.950768203072813,8.217375,4.958811162079511
2015-08-15,39.03190345172586,27.2534684008671,11.82052276138069,6.949741019214703,8.218484242121061,4.958811162079511
2015-08-16,39.0338875,27.251841666666667,11.820112499999999,6.948263193052773,8.219375,4.954328756674294
2015-08-17,39.034870064967514,27.250466433449944,11.819702648675662,6.947037222500417,8.219765117441279,4.952149923896499
2015-08-18,39.034870064967514,27.250466433449944,11.819702648675662,6.947037222500417,8.219765117441279,4.952149923896499
2015-08-19,39.03647602397602,27.249092574092575,11.81866883116883,6.945937604270938,8.220404595404595,4.948272589217919
2015-08-20,39.03599450274862,27.24471930701316,11.821576711644177,6.944909030211985,8.22151424287856,4.948272589217919
2015-08-21,39.037493753123435,27.24072130601366,11.82307596201899,6.942405274578535,8.223013493253374,4.9438446969696965
2015-08-22,39.03799350324837,27.235224054639346,11.824575212393801,6.939901518945084,8.225512243878061,4.941704459561602
2015-08-23,39.03799350324837,27.235224054639346,11.824575212393801,6.939901518945084,8.225512243878061,4.941704459561602
2015-08-24,39.03799350324837,27.235224054639346,11.824575212393801,6.939901518945084,8.225512243878061,4.941704459561602
2015-08-25,39.03799350324837,27.235224054639346,11.824575212393801,6.939901518945084,8.225512243878061,4.941704459561602
2015-08-26,39.03922327672328,27.233233433233433,11.82378871128871,6.9384300967634305,8.226523476523477,4.939008295625943
2015-08-27,39.03922327672328,27.228238428238427,11.825786713286712,6.936428094761428,8.229020979020978,4.934631301730624
2015-08-28,39.03922327672328,27.228238428238427,11.825786713286712,6.936428094761428,8.229020979020978,4.934631301730624
2015-08-29,39.03972277722277,27.222993672993674,11.827285214785213,6.934175842509176,8.231268731268731,4.932526276276276
2015-08-30,39.03972277722277,27.222993672993674,11.827285214785213,6.934175842509176,8.231268731268731,4.932526276276276
2015-08-31,39.04095107338991,27.221134964220337,11.826372940589115,6.932708020677005,8.23190214677983,4.931554307116104
2015-09-01,39.04095107338991,27.221134964220337,11.826372940589115,6.932708020677005,8.23190214677983,4.931554307116104
2015-09-02,39.04142964071856,27.21952761144378,11.825960578842315,6.9317416666666665,8.233283433133732,4.927223467862481
2015-09-03,39.04142964071856,27.214038589487693,11.828954590818363,6.929241666666667,8.234780439121757,4.925149142431021
2015-09-04,39.0404518222666,27.21065069063072,11.831365451822267,6.928205769551442,8.23689465801298,4.925149142431021
2015-09-05,39.0404518222666,27.20565817939757,11.833362456315527,6.92570451892613,8.239390913629556,4.923084077380952
2015-09-06,39.0404518222666,27.20565817939757,11.833362456315527,6.92570451892613,8.239390913629556,4.923084077380952
2015-09-07,39.0404518222666,27.20565817939757,11.833362456315527,6.92570451892613,8.239390913629556,4.923084077380952
2015-09-08,39.040701447828255,27.20066566816442,11.835609086370443,6.923203268300817,8.241637543684472,4.923255382331106
2015-09-09,39.041679141716564,27.19906852960745,11.834693113772454,6.921741666666667,8.24251497005988,4.9212037037037035
2015-09-10,39.040701447828255,27.195173905807955,11.837606090863703,6.920201767550442,8.244633050424364,4.9212037037037035
2015-09-11,39.041699950074886,27.190930271259777,11.839353469795306,6.917200266800067,8.246380429355966,4.919161123429416
2015-09-12,39.0421992011982,27.18643701114994,11.841350474288566,6.914198766049692,8.248876684972542,4.917127581120944
2015-09-13,39.041720779220775,27.182034632034632,11.84376873126873,6.913655321988656,8.250499500499501,4.917127581120944
2015-09-14,39.0421992011982,27.180445997670162,11.84284822765851,6.9121977655494415,8.251123315027458,4.9184142752023545
2015-09-15,39.0421992011982,27.180445997670162,11.84284822765851,6.9121977655494415,8.251123315027458,4.9184142752023545
2015-09-16,39.043425648702595,27.179233200266136,11.841803892215568,6.911241666666667,8.251621756487026,4.915840675477239
2015-09-17,39.04490024937655,27.177647547797175,11.840885286783042,6.909786773280027,8.251995012468829,4.913827838827839
2015-09-18,39.04442365269461,27.174243180306053,11.8437999001996,6.908741666666667,8.253118762475049,4.913827838827839
2015-09-19,39.04442365269461,27.168255156353958,11.845296906187624,6.906991666666666,8.255364271457086,4.914016812865497
2015-09-20,39.04442365269461,27.168255156353958,11.845296906187624,6.906991666666666,8.255364271457086,4.914016812865497
2015-09-21,39.044650872817954,27.166924355777223,11.844127182044888,6.905538897218058,8.256234413965087,4.916393143690736
2015-09-22,39.044650872817954,27.166924355777223,11.844127182044888,6.905538897218058,8.256234413965087,4.916393143690736
2015-09-23,39.04512711864407,27.165345629777335,11.843207876370887,6.904587079587079,8.257103688933201,4.9143922852983986
2015-09-24,39.044650872817954,27.159941812136328,11.845623441396508,6.904039646843245,8.258728179551122,4.9143922852983986
2015-09-25,39.04514962593516,27.15445552784705,11.847618453865335,6.901540896218558,8.261221945137157,4.914578794480755
2015-09-26,39.044650872817954,27.147472984206154,11.849114713216958,6.900041645843745,8.2642144638404,4.916938405797101
2015-09-27,39.044650872817954,27.147472984206154,11.849114713216958,6.900041645843745,8.2642144638404,4.916938405797101
2015-09-28,39.04437936191425,27.14565470255899,11.84844217347956,6.898593073593074,8.265329012961116,4.919287780187997
2015-09-29,39.04437936191425,27.14565470255899,11.84844217347956,6.898593073593074,8.265329012961116,4.919287780187997
2015-09-30,39.04485550572994,27.144087360903505,11.847521175884404,6.897645198868364,8.266193323368212,4.919462481962482
2015-10-01,39.04535376183358,27.136613519348945,11.849015944195315,6.8961474454984195,8.268684603886397,4.921796256299496
2015-10-02,39.04537637088733,27.13169657693586,11.851931704885343,6.895596070596071,8.270314057826521,4.921796256299496
2015-10-03,39.045625623130604,27.125216018610836,11.852679461615153,6.893348318348319,8.273305084745763,4.921964798850574
2015-10-04,39.045625623130604,27.125216018610836,11.852679461615153,6.893348318348319,8.273305084745763,4.921964798850574
2015-10-05,39.045625623130604,27.125216018610836,11.852679461615153,6.893348318348319,8.273305084745763,4.921964798850574
2015-10-06,39.04612412761715,27.11773845131273,11.853676470588235,6.891600066600066,8.276296111665005,4.924283154121864
2015-10-07,39.046622632103684,27.111257892987705,11.854673479561315,6.890101565101565,8.278788634097706,4.92873748211731
2015-10-08,39.047619641076764,27.10477733466268,11.855670488534397,6.888103563103563,8.280782652043868,4.928890078515346
2015-10-09,39.04911515453639,27.098296776337655,11.856667497507477,6.886105561105561,8.28327517447657,4.9311787749287745
2015-10-10,39.05011216350947,27.09156696576936,11.857166001994017,6.884357309357309,8.285917248255235,4.933457711442785
2015-10-11,39.05011216350947,27.09156696576936,11.857166001994017,6.884357309357309,8.285917248255235,4.933457711442785
2015-10-12,39.0495889387145,27.09027570171068,11.856240657698056,6.883416541853886,8.286273044344792,4.936790780141844
2015-10-13,39.0495889387145,27.09027570171068,11.856240657698056,6.883416541853886,8.286273044344792,4.936790780141844
2015-10-14,39.049066235059755,27.089234727755645,11.85531623505976,6.8824767132401865,8.286628486055777,4.941171266808209
2015-10-15,39.0495889387145,27.08280186015612,11.857735426008968,6.881918788483941,8.28876432486298,4.941171266808209
2015-10-16,39.0495889387145,27.08280186015612,11.857735426008968,6.881918788483941,8.28876432486298,4.941171266808209
2015-10-17,39.04856822709163,27.08226261620186,11.856312250996016,6.880979707252163,8.28961653386454,4.945533192090395
2015-10-18,39.04856822709163,27.08226261620186,11.856312250996016,6.880979707252163,8.28961653386454,4.945533192090395
2015-10-19,39.04754853160776,27.081226148996183,11.855139372822299,6.880041562759767,8.290219014435042,4.950933756166314
2015-10-20,39.04702736318408,27.08068822553897,11.853967661691541,6.879353605849119,8.290572139303482,4.955256680731364
2015-10-21,39.04650671307807,27.079156306978287,11.853543013426155,6.877918950340475,8.291422178020884,4.959561403508771
2015-10-22,39.04650671307807,27.079156306978287,11.853543013426155,6.877918950340475,8.291422178020884,4.959561403508771
2015-10-23,39.04625808055693,27.072443228907677,11.854288910989556,6.8769224381332,8.293908503232222,4.963848039215686
2015-10-24,39.044744035785286,27.07191020543406,11.853367296222663,6.875987715803453,8.294756461232604,4.968116701607268
2015-10-25,39.044744035785286,27.07191020543406,11.853367296222663,6.875987715803453,8.294756461232604,4.968116701607268
2015-10-26,39.044744035785286,27.07191020543406,11.853367296222663,6.875987715803453,8.294756461232604,4.968116701607268
2015-10-27,39.042734724292096,27.070632555058786,11.852943368107303,6.8748050439688075,8.29535519125683,4.975505578800558
2015-10-28,39.041244411326375,27.063180990230173,11.853440139095875,6.8743072838891655,8.298335817188276,4.9776443980514955
2015-10-29,39.041244411326375,27.063180990230173,11.853440139095875,6.8743072838891655,8.298335817188276,4.9776443980514955
2015-10-30,39.04076789264413,27.057745195493705,11.854858349900596,6.874244687915007,8.300472166998011,4.9776443980514955
2015-10-31,39.0392768389662,27.051283962889332,11.85535536779324,6.873248671978752,8.303454274353877,4.983940972222222
2015-11-01,39.0392768389662,27.051283962889332,11.85535536779324,6.873248671978752,8.303454274353877,4.983940972222222
2015-11-02,39.03751862891207,27.050016559032954,11.854433681073024,6.8725651236104195,8.304297069051167,4.990211365211365
2015-11-03,39.03751862891207,27.050016559032954,11.854433681073024,6.8725651236104195,8.304297069051167,4.990211365211365
2015-11-04,39.03601042701092,27.04850215160543,11.854009433962263,6.871633499170812,8.304642502482622,4.994381051175656
2015-11-05,39.03452085402184,27.04155081098974,11.854505958291956,6.871135986733002,8.307125124131082,5.000603864734299
2015-11-06,39.03404123199205,27.036106971352872,11.856420765027321,6.871071843371495,8.30926477893691,5.000603864734299
2015-11-07,39.03255091902633,27.030145719489983,11.856917536015896,6.8695785631325705,8.31174863387978,5.008867079889807
2015-11-08,39.03255091902633,27.030145719489983,11.856917536015896,6.8695785631325705,8.31174863387978,5.008867079889807
2015-11-09,39.03005213505462,27.028641178417743,11.855995531281032,6.869145936981758,8.313083416087387,5.019158075601374
2015-11-10,39.03005213505462,27.028641178417743,11.855995531281032,6.869145936981758,8.313083416087387,5.019158075601374
2015-11-11,39.02954094292804,27.02763440860215,11.855074441687345,6.868216476048401,8.312928039702232,5.023233882030178
2015-11-12,39.02954094292804,27.02763440860215,11.855074441687345,6.868216476048401,8.312928039702232,5.023233882030178
2015-11-13,39.02904466501241,27.021927212572376,11.854578163771711,6.867221945963865,8.315657568238214,5.029346338124572
2015-11-14,39.02755583126551,27.015723738626964,11.855074441687345,6.866724680921598,8.318138957816377,5.035433743169398
2015-11-15,39.02755583126551,27.015723738626964,11.855074441687345,6.866724680921598,8.318138957816377,5.035433743169398
2015-11-16,39.02555803571428,27.013979828042327,11.854154265873015,6.8657968853545395,8.318973214285714,5.0466087252897065
2015-11-17,39.024058006941,27.012981325400762,11.853235002478929,6.864870011591323,8.31931085770947,5.052636054421768
2015-11-18,39.024058006941,27.012981325400762,11.853235002478929,6.864870011591323,8.31931085770947,5.052636054421768
2015-11-19,39.02269459593455,27.006784002644192,11.853111056023797,6.863752276867031,8.322409519087755,5.058638832315003
2015-11-20,39.02071145265245,27.000834572797885,11.853111056023797,6.863255505878457,8.324888448190382,5.06664972899729
2015-11-21,39.018728309370346,26.99587671459263,11.852615270203271,6.862758734889883,8.32736737729301,5.070571331981068
2015-11-22,39.018728309370346,26.99587671459263,11.852615270203271,6.862758734889883,8.32736737729301,5.070571331981068
2015-11-23,39.01648909811694,26.993896597291048,11.851201684836472,6.862330354187355,8.328444003964321,5.080549932523616
2015-11-24,39.01648909811694,26.993896597291048,11.851201684836472,6.862330354187355,8.328444003964321,5.080549932523616
2015-11-25,39.016480931154035,26.992413736173024,11.8502847944527,6.86140612076096,8.328776622090142,5.0844276094276095
2015-11-26,39.01450693756194,26.988445655764785,11.851201684836472,6.861833829857663,8.331417244796828,5.0844276094276095
2015-11-27,39.01302031714569,26.983490254377273,11.85070614469772,6.861337305527971,8.333399405351834,5.09232190860215
2015-11-28,39.01054261645193,26.97853485298976,11.851201684836472,6.860344256868586,8.33637264618434,5.098172367538565
2015-11-29,39.01054261645193,26.97853485298976,11.851201684836472,6.860344256868586,8.33637264618434,5.098172367538565
2015-11-30,39.008308568598316,26.9768119531121,11.850037147102526,6.859669148056245,8.336948984645863,5.109019410977242
2015-12-01,39.008308568598316,26.9768119531121,11.850037147102526,6.859669148056245,8.336948984645863,5.109019410977242
2015-12-02,39.00830445544554,26.975338283828382,11.849121287128712,6.858746693121693,8.337277227722772,5.110804943219772
2015-12-03,39.00434405940594,26.97137788778878,11.849616336633662,6.858250661375662,8.339257425742574,5.120583333333333
2015-12-04,39.001869737493806,26.96789664850586,11.850532441802873,6.859172870140612,8.341406636948983,5.120583333333333
2015-12-05,39.000878712871284,26.966922442244226,11.849616336633662,6.85775462962963,8.342227722772277,5.126330671989354
2015-12-06,39.000878712871284,26.966922442244226,11.849616336633662,6.85775462962963,8.342227722772277,5.126330671989354
2015-12-07,39.000878712871284,26.966922442244226,11.849616336633662,6.85775462962963,8.342227722772277,5.126330671989354
2015-12-08,38.99889905987135,26.965206993237672,11.848453735774369,6.857329367046769,8.342800593765462,5.136039176626825
2015-12-09,38.998405044510385,26.963740520936366,11.847539564787338,6.855913445655765,8.343125618199801,5.141732935719019
2015-12-10,38.994940623453736,26.961248556820056,11.848453735774369,6.856833581226244,8.345274616526472,5.141732935719019
2015-12-11,38.99147699158832,26.95729012040244,11.848948540326571,6.856337795405718,8.347253834735278,5.149388227513227
2015-12-12,38.98766699653637,26.95394194293254,11.848717631535543,6.855544538092877,8.350222662048491,5.155033003300329
2015-12-13,38.98766699653637,26.95394194293254,11.848717631535543,6.855544538092877,8.350222662048491,5.155033003300329
2015-12-14,38.985694856577645,26.952233761951863,11.847308770194527,6.8548728113643875,8.351038575667655,5.1646080368906455
2015-12-15,38.98570192782996,26.950774427418025,11.846889932443565,6.853458807990754,8.351359367276322,5.170200525969756
2015-12-16,38.985214920948614,26.95030467720685,11.84573040184453,6.852541254125413,8.35143280632411,5.175770997375328
2015-12-17,38.985214920948614,26.95030467720685,11.84573040184453,6.852541254125413,8.35143280632411,5.175770997375328
2015-12-18,38.98027420948616,26.947587285902504,11.84548336627141,6.8520462046204615,8.353409090909091,5.185248853962016
2015-12-19,38.97979012345679,26.94662551440329,11.844078189300411,6.8511298037275274,8.353728395061728,5.190767973856209
2015-12-20,38.97979012345679,26.94662551440329,11.844078189300411,6.8511298037275274,8.353728395061728,5.190767973856209
2015-12-21,38.97807255676209,26.94467752550181,11.84292119118131,6.850708869106495,8.355034550839092,5.1992009132420085
2015-12-22,38.97808337444499,26.94322479855287,11.842012004604506,6.849299719887955,8.355846077947705,5.204671223958333
2015-12-23,38.97808337444499,26.94322479855287,11.842012004604506,6.849299719887955,8.355846077947705,5.204671223958333
2015-12-24,38.972643139190524,26.94270319183942,11.84292119118131,6.8502143092647545,8.357996051332675,5.204671223958333
2015-12-25,38.9671975308642,26.942181069958846,11.843831275720163,6.8511298037275274,8.360148148148149,5.204671223958333
2015-12-26,38.96275308641975,26.939218106995884,11.842843621399176,6.850634999175326,8.363111111111111,5.212069525666017
2015-12-27,38.96275308641975,26.939218106995884,11.842843621399176,6.850634999175326,8.363111111111111,5.212069525666017
2015-12-28,38.96275308641975,26.939218106995884,11.842843621399176,6.850634999175326,8.363111111111111,5.212069525666017
2015-12-29,38.96227788746298,26.93727377426785,11.841934024350115,6.849719749423014,8.363919052319842,5.217493514915693
2015-12-30,38.96227788746298,26.93727377426785,11.841934024350115,6.849719749423014,8.363919052319842,5.217493514915693
2015-12-31,38.95682716049382,26.937242798353907,11.842349794238682,6.8511298037275274,8.366074074074074,5.217493514915693
2016-01-01,38.951865118577075,26.93671772068511,11.843260046113306,6.8520462046204615,8.367737154150197,5.217493514915693
2016-01-02,38.94739248640633,26.936192123908384,11.843182567144504,6.852963513290407,8.369896193771625,5.217493514915693
2016-01-03,38.94739248640633,26.936192123908384,11.843182567144504,6.852963513290407,8.369896193771625,5.217493514915693
2016-01-04,38.9466773715415,26.934370882740446,11.842271903820816,6.8520462046204615,8.370207509881423,5.225323624595469
2016-01-05,38.9466773715415,26.934370882740446,11.842271903820816,6.8520462046204615,8.370207509881423,5.225323624595469
2016-01-06,38.94620987654321,26.932427983539093,11.841362139917695,6.8511298037275274,8.371012345679013,5.230700904392765
2016-01-07,38.94176543209876,26.929958847736625,11.841362139917695,6.8511298037275274,8.372987654320987,5.237991618310767
2016-01-08,38.93729001976284,26.929183135704875,11.842024868247693,6.851798679867986,8.374901185770751,5.237991618310767
2016-01-09,38.93383152173913,26.924736495388668,11.842518939393939,6.851303630363036,8.377865612648222,5.24332368082368
2016-01-10,38.93383152173913,26.924736495388668,11.842518939393939,6.851303630363036,8.377865612648222,5.24332368082368
2016-01-11,38.931888888888885,26.92205761316872,11.841609053497942,6.850882401451426,8.378666666666666,5.255378933847141
2016-01-12,38.931888888888885,26.92205761316872,11.841609053497942,6.850882401451426,8.378666666666666,5.255378933847141
2016-01-13,38.92695061728395,26.918600823045267,11.841609053497942,6.851377206003629,8.381629629629629,5.262580128205128
2016-01-14,38.92266551383399,26.918857048748354,11.842271903820816,6.851155115511552,8.383300395256917,5.262580128205128
2016-01-15,38.917230731225295,26.916633728590252,11.841777832674572,6.850907590759077,8.385276679841898,5.272632757517594
2016-01-16,38.912784090909085,26.913669301712783,11.841283761528326,6.850907590759077,8.387747035573122,5.279773307790549
2016-01-17,38.912784090909085,26.913669301712783,11.841283761528326,6.850907590759077,8.387747035573122,5.279773307790549
2016-01-18,38.90961728395061,26.91148971193416,11.84012757201646,6.850733960085766,8.388543209876543,5.293578712555767
2016-01-19,38.908674728529114,26.909559065482068,11.83921931556433,6.849818661391362,8.388845014807503,5.302560432569974
2016-01-20,38.908674728529114,26.909559065482068,11.83921931556433,6.849818661391362,8.388845014807503,5.302560432569974
2016-01-21,38.908674728529114,26.909559065482068,11.83921931556433,6.849818661391362,8.388845014807503,5.302560432569974
2016-01-22,38.908674728529114,26.909559065482068,11.83921931556433,6.849818661391362,8.388845014807503,5.302560432569974
2016-01-23,38.90723976319684,26.908617003782275,11.837818615359314,6.848904267589389,8.389146521953625,5.311507936507936
2016-01-24,38.90723976319684,26.908617003782275,11.837818615359314,6.848904267589389,8.389146521953625,5.311507936507936
2016-01-25,38.90408037475345,26.906689677843527,11.836912393162391,6.848484848484849,8.389447731755423,5.326124841571609
2016-01-26,38.90215623459832,26.905749958928865,11.83551421061278,6.848312757201646,8.389995071463774,5.3349936748893105
2016-01-27,38.900726600985216,26.904318555008214,11.83461001642036,6.8474004606778545,8.390788177339902,5.3438289141414135
2016-01-28,38.89624199112863,26.90279283719402,11.835021356990307,6.848312757201646,8.393445046821094,5.3438289141414135
2016-01-29,38.8953078817734,26.90136288998358,11.83461001642036,6.8474004606778545,8.393251231527094,5.354521109010712
2016-01-30,38.88865763546798,26.89840722495895,11.834117405582921,6.8474004606778545,8.395960591133004,5.367059748427673
2016-01-31,38.88865763546798,26.89840722495895,11.834117405582921,6.8474004606778545,8.395960591133004,5.367059748427673
2016-02-01,38.88575824716888,26.896487772854098,11.833214344329557,6.846982404209834,8.396750369276218,5.3804927809165095
2016-02-02,38.88575824716888,26.896487772854098,11.833214344329557,6.846982404209834,8.396750369276218,5.3804927809165095
2016-02-03,38.88009601181683,26.893041194813723,11.832721976038076,6.846982404209834,8.39970457902511,5.3910557644110275
2016-02-04,38.88009601181683,26.893041194813723,11.832721976038076,6.846982404209834,8.39970457902511,5.3910557644110275
2016-02-05,38.876096059113294,26.891510673234812,11.833624794745484,6.8474004606778545,8.401871921182266,5.3910557644110275
2016-02-06,38.869692118226595,26.88904761904762,11.832146962233168,6.846906877262257,8.405320197044334,5.403455284552845
2016-02-07,38.869692118226595,26.88904761904762,11.832146962233168,6.846906877262257,8.405320197044334,5.403455284552845
2016-02-08,38.869692118226595,26.88904761904762,11.832146962233168,6.846906877262257,8.405320197044334,5.403455284552845
2016-02-09,38.86655588380108,26.886640407024455,11.831737239455112,6.846489064298636,8.406351550960117,5.415808364544319
2016-02-10,38.86514517716535,26.88521981627297,11.830835793963253,6.845578566732414,8.4066437007874,5.424376947040498
2016-02-11,38.86113983259477,26.883193828984083,11.831737239455112,6.846489064298636,8.408813392417528,5.424376947040498
2016-02-12,38.85663793103448,26.882151067323484,11.832639573070606,6.846906877262257,8.410985221674876,5.424376947040498
2016-02-13,38.85072660098522,26.87919540229885,11.83165435139573,6.84641329384666,8.413940886699507,5.436644900497512
2016-02-14,38.85072660098522,26.87919540229885,11.83165435139573,6.84641329384666,8.413940886699507,5.436644900497512
2016-02-15,38.84759970457902,26.877039225340557,11.83124487116363,6.846489064298636,8.414475627769571,5.449798261949099
2016-02-16,38.84759970457902,26.877039225340557,11.83124487116363,6.846489064298636,8.414475627769571,5.449798261949099
2016-02-17,38.845337106299205,26.875377296587928,11.830589730971127,6.846318211702827,8.415255905511811,5.457791201982651
2016-02-18,38.840415846456686,26.871932414698165,11.829605479002623,6.846318211702827,8.418700787401574,5.468073593073592
2016-02-19,38.835002460629916,26.868979658792654,11.830097604986875,6.845825115055884,8.421161417322834,5.476466049382716
2016-02-20,38.82909694881889,26.865780839895013,11.830343667979001,6.844838921761999,8.424360236220473,5.488524337646334
2016-02-21,38.82909694881889,26.865780839895013,11.830343667979001,6.844838921761999,8.424360236220473,5.488524337646334
2016-02-22,38.825983767830785,26.863633382521726,11.829689293326775,6.8446689666502385,8.425135268076733,5.501460639606396
2016-02-23,38.825983767830785,26.863633382521726,11.829689293326775,6.8446689666502385,8.425135268076733,5.501460639606396
2016-02-24,38.82410275319567,26.86222549983612,11.828789741068501,6.844252873563219,8.425909537856441,5.509745242480049
2016-02-25,38.82057304476143,26.860091818330872,11.830107394654862,6.84434861179563,8.42798819478603,5.509745242480049
2016-02-26,38.81565420560747,26.8566486309231,11.830599278570258,6.84434861179563,8.429955730447613,5.517999387254902
2016-02-27,38.81024348253812,26.853697327430726,11.830599278570258,6.843362904550682,8.432907033939989,5.5280581039755345
2016-02-28,38.81024348253812,26.853697327430726,11.830599278570258,6.843362904550682,8.432907033939989,5.5280581039755345
2016-02-29,38.80800147492625,26.851802687643396,11.829945099967224,6.843070607553367,8.433677482792527,5.538537851037851
2016-03-01,38.80800147492625,26.851802687643396,11.829945099967224,6.843070607553367,8.433677482792527,5.538537851037851
2016-03-02,38.80111848574238,26.850327761389707,11.82945345788266,6.842577996715928,8.437118977384463,5.54486593540524
2016-03-03,38.80111848574238,26.850327761389707,11.82945345788266,6.842577996715928,8.437118977384463,5.54486593540524
2016-03-04,38.796593703885875,26.849270372192162,11.830353336612559,6.842993264333827,8.439301524840136,5.54486593540524
2016-03-05,38.78995327102803,26.846810952615183,11.830353336612559,6.842500410711352,8.44249877029021,5.554820559610706
2016-03-06,38.78995327102803,26.846810952615183,11.830353336612559,6.842500410711352,8.44249877029021,5.554820559610706
2016-03-07,38.78995327102803,26.846810952615183,11.830353336612559,6.842500410711352,8.44249877029021,5.554820559610706
2016-03-08,38.786860865290066,26.84491969845952,11.829945099967224,6.842331691297209,8.443264503441494,5.565649666059502
2016-03-09,38.780469518190756,26.84295313012127,11.82945345788266,6.841839080459771,8.446214355948868,5.573712121212121
2016-03-10,38.780469518190756,26.84295313012127,11.82945345788266,6.841839080459771,8.446214355948868,5.573712121212121
2016-03-11,38.77544269552385,26.842875881292013,11.829861452697164,6.841761130277641,8.448401377274962,5.573712121212121
2016-03-12,38.76904820462371,26.841400229545826,11.829369568781768,6.841268276655168,8.451352680767338,5.583560193587417
2016-03-13,38.76904820462371,26.841400229545826,11.829369568781768,6.841268276655168,8.451352680767338,5.583560193587417
2016-03-14,38.76572025565388,26.839019993444772,11.828470173713537,6.841100164203613,8.45260570304818,5.59699577294686
2016-03-15,38.76572025565388,26.839019993444772,11.828470173713537,6.841100164203613,8.45260570304818,5.59699577294686
2016-03-16,38.763869778869775,26.836642096642095,11.827571662571662,6.841178401444281,8.453366093366093,5.6067661241711875
2016-03-17,38.758136773136776,26.833267813267817,11.827276822276822,6.841079927785984,8.455462735462735,5.621916365824307
2016-03-18,38.75174856674857,26.831179361179363,11.827276822276822,6.840833743640243,8.457674037674037,5.6320570570570565
2016-03-19,38.74462325962326,26.82773955773956,11.828751023751023,6.840833743640243,8.46037674037674,5.645308752997602
2016-03-20,38.74462325962326,26.82773955773956,11.828751023751023,6.840833743640243,8.46037674037674,5.645308752997602
2016-03-21,38.74180173542894,26.825368369351672,11.828343975114603,6.840912073490814,8.461378519973804,5.656717534410532
2016-03-22,38.73996481754214,26.822017673048602,11.828919162166583,6.840498442367601,8.461152020945834,5.669877538829152
2016-03-23,38.73996481754214,26.822017673048602,11.828919162166583,6.840498442367601,8.461152020945834,5.669877538829152
2016-03-24,38.73358288332515,26.818581246931764,11.828919162166583,6.840990326282998,8.46360661102929,5.68299045915325
2016-03-25,38.73358288332515,26.818581246931764,11.828919162166583,6.840990326282998,8.46360661102929,5.68299045915325
2016-03-26,38.72671003109147,26.815635738831617,11.829900998199966,6.8407443843252995,8.466061201112746,5.694270833333333
2016-03-27,38.72671003109147,26.815635738831617,11.829900998199966,6.8407443843252995,8.466061201112746,5.694270833333333
2016-03-28,38.72671003109147,26.815635738831617,11.829900998199966,6.8407443843252995,8.466061201112746,5.694270833333333
2016-03-29,38.72340938828917,26.812291462217864,11.830229800457964,6.840331039003606,8.467304546941445,5.7072935234699935
2016-03-30,38.718011939810275,26.80738469087341,11.831211154726855,6.840822681088168,8.469757932613673,5.714931791221827
2016-03-31,38.718011939810275,26.80738469087341,11.831211154726855,6.840822681088168,8.469757932613673,5.714931791221827
2016-04-01,38.7139461626575,26.806799214531175,11.831619211258385,6.8407443843252995,8.47195221731304,5.714931791221827
2016-04-02,38.70609147439044,26.80434462444772,11.832110129275076,6.8407443843252995,8.474406807396496,5.72787152161042
2016-04-03,38.70609147439044,26.80434462444772,11.832110129275076,6.8407443843252995,8.474406807396496,5.72787152161042
2016-04-04,38.70280094864246,26.801005888125616,11.83243784756297,6.841068502130449,8.474664703958128,5.74076536643026
2016-04-05,38.70280094864246,26.801005888125616,11.83243784756297,6.841068502130449,8.474664703958128,5.74076536643026
2016-04-06,38.70098495994769,26.79816086316822,11.833010462645086,6.841146601146601,8.474431911067516,5.748303834808259
2016-04-07,38.69411884910904,26.794237371260422,11.833991335622036,6.841638001638001,8.476393657021415,5.762882803297997
2016-04-08,38.68872404773582,26.79178518881805,11.834481772110511,6.841638001638001,8.47786496648684,5.773883009994121
2016-04-09,38.681612718652936,26.78810691515449,11.835953081575935,6.842375102375103,8.480071930684975,5.784844483568075
2016-04-10,38.681612718652936,26.78810691515449,11.835953081575935,6.842375102375103,8.480071930684975,5.784844483568075
2016-04-11,38.67809232026144,26.78453431372549,11.836768790849673,6.842698100851343,8.480571895424836,5.796646162858816
2016-04-12,38.67809232026144,26.78453431372549,11.836768790849673,6.842698100851343,8.480571895424836,5.796646162858816
2016-04-13,38.67580026130982,26.781700146986772,11.837828678752246,6.842775323187695,8.480826392291359,5.804020467836257
2016-04-14,38.67167075163398,26.781037581699344,11.838255718954247,6.842403405370007,8.483316993464053,5.804020467836257
2016-04-15,38.67167075163398,26.781037581699344,11.838255718954247,6.842403405370007,8.483316993464053,5.804020467836257
2016-04-16,38.66456290849673,26.777606209150328,11.839481209150325,6.842894564505566,8.485767973856209,5.813120256859311
2016-04-17,38.66456290849673,26.777606209150328,11.839481209150325,6.842894564505566,8.485767973856209,5.813120256859311
2016-04-18,38.65794526143791,26.771478758169934,11.840461601307188,6.843385723641126,8.488954248366014,5.826558857808857
2016-04-19,38.65794526143791,26.771478758169934,11.840461601307188,6.843385723641126,8.488954248366014,5.826558857808857
2016-04-20,38.65554058468071,26.769140943981707,11.840539768087538,6.843708067419407,8.489204638249225,5.835151250727167
2016-04-21,38.653750408096634,26.766315703558604,11.840617858308846,6.8437847562970235,8.489454782892588,5.844149245063879
2016-04-22,38.65098303148964,26.76373796704193,11.841185348343938,6.843861369952591,8.489215206395823,5.856594202898551
2016-04-23,38.64445668135095,26.759332680698318,11.842490618371675,6.844024848782083,8.491825746451298,5.867259837962963
2016-04-24,38.64445668135095,26.759332680698318,11.842490618371675,6.844024848782083,8.491825746451298,5.867259837962963
2016-04-25,38.64071673189824,26.75578114807567,11.843546151337247,6.844591503267974,8.492563600782779,5.880488157134604
2016-04-26,38.64071673189824,26.75578114807567,11.843546151337247,6.844591503267974,8.492563600782779,5.880488157134604
2016-04-27,38.635335127201564,26.750399543378997,11.84452462491846,6.845571895424837,8.495499021526419,5.887615340253748
2016-04-28,38.635335127201564,26.750399543378997,11.84452462491846,6.845571895424837,8.495499021526419,5.887615340253748
2016-04-29,38.635335127201564,26.750399543378997,11.84452462491846,6.845571895424837,8.495499021526419,5.887615340253748
2016-04-30,38.629464285714285,26.74575179386823,11.845013861709067,6.845571895424837,8.498189823874755,5.899899251583189
2016-05-01,38.629464285714285,26.74575179386823,11.845013861709067,6.845571895424837,8.498189823874755,5.899899251583189
2016-05-02,38.62622249388753,26.742208638956804,11.845578647106764,6.846137514290381,8.498924205378973,5.913002873563218
2016-05-03,38.62396138807429,26.739402085369825,11.846142880417073,6.846702579170747,8.499169110459432,5.918316121629374
2016-05-04,38.62121397166585,26.73610975411171,11.846706562449112,6.846288138358624,8.498925256472887,5.933920389461626
2016-05-05,38.61858504398827,26.733048224177256,11.847120397523623,6.846702579170747,8.501612903225807,5.933920389461626
2016-05-06,38.61497555012225,26.730961695191525,11.847534637326813,6.847117426098318,8.503814180929094,5.933920389461626
2016-05-07,38.60837408312958,26.7260717196414,11.848757131214343,6.847117426098318,8.506503667481661,5.947755860491709
2016-05-08,38.60837408312958,26.7260717196414,11.848757131214343,6.847117426098318,8.506503667481661,5.947755860491709
2016-05-09,38.6044110459433,26.72253991528185,11.849319811013359,6.847682011100229,8.507233626588466,5.963256278538813
2016-05-10,38.6044110459433,26.72253991528185,11.849319811013359,6.847682011100229,8.507233626588466,5.963256278538813
2016-05-11,38.60216170004885,26.719744341312488,11.849881941051946,6.848246043400229,8.507474352711284,5.970156695156695
2016-05-12,38.599621212121214,26.717261322906484,11.85044395568589,6.847975840679073,8.509872922776148,5.970156695156695
2016-05-13,38.593878299120234,26.712495927012057,11.85227680026067,6.847853411687888,8.511827956989247,5.982153014789533
2016-05-14,38.58703567937439,26.709074617139134,11.85325431736722,6.847853411687888,8.514271749755622,5.994108461101646
2016-05-15,38.58703567937439,26.709074617139134,11.85325431736722,6.847853411687888,8.514271749755622,5.994108461101646
2016-05-16,38.58703567937439,26.709074617139134,11.85325431736722,6.847853411687888,8.514271749755622,5.994108461101646
2016-05-17,38.58414346197688,26.705715681485103,11.853733105357433,6.848172621961169,8.51475329750855,6.005739795918367
2016-05-18,38.58414346197688,26.705715681485103,11.853733105357433,6.848172621961169,8.51475329750855,6.005739795918367
2016-05-19,38.581007657217334,26.70410557184751,11.85415037471489,6.848098269670258,8.516959921798632,6.005739795918367
2016-05-20,38.573676278918214,26.69970674486804,11.855127891821441,6.848098269670258,8.519403714565005,6.021010186757215
2016-05-21,38.56683365917237,26.69579667644184,11.855127891821441,6.848098269670258,8.522336265884654,6.032838983050848
2016-05-22,38.56683365917237,26.69579667644184,11.855127891821441,6.848098269670258,8.522336265884654,6.032838983050848
2016-05-23,38.56289285132715,26.692281387396193,11.85568718449764,6.848172621961169,8.523058133854422,6.048011844331641
2016-05-24,38.560176595052084,26.689013671875003,11.856734212239584,6.84775766470972,8.523291015625,6.058065878378378
2016-05-25,38.55654209412148,26.68788470933073,11.857152743852794,6.848172621961169,8.525012212994627,6.058065878378378
2016-05-26,38.55654209412148,26.68788470933073,11.857152743852794,6.848172621961169,8.525012212994627,6.058065878378378
2016-05-27,38.552904040404044,26.68675464320626,11.857571684587814,6.848098269670258,8.526735092864126,6.058065878378378
2016-05-28,38.5460614206582,26.682355816226785,11.858793580971001,6.847853411687888,8.529178885630499,6.0714586846543
2016-05-29,38.5460614206582,26.682355816226785,11.858793580971001,6.847853411687888,8.529178885630499,6.0714586846543
2016-05-30,38.5460614206582,26.682355816226785,11.858793580971001,6.847853411687888,8.529178885630499,6.0714586846543
2016-05-31,38.54188650056994,26.678602833414757,11.859351082885524,6.84841736009137,8.529653150952614,6.086489898989899
2016-06-01,38.53504722357922,26.67567171470445,11.859839602670576,6.84841736009137,8.53209574987787,6.093067226890756
2016-06-02,38.531856282552084,26.672900390625003,11.860396321614584,6.8482469015003264,8.532080078125,6.1063338926174495
2016-06-03,38.525020345052084,26.669970703125003,11.861372884114584,6.84775766470972,8.534033203125,6.117881072026801
2016-06-04,38.518184407552084,26.666552734375003,11.862349446614584,6.847268427919113,8.536474609375,6.127717391304348
2016-06-05,38.518184407552084,26.666552734375003,11.862349446614584,6.847268427919113,8.536474609375,6.127717391304348
2016-06-06,38.514027167724095,26.66281112737921,11.8629046689442,6.847832110839446,8.53743289409468,6.140859766277129
2016-06-07,38.514027167724095,26.66281112737921,11.8629046689442,6.847832110839446,8.53743289409468,6.140859766277129
2016-06-08,38.506706523507404,26.660370912640314,11.86339271189198,6.848321108394458,8.540361151781356,6.147291666666667
2016-06-09,38.50407307942708,26.659033203125002,11.863667805989584,6.847317351598173,8.54248046875,6.147291666666667
2016-06-10,38.49943413124898,26.659355153883734,11.86360120501547,6.847732093326806,8.544211040547141,6.147291666666667
2016-06-11,38.49308337404331,26.655446995603324,11.865799544048201,6.847242617066406,8.546653639472398,6.15536605657238
2016-06-12,38.49308337404331,26.655446995603324,11.865799544048201,6.847242617066406,8.546653639472398,6.15536605657238
2016-06-13,38.48893636067708,26.651953125000002,11.865865071614584,6.84780658838878,8.5478515625,6.168397009966777
2016-06-14,38.48893636067708,26.651953125000002,11.865865071614584,6.84780658838878,8.5478515625,6.168397009966777
2016-06-15,38.48173421223958,26.649511718750002,11.866109212239584,6.84780658838878,8.550537109375,6.176824212271973
2016-06-16,38.48173421223958,26.649511718750002,11.866109212239584,6.84780658838878,8.550537109375,6.176824212271973
2016-06-17,38.47318929036458,26.646948242187502,11.867451985677084,6.848051206784083,8.552978515625,6.189776490066225
2016-06-18,38.46635335286458,26.644018554687502,11.868916829427084,6.84707273320287,8.555419921875,6.199380165289257
2016-06-19,38.46635335286458,26.644018554687502,11.868916829427084,6.84707273320287,8.555419921875,6.199380165289257
2016-06-20,38.462709451765086,26.640775988286972,11.869468846591834,6.847147514262429,8.556612981942411,6.210602310231023
2016-06-21,38.462709451765086,26.640775988286972,11.869468846591834,6.847147514262429,8.556612981942411,6.210602310231023
2016-06-22,38.454900764600616,26.638823816495854,11.869956889539614,6.846658516707416,8.559053196681308,6.218492586490939
2016-06-23,38.454900764600616,26.638823816495854,11.869956889539614,6.846658516707416,8.559053196681308,6.218492586490939
2016-06-24,38.448556206279484,26.636383601756958,11.870444932487393,6.845680521597392,8.561493411420205,6.2280016447368425
2016-06-25,38.44172360501057,26.632967301122502,11.871421018382952,6.845191524042379,8.563933626159102,6.23747947454844
2016-06-26,38.44172360501057,26.632967301122502,11.871421018382952,6.845191524042379,8.563933626159102,6.23747947454844
2016-06-27,38.43760569105691,26.629243902439026,11.871971544715448,6.845755946562398,8.565121951219512,6.250204918032787
2016-06-28,38.43544206078335,26.62698683568991,11.872033967170486,6.845342778049178,8.56533398342272,6.256342062193126
2016-06-29,38.43223983739837,26.625341463414635,11.872947154471545,6.8447784294558485,8.567560975609757,6.256342062193126
2016-06-30,38.43223983739837,26.625341463414635,11.872947154471545,6.8447784294558485,8.567560975609757,6.256342062193126
2016-07-01,38.42757035952497,26.625158613958032,11.873861233121849,6.844702526487367,8.569790141532454,6.256342062193126
2016-07-02,38.42098177972995,26.621742313323576,11.875081340491297,6.8444580277098614,8.57271839921913,6.264093137254902
2016-07-03,38.42098177972995,26.621742313323576,11.875081340491297,6.8444580277098614,8.57271839921913,6.264093137254902
2016-07-04,38.41687398373983,26.619000000000003,11.875142276422764,6.845022808732486,8.573414634146342,6.27752854812398
2016-07-05,38.41687398373983,26.619000000000003,11.875142276422764,6.845022808732486,8.573414634146342,6.27752854812398
2016-07-06,38.41199593495934,26.614609756097565,11.876117886178863,6.844534050179211,8.576341463414634,6.281962540716612
2016-07-07,38.40984479115878,26.612359824475867,11.876665854054933,6.844121478586549,8.576548025353485,6.291260162601626
2016-07-08,38.403993986673164,26.608946855192592,11.878128555176337,6.843632958801498,8.578985860555827,6.298904220779221
2016-07-09,38.398143182187546,26.606021452949783,11.879591256297742,6.842655919231396,8.581423695758167,6.304902755267423
2016-07-10,38.398143182187546,26.606021452949783,11.879591256297742,6.842655919231396,8.581423695758167,6.304902755267423
2016-07-11,38.39453784925276,26.603045808966865,11.879649935022742,6.842976888020833,8.582602339181287,6.314927184466019
2016-07-12,38.39453784925276,26.603045808966865,11.879649935022742,6.842976888020833,8.582602339181287,6.314927184466019
2016-07-13,38.38966455490578,26.59963450292398,11.879649935022742,6.842976888020833,8.585526315789474,6.31764943457189
2016-07-14,38.385229857050035,26.595784600389866,11.880770792722547,6.842586263020833,8.587962962962964,6.321975806451613
2016-07-15,38.37865090968161,26.592251461988305,11.882598278102664,6.842097981770833,8.590155945419104,6.331119162640902
2016-07-16,38.37231562703054,26.589327485380117,11.884060266406758,6.841609700520833,8.592592592592593,6.33701768488746
2016-07-17,38.37231562703054,26.589327485380117,11.884060266406758,6.841609700520833,8.592592592592593,6.33701768488746
2016-07-18,38.37231562703054,26.589327485380117,11.884060266406758,6.841609700520833,8.592592592592593,6.33701768488746
2016-07-19,38.36921172268225,26.586604968339017,11.884116739730477,6.841687001789491,8.594008767657087,6.344502407704655
2016-07-20,38.36434080207826,26.582221139795422,11.884116739730477,6.84217504473727,8.596931320019484,6.348758012820513
2016-07-21,38.362946283674134,26.580233690360274,11.884173158065563,6.842252032520325,8.597370983446933,6.3538
2016-07-22,38.358077734501784,26.577799415774102,11.885146867900033,6.841276422764228,8.599318403115872,6.361222044728435
2016-07-23,38.35223547549497,26.574391431353458,11.88636400519312,6.8407886178861785,8.60223953261928,6.367025518341308
2016-07-24,38.35223547549497,26.574391431353458,11.88636400519312,6.8407886178861785,8.60223953261928,6.367025518341308
2016-07-25,38.35223547549497,26.574391431353458,11.88636400519312,6.8407886178861785,8.60223953261928,6.367025518341308
2016-07-26,38.34975263584753,26.572043795620438,11.886662611516627,6.840500568828214,8.603041362530414,6.373606687898089
2016-07-27,38.34975263584753,26.572043795620438,11.886662611516627,6.840500568828214,8.603041362530414,6.373606687898089
2016-07-28,38.34651493021746,26.569401168451805,11.887581142486207,6.8409105691056915,8.605282375851996,6.373606687898089
2016-07-29,38.342786978405584,26.56773015099854,11.88850056827407,6.841320969578656,8.607525572333172,6.373606687898089
2016-07-30,38.33694187368079,26.564320506575744,11.88898766033447,6.840344883683097,8.609961032635168,6.382551669316375
2016-07-31,38.33694187368079,26.564320506575744,11.88898766033447,6.840344883683097,8.609961032635168,6.382551669316375
2016-08-01,38.33694187368079,26.564320506575744,11.88898766033447,6.840344883683097,8.609961032635168,6.382551669316375
2016-08-02,38.333613274910746,26.56161148977605,11.888554852320675,6.840178861788618,8.611124634858813,6.393055555555556
2016-08-03,38.32923158065563,26.557229795520936,11.889528562155144,6.839691056910569,8.613558909444986,6.397187004754358
2016-08-04,38.32712489862125,26.555012165450123,11.890068937550689,6.838794084186576,8.613746958637469,6.406052215189874
2016-08-05,38.32387617656605,26.552848101265823,11.890502271989615,6.8392032520325206,8.615993184031158,6.406052215189874
2016-08-06,38.318033917559234,26.547979552093476,11.891962836741317,6.8392032520325206,8.618914313534567,6.413309636650869
2016-08-07,38.318033917559234,26.547979552093476,11.891962836741317,6.8392032520325206,8.618914313534567,6.413309636650869
2016-08-08,38.318033917559234,26.547979552093476,11.891962836741317,6.8392032520325206,8.618914313534567,6.413309636650869
2016-08-09,38.314716139497165,26.5452798053528,11.89177210056772,6.83903786770681,8.620316301703163,6.423698738170347
2016-08-10,38.31033657745337,26.539927007299273,11.892745336577454,6.838550300666341,8.623722627737227,6.427755905511811
2016-08-11,38.31033657745337,26.539927007299273,11.892745336577454,6.838550300666341,8.623722627737227,6.427755905511811
2016-08-12,38.30595701540957,26.53506082725061,11.894205190592052,6.838062733625874,8.626155717761558,6.434944968553459
2016-08-13,38.300117599351175,26.53043795620438,11.89566504460665,6.838062733625874,8.629075425790754,6.4421114599686025
2016-08-14,38.300117599351175,26.53043795620438,11.89566504460665,6.838062733625874,8.629075425790754,6.4421114599686025
2016-08-15,38.300117599351175,26.53043795620438,11.89566504460665,6.838062733625874,8.629075425790754,6.4421114599686025
2016-08-16,38.29656695849546,26.52750486381323,11.895229409857329,6.838141650422353,8.630471789883268,6.453173981191223
2016-08-17,38.29267590791181,26.5221546692607,11.8966885538262,6.837654320987655,8.632903696498055,6.457159624413146
2016-08-18,38.2896796431468,26.520559610705597,11.897368207623682,6.837136356248984,8.63530413625304,6.457159624413146
2016-08-19,38.28641269068485,26.517891918208374,11.898291950665369,6.837544715447155,8.637560856864654,6.457159624413146
2016-08-20,38.281057286595264,26.513997078870496,11.899752515417072,6.836569105691058,8.639995131450828,6.4626953125
2016-08-21,38.281057286595264,26.513997078870496,11.899752515417072,6.836569105691058,8.639995131450828,6.4626953125
2016-08-22,38.281057286595264,26.513997078870496,11.899752515417072,6.836569105691058,8.639995131450828,6.4626953125
2016-08-23,38.27751419302514,26.51131386861314,11.89955798864558,6.836405005688283,8.640900243309002,6.474453978159127
2016-08-24,38.27252635847527,26.507177615571777,11.899922952149229,6.8362831139281655,8.6438199513382,6.479945482866044
2016-08-25,38.27252635847527,26.507177615571777,11.899922952149229,6.8362831139281655,8.6438199513382,6.479945482866044
2016-08-26,38.266686942416875,26.50279805352798,11.900409570154096,6.835307979847229,8.646253041362531,6.490085536547434
2016-08-27,38.260847526358475,26.498418491484184,11.901869424168694,6.834820412806761,8.649172749391727,6.49708850931677
2016-08-28,38.260847526358475,26.498418491484184,11.901869424168694,6.834820412806761,8.649172749391727,6.49708850931677
2016-08-29,38.260847526358475,26.498418491484184,11.901869424168694,6.834820412806761,8.649172749391727,6.49708850931677
2016-08-30,38.25707279507134,26.495744163424124,11.90167396238651,6.834900909681612,8.650072957198443,6.509496124031008
2016-08-31,38.250749837872895,26.49136673151751,11.902646725032426,6.834900909681612,8.65250486381323,6.517995356037152
2016-09-01,38.248197212769405,26.489669421487605,11.902207907956571,6.834007144016886,8.652673796791444,6.5295595054095825
2016-09-02,38.24539964332037,26.48747568093385,11.903133106355384,6.833926250812216,8.654450389105058,6.5295595054095825
2016-09-03,38.23956306744488,26.48407101167315,11.90361948767834,6.833438921377518,8.656882295719845,6.538001543209877
2016-09-04,38.23956306744488,26.48407101167315,11.90361948767834,6.833438921377518,8.656882295719845,6.538001543209877
2016-09-05,38.235800518554534,26.48164803111327,11.9034232701345,6.833276505926287,8.657292173067574,6.551040061633282
2016-09-06,38.235800518554534,26.48164803111327,11.9034232701345,6.833276505926287,8.657292173067574,6.551040061633282
2016-09-07,38.22996678010047,26.477758872143898,11.903909415005671,6.833276505926287,8.65923675255226,6.559423076923077
2016-09-08,38.22996678010047,26.477758872143898,11.903909415005671,6.833276505926287,8.65923675255226,6.559423076923077
2016-09-09,38.22667396238651,26.475072957198442,11.904835440985734,6.833682586094867,8.661016536964981,6.559423076923077
2016-09-10,38.22083738651103,26.471668287937742,11.90532182230869,6.832707927225472,8.663934824902723,6.5693164362519205
2016-09-11,38.22083738651103,26.471668287937742,11.90532182230869,6.832707927225472,8.663934824902723,6.5693164362519205
2016-09-12,38.22083738651103,26.471668287937742,11.90532182230869,6.832707927225472,8.663934824902723,6.5693164362519205
2016-09-13,38.21708394101442,26.469251336898395,11.904881704748016,6.832789413865887,8.664584346135149,6.582246932515337
2016-09-14,38.21173634743154,26.465848322800195,11.904881704748016,6.8318152297450885,8.666528925619835,6.592075038284839
2016-09-15,38.20653459731,26.461959163830823,11.905416464106304,6.831522974508849,8.66832766164317,6.601873088685015
2016-09-16,38.20371676394293,26.45975194552529,11.906343223086902,6.831440870695257,8.670598249027238,6.601873088685015
2016-09-17,38.19715061608301,26.45659046692607,11.90682960440986,6.83070987654321,8.673030155642023,6.613167938931298
2016-09-18,38.19715061608301,26.45659046692607,11.90682960440986,6.83070987654321,8.673030155642023,6.613167938931298
2016-09-19,38.193165613352775,26.454423918327663,11.906388753848649,6.8307923364182495,8.673675255226057,6.625952743902439
2016-09-20,38.193165613352775,26.454423918327663,11.906388753848649,6.8307923364182495,8.673675255226057,6.625952743902439
2016-09-21,38.187818019769885,26.45102090422946,11.906388753848649,6.8303052443578505,8.675619834710744,6.635654490106545
2016-09-22,38.18174120888024,26.4485901798736,11.906388753848649,6.829818152297451,8.67756441419543,6.6445668693009114
2016-09-23,38.175664397990595,26.44470102090423,11.907117971155406,6.829087514206852,8.679995138551288,6.656487101669196
2016-09-24,38.168858369794194,26.44129800680603,11.907604116026578,6.829087514206852,8.682425862907147,6.667613636363637
2016-09-25,38.168858369794194,26.44129800680603,11.907604116026578,6.829087514206852,8.682425862907147,6.667613636363637
2016-09-26,38.168858369794194,26.44129800680603,11.907604116026578,6.829087514206852,8.682425862907147,6.667613636363637
2016-09-27,38.164889050858434,26.43865403304179,11.9066771946874,6.829170723790977,8.683551992225462,6.680975794251134
2016-09-28,38.159544055717525,26.43525267249757,11.906191286038226,6.828683868873743,8.685981535471331,6.692031722054381
2016-09-29,38.159544055717525,26.43525267249757,11.906191286038226,6.828683868873743,8.685981535471331,6.692031722054381
2016-09-30,38.1567047480149,26.43303354399611,11.906631826284235,6.829087514206852,8.687773456490033,6.692031722054381
2016-10-01,38.1498987198185,26.43011667476908,11.907117971155406,6.8295746062672515,8.690690325717064,6.700037707390648
2016-10-02,38.1498987198185,26.43011667476908,11.907117971155406,6.8295746062672515,8.690690325717064,6.700037707390648
2016-10-03,38.1498987198185,26.43011667476908,11.907117971155406,6.8295746062672515,8.690690325717064,6.700037707390648
2016-10-04,38.1498987198185,26.43011667476908,11.907117971155406,6.8295746062672515,8.690690325717064,6.700037707390648
2016-10-05,38.14333576405769,26.425984443364122,11.906753362502027,6.829331060237052,8.694457948468644,6.711031626506024
2016-10-06,38.140836572724325,26.42383381924198,11.90631276320052,6.82892729633236,8.694606413994169,6.721992481203007
2016-10-07,38.137015880732456,26.42258142926592,11.907239507373198,6.828843968176652,8.69640252795333,6.721992481203007
2016-10-08,38.130452924971635,26.41917841516772,11.908454869551127,6.828600422146453,8.69931939718036,6.7299174174174174
2016-10-09,38.130452924971635,26.41917841516772,11.908454869551127,6.828600422146453,8.69931939718036,6.7299174174174174
2016-10-10,38.12625931324911,26.417031098153547,11.908013443472628,6.828440441415125,8.70092322643343,6.742316341829086
2016-10-11,38.12625931324911,26.417031098153547,11.908013443472628,6.828440441415125,8.70092322643343,6.742316341829086
2016-10-12,38.12042840945902,26.413143828960155,11.908013443472628,6.82795358649789,8.704324586977648,6.750187125748503
2016-10-13,38.11515630061549,26.409062196307097,11.908815192743765,6.827491074326517,8.707337220602527,6.759529147982063
2016-10-14,38.1093253968254,26.405174927113706,11.909787010042113,6.827004219409282,8.709766763848396,6.76884328358209
2016-10-15,38.102522675736964,26.402745383867835,11.910272918691286,6.826517364492048,8.712196307094267,6.778129657228018
2016-10-16,38.102522675736964,26.402745383867835,11.910272918691286,6.826517364492048,8.712196307094267,6.778129657228018
2016-10-17,38.102522675736964,26.402745383867835,11.910272918691286,6.826517364492048,8.712196307094267,6.778129657228018
2016-10-18,38.09834466569532,26.400364254492477,11.910316496681236,6.826358475263585,8.714035939776592,6.788132440476191
2016-10-19,38.09203092115914,26.3974502185527,11.910316496681236,6.8258718572587185,8.716949975716368,6.795876671619614
2016-10-20,38.08955906148867,26.395315533980586,11.91036003236246,6.825591763942931,8.717087378640777,6.805452522255193
2016-10-21,38.08571717662296,26.39405050995629,11.910802169337867,6.825993511759934,8.718892666342885,6.805452522255193
2016-10-22,38.07843208677352,26.391622146673146,11.910802169337867,6.825506893755069,8.721806702282661,6.814629629629629
2016-10-23,38.07843208677352,26.391622146673146,11.910802169337867,6.825506893755069,8.721806702282661,6.814629629629629
2016-10-24,38.07843208677352,26.391622146673146,11.910802169337867,6.825506893755069,8.721806702282661,6.814629629629629
2016-10-25,38.074753236245954,26.389733009708742,11.910602750809062,6.825105382619974,8.723155339805826,6.825258875739645
2016-10-26,38.067471682847895,26.387791262135924,11.910117313915858,6.825105382619974,8.726067961165048,6.832902511078286
2016-10-27,38.067471682847895,26.387791262135924,11.910117313915858,6.825105382619974,8.726067961165048,6.832902511078286
2016-10-28,38.059704692556636,26.38584951456311,11.910117313915858,6.825105382619974,8.728980582524272,6.840523598820059
2016-10-29,38.05193770226537,26.383907766990294,11.910117313915858,6.825105382619974,8.7323786407767,6.848122238586156
2016-10-30,38.05193770226537,26.383907766990294,11.910117313915858,6.825105382619974,8.7323786407767,6.848122238586156
2016-10-31,38.05193770226537,26.383907766990294,11.910117313915858,6.825105382619974,8.7323786407767,6.848122238586156
2016-11-01,38.05193770226537,26.383907766990294,11.910117313915858,6.825105382619974,8.7323786407767,6.848122238586156
2016-11-02,38.043321197411004,26.38208737864078,11.910117313915858,6.825470168612192,8.735655339805826,6.8556985294117645
2016-11-03,38.040874171114346,26.379961183891318,11.909918324437974,6.825311942959002,8.736268801552646,6.863986784140969
2016-11-04,38.03506877022654,26.37966019417476,11.91036003236246,6.8261997405966275,8.73856796116505,6.863986784140969
2016-11-05,38.02802993527508,26.376747572815535,11.910602750809062,6.825956549935149,8.741966019417475,6.8715175953079175
2016-11-06,38.02802993527508,26.376747572815535,11.910602750809062,6.825956549935149,8.741966019417475,6.8715175953079175
2016-11-07,38.02802993527508,26.376747572815535,11.910602750809062,6.825956549935149,8.741966019417475,6.8715175953079175
2016-11-08,38.02437732492318,26.374623968947116,11.910160925117257,6.826041160265759,8.742819019893256,6.881222547584187
2016-11-09,38.01612890182759,26.37365356622999,11.910160925117257,6.826041160265759,8.74573022804464,6.887244152046784
2016-11-10,38.01186488673139,26.37339805825243,11.91050566343042,6.825567444876784,8.747888349514565,6.887244152046784
2016-11-11,38.004583333333336,26.37097087378641,11.911476537216828,6.825081063553826,8.750800970873787,6.89470802919708
2016-11-12,37.99681634304207,26.369514563106797,11.911476537216828,6.825081063553826,8.754199029126214,6.902150145772595
2016-11-13,37.99681634304207,26.369514563106797,11.911476537216828,6.825081063553826,8.754199029126214,6.902150145772595
2016-11-14,37.992936276888244,26.367637069383797,11.910791686883389,6.824923027062065,8.755531295487629,6.913209606986899
2016-11-15,37.992936276888244,26.367637069383797,11.910791686883389,6.824923027062065,8.755531295487629,6.913209606986899
2016-11-16,37.984930454471936,26.366666666666667,11.910791686883389,6.825287635715443,8.75819990295973,6.918059593023256
2016-11-17,37.97909789644013,26.367330097087383,11.910748381877022,6.825689040207522,8.76099514563107,6.918059593023256
2016-11-18,37.970602750809064,26.365873786407768,11.911476537216828,6.825445849546044,8.763907766990291,6.925435413642961
2016-11-19,37.9628357605178,26.364417475728157,11.912204692556633,6.824959468223087,8.766577669902913,6.934239130434783
2016-11-20,37.9628357605178,26.364417475728157,11.912204692556633,6.824959468223087,8.766577669902913,6.934239130434783
2016-11-21,37.9628357605178,26.364417475728157,11.912204692556633,6.824959468223087,8.766577669902913,6.934239130434783
2016-11-22,37.959699983826624,26.362299854439595,11.911519488921236,6.8243153459731,8.76741872877244,6.945911722141823
2016-11-23,37.95242196344817,26.36181465308103,11.911034287562671,6.823343056230756,8.770329936923824,6.95032514450867
2016-11-24,37.95242196344817,26.36181465308103,11.911034287562671,6.823343056230756,8.770329936923824,6.95032514450867
2016-11-25,37.945629144428274,26.359873847646774,11.911034287562671,6.8223707664884135,8.773241145075207,6.959054834054834
2016-11-26,37.93786592269125,26.359388646288213,11.911034287562671,6.821884621617242,8.775667151868026,6.966318443804035
2016-11-27,37.93786592269125,26.359388646288213,11.911034287562671,6.821884621617242,8.775667151868026,6.966318443804035
2016-11-28,37.93522874232137,26.35727449078565,11.910107500808277,6.821242306446388,8.776988360814745,6.975719424460432
2016-11-29,37.93522874232137,26.35727449078565,11.910107500808277,6.821242306446388,8.776988360814745,6.975719424460432
2016-11-30,37.9347754079819,26.355162384876397,11.909181612538374,6.82035777885705,8.777096461463888,6.981501436781609
2016-12-01,37.9284392175881,26.35678952473327,11.9096225347559,6.820756397797214,8.778928225024249,6.981501436781609
2016-12-02,37.92306728125505,26.357447840853958,11.910063884845544,6.820669259439313,8.78124696749151,6.981501436781609
2016-12-03,37.91627446223516,26.356477438136828,11.910549086204108,6.819696969696969,8.784158175642892,6.988701578192252
2016-12-04,37.91627446223516,26.356477438136828,11.910549086204108,6.819696969696969,8.784158175642892,6.988701578192252
2016-12-05,37.91627446223516,26.356477438136828,11.910549086204108,6.819696969696969,8.784158175642892,6.988701578192252
2016-12-06,37.913405269964436,26.354607177497577,11.909865017782089,6.818812763200518,8.78547526673133,6.998746418338109
2016-12-07,37.90710071128354,26.35315227934045,11.909865017782089,6.818812763200518,8.78790009699321,7.003040057224607
2016-12-08,37.901329615260266,26.351163918525707,11.909816521176852,6.817646582442501,8.789936954413191,7.011607142857143
2016-12-09,37.894540090527,26.350193986420955,11.909331555124476,6.817160673793327,8.792361784675071,7.018723252496434
2016-12-10,37.88823553184611,26.34776915615907,11.909089072098286,6.81691771946874,8.795271580989331,7.027243589743589
2016-12-11,37.88823553184611,26.34776915615907,11.909089072098286,6.81691771946874,8.795271580989331,7.027243589743589
2016-12-12,37.88823553184611,26.34776915615907,11.909089072098286,6.81691771946874,8.795271580989331,7.027243589743589
2016-12-13,37.88538132169979,26.34541929229278,11.90889077395379,6.816278128541363,8.796825012118275,7.035739687055477
2016-12-14,37.88004928098239,26.343480368395543,11.90840604297948,6.815792455884734,8.798763936015511,7.041370738636363
2016-12-15,37.88004928098239,26.343480368395543,11.90840604297948,6.815792455884734,8.798763936015511,7.041370738636363
2016-12-16,37.873263047342064,26.342026175472615,11.90840604297948,6.815306783228104,8.800702859912748,7.049822695035461
2016-12-17,37.86696154467604,26.34008725157538,11.90840604297948,6.8143354379148455,8.803853611245758,7.056834277620396
2016-12-18,37.86696154467604,26.34008725157538,11.90840604297948,6.8143354379148455,8.803853611245758,7.056834277620396
2016-12-19,37.86696154467604,26.34008725157538,11.90840604297948,6.8143354379148455,8.803853611245758,7.056834277620396
2016-12-20,37.86533026485788,26.337863372093025,11.907481427648579,6.814061488673139,8.80455426356589,7.063826025459689
2016-12-21,37.86090240749717,26.338027144934564,11.907921312005172,6.813971183422374,8.80639844886088,7.063826025459689
2016-12-22,37.859758559431526,26.3359253875969,11.906996931524548,6.814304207119742,8.80673449612403,7.0686793785310735
2016-12-23,37.851764373385016,26.333260658914732,11.906996931524548,6.813818770226537,8.809883720930232,7.080571227080395
2016-12-24,37.84570817183463,26.329869186046515,11.906754683462532,6.813818770226537,8.813032945736433,7.088908450704225
2016-12-25,37.84570817183463,26.329869186046515,11.906754683462532,6.813818770226537,8.813032945736433,7.088908450704225
2016-12-26,37.84570817183463,26.329869186046515,11.906754683462532,6.813818770226537,8.813032945736433,7.088908450704225
2016-12-27,37.84570817183463,26.329869186046515,11.906754683462532,6.813818770226537,8.813032945736433,7.088908450704225
2016-12-28,37.840863210594314,26.32696220930233,11.906270187338501,6.81284789644013,8.81545542635659,7.095815752461322
2016-12-29,37.840863210594314,26.32696220930233,11.906270187338501,6.81284789644013,8.81545542635659,7.095815752461322
2016-12-30,37.83545403134594,26.327120698012607,11.907194215543708,6.8127570017808,8.81730489578284,7.095815752461322
2016-12-31,37.829069673456196,26.32727934044617,11.908119139993534,6.813151927437642,8.820126091173616,7.095815752461322
2017-01-01,37.829069673456196,26.32727934044617,11.908119139993534,6.813151927437642,8.820126091173616,7.095815752461322
2017-01-02,37.829069673456196,26.32727934044617,11.908119139993534,6.813151927437642,8.820126091173616,7.095815752461322
2017-01-03,37.826244142834064,26.32469704314106,11.907194215543708,6.8127570017808,8.821425109064469,7.106917134831461
2017-01-04,37.82091210211666,26.32227338826951,11.906709484569397,6.8127570017808,8.823364032961706,7.113779803646564
2017-01-05,37.820272125323,26.319210271317832,11.905543443152455,6.812362459546926,8.823691860465116,7.123424369747899
2017-01-06,37.814368233963485,26.319849733397966,11.906467119082244,6.8122713291241705,8.826030053320407,7.123424369747899
2017-01-07,37.80903619324609,26.317668444013574,11.906467119082244,6.811785656467541,8.828453708191953,7.130244755244755
2017-01-08,37.80903619324609,26.317668444013574,11.906467119082244,6.811785656467541,8.828453708191953,7.130244755244755
2017-01-09,37.8062217377261,26.31509205426357,11.905058947028424,6.8118770226537215,8.829505813953487,7.1412360335195535
2017-01-10,37.8062217377261,26.31509205426357,11.905058947028424,6.8118770226537215,8.829505813953487,7.1412360335195535
2017-01-11,37.80137677648579,26.311700581395353,11.904574450904393,6.811391585760518,8.831443798449612,7.148012552301255
2017-01-12,37.79672402649862,26.31209403780902,11.904819033769591,6.8109114456856075,8.833397964129908,7.148012552301255
2017-01-13,37.79066488931976,26.30942801745032,11.904576668282436,6.810425773028978,8.835579253514299,7.156162952646239
2017-01-14,37.784848117628044,26.307004362578773,11.904091937308127,6.810425773028978,8.838487639360155,7.162899860917942
2017-01-15,37.784848117628044,26.307004362578773,11.904091937308127,6.810425773028978,8.838487639360155,7.162899860917942
2017-01-16,37.784848117628044,26.307004362578773,11.904091937308127,6.810425773028978,8.838487639360155,7.162899860917942
2017-01-17,37.77733478752626,26.303611245758606,11.903364840846663,6.811154282013923,8.84188075618032,7.171701388888889
2017-01-18,37.77744266795865,26.30104166666667,11.901958171834625,6.810760517799353,8.841957364341084,7.177011095700416
2017-01-19,37.77744266795865,26.30104166666667,11.901958171834625,6.810760517799353,8.841957364341084,7.177011095700416
2017-01-20,37.77744266795865,26.30104166666667,11.901958171834625,6.810760517799353,8.841957364341084,7.177011095700416
2017-01-21,37.77658192090395,26.29847457627119,11.900552865213882,6.810367135694646,8.843002421307506,7.183691135734072
2017-01-22,37.77658192090395,26.29847457627119,11.900552865213882,6.810367135694646,8.843002421307506,7.183691135734072
2017-01-23,37.77402791222975,26.295909970958377,11.898906905453371,6.810701584222437,8.84404646660213,7.19381051175657
2017-01-24,37.77402791222975,26.295909970958377,11.898906905453371,6.810701584222437,8.84404646660213,7.19381051175657
2017-01-25,37.773653442993066,26.293347847121435,11.89798822770521,6.810308612053643,8.844121915820029,7.200448895027624
2017-01-26,37.767364134816965,26.291412675374943,11.897020641831963,6.810793343027952,8.846782776971455,7.206379310344827
2017-01-27,37.761316723109175,26.289235607160137,11.896294952427027,6.810793343027952,8.849201741654571,7.213670798898072
2017-01-28,37.760948581560285,26.28764506769826,11.895377981947131,6.810400516795865,8.8497582205029,7.218878954607978
2017-01-29,37.760948581560285,26.28764506769826,11.895377981947131,6.810400516795865,8.8497582205029,7.218878954607978
2017-01-30,37.75840583212502,26.287506041565976,11.893253584662478,6.8102502017756255,8.850555824069598,7.226820054945055
2017-01-31,37.75840583212502,26.287506041565976,11.893253584662478,6.8102502017756255,8.850555824069598,7.226820054945055
2017-02-01,37.75212260351216,26.28653939101015,11.892286934106654,6.8102502017756255,8.85297245045916,7.231995884773663
2017-02-02,37.75030998389694,26.287367149758456,11.890406602254428,6.8098580187157145,8.85256038647343,7.238527397260274
2017-02-03,37.745839374899305,26.287022716288064,11.89132028355083,6.809765940274414,8.854422426292894,7.238527397260274
2017-02-04,37.73858949573062,26.2884726921218,11.890353632995005,6.809281678773204,8.85587240212663,7.243673050615595
2017-02-05,37.73858949573062,26.2884726921218,11.890353632995005,6.809281678773204,8.85587240212663,7.243673050615595
2017-02-06,37.73485104669887,26.290748792270534,11.88799114331723,6.8088899645046785,8.856425120772947,7.250170765027322
2017-02-07,37.73485104669887,26.290748792270534,11.88799114331723,6.8088899645046785,8.856425120772947,7.250170765027322
2017-02-08,37.728087761674715,26.292681159420294,11.88654186795491,6.808405937399161,8.857874396135266,7.253922237380627
2017-02-09,37.725804764204085,26.293988411395464,11.885148076613552,6.8080148363167226,8.857460164171897,7.259025885558583
2017-02-10,37.72084138486312,26.293647342995172,11.886058776167472,6.807921910293643,8.859323671497584,7.259025885558583
2017-02-11,37.71359500805153,26.29606280193237,11.884367954911433,6.807921910293643,8.861014492753624,7.262755102040816
2017-02-12,37.71359500805153,26.29606280193237,11.884367954911433,6.807921910293643,8.861014492753624,7.262755102040816
2017-02-13,37.70987043296314,26.29833413809754,11.882009496217607,6.8070472504434765,8.861564461612748,7.269191576086956
2017-02-14,37.70987043296314,26.29833413809754,11.882009496217607,6.8070472504434765,8.861564461612748,7.269191576086956
2017-02-15,37.70262755512635,26.300748430709806,11.880560920650248,6.80607966457023,8.86349589570256,7.271540027137042
2017-02-16,37.70262755512635,26.300748430709806,11.880560920650248,6.80607966457023,8.86349589570256,7.271540027137042
2017-02-17,37.695867535812006,26.302921294060845,11.879595203605344,6.805353975165295,8.86470304200869,7.275237127371274
2017-02-18,37.68862465797521,26.306784162240465,11.87718091099308,6.804386389292049,8.86615161757605,7.277571041948579
2017-02-19,37.68862465797521,26.306784162240465,11.87718091099308,6.804386389292049,8.86615161757605,7.277571041948579
2017-02-20,37.68862465797521,26.306784162240465,11.87718091099308,6.804386389292049,8.86615161757605,7.277571041948579
2017-02-21,37.68563787001287,26.308566602316606,11.874585746460747,6.803755641521598,8.866457528957529,7.282601351351351
2017-02-22,37.67767454954955,26.311824324324327,11.873861808236809,6.803030303030303,8.867905405405406,7.2839068825910935
2017-02-23,37.6700008043758,26.315057915057917,11.872606981981983,6.802111540941328,8.868774131274131,7.288915094339623
2017-02-24,37.66453001770481,26.31569290197972,11.873028327699984,6.802015803902596,8.870642201834862,7.288915094339623
2017-02-25,37.656804281345565,26.31907291163689,11.871096893610172,6.801532010965973,8.87209077740222,7.29121803499327
2017-02-26,37.656804281345565,26.31907291163689,11.871096893610172,6.801532010965973,8.87209077740222,7.29121803499327
2017-02-27,37.656804281345565,26.31907291163689,11.871096893610172,6.801532010965973,8.87209077740222,7.29121803499327
2017-02-28,37.653350225225225,26.321814671814675,11.868504665379666,6.801627981947131,8.871669884169883,7.296202956989247
2017-03-01,37.645628217503216,26.32519305019305,11.867539414414415,6.801144422952934,8.872635135135134,7.298489932885906
2017-03-02,37.645628217503216,26.32519305019305,11.867539414414415,6.801144422952934,8.872635135135134,7.298489932885906
2017-03-03,37.64062852084339,26.32535007242878,11.86795831321423,6.80104821802935,8.874505070014486,7.298489932885906
2017-03-04,37.632902784484145,26.329212940608404,11.866026879124417,6.800080632156104,8.875953645581843,7.3021112600536195
2017-03-05,37.632902784484145,26.329212940608404,11.866026879124417,6.800080632156104,8.875953645581843,7.3021112600536195
2017-03-06,37.632902784484145,26.329212940608404,11.866026879124417,6.800080632156104,8.875953645581843,7.3021112600536195
2017-03-07,37.62946026383526,26.331708494208495,11.863437097812099,6.8004190844616375,8.8757722007722,7.307061579651941
2017-03-08,37.622703507078505,26.33460424710425,11.861989221364222,6.799451966473243,8.877220077220077,7.307987967914438
2017-03-09,37.61449887387388,26.337982625482628,11.860541344916346,6.7989684074790455,8.878667953667954,7.312917222963952
2017-03-10,37.612755266119954,26.340713941148096,11.858196655410838,6.798098920573546,8.87824409068982,7.315166666666666
2017-03-11,37.605519376105484,26.3438494934877,11.85650828107413,6.79785725793459,8.879932465026531,7.316078561917443
2017-03-12,37.605519376105484,26.3438494934877,11.85650828107413,6.79785725793459,8.879932465026531,7.316078561917443
2017-03-13,37.60233445837351,26.346094503375124,11.853925586628094,6.797954911433172,8.879749276759883,7.3216422872340425
2017-03-14,37.60233445837351,26.346094503375124,11.853925586628094,6.797954911433172,8.879749276759883,7.3216422872340425
2017-03-15,37.59558421729348,26.348987463837997,11.851996946319511,6.797471819645732,8.880713596914175,7.323871181938911
2017-03-16,37.590661681942436,26.350024119633385,11.852697378999839,6.796697277267601,8.882489146164978,7.323871181938911
2017-03-17,37.585879182754184,26.35091698841699,11.8528675997426,6.796236299161831,8.884483590733591,7.323871181938911
2017-03-18,37.579122425997426,26.35429536679537,11.851419723294724,6.794302063185042,8.885931467181468,7.326094164456234
2017-03-19,37.579122425997426,26.35429536679537,11.851419723294724,6.794302063185042,8.885931467181468,7.326094164456234
2017-03-20,37.57594870557968,26.357018813314042,11.848838237658788,6.794159819558563,8.885745296671491,7.331622516556291
2017-03-21,37.57594870557968,26.357018813314042,11.848838237658788,6.794159819558563,8.885745296671491,7.331622516556291
2017-03-22,37.56967760090047,26.359430776652196,11.846908666988261,6.793676494280651,8.886710082006754,7.333829365079365
2017-03-23,37.567474284795885,26.3619093539055,11.845053841208614,6.79329307568438,8.886041465766635,7.337351387054161
2017-03-24,37.56244171088599,26.363048721659435,11.845461488985368,6.7931931690027385,8.887916063675833,7.337351387054161
2017-03-25,37.555688213539156,26.366907863000485,11.844014310982473,6.791259867891091,8.889363241678728,7.339544854881266
2017-03-26,37.555688213539156,26.366907863000485,11.844014310982473,6.791259867891091,8.889363241678728,7.339544854881266
2017-03-27,37.553009482481514,26.36962391513983,11.841437640630023,6.790877616747182,8.889175506268082,7.344367588932807
2017-03-28,37.55129718875502,26.372819277108437,11.839345381526105,6.790737164010945,8.888746987951809,7.343914473684211
2017-03-29,37.54503212851406,26.375710843373497,11.836935742971887,6.789771446966039,8.89067469879518,7.343462549277267
2017-03-30,37.54503212851406,26.375710843373497,11.836935742971887,6.789771446966039,8.89067469879518,7.343462549277267
2017-03-31,37.539991160398586,26.37685631629701,11.837339279974284,6.789186795491143,8.8925506268081,7.343462549277267
2017-04-01,37.532035519125685,26.380231436837033,11.835651719704275,6.7894283413848635,8.89423818707811,7.344324146981627
2017-04-02,37.532035519125685,26.380231436837033,11.835651719704275,6.7894283413848635,8.89423818707811,7.344324146981627
2017-04-03,37.529369477911644,26.38318072289157,11.83308032128514,6.789288588443586,8.894289156626506,7.346494102228047
2017-04-04,37.52863278741169,26.38444123314066,11.830752247912653,6.788425032175033,8.894340077071291,7.34734947643979
2017-04-05,37.52310441767068,26.385108433734942,11.830670682730924,6.788805729921133,8.896698795180724,7.34734947643979
2017-04-06,37.52310441767068,26.385108433734942,11.830670682730924,6.788805729921133,8.896698795180724,7.34734947643979
2017-04-07,37.521889049454074,26.387813102119463,11.82834377007065,6.787942406692407,8.896266859344895,7.349509803921569
2017-04-08,37.51490446371227,26.39214836223507,11.826416987797046,6.787218468468469,8.897711946050096,7.351664490861618
2017-04-09,37.51490446371227,26.39214836223507,11.826416987797046,6.787218468468469,8.897711946050096,7.351664490861618
2017-04-10,37.512730701332046,26.394607607125664,11.823852511635371,6.787079916385271,8.897520462205105,7.3551173402868315
2017-04-11,37.51200272698107,26.39634263715111,11.821531119666346,6.786700417872067,8.8970885466795,7.35595703125
2017-04-12,37.50647167388862,26.39701492537314,11.821445193387898,6.787079916385271,8.898964853153588,7.35595703125
2017-04-13,37.50011635371529,26.400481463649495,11.819567485154872,6.7860668917832445,8.900024073182474,7.360695708712614
2017-04-14,37.494697334617854,26.401276493256262,11.819962267180475,6.786204954954955,8.901902697495183,7.360695708712614
2017-04-15,37.488435292228644,26.402962427745667,11.818035484906874,6.786446267696268,8.904311175337186,7.362824675324675
2017-04-16,37.488435292228644,26.402962427745667,11.818035484906874,6.786446267696268,8.904311175337186,7.362824675324675
2017-04-17,37.488435292228644,26.402962427745667,11.818035484906874,6.786446267696268,8.904311175337186,7.362824675324675
2017-04-18,37.488435292228644,26.402962427745667,11.818035484906874,6.786446267696268,8.904311175337186,7.362824675324675
2017-04-19,37.482173249839434,26.40500963391137,11.815145311496469,6.786566924066924,8.90623795761079,7.364948119325551
2017-04-20,37.48097817364789,26.406740491092926,11.812826994061949,6.786187489950152,8.905801636976408,7.368361398963731
2017-04-21,37.47542951188183,26.407899807321773,11.812736833654464,6.786566924066924,8.907683044315991,7.368361398963731
2017-04-22,37.469649165061014,26.41030828516378,11.81032835581246,6.786084298584298,8.909609826589595,7.370472186287193
2017-04-23,37.469649165061014,26.41030828516378,11.81032835581246,6.786084298584298,8.909609826589595,7.370472186287193
2017-04-24,37.469649165061014,26.41030828516378,11.81032835581246,6.786084298584298,8.909609826589595,7.370472186287193
2017-04-25,37.46846011876104,26.41227732306211,11.807891991654632,6.785825695449429,8.909773712084737,7.371931524547803
2017-04-26,37.463164018616595,26.413721714010595,11.805966137056654,6.785825695449429,8.911218103033221,7.374032258064516
2017-04-27,37.463164018616595,26.413721714010595,11.805966137056654,6.785825695449429,8.911218103033221,7.374032258064516
2017-04-28,37.457867918472154,26.415166104959077,11.80452174610817,6.785825695449429,8.913143957631197,7.374838917525773
2017-04-29,37.45233108650297,26.41564756860857,11.802836623334938,6.785825695449429,8.915310544053924,7.376930501930502
2017-04-30,37.45233108650297,26.41564756860857,11.802836623334938,6.785825695449429,8.915310544053924,7.376930501930502
2017-05-01,37.45233108650297,26.41564756860857,11.802836623334938,6.785825695449429,8.915310544053924,7.376930501930502
2017-05-02,37.45066971446904,26.41665062560154,11.800284728906,6.785928961748634,8.916073147256977,7.379016709511568
2017-05-03,37.445376162977226,26.417131857555344,11.798841033044596,6.786411121825779,8.917516843118383,7.379813863928113
2017-05-04,37.4446809363476,26.41837421837422,11.796532788199455,6.7865140562249,8.917075517075517,7.381891025641026
2017-05-05,37.44056384343921,26.418094321462945,11.796916105229387,6.786411121825779,8.918960538979787,7.381891025641026
2017-05-06,37.4398709315376,26.41885521885522,11.794608786275454,6.786032128514056,8.918999518999518,7.383962868117798
2017-05-07,37.4398709315376,26.41885521885522,11.794608786275454,6.786032128514056,8.918999518999518,7.383962868117798
2017-05-08,37.4398709315376,26.41885521885522,11.794608786275454,6.786032128514056,8.918999518999518,7.383962868117798
2017-05-09,37.43869791666667,26.419134615384618,11.792303685897437,6.786135195889531,8.91951923076923,7.387308184143222
2017-05-10,37.433409455128206,26.419615384615387,11.79038060897436,6.786616891457932,8.920961538461539,7.386813537675606
2017-05-11,37.43320118532757,26.41989428159539,11.788559186288644,6.7872010913176055,8.920038443056223,7.3901466836734695
2017-05-12,37.42860176282051,26.419615384615387,11.788938301282052,6.787580282594734,8.921923076923076,7.3901466836734695
2017-05-13,37.42427483974359,26.419615384615387,11.787495993589744,6.787098587026333,8.924326923076922,7.390923566878981
2017-05-14,37.42427483974359,26.419615384615387,11.787495993589744,6.787098587026333,8.924326923076922,7.390923566878981
2017-05-15,37.42427483974359,26.419615384615387,11.787495993589744,6.787098587026333,8.924326923076922,7.390923566878981
2017-05-16,37.423590421271825,26.41989428159539,11.784714880666348,6.7876825549671,8.924363286881306,7.394243002544529
2017-05-17,37.419265577446744,26.4194137433926,11.782792727855199,6.788645482266089,8.925804901489668,7.393742058449809
2017-05-18,37.414892679801376,26.420134550696783,11.781110844145443,6.7889825068207355,8.926141278231619,7.395780456852792
2017-05-19,37.410808105077685,26.42061508889957,11.779188691334296,6.789223238645483,8.928063431042768,7.395278833967047
2017-05-20,37.40664344065353,26.419814191894925,11.777426717924076,6.789704702294977,8.930145763254846,7.396044303797468
2017-05-21,37.40664344065353,26.419814191894925,11.777426717924076,6.789704702294977,8.930145763254846,7.396044303797468
2017-05-22,37.40620797310279,26.419612552033303,11.774651777137368,6.7910089829964715,8.930659622158181,7.3968078381795195
2017-05-23,37.40697311569851,26.418931028964636,11.772359577532406,6.792071508738176,8.93021283405345,7.396306818181818
2017-05-24,37.40236551392892,26.418651937239837,11.7722502401537,6.7924526788578765,8.932580851745117,7.396306818181818
2017-05-25,37.40236551392892,26.418651937239837,11.7722502401537,6.7924526788578765,8.932580851745117,7.396306818181818
2017-05-26,37.402172347575615,26.418450952152348,11.770439270283246,6.793514510181177,8.932133141302609,7.397068095838588
2017-05-27,37.397851656265004,26.417730836933913,11.768999039846376,6.794236010902678,8.93357337173948,7.397827455919395
2017-05-28,37.397851656265004,26.417730836933913,11.768999039846376,6.794236010902678,8.93357337173948,7.397827455919395
2017-05-29,37.39694097888676,26.417530390275115,11.766230806142035,6.795777243589744,8.934085092770314,7.399842767295597
2017-05-30,37.39694097888676,26.417530390275115,11.766230806142035,6.795777243589744,8.934085092770314,7.399842767295597
2017-05-31,37.393102207293666,26.41657069737684,11.76431142034549,6.796738782051282,8.935524632117723,7.399340452261306
2017-06-01,37.39387290167866,26.414932054356516,11.762505995203837,6.798278071440013,8.935075939248602,7.400094102885822
2017-06-02,37.39464285714286,26.414253755193354,11.760222914669225,6.798855267371118,8.935107062959412,7.400845864661654
2017-06-03,37.390568072866735,26.414253755193354,11.758065675934803,6.7990954210694845,8.936784915308406,7.401595744680851
2017-06-04,37.390568072866735,26.414253755193354,11.758065675934803,6.7990954210694845,8.936784915308406,7.401595744680851
2017-06-05,37.390568072866735,26.414253755193354,11.758065675934803,6.7990954210694845,8.936784915308406,7.401595744680851
2017-06-06,37.3908600862482,26.412617792684877,11.755785816962147,6.800152024323892,8.937773518607251,7.40234375
2017-06-07,37.38750598945855,26.41118032263217,11.75434834690944,6.800632101136182,8.939210988659958,7.401841448189763
2017-06-08,37.38779932950192,26.410025542784165,11.752071360153257,6.802167306461932,8.938761174968072,7.403834164588528
2017-06-09,37.382714422616196,26.4102220092637,11.752910876856733,6.802552408385342,8.940169302028432,7.403834164588528
2017-06-10,37.37864159080019,26.409263695895227,11.751473406804026,6.802792446791487,8.94256508544961,7.404576587795765
2017-06-11,37.37864159080019,26.409263695895227,11.751473406804026,6.802792446791487,8.94256508544961,7.404576587795765
2017-06-12,37.37869971264368,26.40787037037037,11.748958333333334,6.8038467690339095,8.943550446998724,7.406560945273632
2017-06-13,37.378997127812355,26.40671772778044,11.747163714696027,6.8049000799360515,8.943098771341951,7.406055900621118
2017-06-14,37.37438936781609,26.406912515964244,11.747042624521074,6.805286308381318,8.94498722860792,7.406055900621118
2017-06-15,37.3703903256705,26.406553320561944,11.744911398467433,6.806030070377479,8.946639527458492,7.406792803970223
2017-06-16,37.36577623382846,26.40674812330299,11.745268327743172,6.806417026724276,8.948051429484108,7.406792803970223
2017-06-17,37.36194298035458,26.406268966618754,11.74335170100623,6.806897103536565,8.949968056221051,7.407527881040892
2017-06-18,37.36194298035458,26.406268966618754,11.74335170100623,6.806897103536565,8.949968056221051,7.407527881040892
2017-06-19,37.36194298035458,26.406268966618754,11.74335170100623,6.806897103536565,8.949968056221051,7.407527881040892
2017-06-20,37.36236829501916,26.40535600255428,11.740960249042146,6.808309341010877,8.950351213282246,7.407951732673268
2017-06-21,37.3590158045977,26.403919220945085,11.739044540229886,6.808789187460013,8.952745849297573,7.407447466007417
2017-06-22,37.3590158045977,26.403919220945085,11.739044540229886,6.808789187460013,8.952745849297573,7.407447466007417
2017-06-23,37.35980134035424,26.40324716770385,11.737254667304931,6.809360511590727,8.952768469762246,7.406944444444444
2017-06-24,37.35597175682145,26.401332375937454,11.736297271421734,6.809600319744204,8.954922610499441,7.407675709001233
2017-06-25,37.35597175682145,26.401332375937454,11.736297271421734,6.809600319744204,8.954922610499441,7.407675709001233
2017-06-26,37.35597175682145,26.401332375937454,11.736297271421734,6.809600319744204,8.954922610499441,7.407675709001233
2017-06-27,37.3558014354067,26.401140350877196,11.733791866028708,6.810650367529562,8.95542264752791,7.409020935960591
2017-06-28,37.35197368421053,26.39922647527911,11.733313397129187,6.810650367529562,8.957814992025519,7.408517835178352
2017-06-29,37.35324007651841,26.397600828949468,11.732006217120995,6.811220252355853,8.957835166586959,7.4080159705159705
2017-06-30,37.35324007651841,26.397600828949468,11.732006217120995,6.811220252355853,8.957835166586959,7.4080159705159705
2017-07-01,37.349653275944526,26.396405228758173,11.73057149689144,6.811938987382208,8.959748126893032,7.4075153374233125
2017-07-02,37.349653275944526,26.396405228758173,11.73057149689144,6.811938987382208,8.959748126893032,7.4075153374233125
2017-07-03,37.349247131931165,26.39573773103888,11.72807122370937,6.812986909323116,8.960484384958571,7.409466911764706
2017-07-04,37.349247131931165,26.39573773103888,11.72807122370937,6.812986909323116,8.960484384958571,7.409466911764706
2017-07-05,37.34590105162524,26.393347673677503,11.726637189292543,6.8134658365261815,8.962396430847672,7.408965728274174
2017-07-06,37.346691352126136,26.391726389552478,11.725095556617296,6.814512525929472,8.962175505653766,7.40968826405868
2017-07-07,37.34795845272206,26.390584208850687,11.723316618911175,6.815079744816587,8.962193568927093,7.409188034188034
2017-07-08,37.343660458452725,26.389867876472465,11.722122731614135,6.8153189792663476,8.964103788602355,7.4086890243902435
2017-07-09,37.343660458452725,26.389867876472465,11.722122731614135,6.8153189792663476,8.964103788602355,7.4086890243902435
2017-07-10,37.34301909307876,26.38920445505171,11.719630071599045,6.816363781284871,8.964359586316625,7.411236297198538
2017-07-11,37.34380963740458,26.387110368956744,11.717855438931299,6.816929572976418,8.964376590330788,7.411952554744525
2017-07-12,37.340155131264915,26.386817820206844,11.71772076372315,6.81684202136139,8.966268894192522,7.411952554744525
2017-07-13,37.336067335243555,26.387480101878385,11.718159025787966,6.816323763955343,8.967971983444762,7.411952554744525
2017-07-14,37.33145007166747,26.38766523331741,11.71850215002389,6.816235838519228,8.969867813346074,7.411952554744525
2017-07-15,37.328105590062115,26.388143016403887,11.716591017677974,6.815757140577629,8.971301162605512,7.412667071688943
2017-07-16,37.328105590062115,26.388143016403887,11.716591017677974,6.815757140577629,8.971301162605512,7.412667071688943
2017-07-17,37.328105590062115,26.388143016403887,11.716591017677974,6.815757140577629,8.971301162605512,7.412667071688943
2017-07-18,37.3283070678128,26.387480101878385,11.714219197707736,6.8166826156299845,8.971434256606177,7.413986650485437
2017-07-19,37.325919293218725,26.386524992040755,11.711831423113658,6.8166826156299845,8.972866921362623,7.413484848484848
2017-07-20,37.325919293218725,26.386524992040755,11.711831423113658,6.8166826156299845,8.972866921362623,7.413484848484848
2017-07-21,37.32305396370583,26.38604743712194,11.710159980897803,6.816921850079745,8.974060808659663,7.414194915254237
2017-07-22,37.31947230181471,26.38580865966253,11.708249761222541,6.817400318979266,8.975732250875518,7.414903264812575
2017-07-23,37.31947230181471,26.38580865966253,11.708249761222541,6.817400318979266,8.975732250875518,7.414903264812575
2017-07-24,37.31947230181471,26.38580865966253,11.708249761222541,6.817400318979266,8.975732250875518,7.414903264812575
2017-07-25,37.3195584725537,26.385147175815437,11.705763723150358,6.818205005579467,8.976459824980111,7.4168176328502415
2017-07-26,37.317171837708834,26.384192521877488,11.703854415274463,6.818205005579467,8.977891805887033,7.416314837153196
2017-07-27,37.3184518129771,26.382577926208654,11.702087309160305,6.818769917144678,8.977425254452926,7.418222891566265
2017-07-28,37.314785202863966,26.383237867939542,11.701467780429594,6.818683245655986,8.97884645982498,7.418222891566265
2017-07-29,37.311443914081146,26.383715194908515,11.699081145584726,6.819161485732504,8.979801113762928,7.4201263537906135
2017-07-30,37.311443914081146,26.383715194908515,11.699081145584726,6.819161485732504,8.979801113762928,7.4201263537906135
2017-07-31,37.311443914081146,26.383715194908515,11.699081145584726,6.819161485732504,8.979801113762928,7.4201263537906135
2017-08-01,37.31129532442748,26.382816475826974,11.696839217557253,6.8202039515615045,8.980287849872774,7.422626201923077
2017-08-02,37.308909828244275,26.381862277353694,11.694930820610688,6.819725940089229,8.981242048346056,7.423319327731092
2017-08-03,37.308909828244275,26.381862277353694,11.694930820610688,6.819725940089229,8.981242048346056,7.423319327731092
2017-08-04,37.30523866348449,26.382999204455054,11.694307875894989,6.819161485732504,8.98266507557677,7.423319327731092
2017-08-05,37.3014200477327,26.382044550517108,11.692398568019094,6.819639725809023,8.98505171042164,7.424010791366906
2017-08-06,37.3014200477327,26.382044550517108,11.692398568019094,6.819639725809023,8.98505171042164,7.424010791366906
2017-08-07,37.301276240458016,26.38138517811705,11.689921278625954,6.820681963033779,8.985774491094148,7.425898203592815
2017-08-08,37.29760143198091,26.382999204455054,11.689295942720763,6.82059620596206,8.986722354813047,7.425898203592815
2017-08-09,37.29449880668258,26.383237867939542,11.687386634844868,6.8203570859238,8.987915672235482,7.426584928229665
2017-08-10,37.29449880668258,26.383237867939542,11.687386634844868,6.8203570859238,8.987915672235482,7.426584928229665
2017-08-11,37.292112171837715,26.38276054097057,11.685477326968973,6.8203570859238,8.98887032617343,7.4272700119474315
2017-08-12,37.28829355608592,26.383237867939542,11.682613365155131,6.820835326000319,8.99030230708035,7.427953460620525
2017-08-13,37.28829355608592,26.383237867939542,11.682613365155131,6.820835326000319,8.99030230708035,7.427953460620525
2017-08-14,37.28829355608592,26.383237867939542,11.682613365155131,6.820835326000319,8.99030230708035,7.427953460620525
2017-08-15,37.28815601145038,26.382577926208654,11.68037929389313,6.8218769917144675,8.99030693384224,7.4310190703218115
2017-08-16,37.2860090648855,26.38138517811705,11.677993797709924,6.822594008922881,8.991499681933842,7.43110119047619
2017-08-17,37.28270883054892,26.382426412092283,11.677744630071599,6.821791806153356,8.992927605409706,7.43110119047619
2017-08-18,37.27926217765043,26.38308659662528,11.677590735434576,6.821467304625199,8.994595670168737,7.43110119047619
2017-08-19,37.27663562559694,26.382370264247054,11.67591929321872,6.821945773524721,8.996028334925184,7.430588585017836
2017-08-20,37.27663562559694,26.382370264247054,11.67591929321872,6.821945773524721,8.996028334925184,7.430588585017836
2017-08-21,37.27663562559694,26.382370264247054,11.67591929321872,6.821945773524721,8.996028334925184,7.430588585017836
2017-08-22,37.27733890214797,26.38123309466985,11.673806682577565,6.823226526382911,8.995791567223549,7.431858669833729
2017-08-23,37.2749522673031,26.380278440731903,11.670942720763723,6.8237047664594295,8.997223548130469,7.4337188612099645
2017-08-24,37.2752981870229,26.378188613231554,11.669191316793894,6.8247450605481195,8.997224872773538,7.436759478672986
2017-08-25,37.27243559160305,26.37723441475827,11.666805820610687,6.82570108349267,8.99865617048346,7.438609467455621
2017-08-26,37.2695729961832,26.37628021628499,11.66442032442748,6.826657106437221,8.999610368956743,7.43927304964539
2017-08-27,37.2695729961832,26.37628021628499,11.66442032442748,6.826657106437221,8.999610368956743,7.43927304964539
2017-08-28,37.2695729961832,26.37628021628499,11.66442032442748,6.826657106437221,8.999610368956743,7.43927304964539
2017-08-29,37.26944444444444,26.375147035447466,11.661957558416786,6.827217709826406,9.000087426482276,7.442296340023613
2017-08-30,37.2665832141154,26.37467016372596,11.659096328087744,6.827695492912884,9.001518041646797,7.444133254716981
2017-08-31,37.266456148713054,26.373061646012076,11.65735224022879,6.828255332696593,9.001517318080712,7.448321554770318
2017-09-01,37.26454957102002,26.371631712742296,11.65544566253575,6.829210442534225,9.002470606927233,7.448970588235294
2017-09-02,37.26168970448045,26.372108357165555,11.653062440419447,6.829210442534225,9.003423895773754,7.449618096357227
2017-09-03,37.26168970448045,26.372108357165555,11.653062440419447,6.829210442534225,9.003423895773754,7.449618096357227
2017-09-04,37.261326822296326,26.37074003493727,11.65060743211053,6.830007955449483,9.003898681912021,7.453198356807512
2017-09-05,37.261326822296326,26.37074003493727,11.65060743211053,6.830007955449483,9.003898681912021,7.453198356807512
2017-09-06,37.25906383992377,26.369548991583294,11.648106241067175,6.830485282418457,9.005089725266,7.454425556858148
2017-09-07,37.25917857142857,26.36723015873016,11.646607142857142,6.831758905852418,9.005325396825397,7.456820843091335
2017-09-08,37.25655952380952,26.366039682539682,11.644702380952381,6.832236005089059,9.006515873015873,7.458625730994152
2017-09-09,37.25322619047619,26.366039682539682,11.642797619047618,6.8327131043257,9.006992063492063,7.460426401869159
2017-09-10,37.25322619047619,26.366039682539682,11.642797619047618,6.8327131043257,9.006992063492063,7.460426401869159
2017-09-11,37.25286768205616,26.364675551324765,11.640111851499286,6.83374662215864,9.007702681262892,7.464556592765461
2017-09-12,37.25286768205616,26.364675551324765,11.640111851499286,6.83374662215864,9.007702681262892,7.464556592765461
2017-09-13,37.250035697287004,26.363890211010634,11.638136601618278,6.833698934986488,9.009035379977789,7.466346153846154
2017-09-14,37.24991674595623,26.36086267047257,11.636167935299715,6.83496981251986,9.009031081509674,7.47162398137369
2017-09-15,37.246824452902,26.36038693307961,11.63378924833492,6.83568477915475,9.009744687599111,7.474563953488372
2017-09-16,37.243494291151286,26.359435458293692,11.631410561370124,6.8371147124245315,9.010696162385031,7.478658536585366
2017-09-17,37.243494291151286,26.359435458293692,11.631410561370124,6.8371147124245315,9.010696162385031,7.478658536585366
2017-09-18,37.2429029957204,26.357362498018706,11.629208273894438,6.838145148483405,9.011642098589316,7.482743619489559
2017-09-19,37.24243108365019,26.35552915082383,11.627483365019012,6.839650793650794,9.011874207858048,7.48508111239861
2017-09-20,37.24016880646695,26.355698208907913,11.626830718021875,6.839097983166587,9.012830876525598,7.48508111239861
2017-09-21,37.23981701520913,26.353509188846644,11.6251069391635,6.840365079365079,9.012705956907478,7.488570601851852
2017-09-22,37.23887173396675,26.351322248614412,11.623266033254158,6.84163096937966,9.013174980205859,7.492919075144509
2017-09-23,37.235182984790875,26.351489226869457,11.624037547528518,6.842031746031746,9.014607097591888,7.492919075144509
2017-09-24,37.23244174988112,26.35213187509907,11.623858773181171,6.841956487216135,9.015565065779047,7.492919075144509
2017-09-25,37.23244174988112,26.35213187509907,11.623858773181171,6.841956487216135,9.015565065779047,7.492919075144509
2017-09-26,37.23244174988112,26.35213187509907,11.623858773181171,6.841956487216135,9.015565065779047,7.492919075144509
2017-09-27,37.23017364414843,26.352299397399307,11.62367982873454,6.841404512233874,9.016523945448778,7.492919075144509
2017-09-28,37.23017364414843,26.352299397399307,11.62367982873454,6.841404512233874,9.016523945448778,7.492919075144509
2017-09-29,37.22768663813599,26.349754319226506,11.623383262006659,6.842909321899317,9.016991599302584,7.498123556581986
2017-09-30,37.22245601521636,26.347376763353942,11.622432239657632,6.845291408607273,9.018418132826122,7.503316032295271
2017-10-01,37.21949857414449,26.344835234474022,11.621661121673005,6.8477460317460315,9.01840937896071,7.5096486175115205
2017-10-02,37.21949857414449,26.344835234474022,11.621661121673005,6.8477460317460315,9.01840937896071,7.5096486175115205
2017-10-03,37.21949857414449,26.344835234474022,11.621661121673005,6.8477460317460315,9.01840937896071,7.5096486175115205
2017-10-04,37.21522100760456,26.3415082382763,11.620235266159696,6.849174603174603,9.02031051964512,7.514815880322209
2017-10-05,37.21522100760456,26.3415082382763,11.620235266159696,6.849174603174603,9.02031051964512,7.514815880322209
2017-10-06,37.21522100760456,26.3415082382763,11.620235266159696,6.849174603174603,9.02031051964512,7.514815880322209
2017-10-07,37.20951758555133,26.33960709759189,11.618334125475286,6.851079365079365,9.022211660329532,7.5199712643678165
2017-10-08,37.20951758555133,26.33960709759189,11.618334125475286,6.851079365079365,9.022211660329532,7.5199712643678165
2017-10-09,37.20951758555133,26.33960709759189,11.618334125475286,6.851079365079365,9.022211660329532,7.5199712643678165
2017-10-10,37.20704275534442,26.337545526524153,11.61709026128266,6.85305410122164,9.022201108471892,7.52626291618829
2017-10-11,37.20276722090261,26.33422011084719,11.616615201900238,6.854481992701888,9.023151227236738,7.531393348623853
2017-10-12,37.19678147268409,26.332462391132225,11.615950118764847,6.855909884182135,9.024338875692795,7.53536655211913
2017-10-13,37.19383903133903,26.329930357708136,11.615657644824312,6.857881382810022,9.02480215257993,7.540474828375286
2017-10-14,37.18814102564103,26.3275561886673,11.61423314339981,6.860260069774817,9.026701487812598,7.545571428571429
2017-10-15,37.18814102564103,26.3275561886673,11.61423314339981,6.860260069774817,9.026701487812598,7.545571428571429
2017-10-16,37.185678690080685,26.325264989716818,11.613229710488847,6.861753051196703,9.026688815060908,7.55179794520548
2017-10-17,37.185678690080685,26.325264989716818,11.613229710488847,6.861753051196703,9.026688815060908,7.55179794520548
2017-10-18,37.18140721404841,26.321468122132575,11.613229710488847,6.863179584720241,9.027638031956968,7.556870011402508
2017-10-19,37.17847485768501,26.318943706514865,11.611990037950665,6.86562103929024,9.028099304237823,7.5630694760820045
2017-10-20,37.17325664136623,26.316571790006325,11.611990037950665,6.867997465145754,9.028573687539533,7.568117178612059
2017-10-21,37.16780123339659,26.313962681846935,11.611278462998103,6.870136248415716,9.029996837444655,7.573153409090909
2017-10-22,37.16780123339659,26.313962681846935,11.611278462998103,6.870136248415716,9.029996837444655,7.573153409090909
2017-10-23,37.16780123339659,26.313962681846935,11.611278462998103,6.870136248415716,9.029996837444655,7.573153409090909
2017-10-24,37.16582503556188,26.31144302196934,11.610040303461357,6.871623119556611,9.030456772562037,7.579313280363223
2017-10-25,37.16250592697961,26.3077682946104,11.608973447131342,6.873285827395091,9.031642168484273,7.58375850340136
2017-10-26,37.16250592697961,26.3077682946104,11.608973447131342,6.873285827395091,9.031642168484273,7.58375850340136
2017-10-27,37.160533175355454,26.305252764612955,11.608684834123222,6.874770496992719,9.031627172195893,7.588759909399774
2017-10-28,37.155793838862564,26.301935229067933,11.607736966824644,6.876669832225388,9.03304897314376,7.59375
2017-10-29,37.155793838862564,26.301935229067933,11.607736966824644,6.876669832225388,9.03304897314376,7.59375
2017-10-30,37.15287778304121,26.29942365387652,11.606975367124585,6.878626799557032,9.033507026685616,7.5998587570621465
2017-10-31,37.15287778304121,26.29942365387652,11.606975367124585,6.878626799557032,9.033507026685616,7.5998587570621465
2017-11-01,37.14956181904311,26.295160271593243,11.606501657982,6.8800506249011235,9.034928154113375,7.603696388261851
2017-11-02,37.14956181904311,26.295160271593243,11.606501657982,6.8800506249011235,9.034928154113375,7.603696388261851
2017-11-03,37.14956181904311,26.295160271593243,11.606501657982,6.8800506249011235,9.034928154113375,7.603696388261851
2017-11-04,37.14482472761725,26.291370598452552,11.606027948839413,6.881474450245214,9.03682299068372,7.608652762119504
2017-11-05,37.14482472761725,26.291370598452552,11.606027948839413,6.881474450245214,9.03682299068372,7.608652762119504
2017-11-06,37.142388731060606,26.288865214646467,11.605267518939394,6.883428209993675,9.036805555555556,7.613597972972973
2017-11-07,37.13948177946049,26.286835463006785,11.603797917652628,6.885143037774617,9.037498028080138,7.6202193475815525
2017-11-08,37.13948177946049,26.286835463006785,11.603797917652628,6.885143037774617,9.037498028080138,7.6202193475815525
2017-11-09,37.134985802177,26.282812746489984,11.603561287269287,6.887039671250197,9.038681179996845,7.62626404494382
2017-11-10,37.134985802177,26.282812746489984,11.603561287269287,6.887039671250197,9.038681179996845,7.62626404494382
2017-11-11,37.12977993374349,26.279499921123207,11.60261476573592,6.889173383910226,9.040810853446915,7.6322951739618405
2017-11-12,37.12977993374349,26.279499921123207,11.60261476573592,6.889173383910226,9.040810853446915,7.6322951739618405
2017-11-13,37.12735335856197,26.276529485966574,11.601856669820247,6.891595576619273,9.040791548407443,7.6371917040358746
2017-11-14,37.12492907801419,26.273561859732073,11.600626477541372,6.893304910784778,9.041481481481481,7.643756998880179
2017-11-15,37.12404210028382,26.271326080100916,11.600674077578052,6.892780410742496,9.043156732891832,7.643756998880179
2017-11-16,37.119075212866605,26.26848785871965,11.600153736991487,6.894012638230648,9.044906969410281,7.648629753914989
2017-11-17,37.11529091769158,26.264703563544625,11.600626773888365,6.895434439178515,9.046089561652476,7.6523743016759775
2017-11-18,37.111979659413436,26.259973194575846,11.600153736991487,6.8963823064770935,9.047981709239988,7.658342633928571
2017-11-19,37.111979659413436,26.259973194575846,11.600153736991487,6.8963823064770935,9.047981709239988,7.658342633928571
2017-11-20,37.10940504334122,26.25748620961387,11.600027580772261,6.898168324648665,9.047959022852641,7.662811222593832
2017-11-21,37.10628150598614,26.255001575299307,11.599153276622559,6.8998737373737375,9.048999684940139,7.669868225686711
2017-11-22,37.10585894405044,26.251812450748623,11.598963750985028,6.899352597505132,9.051386918833728,7.669868225686711
2017-11-23,37.102549251379045,26.247084318360915,11.598018124507487,6.901721143218064,9.053278171788811,7.674684835001854
2017-11-24,37.102549251379045,26.247084318360915,11.598018124507487,6.901721143218064,9.053278171788811,7.674684835001854
2017-11-25,37.09971237194642,26.243065405831363,11.597308904649331,6.902431706931943,9.055169424743893,7.67837962962963
2017-11-26,37.09971237194642,26.243065405831363,11.597308904649331,6.902431706931943,9.055169424743893,7.67837962962963
2017-11-27,37.097538594833026,26.240351291745434,11.597026622558287,6.903898358585859,9.055379647132956,7.683176100628931
2017-11-28,37.097538594833026,26.240351291745434,11.597026622558287,6.903898358585859,9.055379647132956,7.683176100628931
2017-11-29,37.09711189913318,26.23715524034673,11.597308904649331,6.903379125217117,9.057297084318362,7.683176100628931
2017-11-30,37.094275019700554,26.23266351457841,11.59683609141056,6.90432654350229,9.058715524034673,7.686853288987436
2017-12-01,37.094275019700554,26.23266351457841,11.59683609141056,6.90432654350229,9.058715524034673,7.686853288987436
2017-12-02,37.09096532702916,26.228408195429473,11.595417651694248,6.9048002526448755,9.061079590228527,7.691629752676264
2017-12-03,37.09096532702916,26.228408195429473,11.595417651694248,6.9048002526448755,9.061079590228527,7.691629752676264
2017-12-04,37.08903197857593,26.225701008191557,11.595372558286074,6.905792297979798,9.061287019533712,7.69584255162242
2017-12-05,37.086155723508114,26.22370492835774,11.594618957644466,6.907256665089131,9.062202802708235,7.70170349907919
2017-12-06,37.08525126023945,26.220975110270953,11.594899968494014,6.906739267676768,9.064122558286074,7.70170349907919
2017-12-07,37.08194313169503,26.21624921235035,11.594427378701953,6.9076862373737375,9.066012917454318,7.707551508462105
2017-12-08,37.079542591717846,26.21472996378523,11.594618957644466,6.9082031866224956,9.065981735159818,7.7122840867328195
2017-12-09,37.07599984254448,26.210478664777202,11.594382774366242,6.90914970815586,9.068107384663833,7.717006240822321
2017-12-10,37.07454752911552,26.20754642744728,11.594574283915644,6.909665720592873,9.068075228202707,7.720617895122846
2017-12-11,37.07454752911552,26.20754642744728,11.594574283915644,6.909665720592873,9.068075228202707,7.720617895122846
2017-12-12,37.071680824288194,26.205560799119084,11.59405773163442,6.910654058313632,9.068750983168162,7.726968864468865
2017-12-13,37.07029823733082,26.203297135662577,11.594338212149827,6.910138757489751,9.070672017626693,7.726968864468865
2017-12-14,37.066993232609384,26.198103556814605,11.59481035568146,6.910611794386629,9.072088448221594,7.732757043541896
2017-12-15,37.0661037631869,26.19562273657692,11.594878759250513,6.909906925382552,9.073823019996851,7.732757043541896
2017-12-16,37.06303338056999,26.190426704455994,11.594642575972287,6.910380186149235,9.075948669500866,7.737984283625732
2017-12-17,37.06303338056999,26.190426704455994,11.594642575972287,6.910380186149235,9.075948669500866,7.737984283625732
2017-12-18,37.06303338056999,26.190426704455994,11.594642575972287,6.910380186149235,9.075948669500866,7.737984283625732
2017-12-19,37.06017075857727,26.187976078061066,11.593889675794776,6.911368653421634,9.076857097891091,7.7448430083972255
2017-12-20,37.05972681467485,26.185703038891514,11.59417020941584,6.910380186149235,9.078310502283104,7.7448430083972255
2017-12-21,37.05783734844906,26.18050700677059,11.593934026137616,6.911799968449282,9.079727601952449,7.748404449307076
2017-12-22,37.05783734844906,26.18050700677059,11.593934026137616,6.911799968449282,9.079727601952449,7.748404449307076
2017-12-23,37.054530782553925,26.175665249567,11.593815934498505,6.912628174790976,9.081853251456463,7.753597449908925
2017-12-24,37.054530782553925,26.175665249567,11.593815934498505,6.912628174790976,9.081853251456463,7.753597449908925
2017-12-25,37.054530782553925,26.175665249567,11.593815934498505,6.912628174790976,9.081853251456463,7.753597449908925
2017-12-26,37.054530782553925,26.175665249567,11.593815934498505,6.912628174790976,9.081853251456463,7.753597449908925
2017-12-27,37.052641316328135,26.169524484333177,11.593815934498505,6.912628174790976,9.084215084238702,7.75823326055313
2017-12-28,37.051721014492756,26.167241650913677,11.594096565847511,6.91211332070707,9.085672652804032,7.75823326055313
2017-12-29,37.051721014492756,26.167241650913677,11.594096565847511,6.91211332070707,9.085672652804032,7.75823326055313
2017-12-30,37.05032702915682,26.164011032308906,11.594377462568952,6.912071687983578,9.088077226162332,7.75823326055313
2017-12-31,37.05032702915682,26.164011032308906,11.594377462568952,6.912071687983578,9.088077226162332,7.75823326055313
2018-01-01,37.05032702915682,26.164011032308906,11.594377462568952,6.912071687983578,9.088077226162332,7.75823326055313
2018-01-02,37.0481765910523,26.16086168872086,11.59362397605545,6.913533775252525,9.088980781348456,7.763949472918939
2018-01-03,37.04534105229994,26.154718021424074,11.59362397605545,6.91400726010101,9.090871140516699,7.770742556281772
2018-01-04,37.042032923755514,26.14999212350347,11.59362397605545,6.91495422979798,9.09228890989288,7.776432716721074
2018-01-05,37.042032923755514,26.14999212350347,11.59362397605545,6.91495422979798,9.09228890989288,7.776432716721074
2018-01-06,37.03848850031506,26.1447936357908,11.594332860743542,6.915664457070707,9.093942974165092,7.781023550724638
2018-01-07,37.03705321996536,26.141891040780983,11.594524484333176,6.9166508913077775,9.093898598645882,7.783432862830257
2018-01-08,37.03443893610324,26.138755114888262,11.593771639911866,6.918109429202144,9.09479855209317,7.789633044107014
2018-01-09,37.03443893610324,26.138755114888262,11.593771639911866,6.918109429202144,9.09479855209317,7.789633044107014
2018-01-10,37.033510470792,26.135986458825386,11.594052117776728,6.917597412841142,9.096732797984568,7.789633044107014
2018-01-11,37.032415721487084,26.133900441083806,11.594356490233144,6.916990214646464,9.098196282293635,7.789633044107014
2018-01-12,37.03101260835304,26.131126871552404,11.594637509850276,6.916477183009632,9.099661150512214,7.789633044107014
2018-01-13,37.02817572892042,26.125925925925927,11.594637509850276,6.916950892152218,9.101552403467297,7.795278078728783
2018-01-14,37.02817572892042,26.125925925925927,11.594637509850276,6.916950892152218,9.101552403467297,7.795278078728783
2018-01-15,37.02591761184625,26.122676433522372,11.594356490233144,6.918055555555555,9.102095148078135,7.8003697691197695
2018-01-16,37.02591761184625,26.122676433522372,11.594356490233144,6.918055555555555,9.102095148078135,7.8003697691197695
2018-01-17,37.02451142631994,26.11942474389283,11.595110323089047,6.918016737723038,9.104034672970842,7.8003697691197695
2018-01-18,37.02167454688732,26.11327817178881,11.595583136327816,6.918490446865624,9.105925925925925,7.80490990990991
2018-01-19,37.01931048069346,26.106658786446022,11.595583136327816,6.918964156008211,9.10828999211978,7.809440244780418
2018-01-20,37.01741099558917,26.104245431632012,11.594829080025205,6.919476010101009,9.108711405166982,7.815039554117225
2018-01-21,37.01598567154779,26.100417257124864,11.595020469217445,6.919987379712888,9.109132420091324,7.819549209770115
2018-01-22,37.01456169342147,26.096120553981745,11.595211677683348,6.920498265531378,9.110025180988353,7.825125583064227
2018-01-23,37.01195925751141,26.092299826962403,11.59445886424414,6.921954294720252,9.110917099260657,7.83176523297491
2018-01-24,37.01149276046585,26.088566257475605,11.595211677683348,6.9214443393251335,9.112858042178155,7.83176523297491
2018-01-25,37.00983561428347,26.085692936919934,11.59481280478213,6.922899921197793,9.112922762309266,7.83624239169352
2018-01-26,37.00983561428347,26.085692936919934,11.59481280478213,6.922899921197793,9.112922762309266,7.83624239169352
2018-01-27,37.00841588050315,26.082822327044028,11.594532232704402,6.923408947700063,9.113341194968553,7.840709942775394
2018-01-28,37.00841588050315,26.082822327044028,11.594532232704402,6.923408947700063,9.113341194968553,7.840709942775394
2018-01-29,37.006879616533084,26.07889360364608,11.59448766305202,6.924389859864588,9.113994970925663,7.846239728474456
2018-01-30,37.006879616533084,26.07889360364608,11.59448766305202,6.924389859864588,9.113994970925663,7.846239728474456
2018-01-31,37.00641116352202,26.075157232704402,11.595239779874214,6.923881537492123,9.115935534591195,7.846239728474456
2018-02-01,37.00452437106919,26.06761006289308,11.595239779874214,6.924826717076244,9.118294025157233,7.852828336902213
2018-02-02,37.00169338362408,26.064277856357066,11.59637356592802,6.924862226421036,9.11918120383467,7.859402852049911
2018-02-03,36.99933600502908,26.05814867201006,11.595902090209021,6.925334592977483,9.121538582429672,7.8648949430199435
2018-02-04,36.99933600502908,26.05814867201006,11.595902090209021,6.925334592977483,9.121538582429672,7.8648949430199435
2018-02-05,36.996862236883445,26.05411561420044,11.596445962928055,6.92655020459553,9.121952560477537,7.871442547136251
2018-02-06,36.996862236883445,26.05411561420044,11.596445962928055,6.92655020459553,9.121952560477537,7.871442547136251
2018-02-07,36.996389281785326,26.04989784692755,11.597198648436272,6.926515509368603,9.123895961024674,7.871442547136251
2018-02-08,36.99356042747132,26.042354235423545,11.598141599874273,6.926987875925051,9.125781863900675,7.877976190476191
2018-02-09,36.990735940936226,26.03856424756519,11.598802230600063,6.9284387787220645,9.126193842287151,7.883430954916578
2018-02-10,36.98885092679862,26.03267357838517,11.598802230600063,6.929146994019515,9.127843229657556,7.887810283687943
2018-02-11,36.98885092679862,26.03267357838517,11.598802230600063,6.929146994019515,9.127843229657556,7.887810283687943
2018-02-12,36.985323441670594,26.028183388287015,11.59946223897001,6.93083215353154,9.128960590359554,7.895368402408785
2018-02-13,36.985323441670594,26.028183388287015,11.59946223897001,6.93083215353154,9.128960590359554,7.895368402408785
2018-02-14,36.985323441670594,26.028183388287015,11.59946223897001,6.93083215353154,9.128960590359554,7.895368402408785
2018-02-15,36.982968283875024,26.019704820222955,11.600639817867798,6.931304074248859,9.13178677971424,7.902910474168436
2018-02-16,36.9824890040842,26.015944077913918,11.600922871504869,6.931271639911866,9.133733898837574,7.902910474168436
2018-02-17,36.980368363179394,26.008639648130696,11.600922871504869,6.931743783443499,9.136561420043984,7.90884588193708
2018-02-18,36.980368363179394,26.008639648130696,11.600922871504869,6.931743783443499,9.136561420043984,7.90884588193708
2018-02-19,36.97802245250432,26.003689747213066,11.601581880986027,6.932719836400818,9.137439158423614,7.917417019774011
2018-02-20,36.97802245250432,26.003689747213066,11.601581880986027,6.932719836400818,9.137439158423614,7.917417019774011
2018-02-21,36.97802245250432,26.003689747213066,11.601581880986027,6.932719836400818,9.137439158423614,7.917417019774011
2018-02-22,36.97615402731983,25.996216046475116,11.60203721149317,6.933097372974673,9.139778615167216,7.923853615520282
2018-02-23,36.974046610169495,25.992098242310107,11.602224576271187,6.934308176100629,9.14030131826742,7.929748062015504
2018-02-24,36.97169256120527,25.985036095417453,11.602459981167609,6.935487421383648,9.142655367231638,7.936158042942626
2018-02-25,36.97169256120527,25.985036095417453,11.602459981167609,6.935487421383648,9.142655367231638,7.936158042942626
2018-02-26,36.96958823529412,25.980101960784314,11.60264705882353,6.936460788936037,9.144,7.944664205344585
2018-02-27,36.96958823529412,25.980101960784314,11.60264705882353,6.936460788936037,9.144,7.944664205344585
2018-02-28,36.96958823529412,25.980101960784314,11.60264705882353,6.936460788936037,9.144,7.944664205344585
2018-03-01,36.96770588235294,25.97257254901961,11.60264705882353,6.936932264655037,9.146117647058823,7.952098700386372
2018-03-02,36.96770588235294,25.97257254901961,11.60264705882353,6.936932264655037,9.146117647058823,7.952098700386372
2018-03-03,36.96535294117647,25.965513725490197,11.603117647058824,6.937875216093038,9.148470588235295,7.958464912280702
2018-03-04,36.96535294117647,25.965513725490197,11.603117647058824,6.937875216093038,9.148470588235295,7.958464912280702
2018-03-05,36.963722953904046,25.961296644716214,11.603304327375353,6.939082626453032,9.149106302916275,7.96481773571679
2018-03-06,36.963722953904046,25.961296644716214,11.603304327375353,6.939082626453032,9.149106302916275,7.96481773571679
2018-03-07,36.963722953904046,25.961296644716214,11.603304327375353,6.939082626453032,9.149106302916275,7.96481773571679
2018-03-08,36.962529411764706,25.957749019607842,11.603823529411764,6.939053905390539,9.151294117647058,7.96481773571679
2018-03-09,36.962529411764706,25.957749019607842,11.603823529411764,6.939053905390539,9.151294117647058,7.96481773571679
2018-03-10,36.95923529411765,25.952101960784315,11.60429411764706,6.939525381109539,9.153647058823529,7.970106792717087
2018-03-11,36.957843367826904,25.948361555346505,11.604950611476951,6.940496387056236,9.154045155221073,7.97433543196922
2018-03-12,36.957843367826904,25.948361555346505,11.604950611476951,6.940496387056236,9.154045155221073,7.97433543196922
2018-03-13,36.955512458862245,25.944389594107506,11.604666196520922,6.9417019940336,9.155383168782322,7.981699860237597
2018-03-14,36.954080432737534,25.94107086861085,11.605420978363123,6.941203267357839,9.157808090310443,7.981699860237597
2018-03-15,36.953541176470594,25.938007843137257,11.605682352941177,6.94075121797894,9.159600000000001,7.981699860237597
2018-03-16,36.9512111947319,25.93474443399185,11.605867826904987,6.9417216462456794,9.16046566321731,7.98695462478185
2018-03-17,36.948153809971785,25.92862966447162,11.605867826904987,6.942428526547282,9.162817497648167,7.992721408647141
2018-03-18,36.948153809971785,25.92862966447162,11.605867826904987,6.942428526547282,9.162817497648167,7.992721408647141
2018-03-19,36.948153809971785,25.92862966447162,11.605867826904987,6.942428526547282,9.162817497648167,7.992721408647141
2018-03-20,36.944390874882416,25.921338977735967,11.6056326434619,6.943842287150487,9.166110065851365,8.000043538836643
2018-03-21,36.94300658204044,25.91808493966463,11.605347907851435,6.94528183388287,9.166502115655854,8.004740779401532
2018-03-22,36.93971556182417,25.911267826359506,11.606288199341796,6.946223897001098,9.16908791725435,8.009949600278068
2018-03-23,36.93971556182417,25.911267826359506,11.606288199341796,6.946223897001098,9.16908791725435,8.009949600278068
2018-03-24,36.93548425011754,25.90515593167215,11.607228490832158,6.947401475898885,9.171673718852846,8.015668402777779
2018-03-25,36.93548425011754,25.90515593167215,11.607228490832158,6.947401475898885,9.171673718852846,8.015668402777779
2018-03-26,36.93339990601504,25.900971177944864,11.606708176691729,6.948838669177651,9.173002819548874,8.022936177592786
2018-03-27,36.93339990601504,25.900971177944864,11.606708176691729,6.948838669177651,9.173002819548874,8.022936177592786
2018-03-28,36.93339990601504,25.900971177944864,11.606708176691729,6.948838669177651,9.173002819548874,8.022936177592786
2018-03-29,36.93101786553832,25.89810374549444,11.607933709449929,6.948814570576228,9.175199811941702,8.022936177592786
2018-03-30,36.93101786553832,25.89810374549444,11.607933709449929,6.948814570576228,9.175199811941702,8.022936177592786
2018-03-31,36.9265514809591,25.891991850807084,11.608874000940292,6.9499921494740144,9.177785613540198,8.02759009009009
2018-04-01,36.9265514809591,25.891991850807084,11.608874000940292,6.9499921494740144,9.177785613540198,8.02759009009009
2018-04-02,36.9265514809591,25.891991850807084,11.608874000940292,6.9499921494740144,9.177785613540198,8.02759009009009
2018-04-03,36.92423637218045,25.888283208020052,11.60811795112782,6.951428123038292,9.179111842105264,8.034830391138803
2018-04-04,36.92423637218045,25.888283208020052,11.60811795112782,6.951428123038292,9.179111842105264,8.034830391138803
2018-04-05,36.919537124060156,25.881939223057646,11.609762687969924,6.952369742623979,9.181461466165414,8.041018326417705
2018-04-06,36.919537124060156,25.881939223057646,11.609762687969924,6.952369742623979,9.181461466165414,8.041018326417705
2018-04-07,36.91436795112782,25.8765350877193,11.61046757518797,6.953546767106088,9.18404605263158,8.046157167530225
2018-04-08,36.91436795112782,25.8765350877193,11.61046757518797,6.953546767106088,9.18404605263158,8.046157167530225
2018-04-09,36.91436795112782,25.8765350877193,11.61046757518797,6.953546767106088,9.18404605263158,8.046157167530225
2018-04-10,36.91182480037577,25.87260059495851,11.610415688116486,6.954509803921568,9.185368717707846,8.053873360938578
2018-04-11,36.91182480037577,25.87260059495851,11.610415688116486,6.954509803921568,9.185368717707846,8.053873360938578
2018-04-12,36.90896381578948,25.87042606516291,11.611579730576441,6.954362837413685,9.187319862155388,8.053873360938578
2018-04-13,36.904734492481204,25.86525689223058,11.61298950501253,6.954362837413685,9.189669486215537,8.058988279903481
2018-04-14,36.90050516917294,25.859617794486216,11.613929354636591,6.955539861895794,9.192254072681703,8.064092630853995
2018-04-15,36.90050516917294,25.859617794486216,11.613929354636591,6.955539861895794,9.192254072681703,8.064092630853995
2018-04-16,36.90050516917294,25.859617794486216,11.613929354636591,6.955539861895794,9.192254072681703,8.064092630853995
2018-04-17,36.897968529826215,25.856160951933617,11.613875841553154,6.956501960784314,9.193103178330984,8.07125042999656
2018-04-18,36.8936912593985,25.8546835839599,11.615104166666667,6.956481481481481,9.195543546365913,8.07125042999656
2018-04-19,36.88805216165414,25.84857456140351,11.616513941102756,6.957893910860012,9.197893170426065,8.078393470790378
2018-04-20,36.88805216165414,25.84857456140351,11.616513941102756,6.957893910860012,9.197893170426065,8.078393470790378
2018-04-21,36.88622592766558,25.844888053859403,11.616694066071707,6.958854901960784,9.198739627368091,8.08346206659801
2018-04-22,36.88622592766558,25.844888053859403,11.616694066071707,6.958854901960784,9.198739627368091,8.08346206659801
2018-04-23,36.88487089201878,25.841205007824726,11.617343505477308,6.959814989024772,9.199115805946791,8.087491426611797
2018-04-24,36.88234396996715,25.837525418426406,11.61752307211012,6.961009246199655,9.199726263100265,8.095109626584447
2018-04-25,36.876712810886914,25.83400594400125,11.61893086188018,6.961949537690017,9.201603316127013,8.099118754277892
2018-04-26,36.87242957746479,25.83251956181534,11.62016040688576,6.961931640012542,9.203575899843505,8.099118754277892
2018-04-27,36.870847020178324,25.829078679806038,11.620573283278585,6.962419683435198,9.204184264038792,8.1041452991453
2018-04-28,36.86521586109808,25.823682152354138,11.62221570467699,6.9633599749255595,9.20676521195057,8.109161543715848
2018-04-29,36.86521586109808,25.823682152354138,11.62221570467699,6.9633599749255595,9.20676521195057,8.109161543715848
2018-04-30,36.86340290806755,25.81954346466542,11.622158380237648,6.964317042606516,9.207371794871793,8.116726373251451
2018-05-01,36.86340290806755,25.81954346466542,11.622158380237648,6.964317042606516,9.207371794871793,8.116726373251451
2018-05-02,36.86340290806755,25.81954346466542,11.622158380237648,6.964317042606516,9.207371794871793,8.116726373251451
2018-05-03,36.85911543876115,25.818520256530583,11.623858126075394,6.963830120670741,9.20934615986235,8.116726373251451
2018-05-04,36.85529342723005,25.817026604068857,11.625089984350547,6.963813107557227,9.211322378716744,8.116726373251451
2018-05-05,36.85395354293759,25.813123729078683,11.625031284217112,6.9645353392885125,9.211692476145783,8.122230743012953
2018-05-06,36.85395354293759,25.813123729078683,11.625031284217112,6.9645353392885125,9.211692476145783,8.122230743012953
2018-05-07,36.85395354293759,25.813123729078683,11.625031284217112,6.9645353392885125,9.211692476145783,8.122230743012953
2018-05-08,36.85191135084428,25.808989993746092,11.624972639149467,6.965256892230576,9.212296747967478,8.129766768811713
2018-05-09,36.846282833020645,25.803361475922454,11.626379768605378,6.965726817042606,9.21464196372733,8.136777210884354
2018-05-10,36.84198732989207,25.80233067417488,11.628081495385578,6.965710703651465,9.216619740340997,8.136777210884354
2018-05-11,36.84198732989207,25.80233067417488,11.628081495385578,6.965710703651465,9.216619740340997,8.136777210884354
2018-05-12,36.837294697325206,25.79623025183795,11.629723916783982,6.966650995141827,9.218966056624431,8.142244308528712
2018-05-13,36.837294697325206,25.79623025183795,11.629723916783982,6.966650995141827,9.218966056624431,8.142244308528712
2018-05-14,36.835260318949345,25.792104440275175,11.629663070669167,6.967136591478696,9.219801438399,8.149736931432452
2018-05-15,36.835260318949345,25.792104440275175,11.629663070669167,6.967136591478696,9.219801438399,8.149736931432452
2018-05-16,36.831428906616615,25.790599092757706,11.6308970749257,6.9671211408870075,9.221781636164554,8.149736931432452
2018-05-17,36.82611058970749,25.785390270608477,11.632257938370092,6.967669644256386,9.224112310339434,8.154840623940318
2018-05-18,36.82478502188868,25.782676672920573,11.632430425265792,6.968154761904762,9.224007191994996,8.160780826558264
2018-05-19,36.81962554721701,25.77681363352095,11.633603033145716,6.969564536340852,9.22611788617886,8.166201353637902
2018-05-20,36.81962554721701,25.77681363352095,11.633603033145716,6.969564536340852,9.22611788617886,8.166201353637902
2018-05-21,36.81962554721701,25.77681363352095,11.633603033145716,6.969564536340852,9.22611788617886,8.166201353637902
2018-05-22,36.81962554721701,25.77681363352095,11.633603033145716,6.969564536340852,9.22611788617886,8.166201353637902
2018-05-23,36.81376250781739,25.770950594121324,11.63477564102564,6.970034461152882,9.228463101938711,8.173639283299526
2018-05-24,36.80945174409511,25.769904583137805,11.636481307680276,6.970020372982291,9.230447364304707,8.173639283299526
2018-05-25,36.80945174409511,25.769904583137805,11.636481307680276,6.970020372982291,9.230447364304707,8.173639283299526
2018-05-26,36.80405521664321,25.76403879242922,11.63812372907868,6.970960664472654,9.23326294384483,8.179542384329618
2018-05-27,36.80227095059412,25.760397123202,11.638762507817386,6.971444235588972,9.233622576610381,8.184421390013496
2018-05-28,36.80227095059412,25.760397123202,11.638762507817386,6.971444235588972,9.233622576610381,8.184421390013496
2018-05-29,36.80001953430224,25.75629004531958,11.638697452726989,6.971927352434633,9.234919518674792,8.191818335018537
2018-05-30,36.79617338961851,25.75476860537836,11.64040415884928,6.971444235588972,9.23690587867417,8.191818335018537
2018-05-31,36.792323635226026,25.75324573752542,11.641173940247146,6.971430810217834,9.239363366181761,8.191818335018537
2018-06-01,36.792323635226026,25.75324573752542,11.641173940247146,6.971430810217834,9.239363366181761,8.191818335018537
2018-06-02,36.79054487179487,25.74960913070669,11.641576766729205,6.9716791979949875,9.239954659161976,8.197685185185184
2018-06-03,36.79054487179487,25.74960913070669,11.641576766729205,6.9716791979949875,9.239954659161976,8.197685185185184
2018-06-04,36.7882989529614,25.745507110486013,11.641275980621973,6.972162204477846,9.241014220972026,8.205558358560376
2018-06-05,36.7882989529614,25.745507110486013,11.641275980621973,6.972162204477846,9.241014220972026,8.205558358560376
2018-06-06,36.7882989529614,25.745507110486013,11.641275980621973,6.972162204477846,9.241014220972026,8.205558358560376
2018-06-07,36.78444731081926,25.74444965603502,11.642983896185116,6.9716791979949875,9.243003439649781,8.205558358560376
2018-06-08,36.7826730739178,25.741756524456946,11.643620096890139,6.972162204477846,9.243358337240194,8.210391465053764
2018-06-09,36.77728160650101,25.736833880293794,11.644557743397407,6.972397056521059,9.24640568838881,8.215718361866397
2018-06-10,36.77728160650101,25.736833880293794,11.644557743397407,6.972397056521059,9.24640568838881,8.215718361866397
2018-06-11,36.77728160650101,25.736833880293794,11.644557743397407,6.972397056521059,9.24640568838881,8.215718361866397
2018-06-12,36.774574351765075,25.732739768822242,11.644255701343331,6.972879499217528,9.247696032489847,8.223549631120054
2018-06-13,36.774574351765075,25.732739768822242,11.644255701343331,6.972879499217528,9.247696032489847,8.223549631120054
2018-06-14,36.76811933770696,25.727749140893472,11.645919243986254,6.972738654147105,9.250226491721337,8.23036013400335
2018-06-15,36.76811933770696,25.727749140893472,11.645919243986254,6.972738654147105,9.250226491721337,8.23036013400335
2018-06-16,36.76218369259606,25.722282099343957,11.647012652296157,6.973677621283255,9.252725710715401,8.236487617135207
2018-06-17,36.76218369259606,25.722282099343957,11.647012652296157,6.973677621283255,9.252725710715401,8.236487617135207
2018-06-18,36.75785278949836,25.72074542897328,11.648722456633848,6.973195553467982,9.255188310673542,8.236487617135207
2018-06-19,36.74988279418659,25.715588373183312,11.650597749648382,6.973665257554408,9.258470073448976,8.244274490137077
2018-06-20,36.74425691514299,25.71230661040788,11.652004219409282,6.97390010959762,9.260579778090326,8.249039746158983
2018-06-21,36.74425691514299,25.71230661040788,11.652004219409282,6.97390010959762,9.260579778090326,8.249039746158983
2018-06-22,36.74425691514299,25.71230661040788,11.652004219409282,6.97390010959762,9.260579778090326,8.249039746158983
2018-06-23,36.73722456633849,25.706915142991097,11.653879512423815,6.9753092218568975,9.262923894358494,8.256798465131798
2018-06-24,36.73406747891284,25.702835051546394,11.65451030927835,6.976259780907669,9.26326929084661,8.263541666666667
2018-06-25,36.73406747891284,25.702835051546394,11.65451030927835,6.976259780907669,9.26326929084661,8.263541666666667
2018-06-26,36.7304449648712,25.69992974238876,11.654203747072598,6.977209447833569,9.264082747853239,8.271270396270396
2018-06-27,36.72341920374707,25.695245901639346,11.656545667447306,6.978147974346943,9.265487900078064,8.276987691284099
2018-06-28,36.717666354264296,25.694165885660734,11.658259137769447,6.978137715179969,9.26795532646048,8.276987691284099
2018-06-29,36.7101686972821,25.68947985004686,11.660602155576381,6.979076682316119,9.270766947828802,8.28269358590894
2018-06-30,36.70772833723653,25.685878220140516,11.660761124121779,6.980259659002034,9.27087431693989,8.288886122177955
2018-07-01,36.70243673851921,25.684793814432993,11.66247656982193,6.980719874804382,9.272407060293657,8.288886122177955
2018-07-02,36.70243673851921,25.684793814432993,11.66247656982193,6.980719874804382,9.272407060293657,8.288886122177955
2018-07-03,36.698829039812644,25.681662763466043,11.662634660421546,6.981667448772095,9.273216237314598,8.297056384742952
2018-07-04,36.698829039812644,25.681662763466043,11.662634660421546,6.981667448772095,9.273216237314598,8.297056384742952
2018-07-05,36.689929742388756,25.676978922716632,11.665444964871194,6.982605975285469,9.275089773614363,8.304713386348574
2018-07-06,36.689929742388756,25.676978922716632,11.665444964871194,6.982605975285469,9.275089773614363,8.304713386348574
2018-07-07,36.68266978922717,25.671358313817333,11.667318501170959,6.983779133427187,9.276963309914128,8.312851704733532
2018-07-08,36.677366447985,25.67073570759138,11.66903701968135,6.98377151799687,9.27849890659169,8.312851704733532
2018-07-09,36.67377049180328,25.666674473067918,11.669192037470726,6.984952291568904,9.279305230288836,8.321965939153438
2018-07-10,36.67377049180328,25.666674473067918,11.669192037470726,6.984952291568904,9.279305230288836,8.321965939153438
2018-07-11,36.669400187441425,25.665581068416124,11.670911433926896,6.984945226917058,9.279904717275851,8.321965939153438
2018-07-12,36.66098875351453,25.660801312089973,11.672738987816308,6.985625978090767,9.282294595438923,8.330566567558638
2018-07-13,36.65833723653396,25.6572131147541,11.673829039812647,6.985632723291101,9.283099141295862,8.337169966996699
2018-07-14,36.65545411985019,25.653394194756554,11.674215823970037,6.986577548467793,9.283200686641697,8.344749423013518
2018-07-15,36.65154566744731,25.652763466042156,11.675936768149883,6.9865712498044745,9.283333333333331,8.344749423013518
2018-07-16,36.64796348314607,25.64871254681648,11.676556647940075,6.987750156347718,9.283668851435705,8.353796113306982
2018-07-17,36.64508656995788,25.64606925596631,11.676708001871782,6.988927957493359,9.28353610981126,8.360357025337281
2018-07-18,36.64508656995788,25.64606925596631,11.676708001871782,6.988927957493359,9.28353610981126,8.360357025337281
2018-07-19,36.63930243445693,25.645903558052435,11.678897471910112,6.989391807379613,9.283668851435705,8.360357025337281
2018-07-20,36.634918032786885,25.64480093676815,11.680620608899297,6.989386829344596,9.285206869633098,8.360357025337281
2018-07-21,36.62836065573771,25.640819672131148,11.682259953161592,6.990090724229627,9.28590944574551,8.36690499671269
2018-07-22,36.62396907216495,25.640182755388942,11.683985473289598,6.9900860719874816,9.286043423930021,8.36690499671269
2018-07-23,36.62396907216495,25.640182755388942,11.683985473289598,6.9900860719874816,9.286043423930021,8.36690499671269
2018-07-24,36.620398126463705,25.636604215456675,11.684133489461358,6.991029250743001,9.286612021857922,8.375903119868637
2018-07-25,36.615534208059984,25.636433926897844,11.686328491096532,6.991494522691706,9.285809122149328,8.375903119868637
2018-07-26,36.612435597189695,25.632857142857144,11.68788056206089,6.991967777256375,9.285206869633098,8.383407152230971
2018-07-27,36.60897375820056,25.632216494845363,11.689608716026243,6.991964006259781,9.284871915026553,8.383407152230971
2018-07-28,36.606112412177986,25.62864168618267,11.690456674473069,6.9929063037697485,9.284972677595627,8.389421501147165
2018-07-29,36.602647610121835,25.628467666354265,11.691717432052483,6.992902973395932,9.284169009684472,8.389421501147165
2018-07-30,36.602647610121835,25.628467666354265,11.691717432052483,6.992902973395932,9.284169009684472,8.389421501147165
2018-07-31,36.59908665105387,25.624894613583137,11.691861826697892,6.993844830283123,9.284738485558156,8.39837098886706
2018-08-01,36.592997658079625,25.620210772833726,11.6942037470726,6.995252620053184,9.284270101483216,8.405830879947661
2018-08-02,36.58456674473068,25.616463700234192,11.697950819672132,6.995721883309871,9.283801717408274,8.414256535947711
2018-08-03,36.58156044985942,25.615815370196813,11.699683692596064,6.995719874804383,9.282997500781004,8.414256535947711
2018-08-04,36.5752343017807,25.61159793814433,11.702026710402999,6.9966588419405324,9.283466104342391,8.420217107411034
2018-08-05,36.57222222222222,25.610478199718706,11.703762306610408,6.9966572725849385,9.282661353336458,8.420217107411034
2018-08-06,36.57222222222222,25.610478199718706,11.703762306610408,6.9966572725849385,9.282661353336458,8.420217107411034
2018-08-07,36.56914245548266,25.606443298969072,11.704135426429241,6.997363067292645,9.283466104342391,8.428612198303979
2018-08-08,36.56914245548266,25.606443298969072,11.704135426429241,6.997363067292645,9.283466104342391,8.428612198303979
2018-08-09,36.56472105016409,25.60578996718237,11.706340834505392,6.997361828714578,9.283130176590092,8.428612198303979
2018-08-10,36.55956399437412,25.601570557899674,11.709153774027191,6.997361828714578,9.282192530082824,8.436013359400455
2018-08-11,36.553703703703704,25.597116736990156,11.712435536802625,6.9983012368874284,9.281020471948741,8.441446940104166
2018-08-12,36.550680112570355,25.596458724202627,11.714176829268293,6.998300438596492,9.279745153220762,8.441446940104166
2018-08-13,36.550680112570355,25.596458724202627,11.714176829268293,6.998300438596492,9.279745153220762,8.441446940104166
2018-08-14,36.54714017815284,25.592662916080638,11.714545241443975,6.999475497103492,9.280551648695107,8.44979674796748
2018-08-15,36.54048288795124,25.589662447257385,11.7165611814346,6.9999452011899175,9.280457884044383,8.45569363222872
2018-08-16,36.536749530956854,25.589000938086304,11.718304409005627,6.999945175438597,9.28012038774234,8.45569363222872
2018-08-17,36.53418582824965,25.588338808071327,11.719580009385265,6.999945149663063,9.278844048177694,8.45569363222872
2018-08-18,36.52808540591272,25.584115438761145,11.722395588925387,7.000885441153425,9.278140153292664,8.461579032781565
2018-08-19,36.52808540591272,25.584115438761145,11.722395588925387,7.000885441153425,9.278140153292664,8.461579032781565
2018-08-20,36.52808540591272,25.584115438761145,11.722395588925387,7.000885441153425,9.278140153292664,8.461579032781565
2018-08-21,36.52408536585366,25.57985459662289,11.723229362101312,7.002294799498747,9.279416823014385,8.468912127107652
2018-08-22,36.52408536585366,25.57985459662289,11.723229362101312,7.002294799498747,9.279416823014385,8.468912127107652
2018-08-23,36.517049718574114,25.57563320825516,11.726043621013133,7.002764724310778,9.278478736710444,8.477202785876255
2018-08-24,36.5144767714688,25.574495541999063,11.727792116377287,7.002766024134149,9.27720162677929,8.477202785876255
2018-08-25,36.508845612388555,25.570741435945564,11.73060769591741,7.00300109700674,9.276028468637573,8.482564724919094
2018-08-26,36.508845612388555,25.570741435945564,11.73060769591741,7.00300109700674,9.276028468637573,8.482564724919094
2018-08-27,36.508845612388555,25.570741435945564,11.73060769591741,7.00300109700674,9.276028468637573,8.482564724919094
2018-08-28,36.50485459662289,25.566486866791745,11.731437617260788,7.004409461152883,9.276602564102564,8.490341092790171
2018-08-29,36.50485459662289,25.566486866791745,11.731437617260788,7.004409461152883,9.276602564102564,8.490341092790171
2018-08-30,36.5015720319099,25.56628343500704,11.73342327545753,7.004176461369692,9.275324573752542,8.490341092790171
2018-08-31,36.496175504458,25.561825434068513,11.736238854997653,7.004881679987464,9.273447520725794,8.498586886304908
2018-09-01,36.49054434537776,25.55713280150164,11.739054434537776,7.005116752860054,9.27321288909745,8.505364633752823
2018-09-02,36.49054434537776,25.55713280150164,11.739054434537776,7.005116752860054,9.27321288909745,8.505364633752823
2018-09-03,36.48679643527205,25.55265009380863,11.739880393996247,7.006289160401003,9.273553783614759,8.513579948420373
2018-09-04,36.48679643527205,25.55265009380863,11.739880393996247,7.006289160401003,9.273553783614759,8.513579948420373
2018-09-05,36.4837400281558,25.551032379164713,11.741635382449553,7.006292117223007,9.27321288909745,8.513579948420373
2018-09-06,36.477639605818865,25.54633974659784,11.744920225246362,7.006762262968188,9.272274362584076,8.520813204508856
2018-09-07,36.47528169014085,25.544953051643194,11.746443661971831,7.006765443712763,9.271463223787167,8.520813204508856
2018-09-08,36.469647887323944,25.539084507042254,11.749025821596243,7.007235810598934,9.271932707355242,8.526584620334619
2018-09-09,36.466580554250825,25.53745890089244,11.751256458431188,7.007239215686275,9.271590731172695,8.526584620334619
2018-09-10,36.466580554250825,25.53745890089244,11.751256458431188,7.007239215686275,9.271590731172695,8.526584620334619
2018-09-11,36.46284037558686,25.533450704225352,11.75219483568075,7.008176544371277,9.271815336463224,8.53451462552234
2018-09-12,36.4602630342884,25.532080789102867,11.753957256928135,7.007850980392157,9.27112102708627,8.53451462552234
2018-09-13,36.457659774436095,25.52998120300752,11.755721334586466,7.007854676710609,9.27124843358396,8.53451462552234
2018-09-14,36.45202067669173,25.52575187969925,11.759950657894736,7.007854676710609,9.26983865914787,8.540743416827231
2018-09-15,36.445911654135344,25.52058270676692,11.762535244360901,7.0080900816070315,9.27077850877193,8.545997754250882
2018-09-16,36.445911654135344,25.52058270676692,11.762535244360901,7.0080900816070315,9.27077850877193,8.545997754250882
2018-09-17,36.44217942696102,25.516580554250822,11.763116486613432,7.009027450980392,9.271355879129482,8.554607371794871
2018-09-18,36.43677782996713,25.51211836542978,11.765699859088773,7.00926274509804,9.271355879129482,8.560798911303234
2018-09-19,36.43421052631579,25.510502819548876,11.767445958646617,7.008866917765223,9.27094298245614,8.560798911303234
2018-09-20,36.43024894316581,25.506505401596996,11.768964302489431,7.009803921568627,9.271285423516517,8.569857645553423
2018-09-21,36.423438233912634,25.49992954438704,11.772017379051197,7.01121568627451,9.271989979646156,8.57841962288271
2018-09-22,36.416392672616254,25.493823391263508,11.775305307656177,7.011686274509804,9.27316423986222,8.585049489144316
2018-09-23,36.413063909774436,25.492598684210527,11.777220394736842,7.011315128688011,9.272775689223058,8.585049489144316
2018-09-24,36.40864255519023,25.488139971817755,11.77849929544387,7.012721568627452,9.273821825583216,8.594059011164275
2018-09-25,36.40554511278196,25.486019736842106,11.780744830827068,7.012256748273698,9.274420426065163,8.594059011164275
2018-09-26,36.40291490362012,25.48389750822755,11.782992477668076,7.012262521588947,9.274079297915687,8.594059011164275
2018-09-27,36.3984962406015,25.479440789473685,11.784504229323307,7.013198367859386,9.274420426065163,8.60305130656469
2018-09-28,36.39168233082707,25.47262687969925,11.789203477443609,7.013904582548651,9.274655388471178,8.610116205030245
2018-09-29,36.38470394736842,25.465671992481205,11.793174342105264,7.014846202134338,9.275430764411027,8.617167620865139
2018-09-30,36.38159379407617,25.463070051716034,11.795427832628114,7.0148531951640765,9.275560257013007,8.617167620865139
2018-10-01,36.37671522556391,25.458623120300754,11.79669877819549,7.016258631512869,9.276605576441103,8.626588814744201
2018-10-02,36.374071462153275,25.455547719793138,11.798483779971791,7.01626628984142,9.27720576712114,8.626588814744201
2018-10-03,36.374071462153275,25.455547719793138,11.798483779971791,7.01626628984142,9.27720576712114,8.626588814744201
2018-10-04,36.371425211665105,25.451999059266228,11.80074082784572,7.0165095821552,9.277571338977735,8.626588814744201
2018-10-05,36.36901176470589,25.448211764705885,11.803,7.0166352349520675,9.277819607843137,8.626588814744201
2018-10-06,36.36254117647059,25.44028235294118,11.80765882352941,7.017578186390068,9.278549019607842,8.63265873015873
2018-10-07,36.360593220338984,25.436016949152545,11.80992231638418,7.017586477987422,9.279150973006905,8.63265873015873
2018-10-08,36.360593220338984,25.436016949152545,11.80992231638418,7.017586477987422,9.279150973006905,8.63265873015873
2018-10-09,36.35306026365349,25.42754237288136,11.813453389830508,7.019237421383648,9.281034212178279,8.641571519188075
2018-10-10,36.35047103155912,25.423881300047103,11.815673575129534,7.019364480100677,9.281519861830741,8.641571519188075
2018-10-11,36.34583333333333,25.4189736346516,11.817879001883238,7.020770440251573,9.281858129315756,8.649516793409378
2018-10-12,36.34583333333333,25.4189736346516,11.817879001883238,7.020770440251573,9.281858129315756,8.649516793409378
2018-10-13,36.3390065913371,25.4114406779661,11.82305790960452,7.02124213836478,9.28256434400502,8.655072807850585
2018-10-14,36.3390065913371,25.4114406779661,11.82305790960452,7.02124213836478,9.28256434400502,8.655072807850585
2018-10-15,36.3390065913371,25.4114406779661,11.82305790960452,7.02124213836478,9.28256434400502,8.655072807850585
2018-10-16,36.33437647058824,25.40654117647059,11.82549411764706,7.022410812509823,9.283137254901959,8.663938962681847
2018-10-17,36.33437647058824,25.40654117647059,11.82549411764706,7.022410812509823,9.283137254901959,8.663938962681847
2018-10-18,36.32998588899341,25.402351834430856,11.827928033866415,7.023696198554823,9.283004076513013,8.670418641390205
2018-10-19,36.32598777046096,25.393179680150517,11.83357243650047,7.02275369148602,9.283239259956098,8.677359532828282
2018-10-20,36.32081373471308,25.38353715898401,11.839216839134524,7.023460571787623,9.283944810285355,8.683341217281614
2018-10-21,36.32081373471308,25.38353715898401,11.839216839134524,7.023460571787623,9.283944810285355,8.683341217281614
2018-10-22,36.32081373471308,25.38353715898401,11.839216839134524,7.023460571787623,9.283944810285355,8.683341217281614
2018-10-23,36.315961448048895,25.378655383168784,11.84258345086977,7.024391584236144,9.284516533458705,8.69120195337114
2018-10-24,36.315961448048895,25.378655383168784,11.84258345086977,7.024391584236144,9.284516533458705,8.69120195337114
2018-10-25,36.31611006585137,25.374600188146754,11.844390874882407,7.0225180647188195,9.285120727500782,8.69120195337114
2018-10-26,36.31625882352942,25.37054117647059,11.8462,7.021585730001572,9.285254901960784,8.69120195337114
2018-10-27,36.310936030103484,25.365428033866415,11.850270460959548,7.02275369148602,9.285591094386954,8.697159269751337
2018-10-28,36.310936030103484,25.365428033866415,11.850270460959548,7.02275369148602,9.285591094386954,8.697159269751337
2018-10-29,36.30561824165491,25.360084626234134,11.854102021626703,7.02392055267703,9.286397116439428,8.704520440251573
2018-10-30,36.30561824165491,25.360084626234134,11.854102021626703,7.02392055267703,9.286397116439428,8.704520440251573
2018-10-31,36.30561824165491,25.360084626234134,11.854102021626703,7.02392055267703,9.286397116439428,8.704520440251573
2018-11-01,36.3057619943556,25.35602069614299,11.855914863593602,7.022046811184418,9.287002195045467,8.704520440251573
2018-11-02,36.305905882352945,25.35195294117647,11.857729411764705,7.020642778563571,9.287607843137254,8.704520440251573
2018-11-03,36.299788235294116,25.342305882352942,11.865023529411765,7.021585730001572,9.287843137254901,8.709511467169337
2018-11-04,36.299788235294116,25.342305882352942,11.865023529411765,7.021585730001572,9.287843137254901,8.709511467169337
2018-11-05,36.2942380056444,25.336735653809974,11.86837958607714,7.022989318253221,9.288648479147067,8.716847143753922
2018-11-06,36.2942380056444,25.336735653809974,11.86837958607714,7.022989318253221,9.288648479147067,8.716847143753922
2018-11-07,36.2942380056444,25.336735653809974,11.86837958607714,7.022989318253221,9.288648479147067,8.716847143753922
2018-11-08,36.29437647058824,25.332658823529414,11.8702,7.021585730001572,9.28878431372549,8.716847143753922
2018-11-09,36.289670588235296,25.32324705882353,11.876788235294118,7.021585730001572,9.289254901960783,8.721817184070241
2018-11-10,36.283552941176474,25.31383529411765,11.883847058823529,7.021585730001572,9.289725490196076,8.727717731829573
2018-11-11,36.279186265286924,25.3085136406397,11.889075729068674,7.0225180647188195,9.28958921291941,8.731729264475742
2018-11-12,36.274118476727786,25.30319699106723,11.892889045604138,7.023449521117915,9.289923209528286,8.739016572858036
2018-11-13,36.27330667920978,25.299106302916275,11.894720131702728,7.0225180647188195,9.291000313577923,8.739016572858036
2018-11-14,36.27390588235294,25.295011764705883,11.896082352941177,7.021585730001572,9.29113725490196,8.739016572858036
2018-11-15,36.26934117647059,25.28578823529412,11.902835294117645,7.02073707370737,9.291349019607843,8.74394720399875
2018-11-16,36.268997175141244,25.281685499058383,11.904672787193972,7.019803459119497,9.291486189579409,8.74394720399875
2018-11-17,36.26463529411765,25.276611764705883,11.909423529411765,7.020501335847871,9.291349019607843,8.748400436953807
2018-11-18,36.26463529411765,25.276611764705883,11.909423529411765,7.020501335847871,9.291349019607843,8.748400436953807
2018-11-19,36.259571966133585,25.271542803386644,11.913229068673564,7.021669808356896,9.291682345562872,8.754716245712503
2018-11-20,36.259571966133585,25.271542803386644,11.913229068673564,7.021669808356896,9.291682345562872,8.754716245712503
2018-11-21,36.259571966133585,25.271542803386644,11.913229068673564,7.021669808356896,9.291682345562872,8.754716245712503
2018-11-22,36.25992941176471,25.26790588235294,11.914599999999998,7.020501335847871,9.291584313725489,8.754716245712503
2018-11-23,36.25569411764706,25.25849411764706,11.920717647058822,7.02002986012887,9.291584313725489,8.76148753894081
2018-11-24,36.25075294117647,25.248847058823532,11.92730588235294,7.02002986012887,9.291819607843136,8.766845627139745
2018-11-25,36.25075294117647,25.248847058823532,11.92730588235294,7.02002986012887,9.291819607843136,8.766845627139745
2018-11-26,36.24663687676388,25.243555973659454,11.9306326434619,7.020727301288093,9.292152712449044,8.773592972636814
2018-11-27,36.24663687676388,25.243555973659454,11.9306326434619,7.020727301288093,9.292152712449044,8.773592972636814
2018-11-28,36.247694117647065,25.239905882352943,11.932011764705882,7.0193226465503695,9.291819607843136,8.773592972636814
2018-11-29,36.244400000000006,25.23049411764706,11.938129411764704,7.018379695112369,9.291819607843136,8.77939577508543
2018-11-30,36.240870588235296,25.223670588235297,11.942835294117646,7.017908219393368,9.291349019607843,8.78379112352576
2018-12-01,36.23675917215429,25.218626528692383,11.946860301034807,7.018842287150487,9.290976795233615,8.789108527131782
2018-12-02,36.23675917215429,25.218626528692383,11.946860301034807,7.018842287150487,9.290976795233615,8.789108527131782
2018-12-03,36.23265162200283,25.21311706629055,11.949706158909262,7.020010990736379,9.291780285221751,8.79581009913259
2018-12-04,36.23265162200283,25.21311706629055,11.949706158909262,7.020010990736379,9.291780285221751,8.79581009913259
2018-12-05,36.23370178739417,25.209924741298213,11.951093603010348,7.017664153314484,9.291917529005957,8.79581009913259
2018-12-06,36.2307710390221,25.204654442877292,11.954877762106252,7.018126864499922,9.29131013947657,8.800642216032188
2018-12-07,36.227480018805835,25.195721673718854,11.961459802538785,7.017184801381693,9.290369847986208,8.80453772418058
2018-12-08,36.22418899858957,25.187259050305595,11.966161259990596,7.017184801381693,9.290369847986208,8.809352795798578
2018-12-09,36.22418899858957,25.187259050305595,11.966161259990596,7.017184801381693,9.290369847986208,8.809352795798578
2018-12-10,36.22149906015038,25.182236842105265,11.968996710526314,7.018118330194602,9.290233395989974,8.814158950617283
2018-12-11,36.22160319699107,25.17856135401975,11.970392571697225,7.016713769822578,9.290839993731389,8.814158950617283
2018-12-12,36.223353715898405,25.17535277516463,11.97178974600188,7.014365378573673,9.290506428347443,8.814158950617283
2018-12-13,36.22066290550071,25.17033380347908,11.975329102021625,7.015065159365678,9.290134775113618,8.81895621338267
2018-12-14,36.218782322519985,25.16140103432064,11.980030559473436,7.01318103312922,9.290134775113618,8.824668823166974
2018-12-15,36.216329887218045,25.156625939849626,11.983564379699247,7.013645637162586,9.289528508771928,8.828524161280393
2018-12-16,36.216329887218045,25.156625939849626,11.983564379699247,7.013645637162586,9.289528508771928,8.828524161280393
2018-12-17,36.216329887218045,25.156625939849626,11.983564379699247,7.013645637162586,9.289528508771928,8.828524161280393
2018-12-18,36.212940347581025,25.151855331141384,11.986390324095819,7.01481568627451,9.289627368091434,8.834217404674046
2018-12-19,36.21492011278196,25.148637218045113,11.987323778195488,7.012939422473321,9.289293546365913,8.834217404674046
2018-12-20,36.212406015037594,25.14097744360902,11.992492951127819,7.011597614563717,9.289082080200501,8.838978494623655
2018-12-21,36.212976022567,25.13681241184767,11.993899858956276,7.010189982728844,9.289217990910515,8.838978494623655
2018-12-22,36.20952828710233,25.127566212192445,11.99875803165648,7.010032972209139,9.289531421407302,8.84373081645181
2018-12-23,36.20952828710233,25.127566212192445,11.99875803165648,7.010032972209139,9.289531421407302,8.84373081645181
2018-12-24,36.20952828710233,25.127566212192445,11.99875803165648,7.010032972209139,9.289531421407302,8.84373081645181
2018-12-25,36.20952828710233,25.127566212192445,11.99875803165648,7.010032972209139,9.289531421407302,8.84373081645181
2018-12-26,36.21056757604264,25.124333646911253,12.000168548134212,7.008623939679548,9.288726873628097,8.84373081645181
2018-12-27,36.211137254901956,25.121568627450976,12.001580392156862,7.006270627062706,9.288862745098038,8.84373081645181
2018-12-28,36.2112366603892,25.117388575015692,12.002993565599498,7.004858490566038,9.289469554300062,8.84373081645181
2018-12-29,36.2112366603892,25.117388575015692,12.002993565599498,7.004858490566038,9.289469554300062,8.84373081645181
2018-12-30,36.2112366603892,25.117388575015692,12.002993565599498,7.004858490566038,9.289469554300062,8.84373081645181
2018-12-31,36.2112366603892,25.117388575015692,12.002993565599498,7.004858490566038,9.289469554300062,8.84373081645181
2019-01-01,36.2112366603892,25.117388575015692,12.002993565599498,7.004858490566038,9.289469554300062,8.84373081645181
2019-01-02,36.2112366603892,25.117388575015692,12.002993565599498,7.004858490566038,9.289469554300062,8.84373081645181
2019-01-03,36.21227822264091,25.11367561626629,12.004408070340713,7.002973100519113,9.28960590359554,8.84373081645181
2019-01-04,36.20898100172711,25.104726016643113,12.008647354372743,7.002973100519113,9.290547966713769,8.848474394357558
2019-01-05,36.20662584393154,25.095776417019938,12.013828701523002,7.002265219443134,9.290783482493326,8.851371017156863
2019-01-06,36.20662584393154,25.095776417019938,12.013828701523002,7.002265219443134,9.290783482493326,8.851371017156863
2019-01-07,36.20662584393154,25.095776417019938,12.013828701523002,7.002265219443134,9.290783482493326,8.851371017156863
2019-01-08,36.2037037037037,25.091023226616446,12.01617623979912,7.00367924528302,9.291117388575016,8.85701714110805
2019-01-09,36.2037037037037,25.091023226616446,12.01617623979912,7.00367924528302,9.291117388575016,8.85701714110805
2019-01-10,36.20040803515379,25.083490269930945,12.021825957313245,7.002264150943397,9.291117388575016,8.861735474006116
2019-01-11,36.19758317639673,25.074544883866917,12.02747567482737,7.001320754716982,9.291117388575016,8.866445157347998
2019-01-12,36.1953725490196,25.069803921568624,12.030521568627451,7.002027345591703,9.290745098039215,8.870230463980464
2019-01-13,36.1953725490196,25.069803921568624,12.030521568627451,7.002027345591703,9.290745098039215,8.870230463980464
2019-01-14,36.191988084038876,25.064832235810595,12.033329413609282,7.003204524033931,9.291313891502037,8.87538121378469
2019-01-15,36.191988084038876,25.064832235810595,12.033329413609282,7.003204524033931,9.291313891502037,8.87538121378469
2019-01-16,36.191988084038876,25.064832235810595,12.033329413609282,7.003204524033931,9.291313891502037,8.87538121378469
2019-01-17,36.19203137254902,25.061474509803922,12.035039215686275,7.001744460160302,9.291278431372548,8.87538121378469
2019-01-18,36.19203137254902,25.061474509803922,12.035039215686275,7.001744460160302,9.291278431372548,8.87538121378469
2019-01-19,36.18958921291941,25.056741925368453,12.038080119159613,7.002450518378888,9.29090624020069,8.879151432053625
2019-01-20,36.18958921291941,25.056741925368453,12.038080119159613,7.002450518378888,9.29090624020069,8.879151432053625
2019-01-21,36.18714934963172,25.051308572324086,12.04158830904247,7.003626943005182,9.291004544742204,8.882914764079148
2019-01-22,36.18714934963172,25.051308572324086,12.04158830904247,7.003626943005182,9.291004544742204,8.882914764079148
2019-01-23,36.18494674185464,25.047290100250624,12.044388314536342,7.0043314500941625,9.2906328320802,8.886671228710462
2019-01-24,36.18142230576441,25.0390664160401,12.049792449874689,7.003625235404897,9.290867794486216,8.891332421756305
2019-01-25,36.178988570533896,25.033881321434162,12.053526694848912,7.0040941176470595,9.290731172694535,8.895074377656345
2019-01-26,36.17632237871675,25.02917057902973,12.057022691705791,7.005032925682032,9.29059467918623,8.898354564755838
2019-01-27,36.17632237871675,25.02917057902973,12.057022691705791,7.005032925682032,9.29059467918623,8.898354564755838
2019-01-28,36.17342405756296,25.024464257781947,12.059811512591898,7.0059708509637995,9.290927577037385,8.902992424242424
2019-01-29,36.17342405756296,25.024464257781947,12.059811512591898,7.0059708509637995,9.290927577037385,8.902992424242424
2019-01-30,36.17342405756296,25.024464257781947,12.059811512591898,7.0059708509637995,9.290927577037385,8.902992424242424
2019-01-31,36.17303599374022,25.021189358372457,12.061248043818468,7.004562558795861,9.291533646322378,8.902992424242424
2019-02-01,36.1717081571943,25.01838108658212,12.062685924534211,7.003623529411765,9.291670580867388,8.902992424242424
2019-02-02,36.16904538341158,25.01391236306729,12.06570813771518,7.004797742238947,9.291064162754305,8.907167726309416
2019-02-03,36.16904538341158,25.01391236306729,12.06570813771518,7.004797742238947,9.291064162754305,8.907167726309416
2019-02-04,36.16904538341158,25.01391236306729,12.06570813771518,7.004797742238947,9.291064162754305,8.907167726309416
2019-02-05,36.1648200312989,25.00616588419405,12.070168231611895,7.004562558795861,9.292237871674491,8.911789171203871
2019-02-06,36.1648200312989,25.00616588419405,12.070168231611895,7.004562558795861,9.292237871674491,8.911789171203871
2019-02-07,36.1644277438547,25.0033505558165,12.072080006262722,7.002682352941177,9.29284484108345,8.911789171203871
2019-02-08,36.16020040707687,24.995835290433693,12.077246751213403,7.002682352941177,9.29284484108345,8.914588999697793
2019-02-09,36.156207922342254,24.98785032096446,12.08194379207766,7.0029176470588235,9.293079693126664,8.91783665458937
2019-02-10,36.156207922342254,24.98785032096446,12.08194379207766,7.0029176470588235,9.293079693126664,8.91783665458937
2019-02-11,36.15308294209703,24.983395931142407,12.084956964006262,7.003621825023519,9.293646322378716,8.922435897435896
2019-02-12,36.15308294209703,24.983395931142407,12.084956964006262,7.003621825023519,9.293646322378716,8.922435897435896
2019-02-13,36.15221543760764,24.981509315797712,12.086405980898702,7.002211764705883,9.293314545169876,8.922435897435896
2019-02-14,36.147988100829814,24.974933458587756,12.092042429935809,7.0008,9.293314545169876,8.926122664255574
2019-02-15,36.14664786967418,24.971632205513785,12.093495457393486,7.000329566854991,9.293452380952381,8.926122664255574
2019-02-16,36.14352591200877,24.968357601377797,12.096269766713638,7.001270588235294,9.29284484108345,8.929351099066546
2019-02-17,36.14352591200877,24.968357601377797,12.096269766713638,7.001270588235294,9.29284484108345,8.929351099066546
2019-02-18,36.14064162754303,24.96508607198748,12.09763302034429,7.002210724365005,9.292942097026604,8.933927496991576
2019-02-19,36.13688575899843,24.958982785602505,12.102562597809078,7.000799623706492,9.292472613458528,8.938044785091673
2019-02-20,36.136010646625955,24.95661499921716,12.10401988413966,6.999858823529412,9.292609989040239,8.938044785091673
2019-02-21,36.13206513229998,24.95055581650227,12.10862298418663,6.998964705882353,9.292445592609988,8.940803303303303
2019-02-22,36.12783779552215,24.94210114294661,12.114259433223737,6.998964705882353,9.292445592609988,8.944456945694569
2019-02-23,36.122436198528256,24.93482072960701,12.119426178174418,6.999435294117648,9.292445592609988,8.9476543764988
2019-02-24,36.122436198528256,24.93482072960701,12.119426178174418,6.999435294117648,9.292445592609988,8.9476543764988
2019-02-25,36.122436198528256,24.93482072960701,12.119426178174418,6.999435294117648,9.292445592609988,8.9476543764988
2019-02-26,36.11932707355242,24.931564945226917,12.121013302034429,7.000611476952023,9.292308294209702,8.952193770589997
2019-02-27,36.11797400970721,24.929184280569906,12.12294895882261,6.999670588235294,9.291975888523563,8.952193770589997
2019-02-28,36.11327696884296,24.922138719273523,12.127645999686864,7.0001411764705885,9.292445592609988,8.956725014961101
2019-03-01,36.11145050125313,24.918812656641602,12.130055607769425,6.99967043314501,9.292583020050124,8.956725014961101
2019-03-02,36.108110223892275,24.915562862063567,12.131873336464695,7.0001411764705885,9.292915296696414,8.96124813153961
2019-03-03,36.104773082942096,24.91184663536776,12.13345461658842,7.001552210724365,9.293247261345853,8.966211170848267
2019-03-04,36.101908337243856,24.907664633192553,12.137146097293916,7.00249177244946,9.292640387924292,8.968031930766935
2019-03-05,36.101908337243856,24.907664633192553,12.137146097293916,7.00249177244946,9.292640387924292,8.968031930766935
2019-03-06,36.100078247261344,24.904804381846635,12.139088419405322,7.001552210724365,9.292777777777777,8.968031930766935
2019-03-07,36.09777673399091,24.90241114764365,12.141032566149994,7.000611764705883,9.29338500078284,8.968031930766935
2019-03-08,36.09547305764411,24.89954573934837,12.142978540100252,7.000141242937854,9.293992794486215,8.968031930766935
2019-03-09,36.09307969312666,24.895365586347268,12.145494754971036,7.00084705882353,9.293619852826053,8.971638342277876
2019-03-10,36.09307969312666,24.895365586347268,12.145494754971036,7.00084705882353,9.293619852826053,8.971638342277876
2019-03-11,36.09307969312666,24.895365586347268,12.145494754971036,7.00084705882353,9.293619852826053,8.971638342277876
2019-03-12,36.08861750430562,24.887380616878033,12.149956943792079,7.001788235294118,9.294089556912478,8.976578790586833
2019-03-13,36.08724937343358,24.884508145363405,12.151437186716793,7.00084745762712,9.29422775689223,8.976578790586833
2019-03-14,36.082080200501245,24.878869047619045,12.156136434837094,7.000376647834275,9.29469768170426,8.98017113095238
2019-03-15,36.07691102756892,24.872290100250623,12.161305607769425,6.999905838041432,9.29469768170426,8.982865001486767
2019-03-16,36.072211779448615,24.86453634085213,12.166004855889724,7.000376647834275,9.29516760651629,8.985999702911467
2019-03-17,36.072211779448615,24.86453634085213,12.166004855889724,7.000376647834275,9.29516760651629,8.985999702911467
2019-03-18,36.06912478471896,24.86037263190856,12.168510255205888,7.001317647058824,9.29502896508533,8.990909765509052
2019-03-19,36.06912478471896,24.86037263190856,12.168510255205888,7.001317647058824,9.29502896508533,8.990909765509052
2019-03-20,36.06912478471896,24.86037263190856,12.168510255205888,7.001317647058824,9.29502896508533,8.990909765509052
2019-03-21,36.06485047753249,24.85475966807578,12.173465633317678,7.000894117647059,9.294465320181619,8.993586892052194
2019-03-22,36.06300125313283,24.85234179197995,12.175426848370927,6.999952919020715,9.294603696741856,8.993586892052194
2019-03-23,36.05806704260652,24.845527882205513,12.180126096491229,6.999952919020715,9.29483865914787,8.996703703703703
2019-03-24,36.05806704260652,24.845527882205513,12.180126096491229,6.999952919020715,9.29483865914787,8.996703703703703
2019-03-25,36.05806704260652,24.845527882205513,12.180126096491229,6.999952919020715,9.29483865914787,8.996703703703703
2019-03-26,36.05545639580398,24.841138249569436,12.182624863002975,7.000894117647059,9.294700172224832,9.000703078744818
2019-03-27,36.05075935493972,24.835971504618758,12.18732190386723,7.000658823529411,9.294465320181619,9.003364389233955
2019-03-28,36.04653201816189,24.829865351495226,12.192018944731487,7.000188235294117,9.294465320181619,9.006907505910165
2019-03-29,36.044204260651625,24.827435776942355,12.193049028822056,6.99924670433145,9.295543546365915,9.006907505910165
2019-03-30,36.040895569124785,24.823289494285266,12.196011429466104,7.000423529411765,9.295169876311258,9.010001476232654
2019-03-31,36.040895569124785,24.823289494285266,12.196011429466104,7.000423529411765,9.295169876311258,9.010001476232654
2019-04-01,36.03782472613459,24.819381846635366,12.198501564945227,7.001834430856068,9.2947965571205,9.013974926253686
2019-04-02,36.03782472613459,24.819381846635366,12.198501564945227,7.001834430856068,9.2947965571205,9.013974926253686
2019-04-03,36.03690308439017,24.816948489118523,12.200003914200721,7.000894117647059,9.294935024268044,9.013974926253686
2019-04-04,36.03150148739628,24.811781744167842,12.204700955064975,7.000658823529411,9.295169876311258,9.017057176539934
2019-04-05,36.02916666666667,24.809813596491228,12.206206923558899,6.999717514124294,9.29577850877193,9.017057176539934
2019-04-06,36.023997493734335,24.80252976190476,12.21184602130326,7.000188323917137,9.296013471177945,9.019692285041224
2019-04-07,36.023997493734335,24.80252976190476,12.21184602130326,7.000188323917137,9.296013471177945,9.019692285041224
2019-04-08,36.023997493734335,24.80252976190476,12.21184602130326,7.000188323917137,9.296013471177945,9.019692285041224
2019-04-09,36.020698293408486,24.7981603256615,12.215034444966339,7.0016,9.295639580397683,9.024087967049132
2019-04-10,36.01929824561403,24.795715852130325,12.216545269423559,7.000659133709981,9.29577850877193,9.024087967049132
2019-04-11,36.017826359504774,24.793903776837485,12.218269080081493,6.998775317946302,9.295823538630309,9.024087967049132
2019-04-12,36.012184610562606,24.78779188215013,12.223440683278485,6.998304286387188,9.29629368437549,9.027594062316284
2019-04-13,36.007248080238206,24.78191506033537,12.227671994985112,6.99806877060763,9.29652875724808,9.030212922173273
2019-04-14,36.007248080238206,24.78191506033537,12.227671994985112,6.99806877060763,9.29652875724808,9.030212922173273
2019-04-15,36.004660087719294,24.777553258145364,12.230384555137846,6.999011299435028,9.296389411027569,9.034587734741784
2019-04-16,36.004660087719294,24.777553258145364,12.230384555137846,6.999011299435028,9.296389411027569,9.034587734741784
2019-04-17,36.00136997025207,24.773430405511192,12.234503679348677,6.999482352941176,9.29578049162361,9.03807534447376
2019-04-18,35.99714263347424,24.76896821669015,12.238731016126508,6.998541176470588,9.295310787537185,9.041117457527825
2019-04-19,35.99714263347424,24.76896821669015,12.238731016126508,6.998541176470588,9.295310787537185,9.041117457527825
2019-04-20,35.99103648035071,24.76286206356662,12.243428056990764,6.998541176470588,9.29578049162361,9.044593210418496
2019-04-21,35.99103648035071,24.76286206356662,12.243428056990764,6.998541176470588,9.29578049162361,9.044593210418496
2019-04-22,35.98728482003129,24.75921752738654,12.246600156494523,6.999482596425212,9.29517214397496,9.048062865497075
2019-04-23,35.98447520725794,24.75510714844361,12.248830752385423,7.000893276915844,9.295502893790083,9.052402862985685
2019-04-24,35.98352895148669,24.75264475743349,12.250356025039125,6.999952963311383,9.295641627543036,9.052402862985685
2019-04-25,35.98258180679505,24.75111946140598,12.251882730546424,6.998070588235294,9.29578049162361,9.052402862985685
2019-04-26,35.98258180679505,24.75111946140598,12.251882730546424,6.998070588235294,9.29578049162361,9.052402862985685
2019-04-27,35.976475653671514,24.74454360419602,12.256579771410678,6.998070588235294,9.296719899796463,9.055859603035609
2019-04-28,35.976475653671514,24.74454360419602,12.256579771410678,6.998070588235294,9.296719899796463,9.055859603035609
2019-04-29,35.97249608763693,24.740672926447573,12.259980438184664,6.999012229539041,9.296580594679186,9.05974773986585
2019-04-30,35.97249608763693,24.740672926447573,12.259980438184664,6.999012229539041,9.296580594679186,9.05974773986585
2019-05-01,35.97154376076405,24.73820259902928,12.261511664318148,6.998070588235294,9.296719899796463,9.05974773986585
2019-05-02,35.966377015813364,24.733975262251448,12.266208705182402,6.997129411764706,9.296719899796463,9.06231789044289
2019-05-03,35.964481516290725,24.731500626566415,12.267743577694237,6.9957156308851225,9.29732926065163,9.06231789044289
2019-05-04,35.95837249373433,24.724451754385964,12.272912750626567,6.996657250470809,9.29779918546366,9.065756914119358
2019-05-05,35.95837249373433,24.724451754385964,12.272912750626567,6.996657250470809,9.29779918546366,9.065756914119358
2019-05-06,35.955104117739154,24.71988413965868,12.276542195083765,6.997129411764706,9.297659307969314,9.069189936009307
2019-05-07,35.951604068857584,24.71579029733959,12.280168231611894,6.998071495766698,9.2972848200313,9.073488811392037
2019-05-08,35.95017222483168,24.714247690621573,12.28123923594802,6.996658823529412,9.2974244559261,9.073488811392037
2019-05-09,35.94606231407546,24.7080945670894,12.286100673242524,6.995576470588236,9.297354000313135,9.076909117305458
2019-05-10,35.941365273211204,24.701049005793017,12.291267418193206,6.994635294117647,9.297354000313135,9.08119379170293
2019-05-11,35.938106416275424,24.69696400625978,12.294417057902974,6.995578551269991,9.297214397496088,9.084601449275361
2019-05-12,35.938106416275424,24.69696400625978,12.294417057902974,6.995578551269991,9.297214397496088,9.084601449275361
2019-05-13,35.934967933677456,24.69264820897857,12.29779837322071,6.996403385049366,9.296840294071641,9.088437590501012
2019-05-14,35.934967933677456,24.69264820897857,12.29779837322071,6.996403385049366,9.296840294071641,9.088437590501012
2019-05-15,35.934967933677456,24.69264820897857,12.29779837322071,6.996403385049366,9.296840294071641,9.088437590501012
2019-05-16,35.93399843505477,24.689921752738655,12.299346635367762,6.995225776105363,9.29697965571205,9.088437590501012
2019-05-17,35.93399843505477,24.689921752738655,12.299346635367762,6.995225776105363,9.29697965571205,9.088437590501012
2019-05-18,35.92977308294209,24.682175273865415,12.303337245696401,6.995460959548448,9.297449139280126,9.091833043981481
2019-05-19,35.92977308294209,24.682175273865415,12.303337245696401,6.995460959548448,9.297449139280126,9.091833043981481
2019-05-20,35.92652119505709,24.678101048021272,12.30647974346942,6.995933239304184,9.297309557328328,9.095222607690083
2019-05-21,35.9228033145716,24.67379612257661,12.309384771732333,6.9973449248120305,9.297170106316447,9.099472848064702
2019-05-22,35.92229782574691,24.670827467542626,12.310937744407946,6.995933239304184,9.297309557328328,9.099472848064702
2019-05-23,35.9190129829501,24.665430940090722,12.314691850461442,6.994992947813823,9.297074925699985,9.102849927849928
2019-05-24,35.9190129829501,24.665430940090722,12.314691850461442,6.994992947813823,9.297074925699985,9.102849927849928
2019-05-25,35.91408571875488,24.658626622868763,12.318680588143282,6.995228020686413,9.297544188956671,9.106221164936562
2019-05-26,35.91408571875488,24.658626622868763,12.318680588143282,6.995228020686413,9.297544188956671,9.106221164936562
2019-05-27,35.9103736710444,24.65503439649781,12.321345372107567,6.995700187969925,9.296935584740462,9.109586574474214
2019-05-28,35.906430692295665,24.65074230348492,12.32447648070011,6.99687646782527,9.296796374433505,9.11337795048935
2019-05-29,35.906430692295665,24.65074230348492,12.32447648070011,6.99687646782527,9.296796374433505,9.11337795048935
2019-05-30,35.905448717948715,24.648233270794247,12.326035803627267,6.995700187969925,9.296935584740462,9.11337795048935
2019-05-31,35.905448717948715,24.648233270794247,12.326035803627267,6.995700187969925,9.296935584740462,9.11337795048935
2019-06-01,35.89982020012507,24.640259537210756,12.332367886178861,6.995230263157895,9.296701063164477,9.11586856485476
2019-06-02,35.89982020012507,24.640259537210756,12.332367886178861,6.995230263157895,9.296701063164477,9.11586856485476
2019-06-03,35.89517893420847,24.63527113611502,12.338306766682294,6.995702207609207,9.296093139553054,9.119216954022988
2019-06-04,35.89517893420847,24.63527113611502,12.338306766682294,6.995702207609207,9.296093139553054,9.119216954022988
2019-06-05,35.894660725453406,24.632754846779235,12.339872576610382,6.994290413533835,9.295762976860537,9.119216954022988
2019-06-06,35.888563164477794,24.62501563477173,12.347846310193871,6.99358552631579,9.294824890556598,9.122559575078954
2019-06-07,35.888563164477794,24.62501563477173,12.347846310193871,6.99358552631579,9.294824890556598,9.122559575078954
2019-06-08,35.882700125078166,24.6161038148843,12.356289086929332,6.993115601503759,9.294121325828643,9.12503585771658
2019-06-09,35.882700125078166,24.6161038148843,12.356289086929332,6.993115601503759,9.294121325828643,9.12503585771658
2019-06-10,35.882700125078166,24.6161038148843,12.356289086929332,6.993115601503759,9.294121325828643,9.12503585771658
2019-06-11,35.87712923894358,24.610657915299264,12.362919987498048,6.994058243306717,9.293280200031255,9.128797649756377
2019-06-12,35.87712923894358,24.610657915299264,12.362919987498048,6.994058243306717,9.293280200031255,9.128797649756377
2019-06-13,35.876250781738584,24.608669480925577,12.364849124452784,6.992269736842106,9.292972170106315,9.128797649756377
2019-06-14,35.87572344752072,24.60613952760832,12.365958861254498,6.99085566525623,9.293109651180979,9.128797649756377
2019-06-15,35.867980603785384,24.596519630846238,12.37487486313155,6.99062059238364,9.293578914437665,9.132123424971363
2019-06-16,35.867980603785384,24.596519630846238,12.37487486313155,6.99062059238364,9.293578914437665,9.132123424971363
2019-06-17,35.867980603785384,24.596519630846238,12.37487486313155,6.99062059238364,9.293578914437665,9.132123424971363
2019-06-18,35.86288305190744,24.591080362726704,12.380796591619763,6.99156484962406,9.293441213258285,9.135872675250358
2019-06-19,35.86234944470514,24.589011418739247,12.382383075238542,6.989445228020687,9.293344282809322,9.135872675250358
2019-06-20,35.86234944470514,24.589011418739247,12.382383075238542,6.989445228020687,9.293344282809322,9.135872675250358
2019-06-21,35.858661663539706,24.583575672295186,12.388535803627267,6.989685150375941,9.292503126954346,9.13875786163522
2019-06-22,35.85380528207532,24.57767619940616,12.394917174558525,6.989924847346172,9.291897171433035,9.142495001428163
2019-06-23,35.85380528207532,24.57767619940616,12.394917174558525,6.989924847346172,9.291897171433035,9.142495001428163
2019-06-24,35.85380528207532,24.57767619940616,12.394917174558525,6.989924847346172,9.291897171433035,9.142495001428163
2019-06-25,35.84907060293658,24.57213370821618,12.401175413933146,6.990516431924883,9.29152608559825,9.146011700913242
2019-06-26,35.84946866697921,24.56958899828098,12.402301140803251,6.988163457022076,9.291193936552586,9.146011700913242
2019-06-27,35.84571808095014,24.56255664947648,12.409802312861384,6.986284640676375,9.289787466791685,9.148453093812375
2019-06-28,35.84517667292057,24.560006253908693,12.410932614133834,6.984868421052632,9.289923389618512,9.148453093812375
2019-06-29,35.84056102516018,24.554352242537895,12.417069073292701,6.985345232503524,9.289318643538053,9.151745014245014
2019-06-30,35.84056102516018,24.554352242537895,12.417069073292701,6.985345232503524,9.289318643538053,9.151745014245014
2019-07-01,35.83641830677913,24.548937831927525,12.422496875976258,6.985821596244132,9.288714464229928,9.155885283233703
2019-07-02,35.83641830677913,24.548937831927525,12.422496875976258,6.985821596244132,9.288714464229928,9.155885283233703
2019-07-03,35.83641830677913,24.548937831927525,12.422496875976258,6.985821596244132,9.288714464229928,9.155885283233703
2019-07-04,35.83196657294595,24.541674476726023,12.430463136519837,6.9837089201877935,9.287777257107154,9.159165244596132
2019-07-05,35.83196657294595,24.541674476726023,12.430463136519837,6.9837089201877935,9.287777257107154,9.159165244596132
2019-07-06,35.82681193377069,24.53347391440175,12.437492189940643,6.9825352112676065,9.28754295532646,9.162439613526569
2019-07-07,35.82681193377069,24.53347391440175,12.437492189940643,6.9825352112676065,9.28754295532646,9.162439613526569
2019-07-08,35.82681193377069,24.53347391440175,12.437492189940643,6.9825352112676065,9.28754295532646,9.162439613526569
2019-07-09,35.82267759562841,24.52830601092896,12.442907884465262,6.983012670107931,9.287174082747853,9.166560193072117
2019-07-10,35.823063105279594,24.52667916276164,12.44452124336145,6.980657276995306,9.286840049984379,9.166560193072117
2019-07-11,35.82344897640256,24.524113142678544,12.446136115017971,6.978769375293566,9.286505704016252,9.166560193072117
2019-07-12,35.82344897640256,24.524113142678544,12.446136115017971,6.978769375293566,9.286505704016252,9.166560193072117
2019-07-13,35.81782309735896,24.516143147366776,12.453637287076106,6.977829967120715,9.286271292389435,9.16982269503546
2019-07-14,35.81782309735896,24.516143147366776,12.453637287076106,6.977829967120715,9.286271292389435,9.16982269503546
2019-07-15,35.81322243049047,24.511215245235864,12.458579350203062,6.978779342723005,9.286137144642298,9.173929988662131
2019-07-16,35.81322243049047,24.511215245235864,12.458579350203062,6.978779342723005,9.286137144642298,9.173929988662131
2019-07-17,35.813603688076256,24.508173152055008,12.460200812626972,6.976890558947863,9.285802469135803,9.173929988662131
2019-07-18,35.81378205128205,24.505675422138836,12.461479831144466,6.974765037593985,9.285576923076922,9.173929988662131
2019-07-19,35.81011876855758,24.50028129395218,12.467358180965777,6.975246594645374,9.28497421472105,9.176331067686208
2019-07-20,35.805990315526394,24.495126522961574,12.47229381443299,6.975962441314555,9.284606373008435,9.179152518392755
2019-07-21,35.805990315526394,24.495126522961574,12.47229381443299,6.975962441314555,9.284606373008435,9.179152518392755
2019-07-22,35.802568306010926,24.48950819672131,12.4769906323185,6.976442984514313,9.284004683840749,9.183665535764773
2019-07-23,35.79891541822721,24.484129213483147,12.482853464419476,6.976923076923077,9.283403558052434,9.186052259887004
2019-07-24,35.79680867665418,24.47640449438202,12.488939606741573,6.975046904315198,9.282701310861423,9.188011572114027
2019-07-25,35.79353152309613,24.468445692883893,12.4968984082397,6.9731707317073175,9.281764981273408,9.190390580936265
2019-07-26,35.79353152309613,24.468445692883893,12.4968984082397,6.9731707317073175,9.281764981273408,9.190390580936265
2019-07-27,35.78918265481204,24.46331305568554,12.502047262517548,6.974120956399438,9.280931211979409,9.193610876303184
2019-07-28,35.78918265481204,24.46331305568554,12.502047262517548,6.974120956399438,9.280931211979409,9.193610876303184
2019-07-29,35.78918265481204,24.46331305568554,12.502047262517548,6.974120956399438,9.280931211979409,9.193610876303184
2019-07-30,35.78507171811661,24.457717492984095,12.507659027128158,6.975070290534209,9.280332086061739,9.198092623873872
2019-07-31,35.78590703478396,24.45465605989705,12.509300421151146,6.972714486638538,9.279995320542817,9.198092623873872
2019-08-01,35.78263141475588,24.447168928404306,12.516787552643894,6.970370370370371,9.278591483387926,9.202144866385373
2019-08-02,35.78299781523096,24.44503745318352,12.517965823970037,6.968011257035648,9.278253745318352,9.202144866385373
2019-08-03,35.778653876150365,24.439681796911557,12.52287084698175,6.968963900609471,9.277655591951333,9.205768690275436
2019-08-04,35.778653876150365,24.439681796911557,12.52287084698175,6.968963900609471,9.277655591951333,9.205768690275436
2019-08-05,35.77478172747115,24.43362956033676,12.528005144995323,6.969915651358951,9.277525724976613,9.210650098286997
2019-08-06,35.77478172747115,24.43362956033676,12.528005144995323,6.969915651358951,9.277525724976613,9.210650098286997
2019-08-07,35.77478172747115,24.43362956033676,12.528005144995323,6.969915651358951,9.277525724976613,9.210650098286997
2019-08-08,35.77608017469973,24.431726719700514,12.529188114178755,6.967088607594937,9.277187646233036,9.210650098286997
2019-08-09,35.77280455467165,24.424707533926064,12.53573935423491,6.96474449132677,9.276251754796442,9.213839786756452
2019-08-10,35.767657151770386,24.416284510996725,12.542992512868507,6.963572433192687,9.276953673373887,9.217444631342865
2019-08-11,35.767657151770386,24.416284510996725,12.542992512868507,6.963572433192687,9.276953673373887,9.217444631342865
2019-08-12,35.767657151770386,24.416284510996725,12.542992512868507,6.963572433192687,9.276953673373887,9.217444631342865
2019-08-13,35.763790146554406,24.41047708138447,12.548117399438727,6.964526710403,9.27635640785781,9.2218837535014
2019-08-14,35.763790146554406,24.41047708138447,12.548117399438727,6.964526710403,9.27635640785781,9.2218837535014
2019-08-15,35.764521915457806,24.40845421931056,12.549434565590392,6.961681512736365,9.276142567462173,9.2218837535014
2019-08-16,35.76487983770287,24.40583645443196,12.55156445068664,6.95931832395247,9.276271847690387,9.2218837535014
2019-08-17,35.7606663545568,24.398579900124844,12.55765059300874,6.957207629768606,9.276037765293383,9.225475790652112
2019-08-18,35.7606663545568,24.398579900124844,12.55765059300874,6.957207629768606,9.276037765293383,9.225475790652112
2019-08-19,35.7606663545568,24.398579900124844,12.55765059300874,6.957207629768606,9.276037765293383,9.225475790652112
2019-08-20,35.75633286538761,24.39324598346592,12.563238964280144,6.958165338334115,9.275440648884729,9.229900727069351
2019-08-21,35.75340661053944,24.388150919862802,12.568588244465232,6.958184942205561,9.274844091050825,9.232641799385302
2019-08-22,35.75013252260679,24.380667290302465,12.575838010601808,6.955373320837238,9.273440910508262,9.236634561697375
2019-08-23,35.75013252260679,24.380667290302465,12.575838010601808,6.955373320837238,9.273440910508262,9.236634561697375
2019-08-24,35.7458080099735,24.376047997506625,12.58071139161602,6.956096799375488,9.27284556646408,9.240202231520223
2019-08-25,35.7458080099735,24.376047997506625,12.58071139161602,6.956096799375488,9.27284556646408,9.240202231520223
2019-08-26,35.74125389408099,24.370732087227417,12.586047507788162,6.956585518102372,9.272250778816199,9.24501811594203
2019-08-27,35.74125389408099,24.370732087227417,12.586047507788162,6.956585518102372,9.272250778816199,9.24501811594203
2019-08-28,35.74125389408099,24.370732087227417,12.586047507788162,6.956585518102372,9.272250778816199,9.24501811594203
2019-08-29,35.74300296088514,24.368334112513637,12.587256506155525,6.953754879000781,9.271910550101293,9.24501811594203
2019-08-30,35.74335048331774,24.366167758029313,12.588466635484878,6.951390190565448,9.2720377299657,9.24501811594203
2019-08-31,35.73973040361539,24.36178899797413,12.593100358422939,6.951881342701014,9.270975533738506,9.248155109997215
2019-09-01,35.73973040361539,24.36178899797413,12.593100358422939,6.951881342701014,9.270975533738506,9.248155109997215
2019-09-02,35.73517912772585,24.357180685358255,12.598197040498443,6.952606117353309,9.269914330218068,9.25295631608236
2019-09-03,35.73517912772585,24.357180685358255,12.598197040498443,6.952606117353309,9.269914330218068,9.25295631608236
2019-09-04,35.73517912772585,24.357180685358255,12.598197040498443,6.952606117353309,9.269914330218068,9.25295631608236
2019-09-05,35.73307632398753,24.350404984423676,12.604505451713395,6.949563046192259,9.268512461059188,9.256915485126493
2019-09-06,35.73307632398753,24.350404984423676,12.604505451713395,6.949563046192259,9.268512461059188,9.256915485126493
2019-09-07,35.729464424723645,24.346271212828896,12.608893819087653,6.949820620807986,9.267452903627587,9.260451388888889
2019-09-08,35.729464424723645,24.346271212828896,12.608893819087653,6.949820620807986,9.267452903627587,9.260451388888889
2019-09-09,35.729464424723645,24.346271212828896,12.608893819087653,6.949820620807986,9.267452903627587,9.260451388888889
2019-09-10,35.725389044506684,24.34120759414877,12.613278089013383,6.950311817898347,9.266627762215997,9.265646683319455
2019-09-11,35.725389044506684,24.34120759414877,12.613278089013383,6.950311817898347,9.266627762215997,9.265646683319455
2019-09-12,35.7272380507551,24.33882920753542,12.614514245679588,6.9474029012634535,9.26608282733925,9.265646683319455
2019-09-13,35.723163709928414,24.3349361967009,12.619362745098039,6.947427502338634,9.265491752256459,9.267921519689406
2019-09-14,35.71919545596016,24.32816682228447,12.625198412698412,6.94555659494855,9.265491752256459,9.272270712108616
2019-09-15,35.71919545596016,24.32816682228447,12.625198412698412,6.94555659494855,9.265491752256459,9.272270712108616
2019-09-16,35.714893451547674,24.323114014621247,12.629806346243583,6.945815801776531,9.264667911028154,9.277858527131782
2019-09-17,35.71176150497512,24.31876554726368,12.63417677238806,6.945841121495327,9.264078047263682,9.281777316735823
2019-09-18,35.71176150497512,24.31876554726368,12.63417677238806,6.945841121495327,9.264078047263682,9.281777316735823
2019-09-19,35.709662624378105,24.311769278606967,12.640240205223881,6.94303738317757,9.263378420398011,9.285689607517964
2019-09-20,35.709662624378105,24.311769278606967,12.640240205223881,6.94303738317757,9.263378420398011,9.285689607517964
2019-09-21,35.70709732587064,24.305006218905472,12.64560401119403,6.940700934579439,9.26267879353234,9.289181165423916
2019-09-22,35.70709732587064,24.305006218905472,12.64560401119403,6.940700934579439,9.26267879353234,9.289181165423916
2019-09-23,35.70257187257187,24.300202020202022,12.649965034965035,6.94119570294255,9.262090132090133,9.294736479028698
2019-09-24,35.70257187257187,24.300202020202022,12.649965034965035,6.94119570294255,9.262090132090133,9.294736479028698
2019-09-25,35.70257187257187,24.300202020202022,12.649965034965035,6.94119570294255,9.262090132090133,9.294736479028698
2019-09-26,35.70499844527363,24.297776741293532,12.651201026119402,6.938130841121495,9.261046330845772,9.294736479028698
2019-09-27,35.70094017094017,24.292509712509712,12.657890442890443,6.937692666978048,9.25999222999223,9.29862834298318
2019-09-28,35.69674436674436,24.285283605283606,12.663951048951049,6.936291452592247,9.25975912975913,9.302513774104682
2019-09-29,35.69674436674436,24.285283605283606,12.663951048951049,6.936291452592247,9.25975912975913,9.302513774104682
2019-09-30,35.69245883814849,24.280024852438647,12.668301491146318,6.936788048552755,9.25917210313762,9.308044315992293
2019-10-01,35.69245883814849,24.280024852438647,12.668301491146318,6.936788048552755,9.25917210313762,9.308044315992293
2019-10-02,35.69245883814849,24.280024852438647,12.668301491146318,6.936788048552755,9.25917210313762,9.308044315992293
2019-10-03,35.694879564879564,24.277591297591297,12.669545454545455,6.9339560952825785,9.258360528360528,9.308044315992293
2019-10-04,35.69567008706468,24.27585509950249,12.670790578358208,6.9306542056074765,9.25848103233831,9.308044315992293
2019-10-05,35.69184926184926,24.271297591297593,12.67490675990676,6.931153666510976,9.257661227661227,9.311915566556655
2019-10-06,35.69184926184926,24.271297591297593,12.67490675990676,6.931153666510976,9.257661227661227,9.311915566556655
2019-10-07,35.69184926184926,24.271297591297593,12.67490675990676,6.931153666510976,9.257661227661227,9.311915566556655
2019-10-08,35.687799005902455,24.26627834731283,12.679019105312209,6.931769374416433,9.257075178626904,9.317017037647705
2019-10-09,35.687799005902455,24.26627834731283,12.679019105312209,6.931769374416433,9.257075178626904,9.317017037647705
2019-10-10,35.68663404784094,24.25905560733147,12.685309878844361,6.928501400560224,9.255910220565394,9.320874519494783
2019-10-11,35.68663404784094,24.25905560733147,12.685309878844361,6.928501400560224,9.255910220565394,9.320874519494783
2019-10-12,35.68282099052942,24.254277286135693,12.689648346530042,6.928768082127858,9.255325260052787,9.324314128943758
2019-10-13,35.68282099052942,24.254277286135693,12.689648346530042,6.928768082127858,9.255325260052787,9.324314128943758
2019-10-14,35.68282099052942,24.254277286135693,12.689648346530042,6.928768082127858,9.255325260052787,9.324314128943758
2019-10-15,35.679244258224706,24.249503414028553,12.69375,6.929034514925373,9.254740844196151,9.32898163377193
2019-10-16,35.67901148355059,24.24298572315332,12.700034916201117,6.926002798507463,9.252878646803229,9.331998082717064
2019-10-17,35.67626474239602,24.236514587212913,12.705412011173186,6.923134328358209,9.251970825574178,9.335830596606458
2019-10-18,35.673158058011474,24.231751202109507,12.710667752442998,6.922703962703963,9.251388242593455,9.338836477987421
2019-10-19,35.67152939351636,24.22453854505972,12.715321079571895,6.91990675990676,9.251155576237009,9.341837431693989
2019-10-20,35.67152939351636,24.22453854505972,12.715321079571895,6.91990675990676,9.251155576237009,9.341837431693989
2019-10-21,35.67152939351636,24.22453854505972,12.715321079571895,6.91990675990676,9.251155576237009,9.341837431693989
2019-10-22,35.67059872809058,24.216860555297036,12.721603071195906,6.9164102564102565,9.25069024352412,9.346471471471471
2019-10-23,35.67059872809058,24.216860555297036,12.721603071195906,6.9164102564102565,9.25069024352412,9.346471471471471
2019-10-24,35.67323867163252,24.21416821849783,12.722870111731845,6.913106343283583,9.25034140285537,9.346471471471471
2019-10-25,35.67323867163252,24.21416821849783,12.722870111731845,6.913106343283583,9.25034140285537,9.346471471471471
2019-10-26,35.671376474239594,24.206486654252018,12.727991154562385,6.9107742537313435,9.251039726877716,9.349870430987451
2019-10-27,35.671376474239594,24.206486654252018,12.727991154562385,6.9107742537313435,9.251039726877716,9.349870430987451
2019-10-28,35.671376474239594,24.206486654252018,12.727991154562385,6.9107742537313435,9.251039726877716,9.349870430987451
2019-10-29,35.66687606638746,24.201504575771676,12.732771056305259,6.911048951048952,9.250922909880565,9.354899155083128
2019-10-30,35.66687606638746,24.201504575771676,12.732771056305259,6.911048951048952,9.250922909880565,9.354899155083128
2019-10-31,35.66951427684668,24.198572315332093,12.734043296089386,6.907509328358209,9.2508069522036,9.354899155083128
2019-11-01,35.672154944884326,24.19447290793355,12.735316721006056,6.904666355576295,9.250923769600993,9.354899155083128
2019-11-02,35.6683504034761,24.18995965238982,12.738233240223465,6.905410447761194,9.251039726877716,9.358694172113289
2019-11-03,35.6683504034761,24.18995965238982,12.738233240223465,6.905410447761194,9.251039726877716,9.358694172113289
2019-11-04,35.663618737397236,24.184985264464093,12.742077710563054,6.905920745920747,9.251388242593455,9.364115646258503
2019-11-05,35.663618737397236,24.184985264464093,12.742077710563054,6.905920745920747,9.251388242593455,9.364115646258503
2019-11-06,35.663618737397236,24.184985264464093,12.742077710563054,6.905920745920747,9.251388242593455,9.364115646258503
2019-11-07,35.66222273925857,24.177307274701413,12.747429036761286,6.902890442890444,9.250922909880565,9.367896954866774
2019-11-08,35.65819379844961,24.172573643410853,12.751732558139535,6.902935694315005,9.251271317829458,9.371672099972834
2019-11-09,35.654937984496115,24.164434108527132,12.7561511627907,6.902236719478099,9.252201550387596,9.375033930510314
2019-11-10,35.654937984496115,24.164434108527132,12.7561511627907,6.902236719478099,9.252201550387596,9.375033930510314
2019-11-11,35.654937984496115,24.164434108527132,12.7561511627907,6.902236719478099,9.252201550387596,9.375033930510314
2019-11-12,35.65021695335502,24.160406012707266,12.759751278475129,6.902748020493712,9.252316751898341,9.379610794684025
2019-11-13,35.652100775193794,24.15750387596899,12.760569767441861,6.8999999999999995,9.252294573643411,9.379610794684025
2019-11-14,35.650007751937984,24.14982945736434,12.765918604651164,6.8969711090400745,9.252062015503876,9.383367208672086
2019-11-15,35.65170621994726,24.14617651620909,12.766740344346209,6.894592074592074,9.252179308205367,9.383367208672086
2019-11-16,35.64961222273926,24.139196525515743,12.770695672405772,6.892027972027972,9.252644640918257,9.386711345789331
2019-11-17,35.64961222273926,24.139196525515743,12.770695672405772,6.892027972027972,9.252644640918257,9.386711345789331
2019-11-18,35.64465891472868,24.13517829457364,12.774523255813955,6.892777260018639,9.252992248062016,9.391267586580087
2019-11-19,35.64180226251356,24.13046644971331,12.778579730357974,6.893060083837913,9.25240973190764,9.395410921870775
2019-11-20,35.64180226251356,24.13046644971331,12.778579730357974,6.893060083837913,9.25240973190764,9.395410921870775
2019-11-21,35.64442635658914,24.12796899224806,12.779406976744188,6.889748369058713,9.252062015503876,9.395410921870775
2019-11-22,35.64442635658914,24.12796899224806,12.779406976744188,6.889748369058713,9.252062015503876,9.395410921870775
2019-11-23,35.641170542635656,24.12029457364341,12.78429069767442,6.888816402609506,9.252062015503876,9.398331982712048
2019-11-24,35.641170542635656,24.12029457364341,12.78429069767442,6.888816402609506,9.252062015503876,9.398331982712048
2019-11-25,35.641170542635656,24.12029457364341,12.78429069767442,6.888816402609506,9.252062015503876,9.398331982712048
2019-11-26,35.636920812025416,24.115822098248877,12.788575081357509,6.889566837447601,9.252177281884395,9.402058029689607
2019-11-27,35.63954263565891,24.1135503875969,12.788941860465117,6.886719478098788,9.251364341085273,9.402058029689607
2019-11-28,35.643097564758804,24.11127656274236,12.789774313634249,6.882937062937063,9.250550643710254,9.402058029689607
2019-11-29,35.64123623390724,24.102900573910343,12.794892973476037,6.88013986013986,9.251015976423144,9.40577804746494
2019-11-30,35.637449612403096,24.09843410852713,12.798709302325582,6.8806616961789375,9.250666666666667,9.409087846941524
2019-12-01,35.637449612403096,24.09843410852713,12.798709302325582,6.8806616961789375,9.250666666666667,9.409087846941524
2019-12-02,35.63320161165349,24.093506896017356,12.802754532775454,6.8814159292035395,9.250550131721681,9.41360393107162
2019-12-03,35.62918990086741,24.088816604708796,12.806563661710038,6.882402234636872,9.249969021065676,9.418112725316115
2019-12-04,35.632271811560514,24.086068495273516,12.807403533240354,6.879087098276665,9.24915543158221,9.418112725316115
2019-12-05,35.62994731132806,24.078165194483184,12.813912133891215,6.87675826734979,9.24776073144274,9.422614247311827
2019-12-06,35.62994731132806,24.078165194483184,12.813912133891215,6.87675826734979,9.24776073144274,9.422614247311827
2019-12-07,35.62669301100263,24.07002944366961,12.819490934449094,6.87582673497904,9.24776073144274,9.425899811979585
2019-12-08,35.62669301100263,24.07002944366961,12.819490934449094,6.87582673497904,9.24776073144274,9.425899811979585
2019-12-09,35.6231490086741,24.06535006195787,12.823059944237919,6.876582867783985,9.247413258983892,9.430387815351583
2019-12-10,35.6231490086741,24.06535006195787,12.823059944237919,6.876582867783985,9.247413258983892,9.430387815351583
2019-12-11,35.62525182085851,24.062567797923442,12.824046954904697,6.873893805309734,9.24678444134511,9.430387815351583
2019-12-12,35.62432202076553,24.055594297226094,12.829160855416086,6.87063344201211,9.24538974120564,9.434868597479216
2019-12-13,35.6210677204401,24.046761196342786,12.835204556020456,6.869236143455985,9.24585464125213,9.438538317256162
2019-12-14,35.61752633209417,24.042092627013627,12.838998605947957,6.869995344506518,9.245740396530358,9.44139892904953
2019-12-15,35.61752633209417,24.042092627013627,12.838998605947957,6.869995344506518,9.245740396530358,9.44139892904953
2019-12-16,35.61352376528874,24.03696392630438,12.842789131444496,6.870753838994881,9.24585849202663,9.445860085607276
2019-12-17,35.61352376528874,24.03696392630438,12.842789131444496,6.870753838994881,9.24585849202663,9.445860085607276
2019-12-18,35.61352376528874,24.03696392630438,12.842789131444496,6.870753838994881,9.24585849202663,9.445860085607276
2019-12-19,35.612827063012844,24.030229137637402,12.847666047375755,6.867496510004654,9.24492955565877,9.450314087142475
2019-12-20,35.612827063012844,24.030229137637402,12.847666047375755,6.867496510004654,9.24492955565877,9.450314087142475
2019-12-21,35.608879083449445,24.022333178510603,12.852775197398978,6.866798510935319,9.245161789750735,9.453559027777777
2019-12-22,35.608879083449445,24.022333178510603,12.852775197398978,6.866798510935319,9.245161789750735,9.453559027777777
2019-12-23,35.608879083449445,24.022333178510603,12.852775197398978,6.866798510935319,9.245161789750735,9.453559027777777
2019-12-24,35.607021210713725,24.014437219383804,12.857884347422202,6.865867845509539,9.244697321566806,9.457999733119829
2019-12-25,35.60869733581164,24.01165582403965,12.859212360594796,6.863477653631285,9.24388166047088,9.457999733119829
2019-12-26,35.61037501937083,24.009801642646828,12.860076708507671,6.861085235211924,9.24306524097319,9.457999733119829
2019-12-27,35.61037501937083,24.009801642646828,12.860076708507671,6.861085235211924,9.24306524097319,9.457999733119829
2019-12-28,35.61037501937083,24.009801642646828,12.860076708507671,6.861085235211924,9.24306524097319,9.457999733119829
2019-12-29,35.61037501937083,24.009801642646828,12.860076708507671,6.861085235211924,9.24306524097319,9.457999733119829
2019-12-30,35.61037501937083,24.009801642646828,12.860076708507671,6.861085235211924,9.24306524097319,9.457999733119829
2019-12-31,35.61037501937083,24.009801642646828,12.860076708507671,6.861085235211924,9.24306524097319,9.457999733119829
2020-01-01,35.611589147286814,24.007480620155036,12.860941860465116,6.859156570363467,9.242248062015504,9.457999733119829
2020-01-02,35.612804405149674,24.00655343570653,12.861807817589577,6.856293706293706,9.241430122537613,9.457999733119829
2020-01-03,35.60954707615945,23.998177446874514,12.866461144718475,6.855827505827506,9.241430122537613,9.461633333333333
2020-01-04,35.60954707615945,23.998177446874514,12.866461144718475,6.855827505827506,9.241430122537613,9.461633333333333
2020-01-05,35.60954707615945,23.998177446874514,12.866461144718475,6.855827505827506,9.241430122537613,9.461633333333333
2020-01-06,35.60647286821705,23.993062015503874,12.870476744186048,6.8568266542404475,9.241085271317829,9.465261124433786
2020-01-07,35.60647286821705,23.993062015503874,12.870476744186048,6.8568266542404475,9.241085271317829,9.465261124433786
2020-01-08,35.60647286821705,23.993062015503874,12.870476744186048,6.8568266542404475,9.241085271317829,9.465261124433786
2020-01-09,35.60368217054263,23.985852713178293,12.876290697674419,6.855428704566636,9.239922480620155,9.468883120340788
2020-01-10,35.60442841631766,23.98258880099271,12.876698464402049,6.853496503496504,9.240499457111834,9.468883120340788
2020-01-11,35.600007755545214,23.974212812160694,12.88204979060028,6.853496503496504,9.240732123468279,9.47210029263102
2020-01-12,35.600007755545214,23.974212812160694,12.88204979060028,6.853496503496504,9.240732123468279,9.47210029263102
2020-01-13,35.600007755545214,23.974212812160694,12.88204979060028,6.853496503496504,9.240732123468279,9.47210029263102
2020-01-14,35.59600775193798,23.968875968992247,12.88582558139535,6.85472972972973,9.240620155038759,9.476508506113769
2020-01-15,35.5958197611292,23.965604156972233,12.887168450442067,6.853263403263403,9.240732123468279,9.476508506113769
2020-01-16,35.59324492011788,23.958407011012874,12.893078175895766,6.850559440559441,9.24031332402668,9.48011288180611
2020-01-17,35.59324492011788,23.958407011012874,12.893078175895766,6.850559440559441,9.24031332402668,9.48011288180611
2020-01-18,35.5892480620155,23.95377519379845,12.897081395348838,6.851328052190121,9.240201550387598,9.483313428874734
2020-01-19,35.5892480620155,23.95377519379845,12.897081395348838,6.851328052190121,9.240201550387598,9.483313428874734
2020-01-20,35.5892480620155,23.95377519379845,12.897081395348838,6.851328052190121,9.240201550387598,9.483313428874734
2020-01-21,35.585487370215404,23.948682783201612,12.900848442584845,6.852095947834187,9.2403223306989,9.48770220100769
2020-01-22,35.585487370215404,23.948682783201612,12.900848442584845,6.852095947834187,9.2403223306989,9.48770220100769
2020-01-23,35.58223306988997,23.94217418255075,12.906892143189216,6.849767116907313,9.23985743065241,9.491289083200847
2020-01-24,35.58223306988997,23.94217418255075,12.906892143189216,6.849767116907313,9.23985743065241,9.491289083200847
2020-01-25,35.57824504337051,23.9370895291202,12.911117565055763,6.850768156424581,9.239978314745974,9.494473126820226
2020-01-26,35.57824504337051,23.9370895291202,12.911117565055763,6.850768156424581,9.239978314745974,9.494473126820226
2020-01-27,35.57426072147391,23.932474067193066,12.914642359498375,6.851768264308982,9.239634618361976,9.498842592592592
2020-01-28,35.57426072147391,23.932474067193066,12.914642359498375,6.851768264308982,9.239634618361976,9.498842592592592
2020-01-29,35.57097647787063,23.9278628907459,12.919556638811514,6.8523023255813955,9.239059114825132,9.501619085381972
2020-01-30,35.57217061464623,23.925507044434124,12.920448211797494,6.850372266170312,9.238705681994118,9.501619085381972
2020-01-31,35.57197180916977,23.922684324659233,12.9213406133829,6.848440409683427,9.239281288723669,9.501619085381972
2020-02-01,35.568222635082826,23.91784331939929,12.925557361820717,6.849208934388088,9.239170150178047,9.503994981510829
2020-02-02,35.568222635082826,23.91784331939929,12.925557361820717,6.849208934388088,9.239170150178047,9.503994981510829
2020-02-03,35.56470906839988,23.912774682760755,12.929770194986073,6.850209302325582,9.238594862271743,9.507554763789917
2020-02-04,35.56470906839988,23.912774682760755,12.929770194986073,6.850209302325582,9.238594862271743,9.507554763789917
2020-02-05,35.56470906839988,23.912774682760755,12.929770194986073,6.850209302325582,9.238594862271743,9.507554763789917
2020-02-06,35.56145930052615,23.905346641906533,12.934876973073353,6.8488139534883725,9.238594862271743,9.51110891350211
2020-02-07,35.557486465583914,23.900750193348802,12.939083526682136,6.848419339841934,9.238948182521268,9.51465744400527
2020-02-08,35.55400618716164,23.89262954369683,12.945348027842229,6.8472570897257095,9.239412219644239,9.515040810953133
2020-02-09,35.55050247371676,23.88850494743352,12.94862012987013,6.847792750929369,9.239301175015461,9.519369902657195
2020-02-10,35.55050247371676,23.88850494743352,12.94862012987013,6.847792750929369,9.239301175015461,9.519369902657195
2020-02-11,35.546770205532376,23.88322515839901,12.952816411682894,6.848327914537855,9.239653840210169,9.52290352260778
2020-02-12,35.546770205532376,23.88322515839901,12.952816411682894,6.848327914537855,9.239653840210169,9.52290352260778
2020-02-13,35.543061350641324,23.876734662339672,12.957916087158091,6.846005573618207,9.239653840210169,9.526431573417389
2020-02-14,35.543061350641324,23.876734662339672,12.957916087158091,6.846005573618207,9.239653840210169,9.526431573417389
2020-02-15,35.53933426011739,23.872389558232932,12.962106116774793,6.845612813370474,9.240006178560396,9.529166666666667
2020-02-16,35.53933426011739,23.872389558232932,12.962106116774793,6.845612813370474,9.240006178560396,9.529166666666667
2020-02-17,35.53933426011739,23.872389558232932,12.962106116774793,6.845612813370474,9.240006178560396,9.529166666666667
2020-02-18,35.53514744480469,23.868048479234215,12.965597498842058,6.845916473317866,9.240126601821832,9.533471020194073
2020-02-19,35.5318125675467,23.860961865060986,12.971572487262621,6.843874709976799,9.239941330863054,9.536196278825996
2020-02-20,35.532059005251774,23.857653691689837,12.972949490268768,6.841480965645312,9.240515909793018,9.536196278825996
2020-02-21,35.532059005251774,23.857653691689837,12.972949490268768,6.841480965645312,9.240515909793018,9.536196278825996
2020-02-22,35.52810714837116,23.853319438011425,12.977130616025939,6.84155452436195,9.240867685656939,9.538131709871694
2020-02-23,35.52810714837116,23.853319438011425,12.977130616025939,6.84155452436195,9.240867685656939,9.538131709871694
2020-02-24,35.52810714837116,23.853319438011425,12.977130616025939,6.84155452436195,9.240867685656939,9.538131709871694
2020-02-25,35.523927469135806,23.848989197530862,12.98130787037037,6.841628014842301,9.24145061728395,9.54084903192046
2020-02-26,35.52486490659256,23.845677010961865,12.982688744789254,6.839002320185616,9.241562451752355,9.54084903192046
2020-02-27,35.52486490659256,23.845677010961865,12.982688744789254,6.839002320185616,9.241562451752355,9.54084903192046
2020-02-28,35.52510812480692,23.842361754711153,12.98360750695088,6.837070566388116,9.242137781896817,9.54084903192046
2020-02-29,35.521159487417016,23.838729350007718,12.988710050949514,6.836218097447796,9.242488806546241,9.541209150326797
2020-03-01,35.516288580246915,23.835100308641977,12.992881944444445,6.835830241187384,9.242839506172839,9.544703500522466
2020-03-02,35.516288580246915,23.835100308641977,12.992881944444445,6.835830241187384,9.242839506172839,9.544703500522466
2020-03-03,35.51211630418016,23.83147462594478,12.997512725590004,6.83544274455262,9.243189881227826,9.547800835291046
2020-03-04,35.51281635802469,23.828618827160494,12.9984375,6.833047309833025,9.243302469135802,9.547800835291046
2020-03-05,35.50887706308808,23.824996143760604,13.003065710319296,6.83266110338433,9.243189881227826,9.549719613980177
2020-03-06,35.50563782199599,23.81759216412155,13.008618695048588,6.8298794622160415,9.243189881227826,9.55319911389106
2020-03-07,35.50054758599414,23.810650933209935,13.015097177232763,6.828025034770515,9.244115378682709,9.554329427083333
2020-03-08,35.49522818378045,23.80750077089115,13.019253006475486,6.828104726598703,9.244002466851681,9.55779989591465
2020-03-09,35.49106950223455,23.803660040067808,13.023404993065187,6.827952755905512,9.244120819848975,9.561264950598023
2020-03-10,35.49106950223455,23.803660040067808,13.023404993065187,6.827952755905512,9.244120819848975,9.561264950598023
2020-03-11,35.49106950223455,23.803660040067808,13.023404993065187,6.827952755905512,9.244120819848975,9.561264950598023
2020-03-12,35.49222170829479,23.800794017884673,13.024340888066606,6.826019462465246,9.243771199506629,9.561264950598023
2020-03-13,35.49222170829479,23.800794017884673,13.024340888066606,6.826019462465246,9.243771199506629,9.561264950598023
2020-03-14,35.488526737555866,23.796956387733086,13.028259361997225,6.8258684576192685,9.243658498998304,9.563555468952975
2020-03-15,35.488526737555866,23.796956387733086,13.028259361997225,6.8258684576192685,9.243658498998304,9.563555468952975
2020-03-16,35.48529728897104,23.79266019716574,13.032867375231053,6.825717592592593,9.24377695625385,9.566231827622014
2020-03-17,35.48529728897104,23.79266019716574,13.032867375231053,6.825717592592593,9.24377695625385,9.566231827622014
2020-03-18,35.48529728897104,23.79266019716574,13.032867375231053,6.825717592592593,9.24377695625385,9.566231827622014
2020-03-19,35.483610597658654,23.785081638940234,13.038666820702403,6.823240740740741,9.243499691928529,9.566569390402075
2020-03-20,35.483610597658654,23.785081638940234,13.038666820702403,6.823240740740741,9.243499691928529,9.566569390402075
2020-03-21,35.48176216882317,23.77838108441158,13.043981053604435,6.821388888888889,9.243037584719655,9.567684033177812
2020-03-22,35.48176216882317,23.77838108441158,13.043981053604435,6.821388888888889,9.243037584719655,9.567684033177812
2020-03-23,35.48084680523479,23.774326404926867,13.047193995381061,6.821240166589543,9.242001539645882,9.569573944573945
2020-03-24,35.48084680523479,23.774326404926867,13.047193995381061,6.821240166589543,9.242001539645882,9.569573944573945
2020-03-25,35.47899923017705,23.768552732871438,13.052736720554272,6.819389171679778,9.241077752117013,9.571072722567287
2020-03-26,35.47923976608187,23.764966143428747,13.054559095106185,6.819010175763182,9.240504770698678,9.57062968709594
2020-03-27,35.47785472453062,23.75757925515543,13.05963758079409,6.817160037002775,9.240504770698678,9.570962532299742
2020-03-28,35.47646968297938,23.751115727916282,13.06379270544783,6.8153098982423685,9.240735610957218,9.571294861864187
2020-03-29,35.47646968297938,23.751115727916282,13.06379270544783,6.8153098982423685,9.240735610957218,9.571294861864187
2020-03-30,35.47646968297938,23.751115727916282,13.06379270544783,6.8153098982423685,9.240735610957218,9.571294861864187
2020-03-31,35.476249807721885,23.74707737271189,13.06607060452238,6.8151641239019884,9.239932318104907,9.573174664602682
2020-04-01,35.476931363496455,23.74419052016005,13.067486149584488,6.81322849213691,9.239581409664513,9.573174664602682
2020-04-02,35.476249807721885,23.74061682818028,13.071608214120904,6.812390198797966,9.238547915705277,9.57350476927043
2020-04-03,35.47554632194521,23.737726992920898,13.072564635272391,6.810915818686402,9.239119729147431,9.57350476927043
2020-04-04,35.4753268727888,23.734848484848484,13.074377018920165,6.8105409153952845,9.238778649438549,9.573834363730036
2020-04-05,35.4753268727888,23.734848484848484,13.074377018920165,6.8105409153952845,9.238778649438549,9.573834363730036
2020-04-06,35.476491389913896,23.7312807503075,13.076648985239853,6.809935304990758,9.237746002460025,9.574163449163448
2020-04-07,35.476491389913896,23.7312807503075,13.076648985239853,6.809935304990758,9.237746002460025,9.574163449163448
2020-04-08,35.47671127518843,23.728849407783418,13.077607291185972,6.807998150716598,9.23785571450546,9.574163449163448
2020-04-09,35.476491389913896,23.72574569495695,13.080800276752766,6.807162661737523,9.236823493234933,9.57449202674897
2020-04-10,35.476491389913896,23.72574569495695,13.080800276752766,6.807162661737523,9.236823493234933,9.57449202674897
2020-04-11,35.476491389913896,23.718826875768755,13.08402905904059,6.80554528650647,9.237054120541206,9.574820097661268
2020-04-12,35.476491389913896,23.718826875768755,13.08402905904059,6.80554528650647,9.237054120541206,9.574820097661268
2020-04-13,35.476491389913896,23.718826875768755,13.08402905904059,6.80554528650647,9.237054120541206,9.574820097661268
2020-04-14,35.47742431227908,23.71526817273705,13.085373443983402,6.805635103926098,9.236253265713847,9.575532871083718
2020-04-15,35.477183271832715,23.712830565805657,13.086335332103321,6.804158964879853,9.236362238622387,9.575532871083718
2020-04-16,35.478520910209106,23.70683425584256,13.090209870848708,6.801201478743069,9.235162976629766,9.575089812676417
2020-04-17,35.47828026457468,23.703930164590062,13.091635902168898,6.799722607489598,9.235271496692816,9.575089812676417
2020-04-18,35.4794434194342,23.700837945879456,13.092746771217712,6.799353049907579,9.234701722017219,9.57503205128205
2020-04-19,35.4794434194342,23.700837945879456,13.092746771217712,6.799353049907579,9.234701722017219,9.57503205128205
2020-04-20,35.4794434194342,23.700837945879456,13.092746771217712,6.799353049907579,9.234701722017219,9.57503205128205
2020-04-21,35.48083602274474,23.696826494544336,13.094087136929462,6.79944572748268,9.233901951744274,9.575743018191135
2020-04-22,35.48105781057811,23.693919126691267,13.095053044280442,6.7979667282809615,9.2340098400984,9.575743018191135
2020-04-23,35.48105781057811,23.693919126691267,13.095053044280442,6.7979667282809615,9.2340098400984,9.575743018191135
2020-04-24,35.4824496695866,23.690371907176885,13.097544951590596,6.797367205542725,9.232979867834638,9.575300819252432
2020-04-25,35.483141232518825,23.683456277854617,13.100311203319503,6.795981524249423,9.23274934685723,9.575626758761832
2020-04-26,35.483141232518825,23.683456277854617,13.100311203319503,6.795981524249423,9.23274934685723,9.575626758761832
2020-04-27,35.48430107526882,23.67991551459293,13.101647465437788,6.79561403508772,9.232181259600614,9.575952198364007
2020-04-28,35.48545984953171,23.676147704590818,13.102982496545371,6.795708352561145,9.231153078458467,9.576660280970625
2020-04-29,35.48522273425499,23.673233486943165,13.104412442396313,6.794228993536473,9.230798771121352,9.576660280970625
2020-04-30,35.48522273425499,23.673233486943165,13.104412442396313,6.794228993536473,9.230798771121352,9.576660280970625
2020-05-01,35.4849854003381,23.669855540187488,13.1053826648225,6.792286374133949,9.231366220992776,9.576660280970625
2020-05-02,35.48591397849462,23.66632104454685,13.10602534562212,6.7919205909510625,9.231029185867895,9.577750127616131
2020-05-03,35.48591397849462,23.66632104454685,13.10602534562212,6.7919205909510625,9.231029185867895,9.577750127616131
2020-05-04,35.48684170121296,23.662329187778287,13.107818977429757,6.791555145362253,9.2302318440043,9.57883830655445
2020-05-05,35.48684170121296,23.662329187778287,13.107818977429757,6.791555145362253,9.2302318440043,9.57883830655445
2020-05-06,35.48684170121296,23.662329187778287,13.107818977429757,6.791555145362253,9.2302318440043,9.57883830655445
2020-05-07,35.488684170121296,23.65634116382619,13.111043298019347,6.789247808029534,9.22931060955013,9.578395769622833
2020-05-08,35.488684170121296,23.65634116382619,13.111043298019347,6.789247808029534,9.22931060955013,9.578395769622833
2020-05-09,35.490300798035605,23.652816144874155,13.111682780847145,6.788653136531366,9.228514426028237,9.579481792717086
2020-05-10,35.490300798035605,23.652816144874155,13.111682780847145,6.788653136531366,9.228514426028237,9.579481792717086
2020-05-11,35.490300798035605,23.652816144874155,13.111682780847145,6.788653136531366,9.228514426028237,9.579481792717086
2020-05-12,35.49122564810554,23.648373983739837,13.1132420616659,6.788520055325035,9.22771897530296,9.580566157760813
2020-05-13,35.49106046654389,23.645288520564762,13.115043738489872,6.786692804428045,9.227271332105587,9.580566157760813
2020-05-14,35.49221506366007,23.641310016873753,13.117291762540267,6.78633010603965,9.226246356803191,9.580886092041698
2020-05-15,35.493135450222425,23.633946924374904,13.120513115508514,6.784024896265561,9.226246356803191,9.581205538617885
2020-05-16,35.49405583678478,23.626353735235465,13.122814081914404,6.782641770401107,9.226246356803191,9.581524498603706
2020-05-17,35.49405583678478,23.626353735235465,13.122814081914404,6.782641770401107,9.226246356803191,9.581524498603706
2020-05-18,35.494748543391594,23.621925789635082,13.125057497700093,6.7822811059907835,9.225452315240725,9.5822234906139
2020-05-19,35.49451603006596,23.619450836017794,13.126955821445007,6.7798755186722,9.225095873600246,9.5822234906139
2020-05-20,35.49382289748311,23.616973603437692,13.128855893186003,6.778390221402215,9.224278698588092,9.5822234906139
2020-05-21,35.49382289748311,23.616973603437692,13.128855893186003,6.778390221402215,9.224278698588092,9.5822234906139
2020-05-22,35.49497622334714,23.61323822672189,13.131557754256788,6.7778008298755195,9.223255100475534,9.581780735107731
2020-05-23,35.49658846979454,23.60950628641521,13.132647194112236,6.777442396313365,9.222692425636309,9.581718591691995
2020-05-24,35.49658846979454,23.60950628641521,13.132647194112236,6.777442396313365,9.222692425636309,9.581718591691995
2020-05-25,35.49727969348659,23.605547892720306,13.134885057471264,6.777084292952557,9.222130268199235,9.58165654264743
2020-05-26,35.49727969348659,23.605547892720306,13.134885057471264,6.777084292952557,9.222130268199235,9.58165654264743
2020-05-27,35.49727969348659,23.605547892720306,13.134885057471264,6.777084292952557,9.222130268199235,9.58165654264743
2020-05-28,35.49658846979454,23.603066544004907,13.136327046918124,6.775599078341014,9.221772462434837,9.58165654264743
2020-05-29,35.497508432996014,23.59570683839313,13.14000689972401,6.772834101382489,9.221772462434837,9.581215225088517
2020-05-30,35.4995785440613,23.591984674329503,13.141091954022988,6.772708429295256,9.220980842911878,9.58077457669952
2020-05-31,35.4995785440613,23.591984674329503,13.141091954022988,6.772708429295256,9.220980842911878,9.58077457669952
2020-06-01,35.4995785440613,23.591984674329503,13.141091954022988,6.772708429295256,9.220980842911878,9.58077457669952
2020-06-02,35.500957414215684,23.587576593137253,13.143324908088236,6.77212246777164,9.220419730392157,9.581092171717172
2020-06-03,35.50072796934866,23.58462835249042,13.144310344827586,6.770635651773377,9.220521072796936,9.581092171717172
2020-06-04,35.50187653186274,23.580683210784315,13.147001378676471,6.7702808471454885,9.219960171568628,9.580652283623516
2020-06-05,35.50187653186274,23.580683210784315,13.147001378676471,6.7702808471454885,9.219960171568628,9.580652283623516
2020-06-06,35.50325520833333,23.57356004901961,13.149069393382353,6.768669429097606,9.219960171568628,9.579456631366616
2020-06-07,35.50325520833333,23.57356004901961,13.149069393382353,6.768669429097606,9.219960171568628,9.579456631366616
2020-06-08,35.50325520833333,23.57356004901961,13.149069393382353,6.768669429097606,9.219960171568628,9.579456631366616
2020-06-09,35.50440208237636,23.569162455979175,13.151067983463482,6.768545789231478,9.219629459500842,9.57977450239355
2020-06-10,35.50463388480392,23.566666666666666,13.152056525735293,6.766597605893186,9.219270833333335,9.57977450239355
2020-06-11,35.50408429118774,23.563777777777776,13.153597701149426,6.764762782128052,9.219302681992337,9.57977450239355
2020-06-12,35.505690870098036,23.559842218137256,13.156744025735295,6.7634898710865565,9.218282781862746,9.579336606243706
2020-06-13,35.50638020833333,23.55179993872549,13.16042049632353,6.76279926335175,9.21759344362745,9.578522012578615
2020-06-14,35.50638020833333,23.55179993872549,13.16042049632353,6.76279926335175,9.21759344362745,9.578522012578615
2020-06-15,35.50821844362745,23.54490655637255,13.16340762867647,6.76072744014733,9.216214767156863,9.57846279537456
2020-06-16,35.50821844362745,23.54490655637255,13.16340762867647,6.76072744014733,9.216214767156863,9.57846279537456
2020-06-17,35.508452107279695,23.54239846743295,13.164402298850575,6.7592353754030405,9.215394636015326,9.57846279537456
2020-06-18,35.510516237745094,23.53893229166667,13.166854319852941,6.758195211786372,9.214376531862746,9.578403667420245
2020-06-19,35.510516237745094,23.53893229166667,13.166854319852941,6.758195211786372,9.214376531862746,9.578403667420245
2020-06-20,35.51166513480392,23.53226868872549,13.170301011029412,6.756353591160222,9.212997855392157,9.578344628514056
2020-06-21,35.51166513480392,23.53226868872549,13.170301011029412,6.756353591160222,9.212997855392157,9.578344628514056
2020-06-22,35.512119124177,23.52834941050375,13.17274919614148,6.7560055223193745,9.212670341448476,9.578661901178831
2020-06-23,35.512119124177,23.52834941050375,13.17274919614148,6.7560055223193745,9.212670341448476,9.578661901178831
2020-06-24,35.512814031862746,23.52537530637255,13.173747702205883,6.754511970534071,9.211848958333334,9.578661901178831
2020-06-25,35.51349716735569,23.52191854233655,13.176883325677538,6.753704555913484,9.210832950543562,9.578978696741855
2020-06-26,35.51555708601163,23.51800581573309,13.179556932966024,6.752897884084637,9.209817875726968,9.578543701477585
2020-06-27,35.51486838077747,23.510659626568717,13.18391873278237,6.751977920883165,9.209358738904193,9.57886011011011
2020-06-28,35.51486838077747,23.510659626568717,13.18391873278237,6.751977920883165,9.209358738904193,9.57886011011011
2020-06-29,35.51486838077747,23.510659626568717,13.18391873278237,6.751977920883165,9.209358738904193,9.57886011011011
2020-06-30,35.51532048340217,23.50721278874101,13.185670032124829,6.752091954022989,9.208803732599051,9.579551137784446
2020-07-01,35.51532048340217,23.50721278874101,13.185670032124829,6.752091954022989,9.208803732599051,9.579551137784446
2020-07-02,35.51669726174086,23.501246749273367,13.18980036714089,6.749793103448276,9.206509102034573,9.57986631684158
2020-07-03,35.5160162228344,23.49780379553107,13.190805785123967,6.748758049678013,9.206603917967554,9.57986631684158
2020-07-04,35.51692672479731,23.493903931467035,13.193242312987609,6.748183908045977,9.206050175921677,9.58018102372035
2020-07-05,35.51692672479731,23.493903931467035,13.193242312987609,6.748183908045977,9.206050175921677,9.58018102372035
2020-07-06,35.51692672479731,23.493903931467035,13.193242312987609,6.748183908045977,9.206050175921677,9.58018102372035
2020-07-07,35.517148318042814,23.49000764525994,13.194988532110091,6.748299632352942,9.205496941896024,9.581243762475049
2020-07-08,35.51692672479731,23.487937891999387,13.196913721890775,6.74680459770115,9.204214471470094,9.581243762475049
2020-07-09,35.51716406489134,23.485315273951635,13.198243801652893,6.745078196872125,9.203711355984083,9.581243762475049
2020-07-10,35.51762320171411,23.47888735843281,13.202376033057853,6.743238270469182,9.202793082338538,9.580809025180752
2020-07-11,35.51876242924889,23.474537249502827,13.204577787976136,6.742896551724138,9.201782163071746,9.581122321873442
2020-07-12,35.51990061162079,23.470649847094798,13.20631880733945,6.742555147058824,9.201230886850153,9.582181976599452
2020-07-13,35.51990061162079,23.470649847094798,13.20631880733945,6.742555147058824,9.201230886850153,9.582181976599452
2020-07-14,35.52057924499465,23.466536756839368,13.207828977533243,6.742673403766652,9.200909368791075,9.583240049751243
2020-07-15,35.52035932721712,23.46445718654434,13.209300458715598,6.741176470588236,9.199166666666667,9.583240049751243
2020-07-16,35.52035932721712,23.46445718654434,13.209300458715598,6.741176470588236,9.199166666666667,9.583240049751243
2020-07-17,35.52035932721712,23.46445718654434,13.209300458715598,6.741176470588236,9.199166666666667,9.583240049751243
2020-07-18,35.52035932721712,23.457117737003056,13.213658256880734,6.7397977941176475,9.198249235474007,9.583177976634351
2020-07-19,35.52035932721712,23.457117737003056,13.213658256880734,6.7397977941176475,9.198249235474007,9.583177976634351
2020-07-20,35.519221355361786,23.45457396359186,13.21513308857274,6.738758620689656,9.19788129111213,9.583177976634351
2020-07-21,35.51899189230534,23.448607924124214,13.217886645250115,6.7376091954023,9.196275049716997,9.583488574267262
2020-07-22,35.51990974453113,23.44333027382591,13.222475906379074,6.735540229885058,9.193292029983173,9.583054107719036
2020-07-23,35.52058868501529,23.43899847094801,13.225584862385322,6.734742647058824,9.192285932721713,9.584108382936508
2020-07-24,35.52058868501529,23.43899847094801,13.225584862385322,6.734742647058824,9.192285932721713,9.584108382936508
2020-07-25,35.52172550817668,23.43467064037903,13.227773956900505,6.734405144694534,9.191739263334862,9.583674101610905
2020-07-26,35.52240299419493,23.430805071799572,13.229961044912924,6.734067952249771,9.19119309501986,9.584726349678059
2020-07-27,35.52353794472438,23.426484959535806,13.232604214383876,6.733731069297844,9.18973125668041,9.585034644889879
2020-07-28,35.52398504273504,23.42262667887668,13.233871336996337,6.7338532110091744,9.189186507936508,9.586084322453017
2020-07-29,35.52398504273504,23.42262667887668,13.233871336996337,6.7338532110091744,9.189186507936508,9.586084322453017
2020-07-30,35.52376698732631,23.421446022293477,13.235352725606964,6.732354290959156,9.186982745457323,9.586084322453017
2020-07-31,35.52376698732631,23.415032829439607,13.24039166284929,6.730059660394677,9.185608489845778,9.585649864096862
2020-08-01,35.524900793650794,23.410721916971916,13.242570970695972,6.7297247706422025,9.185065628815629,9.584475308641975
2020-08-02,35.525575896262396,23.407330282227306,13.244290617848971,6.729390187987162,9.184523264683449,9.584782876881322
2020-08-03,35.525575896262396,23.407330282227306,13.244290617848971,6.729390187987162,9.184523264683449,9.584782876881322
2020-08-04,35.52602165294297,23.40348429399207,13.245779963403477,6.729285059578369,9.184210125038122,9.58582963510848
2020-08-05,35.52602165294297,23.40348429399207,13.245779963403477,6.729285059578369,9.184210125038122,9.58582963510848
2020-08-06,35.52693656602623,23.397994815492527,13.249439615736506,6.727451879010083,9.18146538578835,9.586874846021187
2020-08-07,35.525804729214336,23.39588863463005,13.250469107551488,6.726409903713893,9.180633104500382,9.586874846021187
2020-08-08,35.52693656602623,23.391590423909726,13.252641811527905,6.7260769935838685,9.180093016163465,9.58570285573609
2020-08-09,35.5280673677793,23.387753391251334,13.254812528577961,6.7257443884562536,9.179553421734493,9.586746617466174
2020-08-10,35.5280673677793,23.387753391251334,13.254812528577961,6.7257443884562536,9.179553421734493,9.586746617466174
2020-08-11,35.52851157830591,23.38437690432663,13.256067184643511,6.725641025641026,9.179242839731872,9.58778883972468
2020-08-12,35.528054539914685,23.379669408897016,13.258489488117002,6.724542124542125,9.177643205362584,9.588829525915008
2020-08-13,35.527838744093884,23.378014022252707,13.260436671239141,6.72304168575355,9.175438195397044,9.588829525915008
2020-08-14,35.527838744093884,23.378014022252707,13.260436671239141,6.72304168575355,9.175438195397044,9.588829525915008
2020-08-15,35.52600975461058,23.372069806431945,13.265923639689072,6.7216674301420065,9.173609205913733,9.58839592538046
2020-08-16,35.526226386349784,23.369614564290067,13.267173217550274,6.721336996336996,9.173072821450335,9.589434633308805
2020-08-17,35.526226386349784,23.369614564290067,13.267173217550274,6.721336996336996,9.173072821450335,9.589434633308805
2020-08-18,35.526442820161414,23.36716156540277,13.268421653723161,6.721006864988558,9.172536927059541,9.59047181372549
2020-08-19,35.526442820161414,23.36716156540277,13.268421653723161,6.721006864988558,9.172536927059541,9.59047181372549
2020-08-20,35.526442820161414,23.36213643977463,13.27161946094107,6.719633867276888,9.170252779046749,9.590772716140092
2020-08-21,35.526442820161414,23.36213643977463,13.27161946094107,6.719633867276888,9.170252779046749,9.590772716140092
2020-08-22,35.52665905631659,23.35877473363775,13.274235159817351,6.718847209515096,9.169261796042619,9.590338962310328
2020-08-23,35.526875095085956,23.355872508747908,13.275479233226838,6.718975765889346,9.168728130229729,9.5906395206652
2020-08-24,35.526875095085956,23.355872508747908,13.275479233226838,6.718975765889346,9.168728130229729,9.5906395206652
2020-08-25,35.5252776509965,23.351308382778033,13.278217708808764,6.717832647462277,9.167815305035752,9.591672776148583
2020-08-26,35.5252776509965,23.351308382778033,13.278217708808764,6.717832647462277,9.167815305035752,9.591672776148583
2020-08-27,35.52573406359349,23.346744256808154,13.28278183477864,6.715775034293553,9.165076829453827,9.591239316239315
2020-08-28,35.52573406359349,23.3412673056443,13.286433135554542,6.713946044810243,9.163707591662863,9.590806490971206
2020-08-29,35.525950425790754,23.33791818734793,13.289039689781022,6.713162705667276,9.162720498783456,9.590374298951474
2020-08-30,35.52616659066727,23.334572123423012,13.291187870497037,6.712836911831887,9.162190302477581,9.591404727095517
2020-08-31,35.52616659066727,23.334572123423012,13.291187870497037,6.712836911831887,9.162190302477581,9.591404727095517
2020-09-01,35.52661045274992,23.3312291096931,13.293106198723793,6.712511415525114,9.161432695229413,9.592433649866082
2020-09-02,35.52661045274992,23.3312291096931,13.293106198723793,6.712511415525114,9.161432695229413,9.592433649866082
2020-09-03,35.52661045274992,23.327127013065937,13.297208295350957,6.710684931506849,9.158697964144638,9.59273114355231
2020-09-04,35.52661045274992,23.327127013065937,13.297208295350957,6.710684931506849,9.158697964144638,9.59273114355231
2020-09-05,35.525698875721666,23.321657550896383,13.300854603463993,6.708401826484018,9.158242175630507,9.592298808655482
2020-09-06,35.52591495823842,23.318777524677298,13.302995444191344,6.708078502966682,9.157258921791952,9.593324829931973
2020-09-07,35.52591495823842,23.318777524677298,13.302995444191344,6.708078502966682,9.157258921791952,9.593324829931973
2020-09-08,35.52567547055252,23.315444748026714,13.305134335154827,6.707983576642335,9.156731936854888,9.594349356639961
2020-09-09,35.52509491268033,23.3137205770691,13.306503416856494,6.706252852578731,9.15584662110858,9.594349356639961
2020-09-10,35.52487845639623,23.312040413248255,13.308010483135826,6.704748858447489,9.15409450015193,9.594349356639961
2020-09-11,35.52487845639623,23.312040413248255,13.308010483135826,6.704748858447489,9.15409450015193,9.594349356639961
2020-09-12,35.52305530233971,23.30611516256457,13.31256836827712,6.702922374429224,9.15409450015193,9.593916787967006
2020-09-13,35.52327258921792,23.303242217160214,13.314703872437358,6.70260155180283,9.153568716780562,9.59421212121212
2020-09-14,35.52327258921792,23.303242217160214,13.314703872437358,6.70260155180283,9.153568716780562,9.59421212121212
2020-09-15,35.523261991499695,23.299916514875534,13.316382058287797,6.702737226277372,9.152815725561627,9.595597141472867
2020-09-16,35.523044798785115,23.29777524677297,13.318348519362187,6.700775901414879,9.151518602885345,9.595597141472867
2020-09-17,35.52348967820279,23.294679720704313,13.321163479052824,6.7,9.150766545233758,9.595890825465988
2020-09-18,35.52348967820279,23.294679720704313,13.321163479052824,6.7,9.150766545233758,9.595890825465988
2020-09-19,35.52370656956455,23.29090426338947,13.324203459262632,6.69922480620155,9.150242755272341,9.595821238509917
2020-09-20,35.52370656956455,23.29090426338947,13.324203459262632,6.69922480620155,9.150242755272341,9.595821238509917
2020-09-21,35.52370656956455,23.29090426338947,13.324203459262632,6.69922480620155,9.150242755272341,9.595821238509917
2020-09-22,35.52392326357294,23.287700940248712,13.326558234758872,6.699020054694621,9.14937822262663,9.596476915639352
2020-09-23,35.52370656956455,23.285100895160067,13.328527537551206,6.697514819881441,9.148080716128053,9.596476915639352
2020-09-24,35.52370656956455,23.285100895160067,13.328527537551206,6.697514819881441,9.148080716128053,9.596476915639352
2020-09-25,35.522578931390406,23.28249848208865,13.330498633879783,6.696464416058394,9.147237401335762,9.596476915639352
2020-09-26,35.52234107115763,23.278728569261116,13.333989531178881,6.696146830825353,9.146715217721134,9.596044685990337
2020-09-27,35.52255838641189,23.275417045799212,13.33611237488626,6.695829535095715,9.146193509250834,9.59706130823075
2020-09-28,35.52255838641189,23.275417045799212,13.33611237488626,6.695829535095715,9.146193509250834,9.59706130823075
2020-09-29,35.5223207518569,23.27188115810217,13.33868804001819,6.695740318906606,9.14499014703653,9.598438253738543
2020-09-30,35.52164846830452,23.26973005762815,13.340661965423113,6.694690063810392,9.143691234455565,9.598438253738543
2020-10-01,35.521411247536754,23.26596938002122,13.344145065939063,6.694373576309795,9.14317113839624,9.598728609303446
2020-10-02,35.51982863208978,23.264270548983927,13.345211555959965,6.693322698268004,9.142781316348195,9.598728609303446
2020-10-03,35.52004699105654,23.26051235410035,13.348237835379718,6.6930068337129835,9.141806881916022,9.598296001926782
2020-10-04,35.5198106060606,23.25721212121212,13.350352272727273,6.692691256830601,9.141742424242423,9.59930806257521
2020-10-05,35.5198106060606,23.25721212121212,13.350352272727273,6.692691256830601,9.141742424242423,9.59930806257521
2020-10-06,35.52002877479933,23.253233378767227,13.352691958200818,6.692375967228038,9.140769347266394,9.600679413179412
2020-10-07,35.51935606060606,23.251530303030304,13.35421590909091,6.6908697632058285,9.139469696969696,9.600679413179412
2020-10-08,35.51935606060606,23.251530303030304,13.35421590909091,6.6908697632058285,9.139469696969696,9.600679413179412
2020-10-09,35.52002877479933,23.24823565046191,13.357235347569288,6.690100136549841,9.13849765258216,9.600967315549147
2020-10-10,35.518211419051944,23.241874905346055,13.362233075874602,6.688734638142922,9.137588974708466,9.600534341978866
2020-10-11,35.51752194974266,23.239040266424464,13.365247502270664,6.687966333030027,9.137072358462003,9.600101991840653
2020-10-12,35.51752194974266,23.239040266424464,13.365247502270664,6.687966333030027,9.137072358462003,9.600101991840653
2020-10-13,35.517513996065965,23.235413829626268,13.36791874716296,6.687653478854024,9.136329247995157,9.600749400479616
2020-10-14,35.51638661822585,23.23325007568877,13.369448228882835,6.6866014558689715,9.13548289433848,9.600749400479616
2020-10-15,35.51502422040569,23.227891310929458,13.374171207992733,6.684417652411283,9.133530124129578,9.601755331895518
2020-10-16,35.51344086021505,23.226177495077994,13.375249886415265,6.682908511606737,9.133136453127365,9.601755331895518
2020-10-17,35.513434756282166,23.222668785952163,13.378031335149863,6.682597816196543,9.132394792612777,9.601682231800766
2020-10-18,35.513434756282166,23.222668785952163,13.378031335149863,6.682597816196543,9.132394792612777,9.601682231800766
2020-10-19,35.513434756282166,23.222668785952163,13.378031335149863,6.682597816196543,9.132394792612777,9.601682231800766
2020-10-20,35.5132016946588,23.218709335754273,13.380129369042216,6.682969531605275,9.131880768648813,9.603044986838956
2020-10-21,35.512526491068726,23.216537995761428,13.381891462306994,6.681460418562329,9.130805328489252,9.603044986838956
2020-10-22,35.512526491068726,23.216537995761428,13.381891462306994,6.681460418562329,9.130805328489252,9.603044986838956
2020-10-23,35.51308821304282,23.21326221818732,13.3848955969133,6.680923146884948,9.130065062793161,9.60297106647537
2020-10-24,35.51308227465215,23.209535692679975,13.387670145190562,6.680613636363637,9.129325468844526,9.603255675029867
2020-10-25,35.51308227465215,23.209535692679975,13.387670145190562,6.680613636363637,9.129325468844526,9.603255675029867
2020-10-26,35.51308227465215,23.209535692679975,13.387670145190562,6.680613636363637,9.129325468844526,9.603255675029867
2020-10-27,35.51240169388989,23.203864186327888,13.390619328493647,6.679477272727273,9.127283726557774,9.604972540592168
2020-10-28,35.51240169388989,23.203864186327888,13.390619328493647,6.679477272727273,9.127283726557774,9.604972540592168
2020-10-29,35.51240169388989,23.203864186327888,13.390619328493647,6.679477272727273,9.127283726557774,9.604972540592168
2020-10-30,35.51036465425934,23.202141019821454,13.392158420335905,6.67887676216462,9.126433651081857,9.604972540592168
2020-10-31,35.50764109547586,23.195786049326674,13.397151611438947,6.678422010004548,9.125525798154031,9.605255308995465
2020-11-01,35.507410768300055,23.19206745311555,13.399693738656987,6.678568181818182,9.125015124016938,9.605537672866
2020-11-02,35.507410768300055,23.19206745311555,13.399693738656987,6.678568181818182,9.125015124016938,9.605537672866
2020-11-03,35.50695389266818,23.188578987150414,13.401780045351474,6.6784870513403,9.124731670445955,9.6065344293543
2020-11-04,35.50695389266818,23.188578987150414,13.401780045351474,6.6784870513403,9.124731670445955,9.6065344293543
2020-11-05,35.505822746521474,23.18639594676346,13.403323502722323,6.677431818181819,9.123880822746521,9.6065344293543
2020-11-06,35.505822746521474,23.18639594676346,13.403323502722323,6.677431818181819,9.123880822746521,9.6065344293543
2020-11-07,35.50604686318972,23.18268329554044,13.405408163265307,6.6771240345297596,9.12337112622827,9.606815476190476
2020-11-08,35.50627077666969,23.179427319431852,13.407490933816863,6.677270663033606,9.122861891810214,9.606382345943373
2020-11-09,35.50694759099834,23.175721190152544,13.410024920706842,6.676509305492511,9.121900015103458,9.606663100332858
2020-11-10,35.50649154589372,23.172244867149757,13.411877264492754,6.676656079854809,9.121165458937197,9.608368971252078
2020-11-11,35.5052031415194,23.17048784171575,13.41342319891255,6.675374489332729,9.120200876000604,9.608368971252078
2020-11-12,35.50542723429951,23.166787439613525,13.41640625,6.675068058076225,9.119240640096619,9.608647910731243
2020-11-13,35.50361564009661,23.16135265700483,13.420935235507246,6.674160617059891,9.117881944444445,9.608214709371293
2020-11-14,35.501804045893714,23.154106280193236,13.425917119565216,6.673253176043557,9.11742904589372,9.608493361782836
2020-11-15,35.50157688245058,23.15041496906594,13.428440470801267,6.673401360544218,9.11692319299834,9.60806088604596
2020-11-16,35.50157688245058,23.15041496906594,13.428440470801267,6.673401360544218,9.11692319299834,9.60806088604596
2020-11-17,35.50202865761689,23.146953242835593,13.430282805429863,6.673549410698096,9.116191553544494,9.609049479166666
2020-11-18,35.50112368024132,23.141975867269984,13.434355203619909,6.672416137805984,9.114607843137255,9.608972084220486
2020-11-19,35.50112368024132,23.141975867269984,13.434355203619909,6.672416137805984,9.114607843137255,9.608972084220486
2020-11-20,35.50112368024132,23.141975867269984,13.434355203619909,6.672416137805984,9.114607843137255,9.608972084220486
2020-11-21,35.50134931403588,23.138745665611335,13.436872455902307,6.672111463525147,9.113651439770843,9.608540189125295
2020-11-22,35.50157474382157,23.135518384569014,13.43893535262206,6.672259963768116,9.112695901145267,9.608108906213086
2020-11-23,35.50157474382157,23.135518384569014,13.43893535262206,6.672259963768116,9.112695901145267,9.608108906213086
2020-11-24,35.50179996987497,23.13206808254255,13.44077044735653,6.672408329560888,9.111741226088267,9.609094664778093
2020-11-25,35.49999246534056,23.129415310427966,13.442778028933091,6.6715806159420294,9.111339662447257,9.609094664778093
2020-11-26,35.49976653110408,23.12574182858864,13.446192950745594,6.6717292892711635,9.110385600240999,9.610079028072658
2020-11-27,35.49841090525681,23.119415574634733,13.45206732941708,6.670371208691716,9.109029974393733,9.609647571900046
2020-11-28,35.49908912978018,23.115748268593794,13.455476513098464,6.670067873303168,9.108529057512797,9.607803297997643
2020-11-29,35.49841234010534,23.112535741158766,13.457528216704288,6.670669380370873,9.108028592927013,9.607374058380413
2020-11-30,35.498413056558356,23.10910048134777,13.459352436823105,6.671044303797468,9.10707731648616,9.608356857210067
2020-12-01,35.498413056558356,23.10910048134777,13.459352436823105,6.671044303797468,9.10707731648616,9.608356857210067
2020-12-02,35.497735139202405,23.10598946576373,13.461365688487584,6.669538670284939,9.106674191121144,9.608356857210067
2020-12-03,35.49796179302045,23.10233152827918,13.464767599277979,6.669235985533454,9.105723525872442,9.608633051245885
2020-12-04,35.49796179302045,23.10233152827918,13.464767599277979,6.669235985533454,9.105723525872442,9.608633051245885
2020-12-05,35.49615673886883,23.09556257521059,13.470182761732852,6.668783905967451,9.10482099879663,9.60749941273197
2020-12-06,35.49593294241467,23.091910990828445,13.47267704104646,6.668933574333484,9.10432265824688,9.607775821596244
2020-12-07,35.49593294241467,23.091910990828445,13.47267704104646,6.668933574333484,9.10432265824688,9.607775821596244
2020-12-08,35.495934776074535,23.088488127442137,13.474492786293958,6.66953477868112,9.103599338743612,9.608051841426224
2020-12-09,35.495934776074535,23.088488127442137,13.474492786293958,6.66953477868112,9.103599338743612,9.608051841426224
2020-12-10,35.49548391944695,23.08294259092275,13.47918169522092,6.667276422764227,9.102224226029456,9.607975855602437
2020-12-11,35.49300105247331,23.079822583070214,13.48120207487596,6.666674197921374,9.102270335287926,9.607975855602437
2020-12-12,35.493680492936576,23.076179741508867,13.484141118124437,6.665921409214092,9.101773369401863,9.606845865542281
2020-12-13,35.49345801412047,23.072990836713235,13.48662685894547,6.6660722347629795,9.10082619798708,9.607121956928838
2020-12-14,35.49322963630898,23.070769461977758,13.488198827772768,6.6645663956639565,9.099519086263902,9.607121956928838
2020-12-15,35.49345801412047,23.068033648790745,13.489781433077964,6.664717832957111,9.098798257473337,9.607397660818712
2020-12-16,35.49413663663663,23.065075075075075,13.492263513513514,6.664869133574007,9.097852852852853,9.606971715755025
2020-12-17,35.49390866756797,23.06285113414451,13.493837314105454,6.663363431151241,9.096544990235842,9.606971715755025
2020-12-18,35.49390866756797,23.06285113414451,13.493837314105454,6.663363431151241,9.096544990235842,9.606971715755025
2020-12-19,35.492106053777974,23.056091332432025,13.498343848580442,6.663363431151241,9.096094336788344,9.606546367671104
2020-12-20,35.492106053777974,23.056091332432025,13.498343848580442,6.663363431151241,9.096094336788344,9.606546367671104
2020-12-21,35.492106053777974,23.056091332432025,13.498343848580442,6.663363431151241,9.096094336788344,9.606546367671104
2020-12-22,35.49188438438438,23.052912912912912,13.499695945945946,6.663966606498195,9.095375375375376,9.60752217553688
2020-12-23,35.49075409343548,23.05045816433829,13.501498422712935,6.662911963882618,9.094291722998348,9.60752217553688
2020-12-24,35.49075409343548,23.05045816433829,13.501498422712935,6.662911963882618,9.094291722998348,9.60752217553688
2020-12-25,35.49075409343548,23.05045816433829,13.501498422712935,6.662911963882618,9.094291722998348,9.60752217553688
2020-12-26,35.490983483483475,23.04683183183183,13.503524774774775,6.662612815884477,9.09424924924925,9.6070970375554
2020-12-27,35.490983483483475,23.04683183183183,13.503524774774775,6.662612815884477,9.09424924924925,9.6070970375554
2020-12-28,35.490983483483475,23.04683183183183,13.503524774774775,6.662612815884477,9.09424924924925,9.6070970375554
2020-12-29,35.490983483483475,23.04683183183183,13.503524774774775,6.662612815884477,9.09424924924925,9.6070970375554
2020-12-30,35.490303439987976,23.045050322968304,13.505103650292925,6.661106094808127,9.09293976265585,9.6070970375554
2020-12-31,35.490303439987976,23.045050322968304,13.505103650292925,6.661106094808127,9.09293976265585,9.6070970375554
2021-01-01,35.488270213405464,23.042816351067028,13.507134806131651,6.660049683830172,9.092079951908627,9.6070970375554
2021-01-02,35.488270213405464,23.042816351067028,13.507134806131651,6.660049683830172,9.092079951908627,9.6070970375554
2021-01-03,35.488270213405464,23.042816351067028,13.507134806131651,6.660049683830172,9.092079951908627,9.6070970375554
2021-01-04,35.48895147964548,23.039642481598317,13.509159531320416,6.659751693002257,9.091587802313354,9.606672494172495
2021-01-05,35.48918168168168,23.03602102102102,13.511182432432433,6.660130866425993,9.090870870870871,9.607646168180759
2021-01-06,35.488050172750484,23.033333333333335,13.513215412347904,6.659525959367946,9.089559861799609,9.607646168180759
2021-01-07,35.487830330330326,23.029264264264263,13.516587837837838,6.659679602888087,9.088618618618618,9.607920158286777
2021-01-08,35.487830330330326,23.029264264264263,13.516587837837838,6.659679602888087,9.088618618618618,9.607920158286777
2021-01-09,35.48602852852852,23.022282282282283,13.521768018018019,6.6590027075812275,9.087942942942943,9.60679809257967
2021-01-10,35.48602852852852,23.022282282282283,13.521768018018019,6.6590027075812275,9.087942942942943,9.60679809257967
2021-01-11,35.48602852852852,23.022282282282283,13.521768018018019,6.6590027075812275,9.087942942942943,9.60679809257967
2021-01-12,35.48625994296863,23.018670268647757,13.523784331382261,6.659382047812359,9.087453099204563,9.607072291957229
2021-01-13,35.48515015015015,23.016201201201202,13.525484234234234,6.658009927797834,9.086681681681682,9.607072291957229
2021-01-14,35.48515015015015,23.016201201201202,13.525484234234234,6.658009927797834,9.086681681681682,9.607072291957229
2021-01-15,35.48583220771424,23.012591925559057,13.52839936965331,6.657262065854758,9.086192405823203,9.607346109175378
2021-01-16,35.484699699699696,23.010345345345346,13.529988738738739,6.655753610108303,9.085330330330331,9.607346109175378
2021-01-17,35.48493171244184,23.00673870628846,13.53200135074291,6.655908885881822,9.084841662914604,9.607619545032497
2021-01-18,35.48471347134713,23.003135313531352,13.534312181218121,6.6562143071836495,9.084353435343536,9.607660635583391
2021-01-19,35.48471347134713,23.003135313531352,13.534312181218121,6.6562143071836495,9.084353435343536,9.607660635583391
2021-01-20,35.48471347134713,23.003135313531352,13.534312181218121,6.6562143071836495,9.084353435343536,9.607660635583391
2021-01-21,35.48404558404558,22.999535162693057,13.537670565302143,6.656369235391318,9.082965961913331,9.607933472415391
2021-01-22,35.48404558404558,22.999535162693057,13.537670565302143,6.656369235391318,9.082965961913331,9.607933472415391
2021-01-23,35.48404558404558,22.999535162693057,13.537670565302143,6.656369235391318,9.082965961913331,9.607933472415391
2021-01-24,35.48382793764988,22.99593824940048,13.540576288968824,6.656524024024024,9.082479016786571,9.607511003011352
2021-01-25,35.48382793764988,22.99593824940048,13.540576288968824,6.656524024024024,9.082479016786571,9.607511003011352
2021-01-26,35.48405992509363,22.992569288389515,13.542355805243444,6.656903797088399,9.081767790262173,9.607436342592592
2021-01-27,35.48405992509363,22.992569288389515,13.542355805243444,6.656903797088399,9.081767790262173,9.607436342592592
2021-01-28,35.484740940401316,22.989203354297693,13.54525681341719,6.656720672067207,9.080944893680742,9.60701480453389
2021-01-29,35.484740940401316,22.989203354297693,13.54525681341719,6.656720672067207,9.080944893680742,9.60701480453389
2021-01-30,35.484740940401316,22.989203354297693,13.54525681341719,6.656720672067207,9.080944893680742,9.60701480453389
2021-01-31,35.4849723095345,22.985615925759618,13.547706181709325,6.656875093717199,9.080459512049094,9.606593851132686
2021-02-01,35.4849723095345,22.985615925759618,13.547706181709325,6.656875093717199,9.080459512049094,9.606593851132686
2021-02-02,35.48554009575104,22.98203171753441,13.549704518252543,6.657029376498801,9.079862357869539,9.606519981519982
2021-02-03,35.48441101631492,22.979778476276007,13.551747492890286,6.655525566051882,9.079000149678192,9.606519981519982
2021-02-04,35.48306391258793,22.97439006136806,13.557135907798234,6.654176038386565,9.076754976799881,9.606792474607571
2021-02-05,35.48148397723869,22.971233902365977,13.55918313866427,6.653120312031203,9.076789457921533,9.606792474607571
2021-02-06,35.4785543071161,22.96807490636704,13.56213108614232,6.652964130271649,9.076823970037454,9.606792474607571
2021-02-07,35.47878855944894,22.964944594189877,13.564573974243785,6.653120312031203,9.075890985324948,9.606372549019609
2021-02-08,35.478349049543475,22.961817093249515,13.566341116599311,6.654176038386565,9.075632390360726,9.606990548639926
2021-02-09,35.47903201675643,22.958243566726512,13.568779922202273,6.654331534772182,9.07470077797726,9.605879981571068
2021-02-10,35.478349049543475,22.956428678341567,13.570831462355933,6.652376668166142,9.073387217482413,9.605879981571068
2021-02-11,35.477216232404906,22.954162923030847,13.572435609463911,6.651320132013201,9.07252171308775,9.605879981571068
2021-02-12,35.477216232404906,22.954162923030847,13.572435609463911,6.651320132013201,9.07252171308775,9.605879981571068
2021-02-13,35.477216232404906,22.954162923030847,13.572435609463911,6.651320132013201,9.07252171308775,9.605879981571068
2021-02-14,35.47700194581649,22.95148929800928,13.574423738961233,6.651926825611036,9.071591079179765,9.606152163904236
2021-02-15,35.476900059844404,22.948818073010173,13.57618566726511,6.652532973621104,9.07111011370437,9.606251437773178
2021-02-16,35.47668610737251,22.945700613129954,13.578618962165395,6.652689138576779,9.070629579781667,9.60514367816092
2021-02-17,35.47570317175344,22.943132854578096,13.580329892280071,6.651169064748202,9.07009275882705,9.60514367816092
2021-02-18,35.47345900658288,22.937746858168758,13.585715888689407,6.650269784172663,9.067848593656494,9.60610498506777
2021-02-19,35.47187546774435,22.934575662325997,13.587775033677593,6.649212775528565,9.067430025445294,9.60610498506777
2021-02-20,35.47121484141232,22.9314631956912,13.59020421903052,6.6498201438848925,9.066950927588271,9.605687557392104
2021-02-21,35.47121484141232,22.9314631956912,13.59020421903052,6.6498201438848925,9.066950927588271,9.605687557392104
2021-02-22,35.47121484141232,22.9314631956912,13.59020421903052,6.6498201438848925,9.066950927588271,9.605687557392104
2021-02-23,35.47066696575445,22.928353521758634,13.592182593091072,6.6506516853932585,9.066247943771497,9.605614819912825
2021-02-24,35.47042938360263,22.925179533213644,13.59379488330341,6.649145683453238,9.065380011968882,9.605614819912825
2021-02-25,35.4695317175344,22.919793536804306,13.599180879712746,6.648246402877698,9.063135846798325,9.605542182485099
2021-02-26,35.46932107073425,22.916689098250334,13.60160385823239,6.648404494382023,9.062210258710932,9.60581328751432
2021-02-27,35.468662182361726,22.913587443946188,13.603576233183857,6.649011680143756,9.062182361733932,9.605397206959708
2021-02-28,35.46887243906086,22.91265141318977,13.60519291161956,6.647056179775281,9.059967100343952,9.605397206959708
2021-03-01,35.46887243906086,22.91265141318977,13.60519291161956,6.647056179775281,9.059967100343952,9.605397206959708
2021-03-02,35.4678774289985,22.90977578475336,13.607163677130044,6.647888589398024,9.05949177877429,9.605668039350263
2021-03-03,35.46808733363242,22.90659488559892,13.609230596680124,6.646382022471911,9.05772394197697,9.605668039350263
2021-03-04,35.466980568011955,22.903497757847532,13.612096412556053,6.646540880503145,9.05680119581465,9.606624371284866
2021-03-05,35.46584417526543,22.900314042171374,13.614165545087483,6.645483146067416,9.055929415283385,9.606624371284866
2021-03-06,35.46336026331537,22.897127468581687,13.6171342010772,6.645323741007195,9.055505685218433,9.606624371284866
2021-03-07,35.46180649020487,22.89403319874383,13.619549125168236,6.646382022471911,9.05548078360999,9.606893991318255
2021-03-08,35.4593572496263,22.891390134529146,13.621065022421524,6.64811320754717,9.05545590433483,9.608190639269408
2021-03-09,35.4593572496263,22.891390134529146,13.621065022421524,6.64811320754717,9.05545590433483,9.608190639269408
2021-03-10,35.45846038863976,22.88556053811659,13.625100896860985,6.647214734950584,9.05321375186846,9.608458818161077
2021-03-11,35.4582174368177,22.883714670255717,13.627175863615971,6.645707865168539,9.051443098549425,9.608458818161077
2021-03-12,35.4582174368177,22.883714670255717,13.627175863615971,6.645707865168539,9.051443098549425,9.608458818161077
2021-03-13,35.4582174368177,22.883714670255717,13.627175863615971,6.645707865168539,9.051443098549425,9.608458818161077
2021-03-14,35.456218236173385,22.88062780269058,13.629585201793722,6.646316262353999,9.050971599402093,9.609410624715002
2021-03-15,35.45354848349021,22.877991931869115,13.631095921111609,6.648046699595869,9.05050052293441,9.610702893597631
2021-03-16,35.45354848349021,22.877991931869115,13.631095921111609,6.648046699595869,9.05050052293441,9.610702893597631
2021-03-17,35.45059016883311,22.872568354997757,13.636340206185567,6.64672953150726,9.04873748692664,9.610968806921676
2021-03-18,35.4479007918721,22.86718960107575,13.641270730614075,6.64672953150726,9.046048109965636,9.611916951080774
2021-03-19,35.4479007918721,22.86718960107575,13.641270730614075,6.64672953150726,9.046048109965636,9.611916951080774
2021-03-20,35.44364261168385,22.86203496190049,13.646649484536082,6.64672953150726,9.044255191991633,9.612522737608003
2021-03-21,35.44364261168385,22.86203496190049,13.646649484536082,6.64672953150726,9.044255191991633,9.612522737608003
2021-03-22,35.44030764635603,22.85985663082437,13.649495967741935,6.648459006582885,9.043339307048985,9.613468529879574
2021-03-23,35.44030764635603,22.85985663082437,13.649495967741935,6.648459006582885,9.043339307048985,9.613468529879574
2021-03-24,35.436387395459974,22.85537634408602,13.654760304659497,6.648122381807302,9.041211170848268,9.61373183469573
2021-03-25,35.43613476766771,22.85307037203048,13.656846705513223,6.646617272863344,9.039884954430002,9.61373183469573
2021-03-26,35.43280316606929,22.849551971326164,13.66103270609319,6.647673548773191,9.038971027479093,9.615356251418198
2021-03-27,35.426082735961764,22.843727598566307,13.668201164874551,6.648571214841413,9.038074970131422,9.6156179138322
2021-03-28,35.42492903033019,22.84096817570596,13.670293590318243,6.647515342014669,9.036747347975497,9.6156179138322
2021-03-29,35.42044673539519,22.836485880770955,13.675672344240251,6.647852117946416,9.033833856267742,9.616559030138228
2021-03-30,35.42044673539519,22.836485880770955,13.675672344240251,6.647852117946416,9.033833856267742,9.616559030138228
2021-03-31,35.41596444046018,22.830658897355445,13.68194755714926,6.6483011525220785,9.030696249813237,9.617498867753623
2021-04-01,35.41103391603167,22.82707306140744,13.687326311071269,6.647852117946416,9.027558643358732,9.618437429282643
2021-04-02,35.409424514200296,22.824753363228698,13.688979820627802,6.647244684037138,9.026225710014948,9.618437429282643
2021-04-03,35.409424514200296,22.824753363228698,13.688979820627802,6.647244684037138,9.026225710014948,9.618437429282643
2021-04-04,35.40520693261617,22.82169430748543,13.693153294486777,6.6483011525220785,9.026213954878232,9.618696291270918
2021-04-05,35.40144115890084,22.819086021505374,13.696426971326165,6.649805505685219,9.02530615292712,9.620310734463278
2021-04-06,35.40144115890084,22.819086021505374,13.696426971326165,6.649805505685219,9.02530615292712,9.620310734463278
2021-04-07,35.39696087216248,22.813709677419354,13.70225134408602,6.65025433871933,9.02261798088411,9.6205679765131
2021-04-08,35.39579411325265,22.81362617660242,13.703462572837292,6.648750187097741,9.020386971462722,9.6205679765131
2021-04-09,35.39579411325265,22.81362617660242,13.703462572837292,6.648750187097741,9.020386971462722,9.6205679765131
2021-04-10,35.39372944693572,22.81085201793722,13.705571748878924,6.648143156633723,9.019947683109118,9.6205679765131
2021-04-11,35.38996712983714,22.80735096369341,13.7092895562528,6.649199221673403,9.019938741969222,9.621501918302867
2021-04-12,35.386432198327356,22.80474910394265,13.712331989247312,6.650703171753442,9.01903375149343,9.623111186287776
2021-04-13,35.386432198327356,22.80474910394265,13.712331989247312,6.650703171753442,9.01903375149343,9.623111186287776
2021-04-14,35.38217592592592,22.80038082437276,13.717954749103942,6.64985038898863,9.01674880525687,9.62404214559387
2021-04-15,35.37814366786141,22.795900537634406,13.722883064516129,6.650299222022741,9.013612604540025,9.624971846846847
2021-04-16,35.37433542413381,22.79097222222222,13.727139336917562,6.650523638539797,9.011596475507767,9.626237902318254
2021-04-17,35.37433542413381,22.79097222222222,13.727139336917562,6.650523638539797,9.011596475507767,9.626237902318254
2021-04-18,35.37148081803254,22.787483206448723,13.730844155844155,6.651577688051443,9.011143454246904,9.627164867296447
2021-04-19,35.37148081803254,22.787483206448723,13.730844155844155,6.651577688051443,9.011143454246904,9.627164867296447
2021-04-20,35.3672858848105,22.783997314234554,13.73521709937332,6.653527653213752,9.010131304088333,9.628427736570016
2021-04-21,35.36398956002983,22.78118568232662,13.739362416107381,6.655027640818766,9.009455630126771,9.628341194968554
2021-04-22,35.36303342285885,22.780863921217545,13.740588630259623,6.653303437967115,9.007221724858253,9.628341194968554
2021-04-23,35.35794929157345,22.7782774049217,13.74473154362416,6.655699985059017,9.006771066368383,9.629264870931538
2021-04-24,35.353027591349736,22.771565995525727,13.753232662192394,6.6548035260720155,9.004533929903058,9.62951435621355
2021-04-25,35.353027591349736,22.771565995525727,13.753232662192394,6.6548035260720155,9.004533929903058,9.62951435621355
2021-04-26,35.34750298151461,22.768537567084078,13.757368067978533,6.657198327359618,9.004084675014909,9.631108495852947
2021-04-27,35.34750298151461,22.768537567084078,13.757368067978533,6.657198327359618,9.004084675014909,9.631108495852947
2021-04-28,35.3415362837133,22.76417076441663,13.763734912829682,6.659590983728915,9.003188794516467,9.632028449820789
2021-04-29,35.34079457364341,22.763394454382826,13.765194543828263,6.657646356033453,9.001177698270721,9.632028449820789
2021-04-30,35.34005219985085,22.76194630872483,13.766431767337806,6.656148214552518,8.999835943325877,9.632028449820789
2021-05-01,35.33334079045488,22.756129753914987,13.774485458612975,6.657044673539519,8.998046234153618,9.63227557644952
2021-05-02,35.33334079045488,22.756129753914987,13.774485458612975,6.657044673539519,8.998046234153618,9.63227557644952
2021-05-03,35.328272212283835,22.75266100178891,13.779058586762075,6.6594384707287935,8.997152653548003,9.633864653243847
2021-05-04,35.328272212283835,22.75266100178891,13.779058586762075,6.6594384707287935,8.997152653548003,9.633864653243847
2021-05-05,35.322458258795464,22.746847048300534,13.787108676207513,6.659886499402629,8.99402206320811,9.634110216856696
2021-05-06,35.31574985092427,22.742374776386402,13.794264311270124,6.659886499402629,8.990891472868217,9.635695933869528
2021-05-07,35.31113842944419,22.738466696468482,13.799720607957084,6.661382295865055,8.990001490090897,9.636609734315696
2021-05-08,35.30563747393506,22.735455764075066,13.80517202859696,6.663772008355715,8.989112302651177,9.636852967425257
2021-05-09,35.30563747393506,22.735455764075066,13.80517202859696,6.663772008355715,8.989112302651177,9.636852967425257
2021-05-10,35.30125800208426,22.732000893255915,13.809502009825815,6.666159582401193,8.988447223462856,9.637764771460423
2021-05-11,35.30125800208426,22.732000893255915,13.809502009825815,6.666159582401193,8.988447223462856,9.637764771460423
2021-05-12,35.295451838618426,22.727087985707904,13.817094685127289,6.666607009694258,8.985320827750485,9.638006907308379
2021-05-13,35.289199047193684,22.723068334077713,13.824240732469852,6.667054436987323,8.982194432038114,9.638916722333557
2021-05-14,35.289199047193684,22.723068334077713,13.824240732469852,6.667054436987323,8.982194432038114,9.638916722333557
2021-05-15,35.282052999851125,22.71770879857079,13.831386779812416,6.668396718866518,8.980854548161382,9.639825322652426
2021-05-16,35.277462797619044,22.71470982142857,13.835926339285713,6.670333929636255,8.97997023809524,9.641399822103626
2021-05-17,35.27321136397441,22.71149040606872,13.840238732708611,6.672604678885412,8.978975159898855,9.642305555555556
2021-05-18,35.27321136397441,22.71149040606872,13.840238732708611,6.672604678885412,8.978975159898855,9.642305555555556
2021-05-19,35.26845902127026,22.70644801427934,13.846664435519857,6.67238116525108,8.976543209876544,9.642543859649123
2021-05-20,35.26723958333333,22.705126488095235,13.848381696428572,6.670892963625522,8.974895833333333,9.642543859649123
2021-05-21,35.262658039565665,22.701242005057264,13.853134761267292,6.672828192519744,8.974237691506767,9.643447625388372
2021-05-22,35.262328869047614,22.699322916666667,13.854408482142857,6.671340190816935,8.972886904761905,9.643447625388372
2021-05-23,35.25730328722296,22.696779711438346,13.858489513609996,6.674169274325734,8.971560315335415,9.645015524506542
2021-05-24,35.25730328722296,22.696779711438346,13.858489513609996,6.674169274325734,8.971560315335415,9.645015524506542
2021-05-25,35.25317424918227,22.693792744573297,13.862120874219446,6.676772415847483,8.970457924472198,9.646248891843973
2021-05-26,35.24737585489146,22.688886410942608,13.868588314005352,6.678112898421209,8.967112696996729,9.646483942414175
2021-05-27,35.24737585489146,22.688886410942608,13.868588314005352,6.678112898421209,8.967112696996729,9.646483942414175
2021-05-28,35.24202349093071,22.68353404698186,13.874386708296164,6.67900655347036,8.964882545346416,9.648046702080567
2021-05-29,35.237457274483575,22.68055431713479,13.87800936246099,6.681829685871669,8.964006538861643,9.649607387746075
2021-05-30,35.237457274483575,22.68055431713479,13.87800936246099,6.681829685871669,8.964006538861643,9.649607387746075
2021-05-31,35.23311794414735,22.677354426619132,13.8814059714795,6.684873511904762,8.962908496732027,9.65050287356322
2021-06-01,35.23311794414735,22.677354426619132,13.8814059714795,6.684873511904762,8.962908496732027,9.65050287356322
2021-06-02,35.22866161616161,22.67156120023767,13.887644830659536,6.6862127976190475,8.959789067142008,9.650071791473382
2021-06-03,35.227871897755975,22.671414771882894,13.889378065091396,6.684286139645676,8.957541982463962,9.650071791473382
2021-06-04,35.227871897755975,22.671414771882894,13.889378065091396,6.684286139645676,8.957541982463962,9.650071791473382
2021-06-05,35.22073859414474,22.66651062565017,13.895173874275525,6.686519279440226,8.955758656561153,9.650965783664459
2021-06-06,35.216629530600116,22.66398544266191,13.898340017825312,6.688891369047619,8.95444147355912,9.652520405912199
2021-06-07,35.21274684484038,22.66079435783222,13.901280623608018,6.6919306857057865,8.953570898292503,9.65341159611993
2021-06-08,35.21274684484038,22.66079435783222,13.901280623608018,6.6919306857057865,8.953570898292503,9.65341159611993
2021-06-09,35.209090234490944,22.656938260611454,13.904886464826358,6.69519030627416,8.952255862273672,9.65297973121833
2021-06-10,35.20575096467794,22.65248590086079,13.909338824577025,6.694967291109129,8.949807064410804,9.654199691765742
2021-06-11,35.20165405726153,22.649525292983235,13.912494437027147,6.697778273146084,8.94893932650942,9.655088008800881
2021-06-12,35.19764871680759,22.6455199525293,13.916054739652871,6.698669936097488,8.946269099540128,9.65597515391381
2021-06-13,35.19764871680759,22.6455199525293,13.916054739652871,6.698669936097488,8.946269099540128,9.65597515391381
2021-06-14,35.194224495848154,22.64278618030842,13.918538701067616,6.701700831847891,8.944958481613286,9.656861129422106
2021-06-15,35.194224495848154,22.64278618030842,13.918538701067616,6.701700831847891,8.944958481613286,9.656861129422106
2021-06-16,35.191177342823245,22.638293297746145,13.923387455516012,6.702079619726679,8.942534104389086,9.656428414580589
2021-06-17,35.19170746180092,22.63724224892449,13.925133511348463,6.699717640065389,8.939838302922414,9.656428414580589
2021-06-18,35.18770212134698,22.63368194629877,13.929138851802403,6.699717640065389,8.937168075953123,9.6566545973228
2021-06-19,35.18770212134698,22.63368194629877,13.929138851802403,6.699717640065389,8.937168075953123,9.6566545973228
2021-06-20,35.18450474495848,22.630731020166074,13.931839412811387,6.702525252525253,8.935861506524317,9.657538377192983
2021-06-21,35.181421372461834,22.62767155772936,13.934315251222765,6.705330363771344,8.935223062101674,9.657927898312515
2021-06-22,35.181421372461834,22.62767155772936,13.934315251222765,6.705330363771344,8.935223062101674,9.657927898312515
2021-06-23,35.179198162146136,22.622780495034828,13.939206313917296,6.706221232368226,8.931665925596562,9.657495619798512
2021-06-24,35.176085667704164,22.619223358529716,13.943652734548687,6.7057757980697845,8.928108789091448,9.659033705405998
2021-06-25,35.173118518518514,22.61605925925926,13.946566666666666,6.7074651231819535,8.927251851851851,9.65925743657043
2021-06-26,35.17097228397806,22.614999258929895,13.948321476211648,6.706443949517446,8.92633022083889,9.65925743657043
2021-06-27,35.16778518518518,22.6125037037037,13.950566666666665,6.708800831107154,8.925474074074074,9.660136612021859
2021-06-28,35.16526728861247,22.609566118762032,13.952365615282096,6.711600652722148,8.924840811491189,9.661014635211883
2021-06-29,35.16526728861247,22.609566118762032,13.952365615282096,6.711600652722148,8.924840811491189,9.661014635211883
2021-06-30,35.163046053605804,22.604679401747372,13.956808085295423,6.711600652722148,8.921731082481859,9.660581750709452
2021-07-01,35.15949207759514,22.602458166740707,13.960362061306085,6.710710577065718,8.918177106471198,9.661458333333334
2021-07-02,35.15682659558715,22.598904190730046,13.963916037316746,6.709375463581071,8.915067377461869,9.662333769348159
2021-07-03,35.15682659558715,22.598904190730046,13.963916037316746,6.709375463581071,8.915067377461869,9.662333769348159
2021-07-04,35.15364860864417,22.596417998815866,13.965708259325043,6.7117289442467385,8.914216992303137,9.662554466230937
2021-07-05,35.15364860864417,22.596417998815866,13.965708259325043,6.7117289442467385,8.914216992303137,9.662554466230937
2021-07-06,35.15091729545791,22.59371208758692,13.967498890368397,6.714302653030977,8.913367362035803,9.662774874809493
2021-07-07,35.14863206152026,22.59034309375924,13.969731588287488,6.716207407407407,8.91251848565513,9.66299499564839
2021-07-08,35.14914188489421,22.59060511910046,13.971049711495782,6.713191047873129,8.909816540908418,9.66299499564839
2021-07-09,35.14914188489421,22.59060511910046,13.971049711495782,6.713191047873129,8.909816540908418,9.66299499564839
2021-07-10,35.1451472111259,22.58661044533215,13.974378606302707,6.713413368904699,8.908041130344726,9.66386714503153
2021-07-11,35.1451472111259,22.58661044533215,13.974378606302707,6.713413368904699,8.908041130344726,9.66386714503153
2021-07-12,35.141977225672875,22.58413191363502,13.975720940550133,6.715985185185185,8.907194616977225,9.664738157322903
2021-07-13,35.141977225672875,22.58413191363502,13.975720940550133,6.715985185185185,8.907194616977225,9.664738157322903
2021-07-14,35.13969696969697,22.580768662232074,13.977949002217294,6.718332592921665,8.906348854397635,9.664305103148752
2021-07-15,35.13975894705708,22.580582667849747,13.979492014196982,6.715762962962963,8.903867199053535,9.664305103148752
2021-07-16,35.1370362158167,22.577220990391723,13.982161862527715,6.717444098918999,8.903244641537324,9.664849175347223
2021-07-17,35.133872635933805,22.574748817966903,13.983942819148934,6.719789816459444,8.902401004728132,9.665717848622858
2021-07-18,35.133872635933805,22.574748817966903,13.983942819148934,6.719789816459444,8.902401004728132,9.665717848622858
2021-07-19,35.13115492541722,22.572057303204843,13.985722197607442,6.722133451694038,8.901115049475704,9.666910489813612
2021-07-20,35.12954679657514,22.569368172423975,13.987499999999999,6.724475007394262,8.900051668142899,9.666802035954083
2021-07-21,35.12666814289932,22.56524948331857,13.99133082373782,6.724275362318841,8.897217301446709,9.667018398268398
2021-07-22,35.12356805432536,22.56259226454089,13.99575952170062,6.723831706595682,8.89323147328019,9.667234479775038
2021-07-23,35.12041463774531,22.559687177217057,13.997974767596281,6.7261714708056175,8.892393389405342,9.66809878945093
2021-07-24,35.11598790025084,22.557031134720376,14.00063081009296,6.727058388765706,8.890180020658109,9.66896197882912
2021-07-25,35.11598790025084,22.557031134720376,14.00063081009296,6.727058388765706,8.890180020658109,9.66896197882912
2021-07-26,35.11239675516224,22.554793510324483,14.002179203539823,6.729838947990545,8.888901179941003,9.670471718480139
2021-07-27,35.11013563320065,22.55145215981129,14.003947368421052,6.732173977255945,8.888065752616837,9.670685005393743
2021-07-28,35.10699233716475,22.548334806955495,14.00670866489832,6.734728373191616,8.887231063955202,9.670736308753774
2021-07-29,35.10703965796845,22.54769276131505,14.008480760725343,6.7319524442475265,8.885190918472652,9.670736308753774
2021-07-30,35.10328025947221,22.54393336281881,14.012461300309598,6.731730911239109,8.882316084328469,9.671595561301444
2021-07-31,35.09969790745652,22.541482463896255,14.014224137931034,6.7345069382934755,8.881041850869437,9.672453703703704
2021-08-01,35.09969790745652,22.541482463896255,14.014224137931034,6.7345069382934755,8.881041850869437,9.672453703703704
2021-08-02,35.09633966710856,22.539475622330237,14.015985417587274,6.737280507599233,8.880210634850494,9.67331073811061
2021-08-03,35.092321849234395,22.53658716136631,14.018628533568904,6.740051622418879,8.878938457008246,9.673521505376344
2021-08-04,35.0870214958775,22.53349528857479,14.023928886925795,6.740936578171092,8.875404888103652,9.674376746185256
2021-08-05,35.083046230859836,22.531728504122494,14.027904151943462,6.740494100294986,8.872313015312132,9.674586554982818
2021-08-06,35.083046230859836,22.531728504122494,14.027904151943462,6.740494100294986,8.872313015312132,9.674586554982818
2021-08-07,35.07774587750294,22.528636631330976,14.03121687279152,6.741157817109145,8.870104534746762,9.675440008585534
2021-08-08,35.07774587750294,22.528636631330976,14.03121687279152,6.741157817109145,8.870104534746762,9.675440008585534
2021-08-09,35.07351729212656,22.526416482707873,14.03274834437086,6.743704850361198,8.869058130978662,9.676614114114114
2021-08-10,35.07351729212656,22.526416482707873,14.03274834437086,6.743704850361198,8.869058130978662,9.676614114114114
2021-08-11,35.068440029433404,22.52288447387785,14.037384105960264,6.743704850361198,8.866409124356144,9.6771436227224
2021-08-12,35.06802856301531,22.522673733804474,14.039167402826855,6.740936578171092,8.864583333333334,9.6771436227224
2021-08-13,35.064025018395874,22.521118469462838,14.04135761589404,6.742820286009141,8.863760117733628,9.677993787489289
2021-08-14,35.059583701088556,22.520005884083552,14.043104589585171,6.7451444149720015,8.862937628714329,9.678842860201241
2021-08-15,35.059583701088556,22.520005884083552,14.043104589585171,6.7451444149720015,8.862937628714329,9.678842860201241
2021-08-16,35.05514630201441,22.5188942802529,14.044629466254962,6.74768743555752,8.861895309513308,9.679690842961062
2021-08-17,35.05514630201441,22.5188942802529,14.044629466254962,6.74768743555752,8.861895309513308,9.679690842961062
2021-08-18,35.04927951771798,22.51633583296574,14.048555359505954,6.747952570334364,8.859248639905896,9.67989630104768
2021-08-19,35.04361858550213,22.515012498162037,14.051790177915013,6.748173515981735,8.856454933098075,9.680742521367522
2021-08-20,35.043637834657254,22.51303324507208,14.05269564577817,6.746293840259358,8.85550897322742,9.680742521367522
2021-08-21,35.037884134686074,22.51280694015586,14.053995735921188,6.749057298571218,8.854690486693135,9.68222827247491
2021-08-22,35.037884134686074,22.51280694015586,14.053995735921188,6.749057298571218,8.854690486693135,9.68222827247491
2021-08-23,35.03257642563198,22.51302175191064,14.055294679600236,6.7518183156654885,8.853872721928278,9.683071916346565
2021-08-24,35.02683267224916,22.513236374320552,14.057033201116498,6.754135393671818,8.852614955193184,9.683274685433995
2021-08-25,35.02683267224916,22.513236374320552,14.057033201116498,6.754135393671818,8.852614955193184,9.683274685433995
2021-08-26,35.020882914646684,22.513016012927867,14.060558983399442,6.754135393671818,8.849750257088292,9.684116581415175
2021-08-27,35.01514684287812,22.51279001468429,14.063175477239353,6.755567814062959,8.848494860499267,9.684957401490948
2021-08-28,35.01007632467342,22.513444884779098,14.064468662850432,6.757770916041759,8.847240569499487,9.685637505321413
2021-08-29,35.01007632467342,22.513444884779098,14.064468662850432,6.757770916041759,8.847240569499487,9.685637505321413
2021-08-30,35.0034697769953,22.514539319248826,14.065540639671362,6.760743680188125,8.84642752347418,9.686476281642204
2021-08-31,34.997308989587914,22.51475289631911,14.067271594075377,6.763052739826649,8.845175245637192,9.687313988095239
2021-09-01,34.997308989587914,22.51475289631911,14.067271594075377,6.763052739826649,8.845175245637192,9.687313988095239
2021-09-02,34.99026983428655,22.51541281712861,14.070571198122892,6.763273101219333,8.841875641589677,9.688469301041003
2021-09-03,34.98411057339786,22.515852764334948,14.073210881360904,6.7628323784339655,8.83879601114533,9.689304670912952
2021-09-04,34.977521254764,22.51694517736734,14.074058194077983,6.765580029368576,8.83798739372618,9.690775514534268
2021-09-05,34.977521254764,22.51694517736734,14.074058194077983,6.765580029368576,8.83798739372618,9.690775514534268
2021-09-06,34.97115750915751,22.51847619047619,14.074684981684982,6.768105093204168,8.836959706959709,9.691608354537744
2021-09-07,34.965019039250144,22.519566490919743,14.075970269478617,6.770627934272301,8.835713239601642,9.692440135621954
2021-09-08,34.96064265846874,22.521534182403748,14.076595666813057,6.7718287138876665,8.834467867076564,9.693270859805168
2021-09-09,34.953835456009365,22.5228517054604,14.079230712926364,6.772048687490835,8.83095447225882,9.69473544973545
2021-09-10,34.94814896107697,22.52393912788996,14.080512876792508,6.773907944884198,8.829711735440446,9.695563663282572
2021-09-11,34.93936932982148,22.524378109452737,14.082707784606379,6.775666959835825,8.827516827626575,9.69639082646375
2021-09-12,34.93936932982148,22.524378109452737,14.082707784606379,6.775666959835825,8.827516827626575,9.69639082646375
2021-09-13,34.93303349422261,22.525903173906684,14.083110282287553,6.778183150183151,8.826495538979085,9.697533798056613
2021-09-14,34.92736111111111,22.526988304093567,14.084170321637426,6.780477445811365,8.825255847953217,9.698358665822251
2021-09-15,34.926846570133094,22.525244990492904,14.086181804885184,6.778490842490843,8.823424016381455,9.698358665822251
2021-09-16,34.92004534152406,22.52700014626298,14.088595144069036,6.7778315018315025,8.819913704841305,9.69949894514768
2021-09-17,34.914378654970754,22.528084795321636,14.089433479532163,6.779686584651436,8.818676900584796,9.700321526460046
2021-09-18,34.90736111111111,22.528523391812865,14.091626461988303,6.779686584651436,8.8156067251462,9.701143067846608
2021-09-19,34.90736111111111,22.528523391812865,14.091626461988303,6.779686584651436,8.8156067251462,9.701143067846608
2021-09-20,34.90170246967704,22.52960689755955,14.092024696770421,6.7819792124139955,8.814591553412248,9.701963571278164
2021-09-21,34.89468800233815,22.53048370597691,14.094655122022505,6.781540038061777,8.811522723951484,9.70278303872054
2021-09-22,34.89468800233815,22.53048370597691,14.094655122022505,6.781540038061777,8.811522723951484,9.70278303872054
2021-09-23,34.888331141312285,22.531798918602952,14.097175946222416,6.781100863709559,8.808234692386382,9.703286014721346
2021-09-24,34.88334063686824,22.533099620216184,14.098228892784107,6.78306262803629,8.806784983932225,9.70347309794031
2021-09-25,34.88334063686824,22.533099620216184,14.098228892784107,6.78306262803629,8.806784983932225,9.70347309794031
2021-09-26,34.88334063686824,22.533099620216184,14.098228892784107,6.78306262803629,8.806784983932225,9.70347309794031
2021-09-27,34.88334063686824,22.533099620216184,14.098228892784107,6.78306262803629,8.806784983932225,9.70347309794031
2021-09-28,34.88334063686824,22.533099620216184,14.098228892784107,6.78306262803629,8.806784983932225,9.70347309794031
2021-09-29,34.88285108870378,22.532018120707292,14.099587169370158,6.781210657297614,8.804508256612598,9.70347309794031
2021-09-30,34.88192251461988,22.53269005847953,14.101385233918128,6.778478324545987,8.802229532163743,9.70347309794031
2021-10-01,34.874904970760234,22.53356725146199,14.104016812865497,6.779357059168132,8.79872076023392,9.703659945389624
2021-10-02,34.868822154026006,22.535963758585414,14.104848019874323,6.781649831649832,8.79705538506503,9.703846557514694
2021-10-03,34.868822154026006,22.535963758585414,14.104848019874323,6.781649831649832,8.79705538506503,9.703846557514694
2021-10-04,34.86274466841951,22.53835816535203,14.105459392345896,6.784599063506,8.795172363423898,9.704032934759807
2021-10-05,34.85623448678639,22.539874434223975,14.106289239305008,6.787765101652772,8.793510001460069,9.703590146750525
2021-10-06,34.85544113350862,22.538796377446683,14.108380806310254,6.785769681006731,8.791374525270232,9.703590146750525
2021-10-07,34.854939354084465,22.537278971211457,14.110181937746603,6.783479724784073,8.78996785035803,9.703590146750525
2021-10-08,34.85443713450292,22.53576023391813,14.111984649122807,6.78162712360867,8.788121345029241,9.703590146750525
2021-10-09,34.84566520467836,22.536198830409358,14.115054824561405,6.783604276508495,8.785489766081872,9.703776450869475
2021-10-10,34.84566520467836,22.536198830409358,14.115054824561405,6.783604276508495,8.785489766081872,9.703776450869475
2021-10-11,34.83893760046763,22.53881338594184,14.115881192459447,6.786993119601815,8.783391787227824,9.704590661641541
2021-10-12,34.83243499853929,22.540330119777973,14.116706836108676,6.790159496634475,8.781733859187847,9.704148357396946
2021-10-13,34.83243499853929,22.540330119777973,14.116706836108676,6.790159496634475,8.781733859187847,9.704148357396946
2021-10-14,34.824810108092315,22.54038854805726,14.120022640958224,6.791432543166521,8.778301197779726,9.704333960685906
2021-10-15,34.81787852241203,22.54277996787852,14.121284129069936,6.794156793915461,8.776646225726385,9.705146290491118
2021-10-16,34.809994159731346,22.543656008176374,14.123912249963498,6.79459558285798,8.77314206453497,9.705957602339181
2021-10-17,34.809994159731346,22.543656008176374,14.123912249963498,6.79459558285798,8.77314206453497,9.705957602339181
2021-10-18,34.80285318155283,22.54604495037945,14.124733654407471,6.798194444444445,8.771490075890252,9.707080985180546
2021-10-19,34.79637490882567,22.547556528081692,14.125554339897885,6.801790150518779,8.769839533187456,9.706638506466417
2021-10-20,34.789810357403354,22.548650619985413,14.127961342086069,6.80310536314482,8.766338439095552,9.706509276631229
2021-10-21,34.7892805020432,22.547577349678924,14.130206509048453,6.8012646198830415,8.764046993578518,9.706509276631229
2021-10-22,34.7892805020432,22.547577349678924,14.130206509048453,6.8012646198830415,8.764046993578518,9.706509276631229
2021-10-23,34.78302698760029,22.5490882567469,14.131243617797228,6.804201373666522,8.762180889861416,9.707317708333333
2021-10-24,34.78302698760029,22.5490882567469,14.131243617797228,6.804201373666522,8.762180889861416,9.707317708333333
2021-10-25,34.77656022163896,22.551472732575093,14.1320610965296,6.807354659655274,8.760535141440654,9.708125130127005
2021-10-26,34.770099110916775,22.55254336102609,14.133315114414808,6.811381223536284,8.7588908322402,9.707683104452768
2021-10-27,34.770099110916775,22.55254336102609,14.133315114414808,6.811381223536284,8.7588908322402,9.707683104452768
2021-10-28,34.764196181314674,22.55276198804839,14.136375892727008,6.812038253759674,8.7547369188165,9.707865460594718
2021-10-29,34.757637370645675,22.55363649613759,14.138562162950008,6.812476273908601,8.7521133945489,9.708671030756443
2021-10-30,34.75162441724942,22.555142773892772,14.13959425990676,6.815404261529481,8.750473484848486,9.70947559709242
2021-10-31,34.75162441724942,22.555142773892772,14.13959425990676,6.815404261529481,8.750473484848486,9.70947559709242
2021-11-01,34.75162441724942,22.555142773892772,14.13959425990676,6.815404261529481,8.750473484848486,9.70947559709242
2021-11-02,34.74539828163681,22.556647735546818,14.140407019076743,6.818657913931438,8.748835008009321,9.709812162723122
2021-11-03,34.74539828163681,22.556647735546818,14.140407019076743,6.818657913931438,8.748835008009321,9.709812162723122
2021-11-04,34.74015581767875,22.55686617154507,14.143028251055775,6.818657913931438,8.74534003203728,9.709992740095416
2021-11-05,34.734155749636095,22.558369723435224,14.143839155749635,6.822236803732867,8.743267831149929,9.710173092868988
2021-11-06,34.726950509461425,22.558806404657933,14.147114264919942,6.8233304170312055,8.740211062590976,9.710663973482495
2021-11-07,34.726950509461425,22.558806404657933,14.147114264919942,6.8233304170312055,8.740211062590976,9.710663973482495
2021-11-08,34.72074057907755,22.56052669867598,14.147923032154809,6.826249817810815,8.738796740870072,9.71115424430642
2021-11-09,34.71519051774287,22.561591041303082,14.148731093659103,6.829385198135199,8.737165503199536,9.710712807779847
2021-11-10,34.71519051774287,22.561591041303082,14.148731093659103,6.829385198135199,8.737165503199536,9.710712807779847
2021-11-11,34.715357194820314,22.560672195547795,14.150541975847519,6.826832823203615,8.735304815946458,9.710712807779847
2021-11-12,34.70893688190809,22.56304537521815,14.151348894706224,6.829530885780886,8.733675101803374,9.711512613730356
2021-11-13,34.70317633376944,22.56432621020497,14.151937054804478,6.83244502694044,8.732264864079083,9.712001446579873
2021-11-14,34.70317633376944,22.56432621020497,14.151937054804478,6.83244502694044,8.732264864079083,9.712001446579873
2021-11-15,34.6972028480093,22.56625980819529,14.152306742226097,6.835138282387191,8.730855855855857,9.713109252375052
2021-11-16,34.69167029774873,22.566884531590414,14.153547567175018,6.837392696057035,8.729230210602761,9.71328689370485
2021-11-17,34.69131793083406,22.565475152571924,14.15522740482418,6.83505094614265,8.727542865446091,9.71328689370485
2021-11-18,34.685796280151116,22.56634699215344,14.157552310374891,6.835778748180496,8.724273467015403,9.713154909240924
2021-11-19,34.685796280151116,22.56634699215344,14.157552310374891,6.835778748180496,8.724273467015403,9.713154909240924
2021-11-20,34.67838564370822,22.56634699215344,14.16082170880558,6.8364337700145565,8.721875908166231,9.714259946402803
2021-11-21,34.67838564370822,22.56634699215344,14.16082170880558,6.8364337700145565,8.721875908166231,9.714259946402803
2021-11-22,34.67286129266521,22.5678431372549,14.160751633986928,6.839560599447112,8.720472040668119,9.715054594149155
2021-11-23,34.66734175377468,22.568466898954703,14.161988240418118,6.841812100058174,8.71885162601626,9.7152305950175
2021-11-24,34.66806826434277,22.566971677559913,14.163366013071895,6.839560599447112,8.716986201888163,9.7152305950175
2021-11-25,34.66153231663035,22.567407407407405,14.167287581699346,6.839560599447112,8.713500363108206,9.716023662551441
2021-11-26,34.654711091753775,22.56977351916376,14.168521341463414,6.842248400232694,8.711882984901278,9.716815751593666
2021-11-27,34.64898418226672,22.570831519373094,14.169536351763169,6.844497746765518,8.71070236540415,9.717915125359639
2021-11-28,34.64898418226672,22.570831519373094,14.169536351763169,6.844497746765518,8.71070236540415,9.717915125359639
2021-11-29,34.643044676530316,22.57188859878155,14.170332898172324,6.84761697181052,8.70930519292138,9.718705072910248
2021-11-30,34.63754530955487,22.572509786863854,14.17156372335798,6.849862018881627,8.707691750036247,9.71887828407225
2021-12-01,34.63754530955487,22.572509786863854,14.17156372335798,6.849862018881627,8.707691750036247,9.71887828407225
2021-12-02,34.631890677105986,22.572074815137015,14.17591344062636,6.849862018881627,8.704211976221545,9.719666666666667
2021-12-03,34.63151290977662,22.571018276762402,14.177513054830287,6.8478349317059,8.702342616768204,9.719666666666667
2021-12-04,34.62302727008993,22.57167101827676,14.180341601392515,6.848488811392038,8.700384392225123,9.720761582615827
2021-12-05,34.62302727008993,22.57167101827676,14.180341601392515,6.848488811392038,8.700384392225123,9.720761582615827
2021-12-06,34.61753661012034,22.57316224445411,14.180698129621574,6.851387073347858,8.698992315499492,9.721855152632658
2021-12-07,34.612050724637676,22.574217391304348,14.181923913043478,6.853193960511034,8.697384057971014,9.722026003276003
2021-12-08,34.612050724637676,22.574217391304348,14.181923913043478,6.853193960511034,8.697384057971014,9.722026003276003
2021-12-09,34.606398550724634,22.57486956521739,14.184967391304347,6.852976190476191,8.693905797101449,9.72281051770002
2021-12-10,34.600485296248,22.577227292481528,14.186190786614516,6.855216949644464,8.69230044908011,9.722980572597137
2021-12-11,34.59374909459655,22.578096479791395,14.187929161234246,6.855652300101582,8.688823699840649,9.723763539750665
2021-12-12,34.59374909459655,22.578096479791395,14.187929161234246,6.855652300101582,8.688823699840649,9.723763539750665
2021-12-13,34.58827830871706,22.58001737619461,14.188064726324935,6.8583260806498405,8.687438459310744,9.724851919934641
2021-12-14,34.58324649008539,22.581502388189318,14.18841728180634,6.860127591706539,8.685837313648864,9.725020412329046
2021-12-15,34.58324649008539,22.581502388189318,14.18841728180634,6.860127591706539,8.685837313648864,9.725020412329046
2021-12-16,34.58276136692731,22.580509701708657,14.190120909354185,6.857861908906296,8.684209383145092,9.725020412329046
2021-12-17,34.58301463131971,22.57945820657685,14.19194190931479,6.855187926280656,8.68233376792699,9.725020412329046
2021-12-18,34.57584383601333,22.580327393886712,14.194114877589454,6.855405601509215,8.680160799652326,9.72580069359445
2021-12-19,34.57584383601333,22.580327393886712,14.194114877589454,6.855405601509215,8.680160799652326,9.72580069359445
2021-12-20,34.570163625832606,22.582464523602663,14.194247755574862,6.858079489411082,8.678779322328412,9.726885830784914
2021-12-21,34.56557388913012,22.58394847300622,14.195031842524244,6.85944613600116,8.67718193660443,9.72644152404238
2021-12-22,34.560988136574075,22.585431134259256,14.195381221064814,6.862115942028986,8.675585937500001,9.726914070454082
2021-12-23,34.56036329425387,22.58503401360544,14.196768707482994,6.859881107727998,8.673708206686932,9.726914070454082
2021-12-24,34.56036329425387,22.58503401360544,14.196768707482994,6.859881107727998,8.673708206686932,9.726914070454082
2021-12-25,34.56036329425387,22.58503401360544,14.196768707482994,6.859881107727998,8.673708206686932,9.726914070454082
2021-12-26,34.55534577546296,22.587384259259256,14.197117332175926,6.86168115942029,8.67211371527778,9.72769129019129
2021-12-27,34.54989877078814,22.58929862617498,14.19789949385394,6.863479646530494,8.670520607375272,9.728467561521253
2021-12-28,34.54989877078814,22.58929862617498,14.19789949385394,6.863479646530494,8.670520607375272,9.728467561521253
2021-12-29,34.54989877078814,22.58929862617498,14.19789949385394,6.863479646530494,8.670520607375272,9.728467561521253
2021-12-30,34.549269386574075,22.58868634259259,14.199504484953703,6.861028985507247,8.668858506944446,9.728467561521253
2021-12-31,34.548205239542625,22.58850774352294,14.200459545520335,6.858793678410903,8.667412071211464,9.728467561521253
2022-01-01,34.54362702546296,22.590422453703702,14.201240596064814,6.860159420289855,8.665820312500001,9.729242886178863
2022-01-02,34.54362702546296,22.590422453703702,14.201240596064814,6.860159420289855,8.665820312500001,9.729242886178863
2022-01-03,34.53861894432393,22.59211858279103,14.201804049168475,6.861958568738229,8.664663774403472,9.730321958155596
2022-01-04,34.534048858051456,22.593596415148884,14.202583839259901,6.8641905589342604,8.662640936686905,9.731095209094601
2022-01-05,34.53384671005061,22.592552422270426,14.203973246565438,6.861958568738229,8.660759219088938,9.731095209094601
2022-01-06,34.527339117859725,22.593853940708602,14.206142443962401,6.861523975083297,8.658156182212583,9.731867518766485
2022-01-07,34.527339117859725,22.593853940708602,14.206142443962401,6.861523975083297,8.658156182212583,9.731867518766485
2022-01-08,34.52104844540853,22.594938539407085,14.20852856109906,6.861523975083297,8.655553145336226,9.73263888888889
2022-01-09,34.52104844540853,22.594938539407085,14.20852856109906,6.861523975083297,8.655553145336226,9.73263888888889
2022-01-10,34.516052327262216,22.59663197455912,14.20887178375253,6.863756154068926,8.65396790980052,9.734017223910842
2022-01-11,34.51192746712903,22.597673746568415,14.210081635601792,6.865117962078449,8.6523840485479,9.733571283920616
2022-01-12,34.51084851113038,22.59706562590344,14.211907343162764,6.862452939472922,8.651366001734607,9.733571283920616
2022-01-13,34.509783080260306,22.596182212581343,14.213488792480115,6.860176734753007,8.649840925524224,9.733571283920616
2022-01-14,34.50435819601041,22.598091934084994,14.214263515466898,6.861975094121055,8.648691818444638,9.733733049989882
2022-01-15,34.49828707718994,22.599176062445792,14.216648597860653,6.8613234868230535,8.646306736050882,9.734501415857606
2022-01-16,34.49828707718994,22.599176062445792,14.216648597860653,6.8613234868230535,8.646306736050882,9.734501415857606
2022-01-17,34.4930862592111,22.600650195058517,14.217204883687328,6.863554783615575,8.645159659008815,9.73587527794623
2022-01-18,34.48788469874296,22.601083658430863,14.219805663921399,6.8626863511362,8.642125415402399,9.736035353535353
2022-01-19,34.487662619254124,22.599609713790112,14.221201936976005,6.860454677092384,8.640669268574733,9.736035353535353
2022-01-20,34.48311660164716,22.600650195058517,14.221972980783123,6.8618179186568256,8.639091171795984,9.737406622249143
2022-01-21,34.48311660164716,22.600650195058517,14.221972980783123,6.8618179186568256,8.639091171795984,9.737406622249143
2022-01-22,34.47792461005199,22.602123050259966,14.222959994222993,6.863396990740742,8.637947718082033,9.738776230831316
2022-01-23,34.47792461005199,22.602123050259966,14.222959994222993,6.863396990740742,8.637947718082033,9.738776230831316
2022-01-24,34.47338674750974,22.60359462970983,14.223296520860401,6.865408532176429,8.63680525480006,9.739539221617262
2022-01-25,34.46885281385281,22.604632034632033,14.224065656565656,6.866767851980342,8.635663780663782,9.739696694881097
2022-01-26,34.463890090869754,22.606750324534833,14.224185056973893,6.869209651784425,8.63430693783355,9.739853977844914
2022-01-27,34.463890090869754,22.606750324534833,14.224185056973893,6.869209651784425,8.63430693783355,9.739853977844914
2022-01-28,34.45893166089966,22.60735294117647,14.22581819492503,6.8705661467359915,8.633600057670128,9.740011070853463
2022-01-29,34.454409857328145,22.60838737570255,14.22701758178412,6.872138010682836,8.632461449776626,9.74046972440153
2022-01-30,34.454409857328145,22.60838737570255,14.22701758178412,6.872138010682836,8.632461449776626,9.74046972440153
2022-01-31,34.45032411408816,22.60898876404494,14.227351627772975,6.874574314574315,8.631539902045521,9.740626256533977
2022-02-01,34.44710583153348,22.609157667386608,14.228117350611951,6.875494014135295,8.63040316774658,9.740782599959816
2022-02-02,34.44710583153348,22.609157667386608,14.228117350611951,6.875494014135295,8.63040316774658,9.740782599959816
2022-02-03,34.443002159827216,22.60829373650108,14.230493160547157,6.874412231357278,8.627811375089994,9.74214357429719
2022-02-04,34.44189714779603,22.606828003457217,14.232321377124748,6.871760461760463,8.627218380870067,9.74214357429719
2022-02-05,34.43563094209162,22.60553154710458,14.235994670123883,6.871327561327562,8.625489772399886,9.742900862933976
2022-02-06,34.43563094209162,22.60553154710458,14.235994670123883,6.871327561327562,8.625489772399886,9.742900862933976
2022-02-07,34.43198704103672,22.60570194384449,14.236324694024479,6.873546805134863,8.624787616990641,9.743657240272764
2022-02-08,34.4287780656304,22.605440414507772,14.237086211859529,6.874466551326414,8.623654289004032,9.743811385047104
2022-02-09,34.4287780656304,22.605440414507772,14.237086211859529,6.874466551326414,8.623654289004032,9.743811385047104
2022-02-10,34.42809935205184,22.604190064794814,14.239132469402447,6.872032309245638,8.622411807055435,9.743811385047104
2022-02-11,34.424028497409324,22.605224525043177,14.239892774899252,6.872952710495964,8.621279504893495,9.744566306089745
2022-02-12,34.42039274924471,22.604963314630986,14.240652424111639,6.8745208243262725,8.620148180117969,9.745920920920922
2022-02-13,34.42039274924471,22.604963314630986,14.240652424111639,6.8745208243262725,8.620148180117969,9.745920920920922
2022-02-14,34.416760138050044,22.604918032786884,14.24098001150417,6.876735811005474,8.619017831463907,9.747273909563827
2022-02-15,34.413561880120746,22.605088400172487,14.2417385367256,6.87765298776098,8.617888457668537,9.746825634873026
2022-02-16,34.413561880120746,22.605088400172487,14.2417385367256,6.87765298776098,8.617888457668537,9.746825634873026
2022-02-17,34.40946528676154,22.604872789995685,14.243894638493604,6.875709143268539,8.615085525370132,9.748176458832933
2022-02-18,34.40946528676154,22.604872789995685,14.243894638493604,6.875709143268539,8.615085525370132,9.748176458832933
2022-02-19,34.404937473048726,22.603794739111684,14.245835130084807,6.874629229661628,8.613360643955728,9.749525664070301
2022-02-20,34.404937473048726,22.603794739111684,14.245835130084807,6.874629229661628,8.613360643955728,9.749525664070301
2022-02-21,34.40174568965517,22.603965517241377,14.245944683908046,6.877058146229132,8.6122341954023,9.750274451097805
2022-02-22,34.39855665661353,22.604136148211975,14.247131265259227,6.877974392173789,8.611108717506822,9.749825453820069
2022-02-23,34.398275862068964,22.603125,14.248617097701148,6.875093552101324,8.609755747126437,9.749825453820069
2022-02-24,34.394827586206894,22.604418103448275,14.250772270114942,6.872718767990789,8.607169540229886,9.749975079744816
2022-02-25,34.394827586206894,22.604418103448275,14.250772270114942,6.872718767990789,8.607169540229886,9.749975079744816
2022-02-26,34.389655172413796,22.604418103448275,14.254220545977011,6.870559873344848,8.606307471264369,9.750124526798167
2022-02-27,34.38604049978458,22.60458853942266,14.25454186413902,6.8723421090490575,8.60561539566279,9.751468538430904
2022-02-28,34.38604049978458,22.60458853942266,14.25454186413902,6.8723421090490575,8.60561539566279,9.751468538430904
2022-03-01,34.382716049382715,22.6051894918174,14.25536534596612,6.87369140063273,8.604565030146425,9.75092039800995
2022-03-02,34.37824652030421,22.606650882479553,14.256546850337205,6.8746083081788125,8.603443822643134,9.75166567223548
2022-03-03,34.374802697661075,22.60729659922514,14.258699239489165,6.871589765703608,8.600645716745587,9.752410057642615
2022-03-04,34.37496411139822,22.6062661498708,14.260102641401089,6.867651711245327,8.599612403100775,9.752410057642615
2022-03-05,34.371143636102744,22.607511838140336,14.260851628641124,6.868786833405204,8.598493327593628,9.752855582042113
2022-03-06,34.371143636102744,22.607511838140336,14.260851628641124,6.868786833405204,8.598493327593628,9.752855582042113
2022-03-07,34.36689615605278,22.6085413080895,14.261384825014341,6.8705675287356325,8.597375215146299,9.753300575739527
2022-03-08,34.362867383512544,22.61,14.262992831541217,6.871484992101106,8.596258064516128,9.751661706349205
2022-03-09,34.363453815261046,22.609401893287437,14.264396873207112,6.867550287356322,8.594793459552495,9.751661706349205
2022-03-10,34.363610274070886,22.609233749461904,14.26623260152102,6.862749748454794,8.59375807145932,9.751661706349205
2022-03-11,34.359150889271376,22.611123063683305,14.267839213998851,6.863670977011495,8.592211703958691,9.751809438826097
2022-03-12,34.3535570854848,22.611338209982787,14.271066408491105,6.86194683908046,8.590275387263338,9.751956995640112
2022-03-13,34.3535570854848,22.611338209982787,14.271066408491105,6.86194683908046,8.590275387263338,9.751956995640112
2022-03-14,34.349749103942656,22.61236559139785,14.27159498207885,6.863514289817608,8.588731182795698,9.75240146563676
2022-03-15,34.34615935798223,22.613392089423904,14.273197907709944,6.864434395635946,8.5871883061049,9.751954671417261
2022-03-16,34.34566308243728,22.61215053763441,14.274605734767023,6.860929197185121,8.58658064516129,9.751954671417261
2022-03-17,34.342222222222226,22.613440860215054,14.277616487455195,6.8570515582363925,8.583139784946237,9.752695351137488
2022-03-18,34.34279977051062,22.61198364888124,14.279026821572,6.853110632183908,8.58209982788296,9.752695351137488
2022-03-19,34.33921146953405,22.613440860215054,14.280412186379927,6.854035616831825,8.580559139784945,9.752545472518783
2022-03-20,34.33921146953405,22.613440860215054,14.280412186379927,6.854035616831825,8.580559139784945,9.752545472518783
2022-03-21,34.335841215247925,22.61425193465176,14.281366437374604,6.855821131208728,8.578804815133276,9.753284923928078
2022-03-22,34.33268872654348,22.614417705199827,14.28296447500358,6.857174630506529,8.577266867211002,9.75283866508689
2022-03-23,34.33214388076813,22.61352106620808,14.28437589567211,6.853753947746196,8.576311263972485,9.75283866508689
2022-03-24,34.328489538549725,22.614165950128974,14.287170392662652,6.85073930519667,8.573516766981943,9.752985000986778
2022-03-25,34.328489538549725,22.614165950128974,14.287170392662652,6.85073930519667,8.573516766981943,9.752985000986778
2022-03-26,34.32469560234923,22.615620971207562,14.288336198252397,6.851879753192711,8.572195960464116,9.753131163708087
2022-03-27,34.32469560234923,22.615620971207562,14.288336198252397,6.851879753192711,8.572195960464116,9.753131163708087
2022-03-28,34.32469560234923,22.615620971207562,14.288336198252397,6.851879753192711,8.572195960464116,9.753131163708087
2022-03-29,34.321119702176404,22.61643041237113,14.2896083906071,6.853019219736088,8.570768900343642,9.753129312044155
2022-03-30,34.3221171751898,22.614976364417704,14.291022059876806,6.849512125125557,8.569295229909756,9.753129312044155
2022-03-31,34.32268558326168,22.61438091143594,14.292436944683288,6.845140683318978,8.568250214961306,9.753129312044155
2022-04-01,34.32368458781362,22.612494623655913,14.29385304659498,6.8407654746517315,8.567634408602151,9.753129312044155
2022-04-02,34.31895340501792,22.613139784946235,14.296863799283152,6.838395806405286,8.5652688172043,9.753275216706069
2022-04-03,34.31895340501792,22.613139784946235,14.296863799283152,6.838395806405286,8.5652688172043,9.753275216706069
2022-04-04,34.31537689882488,22.614165950128974,14.298240899971336,6.839972724662648,8.563521066208082,9.753716282732823
2022-04-05,34.31094399083226,22.616050709067466,14.300261423864773,6.84047209068733,8.561559948431457,9.75327134986226
2022-04-06,34.31150759529951,22.614595872742903,14.302110203496701,6.836527418891761,8.560511607910577,9.75327134986226
2022-04-07,34.30763829177415,22.614165950128974,14.306409429635996,6.833082113120874,8.55750214961307,9.754006882989184
2022-04-08,34.30320870935396,22.616050709067466,14.308426443202977,6.833584445401063,8.55554361839278,9.754741548742139
2022-04-09,34.29942726231386,22.617504295532644,14.309797394043526,6.834516637980494,8.55358676975945,9.755180711058731
2022-04-10,34.29942726231386,22.617504295532644,14.309797394043526,6.834516637980494,8.55358676975945,9.755180711058731
2022-04-11,34.29629311578646,22.618527264920566,14.311167167596963,6.835448028673835,8.55184628595964,9.755913820180606
2022-04-12,34.291874105865524,22.620407725321886,14.313179542203144,6.835948695901405,8.54989270386266,9.755468903276437
2022-04-13,34.28758226037196,22.62148068669528,14.315754649499283,6.832939237603899,8.548175965665235,9.755024509803922
2022-04-14,34.28457796852646,22.62148068669528,14.319188125894133,6.829069934078533,8.545171673819743,9.755756417793455
2022-04-15,34.28457796852646,22.62148068669528,14.319188125894133,6.829069934078533,8.545171673819743,9.755756417793455
2022-04-16,34.2813590844063,22.620836909871244,14.322621602288983,6.826060475781027,8.542811158798283,9.755899921660792
2022-04-17,34.2813590844063,22.620836909871244,14.322621602288983,6.826060475781027,8.542811158798283,9.755899921660792
2022-04-18,34.2813590844063,22.620836909871244,14.322621602288983,6.826060475781027,8.542811158798283,9.755899921660792
2022-04-19,34.277591877591874,22.62153582153582,14.324842699842698,6.826779830969776,8.540969540969542,9.756043256997456
2022-04-20,34.27775393419171,22.619849785407727,14.326591559370527,6.8233734594439674,8.53991416309013,9.756043256997456
2022-04-21,34.27787319307285,22.619257191927865,14.328449262916843,6.8194265232974915,8.538857878917991,9.756043256997456
2022-04-22,34.27787319307285,22.619257191927865,14.328449262916843,6.8194265232974915,8.538857878917991,9.756043256997456
2022-04-23,34.27293545155288,22.619042507513953,14.332528266781162,6.816845878136201,8.536496350364963,9.756186424100157
2022-04-24,34.27293545155288,22.619042507513953,14.332528266781162,6.816845878136201,8.536496350364963,9.756186424100157
2022-04-25,34.26959942775394,22.619635193133046,14.334102288984262,6.817784465462884,8.534763948497854,9.757209188660802
2022-04-26,34.26583726583727,22.62065637065637,14.336103961103959,6.818507377166595,8.532818532818533,9.756765338022666
2022-04-27,34.266380543633765,22.618776824034335,14.338394134477824,6.814560045858412,8.531330472103004,9.756765338022666
2022-04-28,34.26294706723891,22.618347639484977,14.341827610872674,6.811120664946976,8.52832618025751,9.757493653583285
2022-04-29,34.258226037195996,22.617918454935623,14.346119456366235,6.8085411292634,8.525321888412018,9.75822111631538
2022-04-30,34.254254254254256,22.61808236808237,14.348544973544971,6.809482882108581,8.523809523809524,9.757777452701385
2022-05-01,34.250714694110926,22.618246140651802,14.35011077758719,6.8108533791523485,8.521869639794168,9.758503898635478
2022-05-02,34.24760680097157,22.618409772824688,14.35210387198171,6.812008014884786,8.520145735105014,9.75893726865381
2022-05-03,34.24407312196516,22.618573264781492,14.354523707512138,6.812947067238913,8.518209083119109,9.758493964174455
2022-05-04,34.24332047435348,22.61798114016288,14.356390198599797,6.809002433090025,8.517573939134161,9.758493964174455
2022-05-05,34.243424814179534,22.616530874785592,14.358258290451685,6.805483963344789,8.516509433962264,9.758493964174455
2022-05-06,34.243100243100244,22.614864864864863,14.359913484913482,6.801962469560236,8.516302016302017,9.758493964174455
2022-05-07,34.239994282447114,22.61503001715266,14.361688822184103,6.803336197021765,8.514365351629502,9.758343062852695
2022-05-08,34.239994282447114,22.61503001715266,14.361688822184103,6.803336197021765,8.514365351629502,9.758343062852695
2022-05-09,34.23710530075725,22.61498071153022,14.363676953850549,6.804708744811794,8.512216030861552,9.758775768183586
2022-05-10,34.23357612110826,22.61514567266495,14.366520279920021,6.8056509298998575,8.510282776349614,9.758333333333335
2022-05-11,34.23357612110826,22.61514567266495,14.366520279920021,6.8056509298998575,8.510282776349614,9.758333333333335
2022-05-12,34.22993430448444,22.613646101113968,14.370804770065693,6.802646638054364,8.507283633247644,9.759056915306916
2022-05-13,34.22993430448444,22.613646101113968,14.370804770065693,6.802646638054364,8.507283633247644,9.759056915306916
2022-05-14,34.22629248786061,22.6119323050557,14.374232362182232,6.800715307582261,8.504927163667524,9.759197243253737
2022-05-15,34.22629248786061,22.6119323050557,14.374232362182232,6.800715307582261,8.504927163667524,9.759197243253737
2022-05-16,34.22362598144183,22.611456102783727,14.376855817273373,6.801658801658802,8.50256959314775,9.759919480015522
2022-05-17,34.22053367579909,22.611194349315067,14.380119149543377,6.802172670097199,8.50064212328767,9.758895675780494
2022-05-18,34.21987865810136,22.60963597430407,14.38188793718772,6.79940654940655,8.499785867237687,9.758895675780494
2022-05-19,34.21954441588118,22.609468723221937,14.383765352756352,6.795457796852647,8.498714652956298,9.758895675780494
2022-05-20,34.21602426837973,22.609207708779444,14.387883654532475,6.795545545545546,8.49678800856531,9.759035852713179
2022-05-21,34.211741613133476,22.607280513918628,14.392594575303352,6.793400543400544,8.494218415417558,9.759175866744142
2022-05-22,34.211741613133476,22.607280513918628,14.392594575303352,6.793400543400544,8.494218415417558,9.759175866744142
2022-05-23,34.20929651826484,22.607020547945204,14.394995005707761,6.794132361349343,8.491866438356164,9.75960607820364
2022-05-24,34.206639566395665,22.606332905434318,14.39867707887605,6.794220602943279,8.489944373127942,9.759165215709036
2022-05-25,34.206639566395665,22.606332905434318,14.39867707887605,6.794220602943279,8.489944373127942,9.759165215709036
2022-05-26,34.206085901826484,22.604880136986303,14.400774115296802,6.790916237850201,8.48951198630137,9.759165215709036
2022-05-27,34.20385822279275,22.605477107402653,14.403383968050205,6.791434490641521,8.487804878048781,9.75872486465584
2022-05-28,34.20077701739378,22.605218135158253,14.405777730253776,6.792166523850329,8.486099230111206,9.75828502415459
2022-05-29,34.20077701739378,22.605218135158253,14.405777730253776,6.792166523850329,8.486099230111206,9.75828502415459
2022-05-30,34.197698446629616,22.604959384352288,14.408383212198943,6.792897930049965,8.48396750748183,9.758425067593667
2022-05-31,34.195690883190885,22.60405982905983,14.411627492877491,6.7932006278538815,8.482051282051282,9.757406871260375
2022-06-01,34.1949194812598,22.60260795211629,14.413941142938576,6.7901142041399005,8.480974775545105,9.757406871260375
2022-06-02,34.19149921618926,22.600897819581018,14.41907154054439,6.786688079942898,8.478409576742198,9.758125964506174
2022-06-03,34.19158112346735,22.59901625320787,14.420533932135726,6.783597543558984,8.47775876817793,9.758125964506174
2022-06-04,34.18751782149986,22.5964499572284,14.425880382092956,6.781669522993431,8.47519247219846,9.757398303450936
2022-06-05,34.18751782149986,22.5964499572284,14.425880382092956,6.781669522993431,8.47519247219846,9.757398303450936
2022-06-06,34.18751782149986,22.5964499572284,14.425880382092956,6.781669522993431,8.47519247219846,9.757398303450936
2022-06-07,34.184444919481265,22.595126122274475,14.429225452472565,6.782512491077802,8.473172295852928,9.757683044315993
2022-06-08,34.18452380952381,22.592814371257486,14.431119903051039,6.77984861468152,8.472091531223267,9.757683044315993
2022-06-09,34.18374696904864,22.591356439880187,14.433443873912422,6.776753821974569,8.471437740693196,9.757683044315993
2022-06-10,34.1833975456621,22.589041095890412,14.434913670091323,6.77365637507147,8.47121147260274,9.757683044315993
2022-06-11,34.17975884703196,22.586258561643834,14.43919449200913,6.771941109205261,8.469071061643836,9.757245330252264
2022-06-12,34.17975884703196,22.586258561643834,14.43919449200913,6.771941109205261,8.469071061643836,9.757245330252264
2022-06-13,34.17690058479533,22.58515190415062,14.442001854229067,6.773110444349193,8.466944801026958,9.757674172440339
2022-06-14,34.17383090960936,22.58404619332763,14.4456622469347,6.773636103970294,8.465034217279726,9.757236968647817
2022-06-15,34.17294251889888,22.583012409071458,14.447243617173012,6.770645806543793,8.464484381685923,9.757236968647817
2022-06-16,34.17258847031964,22.581121575342465,14.448719320776254,6.767974556889651,8.463827054794521,9.757236968647817
2022-06-17,34.169091427756385,22.580872913992298,14.453234203394663,6.767645377911131,8.462344886606761,9.757376970396002
2022-06-18,34.16645280866838,22.57976903336185,14.456462075848302,6.768173379034562,8.46043627031651,9.756940441882806
2022-06-19,34.163388912640734,22.578666096622488,14.45925965512327,6.769129193433263,8.458529286019667,9.757080453149003
2022-06-20,34.16075498575499,22.577350427350428,14.462054843304841,6.770298230593608,8.456623931623932,9.75722030320476
2022-06-21,34.158336893065645,22.576249466040153,14.465274811334186,6.770824418770504,8.45472020504058,9.756496931338704
2022-06-22,34.15528038713351,22.576430401366352,14.468492029604326,6.771350156829199,8.453031596925705,9.756636956105043
2022-06-23,34.15165101053231,22.57408198121264,14.473829348135494,6.76857000285144,8.450256191289496,9.75792624521073
2022-06-24,34.15165101053231,22.57408198121264,14.473829348135494,6.76857000285144,8.450256191289496,9.75792624521073
2022-06-25,34.14738115570737,22.57066609735269,14.479380159407912,6.7670729968634165,8.448121263877027,9.75835247941796
2022-06-26,34.14738115570737,22.57066609735269,14.479380159407912,6.7670729968634165,8.448121263877027,9.75835247941796
2022-06-27,34.144330630246124,22.569568928723857,14.482376582728694,6.768027647142654,8.446222791293215,9.758778224263299
2022-06-28,34.14085608646189,22.568472696245735,14.486437002275311,6.768554131054132,8.444325938566553,9.758342895391088
2022-06-29,34.14085608646189,22.568472696245735,14.486437002275311,6.768554131054132,8.444325938566553,9.758342895391088
2022-06-30,34.14070280267464,22.567434912505334,14.487925024896853,6.765248681772838,8.443448570209133,9.758342895391088
2022-07-01,34.13765642775882,22.566766211604097,14.492409698521044,6.764921652421653,8.441979522184301,9.75848146024465
2022-07-02,34.13439943141436,22.565671641791045,14.496250888415066,6.765662822155774,8.440085287846482,9.758906399235913
2022-07-03,34.13439943141436,22.565671641791045,14.496250888415066,6.765662822155774,8.440085287846482,9.758906399235913
2022-07-04,34.13178459789713,22.564151747655583,14.499023159988631,6.766830344434957,8.438192668371697,9.759617220313098
2022-07-05,34.12831984093169,22.56305922454197,14.503071296690809,6.76735666524399,8.436301661695781,9.759182407937418
2022-07-06,34.12752202330208,22.56244671781756,14.504564506962202,6.764268431539995,8.435635123614663,9.759182407937418
2022-07-07,34.124111963626035,22.55988917306053,14.509253339016764,6.761706518645033,8.43307757885763,9.75989225781846
2022-07-08,34.123312011371716,22.558848614072495,14.509896943852166,6.758614552185676,8.432835820895523,9.75989225781846
2022-07-09,34.1181947405828,22.556716417910447,14.515440653873487,6.756051544923822,8.431556503198294,9.760029540689919
2022-07-10,34.11558681443592,22.555200341005968,14.518631003125886,6.75658269285511,8.429667519181585,9.760166666666667
2022-07-11,34.11558681443592,22.555200341005968,14.518631003125886,6.75658269285511,8.429667519181585,9.760166666666667
2022-07-12,34.11234199687544,22.55389859394972,14.52203167163755,6.757006686584152,8.42809970174691,9.760303636017515
2022-07-13,34.111537368570616,22.55306905370844,14.523319835180446,6.753700540848278,8.427642796248934,9.760303636017515
2022-07-14,34.11115849324805,22.552665245202558,14.52418265813788,6.750391570553895,8.426759061833689,9.760303636017515
2022-07-15,34.10689410092395,22.55095948827292,14.53015280739161,6.7469742275380895,8.424626865671641,9.761011225266364
2022-07-16,34.10322534811026,22.549658994032395,14.533763142938332,6.747509251352121,8.422953964194374,9.761718007225708
2022-07-17,34.10322534811026,22.549658994032395,14.533763142938332,6.747509251352121,8.422953964194374,9.761718007225708
2022-07-18,34.09998579747195,22.547933532168727,14.536944326090042,6.748043818466354,8.421282488282914,9.762994108703916
2022-07-19,34.09653605905736,22.546848381601365,14.540974588302099,6.7477246871444825,8.419825383304941,9.762559354226022
2022-07-20,34.09572503905695,22.546229228802726,14.542483312029539,6.744629392516717,8.418726033233916,9.762559354226022
2022-07-21,34.091890356483454,22.54495100127823,14.546744070444538,6.74121496656708,8.416169578184917,9.763833523158695
2022-07-22,34.091890356483454,22.54495100127823,14.546744070444538,6.74121496656708,8.416169578184917,9.763833523158695
2022-07-23,34.088055673909956,22.54260758414998,14.551004828859535,6.738227343861147,8.414465274818918,9.764821665718081
2022-07-24,34.088055673909956,22.54260758414998,14.551004828859535,6.738227343861147,8.414465274818918,9.764821665718081
2022-07-25,34.084823963657016,22.540885860306645,14.55417731402612,6.738765642775882,8.413011073253832,9.766093098217672
2022-07-26,34.081382148431956,22.539378458918687,14.55819852419469,6.738450604122247,8.411558109833972,9.766226075421642
2022-07-27,34.07808287214418,22.537675606641123,14.562668511423299,6.73589196872779,8.409003831417625,9.766642992424243
2022-07-28,34.07726433844407,22.538330494037478,14.563759937535488,6.732366325369739,8.407900340715502,9.766642992424243
2022-07-29,34.07687118307059,22.538133787814232,14.564426217866778,6.728837672499645,8.407221985513422,9.766642992424243
2022-07-30,34.07261042465559,22.53600340860673,14.569113052123276,6.7267036562811215,8.405517682147423,9.767627295097483
2022-07-31,34.07261042465559,22.53600340860673,14.569113052123276,6.7267036562811215,8.405517682147423,9.767627295097483
2022-08-01,34.06938529244748,22.534284497444634,14.572277825099373,6.727246871444824,8.404067291311755,9.768894248959516
2022-08-02,34.066375762735916,22.532354193273733,14.576291329643817,6.727363184079603,8.402618135376756,9.769025335602194
2022-08-03,34.066375762735916,22.532354193273733,14.576291329643817,6.727363184079603,8.402618135376756,9.769025335602194
2022-08-04,34.0625443451114,22.53065134099617,14.58054846033773,6.723951670220328,8.4004895700298,9.770856953892668
2022-08-05,34.06171919363998,22.530025553662693,14.58207339579784,6.720847554038681,8.399382453151619,9.770856953892668
2022-08-06,34.05828721441748,22.528948488718605,14.585231304101034,6.721179815209666,8.397935291613452,9.771836638338055
2022-08-07,34.05828721441748,22.528948488718605,14.585231304101034,6.721179815209666,8.397935291613452,9.771836638338055
2022-08-08,34.055283687943266,22.527021276595743,14.588173758865246,6.7217249218527995,8.396702127659575,9.773381464703663
2022-08-09,34.051857365660005,22.525095703955763,14.59217708776407,6.721843488140889,8.395257337303276,9.773509715148085
2022-08-10,34.051857365660005,22.525095703955763,14.59217708776407,6.721843488140889,8.395257337303276,9.773509715148085
2022-08-11,34.05102836879433,22.524893617021277,14.59328014184397,6.718954248366013,8.394361702127659,9.773509715148085
2022-08-12,34.04760385651496,22.523394300297745,14.598132000567132,6.719073995171141,8.392492556358997,9.774769042232279
2022-08-13,34.04377569828442,22.52190557209698,14.601960158797672,6.716517540122142,8.390578477243727,9.775744299981158
2022-08-14,34.04377569828442,22.52190557209698,14.601960158797672,6.716517540122142,8.390578477243727,9.775744299981158
2022-08-15,34.04120606575964,22.520408163265305,14.605105583900224,6.717064168086315,8.389136904761905,9.777000941619587
2022-08-16,34.03778863861737,22.518487037824055,14.609523303584075,6.716758904498368,8.387271568210794,9.777691511387165
2022-08-17,34.036741780045354,22.517857142857142,14.610632794784578,6.713869960249858,8.38658588435374,9.777691511387165
2022-08-18,34.03334041950114,22.515731292517007,14.615522250566892,6.710888699602499,8.38360969387755,9.778945635816404
2022-08-19,34.03334041950114,22.515731292517007,14.615522250566892,6.710888699602499,8.38360969387755,9.778945635816404
2022-08-20,34.02993905895692,22.513818027210885,14.62019912131519,6.707907438955139,8.381696428571429,9.780198345553677
2022-08-21,34.02993905895692,22.513818027210885,14.62019912131519,6.707907438955139,8.381696428571429,9.780198345553677
2022-08-22,34.027376398923366,22.51211219719507,14.622910468904943,6.708244643110544,8.380471738206545,9.782013340849305
2022-08-23,34.02396629849901,22.510195412064572,14.62731874822996,6.708368794326241,8.378610875106203,9.782699530516433
2022-08-24,34.021832979476294,22.50891719745223,14.630024769992922,6.708918190840778,8.377176220806794,9.78394801051051
2022-08-25,34.02078023222883,22.508496176720477,14.631354432172188,6.70581560283688,8.376486830926083,9.78394801051051
2022-08-26,34.01993908485621,22.507862303442415,14.632047740473153,6.702710373208458,8.375796855078622,9.78394801051051
2022-08-27,34.01695695270462,22.506584536958368,14.635177711696402,6.703049645390071,8.374362786745964,9.78519508534984
2022-08-28,34.01695695270462,22.506584536958368,14.635177711696402,6.703049645390071,8.374362786745964,9.78519508534984
2022-08-29,34.01418966737438,22.505095541401275,14.637668082094832,6.703601304409472,8.373142250530785,9.787003187101613
2022-08-30,34.010788058856825,22.502758913412563,14.642066355404639,6.703727324263039,8.37171052631579,9.787685029042533
2022-08-31,34.010788058856825,22.502758913412563,14.642066355404639,6.703727324263039,8.37171052631579,9.787685029042533
2022-09-01,34.006968024900964,22.500848896434636,14.646098613469155,6.700963718820862,8.369163837011884,9.789489700374533
2022-09-02,34.00654635527247,22.500636942675158,14.646797593772114,6.697008365234653,8.368471337579617,9.789489700374533
2022-09-03,34.00230007077141,22.499363057324842,14.65061924982307,6.694456259747626,8.366772823779193,9.791011603967808
2022-09-04,34.00230007077141,22.499363057324842,14.65061924982307,6.694456259747626,8.366772823779193,9.791011603967808
2022-09-05,34.00230007077141,22.499363057324842,14.65061924982307,6.694456259747626,8.366772823779193,9.791011603967808
2022-09-06,33.99932795698925,22.497453310696095,14.6538447934352,6.6946924603174605,8.365449915110357,9.792391507669286
2022-09-07,33.99932795698925,22.497453310696095,14.6538447934352,6.6946924603174605,8.365449915110357,9.792391507669286
2022-09-08,33.9982661004954,22.497452229299363,14.654971691436657,6.691797816531973,8.364331210191082,9.792391507669286
2022-09-09,33.99444444444445,22.496178343949044,14.659642604387825,6.687969658301433,8.362632696390659,9.794190502897738
2022-09-10,33.99105121675156,22.49490662139219,14.66212153367289,6.688527494331066,8.361205432937181,9.795707212257101
2022-09-11,33.99105121675156,22.49490662139219,14.66212153367289,6.688527494331066,8.361205432937181,9.795707212257101
2022-09-12,33.98850940461038,22.49299957573186,14.664386225427801,6.689084856211928,8.359991514637251,9.797782446311858
2022-09-13,33.98596974837433,22.491518235793045,14.666648996324566,6.68879212687624,8.358566581849024,9.79957540126913
2022-09-14,33.984903125441946,22.491302503182013,14.667356102390041,6.685472446522171,8.358294442087399,9.79957540126913
2022-09-15,33.981296846273516,22.488969028425966,14.671174515627207,6.682710015582944,8.355960967331354,9.801925946651744
2022-09-16,33.97960842521911,22.487913486005088,14.673010319479783,6.682844803171906,8.354749787955894,9.803714578672633
2022-09-17,33.975579587220814,22.48642917726887,14.676190981057392,6.679658736901728,8.353265479219678,9.8055012111049
2022-09-18,33.975579587220814,22.48642917726887,14.676190981057392,6.679658736901728,8.353265479219678,9.8055012111049
2022-09-19,33.975579587220814,22.48642917726887,14.676190981057392,6.679658736901728,8.353265479219678,9.8055012111049
2022-09-20,33.97186881538027,22.484626802374894,14.678735510319477,6.6772160860945915,8.351675148430873,9.807565176908753
2022-09-21,33.96933728981207,22.482725731242052,14.681415147661436,6.677353149327672,8.34983043662569,9.809347664247163
2022-09-22,33.968264065592315,22.482506361323153,14.682552304212608,6.674454828660437,8.349130619168788,9.809347664247163
2022-09-23,33.96782633290907,22.482286805260927,14.6832661575449,6.6709165604193235,8.348430207891388,9.809347664247163
2022-09-24,33.96379578560317,22.480589732711074,14.686448168575872,6.668154129480097,8.346733135341536,9.811686197916668
2022-09-25,33.96379578560317,22.480589732711074,14.686448168575872,6.668154129480097,8.346733135341536,9.811686197916668
2022-09-26,33.9610545660164,22.478689567430024,14.688489539157477,6.668719909374116,8.34552586938083,9.814579847555308
2022-09-27,33.958527624699734,22.476791013141163,14.69074113324855,6.668860580325549,8.344107672742687,9.816355444072837
2022-09-28,33.95787390443879,22.476569126378287,14.691246112524736,6.665746247521949,8.343617472434266,9.816355444072837
2022-09-29,33.9572196294725,22.476347051336443,14.692600056569082,6.662629267601644,8.342702588035639,9.816355444072837
2022-09-30,33.954037618441525,22.473589308442936,14.696842737943712,6.659654341974784,8.340156979210862,9.81868616527391
2022-10-01,33.95000707113562,22.471892235893083,14.700449017112145,6.6566794163479255,8.338247772592279,9.821014291017075
2022-10-02,33.95000707113562,22.471892235893083,14.700449017112145,6.6566794163479255,8.338247772592279,9.821014291017075
2022-10-03,33.95000707113562,22.471892235893083,14.700449017112145,6.6566794163479255,8.338247772592279,9.821014291017075
2022-10-04,33.947377721232684,22.47020780322307,14.702378428046364,6.65682526196545,8.33693808312129,9.823618067148953
2022-10-05,33.947377721232684,22.47020780322307,14.702378428046364,6.65682526196545,8.33693808312129,9.823618067148953
2022-10-06,33.94440910376025,22.46787531806616,14.705488408255583,6.654134806003965,8.33375742154368,9.826497033741195
2022-10-07,33.94396125017678,22.467649554518456,14.706636260783482,6.651012891344383,8.332201951633433,9.826497033741195
2022-10-08,33.940142836939614,22.46574034789987,14.710242539951915,6.648462955092789,8.329868476877387,9.829094867518993
2022-10-09,33.940142836939614,22.46574034789987,14.710242539951915,6.648462955092789,8.329868476877387,9.829094867518993
2022-10-10,33.93741164828951,22.464482612383375,14.712061775515973,6.648824695553667,8.328456318914334,9.831967592592592
2022-10-11,33.934894729405116,22.462590080542604,14.714303377137204,6.648549186128804,8.327045358202628,9.834281880436794
2022-10-12,33.934018942606734,22.46257421543681,14.715454481198755,6.646063438119513,8.325487701441899,9.834281880436794
2022-10-13,33.92977806050325,22.46087786259542,14.719271275091884,6.6433021806853585,8.32273112807464,9.837148538660747
2022-10-14,33.92932399943431,22.459588459906662,14.721061377457218,6.640388156962743,8.321383114128128,9.837148538660747
2022-10-15,33.92465704992222,22.457467119219345,14.725516192900578,6.637413231335883,8.318837505303351,9.84001201700869
2022-10-16,33.922144472716994,22.45600084817642,14.726904862878145,6.637992070235061,8.317430025445292,9.842872320768663
2022-10-17,33.91942207149923,22.454747774480712,14.728504309735763,6.638358103326256,8.315811784654514,9.84600646352724
2022-10-18,33.91649011299435,22.453707627118643,14.730737994350282,6.638087153367289,8.313983050847458,9.848306570690292
2022-10-19,33.916030804013005,22.4530521407376,14.732319485657763,6.63517338995046,8.31263247138618,9.848306570690292
2022-10-20,33.914123216052005,22.450084781687156,14.735710753143987,6.632625619249823,8.310512929207292,9.850604132078953
2022-10-21,33.911617231638424,22.44862288135593,14.73836511299435,6.632357102433503,8.309110169491525,9.853452249262537
2022-10-22,33.907379943502825,22.447351694915255,14.742602401129943,6.629385964912281,8.30572033898305,9.856850009213193
2022-10-23,33.904454327262464,22.446315120711564,14.743982069744458,6.629967472776128,8.304320203303686,9.85969152854512
2022-10-24,33.904454327262464,22.446315120711564,14.743982069744458,6.629967472776128,8.304320203303686,9.85969152854512
2022-10-25,33.90163703076489,22.445173581710414,14.745678097657352,6.630230421260956,8.302603725656224,9.862253819252716
2022-10-26,33.89913951191988,22.443292424883623,14.747901678657072,6.6299632612689,8.300782903089294,9.865089220014717
2022-10-27,33.89913951191988,22.443292424883623,14.747901678657072,6.6299632612689,8.300782903089294,9.865089220014717
2022-10-28,33.89913951191988,22.443292424883623,14.747901678657072,6.6299632612689,8.300782903089294,9.865089220014717
2022-10-29,33.8949076033291,22.442869234024545,14.75171039638877,6.626995902218455,8.297397376216674,9.867921492921493
2022-10-30,33.89156796390299,22.4418358714044,14.753084461364917,6.628001412429379,8.296002538071066,9.870750643145904
2022-10-31,33.89156796390299,22.4418358714044,14.753084461364917,6.628001412429379,8.296002538071066,9.870750643145904
2022-11-01,33.88823114869626,22.441014799154335,14.754457364341084,6.629006070873924,8.294397463002115,9.873576675849403
2022-11-02,33.88531980839674,22.439983093829248,14.756674415328261,6.62873976855772,8.292582417582418,9.875848935389135
2022-11-03,33.88278388278388,22.438926458157226,14.76026697661313,6.625141123341801,8.28898985629755,9.87811869381765
2022-11-04,33.88273431994362,22.438689217758984,14.761856941508103,6.622017506706198,8.286997885835095,9.87811869381765
2022-11-05,33.87940264863342,22.43808114961961,14.763648210763595,6.6226009031893875,8.285608622147084,9.880385955262193
2022-11-06,33.87649626813125,22.437473595268273,14.7645930150683,6.62318380589646,8.284220532319392,9.883200476452263
2022-11-07,33.87359234234234,22.436866554054053,14.765748170045043,6.623766215454033,8.282622466216216,9.88573717948718
2022-11-08,33.87111298719572,22.435415787252005,14.767535528352328,6.623502466525722,8.281236808780076,9.887996522057477
2022-11-09,33.87111298719572,22.435415787252005,14.767535528352328,6.623502466525722,8.281236808780076,9.887996522057477
2022-11-10,33.86858027297031,22.43457154917687,14.770912480652877,6.619908386187456,8.277226677923174,9.890253384559093
2022-11-11,33.866104078762305,22.4331223628692,14.773962728551336,6.619223724992956,8.27584388185654,9.89305631742549
2022-11-12,33.862517580872016,22.43270042194093,14.77754922644163,6.616265145111299,8.27246835443038,9.89530793128655
2022-11-13,33.86004498805005,22.43209616195698,14.778908336848025,6.616427263765667,8.270666385491355,9.89810502283105
2022-11-14,33.85736368746487,22.431281618887017,14.780055508712758,6.616589245495495,8.269076728499156,9.90089905074845
2022-11-15,33.85489535047057,22.42983565107459,14.782255232476471,6.616328971436612,8.267277707543194,9.903142674694399
2022-11-16,33.85489535047057,22.42983565107459,14.782255232476471,6.616328971436612,8.267277707543194,9.903142674694399
2022-11-17,33.85462338392355,22.43064924114671,14.78384977515458,6.61278856981982,8.265282462057336,9.903142674694399
2022-11-18,33.85462338392355,22.43064924114671,14.78384977515458,6.61278856981982,8.265282462057336,9.903142674694399
2022-11-19,33.851250702641934,22.43022765598651,14.787222456436199,6.609832488738739,8.261488195615515,9.904836797957696
2022-11-20,33.8487849417053,22.42920353982301,14.78815493749122,6.609997185873083,8.260113780025284,9.907622562420267
2022-11-21,33.84632125807358,22.428180286436394,14.789086632968266,6.610372714486639,8.258740522325189,9.910405282331512
2022-11-22,33.84385964912281,22.426736842105264,14.791280701754385,6.610115281878251,8.257368421052632,9.91209266338977
2022-11-23,33.84385964912281,22.426736842105264,14.791280701754385,6.610115281878251,8.257368421052632,9.91209266338977
2022-11-24,33.84168421052632,22.42617543859649,14.794859649122806,6.607022353437368,8.253719298245613,9.914324053857351
2022-11-25,33.83922558922559,22.424733445566776,14.797892115600447,6.606344856661045,8.25277076318743,9.916553009638116
2022-11-26,33.83627946127946,22.42347081930415,14.801259118967451,6.603815345699831,8.24898288439955,9.918234278444203
2022-11-27,33.833403449726546,22.422871967465994,14.802604824007853,6.603982300884955,8.247616042630767,9.921003633060854
2022-11-28,33.83052985702271,22.422273619287918,14.803739136529295,6.604149115417018,8.246250350434538,9.923769970951344
2022-11-29,33.82849936948298,22.42083508476951,14.805923357152864,6.603894736842105,8.244885806361216,9.924900199600799
2022-11-30,33.82849936948298,22.42083508476951,14.805923357152864,6.603894736842105,8.244885806361216,9.924900199600799
2022-12-01,33.8266078184111,22.41936387838027,14.808235252907384,6.600526315789474,8.241733221241418,9.927661407326806
2022-12-02,33.82366540563262,22.41768249964971,14.81201835505114,6.597578947368421,8.2383704637803,9.928788290737721
2022-12-03,33.82100840336135,22.41624649859944,14.813567927170867,6.597748316498317,8.237009803921568,9.931272644927537
2022-12-04,33.82100840336135,22.41624649859944,14.813567927170867,6.597748316498317,8.237009803921568,9.931272644927537
2022-12-05,33.82100840336135,22.41624649859944,14.813567927170867,6.597748316498317,8.237009803921568,9.931272644927537
2022-12-06,33.81877362452751,22.41512669746605,14.814906201875962,6.597917543121582,8.23565028699426,9.933075321383306
2022-12-07,33.81877362452751,22.41512669746605,14.814906201875962,6.597917543121582,8.23565028699426,9.933075321383306
2022-12-08,33.8162536749265,22.41407671846563,14.817216155676885,6.594972654606647,8.232500349993,9.935826094824467
2022-12-09,33.8162536749265,22.41407671846563,14.817216155676885,6.594972654606647,8.232500349993,9.935826094824467
2022-12-10,33.812893742125155,22.413236735265293,14.819736105277894,6.592027766091713,8.229560408791823,9.938573883161512
2022-12-11,33.810453400503775,22.412223621606493,14.821071228659388,6.592199327165686,8.227784774699131,9.941318691250904
2022-12-12,33.810453400503775,22.412223621606493,14.821071228659388,6.592199327165686,8.227784774699131,9.941318691250904
2022-12-13,33.80832983634075,22.411001538676736,14.82261505105609,6.592370744010088,8.226325360190236,9.943383017163505
2022-12-14,33.80832983634075,22.411001538676736,14.82261505105609,6.592370744010088,8.226325360190236,9.943383017163505
2022-12-15,33.8078295549958,22.41159389868458,14.823590120347045,6.58988645920942,8.22453120626924,9.943383017163505
2022-12-16,33.804890848026865,22.411174083403303,14.826948642597257,6.586942809083263,8.221172684019031,9.946122246298303
2022-12-17,33.80174223341729,22.410124545200112,14.829677441925552,6.584419680403701,8.218233977050097,9.948587800036096
2022-12-18,33.80174223341729,22.410124545200112,14.829677441925552,6.584419680403701,8.218233977050097,9.948587800036096
2022-12-19,33.79909777591271,22.40953280179046,14.83079801370821,6.5848045397225725,8.21667366065184,9.951050685425686
2022-12-20,33.79666526845637,22.408102628635344,14.832546840044742,6.584978991596639,8.215324384787472,9.952699657472508
2022-12-21,33.79507337526206,22.40793151642208,14.833874912648497,6.5853632927341454,8.213766596785463,9.953806306306307
2022-12-22,33.79435822147651,22.408242449664428,14.835063618568231,6.582668067226891,8.212108501118568,9.953806306306307
2022-12-23,33.79435822147651,22.408242449664428,14.835063618568231,6.582668067226891,8.212108501118568,9.953806306306307
2022-12-24,33.791421979865774,22.406564597315437,14.838209591722594,6.580357142857143,8.20917225950783,9.955992256437963
2022-12-25,33.791421979865774,22.406564597315437,14.838209591722594,6.580357142857143,8.20917225950783,9.955992256437963
2022-12-26,33.791421979865774,22.406564597315437,14.838209591722594,6.580357142857143,8.20917225950783,9.955992256437963
2022-12-27,33.791421979865774,22.406564597315437,14.838209591722594,6.580357142857143,8.20917225950783,9.955992256437963
2022-12-28,33.791421979865774,22.406564597315437,14.838209591722594,6.580357142857143,8.20917225950783,9.955992256437963
2022-12-29,33.79049517415023,22.406945027276542,14.839190795915512,6.578079024800337,8.207791299482444,9.955992256437963
2022-12-30,33.78998740554156,22.40627623845508,14.83996291631682,6.575798990748528,8.206619087601455,9.955992256437963
2022-12-31,33.786718422156945,22.40526647083508,14.841288991467337,6.575977301387137,8.205273464820253,9.958715802735782
2023-01-01,33.786718422156945,22.40526647083508,14.841288991467337,6.575977301387137,8.205273464820253,9.958715802735782
2023-01-02,33.7838716442953,22.404257550335572,14.842404222595077,6.576365546218487,8.203719239373601,9.961436409426156
2023-01-03,33.7838716442953,22.404257550335572,14.842404222595077,6.576365546218487,8.203719239373601,9.961436409426156
2023-01-04,33.78186582809224,22.402830188679246,14.843308874912648,6.576543469130617,8.202375960866526,9.96361470693995
2023-01-05,33.7793501048218,22.401362683438155,14.845824598183087,6.574023519529609,8.199440950384346,9.966329739442948
2023-01-06,33.7793501048218,22.401362683438155,14.845824598183087,6.574023519529609,8.199440950384346,9.966329739442948
2023-01-07,33.778838087248324,22.400482382550337,14.846808585011185,6.571743697478992,8.198266219239372,9.966329739442948
2023-01-08,33.775995807127885,22.399475890985325,14.848130677847658,6.571923561528769,8.196925227113905,9.969041846264368
2023-01-09,33.77315590947192,22.39847024308466,14.849242106733724,6.572313182199832,8.195585359038837,9.971751032130678
2023-01-10,33.770641240569994,22.395955574182732,14.852175887119307,6.57021410579345,8.193070690136908,9.973380875493362
2023-01-11,33.770641240569994,22.395955574182732,14.852175887119307,6.57021410579345,8.193070690136908,9.973380875493362
2023-01-12,33.770055904961566,22.396121593291404,14.853232005590494,6.567863642727145,8.191474493361286,9.973380875493362
2023-01-13,33.76721849678682,22.395117351215422,14.855808186644312,6.567625244892247,8.19055602123498,9.975546889008427
2023-01-14,33.764592933947775,22.39390448261416,14.856915933528835,6.568016505805008,8.189009914816365,9.977979390681003
2023-01-15,33.764592933947775,22.39390448261416,14.856915933528835,6.568016505805008,8.189009914816365,9.977979390681003
2023-01-16,33.762178950307096,22.393320770519264,14.857603992183137,6.568407438478747,8.187674483528754,9.980677950922443
2023-01-17,33.75924762702401,22.39206448911223,14.860535315466217,6.566310123042506,8.185161920714684,9.982299498746867
2023-01-18,33.75924762702401,22.39206448911223,14.860535315466217,6.566310123042506,8.185161920714684,9.982299498746867
2023-01-19,33.75715382467895,22.389970686767168,14.8634666387493,6.5637933445190155,8.18181183696259,9.98445607443192
2023-01-20,33.75715382467895,22.389970686767168,14.8634666387493,6.5637933445190155,8.18181183696259,9.98445607443192
2023-01-21,33.75453467280592,22.38897028045207,14.864779545137434,6.563766596785465,8.180479977675455,9.986878576537912
2023-01-22,33.75453467280592,22.38897028045207,14.864779545137434,6.563766596785465,8.180479977675455,9.986878576537912
2023-01-23,33.752126917712694,22.38817991631799,14.865463737796372,6.564158982956133,8.178940027894003,9.989566577301163
2023-01-24,33.74919804741981,22.38692468619247,14.8688110181311,6.56206342553786,8.176011157601115,9.990643979992855
2023-01-25,33.74919804741981,22.38692468619247,14.8688110181311,6.56206342553786,8.176011157601115,9.990643979992855
2023-01-26,33.748048236442216,22.386344625679634,14.869702356057436,6.561827956989248,8.17447372089781,9.992791465809677
2023-01-27,33.74522714604237,22.385765050167223,14.871429069119284,6.561592685650475,8.173564659977702,9.995471984296932
2023-01-28,33.74282629892743,22.384977016297533,14.872527510795374,6.561776196455979,8.172238473324974,9.997882111646158
2023-01-29,33.74282629892743,22.384977016297533,14.872527510795374,6.561776196455979,8.172238473324974,9.997882111646158
2023-01-30,33.740636313004735,22.38418964076859,14.872998468393202,6.562168758716876,8.170913394597605,10.000557040998219
2023-01-31,33.73782185107864,22.383194154488518,14.874721642310368,6.562351875087132,8.169589422407793,10.00216016390522
2023-02-01,33.73782185107864,22.383194154488518,14.874721642310368,6.562351875087132,8.169589422407793,10.00216016390522
2023-02-02,33.73448155880307,22.382359081419626,14.8768093249826,6.560260699846648,8.166666666666666,10.004829950142451
2023-02-03,33.733535226956285,22.381265664160402,14.878010999721525,6.558403068340307,8.165900863269282,10.004829950142451
2023-02-04,33.730514961725824,22.38068893528184,14.879105775922058,6.558796877178308,8.164578983994431,10.007496885566827
2023-02-05,33.730514961725824,22.38068893528184,14.879105775922058,6.558796877178308,8.164578983994431,10.007496885566827
2023-02-06,33.727705898720096,22.38011268781302,14.879573594880354,6.5593993868450395,8.16325820812465,10.010427783706866
2023-02-07,33.72531636768183,22.379536921151438,14.88087539980531,6.559583507452292,8.161938534278958,10.012022222222223
2023-02-08,33.72531636768183,22.379536921151438,14.88087539980531,6.559583507452292,8.161938534278958,10.012022222222223
2023-02-09,33.724993043962165,22.379486644407347,14.881451725097383,6.557727146042364,8.160545353366722,10.012022222222223
2023-02-10,33.724993043962165,22.379486644407347,14.881451725097383,6.557727146042364,8.160545353366722,10.012022222222223
2023-02-11,33.72102810239288,22.377608514190317,14.883747217584862,6.556263935340023,8.158041179744016,10.014947583511017
2023-02-12,33.72102810239288,22.377608514190317,14.883747217584862,6.556263935340023,8.158041179744016,10.014947583511017
2023-02-13,33.718641357252125,22.376616604088444,14.884212905020162,6.5566583089566794,8.156723682380752,10.018136210264608
2023-02-14,33.7162566027245,22.376042535446206,14.8855122324159,6.556425786688945,8.15540728384765,10.0197239971601
2023-02-15,33.714171531832086,22.37541701417848,14.886346260772864,6.554963798384851,8.152488184598276,10.021842291999292
2023-02-16,33.71166944676119,22.373957464553794,14.887597303308311,6.552875243664718,8.149986099527382,10.02449024822695
2023-02-17,33.71012227316938,22.372967903293038,14.88931151868834,6.55222686151705,8.148673058218701,10.026603756866916
2023-02-18,33.70657913019314,22.371300541892456,14.890978880088923,6.5509742519137095,8.146172016117825,10.029512043924903
2023-02-19,33.70657913019314,22.371300541892456,14.890978880088923,6.5509742519137095,8.146172016117825,10.029512043924903
2023-02-20,33.70461805555556,22.3709375,14.891232638888887,6.551161658319422,8.14486111111111,10.032417241989734
2023-02-21,33.70307510759406,22.36953352769679,14.892110926003053,6.551140314281741,8.143551298070248,10.034523177636236
2023-02-22,33.70307510759406,22.36953352769679,14.892110926003053,6.551140314281741,8.143551298070248,10.034523177636236
2023-02-23,33.70246527777778,22.369131944444444,14.892690972222221,6.549422648859211,8.142222222222221,10.034523177636236
2023-02-24,33.70246527777778,22.369131944444444,14.892690972222221,6.549422648859211,8.142222222222221,10.034523177636236
2023-02-25,33.699131944444446,22.36704861111111,14.894565972222221,6.5479618809126325,8.140138888888888,10.037157382847038
2023-02-26,33.699131944444446,22.36704861111111,14.894565972222221,6.5479618809126325,8.140138888888888,10.037157382847038
2023-02-27,33.697383034846595,22.366270998195194,14.894818131334164,6.548359059936032,8.138622796057199,10.040053905973844
2023-02-28,33.69626006106023,22.365285872883707,14.895694560088813,6.547713372254657,8.137316125451013,10.0416225048578
2023-03-01,33.69626006106023,22.365285872883707,14.895694560088813,6.547713372254657,8.137316125451013,10.0416225048578
2023-03-02,33.69417846239245,22.36299611434915,14.89694351928948,6.54625382262997,8.13481820704968,10.043719103107346
2023-03-03,33.691264224257566,22.360914515681376,14.898192478490145,6.545002780094523,8.132320288648348,10.046342862184577
2023-03-04,33.68889582466362,22.359932029407684,14.899483284782908,6.544775600944838,8.131432931058399,10.048434744268079
2023-03-05,33.68736134220743,22.35895036051026,14.899941070438157,6.544965277777778,8.130130338325014,10.051053234620131
2023-03-06,33.68736134220743,22.35895036051026,14.899941070438157,6.544965277777778,8.130130338325014,10.051053234620131
2023-03-07,33.68593208593209,22.357969507969507,14.900502425502424,6.544842426766626,8.128828828828828,10.05327255109232
2023-03-08,33.68593208593209,22.357969507969507,14.900502425502424,6.544842426766626,8.128828828828828,10.05327255109232
2023-03-09,33.68538546866334,22.357494453688297,14.900253050471434,6.544027777777778,8.127634498058791,10.05327255109232
2023-03-10,33.68538546866334,22.357494453688297,14.900253050471434,6.544027777777778,8.127634498058791,10.05327255109232
2023-03-11,33.683437283437286,22.356514206514206,14.901334026334025,6.5442176870748305,8.126126126126126,10.05535745729882
2023-03-12,33.683437283437286,22.356514206514206,14.901334026334025,6.5442176870748305,8.126126126126126,10.05535745729882
2023-03-13,33.68128290385148,22.35615821557218,14.901582848434467,6.544615598112684,8.12441119423663,10.0584961281239
2023-03-14,33.67933804182246,22.355179338041822,14.902454646170888,6.544388958246636,8.123113142224069,10.060576077396659
2023-03-15,33.67933804182246,22.355179338041822,14.902454646170888,6.544388958246636,8.123113142224069,10.060576077396659
2023-03-16,33.67726076720676,22.353102063426117,14.902454646170888,6.543972811763075,8.120204957762082,10.063181258790436
2023-03-17,33.67531838316722,22.35254014396456,14.904156284606865,6.543330560177482,8.11890919158361,10.065256545422598
2023-03-18,33.672826688815064,22.34921788482835,14.905402131782944,6.542082640044371,8.116832779623477,10.067856515630488
2023-03-19,33.67047184170472,22.348657810986577,14.905441400304412,6.542688842688843,8.115538951155388,10.070980340530104
2023-03-20,33.66811894882434,22.348305670816043,14.905480636237895,6.543086727625382,8.114246196403872,10.074100877192983
2023-03-21,33.6661827733997,22.3469169086133,14.906764136596154,6.542861099570697,8.112954514032904,10.076166052954585
2023-03-22,33.664799446749655,22.34643845089903,14.907347856154908,6.541216403435856,8.111964038727523,10.076166052954585
2023-03-23,33.66334716459198,22.34540110650069,14.907762793914245,6.540177334441674,8.108852005532503,10.078754819488259
2023-03-24,33.66334716459198,22.34540110650069,14.907762793914245,6.540177334441674,8.108852005532503,10.078754819488259
2023-03-25,33.660027662517294,22.34311894882434,14.909007607192253,6.539138265447493,8.106569847856154,10.081340865300403
2023-03-26,33.660027662517294,22.34311894882434,14.909007607192253,6.539138265447493,8.106569847856154,10.081340865300403
2023-03-27,33.657680077422924,22.34235448638186,14.909460113369278,6.53974518764714,8.104866583713534,10.08418679971989
2023-03-28,33.655191483478504,22.339865892437437,14.910704410341488,6.538083367954577,8.102792755426517,10.086242344706912
2023-03-29,33.655191483478504,22.339865892437437,14.910704410341488,6.538083367954577,8.102792755426517,10.086242344706912
2023-03-30,33.65484094052559,22.339591977869986,14.910459889349928,6.536852313660294,8.101383125864453,10.086242344706912
2023-03-31,33.652351313969575,22.33710235131397,14.911704702627937,6.535605430867276,8.098893499308437,10.088820391745367
2023-04-01,33.64979952993226,22.335925618692105,14.912778238628507,6.536006093338873,8.09719341905157,10.09165792693585
2023-04-02,33.64979952993226,22.335925618692105,14.912778238628507,6.536006093338873,8.09719341905157,10.09165792693585
2023-04-03,33.64745715865119,22.33495715865119,14.913021697070203,6.536406423034331,8.09570204532891,10.094754542278128
2023-04-04,33.6459455725929,22.33336786849012,14.914093797485839,6.536391310363913,8.094004696781322,10.09706216169024
2023-04-05,33.6459455725929,22.33336786849012,14.914093797485839,6.536391310363913,8.094004696781322,10.09706216169024
2023-04-06,33.64449509600774,22.33088133720127,14.91492264124879,6.535561090355611,8.09068932172952,10.099629144851658
2023-04-07,33.64449509600774,22.33088133720127,14.91492264124879,6.535561090355611,8.09068932172952,10.099629144851658
2023-04-08,33.640972510015196,22.328809227793894,14.916165906893216,6.5347308703473095,8.088410001381407,10.102193441479157
2023-04-09,33.640972510015196,22.328809227793894,14.916165906893216,6.5347308703473095,8.088410001381407,10.102193441479157
2023-04-10,33.640972510015196,22.328809227793894,14.916165906893216,6.5347308703473095,8.088410001381407,10.102193441479157
2023-04-11,33.63894642363988,22.327430267881798,14.916925573046118,6.535131396957124,8.086819939243302,10.104755055788006
2023-04-12,33.63894642363988,22.327430267881798,14.916925573046118,6.535131396957124,8.086819939243302,10.104755055788006
2023-04-13,33.63666804750069,22.325566141949736,14.917546948356806,6.53450899031812,8.083920187793426,10.107313991984666
2023-04-14,33.63666804750069,22.325566141949736,14.917546948356806,6.53450899031812,8.083920187793426,10.107313991984666
2023-04-15,33.63335404584369,22.323080640706987,14.918375448771055,6.534094052558784,8.081848936757801,10.109870254266806
2023-04-16,33.63335404584369,22.323080640706987,14.918375448771055,6.534094052558784,8.081848936757801,10.109870254266806
2023-04-17,33.6308143547274,22.322532781228432,14.918409247757072,6.534702060002766,8.080365769496204,10.112946040034814
2023-04-18,33.62889762693157,22.320743653421633,14.919270833333332,6.534894969596462,8.07867687637969,10.115496694502436
2023-04-19,33.62889762693157,22.320743653421633,14.919270833333332,6.534894969596462,8.07867687637969,10.115496694502436
2023-04-20,33.62860593512768,22.319565217391304,14.919651483781916,6.5340107839070924,8.077329192546584,10.115496694502436
2023-04-21,33.62736369910284,22.31625258799172,14.920893719806761,6.532766486934881,8.074844720496895,10.118044687880369
2023-04-22,33.623844030365774,22.313561076604554,14.922135955831607,6.532351721277478,8.071946169772257,10.120850712547794
2023-04-23,33.623844030365774,22.313561076604554,14.922135955831607,6.532351721277478,8.071946169772257,10.120850712547794
2023-04-24,33.62130932671082,22.31260347682119,14.921961230684325,6.5333747927031505,8.070467715231787,10.123914365120724
2023-04-25,33.61981106054338,22.31081919735209,14.922407254171837,6.5335681723995025,8.068783616052958,10.126453993055556
2023-04-26,33.61856985243415,22.308750517170047,14.922820990208246,6.533775383340241,8.065887463798097,10.129511539128927
2023-04-27,33.61799806843268,22.30701572847682,14.92320295253863,6.532960199004975,8.064673013245033,10.129511539128927
2023-04-28,33.61799806843268,22.30701572847682,14.92320295253863,6.532960199004975,8.064673013245033,10.129511539128927
2023-04-29,33.6160874362157,22.305854364915184,14.923234726244655,6.533360961458765,8.063405047579645,10.132565903572669
2023-04-30,33.6160874362157,22.305854364915184,14.923234726244655,6.533360961458765,8.063405047579645,10.132565903572669
2023-05-01,33.6160874362157,22.305854364915184,14.923234726244655,6.533360961458765,8.063405047579645,10.132565903572669
2023-05-02,33.61397160187483,22.30448717948718,14.923473256134544,6.533761391880696,8.061827956989248,10.13574709655053
2023-05-03,33.61397160187483,22.30448717948718,14.923473256134544,6.533761391880696,8.061827956989248,10.13574709655053
2023-05-04,33.612317342156054,22.30117866004963,14.924093603529085,6.533347141673571,8.058933002481389,10.138795045045045
2023-05-05,33.61082403196914,22.299813972716,14.924951770704146,6.533126293995859,8.057668458040512,10.141320346320347
2023-05-06,33.60912534435262,22.29824380165289,14.924982782369144,6.533940397350993,8.05599173553719,10.144362236067844
2023-05-07,33.60912534435262,22.29824380165289,14.924982782369144,6.533940397350993,8.05599173553719,10.144362236067844
2023-05-08,33.606808481343805,22.297294506402313,14.924600715957592,6.534960695076541,8.0545229244114,10.147660439370352
2023-05-09,33.60490641343243,22.295520231213874,14.925044728874207,6.535153019023987,8.052848885218827,10.150695885200554
2023-05-10,33.60490641343243,22.295520231213874,14.925044728874207,6.535153019023987,8.052848885218827,10.150695885200554
2023-05-11,33.601809799064135,22.29304293971924,14.925457610789978,6.535153019023987,8.05016515276631,10.153728183860377
2023-05-12,33.601809799064135,22.29304293971924,14.925457610789978,6.535153019023987,8.05016515276631,10.153728183860377
2023-05-13,33.598713184695846,22.290152766308836,14.926283374621523,6.53494623655914,8.047894302229562,10.156757340241796
2023-05-14,33.598713184695846,22.290152766308836,14.926283374621523,6.53494623655914,8.047894302229562,10.156757340241796
2023-05-15,33.596402531297294,22.28920759389187,14.926107442564312,6.535758577924763,8.046636401155592,10.160042292421888
2023-05-16,33.594918866886694,22.287025577557756,14.926137926292627,6.536363636363636,8.044966996699669,10.163065044858524
2023-05-17,33.594918866886694,22.287025577557756,14.926137926292627,6.536363636363636,8.044966996699669,10.163065044858524
2023-05-18,33.593474972497255,22.284344059405942,14.926756738173815,6.536157024793388,8.04269801980198,10.165567339196414
2023-05-19,33.59289448342276,22.282810565414774,14.92672650983629,6.53513848697809,8.042302930251754,10.165567339196414
2023-05-20,33.588767368276244,22.280127940569542,14.927551932865592,6.53513848697809,8.040239372678498,10.168842640468805
2023-05-21,33.588767368276244,22.280127940569542,14.927551932865592,6.53513848697809,8.040239372678498,10.168842640468805
2023-05-22,33.58625550055006,22.279393564356436,14.927169279427941,6.535950413223141,8.038985148514852,10.172372954349699
2023-05-23,33.58477663230241,22.27762886597938,14.926786941580755,6.536142090045436,8.037731958762887,10.175383092286502
2023-05-24,33.58477663230241,22.27762886597938,14.926786941580755,6.536142090045436,8.037731958762887,10.175383092286502
2023-05-25,33.58391776677668,22.276299504950494,14.927100522552255,6.5352617079889805,8.036853685368536,10.175383092286502
2023-05-26,33.5810299779978,22.273824257425744,14.927100522552255,6.534435261707989,8.03479097909791,10.178906384443298
2023-05-27,33.578934707903784,22.272474226804125,14.926718213058418,6.535247143053835,8.033333333333333,10.182426040591675
2023-05-28,33.578934707903784,22.272474226804125,14.926718213058418,6.535247143053835,8.033333333333333,10.182426040591675
2023-05-29,33.578934707903784,22.272474226804125,14.926718213058418,6.535247143053835,8.033333333333333,10.182426040591675
2023-05-30,33.57704726573235,22.270713107996702,14.926336218741412,6.535439031103771,8.032082989832372,10.18594206635723
2023-05-31,33.574749347617086,22.269983518747424,14.925542507897266,6.536249828036869,8.030627661035572,10.189969931271479
2023-06-01,33.572689191045185,22.266893283889576,14.925130476582886,6.535630760764892,8.028155473149292,10.193993645887
2023-06-02,33.572689191045185,22.266893283889576,14.925130476582886,6.535630760764892,8.028155473149292,10.193993645887
2023-06-03,33.56998215266337,22.26575370675453,14.924749450851179,6.536441144114412,8.026908292147171,10.198013216615173
2023-06-04,33.56998215266337,22.26575370675453,14.924749450851179,6.536441144114412,8.026908292147171,10.198013216615173
2023-06-05,33.567071497186774,22.264409221902017,14.924162892822833,6.537457044673539,8.025662138054068,10.202543317893292
2023-06-06,33.56539780521262,22.262654320987654,14.923988340192043,6.537647705413575,8.02400548696845,10.206554355281208
2023-06-07,33.56480719088788,22.261939069575956,14.923957046795662,6.537457044673539,8.022368601619322,10.206554355281208
2023-06-08,33.56462795167491,22.260399505766063,14.923925727622185,6.536853685368537,8.021142229544205,10.206554355281208
2023-06-09,33.56462795167491,22.260399505766063,14.923925727622185,6.536853685368537,8.021142229544205,10.206554355281208
2023-06-10,33.56256864360242,22.257104612850082,14.922690142778691,6.5370599559956,8.01867105985722,10.210818337617825
2023-06-11,33.56256864360242,22.257104612850082,14.922690142778691,6.5370599559956,8.01867105985722,10.210818337617825
2023-06-12,33.55986688623577,22.25617538081515,14.921898586523946,6.53766323024055,8.01722245094003,10.215591812264474
2023-06-13,33.55799039780521,22.254423868312756,14.921519204389574,6.5378538059906575,8.01556927297668,10.220103578154426
2023-06-14,33.55799039780521,22.254423868312756,14.921519204389574,6.5378538059906575,8.01556927297668,10.220103578154426
2023-06-15,33.558837656099904,22.252264306298887,14.921281048442431,6.53766323024055,8.014134760532455,10.220103578154426
2023-06-16,33.55677919582819,22.248559077809798,14.921281048442431,6.537250859106529,8.012076300260738,10.224097364818618
2023-06-17,33.5530739673391,22.245677233429394,14.921281048442431,6.53766323024055,8.009400301907506,10.228600136822303
2023-06-18,33.5530739673391,22.245677233429394,14.921281048442431,6.53766323024055,8.009400301907506,10.228600136822303
2023-06-19,33.55017146776406,22.244753086419752,14.920696159122084,6.538059906567739,8.0079561042524,10.233611111111111
2023-06-20,33.547477032771155,22.243006993006993,14.920728781022898,6.5382502403516005,8.006307418072124,10.238104390910644
2023-06-21,33.547477032771155,22.243006993006993,14.920728781022898,6.5382502403516005,8.006307418072124,10.238104390910644
2023-06-22,33.546380090497735,22.238687782805428,14.920523104346632,6.53749484960857,8.003290826820239,10.242593066939891
2023-06-23,33.54660493827161,22.23672839506173,14.920078875171466,6.537304204451773,8.002057613168724,10.242593066939891
2023-06-24,33.54370629370629,22.235602632661458,14.919700397641574,6.53749484960857,8.00041135335253,10.247589179040792
2023-06-25,33.54370629370629,22.235602632661458,14.919700397641574,6.53749484960857,8.00041135335253,10.247589179040792
2023-06-26,33.54081003289474,22.23447779605263,14.919116639254385,6.537479406919275,7.998972039473684,10.25283606277721
2023-06-27,33.53812166050144,22.232737361282368,14.91914988354569,6.537669822972417,7.997328401150843,10.257310315430521
2023-06-28,33.53957648026316,22.23118832236842,14.918705455043858,6.537479406919275,7.995271381578948,10.257310315430521
2023-06-29,33.5393708881579,22.227487664473685,14.918294270833332,6.537685337726524,7.9921875,10.260757498295842
2023-06-30,33.53709412248253,22.225750102753803,14.918738868338128,6.537463976945245,7.990957665433621,10.26522313064214
2023-07-01,33.53380600082203,22.221434443074394,14.918533360734346,6.537875668999589,7.988902589395807,10.269939564181138
2023-07-02,33.53380600082203,22.221434443074394,14.918533360734346,6.537875668999589,7.988902589395807,10.269939564181138
2023-07-03,33.53050534100247,22.220110928512735,14.91836140783347,6.537860082304527,7.987674609695974,10.275416879360218
2023-07-04,33.52802874743327,22.218172484599588,14.918189596167007,6.537844508432744,7.986242299794661,10.280123299319728
2023-07-05,33.52802874743327,22.218172484599588,14.918189596167007,6.537844508432744,7.986242299794661,10.280123299319728
2023-07-06,33.526386036960986,22.214681724845995,14.917162902121833,6.538255861785274,7.982751540041067,10.285079891211968
2023-07-07,33.526386036960986,22.214681724845995,14.917162902121833,6.538255861785274,7.982751540041067,10.285079891211968
2023-07-08,33.524743326488704,22.21036960985626,14.916341546885693,6.538461538461538,7.979876796714579,10.290031430513082
2023-07-09,33.524743326488704,22.21036960985626,14.916341546885693,6.538461538461538,7.979876796714579,10.290031430513082
2023-07-10,33.52165435139573,22.209051724137932,14.915965380405035,6.5386513157894735,7.9786535303776684,10.295232637120055
2023-07-11,33.518978251949115,22.207324579400904,14.915589522637122,6.538840937114673,7.977431267952401,10.299664799728445
2023-07-12,33.519601806239734,22.204536124794746,14.91473385331144,6.5394736842105265,7.976190476190476,10.299664799728445
2023-07-13,33.520636550308005,22.2023613963039,14.91408281998631,6.539695598519128,7.974743326488706,10.299664799728445
2023-07-14,33.51795977011494,22.20022577996716,14.914528598795838,6.539884868421052,7.973111658456486,10.304601357082273
2023-07-15,33.515291461412154,22.195094417077176,14.91432334428024,6.540707236842105,7.970648604269294,10.309532892505935
2023-07-16,33.515291461412154,22.195094417077176,14.91432334428024,6.540707236842105,7.970648604269294,10.309532892505935
2023-07-17,33.512617972917525,22.19337299958966,14.913948160306386,6.540896013152486,7.9694296265900695,10.314713607863075
2023-07-18,33.50953650533224,22.191652994257588,14.913983456385013,6.541084634346754,7.96780147662018,10.319634993224932
2023-07-19,33.50953650533224,22.191652994257588,14.913983456385013,6.541084634346754,7.96780147662018,10.319634993224932
2023-07-20,33.508100902379,22.187448728465956,14.912496581897729,6.541495480690222,7.964725184577523,10.324551379718978
2023-07-21,33.508100902379,22.187448728465956,14.912496581897729,6.541495480690222,7.964725184577523,10.324551379718978
2023-07-22,33.505022550225505,22.185731857318572,14.91253245865792,6.541683778234086,7.963509635096351,10.329970389170898
2023-07-23,33.505022550225505,22.185731857318572,14.91253245865792,6.541683778234086,7.963509635096351,10.329970389170898
2023-07-24,33.505022550225505,22.185731857318572,14.91253245865792,6.541683778234086,7.963509635096351,10.329970389170898
2023-07-25,33.50225409836066,22.184118852459015,14.912158469945354,6.5417692939244665,7.96219262295082,10.335003382377812
2023-07-26,33.502870028700286,22.182144321443214,14.910892442257754,6.542813141683778,7.960947109471094,10.335003382377812
2023-07-27,33.50164001640017,22.178044280442805,14.910892442257754,6.543223819301848,7.9576670766707664,10.33889029749831
2023-07-28,33.5018457752256,22.174835931091057,14.910035548263602,6.54385784716516,7.9568293683347004,10.33889029749831
2023-07-29,33.4989749897499,22.173124231242312,14.910072434057673,6.543839835728953,7.955617056170562,10.344293799628316
2023-07-30,33.4989749897499,22.173124231242312,14.910072434057673,6.543839835728953,7.955617056170562,10.344293799628316
2023-07-31,33.49610655737705,22.171618852459016,14.909699453551912,6.54382183908046,7.954405737704918,10.34994511989193
2023-08-01,33.4926259729619,22.169500204834083,14.909736446811415,6.543598686910135,7.95319541171651,10.355337552742617
2023-08-02,33.4926259729619,22.169500204834083,14.909736446811415,6.543598686910135,7.95319541171651,10.355337552742617
2023-08-03,33.49098730028677,22.16519868906186,14.908712276389457,6.544419368075503,7.950122900450635,10.360724527665317
2023-08-04,33.49098730028677,22.16519868906186,14.908712276389457,6.544419368075503,7.950122900450635,10.360724527665317
2023-08-05,33.488329238329236,22.16390253890254,14.908749658749658,6.544401148482363,7.948914823914824,10.365600236047884
2023-08-06,33.488329238329236,22.16390253890254,14.908749658749658,6.544401148482363,7.948914823914824,10.365600236047884
2023-08-07,33.48567335243553,22.162607449856733,14.908582344112428,6.544792947929479,7.947503069995907,10.370723795079206
2023-08-08,33.48220130932897,22.160495090016365,14.90861974904528,6.544979508196722,7.945887888707038,10.376094829038236
2023-08-09,33.47955010224949,22.15838445807771,14.908248125426038,6.545165915608357,7.944274028629857,10.38146043771044
2023-08-10,33.48056464811784,22.15558510638298,14.907392253136933,6.545799180327869,7.943023731587561,10.38146043771044
2023-08-11,33.48056464811784,22.15558510638298,14.907392253136933,6.545799180327869,7.943023731587561,10.38146043771044
2023-08-12,33.47790507364975,22.1504705400982,14.907187670485541,6.546413934426229,7.941182487725041,10.386063435975098
2023-08-13,33.47790507364975,22.1504705400982,14.907187670485541,6.546413934426229,7.941182487725041,10.386063435975098
2023-08-14,33.47484662576687,22.149386503067486,14.906612133605998,6.546599754199098,7.9397750511247445,10.391418600739994
2023-08-15,33.47138184791496,22.147281275551922,14.906650313436902,6.5467854217854216,7.938164349959117,10.396768364430997
2023-08-16,33.472188139059305,22.143456032719836,14.906407634628492,6.54680458828349,7.937525562372188,10.396768364430997
2023-08-17,33.4704158145876,22.138411724608044,14.905180640763461,6.547760480677319,7.934798909338786,10.402112735215054
2023-08-18,33.46736167893159,22.13712864540747,14.905219405832652,6.547945672945673,7.933599073316979,10.406947942905122
2023-08-19,33.46470427909512,22.132222676478605,14.90419732897247,6.5489694239694245,7.9315549195966195,10.411778281302452
2023-08-20,33.46470427909512,22.132222676478605,14.90419732897247,6.5489694239694245,7.9315549195966195,10.411778281302452
2023-08-21,33.46185805748536,22.130738319030105,14.90382781637379,6.54956337835994,7.930356899604958,10.416855393390371
2023-08-22,33.45880991285403,22.129050925925924,14.903458605664486,6.549747681396618,7.928751361655773,10.421675888665327
2023-08-23,33.45698924731183,22.12777324077855,14.903089696474751,6.549931833674165,7.927555464815571,10.425988771577007
2023-08-24,33.45819716775599,22.125170206971678,14.902028867102395,6.550361429350791,7.926300381263616,10.425988771577007
2023-08-25,33.45819716775599,22.125170206971678,14.902028867102395,6.550361429350791,7.926300381263616,10.425988771577007
2023-08-26,33.455355927589494,22.123485776507415,14.901660541717707,6.55054533060668,7.925105485232067,10.43105108877722
2023-08-27,33.455355927589494,22.123485776507415,14.901660541717707,6.55054533060668,7.925105485232067,10.43105108877722
2023-08-28,33.45251700680272,22.121802721088436,14.901496598639454,6.5507290814935955,7.923707482993197,10.436359450862215
2023-08-29,33.44947640418877,22.11971304229566,14.901128790969672,6.550912682195887,7.922106623147014,10.4416624832664
2023-08-30,33.44947640418877,22.11971304229566,14.901128790969672,6.550912682195887,7.922106623147014,10.4416624832664
2023-08-31,33.44886440908473,22.114613083095335,14.899904800761593,6.550912682195887,7.919250645994832,10.44746195015889
2023-09-01,33.44986394557824,22.110986394557823,14.899047619047618,6.551546742981739,7.918401360544217,10.44746195015889
2023-09-02,33.4468244254046,22.109309125526995,14.898680810553515,6.551730009535486,7.917210662314701,10.452503343363425
2023-09-03,33.4468244254046,22.109309125526995,14.898680810553515,6.551730009535486,7.917210662314701,10.452503343363425
2023-09-04,33.44399129961936,22.107429309407287,14.89811038607939,6.552117374727669,7.91581702011963,10.458040935672516
2023-09-05,33.44136431580378,22.104939529827423,14.897744258730805,6.552300258608956,7.914220682157901,10.463322478289914
2023-09-06,33.44136431580378,22.104939529827423,14.897744258730805,6.552300258608956,7.914220682157901,10.463322478289914
2023-09-07,33.442767808591626,22.10212751495378,14.89647906470908,6.552730119825708,7.912962207721588,10.463322478289914
2023-09-08,33.442767808591626,22.10212751495378,14.89647906470908,6.552730119825708,7.912962207721588,10.463322478289914
2023-09-09,33.439937491507,22.10025139285229,14.896113602391628,6.552708588539541,7.911774697649137,10.468849106993824
2023-09-10,33.439937491507,22.10025139285229,14.896113602391628,6.552708588539541,7.911774697649137,10.468849106993824
2023-09-11,33.437109481119265,22.098580548763923,14.895748437924476,6.552891156462585,7.910384406411301,10.474620453787121
2023-09-12,33.43448744059742,22.096503733876443,14.894976238968091,6.553073575411397,7.908791581805838,10.479885776221444
2023-09-13,33.43547948926922,22.09246807932627,14.894118446074435,6.553299319727891,7.908550665580005,10.479885776221444
2023-09-14,33.434256995381695,22.087578103776146,14.89269220320565,6.554115646258504,7.905901928823689,10.485645833333335
2023-09-15,33.43122878479294,22.08550577053632,14.893143245078072,6.5538895688834495,7.904718262050237,10.490900383141764
2023-09-16,33.42939579090292,22.079599456890698,14.892735913102511,6.554501563987488,7.902681602172437,10.496399433899434
2023-09-17,33.42939579090292,22.079599456890698,14.892735913102511,6.554501563987488,7.902681602172437,10.496399433899434
2023-09-18,33.42939579090292,22.079599456890698,14.892735913102511,6.554501563987488,7.902681602172437,10.496399433899434
2023-09-19,33.42671009771987,22.07739549402823,14.892576004343104,6.554275421424688,7.901228284473399,10.502142619404228
2023-09-20,33.42671009771987,22.07739549402823,14.892576004343104,6.554275421424688,7.901228284473399,10.502142619404228
2023-09-21,33.42650651465798,22.073527415852336,14.890540173724212,6.554683251767265,7.898988870792617,10.506383067198936
2023-09-22,33.42650651465798,22.073527415852336,14.890540173724212,6.554683251767265,7.898988870792617,10.506383067198936
2023-09-23,33.42406351791531,22.067827090119437,14.889929424538543,6.555294997281131,7.896749457111835,10.51186616791355
2023-09-24,33.42406351791531,22.067827090119437,14.889929424538543,6.555294997281131,7.896749457111835,10.51186616791355
2023-09-25,33.42406351791531,22.067827090119437,14.889929424538543,6.555294997281131,7.896749457111835,10.51186616791355
2023-09-26,33.42144892144892,22.0658662325329,14.889465472798806,6.555170539475473,7.895366978700313,10.517219175805916
2023-09-27,33.42144892144892,22.0658662325329,14.889465472798806,6.555170539475473,7.895366978700313,10.517219175805916
2023-09-28,33.42022792022792,22.060778727445395,14.887633970967304,6.555170539475473,7.89312847646181,10.5229405414383
2023-09-29,33.420806188925084,22.05754614549403,14.886773887079261,6.555804785209353,7.892270629750272,10.5229405414383
2023-09-30,33.41798941798942,22.05548772215439,14.886616469949802,6.55598586764506,7.891093474426809,10.528407204515274
2023-10-01,33.41798941798942,22.05548772215439,14.886616469949802,6.55598586764506,7.891093474426809,10.528407204515274
2023-10-02,33.415480065093575,22.05383780851641,14.886154054787088,6.555759304536811,7.889713859506374,10.533619545379128
2023-10-03,33.415480065093575,22.05383780851641,14.886154054787088,6.555759304536811,7.889713859506374,10.533619545379128
2023-10-04,33.415480065093575,22.05383780851641,14.886154054787088,6.555759304536811,7.889713859506374,10.533619545379128
2023-10-05,33.41646316646317,22.052028218694886,14.884072717406049,6.556189699687458,7.888651471984806,10.533619545379128
2023-10-06,33.41646316646317,22.052028218694886,14.884072717406049,6.556189699687458,7.888651471984806,10.533619545379128
2023-10-07,33.41422466422466,22.04612671279338,14.88325871659205,6.556801195814649,7.886616469949804,10.539075456053068
2023-10-08,33.41422466422466,22.04612671279338,14.88325871659205,6.556801195814649,7.886616469949804,10.539075456053068
2023-10-09,33.41422466422466,22.04612671279338,14.88325871659205,6.556801195814649,7.886616469949804,10.539075456053068
2023-10-10,33.41181855166802,22.044277190127477,14.882797667480336,6.556574300461831,7.885238676430703,10.54440162439914
2023-10-11,33.41181855166802,22.044277190127477,14.882797667480336,6.556574300461831,7.885238676430703,10.54440162439914
2023-10-12,33.411208299430434,22.039802007051804,14.879949823704909,6.556370551480576,7.882390832655275,10.550592279655401
2023-10-13,33.411208299430434,22.039802007051804,14.879949823704909,6.556370551480576,7.882390832655275,10.550592279655401
2023-10-14,33.409580960130185,22.03451315432601,14.878525901817195,6.5567780494430865,7.88015324111744,10.556528398741515
2023-10-15,33.409580960130185,22.03451315432601,14.878525901817195,6.5567780494430865,7.88015324111744,10.556528398741515
2023-10-16,33.407381049207,22.03226243730514,14.877761962857528,6.556551255940258,7.8787786363020205,10.562706885137372
2023-10-17,33.40680894308943,22.0289972899729,14.877405149051489,6.555510314875136,7.8772018970189706,10.567886683209265
2023-10-18,33.4071777145181,22.025959061949305,14.875931950657447,6.555532926001358,7.8771519587908365,10.567886683209265
2023-10-19,33.408563873067536,22.024749118524547,14.87303363167887,6.555963053518066,7.87608489286683,10.567886683209265
2023-10-20,33.4071777145181,22.021892368171343,14.872678595635081,6.555329260013578,7.87491527721296,10.573061342592593
2023-10-21,33.4067710451403,22.015792327504407,14.870645248746102,6.555329260013578,7.873085265012878,10.578478763840689
2023-10-22,33.4067710451403,22.015792327504407,14.870645248746102,6.555329260013578,7.873085265012878,10.578478763840689
2023-10-23,33.4067710451403,22.015792327504407,14.870645248746102,6.555329260013578,7.873085265012878,10.578478763840689
2023-10-24,33.40528455284553,22.013042005420054,14.870088075880759,6.554797774158524,7.871714092140922,10.58389081598943
2023-10-25,33.40552620885819,22.011005011512935,14.869328186374101,6.554164970831637,7.869734525260735,10.58805927026581
2023-10-26,33.40691056910569,22.009180216802168,14.866632791327913,6.554594191096634,7.868868563685638,10.58805927026581
2023-10-27,33.40691056910569,22.009180216802168,14.866632791327913,6.554594191096634,7.868868563685638,10.58805927026581
2023-10-28,33.40589430894309,22.00369241192412,14.86500677506775,6.554797774158524,7.8668360433604345,10.592966171617162
2023-10-29,33.40589430894309,22.00369241192412,14.86500677506775,6.554797774158524,7.8668360433604345,10.592966171617162
2023-10-30,33.40471353108492,22.001456047677095,14.86424895029121,6.554368471035138,7.8652647975077885,10.598115619330365
2023-10-31,33.402924451665314,21.998612239371784,14.863897914974274,6.553736099810144,7.8632886542106695,10.603754533465217
2023-11-01,33.402924451665314,21.998612239371784,14.863897914974274,6.553736099810144,7.8632886542106695,10.603754533465217
2023-11-02,33.40251827782291,21.994753587868942,14.860648524235039,6.553125847572552,7.861460871919848,10.609387872796178
2023-11-03,33.4030881755384,21.99271976161452,14.858560205878367,6.553757970424638,7.860185561424895,10.609387872796178
2023-11-04,33.400487408610886,21.990691849444897,14.85902382886542,6.553125847572552,7.858617655023017,10.614521574440053
2023-11-05,33.399106780349165,21.988259575043987,14.858269048585734,6.552900908228278,7.857051021789147,10.62014403292181
2023-11-06,33.39752435064935,21.9860321969697,14.857717803030303,6.552472899728998,7.855688582251083,10.625760941099045
2023-11-07,33.395740365111564,21.98319810682894,14.857369844489519,6.551842069619396,7.854124408384044,10.63087896727512
2023-11-08,33.395740365111564,21.98319810682894,14.857369844489519,6.551842069619396,7.854124408384044,10.63087896727512
2023-11-09,33.39594320486815,21.979141311697095,14.85392156862745,6.5520452390627115,7.851284651791752,10.635991946088101
2023-11-10,33.39456609894566,21.976716680183834,14.85398080562314,6.5514148388843765,7.849722898080563,10.641099885000822
2023-11-11,33.39375506893755,21.9720532576372,14.851547715598809,6.551617925805578,7.847289808056232,10.645956486042694
2023-11-12,33.39375506893755,21.9720532576372,14.851547715598809,6.551617925805578,7.847289808056232,10.645956486042694
2023-11-13,33.39258208350223,21.96983515741116,14.850999864883123,6.550987955068345,7.845932982029456,10.651300672903332
2023-11-14,33.391207455429495,21.966605888708806,14.850655051323608,6.550358495670996,7.844374662344679,10.656393536745407
2023-11-15,33.391207455429495,21.966605888708806,14.850655051323608,6.550358495670996,7.844374662344679,10.656393536745407
2023-11-16,33.392379408188084,21.96510606674774,14.847554384542628,6.551055623223711,7.843433319821646,10.656393536745407
2023-11-17,33.392379408188084,21.96510606674774,14.847554384542628,6.551055623223711,7.843433319821646,10.656393536745407
2023-11-18,33.3911633563032,21.959836508579922,14.845324956087014,6.551461632155908,7.841406566680178,10.66123544843417
2023-11-19,33.3911633563032,21.959836508579922,14.845324956087014,6.551461632155908,7.841406566680178,10.66123544843417
2023-11-20,33.3911633563032,21.959836508579922,14.845324956087014,6.551461632155908,7.841406566680178,10.66123544843417
2023-11-21,33.38978930307942,21.957320367368993,14.844779848730415,6.550933441558442,7.839748784440843,10.666318420190102
2023-11-22,33.38978930307942,21.957320367368993,14.844779848730415,6.550933441558442,7.839748784440843,10.666318420190102
2023-11-23,33.39019448946515,21.95380875202593,14.841470826580228,6.551339285714286,7.83711507293355,10.670413595413596
2023-11-24,33.38922640745241,21.95099230457675,14.841535034426894,6.550709939148073,7.835560955852572,10.675978225278325
2023-11-25,33.38765182186235,21.948582995951416,14.841396761133604,6.550283860502838,7.834008097165992,10.681046473572247
2023-11-26,33.38765182186235,21.948582995951416,14.841396761133604,6.550283860502838,7.834008097165992,10.681046473572247
2023-11-27,33.38648320518009,21.945973290165924,14.840449210845811,6.550060802594244,7.832456495346014,10.686600425253516
2023-11-28,33.385113268608414,21.942758899676374,14.840513754045308,6.549432739059967,7.830906148867314,10.691658492725193
2023-11-29,33.385113268608414,21.942758899676374,14.840513754045308,6.549432739059967,7.830906148867314,10.691658492725193
2023-11-30,33.386280857952244,21.941926345609065,14.837211655200324,6.55026347790839,7.829623634156212,10.691658492725193
2023-12-01,33.386842105263156,21.939878542510122,14.834311740890689,6.550892133008921,7.82914979757085,10.691658492725193
2023-12-02,33.38526912181303,21.937677053824363,14.83417644678268,6.550466153222538,7.827397814649939,10.696466503267974
2023-12-03,33.38526912181303,21.937677053824363,14.83417644678268,6.550466153222538,7.827397814649939,10.696466503267974
2023-12-04,33.38526912181303,21.937677053824363,14.83417644678268,6.550466153222538,7.827397814649939,10.696466503267974
2023-12-05,33.38379854368932,21.934769417475728,14.833636731391586,6.550040518638574,7.825748381877022,10.702127225216397
2023-12-06,33.38379854368932,21.934769417475728,14.833636731391586,6.550040518638574,7.825748381877022,10.702127225216397
2023-12-07,33.38400080906149,21.930319579288025,14.83080501618123,6.549432739059967,7.822916666666667,10.707170257917076
2023-12-08,33.38400080906149,21.930319579288025,14.83080501618123,6.549432739059967,7.822916666666667,10.707170257917076
2023-12-09,33.383191747572816,21.925465210355988,14.827973300970873,6.549432739059967,7.820691747572815,10.712208353728178
2023-12-10,33.383191747572816,21.925465210355988,14.827973300970873,6.549432739059967,7.820691747572815,10.712208353728178
2023-12-11,33.38415621205989,21.923411574261433,14.825070821529746,6.550060802594244,7.8198097936058275,10.712208353728178
2023-12-12,33.383191747572816,21.9204759978425,14.824534789644012,6.549567801188546,7.817994875943905,10.717812296151337
2023-12-13,33.38375151760421,21.91882503709699,14.822035613112101,6.550195919470341,7.817111830567921,10.717812296151337
2023-12-14,33.38390688259109,21.918387314439943,14.81912955465587,6.550824547174912,7.815823211875843,10.717812296151337
2023-12-15,33.38334682314852,21.915182786995818,14.818798057466612,6.550195919470341,7.814278969378119,10.723329258353708
2023-12-16,33.38238268608414,21.91238538295577,14.818466828478964,6.549567801188546,7.812735976267529,10.728596448354512
2023-12-17,33.38238268608414,21.91238538295577,14.818466828478964,6.549567801188546,7.812735976267529,10.728596448354512
2023-12-18,33.382180420711975,21.908137810140236,14.81543284789644,6.549162614802809,7.81030879180151,10.73459127177984
2023-12-19,33.38121714516781,21.904940018870466,14.814698746461787,6.548535169434318,7.808363660870737,10.740580240885416
2023-12-20,33.38121714516781,21.904940018870466,14.814698746461787,6.548535169434318,7.808363660870737,10.740580240885416
2023-12-21,33.38121714516781,21.901199622590646,14.812171451678124,6.548332658296205,7.805836366087073,10.744855213925492
2023-12-22,33.38121714516781,21.901199622590646,14.812171451678124,6.548332658296205,7.805836366087073,10.744855213925492
2023-12-23,33.3804567502021,21.89841013203988,14.811641067097817,6.547503373819163,7.804298032875235,10.75010162601626
2023-12-24,33.3804567502021,21.89841013203988,14.811641067097817,6.547503373819163,7.804298032875235,10.75010162601626
2023-12-25,33.380610594419736,21.89756031810217,14.809138697937728,6.547725124881868,7.8038145302601425,10.75010162601626
2023-12-26,33.380610594419736,21.89756031810217,14.809138697937728,6.547725124881868,7.8038145302601425,10.75010162601626
2023-12-27,33.380610594419736,21.89756031810217,14.809138697937728,6.547725124881868,7.8038145302601425,10.75010162601626
2023-12-28,33.37980186008896,21.894729747944467,14.805095026283865,6.547725124881868,7.8013883272678255,10.756074272712498
2023-12-29,33.38036003236246,21.89266450916936,14.802588996763754,6.548352242031334,7.800498921251348,10.756074272712498
2023-12-30,33.38010926750304,21.890597598812896,14.800485633346824,6.548979867585461,7.800013489815189,10.756074272712498
2023-12-31,33.37955097087379,21.887810140237324,14.799352750809062,6.548352242031334,7.798476267529665,10.76204109811566
2024-01-01,33.37929987859167,21.886955348711723,14.797248077701335,6.548979867585461,7.797585323081074,10.76204109811566
2024-01-02,33.37929987859167,21.886955348711723,14.797248077701335,6.548979867585461,7.797585323081074,10.76204109811566
2024-01-03,33.37894417475728,21.883967098166128,14.796521035598705,6.548554835224203,7.795846817691477,10.76788033771716
2024-01-04,33.37773058252427,21.8803263214671,14.793284789644012,6.54896002160994,7.793419633225458,10.773348750405711
2024-01-05,33.37773058252427,21.8803263214671,14.793284789644012,6.54896002160994,7.793419633225458,10.773348750405711
2024-01-06,33.3769215210356,21.875876483279395,14.79004854368932,6.54896002160994,7.790992448759439,10.779298459042984
2024-01-07,33.3769215210356,21.875876483279395,14.79004854368932,6.54896002160994,7.790992448759439,10.779298459042984
2024-01-08,33.37626467017402,21.8746121678133,14.788344799676244,6.549587893527901,7.7900984756508835,10.779298459042984
2024-01-09,33.37530339805825,21.8720334412082,14.787621359223301,6.548757428417072,7.788565264293419,10.784999189364461
2024-01-10,33.37530339805825,21.8720334412082,14.787621359223301,6.548757428417072,7.788565264293419,10.784999189364461
2024-01-11,33.375050586806964,21.87117226493997,14.785511938486442,6.549790568842048,7.787265614461082,10.784999189364461
2024-01-12,33.374241197895586,21.865506542560365,14.783083771752327,6.549385218213755,7.785242142182652,10.790451304488737
2024-01-13,33.372622420072844,21.86024551463645,14.780250910562525,6.549385218213755,7.783218669904222,10.795898121153222
2024-01-14,33.372622420072844,21.86024551463645,14.780250910562525,6.549385218213755,7.783218669904222,10.795898121153222
2024-01-15,33.371408336705784,21.855389181168217,14.777013354917038,6.549385218213755,7.780790503170106,10.801825319734498
2024-01-16,33.37044902912621,21.85180690399137,14.776699029126213,6.548352242031334,7.779261057173678,10.807261326860841
2024-01-17,33.36999190611088,21.85002697963038,14.77509105625253,6.549182542899608,7.778564683663833,10.807261326860841
2024-01-18,33.36999190611088,21.85002697963038,14.77509105625253,6.549182542899608,7.778564683663833,10.807261326860841
2024-01-19,33.36999190611088,21.85002697963038,14.77509105625253,6.549182542899608,7.778564683663833,10.807261326860841
2024-01-20,33.368830906148865,21.846649137001076,14.774979773462784,6.548352242031334,7.776833872707659,10.812692058871098
2024-01-21,33.368830906148865,21.846649137001076,14.774979773462784,6.548352242031334,7.776833872707659,10.812692058871098
2024-01-22,33.36741504854369,21.841187971952532,14.772350323624595,6.548352242031334,7.774002157497303,10.817875040413837
2024-01-23,33.366457743631216,21.838017252999055,14.772038010513546,6.547320102605643,7.772476074942714,10.822325900791727
2024-01-24,33.36620145631068,21.836738133764833,14.769923139158577,6.548757428417072,7.771170442286946,10.822325900791727
2024-01-25,33.366457743631216,21.833973581345195,14.769409623938536,6.548535169434318,7.769645504785011,10.826530200258397
2024-01-26,33.366457743631216,21.833973581345195,14.769409623938536,6.548535169434318,7.769645504785011,10.826530200258397
2024-01-27,33.365097008892484,21.831211263810292,14.769300727566694,6.547503373819163,7.768121800053893,10.830972558514931
2024-01-28,33.365097008892484,21.831211263810292,14.769300727566694,6.547503373819163,7.768121800053893,10.830972558514931
2024-01-29,33.36373737373737,21.828249158249157,14.768383838383839,6.546877107783623,7.766397306397306,10.835894643433365
2024-01-30,33.36318659127625,21.82549138395261,14.76807350565428,6.545442286947141,7.764472267097468,10.83984437993872
2024-01-31,33.362929292929294,21.824612794612793,14.765959595959597,6.546472413327937,7.763164983164983,10.83984437993872
2024-02-01,33.36157108239095,21.822260366182014,14.765650242326332,6.545442286947141,7.761241249326871,10.84379029658285
2024-02-02,33.35955169628433,21.81781771674744,14.763226978998384,6.545442286947141,7.758817985998922,10.847732398904462
2024-02-03,33.358195397658456,21.815065267124208,14.762515139281389,6.544412993664914,7.757300497914143,10.852153784219
2024-02-04,33.358195397658456,21.815065267124208,14.762515139281389,6.544412993664914,7.757300497914143,10.852153784219
2024-02-05,33.35617682680662,21.810624411250167,14.759487283003633,6.5442108100822205,7.755080069977122,10.856812328987607
2024-02-06,33.355427764326066,21.80807775087436,14.758979015334948,6.543182430611695,7.752959375840732,10.860259813384813
2024-02-07,33.355427764326066,21.80807775087436,14.758979015334948,6.543182430611695,7.752959375840732,10.860259813384813
2024-02-08,33.354763827210334,21.806789126631678,14.756459426725877,6.544615177247607,7.752455927869734,10.860259813384813
2024-02-09,33.354763827210334,21.806789126631678,14.756459426725877,6.544615177247607,7.752455927869734,10.860259813384813
2024-02-10,33.352745256358496,21.801137128246534,14.75444085587404,6.5442108100822205,7.750437357017898,10.864668757034892
2024-02-11,33.352745256358496,21.801137128246534,14.75444085587404,6.5442108100822205,7.750437357017898,10.864668757034892
2024-02-12,33.350726685506665,21.796696272372493,14.751816713766653,6.543604259334142,7.748216929080877,10.869314529090325
2024-02-13,33.34977804681194,21.79395345708905,14.751513317191284,6.542576125033683,7.746300780199085,10.872751004016063
2024-02-14,33.34977804681194,21.79395345708905,14.751513317191284,6.542576125033683,7.746300780199085,10.872751004016063
2024-02-15,33.348708114654826,21.793062844839188,14.749394428744449,6.543604259334142,7.745794644058672,10.872751004016063
2024-02-16,33.348708114654826,21.793062844839188,14.749394428744449,6.543604259334142,7.745794644058672,10.872751004016063
2024-02-17,33.34749697214372,21.787410846454044,14.746972143722244,6.543604259334142,7.743776073206836,10.876665863840719
2024-02-18,33.34749697214372,21.787410846454044,14.746972143722244,6.543604259334142,7.743776073206836,10.876665863840719
2024-02-19,33.34568025837707,21.782364419324452,14.744348001614856,6.543402075751448,7.741555645269815,10.880817685764724
2024-02-20,33.3440654016956,21.777519849280043,14.74232943076302,6.543402075751448,7.739133360247611,10.883762431825472
2024-02-21,33.343598546042,21.775208669897683,14.741013731825525,6.543824163969795,7.738826063543349,10.883762431825472
2024-02-22,33.34157915993538,21.771977652127084,14.738590468497577,6.544633225458468,7.736402800215401,10.88718534551868
2024-02-23,33.34023011707711,21.76924370878751,14.738292289059347,6.543604259334142,7.734894361458753,10.891085737179486
2024-02-24,33.33760597496972,21.764600995828285,14.736273718207508,6.543402075751448,7.732875790606917,10.894982380265898
2024-02-25,33.33760597496972,21.764600995828285,14.736273718207508,6.543402075751448,7.732875790606917,10.894982380265898
2024-02-26,33.336530694668824,21.76208266020463,14.734955573505655,6.5444309600862995,7.732364028002154,10.894982380265898
2024-02-27,33.33528461849011,21.75925178307092,14.73465886152604,6.543705351125488,7.730453505584713,10.89839497278258
2024-02-28,33.33528461849011,21.75925178307092,14.73465886152604,6.543705351125488,7.730453505584713,10.89839497278258
2024-02-29,33.334208400646204,21.759154550350026,14.732128432956381,6.544329827400215,7.729940764674205,10.89839497278258
2024-03-01,33.33313131313131,21.757845117845118,14.730404040404041,6.5449548091191145,7.72983164983165,10.89839497278258
2024-03-02,33.331785137318256,21.75531771674744,14.730109046849758,6.544329827400215,7.727921378567582,10.902044327092334
2024-03-03,33.331785137318256,21.75531771674744,14.730109046849758,6.544329827400215,7.727921378567582,10.902044327092334
2024-03-04,33.3299676898223,21.750269251480884,14.728493537964459,6.544532092772384,7.7250942380183085,10.90617002559181
2024-03-05,33.32902704884941,21.747544072130264,14.728199434800162,6.543907534708181,7.723186650518099,10.909092725819344
2024-03-06,33.32902704884941,21.747544072130264,14.728199434800162,6.543907534708181,7.723186650518099,10.909092725819344
2024-03-07,33.326201049656845,21.74512178710806,14.725777149777958,6.543907534708181,7.720360651325528,10.912971396612337
2024-03-08,33.324858757062145,21.742399784772665,14.72588781275222,6.5428792778226885,7.718455743879472,10.916367193739019
2024-03-09,33.3228410008071,21.73755716976056,14.723870056497175,6.5428792778226885,7.716034436373419,10.920238665389526
2024-03-10,33.3228410008071,21.73755716976056,14.723870056497175,6.5428792778226885,7.716034436373419,10.920238665389526
2024-03-11,33.321630347054075,21.733319881624965,14.721246973365618,6.542677175963352,7.713411353241861,10.923867081538216
2024-03-12,33.31961259079903,21.728880817863867,14.719229217110573,6.542677175963352,7.710990045735808,10.926774322169058
2024-03-13,33.31961259079903,21.728880817863867,14.719229217110573,6.542677175963352,7.710990045735808,10.926774322169058
2024-03-14,33.31853048041986,21.728771363208182,14.717501009285426,6.543300983960102,7.709662225810792,10.926774322169058
2024-03-15,33.31853048041986,21.728771363208182,14.717501009285426,6.543300983960102,7.709662225810792,10.926774322169058
2024-03-16,33.31631005248284,21.724532364419325,14.714876867178038,6.543300983960102,7.707239940788588,10.930635262234974
2024-03-17,33.31631005248284,21.724532364419325,14.714876867178038,6.543300983960102,7.707239940788588,10.930635262234974
2024-03-18,33.31408962454582,21.720898936886016,14.712050867985466,6.542896616794716,7.7050195128515675,10.934731516889737
2024-03-19,33.31315577078289,21.71859026096314,14.7113599677159,6.541868768526003,7.703120796341135,10.937629399585921
2024-03-20,33.31315577078289,21.71859026096314,14.7113599677159,6.541868768526003,7.703120796341135,10.937629399585921
2024-03-21,33.31234866828087,21.714252085014795,14.710048426150122,6.541565615736998,7.700800376647834,10.940046959567017
2024-03-22,33.310330912025826,21.710014796879204,14.708837772397095,6.5409593101589865,7.698782620392789,10.943416865552903
2024-03-23,33.30924505450141,21.707071726550936,14.708720226079935,6.541582423507211,7.698257300497914,10.943416865552903
2024-03-24,33.30790960451977,21.704768630616087,14.708030669895077,6.5409593101589865,7.6963613128867365,10.947260655216285
2024-03-25,33.30589184826473,21.699724239978476,14.706618240516546,6.540555106440312,7.694141781006187,10.951339214751231
2024-03-26,33.30496167809601,21.697425036977275,14.705929810407422,6.539528619528619,7.692248218367621,10.954222275182714
2024-03-27,33.30496167809601,21.697425036977275,14.705929810407422,6.539528619528619,7.692248218367621,10.954222275182714
2024-03-28,33.3046811945117,21.69528517621738,14.705407586763519,6.540150902721638,7.6913169222491256,10.954222275182714
2024-03-29,33.3046811945117,21.69528517621738,14.705407586763519,6.540150902721638,7.6913169222491256,10.954222275182714
2024-03-30,33.30334812424365,21.692584375420196,14.704719645018152,6.539528619528619,7.689424499125991,10.958531840558996
2024-03-31,33.30334812424365,21.692584375420196,14.704719645018152,6.539528619528619,7.689424499125991,10.958531840558996
2024-04-01,33.303470540758674,21.689635458703254,14.704600484261501,6.53934249528429,7.688895614743072,10.958531840558996
2024-04-02,33.30233965308592,21.68713863116848,14.7038120209762,6.538518518518518,7.687205862578996,10.962003968253967
2024-04-03,33.30233965308592,21.68713863116848,14.7038120209762,6.538518518518518,7.687205862578996,10.962003968253967
2024-04-04,33.29991932230738,21.682701358074493,14.70340863251311,6.538114478114478,7.684382143337367,10.965353799777883
2024-04-05,33.29923325262308,21.680152004304546,14.703288942695723,6.538331985987604,7.683851224105461,10.965353799777883
2024-04-06,33.29830576845502,21.677457308054322,14.70260185558693,6.537710437710437,7.681961812558827,10.969176181414525
2024-04-07,33.29830576845502,21.677457308054322,14.70260185558693,6.537710437710437,7.681961812558827,10.969176181414525
2024-04-08,33.29761904761905,21.67490583804143,14.702481840193705,6.5379277822689295,7.681026365348399,10.969176181414525
2024-04-09,33.29638967325535,21.672414952265697,14.70179507866075,6.537306397306397,7.679339787548742,10.972400538912664
2024-04-10,33.29638967325535,21.672414952265697,14.70179507866075,6.537306397306397,7.679339787548742,10.972400538912664
2024-04-11,33.29523136938391,21.67026499865483,14.701271186440678,6.537590945836702,7.67880683346785,10.972400538912664
2024-04-12,33.29430549952938,21.66797767917171,14.700181524808391,6.5365656565656565,7.676919456770203,10.975740652724967
2024-04-13,33.29228855721393,21.663137017614627,14.69735780556676,6.5365656565656565,7.6753059029178425,10.979077593032462
2024-04-14,33.29228855721393,21.663137017614627,14.69735780556676,6.5365656565656565,7.6753059029178425,10.979077593032462
2024-04-15,33.29047330913002,21.658296356057548,14.69534086325131,6.536969696969697,7.672885572139303,10.982648781259892
2024-04-16,33.289263143740754,21.65385908296356,14.692113755546591,6.536969696969697,7.672753564702717,10.985504666983072
2024-04-17,33.289263143740754,21.65385908296356,14.692113755546591,6.536969696969697,7.672753564702717,10.985504666983072
2024-04-18,33.28937987624428,21.652508743610436,14.689971751412429,6.537590945836702,7.672217736509218,10.985504666983072
2024-04-19,33.28736211998924,21.64806967984934,14.687146892655367,6.537590945836702,7.670602879827748,10.988832226438962
2024-04-20,33.28603603603604,21.64538792523867,14.686466317063331,6.536969696969697,7.669121603443637,10.992156630314524
2024-04-21,33.28603603603604,21.64538792523867,14.686466317063331,6.536969696969697,7.669121603443637,10.992156630314524
2024-04-22,33.28462417641522,21.64054726368159,14.683440903590157,6.537373737373738,7.667103847188592,10.995714849921011
2024-04-23,33.283702956989245,21.638272849462364,14.682358870967741,6.536752827140549,7.667103847188592,10.998085425548712
2024-04-24,33.283702956989245,21.638272849462364,14.682358870967741,6.536752827140549,7.667103847188592,10.998085425548712
2024-04-25,33.28381739948904,21.63691676751378,14.679810407422348,6.537373737373738,7.666969452294442,10.998085425548712
2024-04-26,33.282997311827955,21.634442204301074,14.679939516129032,6.536752827140549,7.665287866559052,11.000690498737374
2024-04-27,33.2809811827957,21.629603494623655,14.677520161290323,6.536752827140549,7.663673661555017,11.004002997318189
2024-04-28,33.2809811827957,21.629603494623655,14.677520161290323,6.536752827140549,7.663673661555017,11.004002997318189
2024-04-29,33.28109452736318,21.627840527094257,14.674162968939088,6.537373737373738,7.663537881846319,11.004002997318189
2024-04-30,33.27967069892473,21.625873655913978,14.673185483870968,6.536752827140549,7.661756793112724,11.006957584358245
2024-05-01,33.27967069892473,21.625873655913978,14.673185483870968,6.536752827140549,7.661756793112724,11.006957584358245
2024-05-02,33.280073924731184,21.622647849462364,14.667943548387097,6.5375605815831985,7.661216525366706,11.010263987391646
2024-05-03,33.28018690332123,21.620478687642866,14.664582492940703,6.538181818181818,7.661483575659665,11.010263987391646
2024-05-04,33.27886424731182,21.617809139784946,14.66350806451613,6.5375605815831985,7.660005382855604,11.013567265280402
2024-05-05,33.27886424731182,21.617809139784946,14.66350806451613,6.5375605815831985,7.660005382855604,11.013567265280402
2024-05-06,33.277856182795695,21.613978494623655,14.65866935483871,6.537964458804524,7.658188669088951,11.016867422453156
2024-05-07,33.27693806260916,21.611514174392045,14.658000806126562,6.537343560758982,7.656107075598601,11.019456248032734
2024-05-08,33.27693806260916,21.611514174392045,14.658000806126562,6.537343560758982,7.656107075598601,11.019456248032734
2024-05-09,33.278259408602146,21.610551075268816,14.653024193548386,6.538368336025848,7.655968241151931,11.019456248032734
2024-05-10,33.278259408602146,21.610551075268816,14.653024193548386,6.538368336025848,7.655968241151931,11.019456248032734
2024-05-11,33.27684811827957,21.605913978494623,14.648790322580645,6.538772213247173,7.654555241555645,11.022278590530124
2024-05-12,33.27684811827957,21.605913978494623,14.648790322580645,6.538772213247173,7.654555241555645,11.022278590530124
2024-05-13,33.2773631840796,21.60535162027699,14.645018152480839,6.539393939393939,7.654011847065158,11.022278590530124
2024-05-14,33.27654569892473,21.602990591397848,14.644354838709678,6.538772213247173,7.652233885076033,11.024626572327044
2024-05-15,33.27706064273228,21.601620276993412,14.64017749092376,6.5396632996632995,7.652228056004309,11.024626572327044
2024-05-16,33.27706064273228,21.601620276993412,14.64017749092376,6.5396632996632995,7.652228056004309,11.024626572327044
2024-05-17,33.27594086021505,21.599159946236558,14.639717741935485,6.539041464728056,7.650753599784686,11.02697234009115
2024-05-18,33.27462044874378,21.59690313045815,14.638653768641676,6.538420131879962,7.648876782351359,11.029787150486962
2024-05-19,33.27462044874378,21.59690313045815,14.638653768641676,6.538420131879962,7.648876782351359,11.029787150486962
2024-05-20,33.2747311827957,21.595530913978493,14.635282258064516,6.5394453419493805,7.648735028932849,11.029787150486962
2024-05-21,33.27381432218191,21.593275560929733,14.63472390165256,6.538823846050329,7.6468590260963145,11.032128277594598
2024-05-22,33.27381432218191,21.593275560929733,14.63472390165256,6.538823846050329,7.6468590260963145,11.032128277594598
2024-05-23,33.2747311827957,21.593111559139786,14.629737903225806,6.539849219170705,7.646312743910645,11.032128277594598
2024-05-24,33.27441891710332,21.591461776165524,14.629081015719468,6.5396312743910645,7.644437718590262,11.03352558066541
2024-05-25,33.27309965081923,21.588806070373355,14.628424657534246,6.539009954264191,7.642564205997043,11.036333333333333
2024-05-26,33.27309965081923,21.588806070373355,14.628424657534246,6.539009954264191,7.642564205997043,11.036333333333333
2024-05-27,33.27280666397957,21.58783420663711,14.624647319629181,6.540034988561431,7.642419962335217,11.036333333333333
2024-05-28,33.2715887724953,21.58538141283911,14.623791297340855,6.539615281140705,7.640547263681593,11.038668077767325
2024-05-29,33.2715887724953,21.58538141283911,14.623791297340855,6.539615281140705,7.640547263681593,11.038668077767325
2024-05-30,33.2715887724953,21.582964007520815,14.618150684931507,6.539615281140705,7.638530321366143,11.041940918351354
2024-05-31,33.270892113395135,21.58118366250168,14.614772269246272,6.540640559816983,7.638788001076137,11.041940918351354
2024-06-01,33.269279860271396,21.577153029692326,14.610338573155985,6.54104427398735,7.637173796072101,11.044270833333332
2024-06-02,33.269279860271396,21.577153029692326,14.610338573155985,6.54104427398735,7.637173796072101,11.044270833333332
2024-06-03,33.26938844086021,21.576176075268815,14.60695564516129,6.541666666666666,7.636623603821828,11.044270833333332
2024-06-04,33.26817143624882,21.574130055085313,14.606106408706166,6.541246131072533,7.634954264191553,11.046246281509315
2024-06-05,33.26817143624882,21.574130055085313,14.606106408706166,6.541246131072533,7.634954264191553,11.046246281509315
2024-06-06,33.26908602150537,21.573958333333334,14.601512096774194,6.542272482498653,7.634403175884807,11.046246281509315
2024-06-07,33.26908602150537,21.573958333333334,14.601512096774194,6.542272482498653,7.634403175884807,11.046246281509315
2024-06-08,33.26787634408602,21.569926075268818,14.597479838709678,6.542272482498653,7.6323846050329704,11.048571987480438
2024-06-09,33.26787634408602,21.569926075268818,14.597479838709678,6.542272482498653,7.6323846050329704,11.048571987480438
2024-06-10,33.267984402312756,21.568945811483125,14.594493747478822,6.542895622895623,7.63183225632741,11.048571987480438
2024-06-11,33.266666666666666,21.56659946236559,14.593649193548387,6.542474421109316,7.629962320010766,11.050895510714843
2024-06-12,33.26534999328228,21.56435577052264,14.593006852075776,6.541851702328085,7.628093892924402,11.053685897435896
2024-06-13,33.26434233507994,21.560123606072818,14.588976219266424,6.542154487955861,7.628044677701521,11.056004844506953
2024-06-14,33.26434233507994,21.560123606072818,14.588976219266424,6.542154487955861,7.628044677701521,11.056004844506953
2024-06-15,33.26353620851807,21.556899099825337,14.584139459895203,6.542558202126227,7.6256223926793165,11.058790221805685
2024-06-16,33.26353620851807,21.556899099825337,14.584139459895203,6.542558202126227,7.6256223926793165,11.058790221805685
2024-06-17,33.26252855031573,21.552465403735052,14.579705763804917,6.542760059211411,7.62360382182748,11.061572989851678
2024-06-18,33.26141552511415,21.54962395917271,14.579069298952458,6.54213747645951,7.621737960721012,11.064353152309613
2024-06-19,33.26141552511415,21.54962395917271,14.579069298952458,6.54213747645951,7.621737960721012,11.064353152309613
2024-06-20,33.26141552511415,21.5476094547408,14.573831587429492,6.542541027710519,7.619316653214959,11.066194821400718
2024-06-21,33.26141552511415,21.5476094547408,14.573831587429492,6.542541027710519,7.619316653214959,11.066194821400718
2024-06-22,33.26111782883246,21.545008733037754,14.570838371624346,6.543567487552147,7.619566680123806,11.066194821400718
2024-06-23,33.259803921568626,21.542371743217835,14.569802578565673,6.542944578961528,7.617702448210923,11.068970221390707
2024-06-24,33.259505575708715,21.540575036947466,14.567210802095929,6.543163773381779,7.6175481092719695,11.068970221390707
2024-06-25,33.258494493687884,21.537839108246036,14.565874294923448,6.542541027710519,7.615684691955879,11.071626149290946
2024-06-26,33.25980787316942,21.536846701598815,14.561265618702135,6.543567487552147,7.615529538420132,11.071626149290946
2024-06-27,33.25980787316942,21.536846701598815,14.561265618702135,6.543567487552147,7.615529538420132,11.071626149290946
2024-06-28,33.25889739457427,21.53381009938222,14.560636583400484,6.542541027710519,7.613666935700834,11.074396417445483
2024-06-29,33.25758491072627,21.53117868170224,14.559605316149819,6.542322172919188,7.611402447223343,11.077164097773625
2024-06-30,33.25758491072627,21.53117868170224,14.559605316149819,6.542322172919188,7.611402447223343,11.077164097773625
2024-07-01,33.25617532554705,21.527151295475903,14.555175191300846,6.542523867150733,7.609183810676348,11.080162620603797
2024-07-02,33.255267042404725,21.52452361782072,14.553743961352657,6.542305107526881,7.609183810676348,11.082458391662778
2024-07-03,33.255267042404725,21.52452361782072,14.553743961352657,6.542305107526881,7.609183810676348,11.082458391662778
2024-07-04,33.25566961889425,21.521303005904453,14.548107890499194,6.542305107526881,7.607166868360899,11.085218439054726
2024-07-05,33.254461889425656,21.517277241009126,14.542874396135266,6.542305107526881,7.604746537582359,11.088442113442113
2024-07-06,33.254161632433885,21.51466639817425,14.539871123640758,6.543330644076913,7.604990583804144,11.088442113442113
2024-07-07,33.254161632433885,21.51466639817425,14.539871123640758,6.543330644076913,7.604990583804144,11.088442113442113
2024-07-08,33.25275204725466,21.510236273325276,14.535440998791785,6.543935726771547,7.602972827549099,11.091429791860826
2024-07-09,33.25144256575416,21.5072128287708,14.53401771336554,6.54331317204301,7.602972827549099,11.094181804067691
2024-07-10,33.25144256575416,21.5072128287708,14.53401771336554,6.54331317204301,7.602972827549099,11.094181804067691
2024-07-11,33.25234930863203,21.506611625721572,14.529399919452276,6.544339115234638,7.602408827883193,11.094181804067691
2024-07-12,33.25164385399892,21.503790928609767,14.52878421900161,6.543514784946236,7.600551520043046,11.096698479205461
2024-07-13,33.250335345405766,21.501173708920188,14.527766599597586,6.542892650812844,7.598292322172919,11.099910811230028
2024-07-14,33.250335345405766,21.501173708920188,14.527766599597586,6.542892650812844,7.598292322172919,11.099910811230028
2024-07-15,33.25083870101986,21.49976516371444,14.524355877616747,6.543514784946236,7.597726661285984,11.099910811230028
2024-07-16,33.2501341381623,21.49694835680751,14.523038229376258,6.542892650812844,7.59587199139438,11.10265503875969
2024-07-17,33.250436124530324,21.496141975308642,14.519223027375201,6.543716397849462,7.595507129405435,11.10265503875969
2024-07-18,33.249932876896224,21.49372398979729,14.516612968183649,6.5445408094661826,7.595747544072131,11.10265503875969
2024-07-19,33.249932876896224,21.49372398979729,14.516612968183649,6.5445408094661826,7.595747544072131,11.10265503875969
2024-07-20,33.24832192240569,21.489293864948316,14.511780104712042,6.544944197929272,7.594132687390661,11.105396714706337
2024-07-21,33.24832192240569,21.489293864948316,14.511780104712042,6.544944197929272,7.594132687390661,11.105396714706337
2024-07-22,33.247919183783054,21.484863740099343,14.507148610551752,6.5445408094661826,7.592315973624008,11.108135842627012
2024-07-23,33.247014224369295,21.48185050993022,14.505736714975846,6.543918010752688,7.590866290018833,11.110872426072147
2024-07-24,33.247014224369295,21.48185050993022,14.505736714975846,6.543918010752688,7.590866290018833,11.110872426072147
2024-07-25,33.247014224369295,21.479233762748255,14.500704508856682,6.544321236559139,7.590297402772171,11.113606468585576
2024-07-26,33.247014224369295,21.479233762748255,14.500704508856682,6.544321236559139,7.590297402772171,11.113606468585576
2024-07-27,33.24570757880617,21.476626425217972,14.499295774647887,6.543698777374714,7.5884449825127795,11.116802010827532
2024-07-28,33.24570757880617,21.476626425217972,14.499295774647887,6.543698777374714,7.5884449825127795,11.116802010827532
2024-07-29,33.24409792085848,21.472199865861835,14.49486921529175,6.543698777374714,7.58662900188324,11.119994588744587
2024-07-30,33.24279297398766,21.469596406543307,14.493463395012068,6.542673918882621,7.584778808659406,11.122720599598207
2024-07-31,33.24279297398766,21.469596406543307,14.493463395012068,6.542673918882621,7.584778808659406,11.122720599598207
2024-08-01,33.24289067739772,21.468980549966464,14.490040241448693,6.543295714093779,7.584207694377186,11.122720599598207
2024-08-02,33.2433910359635,21.467156468062264,14.486614331723027,6.543918010752688,7.5840398331314764,11.122720599598207
2024-08-03,33.2424882629108,21.464553990610327,14.484808853118713,6.543295714093779,7.582189938122142,11.125907476058078
2024-08-04,33.2424882629108,21.464553990610327,14.484808853118713,6.543295714093779,7.582189938122142,11.125907476058078
2024-08-05,33.24258588298443,21.462325550187867,14.482185990338165,6.543918010752688,7.58202126227964,11.125907476058078
2024-08-06,33.24138162307176,21.45972501676727,14.480684104627766,6.543295714093779,7.5801721818670975,11.12862822294272
2024-08-07,33.24138162307176,21.45972501676727,14.480684104627766,6.543295714093779,7.5801721818670975,11.12862822294272
2024-08-08,33.24178403755868,21.456103286384977,14.47625754527163,6.543698777374714,7.579195263087068,11.130883487654321
2024-08-09,33.24088227406811,21.45390855457227,14.475663716814159,6.543076819769003,7.577347323110035,11.133136665124171
2024-08-10,33.24007776883883,21.448679270581923,14.470836685438455,6.543479720655386,7.575733118106,11.136312827628739
2024-08-11,33.24007776883883,21.448679270581923,14.470836685438455,6.543479720655386,7.575733118106,11.136312827628739
2024-08-12,33.24057679409792,21.446445338698858,14.4682092555332,6.5441018406556495,7.575158121383394,11.136312827628739
2024-08-13,33.239608474121745,21.44371815500134,14.466881201394477,6.543479720655386,7.573311810599947,11.139177839420558
2024-08-14,33.239608474121745,21.44371815500134,14.466881201394477,6.543479720655386,7.573311810599947,11.139177839420558
2024-08-15,33.239206221507104,21.439092249932955,14.463462054170021,6.5431775449905984,7.57119316653215,11.14142406038201
2024-08-16,33.23970489604292,21.437256874580815,14.460429242119385,6.543799543194948,7.571020051137129,11.14142406038201
2024-08-17,33.238497652582154,21.43283031522468,14.455600268276326,6.544202606475883,7.569001480285292,11.145053887605851
2024-08-18,33.238497652582154,21.43283031522468,14.455600268276326,6.544202606475883,7.569001480285292,11.145053887605851
2024-08-19,33.238593666129894,21.430589103596347,14.452563070316696,6.545228494623656,7.56842353257943,11.145053887605851
2024-08-20,33.23759221998658,21.428101945003352,14.451073105298459,6.544605669756819,7.566579195263087,11.148218682671592
2024-08-21,33.23759221998658,21.428101945003352,14.451073105298459,6.544605669756819,7.566579195263087,11.148218682671592
2024-08-22,33.2379946344735,21.424480214621056,14.446847753185784,6.545411796318689,7.5637531960705155,11.150457621904323
2024-08-23,33.2379946344735,21.424480214621056,14.446847753185784,6.545411796318689,7.5637531960705155,11.150457621904323
2024-08-24,33.23709439528023,21.42229820327165,14.445461249664792,6.544789148536126,7.5619114877589455,11.153617004920049
2024-08-25,33.23709439528023,21.42229820327165,14.445461249664792,6.544789148536126,7.5619114877589455,11.153617004920049
2024-08-26,33.23649101635827,21.417068919281306,14.44123759721105,6.5453934998657,7.559893731503902,11.157003995696943
2024-08-27,33.23559174373408,21.41448867444042,14.43985390698298,6.544771110216137,7.558054322979697,11.159696620583718
2024-08-28,33.23559174373408,21.41448867444042,14.43985390698298,6.544771110216137,7.558054322979697,11.159696620583718
2024-08-29,33.23608876374363,21.412644140520246,14.436812818449988,6.546199301638463,7.557068872746839,11.159696620583718
2024-08-30,33.236586183769276,21.409993293091883,14.433366867873913,6.5472255810828965,7.556890055174271,11.159696620583718
2024-08-31,33.23568651112898,21.407817109144542,14.431985787074284,6.546199301638463,7.555051116491795,11.163307999385845
2024-09-01,33.23568651112898,21.407817109144542,14.431985787074284,6.546199301638463,7.555051116491795,11.163307999385845
2024-09-02,33.23508313220702,21.402587825154196,14.427762134620544,6.545997851195272,7.552831584611246,11.166916052793125
2024-09-03,33.23458651655274,21.399611312156544,14.426383862752985,6.545375218150087,7.550995024875623,11.169600398834177
2024-09-04,33.23458651655274,21.399611312156544,14.426383862752985,6.545375218150087,7.550995024875623,11.169600398834177
2024-09-05,33.23498860742527,21.3947862216861,14.422362954027612,6.545777956772721,7.548574694097082,11.172282275375652
2024-09-06,33.234492229367625,21.39221596998928,14.421188370846734,6.544753086419753,7.546942204301076,11.174961685823755
2024-09-07,33.23328644158628,21.386588960342976,14.417169078242232,6.544753086419753,7.545329301075269,11.17855775122549
2024-09-08,33.23328644158628,21.386588960342976,14.417169078242232,6.544753086419753,7.545329301075269,11.17855775122549
2024-09-09,33.23338024393512,21.38433185900013,14.414522182013137,6.545777956772721,7.544742503697728,11.17855775122549
2024-09-10,33.23318595927116,21.381363879957124,14.412948821007504,6.544551798174987,7.542809139784946,11.181806002143624
2024-09-11,33.23327972121699,21.378300495912075,14.410702318724034,6.545375218150087,7.542826408498051,11.181806002143624
2024-09-12,33.23377581120943,21.376441405202467,14.408051756503086,6.546400752081654,7.542238364272263,11.181806002143624
2024-09-13,33.23377581120943,21.376441405202467,14.408051756503086,6.546400752081654,7.542238364272263,11.181806002143624
2024-09-14,33.23337355859479,21.371212121212118,14.403626977742023,6.545997851195272,7.540624159268227,11.185395622895623
2024-09-15,33.23337355859479,21.371212121212118,14.403626977742023,6.545997851195272,7.540624159268227,11.185395622895623
2024-09-16,33.234178063824075,21.36517833199249,14.399604451595604,6.5457964007520815,7.538404627387679,11.189211411962674
2024-09-17,33.2338828575258,21.362417906446854,14.39823750167538,6.544771110216137,7.536372193088612,11.19210626911315
2024-09-18,33.2338828575258,21.362417906446854,14.39823750167538,6.544771110216137,7.536372193088612,11.19210626911315
2024-09-19,33.23529017557968,21.35839699772148,14.393814502077472,6.544368371593502,7.53618509550713,11.194769219012686
2024-09-20,33.234982569053365,21.356127648163046,14.391157146688123,6.544990598979317,7.536401561028126,11.194769219012686
2024-09-21,33.2344859938346,21.353571907251037,14.389391502479562,6.543965632970869,7.534167339252085,11.19880461350443
2024-09-22,33.2344859938346,21.353571907251037,14.389391502479562,6.543965632970869,7.534167339252085,11.19880461350443
2024-09-23,33.2344859938346,21.348545771344323,14.385169548317922,6.543361525036917,7.5319478073715365,11.20283631088716
2024-09-24,33.233989817792065,21.345994105037512,14.383808949624868,6.542337627482555,7.5319478073715365,11.205490689865691
2024-09-25,33.233989817792065,21.345994105037512,14.383808949624868,6.542337627482555,7.5319478073715365,11.205490689865691
2024-09-26,33.23408390296206,21.34452486261895,14.38114863959255,6.5429587864142835,7.531355133898534,11.205490689865691
2024-09-27,33.23247553947191,21.339699772148503,14.377931912612253,6.5429587864142835,7.5301439913874315,11.208142639206713
2024-09-28,33.231980171489816,21.337151661307608,14.376574222936766,6.541935050993022,7.528315846112457,11.211707075327844
2024-09-29,33.231980171489816,21.337151661307608,14.376574222936766,6.541935050993022,7.528315846112457,11.211707075327844
2024-09-30,33.23177920685959,21.331926580921756,14.372554930332264,6.541935050993022,7.526096314231908,11.215268251790887
2024-10-01,33.23088254988616,21.330186152403908,14.370798178652741,6.540912139503688,7.524270539195912,11.217912096282754
2024-10-02,33.23088254988616,21.330186152403908,14.370798178652741,6.540912139503688,7.524270539195912,11.217912096282754
2024-10-03,33.23137727759914,21.327907288317252,14.368937566988212,6.541935050993022,7.523675006725854,11.217912096282754
2024-10-04,33.23048078210794,21.325766706843442,14.367584036426948,6.540912139503688,7.521850208417373,11.220553525201767
2024-10-05,33.22907459488415,21.320141957948305,14.364369894201154,6.541113346747149,7.520438348796558,11.224562404870625
2024-10-06,33.22907459488415,21.320141957948305,14.364369894201154,6.541113346747149,7.520438348796558,11.224562404870625
2024-10-07,33.22847194321682,21.314517209053164,14.360954868086248,6.541113346747149,7.5182197122495635,11.22856762513312
2024-10-08,33.227576974564926,21.312784471218205,14.359605087014728,6.539688924644676,7.516397849462366,11.231200577858882
2024-10-09,33.227576974564926,21.312784471218205,14.359605087014728,6.539688924644676,7.516397849462366,11.231200577858882
2024-10-10,33.227576974564926,21.30756358768407,14.35719544846051,6.539286672030035,7.5139784946236565,11.233831129350966
2024-10-11,33.227576974564926,21.30756358768407,14.35719544846051,6.539286672030035,7.5139784946236565,11.233831129350966
2024-10-12,33.22677376171352,21.301941097724228,14.353982597054888,6.538884419415393,7.51236559139785,11.237370859920997
2024-10-13,33.22677376171352,21.301941097724228,14.353982597054888,6.538884419415393,7.51236559139785,11.237370859920997
2024-10-14,33.22657295850067,21.296318607764388,14.350368139223562,6.538884419415393,7.510551075268817,11.240679574791193
2024-10-15,33.22567911146795,21.294192426067173,14.348621704803962,6.537863557163919,7.508733037753594,11.243302216150578
2024-10-16,33.22567911146795,21.294192426067173,14.348621704803962,6.537863557163919,7.508733037753594,11.243302216150578
2024-10-17,33.22597054886211,21.291298527443104,14.3464859437751,6.538884419415393,7.508534946236559,11.243302216150578
2024-10-18,33.22608055667068,21.288973638431685,14.345042151746286,6.537763034445785,7.507120784629854,11.245922470034897
2024-10-19,33.22487622106249,21.283353405593466,14.341830590124449,6.537763034445785,7.505911594787048,11.249450257810132
2024-10-20,33.22487622106249,21.283353405593466,14.341830590124449,6.537763034445785,7.505911594787048,11.249450257810132
2024-10-21,33.223872608055665,21.277933895356615,14.33861902850261,6.537763034445785,7.503694746741906,11.252974837047143
2024-10-22,33.22266827244747,21.272313662518396,14.3358089120835,6.537360943573248,7.5024855568991,11.255587121212121
2024-10-23,33.22266827244747,21.272313662518396,14.3358089120835,6.537360943573248,7.5024855568991,11.255587121212121
2024-10-24,33.223560910307896,21.26921017402945,14.333935742971887,6.5391861088763745,7.502688172043011,11.255587121212121
2024-10-25,33.223560910307896,21.26921017402945,14.333935742971887,6.5391861088763745,7.502688172043011,11.255587121212121
2024-10-26,33.222266827244745,21.26669342968018,14.332597350461661,6.538165125318321,7.50087330377536,11.259105709525974
2024-10-27,33.222266827244745,21.26669342968018,14.332597350461661,6.538165125318321,7.50087330377536,11.259105709525974
2024-10-28,33.22186538204201,21.261474642044693,14.330188679245284,6.538165125318321,7.499059519011152,11.26262110202846
2024-10-29,33.22137506688068,21.25936329588015,14.328049759229534,6.537144962486602,7.497246843943057,11.265225450143744
2024-10-30,33.22137506688068,21.25936329588015,14.328049759229534,6.537144962486602,7.497246843943057,11.265225450143744
2024-10-31,33.22257891920813,21.254547886570357,14.325642054574638,6.537546891747052,7.497447265887412,11.267827434966728
2024-11-01,33.22257891920813,21.248929909042268,14.323234349919742,6.537546891747052,7.496238076044606,11.270427059712775
2024-11-02,33.222088514507284,21.24682444177029,14.321500200561573,6.536527387170215,7.494829438624765,11.273477636748263
2024-11-03,33.222088514507284,21.24682444177029,14.321500200561573,6.536527387170215,7.494829438624765,11.273477636748263
2024-11-04,33.22257891920813,21.244114499732476,14.320425361155698,6.537948821007502,7.4950288862018,11.273477636748263
2024-11-05,33.22228907607968,21.24191068324642,14.318792619334136,6.536828713003883,7.493318560300833,11.276072345567135
2024-11-06,33.22228907607968,21.24191068324642,14.318792619334136,6.536828713003883,7.493318560300833,11.276072345567135
2024-11-07,33.2230913223693,21.237698890225964,14.316586442037705,6.536828713003883,7.491304055868923,11.278891153381643
2024-11-08,33.22300187115744,21.23559877038225,14.31565757818765,6.535408299866131,7.489897972882266,11.281933755847293
2024-11-09,33.22219994653835,21.229584335739105,14.313251804330394,6.535408299866131,7.489092495636998,11.28542609351433
2024-11-10,33.22219994653835,21.229584335739105,14.313251804330394,6.535408299866131,7.489092495636998,11.28542609351433
2024-11-11,33.222400427693124,21.22457230686982,14.31144747393745,6.535809906291834,7.48768291045778,11.289141414141415
2024-11-12,33.222311289245155,21.22247828991316,14.310120240480963,6.534791917569918,7.485876274825551,11.291723176612418
2024-11-13,33.222311289245155,21.22247828991316,14.310120240480963,6.534791917569918,7.485876274825551,11.291723176612418
2024-11-14,33.223202352312214,21.219660518577918,14.309141940657579,6.535910307898259,7.485769902000269,11.291723176612418
2024-11-15,33.223202352312214,21.219660518577918,14.309141940657579,6.535910307898259,7.485769902000269,11.291723176612418
2024-11-16,33.22271209084836,21.21756847027388,14.307414829659319,6.5348922788706005,7.484366612989802,11.295206356378973
2024-11-17,33.22271209084836,21.21756847027388,14.307414829659319,6.5348922788706005,7.484366612989802,11.295206356378973
2024-11-18,33.22271209084836,21.212758851035403,14.305410821643287,6.535494446674695,7.482957595276436,11.298686389641675
2024-11-19,33.22271209084836,21.207147628590512,14.303006012024047,6.535494446674695,7.48215244229737,11.30171181339353
2024-11-20,33.22271209084836,21.207147628590512,14.303006012024047,6.535494446674695,7.48215244229737,11.30171181339353
2024-11-21,33.22351369405477,21.20193720774883,14.302204408817635,6.535895891877425,7.480139559849706,11.305185770156438
2024-11-22,33.2240251068376,21.199652777777775,14.30088141025641,6.5346776350989835,7.478739101274313,11.307980003007067
2024-11-23,33.22342414529914,21.19264155982906,14.299278846153847,6.5352795612627075,7.477733065057009,11.311448001202285
2024-11-24,33.22342414529914,21.19264155982906,14.299278846153847,6.5352795612627075,7.477733065057009,11.311448001202285
2024-11-25,33.22442574786324,21.187433226495724,14.296875,6.535881487426431,7.475922199865862,11.315138200390567
2024-11-26,33.22393538913362,21.184955279668934,14.29595514617541,6.5348642866693405,7.474524001072674,11.3181493993994
2024-11-27,33.22393538913362,21.184955279668934,14.29595514617541,6.5348642866693405,7.474524001072674,11.3181493993994
2024-11-28,33.22442574786324,21.18222489316239,14.295272435897436,6.53628277153558,7.474312541918176,11.3181493993994
2024-11-29,33.22362446581196,21.175814636752136,14.294471153846153,6.53628277153558,7.473105298457412,11.321157886837762
2024-11-30,33.22313442798024,21.173341342944866,14.29395274329195,6.535666532958952,7.471305980155538,11.324163666366637
2024-12-01,33.22313442798024,21.173341342944866,14.29395274329195,6.535666532958952,7.471305980155538,11.324163666366637
2024-12-02,33.22293418769189,21.16813509544787,14.293151782138565,6.535867094531354,7.469495843389649,11.327391662917979
2024-12-03,33.22284494262076,21.165866026154255,14.292433947157726,6.534649826249666,7.467899745342448,11.330167116306955
2024-12-04,33.22284494262076,21.165866026154255,14.292433947157726,6.534649826249666,7.467899745342448,11.330167116306955
2024-12-05,33.222444622364556,21.161062183079796,14.292033626901521,6.535050788559208,7.465889290979762,11.33316479400749
2024-12-06,33.22235560891023,21.15859677204215,14.291916766706683,6.534034736138945,7.464094319399786,11.335710542078466
2024-12-07,33.22155528878218,21.15299453114579,14.289915966386555,6.534034736138945,7.462888531618436,11.339152073042959
2024-12-08,33.22155528878218,21.15299453114579,14.289915966386555,6.534034736138945,7.462888531618436,11.339152073042959
2024-12-09,33.220955048686136,21.147792450313457,14.288515406162466,6.534235136940548,7.460878885316185,11.342814931178935
2024-12-10,33.22006666666666,21.14613333333333,14.288,6.533219818376068,7.459086647917504,11.345801555256468
2024-12-11,33.22006666666666,21.14613333333333,14.288,6.533219818376068,7.459086647917504,11.345801555256468
2024-12-12,33.220154728558086,21.143390689609173,14.287314925970389,6.534535738142952,7.458668274383709,11.345801555256468
2024-12-13,33.220154728558086,21.143390689609173,14.287314925970389,6.534535738142952,7.458668274383709,11.345801555256468
2024-12-14,33.21926666666666,21.14173333333333,14.286,6.5339209401709395,7.456876925137271,11.349682361733931
2024-12-15,33.21926666666666,21.14173333333333,14.286,6.5339209401709395,7.456876925137271,11.349682361733931
2024-12-16,33.218666666666664,21.136333333333333,14.2842,6.534722222222222,7.454667202357038,11.353335574480802
2024-12-17,33.21737971478075,21.13467946154871,14.283686525389845,6.533707115204912,7.452878179384204,11.356761499402628
2024-12-18,33.21737971478075,21.13467946154871,14.283686525389845,6.533707115204912,7.452878179384204,11.356761499402628
2024-12-19,33.21618019458883,21.12988138078102,14.283686525389845,6.533707115204912,7.4508701472556895,11.360184355874011
2024-12-20,33.21564707450353,21.125083300013326,14.28222044515527,6.533974102256041,7.449062918340028,11.363305729632945
2024-12-21,33.214447554311604,21.119485539117683,14.281020924963347,6.534574823121079,7.4476572958500675,11.367170022371365
2024-12-22,33.214447554311604,21.119485539117683,14.281020924963347,6.534574823121079,7.4476572958500675,11.367170022371365
2024-12-23,33.21324803411969,21.114287618286017,14.280121284819403,6.534975303697771,7.445850066934405,11.370695438282647
2024-12-24,33.21324803411969,21.114287618286017,14.280121284819403,6.534975303697771,7.445850066934405,11.370695438282647
2024-12-25,33.21324803411969,21.114287618286017,14.280121284819403,6.534975303697771,7.445850066934405,11.370695438282647
2024-12-26,33.21253333333333,21.11273333333333,14.279433333333332,6.5363915598290605,7.44522565956877,11.370695438282647
2024-12-27,33.211818060557555,21.109177004134985,14.278744831265838,6.537808951235805,7.445404608788854,11.370695438282647
2024-12-28,33.21093333333333,21.107533333333333,14.277833333333332,6.536792200854701,7.443618588455873,11.374552972731337
2024-12-29,33.21093333333333,21.107533333333333,14.277833333333332,6.536792200854701,7.443618588455873,11.374552972731337
2024-12-30,33.20973333333333,21.102933333333333,14.276633333333331,6.536992521367521,7.442011517342976,11.378630473637177
2024-12-31,33.20973333333333,21.102933333333333,14.276633333333331,6.536992521367521,7.442011517342976,11.378630473637177
2025-01-01,33.20973333333333,21.102933333333333,14.276633333333331,6.536992521367521,7.442011517342976,11.378630473637177
2025-01-02,33.20901694010937,21.10097372282246,14.275943710817659,6.538410153640615,7.441385316184352,11.378630473637177
2025-01-03,33.208933333333334,21.09893333333333,14.275433333333332,6.537393162393163,7.439600910673631,11.381587762393925
2025-01-04,33.20805011328802,21.09689457550313,14.274923363987737,6.536376985716193,7.437817938420348,11.385435267857142
2025-01-05,33.20805011328802,21.09689457550313,14.274923363987737,6.536376985716193,7.437817938420348,11.385435267857142
2025-01-06,33.206450753032115,21.0910968945755,14.274723443955748,6.536777466292885,7.436211512717537,11.389948683623382
2025-01-07,33.20596855848654,21.089461763922195,14.273814281907805,6.535361622631439,7.434430616887462,11.393342997323819
2025-01-08,33.20565107290417,21.085898973743834,14.273324003731839,6.536577226004539,7.434605087014726,11.393342997323819
2025-01-09,33.20405171264827,21.080701052912165,14.273324003731839,6.536977706581231,7.432998661311915,11.397180115916184
2025-01-10,33.20277111644018,21.077871036504128,14.273614441779907,6.535962103015746,7.4316205004683535,11.40145944741533
2025-01-11,33.201172395417,21.071875832667196,14.272015720756727,6.535962103015746,7.430416164860164,11.406180400890868
2025-01-12,33.201172395417,21.071875832667196,14.272015720756727,6.535962103015746,7.430416164860164,11.406180400890868
2025-01-13,33.199973354649615,21.065880628830268,14.271216360245136,6.536362423271951,7.429011106650609,11.41089715048976
2025-01-14,33.1990944200293,21.063856705286987,14.270708483153546,6.535347472322263,7.427233814874265,11.414719626168225
2025-01-15,33.1990944200293,21.063856705286987,14.270708483153546,6.535347472322263,7.427233814874265,11.414719626168225
2025-01-16,33.19837463362643,21.06108446576072,14.27081667998934,6.537163063784361,7.42740532583969,11.414719626168225
2025-01-17,33.19837463362643,21.06108446576072,14.27081667998934,6.537163063784361,7.42740532583969,11.414719626168225
2025-01-18,33.19557687183586,21.055488942179586,14.269617639221954,6.537963704296771,7.426602435434231,11.418983540925266
2025-01-19,33.19557687183586,21.055488942179586,14.269617639221954,6.537963704296771,7.426602435434231,11.418983540925266
2025-01-20,33.19317879030109,21.04989341859845,14.268818278710363,6.538764344809181,7.425398099826041,11.42346598488217
2025-01-21,33.19230257024903,21.047875882274603,14.26831135970169,6.537748432706416,7.423622257891921,11.426833333333333
2025-01-22,33.19230257024903,21.047875882274603,14.26831135970169,6.537748432706416,7.423622257891921,11.426833333333333
2025-01-23,33.191903049673726,21.043481155946196,14.268111599414034,6.538148592770442,7.423390873812392,11.430641936916926
2025-01-24,33.190628328008515,21.041067625133117,14.268004526091584,6.537133333333333,7.422418405564473,11.434891207815275
2025-01-25,33.18935462408516,21.039055222887555,14.267099135063205,6.536118885779022,7.421045594330794,11.439136706613404
2025-01-26,33.18935462408516,21.039055222887555,14.267099135063205,6.536118885779022,7.421045594330794,11.439136706613404
2025-01-27,33.188081936685286,21.036844905559988,14.2663939877627,6.535305089261924,7.41987436514301,11.443822094055013
2025-01-28,33.186810264592474,21.034835793112617,14.266287727695783,6.5342921827140765,7.418503674014697,11.447616407982261
2025-01-29,33.186810264592474,21.034835793112617,14.266287727695783,6.5342921827140765,7.418503674014697,11.447616407982261
2025-01-30,33.184549926871426,21.030315117670522,14.266287727695783,6.534691703289386,7.417167668670675,11.451850620567376
2025-01-31,33.18255551123521,21.024331870761866,14.265489961441295,6.535490744440006,7.4163660654642625,11.455638015064245
2025-02-01,33.1812865497076,21.022727272727273,14.264586656034023,6.534478168264111,7.41499732905983,11.460307794508415
2025-02-02,33.1812865497076,21.022727272727273,14.264586656034023,6.534478168264111,7.41499732905983,11.460307794508415
2025-02-03,33.17929292929293,21.017543859649123,14.26339048378522,6.535077209797658,7.414196047008548,11.464973439575033
2025-02-04,33.17722864354988,21.015544041450777,14.263684070678888,6.534065202927478,7.413229208383394,11.46875
2025-02-05,33.17722864354988,21.015544041450777,14.263684070678888,6.534065202927478,7.413229208383394,11.46875
2025-02-06,33.17523581772286,21.011159824631328,14.262886940348078,6.534863606121092,7.41242824723001,11.47296550199027
2025-02-07,33.17397078353253,21.008764940239043,14.26298140770252,6.533852088321362,7.411662663464106,11.47695623342175
2025-02-08,33.17118193891102,21.002788844621513,14.261786188579014,6.533852088321362,7.411262343207901,11.481164383561644
2025-02-09,33.17118193891102,21.002788844621513,14.261786188579014,6.533852088321362,7.411262343207901,11.481164383561644
2025-02-10,33.16918990703851,20.997410358565737,14.26059096945551,6.534251130619846,7.4108620229516955,11.485810512367491
2025-02-11,33.16752953670516,20.99542015133413,14.260487189698658,6.533240260603644,7.41029745231426,11.489569536423842
2025-02-12,33.16752953670516,20.99542015133413,14.260487189698658,6.533240260603644,7.41029745231426,11.489569536423842
2025-02-13,33.16633479357493,20.990442054958184,14.259889818133544,6.533838585294509,7.409897292250235,11.493545895851721
2025-02-14,33.16394530731448,20.9852648347272,14.259491570423467,6.534237468421753,7.409897292250235,11.497298191442434
2025-02-15,33.162685774946915,20.982882165605094,14.258990180467089,6.533227006911217,7.409333333333334,11.501488095238095
2025-02-16,33.1614272449927,20.980899323517708,14.258489189547683,6.5326159160356045,7.4091696654671475,11.505233583076246
2025-02-17,33.159437591192464,20.97532829287704,14.257693328027589,6.533213763783712,7.408969745435161,11.509856828193833
2025-02-18,33.15818085388491,20.9733492442323,14.257193052240783,6.532602921646746,7.408806288302692,11.513595332452663
2025-02-19,33.15732273028495,20.970974155069584,14.256693174287605,6.531594318332669,7.40824344120389,11.517330545774648
2025-02-20,33.1547382372432,20.966003976143142,14.255798542080846,6.531893004115226,7.4084432014915444,11.521502419709634
2025-02-21,33.15255135851557,20.960337972166997,14.254804506295558,6.532589937607859,7.408742841923027,11.525450747581354
2025-02-22,33.14996686547382,20.95437375745527,14.253412856196155,6.5331873091729715,7.408942602210682,11.529615384615385
2025-02-23,33.14996686547382,20.95437375745527,14.253412856196155,6.5331873091729715,7.408942602210682,11.529615384615385
2025-02-24,33.1496287456908,20.95117342879873,14.253115884380799,6.534594953519256,7.409106048494539,11.529615384615385
2025-02-25,33.1496287456908,20.95117342879873,14.253115884380799,6.534594953519256,7.409106048494539,11.529615384615385
2025-02-26,33.1496287456908,20.95117342879873,14.253115884380799,6.534594953519256,7.409106048494539,11.529615384615385
2025-02-27,33.148494495291146,20.948766414643853,14.252818676217004,6.536003719941544,7.408869785419166,11.529615384615385
2025-02-28,33.1473593418259,20.945561305732483,14.252521231422504,6.53741360978203,7.409033333333334,11.529615384615385
2025-03-01,33.1473593418259,20.945561305732483,14.252521231422504,6.53741360978203,7.409033333333334,11.529615384615385
2025-03-02,33.146106910730865,20.943195384003182,14.251226953176811,6.536402285106948,7.409669465547116,11.534215729349736
2025-03-03,33.14536889596602,20.940386146496817,14.25132696390658,6.537812333864965,7.409833333333334,11.534215729349736
2025-03-04,33.143619843480565,20.938121766812575,14.250033160896669,6.536501926398299,7.41116886578702,11.538812033377251
2025-03-05,33.143619843480565,20.938121766812575,14.250033160896669,6.536501926398299,7.41116886578702,11.538812033377251
2025-03-06,33.140038466640135,20.93374452845205,14.24963523013662,6.536501926398299,7.411568705850994,11.54296532045654
2025-03-07,33.13799390082206,20.931384248210023,14.249138159639351,6.535491367861885,7.412603250732748,11.54711496270294
2025-03-08,33.136457089799705,20.928173497811382,14.249237299376572,6.536900491563704,7.4127682260429175,11.54711496270294
2025-03-09,33.13441394855476,20.926213206046143,14.247944842216917,6.535889774236387,7.413802291500134,11.55126096491228
2025-03-10,33.13143065499867,20.92203659506762,14.246552638557409,6.536088977423638,7.414801492139623,11.555841736080666
2025-03-11,33.12939032471835,20.919681908548707,14.24526176275679,6.535078985795831,7.416233852710082,11.560418492550394
2025-03-12,33.12939032471835,20.919681908548707,14.24526176275679,6.535078985795831,7.416233852710082,11.560418492550394
2025-03-13,33.12745293025722,20.91766109785203,14.24575709360912,6.536885790172643,7.415600852651213,11.560418492550394
2025-03-14,33.12745293025722,20.91766109785203,14.24575709360912,6.536885790172643,7.415600852651213,11.560418492550394
2025-03-15,33.12427075046406,20.912490055688146,14.243768231238397,6.536885790172643,7.4167998934186,11.564991239597022
2025-03-16,33.12427075046406,20.912490055688146,14.243768231238397,6.536885790172643,7.4167998934186,11.564991239597022
2025-03-17,33.121884115619196,20.907517899761338,14.242574913815963,6.536885790172643,7.4181987743138835,11.569559982486865
2025-03-18,33.11944996686547,20.904771371769385,14.241683233929752,6.5358754812159825,7.419629777600214,11.574562363238512
2025-03-19,33.11944996686547,20.904771371769385,14.241683233929752,6.5358754812159825,7.419629777600214,11.574562363238512
2025-03-20,33.11790639087775,20.902545743834526,14.241282153274991,6.537184594953518,7.419497735145218,11.574562363238512
2025-03-21,33.11353089366215,20.898369132856008,14.240088835852557,6.53738379814077,7.420696775912604,11.5793416447944
2025-03-22,33.11353089366215,20.898369132856008,14.240088835852557,6.53738379814077,7.420696775912604,11.5793416447944
2025-03-23,33.11353089366215,20.898369132856008,14.240088835852557,6.53738379814077,7.420696775912604,11.5793416447944
2025-03-24,33.110348713868994,20.893396976929196,14.238895518430123,6.537583001328021,7.421695976552092,11.584554000874508
2025-03-25,33.10752153744201,20.891053677932405,14.238005301524186,6.536572414708615,7.422726062058864,11.58954326923077
2025-03-26,33.10752153744201,20.891053677932405,14.238005301524186,6.536572414708615,7.422726062058864,11.58954326923077
2025-03-27,33.10414181577203,20.887077534791253,14.237011265738898,6.536572414708615,7.423525103209483,11.593654434250764
2025-03-28,33.10016567263088,20.881908548707752,14.236613651424783,6.536572414708615,7.424723664935412,11.598198689956332
2025-03-29,33.097343667196604,20.879968203497615,14.235724695283517,6.535164543524416,7.425752129925454,11.603175469227411
2025-03-30,33.097343667196604,20.879968203497615,14.235724695283517,6.535164543524416,7.425752129925454,11.603175469227411
2025-03-31,33.093965288818225,20.875,14.2349297827239,6.535363588110403,7.427149893503728,11.608366055846423
2025-04-01,33.09074956959343,20.872665872069923,14.234041848761752,6.534354688950788,7.4281769793745855,11.61377017008286
2025-04-02,33.09074956959343,20.872665872069923,14.234041848761752,6.534354688950788,7.4281769793745855,11.61377017008286
2025-04-03,33.08637928751158,20.868692888359156,14.232452655277445,6.5347526197108365,7.428975382568198,11.619169572798604
2025-04-04,33.08637928751158,20.868692888359156,14.232452655277445,6.5347526197108365,7.428975382568198,11.619169572798604
2025-04-05,33.08161170705866,20.863130711164086,14.231260760164215,6.535150550470885,7.4305721889554235,11.624564270152506
2025-04-06,33.08161170705866,20.863130711164086,14.231260760164215,6.535150550470885,7.4305721889554235,11.624564270152506
2025-04-07,33.077340749569586,20.858164481525627,14.229969540458216,6.535548481230932,7.431869594145044,11.630280923344948
2025-04-08,33.0741329097167,20.85583796664019,14.229083929044213,6.5341421373640935,7.432894386805002,11.635666086199391
2025-04-09,33.0741329097167,20.85583796664019,14.229083929044213,6.5341421373640935,7.432894386805002,11.635666086199391
2025-04-10,33.07297046748775,20.853794199443783,14.228777645344985,6.535548481230932,7.432268795741851,11.635666086199391
2025-04-11,33.070161503839024,20.85146942017474,14.22789250728091,6.534539909838239,7.433293429103486,11.641046562228025
2025-04-12,33.0653958167858,20.84590945194599,14.227098226105372,6.534539909838239,7.434490555998937,11.64642235754676
2025-04-13,33.0653958167858,20.84590945194599,14.227098226105372,6.534539909838239,7.434490555998937,11.64642235754676
2025-04-14,33.06162298120201,20.84154090548054,14.225906804342069,6.534341023601167,7.435288640595904,11.652010869565217
2025-04-15,33.05842265449252,20.83922191345772,14.225023157337565,6.532935719019218,7.436311660683421,11.657377227292482
2025-04-16,33.05842265449252,20.83922191345772,14.225023157337565,6.532935719019218,7.436311660683421,11.657377227292482
2025-04-17,33.057453005030446,20.836378077839555,14.22451681228488,6.53424158048263,7.4360867251928715,11.657377227292482
2025-04-18,33.05588663753145,20.833929280889947,14.22460601244868,6.535250033160896,7.435861610113108,11.657377227292482
2025-04-19,33.053084458564996,20.832009531374105,14.22352396081546,6.534042694245557,7.436884809789839,11.6626303214596
2025-04-20,33.053084458564996,20.832009531374105,14.22352396081546,6.534042694245557,7.436884809789839,11.6626303214596
2025-04-21,33.05231095219176,20.829161700437027,14.223215468149911,6.535051067780873,7.4370592149035275,11.6626303214596
2025-04-22,33.04911305268731,20.82684670373312,14.221935398464387,6.533943251127021,7.4378824155360475,11.66863873208858
2025-04-23,33.04794067010992,20.823599523241956,14.221626274665605,6.534951585090861,7.438057218895543,11.66863873208858
2025-04-24,33.04676735559088,20.82154213036566,14.221714361420242,6.535960721868364,7.437433439829607,11.66863873208858
2025-04-25,33.04376903721361,20.81942789034565,14.220831677923451,6.5345536543308125,7.4382568196939465,11.674207899305555
2025-04-26,33.04259406465288,20.816176470588236,14.220919448860624,6.535960721868364,7.438431842385517,11.674207899305555
2025-04-27,33.04259406465288,20.816176470588236,14.220919448860624,6.535960721868364,7.438431842385517,11.674207899305555
2025-04-28,33.03842077371489,20.812003179650237,14.220124536301006,6.535761677282378,7.439230564430246,11.679989154013015
2025-04-29,33.034829823864385,20.809296781883194,14.219242484439146,6.534354688950788,7.440252827677979,11.686199045967042
2025-04-30,33.03365129835718,20.8060413354531,14.219329623741386,6.535363588110403,7.440828008519703,11.686199045967042
2025-05-01,33.03286944996686,20.80357852882704,14.219416832339295,6.536771538563653,7.441004128379279,11.686199045967042
2025-05-02,33.030471648118706,20.80127186009539,14.21813725490196,6.535761677282378,7.442026091586795,11.691103164282618
2025-05-03,33.02728115481393,20.799364322606277,14.217255992583762,6.5347526197108365,7.443047238855623,11.696436308492201
2025-05-04,33.02728115481393,20.799364322606277,14.217255992583762,6.5347526197108365,7.443047238855623,11.696436308492201
2025-05-05,33.022811548139316,20.79519268970997,14.216660045027147,6.5345536543308125,7.444244843646042,11.702089649198788
2025-05-06,33.02162824589295,20.79391891891892,14.217938526762055,6.535164543524416,7.444022896698616,11.702089649198788
2025-05-07,33.019235862799626,20.792014302741357,14.216660045027147,6.534155723570765,7.445043246839655,11.706980519480519
2025-05-08,33.018448595654476,20.789149443561207,14.217143614202437,6.535164543524416,7.445220979765709,11.706980519480519
2025-05-09,33.018448595654476,20.789149443561207,14.217143614202437,6.535164543524416,7.445220979765709,11.706980519480519
2025-05-10,33.014474032856384,20.784777424483305,14.215951245363009,6.53556263269639,7.4468184238551665,11.712299870186067
2025-05-11,33.014474032856384,20.784777424483305,14.215951245363009,6.53556263269639,7.4468184238551665,11.712299870186067
2025-05-12,33.01049947005829,20.780802861685213,14.215553789083199,6.535363588110403,7.448016506922259,11.717830882352942
2025-05-13,33.00612745098039,20.776033386327505,14.21475887652358,6.534965498938428,7.449214589989351,11.723573281452659
2025-05-14,33.00612745098039,20.776033386327505,14.21475887652358,6.534965498938428,7.449214589989351,11.723573281452659
2025-05-15,33.005434062292906,20.773757455268388,14.215241882041084,6.5358754812159825,7.449394060460781,11.723573281452659
2025-05-16,33.002649708532054,20.771860095389506,14.213963963963963,6.53446788747346,7.450412673056444,11.729310717372515
2025-05-17,33.002649708532054,20.771860095389506,14.213963963963963,6.53446788747346,7.450412673056444,11.729310717372515
2025-05-18,33.002649708532054,20.771860095389506,14.213963963963963,6.53446788747346,7.450412673056444,11.729310717372515
2025-05-19,32.99947005829358,20.766991255961845,14.213367779544248,6.534368365180467,7.451610756123537,11.734503239740821
2025-05-20,32.9958929517753,20.762619236883943,14.212042925278219,6.534235668789809,7.453607561235358,11.739799222797927
2025-05-21,32.99311349490134,20.760329757647995,14.211164084227255,6.532829287703939,7.455023286759815,11.74465904186448
2025-05-22,32.99231584525702,20.75904213036566,14.212042925278219,6.5334394904458595,7.455205005324815,11.74465904186448
2025-05-23,32.98953780956165,20.75715137067938,14.211164084227255,6.532431356943892,7.456220891550234,11.749514667817083
2025-05-24,32.98655807177857,20.752185141040922,14.209972189114024,6.532630322323915,7.457817697937459,11.754473911168606
2025-05-25,32.98655807177857,20.752185141040922,14.209972189114024,6.532630322323915,7.457817697937459,11.754473911168606
2025-05-26,32.98298238643888,20.748212157330155,14.209177592371871,6.532033426183844,7.459015302727878,11.759967672413794
2025-05-27,32.980209160709556,20.745929308975377,14.207903097696585,6.531026252983294,7.460428305400374,11.765241275312365
2025-05-28,32.97900940272811,20.743444576877234,14.208382995629718,6.532033426183844,7.460612109115104,11.765241275312365
2025-05-29,32.97780869104398,20.74175278219396,14.209260731319555,6.533041401273885,7.46039669861555,11.765241275312365
2025-05-30,32.97740225314777,20.73886679920477,14.20934393638171,6.534050179211469,7.4609801571447605,11.765241275312365
2025-05-31,32.97462904080551,20.737380763116057,14.207670906200319,6.533041401273885,7.4623935037273705,11.770510335917313
2025-06-01,32.97462904080551,20.737380763116057,14.207670906200319,6.533041401273885,7.4623935037273705,11.770510335917313
2025-06-02,32.97164811870694,20.733008744038155,14.206677265500796,6.532643312101911,7.463791267305646,11.775990099009901
2025-06-03,32.969275592636734,20.730731029002783,14.205800556217719,6.531237564663749,7.465202927478377,11.780819707401033
2025-06-04,32.96769923219486,20.728455123113584,14.204924543288325,6.530230708035004,7.4658153764299025,11.785645161290322
2025-06-05,32.966759369619915,20.72609588134022,14.204873526685207,6.530972277490383,7.46626746506986,11.785645161290322
2025-06-06,32.9643897272968,20.72382181625629,14.203997881916864,6.5295677539114285,7.467677573822825,11.790466466036113
2025-06-07,32.962021966388775,20.721946539632132,14.202725949450839,6.528561961563949,7.468687674511369,11.795283626987537
2025-06-08,32.961609743182414,20.71945326979084,14.203203600741329,6.5295677539114285,7.468874700718276,11.795283626987537
2025-06-09,32.961609743182414,20.71945326979084,14.203203600741329,6.5295677539114285,7.468874700718276,11.795283626987537
2025-06-10,32.95934233161307,20.717182744475323,14.201931983591372,6.528561961563949,7.470083765456721,11.800204037800688
2025-06-11,32.95879666401906,20.714290442149856,14.202144559173947,6.529169981437284,7.470670391061453,11.800204037800688
2025-06-12,32.95798569725864,20.71060124486823,14.202622169249105,6.5301764159702875,7.471656686626747,11.800204037800688
2025-06-13,32.95798569725864,20.71060124486823,14.202622169249105,6.5301764159702875,7.471656686626747,11.800204037800688
2025-06-14,32.95560190703218,20.705436366044232,14.201827572506954,6.529778485210239,7.473652694610778,11.805012881064835
2025-06-15,32.95560190703218,20.705436366044232,14.201827572506954,6.529778485210239,7.473652694610778,11.805012881064835
2025-06-16,32.95242352006357,20.70106608396239,14.201628923321415,6.529380554450192,7.475449101796407,11.809817596566523
2025-06-17,32.95045671167593,20.698404818639133,14.200357426528992,6.528374436488995,7.476456504389465,11.814618189618189
2025-06-18,32.950437028208185,20.69391471328301,14.200437028208185,6.529380554450192,7.477045908183633,11.814618189618189
2025-06-19,32.94838431995762,20.688749834459013,14.199907297046748,6.528385727550073,7.478709248170326,11.819414665523157
2025-06-20,32.94719242484439,20.68318765726394,14.199509998675671,6.527589866029977,7.479906852960745,11.824207029575653
2025-06-21,32.94460998543239,20.677625480068865,14.19851675274798,6.527390900649953,7.481304058549568,11.82899528706084
2025-06-22,32.94460998543239,20.677625480068865,14.19851675274798,6.527390900649953,7.481304058549568,11.82899528706084
2025-06-23,32.942546994969554,20.675370664548584,14.19734577707175,6.526186687881198,7.482508645916468,11.83399357601713
2025-06-24,32.942546994969554,20.675370664548584,14.19734577707175,6.526186687881198,7.482508645916468,11.83399357601713
2025-06-25,32.942524168984235,20.671268706131638,14.197424182227518,6.526794004509881,7.483499667332003,11.83399357601713
2025-06-26,32.942898781134076,20.668753312135667,14.19790010598834,6.527401804670912,7.484092119275826,11.83399357601713
2025-06-27,32.94113362468547,20.666699774864256,14.196828234670903,6.525998142989786,7.484896872920825,11.838773544520548
2025-06-28,32.94113362468547,20.666699774864256,14.196828234670903,6.525998142989786,7.484896872920825,11.838773544520548
2025-06-29,32.94113362468547,20.666699774864256,14.196828234670903,6.525998142989786,7.484896872920825,11.838773544520548
2025-06-30,32.94111022787493,20.663387652358242,14.197701377848436,6.526605626326964,7.4854898828541,11.838773544520548
2025-07-01,32.93927956562045,20.661071381274002,14.196762018275725,6.5254012468497145,7.486427145708583,11.843620738838968
2025-07-02,32.938990461049286,20.657227080021197,14.196840222575517,6.5261411889596594,7.487553248136315,11.843620738838968
2025-07-03,32.93740063593005,20.65047032326444,14.196442766295707,6.525345010615711,7.489550053248136,11.84839250071286
2025-07-04,32.93740063593005,20.65047032326444,14.196442766295707,6.525345010615711,7.489550053248136,11.84839250071286
2025-07-05,32.93543901470004,20.64822540060919,14.195172824791419,6.524340098156253,7.490951430472388,11.853587715547956
2025-07-06,32.93543901470004,20.64822540060919,14.195172824791419,6.524340098156253,7.490951430472388,11.853587715547956
2025-07-07,32.93384982121573,20.6420672758575,14.194378228049265,6.523743202016181,7.49294743845642,11.858564814814816
2025-07-08,32.93149324861001,20.639032300767802,14.193506751389991,6.5223415539644645,7.494346900771482,11.86375124590631
2025-07-09,32.93067143424712,20.63491590517812,14.193980929678188,6.522947340496086,7.4953426480372585,11.86375124590631
2025-07-10,32.9310413354531,20.63238606253312,14.194058028616853,6.523553609341825,7.495540468583599,11.86375124590631
2025-07-11,32.9310413354531,20.63238606253312,14.194058028616853,6.523553609341825,7.495540468583599,11.86375124590631
2025-07-12,32.92865659777424,20.625629305776364,14.193263116057233,6.522757430997878,7.497936634717784,11.868933247936237
2025-07-13,32.92865659777424,20.625629305776364,14.193263116057233,6.522757430997878,7.497936634717784,11.868933247936237
2025-07-14,32.9264705882353,20.620064917859033,14.192865659777425,6.521762208067941,7.499334398296059,11.873897424953764
2025-07-15,32.92371871275328,20.61703747847967,14.191994437822805,6.520758721315825,7.500731869594144,11.879070676905576
2025-07-16,32.92289348171701,20.61291070482247,14.192070747217807,6.521364118895966,7.501730564430244,11.879070676905576
2025-07-17,32.92266401590457,20.610172299536114,14.192047713717693,6.521870436744989,7.502330536689306,11.879070676905576
2025-07-18,32.92266401590457,20.610172299536114,14.192047713717693,6.521870436744989,7.502330536689306,11.879070676905576
2025-07-19,32.92027833001988,20.604406891981444,14.191252485089462,6.521273065179876,7.504128379278199,11.884026297085999
2025-07-20,32.92027833001988,20.604406891981444,14.191252485089462,6.521273065179876,7.504128379278199,11.884026297085999
2025-07-21,32.91769383697813,20.5980450629556,14.190258449304174,6.520675693614762,7.505926221867092,11.889190821256038
2025-07-22,32.914115308151096,20.590888005301522,14.189463220675945,6.5198791981946105,7.50832334531895,11.894777020309615
2025-07-23,32.914115308151096,20.590888005301522,14.189463220675945,6.5198791981946105,7.50832334531895,11.894777020309615
2025-07-24,32.91368337311058,20.58833863696632,14.189936356404138,6.5208831341301465,7.508526512123634,11.894777020309615
2025-07-25,32.91133200795229,20.58611663353214,14.188667992047714,6.519480950484535,7.509921427620188,11.899932566723454
2025-07-26,32.90898251192369,20.583896396396394,14.187400635930048,6.518079883227177,7.510915867944622,11.905083723570314
2025-07-27,32.90898251192369,20.583896396396394,14.187400635930048,6.518079883227177,7.510915867944622,11.905083723570314
2025-07-28,32.90639904610493,20.577338367779543,14.186406995230525,6.517482749469215,7.512513312034078,11.9102304964539
2025-07-29,32.90365514501391,20.574327903588927,14.185538339292808,6.516083034885264,7.514304723885561,11.915798241882888
2025-07-30,32.902821939586644,20.570979067302595,14.185612082670906,6.5170846602972405,7.515308839190628,11.915798241882888
2025-07-31,32.90159045725646,20.568422796554007,14.18648111332008,6.518485331209346,7.515514715674524,11.915798241882888
2025-08-01,32.898409542743536,20.56206096752816,14.185685884691848,6.518485331209346,7.517112797975762,11.92093608276644
2025-08-02,32.89606518282989,20.559850291467935,14.18441971383148,6.5170846602972405,7.518104366347178,11.926494545969685
2025-08-03,32.89606518282989,20.559850291467935,14.18441971383148,6.5170846602972405,7.518104366347178,11.926494545969685
2025-08-04,32.89348171701113,20.554087175410704,14.183028616852146,6.516288481953291,7.519502129925452,11.932048286604362
2025-08-05,32.890345649582834,20.551085948880942,14.182161303138658,6.51488924260512,7.521290751829674,11.937597310686483
2025-08-06,32.889507154213035,20.548125331213566,14.182233704292528,6.5158903927813165,7.5218982960596374,11.937597310686483
2025-08-07,32.88593004769476,20.542958399576044,14.181836248012718,6.5158903927813165,7.52309637912673,11.942717176004528
2025-08-08,32.88593004769476,20.542958399576044,14.181836248012718,6.5158903927813165,7.52309637912673,11.942717176004528
2025-08-09,32.88235294117647,20.536996555378906,14.1810413354531,6.5158903927813165,7.524294462193823,11.948256965068591
2025-08-10,32.88235294117647,20.536996555378906,14.1810413354531,6.5158903927813165,7.524294462193823,11.948256965068591
2025-08-11,32.879570747217805,20.531233439321674,14.180047694753577,6.515293259023355,7.5252928647497335,11.953792055414194
2025-08-12,32.87604290822408,20.52824129254403,14.17957886372666,6.513894415705001,7.5266799733865595,11.959746361452593
2025-08-13,32.87480127186009,20.524874138844726,14.179650238473767,6.51489516985138,7.527289669861554,11.959746361452593
2025-08-14,32.871224165341815,20.520303391626918,14.179054054054054,6.514098991507431,7.529286474973375,11.96442443502825
2025-08-15,32.86849423917362,20.517911534896037,14.177989670242352,6.513098554184905,7.530073186959414,11.969945644500918
2025-08-16,32.86764705882353,20.514142819289876,14.178060413354531,6.514098991507431,7.53068423855165,11.969945644500918
2025-08-17,32.86764705882353,20.514142819289876,14.178060413354531,6.514098991507431,7.53068423855165,11.969945644500918
2025-08-18,32.866799204771375,20.510768721007288,14.178528827037773,6.514701977963627,7.531295778399254,11.969945644500918
2025-08-19,32.863871224165344,20.508081611022785,14.177464228934817,6.513501857749469,7.532681043663471,11.975673863957098
2025-08-20,32.86302186878728,20.50444002650762,14.177402253147779,6.514237355635205,7.533293381275802,11.975673863957098
2025-08-21,32.859840954274354,20.50006626905235,14.177004638833663,6.514237355635205,7.534491943001731,11.980127662575823
2025-08-22,32.859840954274354,20.50006626905235,14.177004638833663,6.514237355635205,7.534491943001731,11.980127662575823
2025-08-23,32.85671701112877,20.49788023317435,14.175741918388976,6.5128383757961785,7.535875931842385,11.985635222786238
2025-08-24,32.85671701112877,20.49788023317435,14.175741918388976,6.5128383757961785,7.535875931842385,11.985635222786238
2025-08-25,32.852344992050874,20.49231584525702,14.175145733969263,6.512639331210191,7.5374733759318415,11.991138125440452
2025-08-26,32.8492252681764,20.489339160376108,14.174281552112301,6.511241543971349,7.538855622089154,11.997059030712878
2025-08-27,32.8492252681764,20.489339160376108,14.174281552112301,6.511241543971349,7.538855622089154,11.997059030712878
2025-08-28,32.847972972972975,20.486552729199786,14.174947005829358,6.511843152866242,7.539470181043663,11.997059030712878
2025-08-29,32.84439586645469,20.48019342872284,14.173357180710122,6.511445063694268,7.541466986155484,12.002552457400366
2025-08-30,32.84439586645469,20.48019342872284,14.173357180710122,6.511445063694268,7.541466986155484,12.002552457400366
2025-08-31,32.84439586645469,20.48019342872284,14.173357180710122,6.511445063694268,7.541466986155484,12.002552457400366
2025-09-01,32.84022257551669,20.474430312665607,14.172562268150502,6.510847929936306,7.543064430244941,12.00804124436937
2025-09-02,32.83710766785856,20.471858032048733,14.171301814329228,6.509450855551134,7.54484364604125,12.013947516532996
2025-09-03,32.83353198251887,20.46550125811151,14.170507217587074,6.508654994031039,7.546440452428476,12.019426863572434
2025-09-04,32.83227344992051,20.463301536830947,14.170972443031266,6.509255573248407,7.547058040468583,12.019426863572434
2025-09-05,32.82995629717918,20.461130976029665,14.169712620844921,6.507859132510943,7.548037258815701,12.024901588640518
2025-09-06,32.82995629717918,20.461130976029665,14.169712620844921,6.507859132510943,7.548037258815701,12.024901588640518
2025-09-07,32.82724384432089,20.458962139263964,14.16885093989939,6.506463802704853,7.549414737962223,12.030371697582913
2025-09-08,32.82307386814932,20.453600741329097,14.167659518136086,6.506264916467781,7.550611864857674,12.036047899985954
2025-09-09,32.81996824136562,20.45103877199947,14.166402011380177,6.5048707753479125,7.552386650711341,12.041929935411401
2025-09-10,32.81639539499802,20.445084028053458,14.165211062590974,6.504473161033797,7.55438106634756,12.047385964912282
2025-09-11,32.815131056393966,20.442877945459358,14.165673815197245,6.5054693715194905,7.554602287842511,12.047385964912282
2025-09-12,32.815131056393966,20.442877945459358,14.165673815197245,6.5054693715194905,7.554602287842511,12.047385964912282
2025-09-13,32.810762509928516,20.436920836642837,14.165276674609478,6.504673826571201,7.556597499334929,12.052837401795736
2025-09-14,32.810762509928516,20.436920836642837,14.165276674609478,6.504673826571201,7.556597499334929,12.052837401795736
2025-09-15,32.80989272943981,20.433518739239833,14.165739637134154,6.505272582570632,7.556819693945442,12.052837401795736
2025-09-16,32.806890389197775,20.431063012973258,14.164780248874766,6.503878281622912,7.5581936685288635,12.058389426447905
2025-09-17,32.80562177195073,20.42805588663753,14.164448417428154,6.504874651810585,7.558815701929474,12.058389426447905
2025-09-18,32.804550874403816,20.425245098039216,14.164513778484366,6.505374203821656,7.55903887113951,12.058389426447905
2025-09-19,32.800576311605724,20.420078166401694,14.163321409644938,6.504578025477707,7.561035676251331,12.064252172694141
2025-09-20,32.79580683624801,20.414513778484366,14.162923953365128,6.503781847133758,7.563032481363152,12.070109990191957
2025-09-21,32.79580683624801,20.414513778484366,14.162923953365128,6.503781847133758,7.563032481363152,12.070109990191957
2025-09-22,32.794532803180914,20.411497680583167,14.162988734261099,6.504778972520908,7.563257424424024,12.070109990191957
2025-09-23,32.79133545310016,20.408850026497085,14.1617315845257,6.503483280254777,7.5647297657082,12.076172969187676
2025-09-24,32.78815580286169,20.403285638579757,14.160141759406464,6.503483280254777,7.566726570820021,12.081180876382472
2025-09-25,32.78568588469185,20.40106030483764,14.161000662690522,6.504082039028275,7.566952989745638,12.081180876382472
2025-09-26,32.782591414944356,20.398913619501855,14.160141759406464,6.502687101910828,7.568324014909478,12.087024209347888
2025-09-27,32.782591414944356,20.398913619501855,14.160141759406464,6.502687101910828,7.568324014909478,12.087024209347888
2025-09-28,32.782591414944356,20.398913619501855,14.160141759406464,6.502687101910828,7.568324014909478,12.087024209347888
2025-09-29,32.77821939586646,20.39394541600424,14.159545574986751,6.501890923566879,7.569921458998935,12.092862638131209
2025-09-30,32.7751291219706,20.39140511190571,14.158488941862004,6.500497413450059,7.57109115103127,12.098696168903803
2025-10-01,32.77384737678855,20.3879835718071,14.158551934287228,6.501492834394904,7.571718583599574,12.098696168903803
2025-10-02,32.76887917329094,20.383412824589293,14.157955749867513,6.50109474522293,7.573116347177848,12.104315164220825
2025-10-03,32.767196819085484,20.379589131875413,14.158416169648772,6.502090800477897,7.573744839525902,12.104315164220825
2025-10-04,32.763712241653415,20.37705352411235,14.157160837307895,6.50109474522293,7.575512513312034,12.110139005308746
2025-10-05,32.763712241653415,20.37705352411235,14.157160837307895,6.50109474522293,7.575512513312034,12.110139005308746
2025-10-06,32.75914149443561,20.371687864334923,14.155968468468467,6.500895700636943,7.5773096379126725,12.116167434715821
2025-10-07,32.75566150178784,20.368759104754336,14.155111905707852,6.499502586549941,7.579075182967398,12.121981434952541
2025-10-08,32.75397456279809,20.365726020137785,14.15517355590885,6.500497611464968,7.579705804046858,12.121981434952541
2025-10-09,32.75149105367793,20.363485752153743,14.155632869449965,6.5014934289127835,7.579537887867891,12.121981434952541
2025-10-10,32.74841017488076,20.361354001059883,14.15477609962904,6.500099522292993,7.580504526091587,12.12737198269848
2025-10-11,32.743640699523056,20.354994700582935,14.154378643349231,6.500099522292993,7.5825013312034075,12.133176429567644
2025-10-12,32.743640699523056,20.354994700582935,14.154378643349231,6.500099522292993,7.5825013312034075,12.133176429567644
2025-10-13,32.74155069582505,20.35275016567263,14.15444002650762,6.501095181202708,7.582734052470369,12.133176429567644
2025-10-14,32.73827503974563,20.35002649708532,14.15348436671966,6.499900477707007,7.5841986155484555,12.139080579952601
2025-10-15,32.73827503974563,20.35002649708532,14.15348436671966,6.499900477707007,7.5841986155484555,12.139080579952601
2025-10-16,32.736182902584495,20.34777998674619,14.154340622929091,6.5004978096375945,7.584032494340125,12.139080579952601
2025-10-17,32.73220675944334,20.342213386348575,14.15354539430086,6.500099561927519,7.585630576641363,12.144457218506131
2025-10-18,32.72703777335984,20.337442014579192,14.15275016567263,6.499701314217443,7.587628179517911,12.150665134419835
2025-10-19,32.72703777335984,20.337442014579192,14.15275016567263,6.499701314217443,7.587628179517911,12.150665134419835
2025-10-20,32.7220675944334,20.332273028495692,14.1519549370444,6.499303066507368,7.588826741243841,12.156867864104706
2025-10-21,32.71860095389507,20.32975622681505,14.151099629040804,6.497910031847134,7.590189030883918,12.162647877522618
2025-10-22,32.71729622266402,20.325911199469846,14.151159708416168,6.4985065710872165,7.590824344120389,12.162647877522618
2025-10-23,32.71599045346062,20.322858658180852,14.151617608061521,6.499203187250996,7.590960564881428,12.162647877522618
2025-10-24,32.713121272365804,20.320742213386346,14.150364479787939,6.49820788530466,7.592122785990145,12.168214385086255
2025-10-25,32.711217183770884,20.317090957305755,14.151020949350304,6.499203187250996,7.592559285904609,12.168214385086255
2025-10-26,32.711217183770884,20.317090957305755,14.151020949350304,6.499203187250996,7.592559285904609,12.168214385086255
2025-10-27,32.706245027844076,20.312317687616016,14.150225404402015,6.498605577689243,7.593958166799893,12.173984842163817
2025-10-28,32.70318091451292,20.309410205434062,14.149370444002649,6.497212266029471,7.595718471167931,12.179750486516543
2025-10-29,32.70186953062848,20.30615221426677,14.150026518164943,6.498207171314741,7.595756727950972,12.179750486516543
2025-10-30,32.70186953062848,20.30615221426677,14.150026518164943,6.498207171314741,7.595756727950972,12.179750486516543
2025-10-31,32.69936331078392,20.30189680328956,14.151280010611487,6.499202869669191,7.595994935359189,12.179750486516543
2025-11-01,32.69630071599045,20.299787854680456,14.150026518164943,6.497808764940239,7.597355448974153,12.185511324162846
2025-11-02,32.69630071599045,20.299787854680456,14.150026518164943,6.497808764940239,7.597355448974153,12.185511324162846
2025-11-03,32.69172633253779,20.294616812516573,14.149628745690798,6.497011952191235,7.59855448974154,12.191059027777778
2025-11-04,32.6882703777336,20.292113982770047,14.148774022531477,6.495619275189168,7.600312957783992,12.19681035679578
2025-11-05,32.68695306284805,20.288252452930255,14.150026518164943,6.496215139442231,7.6005528910205165,12.19681035679578
2025-11-06,32.683373110580746,20.28188809334394,14.150026518164943,6.495816733067729,7.601751931787902,12.202556897030252
2025-11-07,32.67859984089101,20.27532484752055,14.150026518164943,6.495418326693227,7.603350652811084,12.208090581217922
2025-11-08,32.67554671968191,20.27322730284957,14.149171636845592,6.494026284348865,7.604707684112398,12.21382764836384
2025-11-09,32.67554671968191,20.27322730284957,14.149171636845592,6.494026284348865,7.604707684112398,12.21382764836384
2025-11-10,32.67342879872713,20.269358260408378,14.150424290639087,6.495019920318725,7.60454969357847,12.21382764836384
2025-11-11,32.66885441527446,20.262894457703528,14.150324847520551,6.494621513944223,7.606048494537703,12.219559944559945
2025-11-12,32.66885441527446,20.262894457703528,14.150324847520551,6.494621513944223,7.606048494537703,12.219559944559945
2025-11-13,32.66742936729009,20.259019763894415,14.15098156254145,6.4955161418891985,7.60629081700653,12.219559944559945
2025-11-14,32.66517501988862,20.257126756828427,14.149728188809334,6.494322709163346,7.607247535305088,12.224456220559713
2025-11-15,32.66212723658052,20.255036447978792,14.14847581179589,6.492931103146157,7.608603009721667,12.230179338041824
2025-11-16,32.66212723658052,20.255036447978792,14.14847581179589,6.492931103146157,7.608603009721667,12.230179338041824
2025-11-17,32.65685884691849,20.24927104042412,14.148277004638834,6.4926324173636,7.610201092022906,12.235897702104097
2025-11-18,32.65381558028617,20.246787228404873,14.14742315845257,6.49124203821656,7.611554845580404,12.241611318666113
2025-11-19,32.65288270377734,20.242113982770046,14.147879390324718,6.492234169653525,7.611799174324144,12.241611318666113
2025-11-20,32.65075576770087,20.239425881728984,14.14873375762397,6.493625498007968,7.6112443378630426,12.241611318666113
2025-11-21,32.64638027048528,20.2342548395651,14.14873375762397,6.4946193702670385,7.611644018118838,12.247735131396958
2025-11-22,32.64101034208433,20.228487138690003,14.147938212675681,6.494220805101634,7.613042899014122,12.253439098575972
2025-11-23,32.64101034208433,20.228487138690003,14.147938212675681,6.494220805101634,7.613042899014122,12.253439098575972
2025-11-24,32.63603818615752,20.222918324051975,14.147540440201537,6.49382223993623,7.61404209965361,12.259138336097292
2025-11-25,32.63300198807157,20.220444002650762,14.146686547382371,6.492430278884462,7.61539485950193,12.264832849841138
2025-11-26,32.631132325643065,20.217084327764518,14.146877486077964,6.49355652982596,7.61550759392486,12.264832849841138
2025-11-27,32.631132325643065,20.217084327764518,14.146877486077964,6.49355652982596,7.61550759392486,12.264832849841138
2025-11-28,32.62809807819748,20.215009940357852,14.145626242544731,6.492164674634794,7.616460247702757,12.270936895885114
2025-11-29,32.62809807819748,20.215009940357852,14.145626242544731,6.492164674634794,7.616460247702757,12.270936895885114
2025-11-30,32.62809807819748,20.215009940357852,14.145626242544731,6.492164674634794,7.616460247702757,12.270936895885114
2025-12-01,32.625961283479185,20.211515513126493,14.146081941129674,6.493157964660556,7.616306954436451,12.270936895885114
2025-12-02,32.622829688535454,20.209145129224652,14.145029821073559,6.491865869853918,7.617558929284858,12.276828847481022
2025-12-03,32.62069079819677,20.20525059665871,14.145087509944311,6.492859040786502,7.618205435651479,12.276828847481022
2025-12-04,32.616713073455315,20.200477326968972,14.143894192521877,6.492859040786502,7.619004796163069,12.282095060706402
2025-12-05,32.61377503647699,20.19657779546359,14.143951452447274,6.493853003721425,7.619652139144343,12.282095060706402
2025-12-06,32.610746486343146,20.194510739856803,14.142303102625299,6.492859040786502,7.621003197442047,12.287770652323818
2025-12-07,32.610746486343146,20.194510739856803,14.142303102625299,6.492859040786502,7.621003197442047,12.287770652323818
2025-12-08,32.608601936596365,20.19060883406287,14.14315559092718,6.493853003721425,7.62125149940024,12.287770652323818
2025-12-09,32.60527711482366,20.188345266507557,14.14200477326969,6.4926597582038,7.622601918465228,12.293544940722361
2025-12-10,32.60010607265978,20.18198090692124,14.1412092283214,6.491862627872991,7.6246003197442045,12.298797712553398
2025-12-11,32.595332802970034,20.177207637231504,14.140612569610182,6.492061910455693,7.625,12.30404614325069
2025-12-12,32.592710404241224,20.174751491053676,14.13976143141153,6.492061910455693,7.62634838194167,12.309290238193585
2025-12-13,32.58674618952949,20.168389662027835,14.1389662027833,6.492061910455693,7.6283459848182185,12.31494288466832
2025-12-14,32.58674618952949,20.168389662027835,14.1389662027833,6.492061910455693,7.6283459848182185,12.31494288466832
2025-12-15,32.584195173693985,20.16527446300716,14.139419252187748,6.493055555555555,7.628597122302159,12.31494288466832
2025-12-16,32.578825245293025,20.159108989657916,14.138524264120923,6.492856193514089,7.630095923261391,12.320590865318476
2025-12-17,32.578825245293025,20.159108989657916,14.138524264120923,6.492856193514089,7.630095923261391,12.320590865318476
2025-12-18,32.577165406552595,20.155789892558694,14.138479904496618,6.493850551788326,7.630247900839664,12.320590865318476
2025-12-19,32.57540472399151,20.15346337579618,14.137738853503185,6.494845703644587,7.6301,12.320590865318476
2025-12-20,32.57284614363468,20.14994026284349,14.137395459976105,6.495841650033267,7.630752300920368,12.320590865318476
2025-12-21,32.569433386411895,20.147492038216562,14.136544585987261,6.494845703644587,7.6321,12.326234185918592
2025-12-22,32.567270675693614,20.143966547192353,14.136200716845877,6.495841650033267,7.632352941176471,12.326234185918592
2025-12-23,32.56395966029724,20.141321656050955,14.13544984076433,6.494546421920724,7.6337,12.331872852233678
2025-12-24,32.56259126510023,20.137793707686182,14.13510553564317,6.495542248835663,7.633953581432573,12.331872852233678
2025-12-25,32.560823373173974,20.13545816733068,14.134362549800796,6.49653887113951,7.633807045636509,12.331872852233678
2025-12-26,32.560823373173974,20.13545816733068,14.134362549800796,6.49653887113951,7.633807045636509,12.331872852233678
2025-12-27,32.55865550684204,20.131925069748903,14.134416102032683,6.497536289785591,7.634060873047657,12.331872852233678
2025-12-28,32.55865550684204,20.131925069748903,14.134416102032683,6.497536289785591,7.634060873047657,12.331872852233678
2025-12-29,32.55648591174907,20.12878787878788,14.134469696969697,6.498534505728751,7.633914262820513,12.331872852233678
2025-12-30,32.55648591174907,20.12878787878788,14.134469696969697,6.498534505728751,7.633914262820513,12.331872852233678
2025-12-31,32.55551123520809,20.125249301954526,14.1341244515357,6.499133679861389,7.634168336673347,12.331872852233678
2026-01-01,32.553737696195796,20.122905027932962,14.133379888268156,6.500133333333333,7.634422614274258,12.331872852233678
2026-01-02,32.551164337990684,20.1189620758483,14.133433133732535,6.501133786848073,7.634677095868431,12.331872852233678
2026-01-03,32.54815110401703,20.116520351157224,14.132182761372706,6.500133333333333,7.6360264635124295,12.337506870019237
2026-01-04,32.54815110401703,20.116520351157224,14.132182761372706,6.500133333333333,7.6360264635124295,12.337506870019237
2026-01-05,32.54176642724129,20.111332801276934,14.131384676775738,6.499733333333333,7.637229350441059,12.34354827633567
2026-01-06,32.53875814386385,20.109094535301157,14.130135620263262,6.4985339197654275,7.638577154308617,12.348966913783636
2026-01-07,32.536977919659485,20.105546687948923,14.130187549880286,6.499533333333334,7.6388331996792305,12.348966913783636
2026-01-08,32.53298749667465,20.09996009577015,14.12938946528332,6.499133333333334,7.639635124298316,12.354175243584466
2026-01-09,32.53298749667465,20.09996009577015,14.12938946528332,6.499133333333334,7.639635124298316,12.354175243584466
2026-01-10,32.52660281989891,20.093575418994412,14.128990422984836,6.499133333333334,7.641238973536487,12.359790809327848
2026-01-11,32.52660281989891,20.093575418994412,14.128990422984836,6.499133333333334,7.641238973536487,12.359790809327848
2026-01-12,32.520417664272415,20.088188347964884,14.12819233838787,6.499133333333334,7.642441860465116,12.365401755107637
2026-01-13,32.51403298749668,20.081803671189146,14.127793296089385,6.498733333333334,7.6440457097032875,12.371008086622808
2026-01-14,32.512641383898874,20.07824351297405,14.128243512974052,6.499333066559958,7.644304051343762,12.371008086622808
2026-01-15,32.510549787007456,20.07488019169329,14.128294728434504,6.500033360021351,7.64446227929374,12.371008086622808
2026-01-16,32.50795076513639,20.072854291417165,14.127644710578842,6.498632786447913,7.645407139991978,12.37619879435539
2026-01-17,32.5019627411843,20.066467065868263,14.127245508982035,6.498632786447913,7.647011632571199,12.38179608326486
2026-01-18,32.5019627411843,20.066467065868263,14.127245508982035,6.498632786447913,7.647011632571199,12.38179608326486
2026-01-19,32.498968317358894,20.063298722044728,14.127695686900958,6.499633039765146,7.646869983948636,12.38179608326486
2026-01-20,32.4959747172322,20.060878243512974,14.126846307385229,6.4984327064159,7.647914159647011,12.387388774811773
2026-01-21,32.4959747172322,20.060878243512974,14.126846307385229,6.4984327064159,7.647914159647011,12.387388774811773
2026-01-22,32.492578541001066,20.058107028753994,14.127296325878595,6.499432879637043,7.647772873194222,12.387388774811773
2026-01-23,32.492578541001066,20.058107028753994,14.127296325878595,6.499432879637043,7.647772873194222,12.387388774811773
2026-01-24,32.4895874916833,20.056087824351298,14.126047904191617,6.4984327064159,7.648716405936622,12.39297687465791
2026-01-25,32.4895874916833,20.056087824351298,14.126047904191617,6.4984327064159,7.648716405936622,12.39297687465791
2026-01-26,32.4895874916833,20.056087824351298,14.126047904191617,6.4984327064159,7.648716405936622,12.39297687465791
2026-01-27,32.486798350625165,20.053770949720672,14.12509976057462,6.497233333333334,7.649959903769045,12.398150047873068
