date,CDU/CSU,SPD,GRÜNE,FDP,LINKE,AfD
2002-01-03,38.0,38.0,5.0,8.0,7.0,
2002-01-04,38.0,38.0,5.5,8.0,7.0,
2002-01-05,37.666666666666664,38.0,5.666666666666667,7.666666666666667,7.0,
2002-01-06,37.666666666666664,38.0,5.666666666666667,7.666666666666667,7.0,
2002-01-07,37.666666666666664,38.0,5.666666666666667,7.666666666666667,7.0,
2002-01-08,37.666666666666664,38.0,5.666666666666667,7.666666666666667,7.0,
2002-01-09,37.666666666666664,38.0,5.666666666666667,7.666666666666667,7.0,
2002-01-10,37.5,38.0,5.75,8.0,6.75,
2002-01-11,37.8,38.0,5.6,8.0,6.8,
2002-01-12,38.0,38.0,5.666666666666667,7.833333333333333,6.833333333333333,
2002-01-13,38.0,38.0,5.666666666666667,7.833333333333333,6.833333333333333,
2002-01-14,38.0,38.0,5.666666666666667,7.833333333333333,6.833333333333333,
2002-01-15,38.0,38.0,5.666666666666667,7.833333333333333,6.833333333333333,
2002-01-16,38.0,38.0,5.666666666666667,7.833333333333333,6.833333333333333,
2002-01-17,38.42857142857143,37.714285714285715,5.714285714285714,7.714285714285714,6.714285714285714,
2002-01-18,38.5625,37.625,5.75,7.75,6.75,
2002-01-19,38.5625,37.625,5.75,7.75,6.75,
2002-01-20,38.5625,37.625,5.75,7.75,6.75,
2002-01-21,38.5625,37.625,5.75,7.75,6.75,
2002-01-22,38.5625,37.625,5.75,7.75,6.75,
2002-01-23,38.5625,37.625,5.75,7.75,6.75,
2002-01-24,38.833333333333336,37.44444444444444,5.666666666666667,7.777777777777778,6.666666666666667,
2002-01-25,38.95,37.3,5.7,7.9,6.7,
2002-01-26,39.13636363636363,37.36363636363637,5.636363636363637,7.818181818181818,6.636363636363637,
2002-01-27,39.13636363636363,37.36363636363637,5.636363636363637,7.818181818181818,6.636363636363637,
2002-01-28,39.13636363636363,37.36363636363637,5.636363636363637,7.818181818181818,6.636363636363637,
2002-01-29,39.13636363636363,37.36363636363637,5.636363636363637,7.818181818181818,6.636363636363637,
2002-01-30,39.13636363636363,37.36363636363637,5.636363636363637,7.818181818181818,6.636363636363637,
2002-01-31,39.208333333333336,37.166666666666664,5.666666666666667,7.916666666666667,6.583333333333333,
2002-02-01,39.34615384615385,37.07692307692308,5.6923076923076925,7.923076923076923,6.615384615384615,
2002-02-02,39.464285714285715,37.07142857142857,5.714285714285714,7.928571428571429,6.571428571428571,
2002-02-03,39.464285714285715,37.07142857142857,5.714285714285714,7.928571428571429,6.571428571428571,
2002-02-04,39.464285714285715,37.07142857142857,5.714285714285714,7.928571428571429,6.571428571428571,
2002-02-05,39.464285714285715,37.07142857142857,5.714285714285714,7.928571428571429,6.571428571428571,
2002-02-06,39.464285714285715,37.07142857142857,5.714285714285714,7.928571428571429,6.571428571428571,
2002-02-07,39.56666666666667,37.0,5.733333333333333,7.933333333333334,6.533333333333333,
2002-02-08,39.65625,36.9375,5.75,7.9375,6.5,
2002-02-09,39.73529411764706,37.0,5.705882352941177,7.9411764705882355,6.470588235294118,
2002-02-10,39.861111111111114,36.833333333333336,5.722222222222222,7.944444444444445,6.444444444444445,
2002-02-11,39.861111111111114,36.833333333333336,5.722222222222222,7.944444444444445,6.444444444444445,
2002-02-12,39.861111111111114,36.833333333333336,5.722222222222222,7.944444444444445,6.444444444444445,
2002-02-13,39.861111111111114,36.833333333333336,5.722222222222222,7.944444444444445,6.444444444444445,
2002-02-14,39.861111111111114,36.833333333333336,5.722222222222222,7.944444444444445,6.444444444444445,
2002-02-15,39.921052631578945,36.78947368421053,5.7368421052631575,7.947368421052632,6.421052631578948,
2002-02-16,39.975,36.8,5.7,7.95,6.4,
2002-02-17,39.975,36.8,5.7,7.95,6.4,
2002-02-18,39.975,36.8,5.7,7.95,6.4,
2002-02-19,39.975,36.8,5.7,7.95,6.4,
2002-02-20,39.975,36.8,5.7,7.95,6.4,
2002-02-21,40.023809523809526,36.714285714285715,5.714285714285714,7.9523809523809526,6.380952380952381,
2002-02-22,40.06818181818182,36.63636363636363,5.7272727272727275,8.0,6.363636363636363,
2002-02-23,40.108695652173914,36.65217391304348,5.695652173913044,8.043478260869565,6.3478260869565215,
2002-02-24,40.108695652173914,36.65217391304348,5.695652173913044,8.043478260869565,6.3478260869565215,
2002-02-25,40.108695652173914,36.65217391304348,5.695652173913044,8.043478260869565,6.3478260869565215,
2002-02-26,40.108695652173914,36.65217391304348,5.695652173913044,8.043478260869565,6.3478260869565215,
2002-02-27,40.108695652173914,36.65217391304348,5.695652173913044,8.043478260869565,6.3478260869565215,
2002-02-28,40.104166666666664,36.583333333333336,5.708333333333333,8.083333333333334,6.333333333333333,
2002-03-01,40.1,36.56,5.72,8.12,6.32,
2002-03-02,40.13461538461539,36.57692307692308,5.6923076923076925,8.076923076923077,6.3076923076923075,
2002-03-03,40.13461538461539,36.57692307692308,5.6923076923076925,8.076923076923077,6.3076923076923075,
2002-03-04,40.13461538461539,36.57692307692308,5.6923076923076925,8.076923076923077,6.3076923076923075,
2002-03-05,40.13461538461539,36.57692307692308,5.6923076923076925,8.076923076923077,6.3076923076923075,
2002-03-06,40.166666666666664,36.48148148148148,5.703703703703703,8.074074074074074,6.333333333333333,
2002-03-07,40.166666666666664,36.48148148148148,5.703703703703703,8.074074074074074,6.333333333333333,
2002-03-08,40.142857142857146,36.5,5.714285714285714,8.107142857142858,6.321428571428571,
2002-03-09,40.142857142857146,36.5,5.714285714285714,8.107142857142858,6.321428571428571,
2002-03-10,40.142857142857146,36.5,5.714285714285714,8.107142857142858,6.321428571428571,
2002-03-11,40.142857142857146,36.5,5.714285714285714,8.107142857142858,6.321428571428571,
2002-03-12,40.142857142857146,36.5,5.714285714285714,8.107142857142858,6.321428571428571,
2002-03-13,40.13793103448276,36.44827586206897,5.724137931034483,8.137931034482758,6.310344827586207,
2002-03-14,40.13793103448276,36.44827586206897,5.724137931034483,8.137931034482758,6.310344827586207,
2002-03-15,40.166666666666664,36.43333333333333,5.766666666666667,8.133333333333333,6.3,
2002-03-16,40.16129032258065,36.41935483870968,5.774193548387097,8.129032258064516,6.290322580645161,
2002-03-17,40.16129032258065,36.41935483870968,5.774193548387097,8.129032258064516,6.290322580645161,
2002-03-18,40.16129032258065,36.41935483870968,5.774193548387097,8.129032258064516,6.290322580645161,
2002-03-19,40.16129032258065,36.41935483870968,5.774193548387097,8.129032258064516,6.290322580645161,
2002-03-20,40.1875,36.3125,5.78125,8.15625,6.3125,
2002-03-21,40.1875,36.3125,5.78125,8.15625,6.3125,
2002-03-22,40.21212121212121,36.303030303030305,5.818181818181818,8.151515151515152,6.2727272727272725,
2002-03-23,40.205882352941174,36.26470588235294,5.852941176470588,8.176470588235293,6.264705882352941,
2002-03-24,40.205882352941174,36.26470588235294,5.852941176470588,8.176470588235293,6.264705882352941,
2002-03-25,40.205882352941174,36.26470588235294,5.852941176470588,8.176470588235293,6.264705882352941,
2002-03-26,40.22857142857143,36.2,5.857142857142857,8.2,6.257142857142857,
2002-03-27,40.19444444444444,36.166666666666664,5.916666666666667,8.222222222222221,6.25,
2002-03-28,40.189189189189186,36.16216216216216,5.918918918918919,8.243243243243244,6.243243243243243,
2002-03-29,40.189189189189186,36.16216216216216,5.918918918918919,8.243243243243244,6.243243243243243,
2002-03-30,40.189189189189186,36.16216216216216,5.918918918918919,8.243243243243244,6.243243243243243,
2002-03-31,40.189189189189186,36.16216216216216,5.918918918918919,8.243243243243244,6.243243243243243,
2002-04-01,40.189189189189186,36.16216216216216,5.918918918918919,8.243243243243244,6.243243243243243,
2002-04-02,40.189189189189186,36.16216216216216,5.918918918918919,8.243243243243244,6.243243243243243,
2002-04-03,40.18421052631579,36.10526315789474,5.921052631578948,8.263157894736842,6.2631578947368425,
2002-04-04,40.18421052631579,36.10526315789474,5.921052631578948,8.263157894736842,6.2631578947368425,
2002-04-05,40.15384615384615,36.05128205128205,5.948717948717949,8.282051282051283,6.282051282051282,
2002-04-06,40.125,36.05,5.975,8.3,6.3,
2002-04-07,40.125,36.05,5.975,8.3,6.3,
2002-04-08,40.125,36.05,5.975,8.3,6.3,
2002-04-09,40.125,36.05,5.975,8.3,6.3,
2002-04-10,40.1219512195122,35.97560975609756,6.0,8.317073170731707,6.317073170731708,
2002-04-11,40.1219512195122,35.97560975609756,6.0,8.317073170731707,6.317073170731708,
2002-04-12,40.095238095238095,35.95238095238095,6.023809523809524,8.333333333333334,6.333333333333333,
2002-04-13,40.06976744186046,35.97674418604651,6.023255813953488,8.325581395348838,6.325581395348837,
2002-04-14,40.06976744186046,35.97674418604651,6.023255813953488,8.325581395348838,6.325581395348837,
2002-04-15,40.06976744186046,35.97674418604651,6.023255813953488,8.325581395348838,6.325581395348837,
2002-04-16,40.06976744186046,35.97674418604651,6.023255813953488,8.325581395348838,6.325581395348837,
2002-04-17,40.06818181818182,35.95454545454545,6.045454545454546,8.340909090909092,6.295454545454546,
2002-04-18,40.06818181818182,35.95454545454545,6.045454545454546,8.340909090909092,6.295454545454546,
2002-04-19,40.044444444444444,35.93333333333333,6.066666666666666,8.355555555555556,6.288888888888889,
2002-04-20,40.02173913043478,35.93478260869565,6.065217391304348,8.369565217391305,6.282608695652174,
2002-04-21,40.02173913043478,35.93478260869565,6.065217391304348,8.369565217391305,6.282608695652174,
2002-04-22,40.02173913043478,35.93478260869565,6.065217391304348,8.369565217391305,6.282608695652174,
2002-04-23,40.02173913043478,35.93478260869565,6.065217391304348,8.369565217391305,6.282608695652174,
2002-04-24,40.0,35.8936170212766,6.085106382978723,8.425531914893616,6.276595744680851,
2002-04-25,40.0,35.8936170212766,6.085106382978723,8.425531914893616,6.276595744680851,
2002-04-26,39.979166666666664,35.854166666666664,6.104166666666667,8.458333333333334,6.270833333333333,
2002-04-27,39.97959183673469,35.83673469387755,6.081632653061225,8.46938775510204,6.26530612244898,
2002-04-28,39.97959183673469,35.83673469387755,6.081632653061225,8.46938775510204,6.26530612244898,
2002-04-29,40.0,35.76,6.08,8.52,6.26,
2002-04-30,40.0,35.76,6.08,8.52,6.26,
2002-05-01,40.0,35.76,6.08,8.52,6.26,
2002-05-02,40.0,35.76,6.08,8.52,6.26,
2002-05-03,40.01960784313726,35.68627450980392,6.098039215686274,8.568627450980392,6.235294117647059,
2002-05-04,40.01923076923077,35.65384615384615,6.096153846153846,8.596153846153847,6.230769230769231,
2002-05-05,40.01923076923077,35.65384615384615,6.096153846153846,8.596153846153847,6.230769230769231,
2002-05-06,40.01923076923077,35.65384615384615,6.096153846153846,8.596153846153847,6.230769230769231,
2002-05-07,40.0377358490566,35.56603773584906,6.113207547169812,8.660377358490566,6.226415094339623,
2002-05-08,40.0377358490566,35.56603773584906,6.113207547169812,8.660377358490566,6.226415094339623,
2002-05-09,40.01851851851852,35.5,6.111111111111111,8.703703703703704,6.222222222222222,
2002-05-10,40.03636363636364,35.41818181818182,6.127272727272727,8.745454545454546,6.218181818181818,
2002-05-11,40.03636363636364,35.41818181818182,6.127272727272727,8.745454545454546,6.218181818181818,
2002-05-12,40.03636363636364,35.41818181818182,6.127272727272727,8.745454545454546,6.218181818181818,
2002-05-13,40.03636363636364,35.41818181818182,6.127272727272727,8.745454545454546,6.218181818181818,
2002-05-14,40.03636363636364,35.41818181818182,6.127272727272727,8.745454545454546,6.218181818181818,
2002-05-15,40.05357142857143,35.357142857142854,6.142857142857143,8.785714285714286,6.214285714285714,
2002-05-16,40.01754385964912,35.31578947368421,6.157894736842105,8.842105263157896,6.192982456140351,
2002-05-17,40.01724137931034,35.258620689655174,6.172413793103448,8.89655172413793,6.189655172413793,
2002-05-18,40.01724137931034,35.258620689655174,6.172413793103448,8.89655172413793,6.189655172413793,
2002-05-19,40.01724137931034,35.258620689655174,6.172413793103448,8.89655172413793,6.189655172413793,
2002-05-20,40.01724137931034,35.258620689655174,6.172413793103448,8.89655172413793,6.189655172413793,
2002-05-21,40.01724137931034,35.258620689655174,6.172413793103448,8.89655172413793,6.189655172413793,
2002-05-22,40.01724137931034,35.258620689655174,6.172413793103448,8.89655172413793,6.189655172413793,
2002-05-23,40.0,35.20338983050848,6.203389830508475,8.915254237288135,6.169491525423729,
2002-05-24,39.983333333333334,35.15,6.216666666666667,8.983333333333333,6.166666666666667,
2002-05-25,39.983333333333334,35.15,6.216666666666667,8.983333333333333,6.166666666666667,
2002-05-26,39.983333333333334,35.15,6.216666666666667,8.983333333333333,6.166666666666667,
2002-05-27,39.983333333333334,35.15,6.216666666666667,8.983333333333333,6.166666666666667,
2002-05-28,39.983333333333334,35.15,6.216666666666667,8.983333333333333,6.166666666666667,
2002-05-29,39.950819672131146,35.131147540983605,6.213114754098361,9.032786885245901,6.163934426229508,
2002-05-30,39.935483870967744,35.096774193548384,6.209677419354839,9.064516129032258,6.161290322580645,
2002-05-31,39.92063492063492,35.06349206349206,6.222222222222222,9.095238095238095,6.158730158730159,
2002-06-01,39.92063492063492,35.06349206349206,6.222222222222222,9.095238095238095,6.158730158730159,
2002-06-02,39.92063492063492,35.06349206349206,6.222222222222222,9.095238095238095,6.158730158730159,
2002-06-03,39.92063492063492,35.06349206349206,6.222222222222222,9.095238095238095,6.158730158730159,
2002-06-04,39.921875,35.0625,6.21875,9.09375,6.15625,
2002-06-05,39.921875,35.0625,6.21875,9.09375,6.15625,
2002-06-06,39.9,35.03846153846154,6.2384615384615385,9.107692307692307,6.153846153846154,
2002-06-07,39.9,35.03846153846154,6.2384615384615385,9.107692307692307,6.153846153846154,
2002-06-08,39.9,35.03846153846154,6.2384615384615385,9.107692307692307,6.153846153846154,
2002-06-09,39.9,35.03846153846154,6.2384615384615385,9.107692307692307,6.153846153846154,
2002-06-10,39.9,35.03846153846154,6.2384615384615385,9.107692307692307,6.153846153846154,
2002-06-11,39.9,35.03846153846154,6.2384615384615385,9.107692307692307,6.153846153846154,
2002-06-12,39.871212121212125,35.053030303030305,6.234848484848484,9.121212121212121,6.151515151515151,
2002-06-13,39.85820895522388,35.05223880597015,6.2388059701492535,9.14179104477612,6.141791044776119,
2002-06-14,39.85820895522388,35.05223880597015,6.2388059701492535,9.14179104477612,6.141791044776119,
2002-06-15,39.85820895522388,35.05223880597015,6.2388059701492535,9.14179104477612,6.141791044776119,
2002-06-16,39.85820895522388,35.05223880597015,6.2388059701492535,9.14179104477612,6.141791044776119,
2002-06-17,39.85820895522388,35.05223880597015,6.2388059701492535,9.14179104477612,6.141791044776119,
2002-06-18,39.85820895522388,35.05223880597015,6.2388059701492535,9.14179104477612,6.141791044776119,
2002-06-19,39.830882352941174,35.06617647058823,6.235294117647059,9.154411764705882,6.139705882352941,
2002-06-20,39.80434782608695,35.05072463768116,6.246376811594203,9.166666666666666,6.13768115942029,
2002-06-21,39.792857142857144,35.06428571428572,6.257142857142857,9.178571428571429,6.135714285714286,
2002-06-22,39.792857142857144,35.06428571428572,6.257142857142857,9.178571428571429,6.135714285714286,
2002-06-23,39.792857142857144,35.06428571428572,6.257142857142857,9.178571428571429,6.135714285714286,
2002-06-24,39.792857142857144,35.06428571428572,6.257142857142857,9.178571428571429,6.135714285714286,
2002-06-25,39.792857142857144,35.06428571428572,6.257142857142857,9.178571428571429,6.135714285714286,
2002-06-26,39.809859154929576,35.063380281690144,6.253521126760563,9.17605633802817,6.119718309859155,
2002-06-27,39.80555555555556,35.06944444444444,6.25,9.180555555555555,6.111111111111111,
2002-06-28,39.80555555555556,35.06944444444444,6.25,9.180555555555555,6.111111111111111,
2002-06-29,39.80555555555556,35.06944444444444,6.25,9.180555555555555,6.111111111111111,
2002-06-30,39.80555555555556,35.06944444444444,6.25,9.180555555555555,6.111111111111111,
2002-07-01,39.80555555555556,35.06944444444444,6.25,9.180555555555555,6.111111111111111,
2002-07-02,39.794520547945204,35.082191780821915,6.2465753424657535,9.178082191780822,6.109589041095891,
2002-07-03,39.794520547945204,35.082191780821915,6.2465753424657535,9.178082191780822,6.109589041095891,
2002-07-04,39.78378378378378,35.08108108108108,6.243243243243243,9.175675675675675,6.108108108108108,
2002-07-05,39.78666666666667,35.093333333333334,6.24,9.173333333333334,6.1066666666666665,
2002-07-06,39.78666666666667,35.093333333333334,6.24,9.173333333333334,6.1066666666666665,
2002-07-07,39.78666666666667,35.093333333333334,6.24,9.173333333333334,6.1066666666666665,
2002-07-08,39.78666666666667,35.093333333333334,6.24,9.173333333333334,6.1066666666666665,
2002-07-09,39.78666666666667,35.093333333333334,6.24,9.173333333333334,6.1066666666666665,
2002-07-10,39.776315789473685,35.10526315789474,6.25,9.157894736842104,6.105263157894737,
2002-07-11,39.77922077922078,35.103896103896105,6.246753246753247,9.155844155844155,6.097402597402597,
2002-07-12,39.77922077922078,35.103896103896105,6.246753246753247,9.155844155844155,6.097402597402597,
2002-07-13,39.77922077922078,35.103896103896105,6.246753246753247,9.155844155844155,6.097402597402597,
2002-07-14,39.77922077922078,35.103896103896105,6.246753246753247,9.155844155844155,6.097402597402597,
2002-07-15,39.77922077922078,35.103896103896105,6.246753246753247,9.155844155844155,6.097402597402597,
2002-07-16,39.77922077922078,35.103896103896105,6.246753246753247,9.155844155844155,6.097402597402597,
2002-07-17,39.782051282051285,35.12820512820513,6.243589743589744,9.14102564102564,6.083333333333333,
2002-07-18,39.79746835443038,35.12658227848101,6.2405063291139244,9.139240506329115,6.069620253164557,
2002-07-19,39.8,35.125,6.2375,9.1375,6.06875,
2002-07-20,39.8,35.125,6.2375,9.1375,6.06875,
2002-07-21,39.8,35.125,6.2375,9.1375,6.06875,
2002-07-22,39.8,35.125,6.2375,9.1375,6.06875,
2002-07-23,39.8,35.125,6.2375,9.1375,6.06875,
2002-07-24,39.80246913580247,35.135802469135804,6.234567901234568,9.135802469135802,6.067901234567901,
2002-07-25,39.792682926829265,35.1219512195122,6.2439024390243905,9.134146341463415,6.067073170731708,
2002-07-26,39.80722891566265,35.12048192771084,6.253012048192771,9.132530120481928,6.054216867469879,
2002-07-27,39.80722891566265,35.12048192771084,6.253012048192771,9.132530120481928,6.054216867469879,
2002-07-28,39.80722891566265,35.12048192771084,6.253012048192771,9.132530120481928,6.054216867469879,
2002-07-29,39.80722891566265,35.12048192771084,6.253012048192771,9.132530120481928,6.054216867469879,
2002-07-30,39.80722891566265,35.12048192771084,6.253012048192771,9.132530120481928,6.054216867469879,
2002-07-31,39.833333333333336,35.11904761904762,6.25,9.130952380952381,6.041666666666667,
2002-08-01,39.833333333333336,35.11904761904762,6.25,9.130952380952381,6.041666666666667,
2002-08-02,39.83529411764706,35.11176470588235,6.258823529411765,9.123529411764705,6.035294117647059,
2002-08-03,39.83529411764706,35.11176470588235,6.258823529411765,9.123529411764705,6.035294117647059,
2002-08-04,39.83529411764706,35.11176470588235,6.258823529411765,9.123529411764705,6.035294117647059,
2002-08-05,39.83529411764706,35.11176470588235,6.258823529411765,9.123529411764705,6.035294117647059,
2002-08-06,39.83529411764706,35.11176470588235,6.258823529411765,9.123529411764705,6.035294117647059,
2002-08-07,39.86046511627907,35.11046511627907,6.255813953488372,9.122093023255815,6.023255813953488,
2002-08-08,39.87356321839081,35.09770114942529,6.264367816091954,9.120689655172415,6.0,
2002-08-09,39.88636363636363,35.08522727272727,6.2727272727272725,9.119318181818182,5.988636363636363,
2002-08-10,39.88636363636363,35.08522727272727,6.2727272727272725,9.119318181818182,5.988636363636363,
2002-08-11,39.88636363636363,35.08522727272727,6.2727272727272725,9.119318181818182,5.988636363636363,
2002-08-12,39.89887640449438,35.07303370786517,6.269662921348314,9.117977528089888,5.977528089887641,
2002-08-13,39.89887640449438,35.07303370786517,6.269662921348314,9.117977528089888,5.977528089887641,
2002-08-14,39.91111111111111,35.07222222222222,6.266666666666667,9.127777777777778,5.955555555555556,
2002-08-15,39.91208791208791,35.06043956043956,6.274725274725275,9.137362637362637,5.945054945054945,
2002-08-16,39.91304347826087,35.04891304347826,6.282608695652174,9.146739130434783,5.934782608695652,
2002-08-17,39.913978494623656,35.05913978494624,6.290322580645161,9.134408602150538,5.924731182795699,
2002-08-18,39.913978494623656,35.05913978494624,6.290322580645161,9.134408602150538,5.924731182795699,
2002-08-19,39.913978494623656,35.05913978494624,6.290322580645161,9.134408602150538,5.924731182795699,
2002-08-20,39.913978494623656,35.05913978494624,6.290322580645161,9.134408602150538,5.924731182795699,
2002-08-21,39.913978494623656,35.05913978494624,6.290322580645161,9.134408602150538,5.924731182795699,
2002-08-22,39.91489361702128,35.047872340425535,6.287234042553192,9.132978723404255,5.925531914893617,
2002-08-23,39.915789473684214,35.05789473684211,6.294736842105263,9.126315789473685,5.910526315789474,
2002-08-24,39.915789473684214,35.05789473684211,6.294736842105263,9.126315789473685,5.910526315789474,
2002-08-25,39.915789473684214,35.05789473684211,6.294736842105263,9.126315789473685,5.910526315789474,
2002-08-26,39.915789473684214,35.05789473684211,6.294736842105263,9.126315789473685,5.910526315789474,
2002-08-27,39.915789473684214,35.05789473684211,6.294736842105263,9.126315789473685,5.910526315789474,
2002-08-28,39.916666666666664,35.088541666666664,6.302083333333333,9.114583333333334,5.901041666666667,
2002-08-29,39.91752577319588,35.108247422680414,6.298969072164948,9.11340206185567,5.881443298969073,
2002-08-30,39.92857142857143,35.14795918367347,6.3061224489795915,9.091836734693878,5.862244897959184,
2002-08-31,39.92857142857143,35.14795918367347,6.3061224489795915,9.091836734693878,5.862244897959184,
2002-09-01,39.92857142857143,35.14795918367347,6.3061224489795915,9.091836734693878,5.862244897959184,
2002-09-02,39.92857142857143,35.14795918367347,6.3061224489795915,9.091836734693878,5.862244897959184,
2002-09-03,39.92857142857143,35.14795918367347,6.3061224489795915,9.091836734693878,5.862244897959184,
2002-09-04,39.91919191919192,35.186868686868685,6.313131313131313,9.080808080808081,5.843434343434343,
2002-09-05,39.91,35.205,6.31,9.07,5.835,
2002-09-06,39.90594059405941,35.23267326732673,6.321782178217822,9.064356435643564,5.816831683168317,
2002-09-07,39.90594059405941,35.23267326732673,6.321782178217822,9.064356435643564,5.816831683168317,
2002-09-08,39.90594059405941,35.23267326732673,6.321782178217822,9.064356435643564,5.816831683168317,
2002-09-09,39.88725490196079,35.26960784313726,6.333333333333333,9.058823529411764,5.799019607843137,
2002-09-10,39.86893203883495,35.29611650485437,6.339805825242719,9.048543689320388,5.781553398058253,
2002-09-11,39.85096153846154,35.32211538461539,6.355769230769231,9.048076923076923,5.774038461538462,
2002-09-12,39.833333333333336,35.34761904761905,6.3619047619047615,9.038095238095238,5.757142857142857,
2002-09-13,39.79716981132076,35.37735849056604,6.377358490566038,9.033018867924529,5.747169811320755,
2002-09-14,39.79716981132076,35.37735849056604,6.377358490566038,9.033018867924529,5.747169811320755,
2002-09-15,39.79716981132076,35.37735849056604,6.377358490566038,9.033018867924529,5.747169811320755,
2002-09-16,39.79716981132076,35.37735849056604,6.377358490566038,9.033018867924529,5.747169811320755,
2002-09-17,39.79716981132076,35.37735849056604,6.377358490566038,9.033018867924529,5.747169811320755,
2002-09-18,39.7803738317757,35.42056074766355,6.383177570093458,9.023364485981308,5.730841121495327,
2002-09-19,39.7803738317757,35.42056074766355,6.383177570093458,9.023364485981308,5.730841121495327,
2002-09-20,39.7803738317757,35.42056074766355,6.383177570093458,9.023364485981308,5.730841121495327,
2002-09-21,39.7803738317757,35.42056074766355,6.383177570093458,9.023364485981308,5.730841121495327,
2002-09-22,39.7803738317757,35.42056074766355,6.383177570093458,9.023364485981308,5.730841121495327,
2002-09-23,39.7803738317757,35.42056074766355,6.383177570093458,9.023364485981308,5.730841121495327,
2002-09-24,39.7803738317757,35.42056074766355,6.383177570093458,9.023364485981308,5.730841121495327,
2002-09-25,39.7803738317757,35.42056074766355,6.383177570093458,9.023364485981308,5.730841121495327,
2002-09-26,39.773148148148145,35.44444444444444,6.407407407407407,9.00462962962963,5.714814814814815,
2002-09-27,39.773148148148145,35.44444444444444,6.407407407407407,9.00462962962963,5.714814814814815,
2002-09-28,39.773148148148145,35.44444444444444,6.407407407407407,9.00462962962963,5.714814814814815,
2002-09-29,39.773148148148145,35.44444444444444,6.407407407407407,9.00462962962963,5.714814814814815,
2002-09-30,39.773148148148145,35.44444444444444,6.407407407407407,9.00462962962963,5.714814814814815,
2002-10-01,39.76605504587156,35.477064220183486,6.440366972477064,8.986238532110091,5.689908256880734,
2002-10-02,39.76605504587156,35.477064220183486,6.440366972477064,8.986238532110091,5.689908256880734,
2002-10-03,39.768181818181816,35.5,6.463636363636364,8.968181818181819,5.674545454545455,
2002-10-04,39.76126126126126,35.52252252252252,6.486486486486487,8.95045045045045,5.65945945945946,
2002-10-05,39.76126126126126,35.52252252252252,6.486486486486487,8.95045045045045,5.65945945945946,
2002-10-06,39.76126126126126,35.52252252252252,6.486486486486487,8.95045045045045,5.65945945945946,
2002-10-07,39.76126126126126,35.52252252252252,6.486486486486487,8.95045045045045,5.65945945945946,
2002-10-08,39.76126126126126,35.52252252252252,6.486486486486487,8.95045045045045,5.65945945945946,
2002-10-09,39.763392857142854,35.544642857142854,6.517857142857143,8.924107142857142,5.644642857142857,
2002-10-10,39.76548672566372,35.56637168141593,6.530973451327434,8.9070796460177,5.6300884955752215,
2002-10-11,39.75877192982456,35.58771929824562,6.552631578947368,8.890350877192983,5.615789473684211,
2002-10-12,39.75877192982456,35.58771929824562,6.552631578947368,8.890350877192983,5.615789473684211,
2002-10-13,39.75877192982456,35.58771929824562,6.552631578947368,8.890350877192983,5.615789473684211,
2002-10-14,39.75877192982456,35.58771929824562,6.552631578947368,8.890350877192983,5.615789473684211,
2002-10-15,39.75877192982456,35.58771929824562,6.552631578947368,8.890350877192983,5.615789473684211,
2002-10-16,39.75877192982456,35.58771929824562,6.552631578947368,8.890350877192983,5.615789473684211,
2002-10-17,39.76086956521739,35.60434782608696,6.582608695652174,8.865217391304348,5.597391304347826,
2002-10-18,39.76293103448276,35.62068965517241,6.603448275862069,8.84051724137931,5.583620689655173,
2002-10-19,39.76293103448276,35.62068965517241,6.603448275862069,8.84051724137931,5.583620689655173,
2002-10-20,39.76293103448276,35.62068965517241,6.603448275862069,8.84051724137931,5.583620689655173,
2002-10-21,39.76293103448276,35.62068965517241,6.603448275862069,8.84051724137931,5.583620689655173,
2002-10-22,39.76293103448276,35.62068965517241,6.603448275862069,8.84051724137931,5.583620689655173,
2002-10-23,39.77350427350427,35.63247863247863,6.632478632478633,8.824786324786325,5.561538461538462,
2002-10-24,39.78389830508475,35.644067796610166,6.661016949152542,8.80084745762712,5.5398305084745765,
2002-10-25,39.794117647058826,35.64705882352941,6.689075630252101,8.777310924369749,5.526890756302522,
2002-10-26,39.794117647058826,35.64705882352941,6.689075630252101,8.777310924369749,5.526890756302522,
2002-10-27,39.794117647058826,35.64705882352941,6.689075630252101,8.777310924369749,5.526890756302522,
2002-10-28,39.794117647058826,35.64705882352941,6.689075630252101,8.777310924369749,5.526890756302522,
2002-10-29,39.794117647058826,35.64705882352941,6.689075630252101,8.777310924369749,5.526890756302522,
2002-10-30,39.82083333333333,35.641666666666666,6.716666666666667,8.754166666666666,5.505833333333333,
2002-10-31,39.83884297520661,35.63636363636363,6.743801652892562,8.723140495867769,5.493388429752066,
2002-11-01,39.864754098360656,35.631147540983605,6.762295081967213,8.700819672131148,5.481147540983607,
2002-11-02,39.864754098360656,35.631147540983605,6.762295081967213,8.700819672131148,5.481147540983607,
2002-11-03,39.864754098360656,35.631147540983605,6.762295081967213,8.700819672131148,5.481147540983607,
2002-11-04,39.864754098360656,35.631147540983605,6.762295081967213,8.700819672131148,5.481147540983607,
2002-11-05,39.864754098360656,35.631147540983605,6.762295081967213,8.700819672131148,5.481147540983607,
2002-11-06,39.90650406504065,35.609756097560975,6.788617886178862,8.670731707317072,5.469105691056911,
2002-11-07,39.939516129032256,35.596774193548384,6.814516129032258,8.641129032258064,5.45725806451613,
2002-11-08,39.939516129032256,35.596774193548384,6.814516129032258,8.641129032258064,5.45725806451613,
2002-11-09,39.939516129032256,35.596774193548384,6.814516129032258,8.641129032258064,5.45725806451613,
2002-11-10,39.939516129032256,35.596774193548384,6.814516129032258,8.641129032258064,5.45725806451613,
2002-11-11,39.939516129032256,35.596774193548384,6.814516129032258,8.641129032258064,5.45725806451613,
2002-11-12,39.939516129032256,35.596774193548384,6.814516129032258,8.641129032258064,5.45725806451613,
2002-11-13,39.988,35.568,6.84,8.612,5.445600000000001,
2002-11-14,40.035714285714285,35.53968253968254,6.857142857142857,8.583333333333334,5.442063492063492,
2002-11-15,40.07244094488189,35.51784776902887,6.877690288713911,8.559842519685038,5.430708661417323,
2002-11-16,40.07244094488189,35.51784776902887,6.877690288713911,8.559842519685038,5.430708661417323,
2002-11-17,40.07244094488189,35.51784776902887,6.877690288713911,8.559842519685038,5.430708661417323,
2002-11-18,40.07244094488189,35.51784776902887,6.877690288713911,8.559842519685038,5.430708661417323,
2002-11-19,40.07244094488189,35.51784776902887,6.877690288713911,8.559842519685038,5.430708661417323,
2002-11-20,40.07244094488189,35.51784776902887,6.877690288713911,8.559842519685038,5.430708661417323,
2002-11-21,40.134375,35.47083333333333,6.905989583333334,8.53203125,5.41953125,
2002-11-22,40.134375,35.47083333333333,6.905989583333334,8.53203125,5.41953125,
2002-11-23,40.134375,35.47083333333333,6.905989583333334,8.53203125,5.41953125,
2002-11-24,40.134375,35.47083333333333,6.905989583333334,8.53203125,5.41953125,
2002-11-25,40.134375,35.47083333333333,6.905989583333334,8.53203125,5.41953125,
2002-11-26,40.134375,35.47083333333333,6.905989583333334,8.53203125,5.41953125,
2002-11-27,40.21085271317829,35.41291989664082,6.929974160206719,8.504651162790697,5.408527131782946,
2002-11-28,40.286153846153844,35.35589743589743,6.953589743589744,8.477692307692307,5.397692307692308,
2002-11-29,40.34503816793893,35.31501272264631,6.984478371501273,8.451145038167938,5.387022900763359,
2002-11-30,40.34503816793893,35.31501272264631,6.984478371501273,8.451145038167938,5.387022900763359,
2002-12-01,40.34503816793893,35.31501272264631,6.984478371501273,8.451145038167938,5.387022900763359,
2002-12-02,40.34503816793893,35.31501272264631,6.984478371501273,8.451145038167938,5.387022900763359,
2002-12-03,40.34503816793893,35.31501272264631,6.984478371501273,8.451145038167938,5.387022900763359,
2002-12-04,40.418181818181814,35.2520202020202,7.01489898989899,8.417424242424241,5.376515151515152,
2002-12-05,40.48270676691729,35.197493734335836,7.03734335839599,8.39172932330827,5.373684210526316,
2002-12-06,40.538805970149255,35.14378109452736,7.074378109452737,8.36641791044776,5.363432835820896,
2002-12-07,40.538805970149255,35.14378109452736,7.074378109452737,8.36641791044776,5.363432835820896,
2002-12-08,40.538805970149255,35.14378109452736,7.074378109452737,8.36641791044776,5.363432835820896,
2002-12-09,40.538805970149255,35.14378109452736,7.074378109452737,8.36641791044776,5.363432835820896,
2002-12-10,40.538805970149255,35.14378109452736,7.074378109452737,8.36641791044776,5.363432835820896,
2002-12-11,40.59407407407407,35.09827160493827,7.103456790123457,8.334074074074074,5.3533333333333335,
2002-12-12,40.648529411764706,35.04975490196078,7.12843137254902,8.313235294117646,5.347058823529412,
2002-12-13,40.68759124087591,35.02749391727494,7.142092457420925,8.28905109489051,5.337226277372263,
2002-12-14,40.68759124087591,35.02749391727494,7.142092457420925,8.28905109489051,5.337226277372263,
2002-12-15,40.68759124087591,35.02749391727494,7.142092457420925,8.28905109489051,5.337226277372263,
2002-12-16,40.68759124087591,35.02749391727494,7.142092457420925,8.28905109489051,5.337226277372263,
2002-12-17,40.74057971014493,34.991062801932365,7.16280193236715,8.257971014492753,5.327536231884058,
2002-12-18,40.78992805755396,34.92925659472422,7.186810551558753,8.251079136690649,5.325179856115108,
2002-12-19,40.84142857142857,34.886904761904766,7.214047619047619,8.227857142857143,5.315714285714286,
2002-12-20,40.88510638297873,34.85224586288416,7.240898345153664,8.204964539007094,5.306382978723405,
2002-12-21,40.88510638297873,34.85224586288416,7.240898345153664,8.204964539007094,5.306382978723405,
2002-12-22,40.88510638297873,34.85224586288416,7.240898345153664,8.204964539007094,5.306382978723405,
2002-12-23,40.88510638297873,34.85224586288416,7.240898345153664,8.204964539007094,5.306382978723405,
2002-12-24,40.88510638297873,34.85224586288416,7.240898345153664,8.204964539007094,5.306382978723405,
2002-12-25,40.88510638297873,34.85224586288416,7.240898345153664,8.204964539007094,5.306382978723405,
2002-12-26,40.88510638297873,34.85224586288416,7.240898345153664,8.204964539007094,5.306382978723405,
2002-12-27,40.88510638297873,34.85224586288416,7.240898345153664,8.204964539007094,5.306382978723405,
2002-12-28,40.88510638297873,34.85224586288416,7.240898345153664,8.204964539007094,5.306382978723405,
2002-12-29,40.88510638297873,34.85224586288416,7.240898345153664,8.204964539007094,5.306382978723405,
2002-12-30,40.88510638297873,34.85224586288416,7.240898345153664,8.204964539007094,5.306382978723405,
2002-12-31,40.88510638297873,34.85224586288416,7.240898345153664,8.204964539007094,5.306382978723405,
2003-01-01,40.93521126760564,34.818075117370896,7.267370892018779,8.182394366197183,5.290140845070423,
2003-01-02,40.93521126760564,34.818075117370896,7.267370892018779,8.182394366197183,5.290140845070423,
2003-01-03,40.98111888111888,34.78438228438229,7.286480186480187,8.16013986013986,5.2846153846153845,
2003-01-04,40.98111888111888,34.78438228438229,7.286480186480187,8.16013986013986,5.2846153846153845,
2003-01-05,40.98111888111888,34.78438228438229,7.286480186480187,8.16013986013986,5.2846153846153845,
2003-01-06,40.98111888111888,34.78438228438229,7.286480186480187,8.16013986013986,5.2846153846153845,
2003-01-07,41.02291666666667,34.758101851851855,7.312268518518518,8.138194444444444,5.268750000000001,
2003-01-08,41.02291666666667,34.758101851851855,7.312268518518518,8.138194444444444,5.268750000000001,
2003-01-09,41.06413793103449,34.72528735632184,7.33080459770115,8.123448275862069,5.260000000000001,
2003-01-10,41.11164383561644,34.68607305936073,7.362785388127854,8.102054794520548,5.244520547945206,
2003-01-11,41.11164383561644,34.68607305936073,7.362785388127854,8.102054794520548,5.244520547945206,
2003-01-12,41.11164383561644,34.68607305936073,7.362785388127854,8.102054794520548,5.244520547945206,
2003-01-13,41.11164383561644,34.68607305936073,7.362785388127854,8.102054794520548,5.244520547945206,
2003-01-14,41.11164383561644,34.68607305936073,7.362785388127854,8.102054794520548,5.244520547945206,
2003-01-15,41.15170068027211,34.6609977324263,7.380725623582767,8.080952380952382,5.236054421768708,
2003-01-16,41.19797297297298,34.62274774774775,7.398423423423424,8.066891891891892,5.227702702702703,
2003-01-17,41.236912751677856,34.5917225950783,7.422595078299777,8.053020134228188,5.212751677852349,
2003-01-18,41.236912751677856,34.5917225950783,7.422595078299777,8.053020134228188,5.212751677852349,
2003-01-19,41.236912751677856,34.5917225950783,7.422595078299777,8.053020134228188,5.212751677852349,
2003-01-20,41.236912751677856,34.5917225950783,7.422595078299777,8.053020134228188,5.212751677852349,
2003-01-21,41.236912751677856,34.5917225950783,7.422595078299777,8.053020134228188,5.212751677852349,
2003-01-22,41.275333333333336,34.56777777777778,7.446444444444444,8.032666666666668,5.198,
2003-01-23,41.31324503311259,34.54415011037528,7.45673289183223,8.019205298013246,5.190066225165563,
2003-01-24,41.35065789473684,34.51754385964912,7.470175438596492,8.00592105263158,5.178947368421053,
2003-01-25,41.35065789473684,34.51754385964912,7.470175438596492,8.00592105263158,5.178947368421053,
2003-01-26,41.35065789473684,34.51754385964912,7.470175438596492,8.00592105263158,5.178947368421053,
2003-01-27,41.35065789473684,34.51754385964912,7.470175438596492,8.00592105263158,5.178947368421053,
2003-01-28,41.35065789473684,34.51754385964912,7.470175438596492,8.00592105263158,5.178947368421053,
2003-01-29,41.38104575163399,34.495860566448805,7.48115468409586,7.997058823529412,5.172549019607843,
2003-01-30,41.41753246753247,34.46666666666667,7.497510822510822,7.9840909090909085,5.164935064935065,
2003-01-31,41.453548387096774,34.43784946236559,7.513655913978494,7.977741935483871,5.150967741935483,
2003-02-01,41.453548387096774,34.43784946236559,7.513655913978494,7.977741935483871,5.150967741935483,
2003-02-02,41.453548387096774,34.43784946236559,7.513655913978494,7.977741935483871,5.150967741935483,
2003-02-03,41.453548387096774,34.43784946236559,7.513655913978494,7.977741935483871,5.150967741935483,
2003-02-04,41.50192307692308,34.39017094017094,7.536004273504273,7.971474358974358,5.137179487179487,
2003-02-05,41.50192307692308,34.39017094017094,7.536004273504273,7.971474358974358,5.137179487179487,
2003-02-06,41.54331210191083,34.35583864118896,7.551698513800424,7.958917197452229,5.129936305732484,
2003-02-07,41.5873417721519,34.321940928270045,7.567194092827004,7.946518987341772,5.119620253164557,
2003-02-08,41.5873417721519,34.321940928270045,7.567194092827004,7.946518987341772,5.119620253164557,
2003-02-09,41.5873417721519,34.321940928270045,7.567194092827004,7.946518987341772,5.119620253164557,
2003-02-10,41.5873417721519,34.321940928270045,7.567194092827004,7.946518987341772,5.119620253164557,
2003-02-11,41.627672955974845,34.27589098532495,7.595073375262054,7.940566037735849,5.1062893081761,
2003-02-12,41.627672955974845,34.27589098532495,7.595073375262054,7.940566037735849,5.1062893081761,
2003-02-13,41.67375,34.23041666666667,7.616354166666666,7.9346875,5.099375,
2003-02-14,41.7192546583851,34.185507246376815,7.643581780538302,7.922670807453416,5.086335403726708,
2003-02-15,41.7192546583851,34.185507246376815,7.643581780538302,7.922670807453416,5.086335403726708,
2003-02-16,41.7192546583851,34.185507246376815,7.643581780538302,7.922670807453416,5.086335403726708,
2003-02-17,41.7192546583851,34.185507246376815,7.643581780538302,7.922670807453416,5.086335403726708,
2003-02-18,41.7192546583851,34.185507246376815,7.643581780538302,7.922670807453416,5.086335403726708,
2003-02-19,41.7559670781893,34.14650205761317,7.661831275720165,7.91820987654321,5.07798353909465,
2003-02-20,41.79427402862986,34.10879345603272,7.682310838445808,7.912576687116564,5.071370143149284,
2003-02-21,41.83516260162602,34.077642276422765,7.696443089430894,7.900914634146342,5.061788617886179,
2003-02-22,41.83516260162602,34.077642276422765,7.696443089430894,7.900914634146342,5.061788617886179,
2003-02-23,41.83516260162602,34.077642276422765,7.696443089430894,7.900914634146342,5.061788617886179,
2003-02-24,41.83516260162602,34.077642276422765,7.696443089430894,7.900914634146342,5.061788617886179,
2003-02-25,41.83516260162602,34.077642276422765,7.696443089430894,7.900914634146342,5.061788617886179,
2003-02-26,41.86646464646464,34.04686868686869,7.722525252525252,7.88939393939394,5.049292929292929,
2003-02-27,41.86646464646464,34.04686868686869,7.722525252525252,7.88939393939394,5.049292929292929,
2003-02-28,41.90341365461847,34.01044176706827,7.742269076305221,7.881024096385542,5.042971887550201,
2003-03-01,41.90341365461847,34.01044176706827,7.742269076305221,7.881024096385542,5.042971887550201,
2003-03-02,41.90341365461847,34.01044176706827,7.742269076305221,7.881024096385542,5.042971887550201,
2003-03-03,41.90341365461847,34.01044176706827,7.742269076305221,7.881024096385542,5.042971887550201,
2003-03-04,41.93393213572854,33.98642714570858,7.761776447105788,7.869760479041916,5.030738522954092,
2003-03-05,41.93393213572854,33.98642714570858,7.761776447105788,7.869760479041916,5.030738522954092,
2003-03-06,41.9640873015873,33.95079365079365,7.7810515873015875,7.864583333333333,5.0246031746031745,
2003-03-07,42.005719921104536,33.90966469428008,7.806015779092703,7.853550295857988,5.012623274161736,
2003-03-08,42.005719921104536,33.90966469428008,7.806015779092703,7.853550295857988,5.012623274161736,
2003-03-09,42.005719921104536,33.90966469428008,7.806015779092703,7.853550295857988,5.012623274161736,
2003-03-10,42.005719921104536,33.90966469428008,7.806015779092703,7.853550295857988,5.012623274161736,
2003-03-11,42.005719921104536,33.90966469428008,7.806015779092703,7.853550295857988,5.012623274161736,
2003-03-12,42.04098039215686,33.88078431372549,7.824803921568628,7.8426470588235295,5.00078431372549,
2003-03-13,42.06998050682261,33.840545808966866,7.843372319688109,7.837719298245614,4.994931773879142,
2003-03-14,42.107364341085265,33.81531007751938,7.855910852713179,7.824127906976744,4.98624031007752,
2003-03-15,42.107364341085265,33.81531007751938,7.855910852713179,7.824127906976744,4.98624031007752,
2003-03-16,42.107364341085265,33.81531007751938,7.855910852713179,7.824127906976744,4.98624031007752,
2003-03-17,42.107364341085265,33.81531007751938,7.855910852713179,7.824127906976744,4.98624031007752,
2003-03-18,42.107364341085265,33.81531007751938,7.855910852713179,7.824127906976744,4.98624031007752,
2003-03-19,42.13622350674374,33.782466281310214,7.873892100192679,7.822832369942196,4.9770712909441235,
2003-03-20,42.13622350674374,33.782466281310214,7.873892100192679,7.822832369942196,4.9770712909441235,
2003-03-21,42.16704980842912,33.75498084291188,7.888984674329502,7.81235632183908,4.971455938697318,
2003-03-22,42.16704980842912,33.75498084291188,7.888984674329502,7.81235632183908,4.971455938697318,
2003-03-23,42.183238095238096,33.744952380952384,7.906761904761905,7.802,4.960190476190476,
2003-03-24,42.183238095238096,33.744952380952384,7.906761904761905,7.802,4.960190476190476,
2003-03-25,42.183238095238096,33.744952380952384,7.906761904761905,7.802,4.960190476190476,
2003-03-26,42.183238095238096,33.744952380952384,7.906761904761905,7.802,4.960190476190476,
2003-03-27,42.183238095238096,33.744952380952384,7.906761904761905,7.802,4.960190476190476,
2003-03-28,42.20681818181818,33.72935606060606,7.920549242424243,7.789867424242424,4.952840909090909,
2003-03-29,42.20681818181818,33.72935606060606,7.920549242424243,7.789867424242424,4.952840909090909,
2003-03-30,42.20681818181818,33.72935606060606,7.920549242424243,7.789867424242424,4.952840909090909,
2003-03-31,42.20681818181818,33.72935606060606,7.920549242424243,7.789867424242424,4.952840909090909,
2003-04-01,42.21694915254237,33.725235404896424,7.937947269303201,7.779755178907721,4.94180790960452,
2003-04-02,42.21694915254237,33.725235404896424,7.937947269303201,7.779755178907721,4.94180790960452,
2003-04-03,42.21694915254237,33.725235404896424,7.937947269303201,7.779755178907721,4.94180790960452,
2003-04-04,42.23258426966292,33.712734082397006,7.955149812734082,7.769756554307116,4.9337078651685395,
2003-04-05,42.23258426966292,33.712734082397006,7.955149812734082,7.769756554307116,4.9337078651685395,
2003-04-06,42.23258426966292,33.712734082397006,7.955149812734082,7.769756554307116,4.9337078651685395,
2003-04-07,42.23258426966292,33.712734082397006,7.955149812734082,7.769756554307116,4.9337078651685395,
2003-04-08,42.23258426966292,33.712734082397006,7.955149812734082,7.769756554307116,4.9337078651685395,
2003-04-09,42.24245810055866,33.708752327746744,7.972160148975791,7.759869646182495,4.922905027932961,
2003-04-10,42.26333333333333,33.693703703703704,7.988981481481481,7.750092592592592,4.917777777777778,
2003-04-11,42.28121546961326,33.68434622467772,7.997329650092081,7.740423572744015,4.909944751381215,
2003-04-12,42.28121546961326,33.68434622467772,7.997329650092081,7.740423572744015,4.909944751381215,
2003-04-13,42.28121546961326,33.68434622467772,7.997329650092081,7.740423572744015,4.909944751381215,
2003-04-14,42.28121546961326,33.68434622467772,7.997329650092081,7.740423572744015,4.909944751381215,
2003-04-15,42.28121546961326,33.68434622467772,7.997329650092081,7.740423572744015,4.909944751381215,
2003-04-16,42.28956043956044,33.67399267399268,8.012179487179488,7.738553113553114,4.902747252747252,
2003-04-17,42.303005464480876,33.658014571949,8.024408014571948,7.735883424408015,4.897814207650273,
2003-04-18,42.32853260869565,33.638134057971016,8.040579710144927,7.721014492753624,4.8929347826086955,
2003-04-19,42.32853260869565,33.638134057971016,8.040579710144927,7.721014492753624,4.8929347826086955,
2003-04-20,42.32853260869565,33.638134057971016,8.040579710144927,7.721014492753624,4.8929347826086955,
2003-04-21,42.32853260869565,33.638134057971016,8.040579710144927,7.721014492753624,4.8929347826086955,
2003-04-22,42.32853260869565,33.638134057971016,8.040579710144927,7.721014492753624,4.8929347826086955,
2003-04-23,42.34297297297297,33.61846846846847,8.056576576576576,7.717117117117118,4.888108108108108,
2003-04-24,42.36801075268817,33.59901433691756,8.067025089605735,7.713261648745521,4.883333333333333,
2003-04-25,42.38743315508021,33.57976827094474,8.088057040998217,7.704099821746881,4.873262032085561,
2003-04-26,42.38743315508021,33.57976827094474,8.088057040998217,7.704099821746881,4.873262032085561,
2003-04-27,42.38743315508021,33.57976827094474,8.088057040998217,7.704099821746881,4.873262032085561,
2003-04-28,42.38743315508021,33.57976827094474,8.088057040998217,7.704099821746881,4.873262032085561,
2003-04-29,42.406648936170214,33.55540780141844,8.10354609929078,7.695035460992909,4.873936170212766,
2003-04-30,42.406648936170214,33.55540780141844,8.10354609929078,7.695035460992909,4.873936170212766,
2003-05-01,42.42566137566138,33.53130511463845,8.118871252204586,7.691358024691358,4.874603174603174,
2003-05-02,42.44973684210526,33.512719298245614,8.126140350877193,7.685087719298246,4.87,
2003-05-03,42.44973684210526,33.512719298245614,8.126140350877193,7.685087719298246,4.87,
2003-05-04,42.44973684210526,33.512719298245614,8.126140350877193,7.685087719298246,4.87,
2003-05-05,42.44973684210526,33.512719298245614,8.126140350877193,7.685087719298246,4.87,
2003-05-06,42.478795811518324,33.47862129144852,8.146422338568936,7.676265270506109,4.86544502617801,
2003-05-07,42.478795811518324,33.47862129144852,8.146422338568936,7.676265270506109,4.86544502617801,
2003-05-08,42.50234375,33.44487847222222,8.161284722222222,7.672743055555556,4.866145833333333,
2003-05-09,42.52564766839379,33.42184801381693,8.175993091537133,7.6692573402417965,4.861658031088083,
2003-05-10,42.52564766839379,33.42184801381693,8.175993091537133,7.6692573402417965,4.861658031088083,
2003-05-11,42.52564766839379,33.42184801381693,8.175993091537133,7.6692573402417965,4.861658031088083,
2003-05-12,42.52564766839379,33.42184801381693,8.175993091537133,7.6692573402417965,4.861658031088083,
2003-05-13,42.5590206185567,33.383591065292094,8.195704467353952,7.6606529209622,4.85721649484536,
2003-05-14,42.56589743589744,33.36316239316239,8.211623931623931,7.667008547008547,4.8538461538461535,
2003-05-15,42.593622448979595,33.32559523809524,8.230952380952381,7.6585034013605435,4.854591836734694,
2003-05-16,42.61598984771574,33.30363790186125,8.237394247038917,7.655160744500845,4.850253807106599,
2003-05-17,42.61598984771574,33.30363790186125,8.237394247038917,7.655160744500845,4.850253807106599,
2003-05-18,42.61598984771574,33.30363790186125,8.237394247038917,7.655160744500845,4.850253807106599,
2003-05-19,42.61598984771574,33.30363790186125,8.237394247038917,7.655160744500845,4.850253807106599,
2003-05-20,42.64318181818182,33.26675084175084,8.256397306397306,7.651851851851852,4.845959595959596,
2003-05-21,42.64318181818182,33.26675084175084,8.256397306397306,7.651851851851852,4.845959595959596,
2003-05-22,42.67261306532664,33.231490787269685,8.271440536013401,7.646063651591289,4.841708542713568,
2003-05-23,42.694250000000004,33.205333333333336,8.280083333333334,7.647833333333333,4.8375,
2003-05-24,42.694250000000004,33.205333333333336,8.280083333333334,7.647833333333333,4.8375,
2003-05-25,42.694250000000004,33.205333333333336,8.280083333333334,7.647833333333333,4.8375,
2003-05-26,42.694250000000004,33.205333333333336,8.280083333333334,7.647833333333333,4.8375,
2003-05-27,42.725621890547266,33.16451077943615,8.298590381426202,7.644610281923715,4.833333333333333,
2003-05-28,42.725621890547266,33.16451077943615,8.298590381426202,7.644610281923715,4.833333333333333,
2003-05-29,42.74678217821782,33.133993399339936,8.311963696369636,7.646369636963696,4.829207920792079,
2003-05-30,42.7628078817734,33.11855500821018,8.3252052545156,7.6431855500821015,4.825123152709359,
2003-05-31,42.7628078817734,33.11855500821018,8.3252052545156,7.6431855500821015,4.825123152709359,
2003-06-01,42.7628078817734,33.11855500821018,8.3252052545156,7.6431855500821015,4.825123152709359,
2003-06-02,42.7628078817734,33.11855500821018,8.3252052545156,7.6431855500821015,4.825123152709359,
2003-06-03,42.77377450980392,33.10326797385621,8.333415032679738,7.644934640522876,4.821078431372549,
2003-06-04,42.77377450980392,33.10326797385621,8.333415032679738,7.644934640522876,4.821078431372549,
2003-06-05,42.79926829268293,33.07349593495935,8.341544715447155,7.641788617886179,4.817073170731708,
2003-06-06,42.81723300970874,33.05857605177994,8.347168284789644,7.636245954692557,4.813106796116505,
2003-06-07,42.81723300970874,33.05857605177994,8.347168284789644,7.636245954692557,4.813106796116505,
2003-06-08,42.81723300970874,33.05857605177994,8.347168284789644,7.636245954692557,4.813106796116505,
2003-06-09,42.81723300970874,33.05857605177994,8.347168284789644,7.636245954692557,4.813106796116505,
2003-06-10,42.82777777777778,33.043800322061195,8.359983896940419,7.63317230273752,4.809178743961352,
2003-06-11,42.82777777777778,33.043800322061195,8.359983896940419,7.63317230273752,4.809178743961352,
2003-06-12,42.84302884615385,33.02916666666667,8.36786858974359,7.630128205128205,4.805288461538462,
2003-06-13,42.862918660287086,33.00988835725678,8.375677830940988,7.627113237639553,4.801435406698564,
2003-06-14,42.862918660287086,33.00988835725678,8.375677830940988,7.627113237639553,4.801435406698564,
2003-06-15,42.862918660287086,33.00988835725678,8.375677830940988,7.627113237639553,4.801435406698564,
2003-06-16,42.862918660287086,33.00988835725678,8.375677830940988,7.627113237639553,4.801435406698564,
2003-06-17,42.877857142857145,32.995555555555555,8.392936507936508,7.619365079365079,4.792857142857143,
2003-06-18,42.87890995260664,32.98088467614534,8.403870458135861,7.620221169036334,4.789099526066351,
2003-06-19,42.89599056603774,32.963286163522014,8.412578616352201,7.617295597484277,4.783018867924528,
2003-06-20,42.9199530516432,32.94937402190923,8.415336463223788,7.609702660406885,4.779342723004695,
2003-06-21,42.9199530516432,32.94937402190923,8.415336463223788,7.609702660406885,4.779342723004695,
2003-06-22,42.9199530516432,32.94937402190923,8.415336463223788,7.609702660406885,4.779342723004695,
2003-06-23,42.9199530516432,32.94937402190923,8.415336463223788,7.609702660406885,4.779342723004695,
2003-06-24,42.92967289719626,32.94026479750779,8.43208722741433,7.602180685358255,4.771028037383178,
2003-06-25,42.92967289719626,32.94026479750779,8.43208722741433,7.602180685358255,4.771028037383178,
2003-06-26,42.9393023255814,32.921937984496125,8.444031007751938,7.5993798449612395,4.767441860465116,
2003-06-27,42.95810185185186,32.908410493827155,8.44891975308642,7.591975308641975,4.763888888888889,
2003-06-28,42.95810185185186,32.908410493827155,8.44891975308642,7.591975308641975,4.763888888888889,
2003-06-29,42.95810185185186,32.908410493827155,8.44891975308642,7.591975308641975,4.763888888888889,
2003-06-30,42.95810185185186,32.908410493827155,8.44891975308642,7.591975308641975,4.763888888888889,
2003-07-01,42.95810185185186,32.908410493827155,8.44891975308642,7.591975308641975,4.763888888888889,
2003-07-02,42.96751152073733,32.9042242703533,8.456067588325652,7.584639016897081,4.76036866359447,
2003-07-03,42.981422018348624,32.89090214067278,8.463149847094801,7.577370030581039,4.756880733944954,
2003-07-04,42.99977168949772,32.87770167427701,8.470167427701675,7.574733637747336,4.7534246575342465,
2003-07-05,42.99977168949772,32.87770167427701,8.470167427701675,7.574733637747336,4.7534246575342465,
2003-07-06,42.99977168949772,32.87770167427701,8.470167427701675,7.574733637747336,4.7534246575342465,
2003-07-07,42.99977168949772,32.87770167427701,8.470167427701675,7.574733637747336,4.7534246575342465,
2003-07-08,43.004318181818185,32.87371212121212,8.477121212121212,7.572121212121211,4.75,
2003-07-09,43.004318181818185,32.87371212121212,8.477121212121212,7.572121212121211,4.75,
2003-07-10,43.013348416289595,32.86523378582202,8.488536953242836,7.5650075414781295,4.746606334841629,
2003-07-11,43.0268018018018,32.861336336336336,8.490840840840841,7.557957957957957,4.743243243243243,
2003-07-12,43.0268018018018,32.861336336336336,8.490840840840841,7.557957957957957,4.743243243243243,
2003-07-13,43.0268018018018,32.861336336336336,8.490840840840841,7.557957957957957,4.743243243243243,
2003-07-14,43.0268018018018,32.861336336336336,8.490840840840841,7.557957957957957,4.743243243243243,
2003-07-15,43.03565022421525,32.85747384155456,8.502092675635277,7.550971599402092,4.73542600896861,
2003-07-16,43.03565022421525,32.85747384155456,8.502092675635277,7.550971599402092,4.73542600896861,
2003-07-17,43.03995535714286,32.85364583333333,8.508779761904762,7.548511904761904,4.732142857142857,
2003-07-18,43.053111111111114,32.84762962962963,8.510962962962964,7.541629629629629,4.728888888888889,
2003-07-19,43.053111111111114,32.84762962962963,8.510962962962964,7.541629629629629,4.728888888888889,
2003-07-20,43.053111111111114,32.84762962962963,8.510962962962964,7.541629629629629,4.728888888888889,
2003-07-21,43.053111111111114,32.84762962962963,8.510962962962964,7.541629629629629,4.728888888888889,
2003-07-22,43.05730088495576,32.84387905604719,8.517551622418878,7.539233038348082,4.725663716814159,
2003-07-23,43.06343612334802,32.83046989720999,8.526284875183554,7.540822320117474,4.721145374449339,
2003-07-24,43.0719298245614,32.826827485380115,8.532748538011695,7.53406432748538,4.717982456140351,
2003-07-25,43.08034934497817,32.8188500727802,8.5391557496361,7.5317321688500725,4.714847161572052,
2003-07-26,43.08034934497817,32.8188500727802,8.5391557496361,7.5317321688500725,4.714847161572052,
2003-07-27,43.08034934497817,32.8188500727802,8.5391557496361,7.5317321688500725,4.714847161572052,
2003-07-28,43.08034934497817,32.8188500727802,8.5391557496361,7.5317321688500725,4.714847161572052,
2003-07-29,43.08869565217391,32.81094202898551,8.549855072463767,7.529420289855072,4.707391304347826,
2003-07-30,43.08869565217391,32.81094202898551,8.549855072463767,7.529420289855072,4.707391304347826,
2003-07-31,43.096969696969694,32.803102453102454,8.560461760461761,7.527128427128427,4.704329004329004,
2003-08-01,43.109482758620686,32.79533045977011,8.562356321839081,7.520545977011494,4.701293103448276,
2003-08-02,43.109482758620686,32.79533045977011,8.562356321839081,7.520545977011494,4.701293103448276,
2003-08-03,43.109482758620686,32.79533045977011,8.562356321839081,7.520545977011494,4.701293103448276,
2003-08-04,43.109482758620686,32.79533045977011,8.562356321839081,7.520545977011494,4.701293103448276,
2003-08-05,43.121888412017164,32.78762517882689,8.568526466380543,7.514020028612303,4.698283261802575,
2003-08-06,43.121888412017164,32.78762517882689,8.568526466380543,7.514020028612303,4.698283261802575,
2003-08-07,43.12564102564102,32.77998575498575,8.574643874643876,7.511823361823362,4.69957264957265,
2003-08-08,43.13787234042553,32.76815602836879,8.580709219858155,7.509645390070922,4.6965957446808515,
2003-08-09,43.13787234042553,32.76815602836879,8.580709219858155,7.509645390070922,4.6965957446808515,
2003-08-10,43.13787234042553,32.76815602836879,8.580709219858155,7.509645390070922,4.6965957446808515,
2003-08-11,43.13787234042553,32.76815602836879,8.580709219858155,7.509645390070922,4.6965957446808515,
2003-08-12,43.14576271186441,32.75642655367231,8.590960451977402,7.507485875706215,4.69364406779661,
2003-08-13,43.14576271186441,32.75642655367231,8.590960451977402,7.507485875706215,4.69364406779661,
2003-08-14,43.153586497890295,32.75323488045007,8.59690576652602,7.50112517580872,4.69493670886076,
2003-08-15,43.161344537815125,32.74166666666667,8.602801120448179,7.503221288515406,4.68781512605042,
2003-08-16,43.161344537815125,32.74166666666667,8.602801120448179,7.503221288515406,4.68781512605042,
2003-08-17,43.161344537815125,32.74166666666667,8.602801120448179,7.503221288515406,4.68781512605042,
2003-08-18,43.161344537815125,32.74166666666667,8.602801120448179,7.503221288515406,4.68781512605042,
2003-08-19,43.16066945606694,32.73019525801953,8.612831241283125,7.505299860529986,4.684937238493724,
2003-08-20,43.16291666666667,32.72298611111111,8.618194444444445,7.505694444444444,4.683333333333334,
2003-08-21,43.16639004149378,32.71583679114799,8.62392807745505,7.5035961272475795,4.680497925311204,
2003-08-22,43.17603305785124,32.70668044077135,8.629614325068871,7.499449035812671,4.677685950413223,
2003-08-23,43.17603305785124,32.70668044077135,8.629614325068871,7.499449035812671,4.677685950413223,
2003-08-24,43.17603305785124,32.70668044077135,8.629614325068871,7.499449035812671,4.677685950413223,
2003-08-25,43.17603305785124,32.70668044077135,8.629614325068871,7.499449035812671,4.677685950413223,
2003-08-26,43.17942386831276,32.69554183813443,8.639368998628258,7.497393689986282,4.674897119341564,
2003-08-27,43.19098360655738,32.68039617486339,8.649043715846995,7.499453551912568,4.668032786885246,
2003-08-28,43.198367346938774,32.66945578231292,8.658639455782314,7.497414965986394,4.66530612244898,
2003-08-29,43.20975609756098,32.65860433604336,8.66409214092141,7.491327913279132,4.662601626016261,
2003-08-30,43.20975609756098,32.65860433604336,8.66409214092141,7.491327913279132,4.662601626016261,
2003-08-31,43.20975609756098,32.65860433604336,8.66409214092141,7.491327913279132,4.662601626016261,
2003-09-01,43.20975609756098,32.65860433604336,8.66409214092141,7.491327913279132,4.662601626016261,
2003-09-02,43.212955465587044,32.647840755735494,8.673549257759785,7.489338731443994,4.659919028340081,
2003-09-03,43.212955465587044,32.647840755735494,8.673549257759785,7.489338731443994,4.659919028340081,
2003-09-04,43.21612903225807,32.64119623655914,8.682930107526882,7.4833333333333325,4.661290322580645,
2003-09-05,43.22730923694779,32.62657295850067,8.688219544846051,7.477376171352074,4.658634538152611,
2003-09-06,43.22730923694779,32.62657295850067,8.688219544846051,7.477376171352074,4.658634538152611,
2003-09-07,43.22730923694779,32.62657295850067,8.688219544846051,7.477376171352074,4.658634538152611,
2003-09-08,43.22730923694779,32.62657295850067,8.688219544846051,7.477376171352074,4.658634538152611,
2003-09-09,43.2344,32.61606666666667,8.701466666666667,7.475466666666666,4.652,
2003-09-10,43.2344,32.61606666666667,8.701466666666667,7.475466666666666,4.652,
2003-09-11,43.245418326693226,32.601660026560424,8.7066401062417,7.4735723771580345,4.653386454183267,
2003-09-12,43.25436507936508,32.59133597883598,8.70978835978836,7.469708994708994,4.650793650793651,
2003-09-13,43.25436507936508,32.59133597883598,8.70978835978836,7.469708994708994,4.650793650793651,
2003-09-14,43.25436507936508,32.59133597883598,8.70978835978836,7.469708994708994,4.650793650793651,
2003-09-15,43.25436507936508,32.59133597883598,8.70978835978836,7.469708994708994,4.650793650793651,
2003-09-16,43.26521739130435,32.58109354413702,8.718840579710145,7.467852437417655,4.644268774703558,
2003-09-17,43.27145669291339,32.56856955380577,8.725262467191602,7.469750656167979,4.640944881889763,
2003-09-18,43.282156862745104,32.55849673202614,8.730261437908498,7.463986928104575,4.642352941176471,
2003-09-19,43.2927734375,32.544596354166664,8.735221354166667,7.462174479166666,4.63984375,
2003-09-20,43.2927734375,32.544596354166664,8.735221354166667,7.462174479166666,4.63984375,
2003-09-21,43.2927734375,32.544596354166664,8.735221354166667,7.462174479166666,4.63984375,
2003-09-22,43.2927734375,32.544596354166664,8.735221354166667,7.462174479166666,4.63984375,
2003-09-23,43.30719844357977,32.5269130998703,8.744033722438392,7.460376134889754,4.633463035019455,
2003-09-24,43.30719844357977,32.5269130998703,8.744033722438392,7.460376134889754,4.633463035019455,
2003-09-25,43.31763565891473,32.513242894056845,8.752777777777778,7.454715762273902,4.634883720930232,
2003-09-26,43.33571428571429,32.49581724581724,8.761454311454312,7.449099099099099,4.632432432432433,
2003-09-27,43.33571428571429,32.49581724581724,8.761454311454312,7.449099099099099,4.632432432432433,
2003-09-28,43.33571428571429,32.49581724581724,8.761454311454312,7.449099099099099,4.632432432432433,
2003-09-29,43.33571428571429,32.49581724581724,8.761454311454312,7.449099099099099,4.632432432432433,
2003-09-30,43.361346153846156,32.47083333333333,8.773910256410257,7.443525641025641,4.626153846153846,
2003-10-01,43.361346153846156,32.47083333333333,8.773910256410257,7.443525641025641,4.626153846153846,
2003-10-02,43.382950191570885,32.44987228607918,8.786270753512133,7.434163473818646,4.623754789272031,
2003-10-03,43.40820610687023,32.42907124681933,8.79472010178117,7.424872773536896,4.617557251908397,
2003-10-04,43.40820610687023,32.42907124681933,8.79472010178117,7.424872773536896,4.617557251908397,
2003-10-05,43.40820610687023,32.42907124681933,8.79472010178117,7.424872773536896,4.617557251908397,
2003-10-06,43.40820610687023,32.42907124681933,8.79472010178117,7.424872773536896,4.617557251908397,
2003-10-07,43.43326996197719,32.40462610899873,8.803105196451204,7.419455006337135,4.615209125475285,
2003-10-08,43.43326996197719,32.40462610899873,8.803105196451204,7.419455006337135,4.615209125475285,
2003-10-09,43.45814393939394,32.38415404040404,8.811426767676767,7.410290404040404,4.612878787878787,
2003-10-10,43.477169811320756,32.36761006289308,8.817798742138365,7.403081761006289,4.606792452830189,
2003-10-11,43.477169811320756,32.36761006289308,8.817798742138365,7.403081761006289,4.606792452830189,
2003-10-12,43.477169811320756,32.36761006289308,8.817798742138365,7.403081761006289,4.606792452830189,
2003-10-13,43.477169811320756,32.36761006289308,8.817798742138365,7.403081761006289,4.606792452830189,
2003-10-14,43.505451127819555,32.33991228070175,8.826002506265665,7.397807017543859,4.604511278195488,
2003-10-15,43.517790262172284,32.31953807740325,8.834893882646691,7.399313358302122,4.603370786516853,
2003-10-16,43.538246268656714,32.29968905472637,8.84297263681592,7.394092039800995,4.601119402985074,
2003-10-17,43.562267657992564,32.27627013630732,8.850991325898388,7.385192069392812,4.595167286245353,
2003-10-18,43.562267657992564,32.27627013630732,8.850991325898388,7.385192069392812,4.595167286245353,
2003-10-19,43.562267657992564,32.27627013630732,8.850991325898388,7.385192069392812,4.595167286245353,
2003-10-20,43.562267657992564,32.27627013630732,8.850991325898388,7.385192069392812,4.595167286245353,
2003-10-21,43.589814814814815,32.24932098765432,8.85895061728395,7.380061728395061,4.592962962962963,
2003-10-22,43.61346863468635,32.22257072570726,8.870541205412053,7.374969249692496,4.587084870848708,
2003-10-23,43.635110294117645,32.19969362745098,8.880208333333332,7.371752450980392,4.58125,
2003-10-24,43.654761904761905,32.18064713064713,8.886141636141636,7.366727716727716,4.577289377289377,
2003-10-25,43.654761904761905,32.18064713064713,8.886141636141636,7.366727716727716,4.577289377289377,
2003-10-26,43.654761904761905,32.18064713064713,8.886141636141636,7.366727716727716,4.577289377289377,
2003-10-27,43.654761904761905,32.18064713064713,8.886141636141636,7.366727716727716,4.577289377289377,
2003-10-28,43.681569343065696,32.15079075425791,8.893856447688563,7.365389294403893,4.575182481751824,
2003-10-29,43.681569343065696,32.15079075425791,8.893856447688563,7.365389294403893,4.575182481751824,
2003-10-30,43.70454545454545,32.124787878787885,8.90151515151515,7.3640606060606055,4.573090909090909,
2003-10-31,43.73097826086956,32.095350241545894,8.909118357487921,7.359118357487922,4.571014492753623,
2003-11-01,43.73097826086956,32.095350241545894,8.909118357487921,7.359118357487922,4.571014492753623,
2003-11-02,43.73097826086956,32.095350241545894,8.909118357487921,7.359118357487922,4.571014492753623,
2003-11-03,43.73097826086956,32.095350241545894,8.909118357487921,7.359118357487922,4.571014492753623,
2003-11-04,43.73097826086956,32.095350241545894,8.909118357487921,7.359118357487922,4.571014492753623,
2003-11-05,43.7572202166065,32.06251504211793,8.916666666666666,7.354211793020457,4.572563176895306,
2003-11-06,43.77607913669065,32.0371103117506,8.924160671462829,7.352937649880095,4.570503597122302,
2003-11-07,43.801971326164875,32.00830346475508,8.928016726403822,7.3516726403823185,4.568458781362007,
2003-11-08,43.801971326164875,32.00830346475508,8.928016726403822,7.3516726403823185,4.568458781362007,
2003-11-09,43.801971326164875,32.00830346475508,8.928016726403822,7.3516726403823185,4.568458781362007,
2003-11-10,43.801971326164875,32.00830346475508,8.928016726403822,7.3516726403823185,4.568458781362007,
2003-11-11,43.82053571428571,31.983273809523812,8.935416666666667,7.346845238095239,4.569999999999999,
2003-11-12,43.83149466192171,31.962336892052193,8.943119810201662,7.347034400948992,4.570818505338079,
2003-11-13,43.85336879432624,31.934101654846334,8.950413711583925,7.342257683215131,4.572340425531915,
2003-11-14,43.87155477031802,31.916666666666664,8.955889281507657,7.3357479387514735,4.570318021201413,
2003-11-15,43.87155477031802,31.916666666666664,8.955889281507657,7.3357479387514735,4.570318021201413,
2003-11-16,43.87155477031802,31.916666666666664,8.955889281507657,7.3357479387514735,4.570318021201413,
2003-11-17,43.87155477031802,31.916666666666664,8.955889281507657,7.3357479387514735,4.570318021201413,
2003-11-18,43.88609154929577,31.892312206572768,8.963086854460094,7.334565727699531,4.5718309859154935,
2003-11-19,43.88609154929577,31.892312206572768,8.963086854460094,7.334565727699531,4.5718309859154935,
2003-11-20,43.907543859649124,31.864619883040934,8.966725146198831,7.333391812865498,4.573333333333333,
2003-11-21,43.92534965034965,31.844114219114218,8.9738344988345,7.332226107226108,4.5695804195804195,
2003-11-22,43.92534965034965,31.844114219114218,8.9738344988345,7.332226107226108,4.5695804195804195,
2003-11-23,43.92534965034965,31.844114219114218,8.9738344988345,7.332226107226108,4.5695804195804195,
2003-11-24,43.92534965034965,31.844114219114218,8.9738344988345,7.332226107226108,4.5695804195804195,
2003-11-25,43.936062717770035,31.82375145180023,8.98089430894309,7.331068524970965,4.571080139372823,
2003-11-26,43.936062717770035,31.82375145180023,8.98089430894309,7.331068524970965,4.571080139372823,
2003-11-27,43.95017361111111,31.80353009259259,8.984432870370371,7.329918981481482,4.5725694444444445,
2003-11-28,43.9659169550173,31.790369088811993,8.989677047289504,7.325317185697809,4.5688581314878896,
2003-11-29,43.9659169550173,31.790369088811993,8.989677047289504,7.325317185697809,4.5688581314878896,
2003-11-30,43.9659169550173,31.790369088811993,8.989677047289504,7.325317185697809,4.5688581314878896,
2003-12-01,43.9659169550173,31.790369088811993,8.989677047289504,7.325317185697809,4.5688581314878896,
2003-12-02,43.979827586206895,31.770402298850573,8.9966091954023,7.324195402298852,4.566896551724138,
2003-12-03,43.979827586206895,31.770402298850573,8.9966091954023,7.324195402298852,4.566896551724138,
2003-12-04,43.99707903780069,31.750572737686138,9.000057273768615,7.3230813287514325,4.5683848797250866,
2003-12-05,44.021061643835615,31.730878995433788,9.003481735159818,7.318550228310503,4.5630136986301375,
2003-12-06,44.021061643835615,31.730878995433788,9.003481735159818,7.318550228310503,4.5630136986301375,
2003-12-07,44.021061643835615,31.730878995433788,9.003481735159818,7.318550228310503,4.5630136986301375,
2003-12-08,44.021061643835615,31.730878995433788,9.003481735159818,7.318550228310503,4.5630136986301375,
2003-12-09,44.03464163822525,31.7113196814562,9.010295790671218,7.314050056882822,4.5645051194539255,
2003-12-10,44.03464163822525,31.7113196814562,9.010295790671218,7.314050056882822,4.5645051194539255,
2003-12-11,44.05493197278911,31.68849206349206,9.013662131519276,7.312981859410431,4.562585034013606,
2003-12-12,44.071694915254234,31.67090395480226,9.017005649717515,7.3085310734463285,4.560677966101696,
2003-12-13,44.071694915254234,31.67090395480226,9.017005649717515,7.3085310734463285,4.560677966101696,
2003-12-14,44.071694915254234,31.67090395480226,9.017005649717515,7.3085310734463285,4.560677966101696,
2003-12-15,44.071694915254234,31.67090395480226,9.017005649717515,7.3085310734463285,4.560677966101696,
2003-12-16,44.08158783783784,31.655123873873872,9.023704954954956,7.30748873873874,4.562162162162163,
2003-12-17,44.09276094276094,31.634399551066217,9.031705948372615,7.309147025813692,4.562962962962963,
2003-12-18,44.107550335570465,31.61717002237136,9.036633109619686,7.3081096196868005,4.562751677852349,
2003-12-19,44.12391304347826,31.59838350055741,9.043199554069119,7.303734671125976,4.560869565217391,
2003-12-20,44.12391304347826,31.59838350055741,9.043199554069119,7.303734671125976,4.560869565217391,
2003-12-21,44.12391304347826,31.59838350055741,9.043199554069119,7.303734671125976,4.560869565217391,
2003-12-22,44.140166666666666,31.586388888888887,9.046388888888888,7.299388888888888,4.559,
2003-12-23,44.140166666666666,31.586388888888887,9.046388888888888,7.299388888888888,4.559,
2003-12-24,44.160702341137124,31.5649386845039,9.059921962095874,7.297045707915273,4.550836120401338,
2003-12-25,44.18137583892617,31.54334451901566,9.070190156599551,7.294686800894854,4.54261744966443,
2003-12-26,44.205555555555556,31.521604938271604,9.080527497194163,7.295679012345679,4.534343434343435,
2003-12-27,44.205555555555556,31.521604938271604,9.080527497194163,7.295679012345679,4.534343434343435,
2003-12-28,44.205555555555556,31.521604938271604,9.080527497194163,7.295679012345679,4.534343434343435,
2003-12-29,44.205555555555556,31.521604938271604,9.080527497194163,7.295679012345679,4.534343434343435,
2003-12-30,44.205555555555556,31.521604938271604,9.080527497194163,7.295679012345679,4.534343434343435,
2003-12-31,44.24595959595959,31.484567901234566,9.09736251402918,7.285578002244669,4.527609427609428,
2004-01-01,44.27626262626262,31.45089786756453,9.114197530864198,7.278843995510662,4.5175084175084175,
2004-01-02,44.294087837837836,31.42877252252252,9.124718468468467,7.279786036036036,4.509121621621622,
2004-01-03,44.294087837837836,31.42877252252252,9.124718468468467,7.279786036036036,4.509121621621622,
2004-01-04,44.294087837837836,31.42877252252252,9.124718468468467,7.279786036036036,4.509121621621622,
2004-01-05,44.294087837837836,31.42877252252252,9.124718468468467,7.279786036036036,4.509121621621622,
2004-01-06,44.30656565656565,31.417227833894497,9.12766554433221,7.275476992143658,4.507407407407408,
2004-01-07,44.31773648648648,31.401745495495494,9.138231981981981,7.276407657657657,4.502364864864865,
2004-01-08,44.34307432432432,31.36796171171171,9.151745495495495,7.273029279279279,4.495608108108108,
2004-01-09,44.3553872053872,31.34988776655443,9.154601571268238,7.272109988776656,4.497306397306398,
2004-01-10,44.3553872053872,31.34988776655443,9.154601571268238,7.272109988776656,4.497306397306398,
2004-01-11,44.3553872053872,31.34988776655443,9.154601571268238,7.272109988776656,4.497306397306398,
2004-01-12,44.3553872053872,31.34988776655443,9.154601571268238,7.272109988776656,4.497306397306398,
2004-01-13,44.36761744966443,31.33529082774049,9.160794183445189,7.267841163310962,4.498993288590604,
2004-01-14,44.37895622895623,31.3195847362514,9.174803591470258,7.265375982042649,4.493939393939394,
2004-01-15,44.405892255892255,31.28928170594837,9.18827160493827,7.258641975308642,4.487205387205387,
2004-01-16,44.42946127946128,31.252244668911334,9.20679012345679,7.255274971941638,4.482154882154882,
2004-01-17,44.42946127946128,31.252244668911334,9.20679012345679,7.255274971941638,4.482154882154882,
2004-01-18,44.42946127946128,31.252244668911334,9.20679012345679,7.255274971941638,4.482154882154882,
2004-01-19,44.42946127946128,31.252244668911334,9.20679012345679,7.255274971941638,4.482154882154882,
2004-01-20,44.44479865771812,31.234619686800894,9.209451901565995,7.254418344519015,4.480536912751678,
2004-01-21,44.45976430976431,31.221941638608303,9.220258136924803,7.248540965207631,4.475420875420876,
2004-01-22,44.483333333333334,31.186588103254767,9.23709315375982,7.24685746352413,4.467003367003367,
2004-01-23,44.50353535353535,31.14618406285073,9.25729517396184,7.24685746352413,4.463636363636364,
2004-01-24,44.50353535353535,31.14618406285073,9.25729517396184,7.24685746352413,4.463636363636364,
2004-01-25,44.50353535353535,31.14618406285073,9.25729517396184,7.24685746352413,4.463636363636364,
2004-01-26,44.50353535353535,31.14618406285073,9.25729517396184,7.24685746352413,4.463636363636364,
2004-01-27,44.52197986577181,31.122203579418343,9.256431767337807,7.249384787472035,4.465436241610738,
2004-01-28,44.54177852348994,31.08629753914989,9.271868008948546,7.249049217002237,4.462751677852349,
2004-01-29,44.56862416107383,31.049384787472036,9.288646532438479,7.245693512304251,4.459395973154363,
2004-01-30,44.59211409395974,31.00576062639821,9.3087807606264,7.245693512304251,4.456040268456376,
2004-01-31,44.60084175084175,30.99567901234568,9.319921436588103,7.2431537598204265,4.450841750841751,
2004-02-01,44.60084175084175,30.99567901234568,9.319921436588103,7.2431537598204265,4.450841750841751,
2004-02-02,44.60084175084175,30.99567901234568,9.319921436588103,7.2431537598204265,4.450841750841751,
2004-02-03,44.61560402684564,30.972203579418345,9.322203579418344,7.245693512304251,4.45268456375839,
2004-02-04,44.61560402684564,30.972203579418345,9.322203579418344,7.245693512304251,4.45268456375839,
2004-02-05,44.63909395973155,30.93864653243848,9.338982102908279,7.242337807606264,4.449328859060403,
2004-02-06,44.665939597315436,30.895022371364654,9.359116331096198,7.242337807606264,4.445973154362417,
2004-02-07,44.665939597315436,30.895022371364654,9.359116331096198,7.242337807606264,4.445973154362417,
2004-02-08,44.665939597315436,30.895022371364654,9.359116331096198,7.242337807606264,4.445973154362417,
2004-02-09,44.665939597315436,30.895022371364654,9.359116331096198,7.242337807606264,4.445973154362417,
2004-02-10,44.67374581939799,30.878651059085843,9.364604236343368,7.244871794871795,4.444481605351171,
2004-02-11,44.700501672240804,30.84186176142698,9.381326644370123,7.2415273132664435,4.441137123745819,
2004-02-12,44.71291946308725,30.827908277404923,9.392673378076063,7.235626398210291,4.435906040268456,
2004-02-13,44.736409395973155,30.792673378076064,9.41112975391499,7.227237136465324,4.430872483221477,
2004-02-14,44.736409395973155,30.792673378076064,9.41112975391499,7.227237136465324,4.430872483221477,
2004-02-15,44.736409395973155,30.792673378076064,9.41112975391499,7.227237136465324,4.430872483221477,
2004-02-16,44.736409395973155,30.792673378076064,9.41112975391499,7.227237136465324,4.430872483221477,
2004-02-17,44.74397993311037,30.776644370122632,9.41644370122631,7.226477146042363,4.432775919732442,
2004-02-18,44.770066889632105,30.740523968784835,9.431159420289855,7.224470457079153,4.43010033444816,
2004-02-19,44.79515050167224,30.7020624303233,9.449554069119285,7.220289855072465,4.425919732441471,
2004-02-20,44.81521739130435,30.661928651059085,9.469620958751394,7.2269788182831665,4.42257525083612,
2004-02-21,44.81521739130435,30.661928651059085,9.469620958751394,7.2269788182831665,4.42257525083612,
2004-02-22,44.81521739130435,30.661928651059085,9.469620958751394,7.2269788182831665,4.42257525083612,
2004-02-23,44.81521739130435,30.661928651059085,9.469620958751394,7.2269788182831665,4.42257525083612,
2004-02-24,44.835284280936456,30.635172798216274,9.486343366778149,7.223634336677815,4.415886287625418,
2004-02-25,44.835284280936456,30.635172798216274,9.486343366778149,7.223634336677815,4.415886287625418,
2004-02-26,44.86371237458194,30.591694537346708,9.503065774804904,7.216945373467113,4.412541806020067,
2004-02-27,44.87083333333333,30.573055555555552,9.508055555555556,7.222888888888889,4.414499999999999,
2004-02-28,44.87083333333333,30.573055555555552,9.508055555555556,7.222888888888889,4.414499999999999,
2004-02-29,44.87083333333333,30.573055555555552,9.508055555555556,7.222888888888889,4.414499999999999,
2004-03-01,44.87083333333333,30.573055555555552,9.508055555555556,7.222888888888889,4.414499999999999,
2004-03-02,44.89416666666666,30.543055555555554,9.528055555555556,7.219555555555556,4.407833333333333,
2004-03-03,44.89416666666666,30.543055555555554,9.528055555555556,7.219555555555556,4.407833333333333,
2004-03-04,44.9175,30.503055555555555,9.54138888888889,7.219555555555556,4.4045,
2004-03-05,44.94916666666666,30.46972222222222,9.556388888888888,7.211222222222222,4.3995,
2004-03-06,44.94916666666666,30.46972222222222,9.556388888888888,7.211222222222222,4.3995,
2004-03-07,44.94916666666666,30.46972222222222,9.556388888888888,7.211222222222222,4.3995,
2004-03-08,44.94916666666666,30.46972222222222,9.556388888888888,7.211222222222222,4.3995,
2004-03-09,44.975833333333334,30.443055555555553,9.576388888888888,7.201222222222222,4.3895,
2004-03-10,44.975833333333334,30.443055555555553,9.576388888888888,7.201222222222222,4.3895,
2004-03-11,44.98913043478261,30.42447045707915,9.585005574136009,7.198550724637681,4.387458193979933,
2004-03-12,45.02090301003344,30.38768115942029,9.598383500557413,7.190189520624304,4.384113712374582,
2004-03-13,45.02090301003344,30.38768115942029,9.598383500557413,7.190189520624304,4.384113712374582,
2004-03-14,45.02090301003344,30.38768115942029,9.598383500557413,7.190189520624304,4.384113712374582,
2004-03-15,45.03439597315436,30.375559284116328,9.61045861297539,7.184116331096197,4.378691275167785,
2004-03-16,45.067953020134226,30.342002237136462,9.623881431767337,7.174049217002238,4.375335570469798,
2004-03-17,45.09211409395974,30.30106263982103,9.643680089485459,7.17102908277405,4.371308724832215,
2004-03-18,45.10434782608696,30.282497212931997,9.648216276477147,7.168784838350056,4.3734113712374585,
2004-03-19,45.114000000000004,30.273222222222223,9.652722222222222,7.163222222222222,4.372166666666667,
2004-03-20,45.114000000000004,30.273222222222223,9.652722222222222,7.163222222222222,4.372166666666667,
2004-03-21,45.114000000000004,30.273222222222223,9.652722222222222,7.163222222222222,4.372166666666667,
2004-03-22,45.114000000000004,30.273222222222223,9.652722222222222,7.163222222222222,4.372166666666667,
2004-03-23,45.14066666666667,30.246555555555556,9.672722222222221,7.153222222222222,4.3655,
2004-03-24,45.14066666666667,30.246555555555556,9.672722222222221,7.153222222222222,4.3655,
2004-03-25,45.174,30.213222222222225,9.689388888888889,7.143222222222223,4.358833333333334,
2004-03-26,45.204,30.17988888888889,9.702722222222222,7.133222222222222,4.352166666666667,
2004-03-27,45.204,30.17988888888889,9.702722222222222,7.133222222222222,4.352166666666667,
2004-03-28,45.204,30.17988888888889,9.702722222222222,7.133222222222222,4.352166666666667,
2004-03-29,45.204,30.17988888888889,9.702722222222222,7.133222222222222,4.352166666666667,
2004-03-30,45.227333333333334,30.15988888888889,9.716055555555556,7.123222222222222,4.3455,
2004-03-31,45.227333333333334,30.15988888888889,9.716055555555556,7.123222222222222,4.3455,
2004-04-01,45.257333333333335,30.12988888888889,9.729388888888888,7.113222222222222,4.3388333333333335,
2004-04-02,45.28566666666667,30.09988888888889,9.744388888888889,7.1065555555555555,4.333833333333334,
2004-04-03,45.28566666666667,30.09988888888889,9.744388888888889,7.1065555555555555,4.333833333333334,
2004-04-04,45.28566666666667,30.09988888888889,9.744388888888889,7.1065555555555555,4.333833333333334,
2004-04-05,45.28566666666667,30.09988888888889,9.744388888888889,7.1065555555555555,4.333833333333334,
2004-04-06,45.309000000000005,30.073222222222224,9.757722222222222,7.096555555555556,4.333833333333334,
2004-04-07,45.309000000000005,30.073222222222224,9.757722222222222,7.096555555555556,4.333833333333334,
2004-04-08,45.33233333333334,30.046555555555557,9.771055555555556,7.089888888888889,4.330500000000001,
2004-04-09,45.35351170568562,30.026644370122632,9.783667781493868,7.083500557413601,4.324916387959867,
2004-04-10,45.35351170568562,30.026644370122632,9.783667781493868,7.083500557413601,4.324916387959867,
2004-04-11,45.35351170568562,30.026644370122632,9.783667781493868,7.083500557413601,4.324916387959867,
2004-04-12,45.35351170568562,30.026644370122632,9.783667781493868,7.083500557413601,4.324916387959867,
2004-04-13,45.38026755852843,30.006577480490524,9.797045707915274,7.066778149386845,4.3215719063545155,
2004-04-14,45.38026755852843,30.006577480490524,9.797045707915274,7.066778149386845,4.3215719063545155,
2004-04-15,45.40702341137124,29.983166109253066,9.810423634336678,7.053400222965441,4.318227424749164,
2004-04-16,45.427090301003346,29.95641025641026,9.830490523968784,7.046711259754738,4.314882943143813,
2004-04-17,45.427090301003346,29.95641025641026,9.830490523968784,7.046711259754738,4.314882943143813,
2004-04-18,45.44194630872484,29.94955257270694,9.843344519015659,7.033445190156599,4.309228187919463,
2004-04-19,45.44194630872484,29.94955257270694,9.843344519015659,7.033445190156599,4.309228187919463,
2004-04-20,45.44715719063545,29.939687848383503,9.847212931995541,7.029988851727982,4.311538461538462,
2004-04-21,45.452666666666666,29.921555555555557,9.852722222222223,7.034222222222223,4.3148333333333335,
2004-04-22,45.471,29.901555555555557,9.866055555555555,7.022555555555556,4.3148333333333335,
2004-04-23,45.49322222222222,29.880444444444443,9.881611111111111,7.009222222222223,4.310388888888888,
2004-04-24,45.49322222222222,29.880444444444443,9.881611111111111,7.009222222222223,4.310388888888888,
2004-04-25,45.49322222222222,29.880444444444443,9.881611111111111,7.009222222222223,4.310388888888888,
2004-04-26,45.508249721293204,29.87670011148272,9.891248606465997,6.99253065774805,4.3047380156075805,
2004-04-27,45.513222222222225,29.86711111111111,9.898277777777777,6.989222222222223,4.303722222222222,
2004-04-28,45.53500557413601,29.859977703455964,9.911315496098105,6.975808249721294,4.298049052396878,
2004-04-29,45.55022371364653,29.856152125279642,9.921085011185681,6.962304250559285,4.2923378076062635,
2004-04-30,45.55507246376812,29.844927536231882,9.924693422519509,6.960758082497214,4.294704570791527,
2004-05-01,45.55507246376812,29.844927536231882,9.924693422519509,6.960758082497214,4.294704570791527,
2004-05-02,45.55507246376812,29.844927536231882,9.924693422519509,6.960758082497214,4.294704570791527,
2004-05-03,45.55507246376812,29.844927536231882,9.924693422519509,6.960758082497214,4.294704570791527,
2004-05-04,45.57179487179487,29.828205128205127,9.938071348940914,6.947380156075809,4.291360089186176,
2004-05-05,45.59720357941835,29.817561521252795,9.947930648769574,6.930425055928413,4.288982102908277,
2004-05-06,45.61604938271605,29.810213243546578,9.957856341189673,6.913355780022448,4.283221099887766,
2004-05-07,45.61901565995526,29.800782997762862,9.963031319910513,6.911968680089486,4.283948545861297,
2004-05-08,45.61901565995526,29.800782997762862,9.963031319910513,6.911968680089486,4.283948545861297,
2004-05-09,45.61901565995526,29.800782997762862,9.963031319910513,6.911968680089486,4.283948545861297,
2004-05-10,45.61901565995526,29.800782997762862,9.963031319910513,6.911968680089486,4.283948545861297,
2004-05-11,45.620289855072464,29.791415830546264,9.966499442586398,6.912263099219621,4.286343366778149,
2004-05-12,45.64250559284117,29.78400447427293,9.973098434004473,6.9019015659955265,4.283948545861297,
2004-05-13,45.672706935123045,29.76387024608501,9.983165548098434,6.878411633109621,4.283948545861297,
2004-05-14,45.67881828316611,29.754626532887404,9.986566332218505,6.877146042363434,4.282998885172798,
2004-05-15,45.67881828316611,29.754626532887404,9.986566332218505,6.877146042363434,4.282998885172798,
2004-05-16,45.67881828316611,29.754626532887404,9.986566332218505,6.877146042363434,4.282998885172798,
2004-05-17,45.67881828316611,29.754626532887404,9.986566332218505,6.877146042363434,4.282998885172798,
2004-05-18,45.70891861761427,29.727870680044592,10.006633221850613,6.857079152731328,4.279654403567447,
2004-05-19,45.73684503901895,29.700278706800447,10.024860646599777,6.84520624303233,4.274804905239688,
2004-05-20,45.76360089186176,29.67686733556299,10.038238573021182,6.828483835005574,4.274804905239688,
2004-05-21,45.767722222222226,29.66461111111111,10.041444444444444,6.825722222222223,4.277222222222222,
2004-05-22,45.767722222222226,29.66461111111111,10.041444444444444,6.825722222222223,4.277222222222222,
2004-05-23,45.767722222222226,29.66461111111111,10.041444444444444,6.825722222222223,4.277222222222222,
2004-05-24,45.78701226309922,29.646767001114828,10.054960981047937,6.818450390189521,4.271460423634337,
2004-05-25,45.78772222222222,29.63461111111111,10.061444444444446,6.819055555555556,4.273888888888889,
2004-05-26,45.812095875139356,29.621683389074693,10.070011148272018,6.808416945373467,4.268115942028985,
2004-05-27,45.812095875139356,29.621683389074693,10.070011148272018,6.808416945373467,4.268115942028985,
2004-05-28,45.81605555555556,29.61627777777778,10.069777777777778,6.807388888888889,4.268888888888889,
2004-05-29,45.81605555555556,29.61627777777778,10.069777777777778,6.807388888888889,4.268888888888889,
2004-05-30,45.81605555555556,29.61627777777778,10.069777777777778,6.807388888888889,4.268888888888889,
2004-05-31,45.81605555555556,29.61627777777778,10.069777777777778,6.807388888888889,4.268888888888889,
2004-06-01,45.84938888888889,29.586277777777777,10.083111111111112,6.797388888888889,4.262222222222222,
2004-06-02,45.87229654403568,29.568171683389075,10.095094760312152,6.785005574136009,4.258082497212932,
2004-06-03,45.87229654403568,29.568171683389075,10.095094760312152,6.785005574136009,4.258082497212932,
2004-06-04,45.874388888888895,29.557944444444445,10.09811111111111,6.784055555555556,4.260555555555555,
2004-06-05,45.874388888888895,29.557944444444445,10.09811111111111,6.784055555555556,4.260555555555555,
2004-06-06,45.874388888888895,29.557944444444445,10.09811111111111,6.784055555555556,4.260555555555555,
2004-06-07,45.874388888888895,29.557944444444445,10.09811111111111,6.784055555555556,4.260555555555555,
2004-06-08,45.90105555555556,29.531277777777778,10.114777777777778,6.774055555555556,4.2572222222222225,
2004-06-09,45.92748049052397,29.516332218506133,10.125195094760313,6.763266443701227,4.25139353400223,
2004-06-10,45.95072706935123,29.494574944071587,10.135682326621923,6.752404921700224,4.245525727069351,
2004-06-11,45.95423634336678,29.484559643255295,10.136900780379042,6.754905239687848,4.248049052396879,
2004-06-12,45.95423634336678,29.484559643255295,10.136900780379042,6.754905239687848,4.248049052396879,
2004-06-13,45.95423634336678,29.484559643255295,10.136900780379042,6.754905239687848,4.248049052396879,
2004-06-14,45.95423634336678,29.484559643255295,10.136900780379042,6.754905239687848,4.248049052396879,
2004-06-15,45.967614269788186,29.457803790412484,10.156967670011149,6.748216276477146,4.248049052396879,
2004-06-16,45.98901895206243,29.422686733556297,10.173021181716834,6.742865105908584,4.247714604236343,
2004-06-17,45.99238888888889,29.411277777777777,10.175777777777776,6.743722222222222,4.250222222222222,
2004-06-18,45.989091915836106,29.393300110741972,10.181838316722036,6.747895902547065,4.2560354374307865,
2004-06-19,45.989091915836106,29.393300110741972,10.181838316722036,6.747895902547065,4.2560354374307865,
2004-06-20,45.989091915836106,29.393300110741972,10.181838316722036,6.747895902547065,4.2560354374307865,
2004-06-21,46.01238888888889,29.371277777777777,10.195777777777778,6.740388888888888,4.250222222222222,
2004-06-22,46.00902547065338,29.35343300110742,10.205094130675525,6.7445736434108525,4.2560354374307865,
2004-06-23,46.03238888888889,29.334611111111112,10.219111111111111,6.737055555555555,4.250222222222222,
2004-06-24,46.05238888888889,29.297944444444443,10.237444444444444,6.732055555555555,4.248555555555555,
2004-06-25,46.05055370985604,29.28532668881506,10.24330011074197,6.732945736434108,4.252713178294574,
2004-06-26,46.05055370985604,29.28532668881506,10.24330011074197,6.732945736434108,4.252713178294574,
2004-06-27,46.05055370985604,29.28532668881506,10.24330011074197,6.732945736434108,4.252713178294574,
2004-06-28,46.05055370985604,29.28532668881506,10.24330011074197,6.732945736434108,4.252713178294574,
2004-06-29,46.07048726467331,29.24545957918051,10.259911406423033,6.732945736434108,4.252713178294574,
2004-06-30,46.090722222222226,29.226277777777778,10.274111111111111,6.725388888888888,4.248555555555555,
2004-07-01,46.08709856035438,29.212236987818383,10.283167220376521,6.726301218161683,4.25437430786268,
2004-07-02,46.08349889624724,29.191666666666666,10.292163355408388,6.727207505518764,4.263465783664459,
2004-07-03,46.08349889624724,29.191666666666666,10.292163355408388,6.727207505518764,4.263465783664459,
2004-07-04,46.08349889624724,29.191666666666666,10.292163355408388,6.727207505518764,4.263465783664459,
2004-07-05,46.08349889624724,29.191666666666666,10.292163355408388,6.727207505518764,4.263465783664459,
2004-07-06,46.10005518763797,29.148620309050774,10.312030905077261,6.730518763796909,4.266777041942604,
2004-07-07,46.11699889258029,29.129180509413068,10.326356589147286,6.72297895902547,4.264341085271318,
2004-07-08,46.13361018826135,29.092635658914727,10.349612403100775,6.719656699889257,4.264341085271318,
2004-07-09,46.133167770419426,29.079083885209712,10.355077262693156,6.7205849889624725,4.266777041942604,
2004-07-10,46.133167770419426,29.079083885209712,10.355077262693156,6.7205849889624725,4.266777041942604,
2004-07-11,46.133167770419426,29.079083885209712,10.355077262693156,6.7205849889624725,4.266777041942604,
2004-07-12,46.12942794279428,29.059020902090207,10.363806380638064,6.721507150715071,4.275797579757976,
2004-07-13,46.1492299229923,29.016116611661165,10.383608360836083,6.7182068206820675,4.275797579757976,
2004-07-14,46.17290286975717,28.999613686534214,10.394812362030905,6.710651214128035,4.27008830022075,
2004-07-15,46.186147902869756,28.96650110375276,10.411368653421633,6.707339955849889,4.273399558498896,
2004-07-16,46.185533553355334,28.946809680968098,10.41991199119912,6.708305830583058,4.282398239823983,
2004-07-17,46.185533553355334,28.946809680968098,10.41991199119912,6.708305830583058,4.282398239823983,
2004-07-18,46.185533553355334,28.946809680968098,10.41991199119912,6.708305830583058,4.282398239823983,
2004-07-19,46.185533553355334,28.946809680968098,10.41991199119912,6.708305830583058,4.282398239823983,
2004-07-20,46.19213421342134,28.913806380638064,10.443014301430143,6.701705170517052,4.285698569856986,
2004-07-21,46.18558114035088,28.898300438596493,10.448793859649124,6.707620614035087,4.291337719298245,
2004-07-22,46.20038377192982,28.867050438596493,10.465241228070175,6.7043311403508765,4.291337719298245,
2004-07-23,46.194808743169396,28.85601092896175,10.468633879781422,6.705300546448087,4.296939890710382,
2004-07-24,46.194808743169396,28.85601092896175,10.468633879781422,6.705300546448087,4.296939890710382,
2004-07-25,46.194808743169396,28.85601092896175,10.468633879781422,6.705300546448087,4.296939890710382,
2004-07-26,46.194808743169396,28.85601092896175,10.468633879781422,6.705300546448087,4.296939890710382,
2004-07-27,46.198087431693985,28.82650273224044,10.491584699453552,6.698743169398907,4.300218579234972,
2004-07-28,46.21518640350877,28.80948464912281,10.503070175438596,6.691173245614035,4.301206140350877,
2004-07-29,46.22834429824561,28.776589912280702,10.52280701754386,6.684594298245614,4.304495614035088,
2004-07-30,46.22103825136612,28.764207650273224,10.527650273224044,6.685628415300546,4.3133333333333335,
2004-07-31,46.22103825136612,28.764207650273224,10.527650273224044,6.685628415300546,4.3133333333333335,
2004-08-01,46.23821271929825,28.74698464912281,10.542543859649124,6.6780153508771924,4.311074561403508,
2004-08-02,46.23821271929825,28.74698464912281,10.542543859649124,6.6780153508771924,4.311074561403508,
2004-08-03,46.24808114035088,28.714089912280702,10.565570175438596,6.6681469298245615,4.317653508771929,
2004-08-04,46.268701870187016,28.696644664466447,10.577337733773378,6.657150715071507,4.315401540154015,
2004-08-05,46.27860286028603,28.66694169416942,10.593839383938395,6.650550055005501,4.322002200220022,
2004-08-06,46.29180418041804,28.624037403740378,10.613641364136415,6.650550055005501,4.328602860286028,
2004-08-07,46.29180418041804,28.624037403740378,10.613641364136415,6.650550055005501,4.328602860286028,
2004-08-08,46.29180418041804,28.624037403740378,10.613641364136415,6.650550055005501,4.328602860286028,
2004-08-09,46.29180418041804,28.624037403740378,10.613641364136415,6.650550055005501,4.328602860286028,
2004-08-10,46.28097587719298,28.615405701754387,10.621491228070175,6.654989035087719,4.3341008771929825,
2004-08-11,46.30170517051705,28.59763476347635,10.636743674367438,6.647249724972497,4.328602860286028,
2004-08-12,46.31160616061606,28.561331133113313,10.653245324532454,6.645599559955995,4.336853685368537,
2004-08-13,46.30400219298245,28.546326754385966,10.657675438596492,6.6467653508771924,4.348903508771929,
2004-08-14,46.30400219298245,28.546326754385966,10.657675438596492,6.6467653508771924,4.348903508771929,
2004-08-15,46.30400219298245,28.546326754385966,10.657675438596492,6.6467653508771924,4.348903508771929,
2004-08-16,46.30400219298245,28.546326754385966,10.657675438596492,6.6467653508771924,4.348903508771929,
2004-08-17,46.31370614035088,28.502412280701755,10.674616228070176,6.647094298245614,4.356140350877193,
2004-08-18,46.334543454345436,28.474367436743677,10.690044004400441,6.63932893289329,4.357315731573157,
2004-08-19,46.33949394939494,28.424862486248625,10.709845984598461,6.644279427942794,4.368866886688669,
2004-08-20,46.328508771929826,28.41030701754386,10.717379385964913,6.642160087719298,4.380811403508772,
2004-08-21,46.328508771929826,28.41030701754386,10.717379385964913,6.642160087719298,4.380811403508772,
2004-08-22,46.328508771929826,28.41030701754386,10.717379385964913,6.642160087719298,4.380811403508772,
2004-08-23,46.328508771929826,28.41030701754386,10.717379385964913,6.642160087719298,4.380811403508772,
2004-08-24,46.338377192982456,28.367543859649125,10.737116228070176,6.642160087719298,4.390679824561404,
2004-08-25,46.36259625962596,28.33905390539054,10.752750275027504,6.637678767876788,4.388668866886689,
2004-08-26,46.38532008830022,28.307064017660046,10.763520971302428,6.6315121412803535,4.389955849889625,
2004-08-27,46.38074807480748,28.2994499449945,10.761001100110011,6.62942794279428,4.395269526952696,
2004-08-28,46.369627192982456,28.28859649122807,10.765076754385966,6.630646929824562,4.403837719298245,
2004-08-29,46.3972497249725,28.253245324532454,10.775852585258527,6.624477447744774,4.4051705170517055,
2004-08-30,46.425055187637966,28.220971302428257,10.788355408388522,6.619922737306843,4.406512141280353,
2004-08-31,46.438300220750556,28.18123620309051,10.801600441501105,6.616611479028697,4.413134657836644,
2004-09-01,46.466334440753045,28.148615725359914,10.814230343300112,6.612015503875969,4.4145071982281285,
2004-09-02,46.501222222222225,28.11411111111111,10.823611111111111,6.605722222222222,4.413555555555555,
2004-09-03,46.49291251384275,28.107087486157255,10.827519379844961,6.6037098560354375,4.422148394241417,
2004-09-04,46.49291251384275,28.107087486157255,10.827519379844961,6.6037098560354375,4.422148394241417,
2004-09-05,46.49291251384275,28.107087486157255,10.827519379844961,6.6037098560354375,4.422148394241417,
2004-09-06,46.49291251384275,28.107087486157255,10.827519379844961,6.6037098560354375,4.422148394241417,
2004-09-07,46.50287929125138,28.06389811738649,10.847452934662238,6.6037098560354375,4.428792912513843,
2004-09-08,46.50287929125138,28.06389811738649,10.847452934662238,6.6037098560354375,4.428792912513843,
2004-09-09,46.50287929125138,28.06389811738649,10.847452934662238,6.6037098560354375,4.428792912513843,
2004-09-10,46.49459161147903,28.057064017660046,10.854580573951436,6.601710816777042,4.4339955849889625,
2004-09-11,46.49459161147903,28.057064017660046,10.854580573951436,6.601710816777042,4.4339955849889625,
2004-09-12,46.49459161147903,28.057064017660046,10.854580573951436,6.601710816777042,4.4339955849889625,
2004-09-13,46.49459161147903,28.057064017660046,10.854580573951436,6.601710816777042,4.4339955849889625,
2004-09-14,46.476457645764576,28.053575357535756,10.858360836083609,6.606325632563256,4.442464246424643,
2004-09-15,46.494939493949396,28.006380638063803,10.866281628162815,6.60962596259626,4.454015401540154,
2004-09-16,46.494939493949396,28.006380638063803,10.866281628162815,6.60962596259626,4.454015401540154,
2004-09-17,46.48344298245614,27.999780701754382,10.873300438596491,6.6076206140350875,4.4591008771929825,
2004-09-18,46.48344298245614,27.999780701754382,10.873300438596491,6.6076206140350875,4.4591008771929825,
2004-09-19,46.48344298245614,27.999780701754382,10.873300438596491,6.6076206140350875,4.4591008771929825,
2004-09-20,46.50814081408141,27.96347634763476,10.876182618261826,6.606325632563256,4.463916391639164,
2004-09-21,46.490021929824564,27.963596491228067,10.876589912280702,6.610910087719298,4.472258771929824,
2004-09-22,46.511441144114414,27.930473047304726,10.882783278327832,6.60962596259626,4.473817381738174,
2004-09-23,46.52134213421342,27.890869086908687,10.88938393839384,6.60962596259626,4.487018701870187,
2004-09-24,46.511403508771934,27.88629385964912,10.891392543859649,6.609265350877193,4.491995614035088,
2004-09-25,46.511403508771934,27.88629385964912,10.891392543859649,6.609265350877193,4.491995614035088,
2004-09-26,46.511403508771934,27.88629385964912,10.891392543859649,6.609265350877193,4.491995614035088,
2004-09-27,46.511403508771934,27.88629385964912,10.891392543859649,6.609265350877193,4.491995614035088,
2004-09-28,46.50811403508772,27.856688596491225,10.89797149122807,6.615844298245614,4.501864035087719,
2004-09-29,46.52959295929593,27.82321232123212,10.907535753575356,6.614576457645764,4.503520352035204,
2004-09-30,46.554525386313465,27.78951434878587,10.913852097130242,6.613300220750552,4.505187637969095,
2004-10-01,46.53619361936194,27.79350935093509,10.917436743674367,6.614576457645764,4.51012101210121,
2004-10-02,46.53619361936194,27.79350935093509,10.917436743674367,6.614576457645764,4.51012101210121,
2004-10-03,46.53619361936194,27.79350935093509,10.917436743674367,6.614576457645764,4.51012101210121,
2004-10-04,46.53619361936194,27.79350935093509,10.917436743674367,6.614576457645764,4.51012101210121,
2004-10-05,46.51469298245614,27.797478070175437,10.920997807017542,6.619133771929825,4.515021929824561,
2004-10-06,46.53619361936194,27.765456545654562,10.924037403740373,6.621177117711771,4.518371837183718,
2004-10-07,46.55783664459161,27.733222958057393,10.93040838852097,6.6232339955849895,4.52008830022075,
2004-10-08,46.53949394939494,27.737403740374035,10.933938393839384,6.624477447744774,4.524972497249725,
2004-10-09,46.53949394939494,27.737403740374035,10.933938393839384,6.624477447744774,4.524972497249725,
2004-10-10,46.53949394939494,27.737403740374035,10.933938393839384,6.624477447744774,4.524972497249725,
2004-10-11,46.53949394939494,27.737403740374035,10.933938393839384,6.624477447744774,4.524972497249725,
2004-10-12,46.55783664459161,27.706732891832228,10.937030905077261,6.6232339955849895,4.530022075055188,
2004-10-13,46.55286975717439,27.681898454746133,10.941997792494481,6.629856512141281,4.541611479028697,
2004-10-14,46.571317829457364,27.65426356589147,10.945127353266887,6.631949058693245,4.543410852713178,
2004-10-15,46.55286975717439,27.658719646799113,10.948620309050773,6.6315121412803535,4.546578366445916,
2004-10-16,46.55286975717439,27.658719646799113,10.948620309050773,6.6315121412803535,4.546578366445916,
2004-10-17,46.55286975717439,27.658719646799113,10.948620309050773,6.6315121412803535,4.546578366445916,
2004-10-18,46.55286975717439,27.658719646799113,10.948620309050773,6.6315121412803535,4.546578366445916,
2004-10-19,46.53962472406181,27.64547461368653,10.953587196467991,6.638134657836645,4.5548565121412805,
2004-10-20,46.53796909492274,27.618984547461366,10.960540838852097,6.649392935982339,4.562472406181015,
2004-10-21,46.531346578366445,27.599116997792493,10.967163355408388,6.652704194260485,4.57075055187638,
2004-10-22,46.5031903190319,27.610341034103406,10.970572057205722,6.657150715071507,4.572167216721672,
2004-10-23,46.5031903190319,27.610341034103406,10.970572057205722,6.657150715071507,4.572167216721672,
2004-10-24,46.5031903190319,27.610341034103406,10.970572057205722,6.657150715071507,4.572167216721672,
2004-10-25,46.5031903190319,27.610341034103406,10.970572057205722,6.657150715071507,4.572167216721672,
2004-10-26,46.480088008800884,27.610341034103406,10.977172717271728,6.6670517051705165,4.572167216721672,
2004-10-27,46.463586358635865,27.600440044004397,10.983773377337734,6.673652365236523,4.578767876787678,
2004-10-28,46.463586358635865,27.600440044004397,10.983773377337734,6.673652365236523,4.578767876787678,
2004-10-29,46.4390350877193,27.609978070175437,10.98547149122807,6.676370614035087,4.58344298245614,
2004-10-30,46.4390350877193,27.609978070175437,10.98547149122807,6.676370614035087,4.58344298245614,
2004-10-31,46.4390350877193,27.609978070175437,10.98547149122807,6.676370614035087,4.58344298245614,
2004-11-01,46.4390350877193,27.609978070175437,10.98547149122807,6.676370614035087,4.58344298245614,
2004-11-02,46.41271929824561,27.613267543859646,10.98876096491228,6.686239035087719,4.586732456140351,
2004-11-03,46.38969298245614,27.609978070175437,10.998629385964913,6.696107456140351,4.5900219298245615,
2004-11-04,46.395269526952696,27.592959295929592,11.003685368536853,6.69972497249725,4.591969196919692,
2004-11-05,46.37423245614035,27.600877192982455,11.010252192982456,6.704002192982456,4.593311403508771,
2004-11-06,46.37423245614035,27.600877192982455,11.010252192982456,6.704002192982456,4.593311403508771,
2004-11-07,46.37423245614035,27.600877192982455,11.010252192982456,6.704002192982456,4.593311403508771,
2004-11-08,46.37423245614035,27.600877192982455,11.010252192982456,6.704002192982456,4.593311403508771,
2004-11-09,46.35005464480874,27.615300546448086,11.010218579234973,6.708251366120218,4.594644808743169,
2004-11-10,46.320546448087434,27.620218579234972,11.015136612021859,6.7148087431693995,4.601202185792349,
2004-11-11,46.320546448087434,27.620218579234972,11.015136612021859,6.7148087431693995,4.601202185792349,
2004-11-12,46.30152505446623,27.627995642701524,11.016721132897604,6.715740740740741,4.604139433551198,
2004-11-13,46.30152505446623,27.627995642701524,11.016721132897604,6.715740740740741,4.604139433551198,
2004-11-14,46.30152505446623,27.627995642701524,11.016721132897604,6.715740740740741,4.604139433551198,
2004-11-15,46.30152505446623,27.627995642701524,11.016721132897604,6.715740740740741,4.604139433551198,
2004-11-16,46.26884531590414,27.63779956427015,11.019989106753814,6.725544662309369,4.607407407407407,
2004-11-17,46.23289760348584,27.64760348583878,11.023257080610023,6.735348583877997,4.613943355119825,
2004-11-18,46.20332244008714,27.652342047930283,11.024727668845316,6.746459694989108,4.618518518518519,
2004-11-19,46.179858849077085,27.666503800217157,11.027904451682954,6.747285559174811,4.619761129207383,
2004-11-20,46.179858849077085,27.666503800217157,11.027904451682954,6.747285559174811,4.619761129207383,
2004-11-21,46.179858849077085,27.666503800217157,11.027904451682954,6.747285559174811,4.619761129207383,
2004-11-22,46.179858849077085,27.666503800217157,11.027904451682954,6.747285559174811,4.619761129207383,
2004-11-23,46.14077090119435,27.679533116178067,11.027904451682954,6.763572204125951,4.626275787187839,
2004-11-24,46.10494028230184,27.69256243213898,11.034419109663409,6.770086862106407,4.6295331161780675,
2004-11-25,46.09874727668845,27.691557734204792,11.031263616557734,6.77587145969499,4.631590413943355,
2004-11-26,46.07888165038002,27.702334419109665,11.029533116178067,6.778230184581977,4.634419109663409,
2004-11-27,46.07888165038002,27.702334419109665,11.029533116178067,6.778230184581977,4.634419109663409,
2004-11-28,46.07888165038002,27.702334419109665,11.029533116178067,6.778230184581977,4.634419109663409,
2004-11-29,46.07888165038002,27.702334419109665,11.029533116178067,6.778230184581977,4.634419109663409,
2004-11-30,46.04630836047774,27.71210640608035,11.032790445168295,6.791259500542889,4.637676438653637,
2004-12-01,46.01699239956569,27.720249728555917,11.034419109663409,6.799402823018459,4.64256243213898,
2004-12-02,46.01704793028322,27.706263616557735,11.041067538126361,6.805283224400872,4.644662309368192,
2004-12-03,45.99744842562432,27.723507057546147,11.040933767643866,6.805917480998915,4.64256243213898,
2004-12-04,45.99744842562432,27.723507057546147,11.040933767643866,6.805917480998915,4.64256243213898,
2004-12-05,45.99744842562432,27.723507057546147,11.040933767643866,6.805917480998915,4.64256243213898,
2004-12-06,45.990904139433546,27.716067538126364,11.04433551198257,6.8150871459695,4.644662309368192,
2004-12-07,45.959531590413945,27.737636165577342,11.045969498910676,6.817374727668846,4.647930283224401,
2004-12-08,45.93338779956427,27.74417211328976,11.045969498910676,6.823910675381264,4.654466230936819,
2004-12-09,45.929890710382516,27.736775956284156,11.046120218579235,6.829890710382514,4.6566120218579234,
2004-12-10,45.91214596949891,27.74744008714597,11.04433551198257,6.832080610021787,4.659368191721133,
2004-12-11,45.91214596949891,27.74744008714597,11.04433551198257,6.832080610021787,4.659368191721133,
2004-12-12,45.91214596949891,27.74744008714597,11.04433551198257,6.832080610021787,4.659368191721133,
2004-12-13,45.91214596949891,27.74744008714597,11.04433551198257,6.832080610021787,4.659368191721133,
2004-12-14,45.88963083604777,27.76129207383279,11.044191096634092,6.835884907709012,4.660477741585233,
2004-12-15,45.86839826839827,27.77034632034632,11.04388528138528,6.8403138528138525,4.66482683982684,
2004-12-16,45.84940668824164,27.78403451995685,11.043743257820926,6.844066882416397,4.669147788565264,
2004-12-17,45.83053763440861,27.79763440860215,11.043602150537634,6.844569892473118,4.670215053763441,
2004-12-18,45.83053763440861,27.79763440860215,11.043602150537634,6.844569892473118,4.670215053763441,
2004-12-19,45.83053763440861,27.79763440860215,11.043602150537634,6.844569892473118,4.670215053763441,
2004-12-20,45.83053763440861,27.79763440860215,11.043602150537634,6.844569892473118,4.670215053763441,
2004-12-21,45.8047311827957,27.807311827956987,11.04037634408602,6.851021505376344,4.676666666666667,
2004-12-22,45.7860664523044,27.817577706323686,11.040246516613076,6.85150053590568,4.680921757770633,
2004-12-23,45.75551982851018,27.83043944265809,11.046677384780278,6.857931404072883,4.682529474812433,
2004-12-24,45.75551982851018,27.83043944265809,11.046677384780278,6.857931404072883,4.682529474812433,
2004-12-25,45.75551982851018,27.83043944265809,11.046677384780278,6.857931404072883,4.682529474812433,
2004-12-26,45.75551982851018,27.83043944265809,11.046677384780278,6.857931404072883,4.682529474812433,
2004-12-27,45.751505376344085,27.82021505376344,11.046827956989247,6.863924731182795,4.687956989247311,
2004-12-28,45.72658092175777,27.840085744908894,11.043461950696676,6.8675777063236865,4.688960342979636,
2004-12-29,45.722473118279574,27.83311827956989,11.046827956989247,6.870376344086021,4.691182795698925,
2004-12-30,45.7151024811219,27.829341963322545,11.043743257820926,6.8764293419633225,4.696655879180151,
2004-12-31,45.7151024811219,27.829341963322545,11.043743257820926,6.8764293419633225,4.696655879180151,
2005-01-01,45.7151024811219,27.829341963322545,11.043743257820926,6.8764293419633225,4.696655879180151,
2005-01-02,45.7151024811219,27.829341963322545,11.043743257820926,6.8764293419633225,4.696655879180151,
2005-01-03,45.7151024811219,27.829341963322545,11.043743257820926,6.8764293419633225,4.696655879180151,
2005-01-04,45.68597626752967,27.839050701186622,11.043743257820926,6.8861380798274,4.699892125134843,
2005-01-05,45.65037756202805,27.855231930960084,11.046979503775619,6.892610571736785,4.706364617044229,
2005-01-06,45.645995670995674,27.8482683982684,11.047132034632034,6.895508658008658,4.711904761904762,
2005-01-07,45.62125134843581,27.864940668824165,11.050215749730311,6.89908306364617,4.712837108953614,
2005-01-08,45.62125134843581,27.864940668824165,11.050215749730311,6.89908306364617,4.712837108953614,
2005-01-09,45.62125134843581,27.864940668824165,11.050215749730311,6.89908306364617,4.712837108953614,
2005-01-10,45.62125134843581,27.864940668824165,11.050215749730311,6.89908306364617,4.712837108953614,
2005-01-11,45.592125134843585,27.877885652642934,11.046979503775619,6.905555555555555,4.719309600862998,
2005-01-12,45.56299892125135,27.88759439050701,11.053451995685005,6.912028047464941,4.722545846817692,
2005-01-13,45.55833333333334,27.879112554112552,11.05849567099567,6.914989177489177,4.726515151515152,
2005-01-14,45.533872707659114,27.894066882416396,11.058306364617044,6.916882416396979,4.7290183387270766,
2005-01-15,45.533872707659114,27.894066882416396,11.058306364617044,6.916882416396979,4.7290183387270766,
2005-01-16,45.533872707659114,27.894066882416396,11.058306364617044,6.916882416396979,4.7290183387270766,
2005-01-17,45.533872707659114,27.894066882416396,11.058306364617044,6.916882416396979,4.7290183387270766,
2005-01-18,45.53235930735931,27.88333333333333,11.064502164502164,6.917748917748917,4.73073593073593,
2005-01-19,45.50313852813853,27.896320346320344,11.06612554112554,6.924242424242424,4.733982683982684,
2005-01-20,45.47391774891775,27.909307359307356,11.069372294372293,6.924242424242424,4.7404761904761905,
2005-01-21,45.44973031283711,27.92578209277238,11.072384034519956,6.927723840345199,4.738079827400216,
2005-01-22,45.44973031283711,27.92578209277238,11.072384034519956,6.927723840345199,4.738079827400216,
2005-01-23,45.44973031283711,27.92578209277238,11.072384034519956,6.927723840345199,4.738079827400216,
2005-01-24,45.438203463203465,27.928787878787876,11.072619047619046,6.927489177489177,4.743722943722943,
2005-01-25,45.438203463203465,27.928787878787876,11.072619047619046,6.927489177489177,4.743722943722943,
2005-01-26,45.40562770562771,27.94134199134199,11.075974025974027,6.934632034632034,4.747077922077922,
2005-01-27,45.39554831704669,27.93789359391965,11.079478827361564,6.937676438653637,4.751140065146579,
2005-01-28,45.37478354978355,27.952705627705626,11.07922077922078,6.937878787878787,4.751948051948052,
2005-01-29,45.37478354978355,27.952705627705626,11.07922077922078,6.937878787878787,4.751948051948052,
2005-01-30,45.37478354978355,27.952705627705626,11.07922077922078,6.937878787878787,4.751948051948052,
2005-01-31,45.36623235613464,27.955808903365902,11.076221498371336,6.937676438653637,4.757654723127035,
2005-02-01,45.36623235613464,27.955808903365902,11.076221498371336,6.937676438653637,4.757654723127035,
2005-02-02,45.330401737242134,27.9786102062975,11.076221498371336,6.940933767643864,4.759283387622149,
2005-02-03,45.318409586056646,27.9818082788671,11.073202614379085,6.944008714596949,4.765032679738562,
2005-02-04,45.29782844733985,27.99489685124864,11.072964169381107,6.944191096634093,4.7657980456026054,
2005-02-05,45.29782844733985,27.99489685124864,11.072964169381107,6.944191096634093,4.7657980456026054,
2005-02-06,45.29782844733985,27.99489685124864,11.072964169381107,6.944191096634093,4.7657980456026054,
2005-02-07,45.29782844733985,27.99489685124864,11.072964169381107,6.944191096634093,4.7657980456026054,
2005-02-08,45.2900871459695,27.99531590413943,11.074509803921568,6.943355119825708,4.76917211328976,
2005-02-09,45.26230936819172,28.01328976034858,11.072875816993465,6.943355119825708,4.7708061002178646,
2005-02-10,45.251693989071036,28.01005464480874,11.076393442622951,6.946448087431693,4.7749726775956285,
2005-02-11,45.234531590413944,28.019825708061,11.076143790849674,6.946623093681917,4.775708061002178,
2005-02-12,45.234531590413944,28.019825708061,11.076143790849674,6.946623093681917,4.775708061002178,
2005-02-13,45.234531590413944,28.019825708061,11.076143790849674,6.946623093681917,4.775708061002178,
2005-02-14,45.234531590413944,28.019825708061,11.076143790849674,6.946623093681917,4.775708061002178,
2005-02-15,45.21165577342048,28.032897603485836,11.069607843137256,6.953159041394335,4.778976034858387,
2005-02-16,45.1884907709012,28.04728555917481,11.069543973941368,6.956243213897936,4.780836047774158,
2005-02-17,45.17930283224401,28.04744008714597,11.069771241830065,6.957734204793028,4.783387799564269,
2005-02-18,45.16243213897937,28.06031487513572,11.069543973941368,6.957871878393051,4.784093376764386,
2005-02-19,45.16243213897937,28.06031487513572,11.069543973941368,6.957871878393051,4.784093376764386,
2005-02-20,45.16243213897937,28.06031487513572,11.069543973941368,6.957871878393051,4.784093376764386,
2005-02-21,45.13963083604777,28.070086862106404,11.069543973941368,6.961129207383279,4.790608034744842,
2005-02-22,45.13963083604777,28.070086862106404,11.069543973941368,6.961129207383279,4.790608034744842,
2005-02-23,45.11682953311618,28.086373507057544,11.064657980456026,6.9627578718783925,4.792236699239956,
2005-02-24,45.1041394335512,28.08992374727669,11.061601307189543,6.965904139433551,4.79809368191721,
2005-02-25,45.09239956568947,28.10103148751357,11.05814332247557,6.964386536373507,4.798751357220412,
2005-02-26,45.09239956568947,28.10103148751357,11.05814332247557,6.964386536373507,4.798751357220412,
2005-02-27,45.09239956568947,28.10103148751357,11.05814332247557,6.964386536373507,4.798751357220412,
2005-02-28,45.09239956568947,28.10103148751357,11.05814332247557,6.964386536373507,4.798751357220412,
2005-03-01,45.08289760348584,28.09809368191721,11.058333333333334,6.967538126361656,4.804629629629629,
2005-03-02,45.06655773420479,28.114433551198257,11.051797385620915,6.967538126361656,4.806263616557733,
2005-03-03,45.05530054644809,28.109890710382512,11.055245901639344,6.972349726775956,4.810546448087431,
2005-03-04,45.04858387799564,28.11933551198257,11.051797385620915,6.96917211328976,4.811165577342047,
2005-03-05,45.04858387799564,28.11933551198257,11.051797385620915,6.96917211328976,4.811165577342047,
2005-03-06,45.04858387799564,28.11933551198257,11.051797385620915,6.96917211328976,4.811165577342047,
2005-03-07,45.04858387799564,28.11933551198257,11.051797385620915,6.96917211328976,4.811165577342047,
2005-03-08,45.04185792349727,28.119289617486338,11.05207650273224,6.967103825136612,4.815792349726776,
2005-03-09,45.035185185185185,28.13033769063181,11.043736383442265,6.967211328976035,4.8163943355119825,
2005-03-10,45.027103825136614,28.127486338797812,11.04551912568306,6.970382513661202,4.819071038251366,
2005-03-11,45.023747276688454,28.133605664488016,11.04210239651416,6.967211328976035,4.819662309368192,
2005-03-12,45.02382513661202,28.120928961748632,11.042240437158469,6.970382513661202,4.825628415300546,
2005-03-13,45.02382513661202,28.120928961748632,11.042240437158469,6.970382513661202,4.825628415300546,
2005-03-14,45.02382513661202,28.120928961748632,11.042240437158469,6.970382513661202,4.825628415300546,
2005-03-15,45.02382513661202,28.120928961748632,11.042240437158469,6.970382513661202,4.825628415300546,
2005-03-16,45.01721132897603,28.128703703703703,11.036002178649237,6.9713507625272335,4.826307189542484,
2005-03-17,45.00305010893246,28.125435729847496,11.038180827886709,6.978976034858388,4.8273965141612205,
2005-03-18,44.99489685124865,28.133170466883822,11.03317046688382,6.977415852334419,4.827958740499457,
2005-03-19,44.99489685124865,28.133170466883822,11.03317046688382,6.977415852334419,4.827958740499457,
2005-03-20,44.99489685124865,28.133170466883822,11.03317046688382,6.977415852334419,4.827958740499457,
2005-03-21,44.998148148148154,28.117265795206972,11.033278867102394,6.980610021786492,4.833932461873639,
2005-03-22,45.0014115092291,28.12014115092291,11.026655808903365,6.980673181324647,4.8312160694896855,
2005-03-23,44.99816017316017,28.126244588744587,11.020075757575757,6.98073593073593,4.83176406926407,
2005-03-24,44.99815418023887,28.115255157437566,11.020141150922909,6.983930510314875,4.836102062975027,
2005-03-25,44.99815418023887,28.115255157437566,11.020141150922909,6.983930510314875,4.836102062975027,
2005-03-26,44.99815418023887,28.115255157437566,11.020141150922909,6.983930510314875,4.836102062975027,
2005-03-27,44.99815418023887,28.115255157437566,11.020141150922909,6.983930510314875,4.836102062975027,
2005-03-28,44.99815418023887,28.115255157437566,11.020141150922909,6.983930510314875,4.836102062975027,
2005-03-29,45.00466883821933,28.098968512486426,11.010369163952225,6.990445168295331,4.842616720955483,
2005-03-30,45.00466883821933,28.092453854505973,11.003854505971768,6.993702497285559,4.845874049945712,
2005-03-31,45.00305010893246,28.079684095860568,11.008769063180827,6.996949891067538,4.8502723311546845,
2005-04-01,45.003040173724216,28.08268186753529,11.002225841476655,6.996959826275787,4.850760043431054,
2005-04-02,45.003040173724216,28.08268186753529,11.002225841476655,6.996959826275787,4.850760043431054,
2005-04-03,45.003040173724216,28.08268186753529,11.002225841476655,6.996959826275787,4.850760043431054,
2005-04-04,45.003040173724216,28.08268186753529,11.002225841476655,6.996959826275787,4.850760043431054,
2005-04-05,45.00697167755991,28.070533769063182,11.003213507625272,6.995642701525055,4.854847494553377,
2005-04-06,45.01105664488017,28.06154684095861,10.995860566448801,6.998093681917212,4.858115468409586,
2005-04-07,45.004520697167756,28.0582788671024,10.989324618736383,7.004629629629631,4.8613834422657956,
2005-04-08,45.004520697167756,28.0582788671024,10.989324618736383,7.004629629629631,4.8613834422657956,
2005-04-09,45.004520697167756,28.0582788671024,10.989324618736383,7.004629629629631,4.8613834422657956,
2005-04-10,45.004520697167756,28.0582788671024,10.989324618736383,7.004629629629631,4.8613834422657956,
2005-04-11,45.004520697167756,28.0582788671024,10.989324618736383,7.004629629629631,4.8613834422657956,
2005-04-12,45.001252723311545,28.0582788671024,10.986056644880174,7.004629629629631,4.8613834422657956,
2005-04-13,44.997984749455334,28.05174291938998,10.979520697167755,7.004629629629631,4.864651416122005,
2005-04-14,44.99469945355191,28.04535519125683,10.976174863387978,7.00792349726776,4.870765027322405,
2005-04-15,44.989814814814814,28.05174291938998,10.969716775599128,7.006263616557735,4.871187363834423,
2005-04-16,44.989814814814814,28.05174291938998,10.969716775599128,7.006263616557735,4.871187363834423,
2005-04-17,44.989814814814814,28.05174291938998,10.969716775599128,7.006263616557735,4.871187363834423,
2005-04-18,44.98650273224044,28.048633879781423,10.969617486338796,7.009562841530055,4.870765027322405,
2005-04-19,44.9865468409586,28.05174291938998,10.96318082788671,7.009531590413944,4.871187363834423,
2005-04-20,44.9832788671024,28.050980392156863,10.956971677559913,7.011165577342049,4.871296296296297,
2005-04-21,44.97666666666667,28.044590163934426,10.961748633879782,7.012841530054645,4.874153005464481,
2005-04-22,44.973474945533766,28.050980392156863,10.958605664488019,7.009531590413944,4.874564270152506,
2005-04-23,44.973474945533766,28.050980392156863,10.958605664488019,7.009531590413944,4.874564270152506,
2005-04-24,44.973474945533766,28.050980392156863,10.958605664488019,7.009531590413944,4.874564270152506,
2005-04-25,44.963551912568306,28.0544262295082,10.955191256830602,7.012841530054645,4.877431693989071,
2005-04-26,44.96367102396514,28.05751633986928,10.948801742919391,7.0127995642701535,4.881100217864924,
2005-04-27,44.96040305010893,28.06078431372549,10.938997821350762,7.0127995642701535,4.881100217864924,
2005-04-28,44.953715846994534,28.057704918032787,10.938797814207652,7.012841530054645,4.883989071038251,
2005-04-29,44.95223311546841,28.062418300653597,10.93409586056645,7.009531590413944,4.8843681917211335,
2005-04-30,44.95223311546841,28.062418300653597,10.93409586056645,7.009531590413944,4.8843681917211335,
2005-05-01,44.95223311546841,28.062418300653597,10.93409586056645,7.009531590413944,4.8843681917211335,
2005-05-02,44.93896174863388,28.069180327868853,10.930601092896175,7.012841530054645,4.8872677595628415,
2005-05-03,44.94256830601093,28.067868852459014,10.919781420765027,7.009890710382514,4.889890710382514,
2005-05-04,44.93273224043716,28.077704918032783,10.913224043715847,7.013169398907104,4.886612021857924,
2005-05-05,44.92593201754386,28.074671052631576,10.917872807017543,7.013212719298246,4.88952850877193,
2005-05-06,44.92593201754386,28.074671052631576,10.917872807017543,7.013212719298246,4.88952850877193,
2005-05-07,44.92593201754386,28.074671052631576,10.917872807017543,7.013212719298246,4.88952850877193,
2005-05-08,44.92593201754386,28.074671052631576,10.917872807017543,7.013212719298246,4.88952850877193,
2005-05-09,44.915786578657865,28.081518151815178,10.914301430143015,7.013256325632564,4.892464246424643,
2005-05-10,44.915786578657865,28.081518151815178,10.914301430143015,7.013256325632564,4.892464246424643,
2005-05-11,44.90423542354235,28.087293729372934,10.903575357535754,7.018206820682069,4.895764576457646,
2005-05-12,44.89729580573952,28.08758278145695,10.906567328918323,7.014955849889626,4.898730684326711,
2005-05-13,44.89433443344335,28.090594059405937,10.903575357535754,7.018206820682069,4.895764576457646,
2005-05-14,44.89433443344335,28.090594059405937,10.903575357535754,7.018206820682069,4.895764576457646,
2005-05-15,44.89433443344335,28.090594059405937,10.903575357535754,7.018206820682069,4.895764576457646,
2005-05-16,44.88073951434879,28.100827814569534,10.899944812362031,7.018267108167771,4.898730684326711,
2005-05-17,44.88073951434879,28.100827814569534,10.899944812362031,7.018267108167771,4.898730684326711,
2005-05-18,44.87337196467991,28.106291390728472,10.894812362030905,7.0192604856512135,4.900717439293598,
2005-05-19,44.86962901439646,28.099999999999994,10.894462901439645,7.019324473975637,4.903709856035437,
2005-05-20,44.870060706401766,28.102980132450327,10.89150110375276,7.0192604856512135,4.900717439293598,
2005-05-21,44.870060706401766,28.102980132450327,10.89150110375276,7.0192604856512135,4.900717439293598,
2005-05-22,44.8737898789879,28.1059405940594,10.881958195819582,7.022497249724973,4.897744774477448,
2005-05-23,44.8770902090209,28.1059405940594,10.872057205720571,7.019196919691969,4.901045104510451,
2005-05-24,44.87749451754386,28.105592105263153,10.862609649122806,7.025712719298245,4.901370614035088,
2005-05-25,44.867189218921894,28.109240924092404,10.865456545654565,7.025797579757976,4.904345434543455,
2005-05-26,44.8617825607064,28.102980132450327,10.869977924944811,7.027538631346578,4.907339955849889,
2005-05-27,44.86553905390539,28.107590759075904,10.86050605060506,7.024147414741474,4.907645764576458,
2005-05-28,44.86553905390539,28.107590759075904,10.86050605060506,7.024147414741474,4.907645764576458,
2005-05-29,44.86553905390539,28.107590759075904,10.86050605060506,7.024147414741474,4.907645764576458,
2005-05-30,44.86509381898455,28.101324503311254,10.860044150110374,7.024227373068433,4.910651214128035,
2005-05-31,44.8721397139714,28.104290429042898,10.85060506050605,7.02084708470847,4.914246424642465,
2005-06-01,44.882040704070405,28.097689768976892,10.844004400440044,7.02084708470847,4.914246424642465,
2005-06-02,44.88534103410341,28.09438943894389,10.84070407040704,7.02084708470847,4.914246424642465,
2005-06-03,44.88534103410341,28.09438943894389,10.84070407040704,7.02084708470847,4.914246424642465,
2005-06-04,44.895586622807016,28.094078947368416,10.831359649122806,7.017489035087719,4.91781798245614,
2005-06-05,44.895586622807016,28.094078947368416,10.831359649122806,7.017489035087719,4.91781798245614,
2005-06-06,44.89194169416942,28.087788778877883,10.827502750275027,7.02084708470847,4.924147414741474,
2005-06-07,44.89787527593819,28.081788079470194,10.827924944812361,7.01826710816777,4.927207505518764,
2005-06-08,44.906153421633555,28.07764900662251,10.820474613686534,7.014955849889624,4.932174392935982,
2005-06-09,44.89587486157254,28.071262458471757,10.826522702104098,7.0183277962347725,4.935271317829457,
2005-06-10,44.89787527593819,28.074337748344366,10.81881898454746,7.01826710816777,4.935485651214128,
2005-06-11,44.90811331133113,28.070792079207916,10.80951595159516,7.018206820682067,4.938998899889989,
2005-06-12,44.90811331133113,28.070792079207916,10.80951595159516,7.018206820682067,4.938998899889989,
2005-06-13,44.90780905077263,28.061092715231784,10.805573951434878,7.021578366445915,4.945419426048565,
2005-06-14,44.911413641364135,28.060891089108907,10.796314631463146,7.02150715071507,4.955500550055006,
2005-06-15,44.92114961496149,28.054950495049503,10.786743674367436,7.023322332233223,4.958470847084708,
2005-06-16,44.914266004415005,28.048509933774834,10.791004415011036,7.026710816777042,4.9616445916114795,
2005-06-17,44.914266004415005,28.048509933774834,10.791004415011036,7.026710816777042,4.9616445916114795,
2005-06-18,44.91454895489549,28.045049504950494,10.781793179317932,7.0266226622662264,4.974972497249725,
2005-06-19,44.91454895489549,28.045049504950494,10.781793179317932,7.0266226622662264,4.974972497249725,
2005-06-20,44.91454895489549,28.045049504950494,10.781793179317932,7.0266226622662264,4.974972497249725,
2005-06-21,44.914266004415005,28.031953642384106,10.784381898454745,7.030022075055188,4.9782008830022075,
2005-06-22,44.92419977924944,28.01870860927152,10.774448123620308,7.030022075055188,4.994757174392936,
2005-06-23,44.920888520971296,28.01208609271523,10.767825607064017,7.030022075055188,5.001379690949228,
2005-06-24,44.919499449944986,28.008745874587458,10.761991199119912,7.0299229922992295,5.012926292629263,
2005-06-25,44.92305372807017,28.005427631578947,10.752905701754386,7.029824561403508,5.026041666666667,
2005-06-26,44.92305372807017,28.005427631578947,10.752905701754386,7.029824561403508,5.026041666666667,
2005-06-27,44.926100110011,27.992244224422443,10.755390539053906,7.0299229922992295,5.02942794279428,
2005-06-28,44.9329221491228,27.985690789473683,10.743037280701754,7.0265350877192985,5.04906798245614,
2005-06-29,44.932700770077005,27.975742574257424,10.742189218921892,7.0299229922992295,5.052530253025303,
2005-06-30,44.926100110011,27.95924092409241,10.738888888888889,7.033223322332233,5.072332233223323,
2005-07-01,44.926100110011,27.95924092409241,10.738888888888889,7.033223322332233,5.072332233223323,
2005-07-02,44.92305372807017,27.952796052631577,10.733168859649123,7.033114035087719,5.091831140350878,
2005-07-03,44.92305372807017,27.952796052631577,10.733168859649123,7.033114035087719,5.091831140350878,
2005-07-04,44.92279977997799,27.939438943894388,10.732288228822881,7.036523652365236,5.0987348734873486,
2005-07-05,44.91647478070175,27.936348684210525,10.72330043859649,7.036403508771929,5.118146929824562,
2005-07-06,44.92634320175438,27.91661184210526,10.713432017543859,7.033114035087719,5.1378837719298245,
2005-07-07,44.91647478070175,27.901809210526313,10.710142543859648,7.036403508771929,5.160910087719299,
2005-07-08,44.91346994535519,27.898852459016393,10.704535519125683,7.0362841530054645,5.170218579234973,
2005-07-09,44.907216775599125,27.899183006535946,10.695697167755991,7.0361655773420475,5.189270152505447,
2005-07-10,44.907216775599125,27.899183006535946,10.695697167755991,7.0361655773420475,5.189270152505447,
2005-07-11,44.91019125683059,27.885737704918032,10.697978142076503,7.0362841530054645,5.193169398907104,
2005-07-12,44.91170504385965,27.879440789473687,10.698629385964912,7.0334429824561395,5.198081140350877,
2005-07-13,44.91499451754386,27.862993421052632,10.68876096491228,7.03673245614035,5.217817982456141,
2005-07-14,44.90512609649122,27.84983552631579,10.68547149122807,7.040021929824561,5.240844298245614,
2005-07-15,44.89887978142076,27.84704918032787,10.676666666666666,7.0398907103825135,5.263005464480875,
2005-07-16,44.892674291938995,27.844281045751636,10.667919389978213,7.039760348583878,5.285021786492375,
2005-07-17,44.892674291938995,27.844281045751636,10.667919389978213,7.039760348583878,5.285021786492375,
2005-07-18,44.89232240437158,27.833934426229508,10.666830601092895,7.0398907103825135,5.292513661202186,
2005-07-19,44.89332788671024,27.829248366013072,10.658769063180829,7.043028322440087,5.3052832244008705,
2005-07-20,44.89169389978213,27.816176470588236,10.648965141612202,7.043028322440087,5.324891067538126,
2005-07-21,44.8786220043573,27.8031045751634,10.648965141612202,7.046296296296296,5.351034858387799,
2005-07-22,44.87250271444083,27.79885993485342,10.643593919652552,7.04614549402823,5.36943539630836,
2005-07-23,44.87250271444083,27.79885993485342,10.643593919652552,7.04614549402823,5.36943539630836,
2005-07-24,44.87250271444083,27.79885993485342,10.643593919652552,7.04614549402823,5.36943539630836,
2005-07-25,44.86881808278867,27.788398692810457,10.645697167755992,7.049564270152505,5.373910675381263,
2005-07-26,44.86881808278867,27.788398692810457,10.645697167755992,7.049564270152505,5.373910675381263,
2005-07-27,44.86881808278867,27.77532679738562,10.639161220043574,7.049564270152505,5.393518518518518,
2005-07-28,44.855746187363835,27.768790849673202,10.632625272331156,7.049564270152505,5.419662309368191,
2005-07-29,44.846444082519,27.76302931596091,10.627307274701412,7.052660152008686,5.441096634093376,
2005-07-30,44.846444082519,27.76302931596091,10.627307274701412,7.052660152008686,5.441096634093376,
2005-07-31,44.846444082519,27.76302931596091,10.627307274701412,7.052660152008686,5.441096634093376,
2005-08-01,44.84594226579521,27.755718954248366,10.626089324618738,7.052832244008714,5.445806100217864,
2005-08-02,44.84594226579521,27.755718954248366,10.626089324618738,7.052832244008714,5.445806100217864,
2005-08-03,44.84104030501089,27.73611111111111,10.617919389978214,7.057734204793028,5.468681917211328,
2005-08-04,44.83287037037037,27.727941176470587,10.611383442265796,7.052832244008714,5.498093681917211,
2005-08-05,44.82364277958741,27.728827361563518,10.60613463626493,7.055917480998914,5.509500542888165,
2005-08-06,44.82364277958741,27.728827361563518,10.60613463626493,7.055917480998914,5.509500542888165,
2005-08-07,44.82364277958741,27.728827361563518,10.60613463626493,7.055917480998914,5.509500542888165,
2005-08-08,44.82960239651416,27.72140522875817,10.604847494553377,7.052832244008714,5.514433551198256,
2005-08-09,44.82731481481481,27.71486928104575,10.598638344226579,7.050871459694989,5.533061002178649,
2005-08-10,44.8207788671024,27.705065359477125,10.588834422657952,7.050871459694989,5.559204793028322,
2005-08-11,44.80770697167756,27.698529411764707,10.583932461873639,7.052505446623093,5.582080610021786,
2005-08-12,44.798561346362646,27.702768729641694,10.578773072747014,7.055591748099891,5.593213897937025,
2005-08-13,44.79272186147186,27.70698051948052,10.56715367965368,7.055411255411255,5.607521645021644,
2005-08-14,44.79272186147186,27.70698051948052,10.56715367965368,7.055411255411255,5.607521645021644,
2005-08-15,44.795304017372416,27.699511400651467,10.565743756786102,7.055591748099891,5.612757871878393,
2005-08-16,44.782111834961995,27.697719869706845,10.555971769815418,7.054614549402822,5.638002171552659,
2005-08-17,44.77233984799131,27.697719869706845,10.546199782844734,7.054614549402822,5.6542888165038,
2005-08-18,44.759310532030405,27.694462540716614,10.53642779587405,7.05787187839305,5.6770901194353955,
2005-08-19,44.75359848484849,27.6987012987013,10.531439393939394,7.060930735930735,5.684632034632035,
2005-08-20,44.75359848484849,27.6987012987013,10.531439393939394,7.060930735930735,5.684632034632035,
2005-08-21,44.75359848484849,27.6987012987013,10.531439393939394,7.060930735930735,5.684632034632035,
2005-08-22,44.75035173160173,27.69545454545455,10.51845238095238,7.064177489177489,5.700865800865801,
2005-08-23,44.741127292340884,27.699514563106796,10.510463861920172,7.066720604099244,5.715264293419633,
2005-08-24,44.74353354978355,27.6887987012987,10.508874458874459,7.070183982683981,5.71758658008658,
2005-08-25,44.73054653679654,27.69366883116883,10.502380952380951,7.073430735930735,5.735443722943723,
2005-08-26,44.72494606256742,27.70113268608414,10.494282632146708,7.076429341963322,5.74277238403452,
2005-08-27,44.72099462365591,27.70241935483871,10.485268817204302,7.0787634408602145,5.756827956989247,
2005-08-28,44.72099462365591,27.70241935483871,10.485268817204302,7.0787634408602145,5.756827956989247,
2005-08-29,44.714543010752685,27.70241935483871,10.469139784946236,7.081989247311827,5.772956989247311,
2005-08-30,44.70581457663451,27.709807073954984,10.457984994640944,7.081725616291532,5.786548767416934,
2005-08-31,44.70163978494624,27.705645161290324,10.459462365591397,7.081989247311827,5.789086021505376,
2005-09-01,44.6919623655914,27.710483870967742,10.451397849462365,7.081989247311827,5.806827956989247,
2005-09-02,44.684431939978566,27.720418006430872,10.442068595927116,7.083333333333333,5.816613076098607,
2005-09-03,44.67903311965812,27.73092948717949,10.431036324786325,7.0830662393162385,5.82681623931624,
2005-09-04,44.67903311965812,27.73092948717949,10.431036324786325,7.0830662393162385,5.82681623931624,
2005-09-05,44.66621260683761,27.737339743589747,10.42142094017094,7.0830662393162385,5.84284188034188,
2005-09-06,44.66562165058949,27.731993569131838,10.421650589496249,7.080278670953912,5.84941050375134,
2005-09-07,44.65275991425509,27.74163987138264,10.412004287245445,7.081886387995713,5.860664523043945,
2005-09-08,44.638290460878885,27.756109324758846,10.40235798499464,7.081082529474813,5.875937834941051,
2005-09-09,44.627430555555556,27.77403846153846,10.391773504273504,7.080822649572649,5.884188034188035,
2005-09-10,44.61424387646432,27.79552715654952,10.380937167199148,7.080564430244942,5.8909478168264116,
2005-09-11,44.61424387646432,27.79552715654952,10.380937167199148,7.080564430244942,5.8909478168264116,
2005-09-12,44.598269435569755,27.814696485623003,10.369755058572949,7.078966986155485,5.903727369542066,
2005-09-13,44.589516985138,27.831847133757964,10.359341825902336,7.07791932059448,5.91119957537155,
2005-09-14,44.58501064962726,27.828115015974443,10.357294994675186,7.08136315228967,5.914110756123536,
2005-09-15,44.574065170940166,27.827564102564104,10.355235042735043,7.08482905982906,5.920245726495727,
2005-09-16,44.56424387646432,27.842492012779555,10.344515441959532,7.087752928647498,5.928487752928648,
2005-09-17,44.56424387646432,27.842492012779555,10.344515441959532,7.087752928647498,5.928487752928648,
2005-09-18,44.56424387646432,27.842492012779555,10.344515441959532,7.087752928647498,5.928487752928648,
2005-09-19,44.546821581196575,27.84839743589744,10.339209401709402,7.091239316239316,5.937873931623932,
2005-09-20,44.546821581196575,27.84839743589744,10.339209401709402,7.091239316239316,5.937873931623932,
2005-09-21,44.5325026795284,27.851125401929263,10.333869239013934,7.097963558413719,5.944105037513398,
2005-09-22,44.48587888531618,27.87202572347267,10.32422293676313,7.114040728831726,5.965005359056806,
2005-09-23,44.46188568376068,27.894871794871797,10.316773504273504,7.116880341880342,5.971527777777778,
2005-09-24,44.46188568376068,27.894871794871797,10.316773504273504,7.116880341880342,5.971527777777778,
2005-09-25,44.46188568376068,27.894871794871797,10.316773504273504,7.116880341880342,5.971527777777778,
2005-09-26,44.44407824222936,27.900964630225083,10.314576634512326,7.120471596998928,5.977867095391211,
2005-09-27,44.44407824222936,27.900964630225083,10.314576634512326,7.120471596998928,5.977867095391211,
2005-09-28,44.39906216505894,27.92347266881029,10.304930332261522,7.139764201500536,5.990728831725617,
2005-09-29,44.35886923901393,27.9427652733119,10.29689174705252,7.151018220793141,6.010021436227224,
2005-09-30,44.35886923901393,27.9427652733119,10.29689174705252,7.151018220793141,6.010021436227224,
2005-10-01,44.35886923901393,27.9427652733119,10.29689174705252,7.151018220793141,6.010021436227224,
2005-10-02,44.35886923901393,27.9427652733119,10.29689174705252,7.151018220793141,6.010021436227224,
2005-10-03,44.33744623655913,27.95225806451613,10.294623655913979,7.154731182795699,6.016505376344086,
2005-10-04,44.32947680690399,27.95566343042071,10.291693635382957,7.152642934196332,6.022060409924488,
2005-10-05,44.287405609492986,27.978317152103557,10.281984897518878,7.168824163969795,6.035005393743258,
2005-10-06,44.24209816612729,28.004207119741096,10.272276159654801,7.185005393743257,6.051186623516721,
2005-10-07,44.225188172043005,28.02354838709677,10.261720430107529,7.184408602150537,6.0606989247311835,
2005-10-08,44.225188172043005,28.02354838709677,10.261720430107529,7.184408602150537,6.0606989247311835,
2005-10-09,44.225188172043005,28.02354838709677,10.261720430107529,7.184408602150537,6.0606989247311835,
2005-10-10,44.203263214670976,28.03333333333333,10.259331175836031,7.18824163969795,6.067367853290184,
2005-10-11,44.18444264069264,28.043181818181814,10.253679653679654,7.192099567099566,6.07732683982684,
2005-10-12,44.14061147186147,28.06915584415584,10.242316017316018,7.203463203463203,6.09680735930736,
2005-10-13,44.10165043290043,28.091883116883114,10.234199134199136,7.213203463203462,6.1114177489177495,
2005-10-14,44.081903991370005,28.114239482200645,10.223732470334413,7.215749730312837,6.117529665587918,
2005-10-15,44.081903991370005,28.114239482200645,10.223732470334413,7.215749730312837,6.117529665587918,
2005-10-16,44.081903991370005,28.114239482200645,10.223732470334413,7.215749730312837,6.117529665587918,
2005-10-17,44.03983279395901,28.14660194174757,10.214023732470336,7.222222222222221,6.127238403451996,
2005-10-18,44.01067204301075,28.16548387096774,10.210107526881721,7.2279569892473114,6.136505376344086,
2005-10-19,43.964543010752685,28.19322580645161,10.20252688172043,7.236989247311828,6.151182795698925,
2005-10-20,43.91938172043011,28.22548387096774,10.192849462365592,7.246666666666667,6.16731182795699,
2005-10-21,43.91938172043011,28.22548387096774,10.192849462365592,7.246666666666667,6.16731182795699,
2005-10-22,43.91938172043011,28.22548387096774,10.192849462365592,7.246666666666667,6.16731182795699,
2005-10-23,43.91938172043011,28.22548387096774,10.192849462365592,7.246666666666667,6.16731182795699,
2005-10-24,43.91938172043011,28.22548387096774,10.192849462365592,7.246666666666667,6.16731182795699,
2005-10-25,43.89646709816613,28.24239482200647,10.190237324703345,7.250701186623517,6.17108953613808,
2005-10-26,43.852777777777774,28.26828478964401,10.183764832793958,7.258791801510248,6.188888888888889,
2005-10-27,43.80423408845739,28.300647249190938,10.180528586839266,7.265264293419634,6.205070118662352,
2005-10-28,43.78228494623656,28.322258064516127,10.173494623655914,7.270860215053763,6.2108602150537635,
2005-10-29,43.78228494623656,28.322258064516127,10.173494623655914,7.270860215053763,6.2108602150537635,
2005-10-30,43.78228494623656,28.322258064516127,10.173494623655914,7.270860215053763,6.2108602150537635,
2005-10-31,43.765399137001076,28.333009708737862,10.170819848975189,7.274973031283711,6.21477885652643,
2005-11-01,43.723651564185545,28.355339805825245,10.164023732470334,7.283387270765911,6.23160733549083,
2005-11-02,43.675107874865155,28.387702265372173,10.154314994606256,7.299568500539374,6.241316073354908,
2005-11-03,43.63141855447681,28.402265372168287,10.149460625674216,7.315749730312837,6.260733549083064,
2005-11-04,43.63141855447681,28.402265372168287,10.149460625674216,7.315749730312837,6.260733549083064,
2005-11-05,43.63141855447681,28.402265372168287,10.149460625674216,7.315749730312837,6.260733549083064,
2005-11-06,43.63141855447681,28.402265372168287,10.149460625674216,7.315749730312837,6.260733549083064,
2005-11-07,43.61723484848485,28.41331168831169,10.146699134199133,7.316774891774892,6.264826839826839,
2005-11-08,43.58611111111111,28.424919093851138,10.142988133764831,7.3319309600863,6.273678532901834,
2005-11-09,43.565286796536796,28.439285714285717,10.143452380952379,7.333008658008658,6.2778138528138525,
2005-11-10,43.523079004329006,28.46201298701299,10.13371212121212,7.342748917748917,6.298917748917749,
2005-11-11,43.49873247033441,28.476699029126216,10.130043149946061,7.348112189859762,6.307659115426105,
2005-11-12,43.49873247033441,28.476699029126216,10.130043149946061,7.348112189859762,6.307659115426105,
2005-11-13,43.49873247033441,28.476699029126216,10.130043149946061,7.348112189859762,6.307659115426105,
2005-11-14,43.4631337648328,28.499352750809066,10.123570658036677,7.35782092772384,6.317367853290183,
2005-11-15,43.4277688172043,28.510645161290327,10.119946236559139,7.372795698924731,6.329247311827957,
2005-11-16,43.41297195253506,28.51877022653722,10.120334412081984,7.374002157497303,6.333549083063646,
2005-11-17,43.36604638619202,28.538187702265375,10.115480043149946,7.390183387270766,6.351348435814455,
2005-11-18,43.36604638619202,28.538187702265375,10.115480043149946,7.390183387270766,6.351348435814455,
2005-11-19,43.36604638619202,28.538187702265375,10.115480043149946,7.390183387270766,6.351348435814455,
2005-11-20,43.36604638619202,28.538187702265375,10.115480043149946,7.390183387270766,6.351348435814455,
2005-11-21,43.35100108225108,28.546428571428574,10.112608225108223,7.391450216450216,6.358982683982684,
2005-11-22,43.31426645091694,28.55760517799353,10.112243797195251,7.403128371089536,6.370765911542611,
2005-11-23,43.26685544768069,28.57961165048544,10.105771305285867,7.417206040992448,6.385167206040992,
2005-11-24,43.21507551240561,28.60550161812298,10.102535059331174,7.430151024811218,6.404584681769148,
2005-11-25,43.19502688172043,28.622903225806454,10.098978494623655,7.43521505376344,6.409731182795699,
2005-11-26,43.19502688172043,28.622903225806454,10.098978494623655,7.43521505376344,6.409731182795699,
2005-11-27,43.19502688172043,28.622903225806454,10.098978494623655,7.43521505376344,6.409731182795699,
2005-11-28,43.17947680690399,28.631391585760518,10.09606256742179,7.4398597626752965,6.414293419633226,
2005-11-29,43.14986559139785,28.64225806451613,10.09252688172043,7.448118279569892,6.429086021505376,
2005-11-30,43.101478494623656,28.66161290322581,10.089301075268816,7.464247311827957,6.445215053763441,
2005-12-01,43.05954301075269,28.685806451612905,10.086075268817202,7.477150537634408,6.458118279569892,
2005-12-02,43.05954301075269,28.685806451612905,10.086075268817202,7.477150537634408,6.458118279569892,
2005-12-03,43.05954301075269,28.685806451612905,10.086075268817202,7.477150537634408,6.458118279569892,
2005-12-04,43.05954301075269,28.685806451612905,10.086075268817202,7.477150537634408,6.458118279569892,
2005-12-05,43.0467907227616,28.691262135922333,10.08311758360302,7.478694714131607,6.462837108953614,
2005-12-06,43.03265692640693,28.701623376623377,10.07884199134199,7.477651515151516,6.468235930735931,
2005-12-07,42.985579004329004,28.722727272727273,10.073971861471861,7.490638528138528,6.4828463203463205,
2005-12-08,42.943371212121214,28.7487012987013,10.067478354978356,7.503625541125541,6.495833333333334,
2005-12-09,42.924137001078755,28.76569579288026,10.060787486515641,7.510086299892126,6.502319309600863,
2005-12-10,42.924137001078755,28.76569579288026,10.060787486515641,7.510086299892126,6.502319309600863,
2005-12-11,42.90441017316017,28.76818181818182,10.060984848484848,7.514989177489178,6.510443722943723,
2005-12-12,42.90441017316017,28.76818181818182,10.060984848484848,7.514989177489178,6.510443722943723,
2005-12-13,42.90441017316017,28.76818181818182,10.060984848484848,7.514989177489178,6.510443722943723,
2005-12-14,42.88206580366775,28.77540453074434,10.054314994606257,7.529503775620281,6.518500539374326,
2005-12-15,42.85663978494624,28.789032258064516,10.050913978494624,7.5374731182795704,6.526505376344086,
2005-12-16,42.85663978494624,28.789032258064516,10.050913978494624,7.5374731182795704,6.526505376344086,
2005-12-17,42.85663978494624,28.789032258064516,10.050913978494624,7.5374731182795704,6.526505376344086,
2005-12-18,42.85663978494624,28.789032258064516,10.050913978494624,7.5374731182795704,6.526505376344086,
2005-12-19,42.85663978494624,28.789032258064516,10.050913978494624,7.5374731182795704,6.526505376344086,
2005-12-20,42.836758360302056,28.794822006472494,10.047842502696872,7.5424487594390515,6.534681769147789,
2005-12-21,42.798247033441214,28.808414239482204,10.042664509169363,7.5557173678532905,6.552049622437972,
2005-12-22,42.798247033441214,28.808414239482204,10.042664509169363,7.5557173678532905,6.552049622437972,
2005-12-23,42.798247033441214,28.808414239482204,10.042664509169363,7.5557173678532905,6.552049622437972,
2005-12-24,42.798247033441214,28.808414239482204,10.042664509169363,7.5557173678532905,6.552049622437972,
2005-12-25,42.798247033441214,28.808414239482204,10.042664509169363,7.5557173678532905,6.552049622437972,
2005-12-26,42.78135822510823,28.811038961038964,10.04280303030303,7.560768398268398,6.5603354978354975,
2005-12-27,42.78135822510823,28.811038961038964,10.04280303030303,7.560768398268398,6.5603354978354975,
2005-12-28,42.7488906926407,28.82727272727273,10.036309523809525,7.573755411255411,6.570075757575757,
2005-12-29,42.731786102062976,28.83648208469056,10.03642779587405,7.575624321389793,6.575190010857763,
2005-12-30,42.731786102062976,28.83648208469056,10.03642779587405,7.575624321389793,6.575190010857763,
2005-12-31,42.731786102062976,28.83648208469056,10.03642779587405,7.575624321389793,6.575190010857763,
2006-01-01,42.731786102062976,28.83648208469056,10.03642779587405,7.575624321389793,6.575190010857763,
2006-01-02,42.71456971677561,28.84248366013072,10.033278867102396,7.580773420479303,6.580337690631808,
2006-01-03,42.71456971677561,28.84248366013072,10.033278867102396,7.580773420479303,6.580337690631808,
2006-01-04,42.6786220043573,28.85882352941177,10.030010893246187,7.59057734204793,6.590141612200435,
2006-01-05,42.64921023965142,28.871895424836605,10.025108932461874,7.6003812636165575,6.604847494553376,
2006-01-06,42.64921023965142,28.871895424836605,10.025108932461874,7.6003812636165575,6.604847494553376,
2006-01-07,42.64921023965142,28.871895424836605,10.025108932461874,7.6003812636165575,6.604847494553376,
2006-01-08,42.64921023965142,28.871895424836605,10.025108932461874,7.6003812636165575,6.604847494553376,
2006-01-09,42.61653050108933,28.88823529411765,10.021840958605665,7.606917211328976,6.617919389978213,
2006-01-10,42.61653050108933,28.88823529411765,10.021840958605665,7.606917211328976,6.617919389978213,
2006-01-11,42.58058278867103,28.906209150326802,10.012037037037038,7.618355119825708,6.629357298474945,
2006-01-12,42.55443899782136,28.929084967320264,10.00223311546841,7.618355119825708,6.6424291938997815,
2006-01-13,42.54286102062976,28.942345276872967,9.9957111834962,7.6228555917481,6.646851248642779,
2006-01-14,42.54286102062976,28.942345276872967,9.9957111834962,7.6228555917481,6.646851248642779,
2006-01-15,42.54286102062976,28.942345276872967,9.9957111834962,7.6228555917481,6.646851248642779,
2006-01-16,42.51849128540305,28.95849673202615,9.998965141612201,7.621623093681917,6.652233115468409,
2006-01-17,42.489406318082786,28.970588235294116,9.993736383442265,7.628485838779956,6.667919389978213,
2006-01-18,42.45345860566449,28.99019607843137,9.980664488017428,7.644825708061002,6.67772331154684,
2006-01-19,42.4240468409586,29.013071895424837,9.97412854030501,7.644825708061002,6.690795206971677,
2006-01-20,42.4240468409586,29.013071895424837,9.97412854030501,7.644825708061002,6.690795206971677,
2006-01-21,42.4240468409586,29.013071895424837,9.97412854030501,7.644825708061002,6.690795206971677,
2006-01-22,42.4240468409586,29.013071895424837,9.97412854030501,7.644825708061002,6.690795206971677,
2006-01-23,42.388099128540304,29.035947712418302,9.967592592592592,7.654629629629629,6.703867102396514,
2006-01-24,42.373805646036914,29.039087947882734,9.96444082519001,7.659011943539631,6.7113463626492935,
2006-01-25,42.342535287730726,29.055048859934853,9.955320304017372,7.668458197611292,6.722258414766557,
2006-01-26,42.313219326818675,29.084364820846904,9.945548317046688,7.665200868621064,6.735287730727469,
2006-01-27,42.30895562770563,29.097077922077922,9.935984848484848,7.6662878787878785,6.739393939393938,
2006-01-28,42.30895562770563,29.097077922077922,9.935984848484848,7.6662878787878785,6.739393939393938,
2006-01-29,42.30895562770563,29.097077922077922,9.935984848484848,7.6662878787878785,6.739393939393938,
2006-01-30,42.29367535287731,29.1071661237785,9.932519001085776,7.665200868621064,6.748317046688381,
2006-01-31,42.26110206297503,29.12671009771987,9.922747014115092,7.6717155266015205,6.764603691639522,
2006-02-01,42.25700757575758,29.132792207792207,9.91650432900433,7.672781385281385,6.768614718614718,
2006-02-02,42.23103354978355,29.15064935064935,9.905140692640693,7.677651515151515,6.783225108225108,
2006-02-03,42.23103354978355,29.15064935064935,9.905140692640693,7.677651515151515,6.783225108225108,
2006-02-04,42.23103354978355,29.15064935064935,9.905140692640693,7.677651515151515,6.783225108225108,
2006-02-05,42.23103354978355,29.15064935064935,9.905140692640693,7.677651515151515,6.783225108225108,
2006-02-06,42.21549945711183,29.16091205211726,9.90157437567861,7.67985884907709,6.789033659066232,
2006-02-07,42.190092290988055,29.183061889250816,9.893756786102063,7.6818132464712265,6.801411509229099,
2006-02-08,42.16891965255157,29.20097719869707,9.882356134636266,7.685884907709012,6.81199782844734,
2006-02-09,42.149375678610205,29.22052117263844,9.872584147665583,7.682627578718784,6.8217698154180235,
2006-02-10,42.149375678610205,29.22052117263844,9.872584147665583,7.682627578718784,6.8217698154180235,
2006-02-11,42.149375678610205,29.22052117263844,9.872584147665583,7.682627578718784,6.8217698154180235,
2006-02-12,42.149375678610205,29.22052117263844,9.872584147665583,7.682627578718784,6.8217698154180235,
2006-02-13,42.12657437567861,29.240065146579806,9.862812160694897,7.685884907709012,6.831541802388708,
2006-02-14,42.11642316017316,29.245779220779223,9.860010822510823,7.6901515151515145,6.838582251082251,
2006-02-15,42.09044913419913,29.26201298701299,9.853517316017317,7.696645021645021,6.848322510822511,
2006-02-16,42.074215367965365,29.278246753246755,9.843777056277057,7.696645021645021,6.85806277056277,
2006-02-17,42.070738942826324,29.28705501618123,9.837810140237325,7.697626752966559,6.858522114347357,
2006-02-18,42.070738942826324,29.28705501618123,9.837810140237325,7.697626752966559,6.858522114347357,
2006-02-19,42.070738942826324,29.28705501618123,9.837810140237325,7.697626752966559,6.858522114347357,
2006-02-20,42.05473484848485,29.297727272727276,9.830790043290044,7.696645021645021,6.867803030303031,
2006-02-21,42.05473484848485,29.297727272727276,9.830790043290044,7.696645021645021,6.867803030303031,
2006-02-22,42.02259199134199,29.317045454545458,9.822510822510823,7.702813852813853,6.881439393939394,
2006-02-23,41.99174783549784,29.330032467532472,9.81439393939394,7.714177489177489,6.896049783549785,
2006-02-24,41.98853829557713,29.335436893203887,9.810140237324704,7.716720604099245,6.898004314994607,
2006-02-25,41.98853829557713,29.335436893203887,9.810140237324704,7.716720604099245,6.898004314994607,
2006-02-26,41.98853829557713,29.335436893203887,9.810140237324704,7.716720604099245,6.898004314994607,
2006-02-27,41.96577380952381,29.349512987012993,9.803030303030303,7.722294372294372,6.9074134199134205,
2006-02-28,41.9594120819849,29.348381877022657,9.800431499460625,7.726429341963323,6.91418554476807,
2006-03-01,41.94986559139785,29.34403225806452,9.797849462365592,7.733763440860215,6.9209139784946245,
2006-03-02,41.92244623655914,29.363387096774197,9.794623655913979,7.741827956989248,6.927365591397851,
2006-03-03,41.92244623655914,29.363387096774197,9.794623655913979,7.741827956989248,6.927365591397851,
2006-03-04,41.92244623655914,29.363387096774197,9.794623655913979,7.741827956989248,6.927365591397851,
2006-03-05,41.92244623655914,29.363387096774197,9.794623655913979,7.741827956989248,6.927365591397851,
2006-03-06,41.89954153182309,29.377508090614892,9.787486515641856,7.7474649406688245,6.933603020496225,
2006-03-07,41.869768069039914,29.39757281553398,9.778101402373247,7.7503775620280475,6.947195253505933,
2006-03-08,41.84468716289105,29.40485436893204,9.771628910463862,7.761704422869472,6.956903991370011,
2006-03-09,41.8220334412082,29.40970873786408,9.765156418554477,7.773031283710896,6.969848975188781,
2006-03-10,41.81938172043011,29.418064516129032,9.756236559139785,7.773763440860216,6.973172043010753,
2006-03-11,41.81938172043011,29.418064516129032,9.756236559139785,7.773763440860216,6.973172043010753,
2006-03-12,41.81938172043011,29.418064516129032,9.756236559139785,7.773763440860216,6.973172043010753,
2006-03-13,41.79937971952535,29.429126213592234,9.748975188781014,7.779503775620281,6.979557713052859,
2006-03-14,41.79034946236559,29.430967741935486,9.746559139784946,7.783440860215054,6.9860752688172045,
2006-03-15,41.758575268817204,29.445967741935483,9.735430107526883,7.7995698924731185,6.999623655913978,
2006-03-16,41.7327688172043,29.458870967741934,9.728978494623657,7.809247311827957,7.009301075268817,
2006-03-17,41.72719721329046,29.457395498392284,9.726634512325832,7.816291532690247,7.012486602357985,
2006-03-18,41.72719721329046,29.457395498392284,9.726634512325832,7.816291532690247,7.012486602357985,
2006-03-19,41.72719721329046,29.457395498392284,9.726634512325832,7.816291532690247,7.012486602357985,
2006-03-20,41.71018817204301,29.46532258064516,9.72252688172043,7.822150537634409,7.0189784946236555,
2006-03-21,41.71018817204301,29.46532258064516,9.72252688172043,7.822150537634409,7.0189784946236555,
2006-03-22,41.68115591397849,29.471774193548388,9.716075268817205,7.838279569892474,7.031881720430107,
2006-03-23,41.66232470334412,29.47653721682848,9.71353829557713,7.844228694714132,7.040075512405609,
2006-03-24,41.66018817204301,29.481451612903225,9.711236559139786,7.844731182795699,7.0431720430107525,
2006-03-25,41.66018817204301,29.481451612903225,9.711236559139786,7.844731182795699,7.0431720430107525,
2006-03-26,41.66018817204301,29.481451612903225,9.711236559139786,7.844731182795699,7.0431720430107525,
2006-03-27,41.642907227615964,29.48948220064725,9.707065803667746,7.8507011866235175,7.049784250269687,
2006-03-28,41.631155913978496,29.491129032258065,9.70478494623656,7.854408602150538,7.056075268817204,
2006-03-29,41.60534946236559,29.49435483870968,9.698333333333334,7.86731182795699,7.068978494623655,
2006-03-30,41.60534946236559,29.49435483870968,9.698333333333334,7.86731182795699,7.068978494623655,
2006-03-31,41.60340300107181,29.4991961414791,9.692872454448018,7.870953912111469,7.071972132904609,
2006-04-01,41.60340300107181,29.4991961414791,9.692872454448018,7.870953912111469,7.071972132904609,
2006-04-02,41.60340300107181,29.4991961414791,9.692872454448018,7.870953912111469,7.071972132904609,
2006-04-03,41.585994623655914,29.504032258064516,9.688655913978495,7.876989247311828,7.078655913978494,
2006-04-04,41.574464094319396,29.505627009646304,9.686441586280816,7.880600214362272,7.084833869239014,
2006-04-05,41.54874062165059,29.505627009646304,9.683226152197214,7.893461950696678,7.097695605573419,
2006-04-06,41.52944801714898,29.515273311897108,9.676795284030012,7.903108252947481,7.107341907824223,
2006-04-07,41.52775106837607,29.52323717948718,9.671420940170941,7.900213675213676,7.110202991452991,
2006-04-08,41.52775106837607,29.52323717948718,9.671420940170941,7.900213675213676,7.110202991452991,
2006-04-09,41.52775106837607,29.52323717948718,9.671420940170941,7.900213675213676,7.110202991452991,
2006-04-10,41.51015541264737,29.531350482315112,9.667148981779208,7.906323687031083,7.116988210075027,
2006-04-11,41.48411039657021,29.542604501607716,9.662325830653806,7.911789924973204,7.128885316184352,
2006-04-12,41.4559753483387,29.555787781350485,9.654769560557341,7.920793140407287,7.142229367631297,
2006-04-13,41.43453912111468,29.56650589496249,9.64941050375134,7.930439442658091,7.152947481243301,
2006-04-14,41.43453912111468,29.56650589496249,9.64941050375134,7.930439442658091,7.152947481243301,
2006-04-15,41.43453912111468,29.56650589496249,9.64941050375134,7.930439442658091,7.152947481243301,
2006-04-16,41.43453912111468,29.56650589496249,9.64941050375134,7.930439442658091,7.152947481243301,
2006-04-17,41.416586021505374,29.574784946236562,9.641827956989248,7.936666666666666,7.163118279569892,
2006-04-18,41.416586021505374,29.574784946236562,9.641827956989248,7.936666666666666,7.163118279569892,
2006-04-19,41.40560021436227,29.577759914255093,9.639764201500537,7.941693461950695,7.169024651661307,
2006-04-20,41.387553763440856,29.587688172043013,9.635376344086021,7.946344086021504,7.176021505376344,
2006-04-21,41.37666130760986,29.5970525187567,9.634941050375135,7.948124330117898,7.178670953912111,
2006-04-22,41.37666130760986,29.5970525187567,9.634941050375135,7.948124330117898,7.178670953912111,
2006-04-23,41.37666130760986,29.5970525187567,9.634941050375135,7.948124330117898,7.178670953912111,
2006-04-24,41.361747311827955,29.605430107526885,9.630537634408602,7.951182795698924,7.185698924731183,
2006-04-25,41.34772240085745,29.609914255091105,9.62851018220793,7.957770632368702,7.191532690246516,
2006-04-26,41.33378739316239,29.607959401709405,9.626495726495726,7.967521367521367,7.19732905982906,
2006-04-27,41.317175777063234,29.61634512325831,9.620471596998929,7.972240085744907,7.206002143622722,
2006-04-28,41.3113514957265,29.62238247863248,9.616880341880343,7.973931623931623,7.208547008547009,
2006-04-29,41.3113514957265,29.62238247863248,9.616880341880343,7.973931623931623,7.208547008547009,
2006-04-30,41.3113514957265,29.62238247863248,9.616880341880343,7.973931623931623,7.208547008547009,
2006-05-01,41.296275455519826,29.630814576634517,9.612433011789925,7.977063236870309,7.215648445873526,
2006-05-02,41.296275455519826,29.630814576634517,9.612433011789925,7.977063236870309,7.215648445873526,
2006-05-03,41.26412111468382,29.64367631296892,9.609217577706323,7.988317256162914,7.2252947481243295,
2006-05-04,41.244005376344084,29.652204301075272,9.6047311827957,7.993118279569892,7.2356989247311825,
2006-05-05,41.2367899249732,29.656538049303325,9.606002143622723,7.996355841371917,7.238156484458735,
2006-05-06,41.2367899249732,29.656538049303325,9.606002143622723,7.996355841371917,7.238156484458735,
2006-05-07,41.2367899249732,29.656538049303325,9.606002143622723,7.996355841371917,7.238156484458735,
2006-05-08,41.21819892473118,29.668333333333337,9.598279569892473,8.00279569892473,7.245376344086021,
2006-05-09,41.184811827956985,29.685268817204303,9.590376344086021,8.011021505376343,7.2629569892473125,
2006-05-10,41.15900537634408,29.694946236559144,9.583924731182796,8.020698924731182,7.272634408602151,
2006-05-11,41.14010248112189,29.706903991370012,9.579341963322545,8.027238403451996,7.279989212513485,
2006-05-12,41.129973118279565,29.711075268817208,9.577473118279569,8.03037634408602,7.285537634408603,
2006-05-13,41.129973118279565,29.711075268817208,9.577473118279569,8.03037634408602,7.285537634408603,
2006-05-14,41.129973118279565,29.711075268817208,9.577473118279569,8.03037634408602,7.285537634408603,
2006-05-15,41.114212513484354,29.723085221143478,9.569633225458468,8.03371089536138,7.292934196332255,
2006-05-16,41.114212513484354,29.723085221143478,9.569633225458468,8.03371089536138,7.292934196332255,
2006-05-17,41.10336021505376,29.7202688172043,9.56537634408602,8.04263440860215,7.301505376344086,
2006-05-18,41.071102150537634,29.726720430107527,9.56537634408602,8.053924731182796,7.316021505376344,
2006-05-19,41.070873526259376,29.73403001071811,9.560342979635584,8.056966773847803,7.315005359056806,
2006-05-20,41.070873526259376,29.73403001071811,9.560342979635584,8.056966773847803,7.315005359056806,
2006-05-21,41.070873526259376,29.73403001071811,9.560342979635584,8.056966773847803,7.315005359056806,
2006-05-22,41.04852150537634,29.74284946236559,9.558924731182795,8.060376344086022,7.325698924731183,
2006-05-23,41.03550375133976,29.740460878885315,9.557127545551982,8.071436227224009,7.332690246516613,
2006-05-24,41.03550375133976,29.740460878885315,9.557127545551982,8.071436227224009,7.332690246516613,
2006-05-25,41.01787634408602,29.750913978494623,9.552473118279568,8.076505376344086,7.3402150537634405,
2006-05-26,41.01787634408602,29.750913978494623,9.552473118279568,8.076505376344086,7.3402150537634405,
2006-05-27,41.01787634408602,29.750913978494623,9.552473118279568,8.076505376344086,7.3402150537634405,
2006-05-28,41.01787634408602,29.750913978494623,9.552473118279568,8.076505376344086,7.3402150537634405,
2006-05-29,41.00175296655879,29.75658036677454,9.547788565264293,8.079989212513485,7.347788565264294,
2006-05-30,40.982392473118274,29.757365591397846,9.549247311827957,8.09263440860215,7.3563440860215055,
2006-05-31,40.95994105037513,29.75171489817792,9.547481243301178,8.108413719185423,7.364844587352626,
2006-06-01,40.92778670953912,29.762968917470523,9.545873526259378,8.116452304394427,7.377706323687031,
2006-06-02,40.92778670953912,29.762968917470523,9.545873526259378,8.116452304394427,7.377706323687031,
2006-06-03,40.92778670953912,29.762968917470523,9.545873526259378,8.116452304394427,7.377706323687031,
2006-06-04,40.92778670953912,29.762968917470523,9.545873526259378,8.116452304394427,7.377706323687031,
2006-06-05,40.91465053763441,29.771881720430105,9.537956989247311,8.120053763440861,7.385376344086022,
2006-06-06,40.8985167206041,29.78732470334412,9.533872707659116,8.12076591154261,7.391801510248112,
2006-06-07,40.85806364617044,29.79541531823085,9.527400215749731,8.138565264293419,7.407982740021575,
2006-06-08,40.8446158008658,29.8142316017316,9.519372294372294,8.139015151515151,7.412554112554113,
2006-06-09,40.832173678532904,29.814832793959006,9.520927723840344,8.145037756202804,7.417691477885652,
2006-06-10,40.832173678532904,29.814832793959006,9.520927723840344,8.145037756202804,7.417691477885652,
2006-06-11,40.832173678532904,29.814832793959006,9.520927723840344,8.145037756202804,7.417691477885652,
2006-06-12,40.81864177489177,29.83371212121212,9.509632034632034,8.145508658008659,7.422294372294372,
2006-06-13,40.79981121898597,29.827777777777776,9.507982740021575,8.157982740021575,7.430636461704423,
2006-06-14,40.76421251348436,29.843959007551238,9.499892125134844,8.169309600862999,7.445199568500539,
2006-06-15,40.74883658008658,29.858062770562768,9.491774891774892,8.173106060606061,7.451515151515151,
2006-06-16,40.73994066882416,29.861758360302048,9.48856526429342,8.17740021574973,7.456526429341963,
2006-06-17,40.73994066882416,29.861758360302048,9.48856526429342,8.17740021574973,7.456526429341963,
2006-06-18,40.73994066882416,29.861758360302048,9.48856526429342,8.17740021574973,7.456526429341963,
2006-06-19,40.72610930735931,29.88079004329004,9.480411255411255,8.17797619047619,7.4612554112554115,
2006-06-20,40.70757820927724,29.884412081984895,9.478856526429341,8.187108953613809,7.469471413160734,
2006-06-21,40.676618122977345,29.900053937432578,9.468284789644013,8.201672060409924,7.481661272923409,
2006-06-22,40.66258116883117,29.92245670995671,9.456818181818182,8.205573593073593,7.483225108225109,
2006-06-23,40.66258116883117,29.92245670995671,9.456818181818182,8.205573593073593,7.483225108225109,
2006-06-24,40.66258116883117,29.92245670995671,9.456818181818182,8.205573593073593,7.483225108225109,
2006-06-25,40.66258116883117,29.92245670995671,9.456818181818182,8.205573593073593,7.483225108225109,
2006-06-26,40.64845276872964,29.941748099891424,9.448534201954399,8.202985884907708,7.488056460369164,
2006-06-27,40.62686688311688,29.945183982683982,9.450324675324676,8.212067099567099,7.496212121212122,
2006-06-28,40.58790584415584,29.964664502164503,9.437337662337663,8.228300865800865,7.509199134199135,
2006-06-29,40.570276872964165,29.980836047774158,9.42899022801303,8.23230184581976,7.517372421281217,
2006-06-30,40.570276872964165,29.980836047774158,9.42899022801303,8.23230184581976,7.517372421281217,
2006-07-01,40.570276872964165,29.980836047774158,9.42899022801303,8.23230184581976,7.517372421281217,
2006-07-02,40.555800653594765,30.003649237472768,9.41732026143791,8.236328976034859,7.519063180827887,
2006-07-03,40.537950819672126,30.026612021857925,9.408852459016394,8.237103825136613,7.524043715846995,
2006-07-04,40.516584967320256,30.02979302832244,9.407516339869282,8.249400871459695,7.5321350762527235,
2006-07-05,40.477369281045746,30.039596949891067,9.400980392156864,8.26574074074074,7.54520697167756,
2006-07-06,40.44142156862745,30.05920479302832,9.391176470588237,8.282080610021787,7.5550108932461875,
2006-07-07,40.44142156862745,30.05920479302832,9.391176470588237,8.282080610021787,7.5550108932461875,
2006-07-08,40.44142156862745,30.05920479302832,9.391176470588237,8.282080610021787,7.5550108932461875,
2006-07-09,40.44142156862745,30.05920479302832,9.391176470588237,8.282080610021787,7.5550108932461875,
2006-07-10,40.429754098360654,30.075792349726775,9.379344262295083,8.286284153005465,7.560109289617487,
2006-07-11,40.41735197368421,30.095120614035086,9.370065789473685,8.285581140350876,7.5652412280701755,
2006-07-12,40.37952302631579,30.106633771929822,9.363486842105264,8.303673245614036,7.580043859649123,
2006-07-13,40.34827302631579,30.11485745614035,9.361842105263158,8.320120614035087,7.589912280701755,
2006-07-14,40.33729508196721,30.117759562841528,9.357377049180329,8.328907103825136,7.587978142076503,
2006-07-15,40.33729508196721,30.117759562841528,9.357377049180329,8.328907103825136,7.587978142076503,
2006-07-16,40.33729508196721,30.117759562841528,9.357377049180329,8.328907103825136,7.587978142076503,
2006-07-17,40.32853618421053,30.1313048245614,9.345394736842104,8.33327850877193,7.593201754385966,
2006-07-18,40.32853618421053,30.1313048245614,9.345394736842104,8.33327850877193,7.593201754385966,
2006-07-19,40.29300986842105,30.146874999999998,9.334649122807017,8.353125,7.605482456140351,
2006-07-20,40.26340460526316,30.163322368421053,9.321491228070174,8.369572368421052,7.612061403508772,
2006-07-21,40.24614754098361,30.159508196721312,9.323715846994535,8.384754098360656,7.616612021857923,
2006-07-22,40.24614754098361,30.159508196721312,9.323715846994535,8.384754098360656,7.616612021857923,
2006-07-23,40.24614754098361,30.159508196721312,9.323715846994535,8.384754098360656,7.616612021857923,
2006-07-24,40.233799342105264,30.176480263157895,9.311622807017542,8.389309210526315,7.621929824561403,
2006-07-25,40.233799342105264,30.176480263157895,9.311622807017542,8.389309210526315,7.621929824561403,
2006-07-26,40.20090460526316,30.192927631578947,9.303399122807017,8.405756578947368,7.631798245614035,
2006-07-27,40.18836633663366,30.216666666666665,9.29119911991199,8.407095709570957,7.633883388338834,
2006-07-28,40.18836633663366,30.216666666666665,9.29119911991199,8.407095709570957,7.633883388338834,
2006-07-29,40.18836633663366,30.216666666666665,9.29119911991199,8.407095709570957,7.633883388338834,
2006-07-30,40.18836633663366,30.216666666666665,9.29119911991199,8.407095709570957,7.633883388338834,
2006-07-31,40.17905629139073,30.230629139072846,9.278918322295805,8.408443708609271,7.639293598233995,
2006-08-01,40.17905629139073,30.230629139072846,9.278918322295805,8.408443708609271,7.639293598233995,
2006-08-02,40.14263245033113,30.2455298013245,9.272295805739514,8.424999999999999,7.649227373068433,
2006-08-03,40.11283112582782,30.26208609271523,9.265673289183223,8.441556291390729,7.652538631346578,
2006-08-04,40.11283112582782,30.26208609271523,9.265673289183223,8.441556291390729,7.652538631346578,
2006-08-05,40.11283112582782,30.26208609271523,9.265673289183223,8.441556291390729,7.652538631346578,
2006-08-06,40.11283112582782,30.26208609271523,9.265673289183223,8.441556291390729,7.652538631346578,
2006-08-07,40.103405315614616,30.280730897009967,9.256090808416388,8.442691029900333,7.654042081949058,
2006-08-08,40.103405315614616,30.280730897009967,9.256090808416388,8.442691029900333,7.654042081949058,
2006-08-09,40.068521594684384,30.29734219269103,9.246124031007751,8.45764119601329,7.662347729789589,
2006-08-10,40.05875,30.31833333333333,9.23361111111111,8.465833333333334,7.6612222222222215,
2006-08-11,40.05875,30.31833333333333,9.23361111111111,8.465833333333334,7.6612222222222215,
2006-08-12,40.05875,30.31833333333333,9.23361111111111,8.465833333333334,7.6612222222222215,
2006-08-13,40.05875,30.31833333333333,9.23361111111111,8.465833333333334,7.6612222222222215,
2006-08-14,40.05225752508361,30.33277591973244,9.221014492753623,8.467391304347826,7.663433667781493,
2006-08-15,40.05225752508361,30.33277591973244,9.221014492753623,8.467391304347826,7.663433667781493,
2006-08-16,40.02463888888889,30.329777777777775,9.2235,8.483055555555556,7.672666666666665,
2006-08-17,40.007998885172796,30.344258639910812,9.220903010033444,8.491360089186175,7.678260869565216,
2006-08-18,39.98458751393534,30.360981047937567,9.21086956521739,8.508082497212932,7.678260869565216,
2006-08-19,39.98458751393534,30.360981047937567,9.21086956521739,8.508082497212932,7.678260869565216,
2006-08-20,39.98458751393534,30.360981047937567,9.21086956521739,8.508082497212932,7.678260869565216,
2006-08-21,39.97782438478747,30.37561521252796,9.201510067114093,8.509787472035793,7.680536912751677,
2006-08-22,39.97782438478747,30.37561521252796,9.201510067114093,8.509787472035793,7.680536912751677,
2006-08-23,39.94947045707915,30.37101449275362,9.204180602006687,8.528149386845039,7.686622073578595,
2006-08-24,39.935878076062636,30.38568232662192,9.19479865771812,8.536633109619686,7.688926174496643,
2006-08-25,39.914353400222964,30.38272017837235,9.197491638795986,8.551560758082497,7.6933110367892965,
2006-08-26,39.914353400222964,30.38272017837235,9.197491638795986,8.551560758082497,7.6933110367892965,
2006-08-27,39.914353400222964,30.38272017837235,9.197491638795986,8.551560758082497,7.6933110367892965,
2006-08-28,39.91071029082774,30.394071588366888,9.18473154362416,8.553411633109619,7.698993288590603,
2006-08-29,39.91071029082774,30.394071588366888,9.18473154362416,8.553411633109619,7.698993288590603,
2006-08-30,39.87923634336678,30.391081382385728,9.187458193979932,8.569955406911928,7.711705685618728,
2006-08-31,39.865408277404924,30.405816554809842,9.1746644295302,8.578579418344518,7.717449664429529,
2006-09-01,39.852480490523966,30.404459308807134,9.174080267558528,8.586677814938684,7.71839464882943,
2006-09-02,39.852480490523966,30.404459308807134,9.174080267558528,8.586677814938684,7.71839464882943,
2006-09-03,39.852480490523966,30.404459308807134,9.174080267558528,8.586677814938684,7.71839464882943,
2006-09-04,39.848629753914985,30.4158836689038,9.164597315436241,8.588646532438478,7.720805369127516,
2006-09-05,39.83263187429854,30.438496071829405,9.157070707070707,8.590628507295174,7.72154882154882,
2006-09-06,39.80131431767337,30.435346756152125,9.15989932885906,8.60542505592841,7.732550335570469,
2006-09-07,39.771112975391496,30.4420581655481,9.149832214765102,8.632270693512304,7.742617449664428,
2006-09-08,39.771112975391496,30.4420581655481,9.149832214765102,8.632270693512304,7.742617449664428,
2006-09-09,39.771112975391496,30.4420581655481,9.149832214765102,8.632270693512304,7.742617449664428,
2006-09-10,39.771112975391496,30.4420581655481,9.149832214765102,8.632270693512304,7.742617449664428,
2006-09-11,39.766975308641975,30.450280583613917,9.143602693602693,8.634399551066217,7.745117845117845,
2006-09-12,39.766975308641975,30.450280583613917,9.143602693602693,8.634399551066217,7.745117845117845,
2006-09-13,39.728254769921435,30.458698092031426,9.141919191919193,8.657968574635241,7.753535353535352,
2006-09-14,39.715512387387385,30.472072072072073,9.133952702702704,8.66525900900901,7.759459459459459,
2006-09-15,39.715512387387385,30.472072072072073,9.133952702702704,8.66525900900901,7.759459459459459,
2006-09-16,39.715512387387385,30.472072072072073,9.133952702702704,8.66525900900901,7.759459459459459,
2006-09-17,39.715512387387385,30.472072072072073,9.133952702702704,8.66525900900901,7.759459459459459,
2006-09-18,39.717937853107344,30.477062146892656,9.124237288135593,8.667514124293785,7.762033898305083,
2006-09-19,39.68510698198198,30.475450450450452,9.127195945945946,8.6821509009009,7.772972972972972,
2006-09-20,39.66562850729517,30.46677890011224,9.131649831649833,8.69719416386083,7.78030303030303,
2006-09-21,39.661120495495496,30.47173423423424,9.121959459459461,8.702927927927927,7.7863175675675675,
2006-09-22,39.63364197530864,30.470145903479242,9.12828282828283,8.719079685746353,7.790404040404041,
2006-09-23,39.63364197530864,30.470145903479242,9.12828282828283,8.719079685746353,7.790404040404041,
2006-09-24,39.63364197530864,30.470145903479242,9.12828282828283,8.719079685746353,7.790404040404041,
2006-09-25,39.596604938271604,30.473512906846246,9.118181818181819,8.742648709315375,7.803872053872054,
2006-09-26,39.596604938271604,30.473512906846246,9.118181818181819,8.742648709315375,7.803872053872054,
2006-09-27,39.564401565995524,30.471923937360184,9.121140939597316,8.760290827740493,7.811241610738255,
2006-09-28,39.559567901234566,30.47687991021325,9.111447811447812,8.7662177328844,7.8173400673400675,
2006-09-29,39.53755592841163,30.478635346756157,9.111073825503357,8.780425055928411,7.814597315436242,
2006-09-30,39.53755592841163,30.478635346756157,9.111073825503357,8.780425055928411,7.814597315436242,
2006-10-01,39.53755592841163,30.478635346756157,9.111073825503357,8.780425055928411,7.814597315436242,
2006-10-02,39.53755592841163,30.478635346756157,9.111073825503357,8.780425055928411,7.814597315436242,
2006-10-03,39.53768237934904,30.481930415263754,9.103030303030303,8.783052749719417,7.819023569023569,
2006-10-04,39.50567673378076,30.481991051454145,9.106040268456377,8.802237136465324,7.824664429530201,
2006-10-05,39.46876398210291,30.49541387024609,9.099328859060403,8.824049217002237,7.8364093959731544,
2006-10-06,39.46876398210291,30.49541387024609,9.099328859060403,8.824049217002237,7.8364093959731544,
2006-10-07,39.46876398210291,30.49541387024609,9.099328859060403,8.824049217002237,7.8364093959731544,
2006-10-08,39.46876398210291,30.49541387024609,9.099328859060403,8.824049217002237,7.8364093959731544,
2006-10-09,39.470342312008974,30.493714927048266,9.091245791245793,8.82682379349046,7.844276094276094,
2006-10-10,39.46348536036036,30.505518018018023,9.08108108108108,8.828265765765765,7.849493243243244,
2006-10-11,39.42294481981982,30.51058558558559,9.079391891891891,8.853603603603602,7.861317567567569,
2006-10-12,39.42776836158192,30.50892655367232,9.069491525423729,8.856497175141243,7.871016949152543,
2006-10-13,39.406052927927924,30.51396396396397,9.072635135135135,8.863738738738737,7.871452702702704,
2006-10-14,39.406052927927924,30.51396396396397,9.072635135135135,8.863738738738737,7.871452702702704,
2006-10-15,39.406052927927924,30.51396396396397,9.072635135135135,8.863738738738737,7.871452702702704,
2006-10-16,39.410819209039545,30.505536723163846,9.06271186440678,8.866666666666665,7.884576271186441,
2006-10-17,39.38573446327683,30.50350282485876,9.059322033898304,8.88632768361582,7.895762711864407,
2006-10-18,39.35233671171171,30.506869369369372,9.06418918918919,8.901914414414415,7.9011824324324325,
2006-10-19,39.32868806306306,30.51193693693694,9.0625,8.917117117117117,7.9113175675675675,
2006-10-20,39.30064534231201,30.513580246913584,9.065656565656566,8.934231200897868,7.914983164983165,
2006-10-21,39.30064534231201,30.513580246913584,9.065656565656566,8.934231200897868,7.914983164983165,
2006-10-22,39.30064534231201,30.513580246913584,9.065656565656566,8.934231200897868,7.914983164983165,
2006-10-23,39.30503941441441,30.505180180180183,9.059121621621621,8.937387387387387,7.924831081081081,
2006-10-24,39.30607344632768,30.50350282485876,9.049152542372882,8.940564971751412,7.93135593220339,
2006-10-25,39.274634009009006,30.500112612612618,9.055743243243244,8.957657657657657,7.938344594594595,
2006-10-26,39.27217514124293,30.501807909604523,9.042372881355933,8.96090395480226,7.948305084745763,
2006-10-27,39.25436373873874,30.503490990990997,9.045608108108109,8.967792792792793,7.951858108108108,
2006-10-28,39.25436373873874,30.503490990990997,9.045608108108109,8.967792792792793,7.951858108108108,
2006-10-29,39.25436373873874,30.503490990990997,9.045608108108109,8.967792792792793,7.951858108108108,
2006-10-30,39.255225988700566,30.498418079096048,9.038983050847458,8.971073446327683,7.961864406779661,
2006-10-31,39.22471751412429,30.491638418079102,9.038983050847458,8.991412429378531,7.978813559322034,
2006-11-01,39.18679617117117,30.486599099099102,9.045608108108109,9.011711711711712,7.98902027027027,
2006-11-02,39.15470157657658,30.48997747747748,9.047297297297296,9.031981981981982,8.000844594594595,
2006-11-03,39.15470157657658,30.48997747747748,9.047297297297296,9.031981981981982,8.000844594594595,
2006-11-04,39.15470157657658,30.48997747747748,9.047297297297296,9.031981981981982,8.000844594594595,
2006-11-05,39.15470157657658,30.48997747747748,9.047297297297296,9.031981981981982,8.000844594594595,
2006-11-06,39.15183615819209,30.488248587570627,9.040677966101695,9.035480225988701,8.011016949152543,
2006-11-07,39.11793785310734,30.484858757062153,9.040677966101695,9.055819209039548,8.027966101694915,
2006-11-08,39.087598870056496,30.47994350282486,9.032372881355933,9.074802259887006,8.046949152542373,
2006-11-09,39.087896825396825,30.474773242630388,9.022278911564626,9.08185941043084,8.057312925170068,
2006-11-10,39.0740395480226,30.476553672316385,9.022203389830509,9.088361581920903,8.057118644067796,
2006-11-11,39.0740395480226,30.476553672316385,9.022203389830509,9.088361581920903,8.057118644067796,
2006-11-12,39.0740395480226,30.476553672316385,9.022203389830509,9.088361581920903,8.057118644067796,
2006-11-13,39.077692743764175,30.474773242630388,9.01547619047619,9.088662131519275,8.064115646258504,
2006-11-14,39.054223356009075,30.46814058956916,9.011054421768707,9.107879818594103,8.079761904761904,
2006-11-15,39.020141242937854,30.46316384180791,9.014406779661018,9.127853107344631,8.089661016949153,
2006-11-16,38.999802259887005,30.466553672316383,9.01271186440678,9.139717514124293,8.098135593220338,
2006-11-17,38.999802259887005,30.466553672316383,9.01271186440678,9.139717514124293,8.098135593220338,
2006-11-18,38.999802259887005,30.466553672316383,9.01271186440678,9.139717514124293,8.098135593220338,
2006-11-19,38.999802259887005,30.466553672316383,9.01271186440678,9.139717514124293,8.098135593220338,
2006-11-20,39.00320294784581,30.461337868480726,9.002551020408163,9.143594104308388,8.108673469387755,
2006-11-21,39.00321387940842,30.459499431171785,8.995733788395905,9.147497155858929,8.115870307167235,
2006-11-22,38.97259070294785,30.456235827664397,9.000850340136054,9.164002267573695,8.123979591836735,
2006-11-23,38.96908418657566,30.44755403868032,8.994027303754267,9.171387940841864,8.138054607508531,
2006-11-24,38.95898526077098,30.449433106575963,8.997448979591837,9.174206349206347,8.137585034013604,
2006-11-25,38.95898526077098,30.449433106575963,8.997448979591837,9.174206349206347,8.137585034013604,
2006-11-26,38.95898526077098,30.449433106575963,8.997448979591837,9.174206349206347,8.137585034013604,
2006-11-27,38.93857709750567,30.43922902494331,8.994047619047619,9.187811791383218,8.147789115646258,
2006-11-28,38.91136621315193,30.435827664399092,8.990646258503402,9.204818594104307,8.164795918367346,
2006-11-29,38.887937853107346,30.427570621468927,8.997457627118644,9.214293785310733,8.174406779661016,
2006-11-30,38.88245464852608,30.42562358276644,8.99234693877551,9.220124716553286,8.183503401360543,
2006-12-01,38.88245464852608,30.42562358276644,8.99234693877551,9.220124716553286,8.183503401360543,
2006-12-02,38.88245464852608,30.42562358276644,8.99234693877551,9.220124716553286,8.183503401360543,
2006-12-03,38.88245464852608,30.42562358276644,8.99234693877551,9.220124716553286,8.183503401360543,
2006-12-04,38.88205346985211,30.420250284414106,8.985494880546074,9.224288964732649,8.194368600682592,
2006-12-05,38.8603811149033,30.41496018202503,8.98566552901024,9.233845278725823,8.211433447098976,
2006-12-06,38.836490329920366,30.39448236632537,8.98566552901024,9.250910125142207,8.228498293515358,
2006-12-07,38.819425483503984,30.391069397042095,8.98566552901024,9.261149032992035,8.238737201365186,
2006-12-08,38.819425483503984,30.391069397042095,8.98566552901024,9.261149032992035,8.238737201365186,
2006-12-09,38.819425483503984,30.391069397042095,8.98566552901024,9.261149032992035,8.238737201365186,
2006-12-10,38.819425483503984,30.391069397042095,8.98566552901024,9.261149032992035,8.238737201365186,
2006-12-11,38.815382420091325,30.38213470319635,8.982191780821918,9.268892694063926,8.249828767123287,
2006-12-12,38.81131156930126,30.380011454753724,8.975257731958763,9.276689576174112,8.257560137457045,
2006-12-13,38.79412943871707,30.361111111111114,8.970103092783505,9.293871706758305,8.276460481099656,
2006-12-14,38.777711187214614,30.363299086757994,8.980479452054794,9.299714611872146,8.275513698630137,
2006-12-15,38.771643913538114,30.365472127417522,8.983959044368602,9.298691695108076,8.27457337883959,
2006-12-16,38.771643913538114,30.365472127417522,8.983959044368602,9.298691695108076,8.27457337883959,
2006-12-17,38.771643913538114,30.365472127417522,8.983959044368602,9.298691695108076,8.27457337883959,
2006-12-18,38.77428652968037,30.353025114155255,8.980479452054794,9.303139269406392,8.285787671232876,
2006-12-19,38.764817974971564,30.355233219567694,8.983959044368602,9.30551763367463,8.288225255972696,
2006-12-20,38.74362244897959,30.352210884353745,8.988435374149661,9.317403628117914,8.293707482993197,
2006-12-21,38.74362244897959,30.352210884353745,8.988435374149661,9.317403628117914,8.293707482993197,
2006-12-22,38.74362244897959,30.352210884353745,8.988435374149661,9.317403628117914,8.293707482993197,
2006-12-23,38.74362244897959,30.352210884353745,8.988435374149661,9.317403628117914,8.293707482993197,
2006-12-24,38.74362244897959,30.352210884353745,8.988435374149661,9.317403628117914,8.293707482993197,
2006-12-25,38.74616040955632,30.339761092150173,8.984982935153585,9.321899886234357,8.30494880546075,
2006-12-26,38.7521404109589,30.327226027397263,8.978082191780823,9.32642694063927,8.312842465753425,
2006-12-27,38.73250853242321,30.319283276450516,8.984982935153585,9.338964732650739,8.31518771331058,
2006-12-28,38.73501712328767,30.31010273972603,8.974657534246576,9.343550228310502,8.326541095890411,
2006-12-29,38.73501712328767,30.31010273972603,8.974657534246576,9.343550228310502,8.326541095890411,
2006-12-30,38.73501712328767,30.31010273972603,8.974657534246576,9.343550228310502,8.326541095890411,
2006-12-31,38.73501712328767,30.31010273972603,8.974657534246576,9.343550228310502,8.326541095890411,
2007-01-01,38.73754295532646,30.293986254295536,8.971134020618559,9.351603665521191,8.337972508591065,
2007-01-02,38.74008620689655,30.281206896551726,8.964137931034484,9.356264367816092,8.34948275862069,
2007-01-03,38.720360824742265,30.276804123711344,8.971134020618559,9.361912943871706,8.355154639175257,
2007-01-04,38.71348797250859,30.26821305841925,8.971134020618559,9.373940435280641,8.363745704467354,
2007-01-05,38.71348797250859,30.26821305841925,8.971134020618559,9.373940435280641,8.363745704467354,
2007-01-06,38.71348797250859,30.26821305841925,8.971134020618559,9.373940435280641,8.363745704467354,
2007-01-07,38.71348797250859,30.26821305841925,8.971134020618559,9.373940435280641,8.363745704467354,
2007-01-08,38.71348797250859,30.26821305841925,8.971134020618559,9.373940435280641,8.363745704467354,
2007-01-09,38.71594827586207,30.25534482758621,8.965862068965519,9.37867816091954,8.375344827586206,
2007-01-10,38.702155172413796,30.241551724137935,8.965862068965519,9.392471264367815,8.389137931034483,
2007-01-11,38.7045847750865,30.23200692041523,8.95536332179931,9.397289504036909,8.40432525951557,
2007-01-12,38.69353448275862,30.23637931034483,8.957241379310346,9.401091954022988,8.402931034482759,
2007-01-13,38.69353448275862,30.23637931034483,8.957241379310346,9.401091954022988,8.402931034482759,
2007-01-14,38.69353448275862,30.23637931034483,8.957241379310346,9.401091954022988,8.402931034482759,
2007-01-15,38.69353448275862,30.23637931034483,8.957241379310346,9.401091954022988,8.402931034482759,
2007-01-16,38.69604959630911,30.22727797001154,8.950057670126874,9.40524798154556,8.414590542099193,
2007-01-17,38.679856321839075,30.226494252873568,8.957126436781609,9.414195402298851,8.416609195402298,
2007-01-18,38.678748558246824,30.218627450980396,8.950057670126874,9.422549019607844,8.428431372549019,
2007-01-19,38.678748558246824,30.218627450980396,8.950057670126874,9.422549019607844,8.428431372549019,
2007-01-20,38.678748558246824,30.218627450980396,8.950057670126874,9.422549019607844,8.428431372549019,
2007-01-21,38.678748558246824,30.218627450980396,8.950057670126874,9.422549019607844,8.428431372549019,
2007-01-22,38.678748558246824,30.218627450980396,8.950057670126874,9.422549019607844,8.428431372549019,
2007-01-23,38.66732987312572,30.204094579008075,8.946943483275662,9.437773933102653,8.447116493656287,
2007-01-24,38.654683908045975,30.206839080459773,8.950574712643677,9.4466091954023,8.445574712643678,
2007-01-25,38.65348904267589,30.20063437139562,8.943483275663207,9.455074971164937,8.457497116493656,
2007-01-26,38.65348904267589,30.20063437139562,8.943483275663207,9.455074971164937,8.457497116493656,
2007-01-27,38.65348904267589,30.20063437139562,8.943483275663207,9.455074971164937,8.457497116493656,
2007-01-28,38.65348904267589,30.20063437139562,8.943483275663207,9.455074971164937,8.457497116493656,
2007-01-29,38.65348904267589,30.20063437139562,8.943483275663207,9.455074971164937,8.457497116493656,
2007-01-30,38.63272779700115,30.191983852364476,8.941753171856977,9.47410611303345,8.473068050749712,
2007-01-31,38.63272779700115,30.191983852364476,8.941753171856977,9.47410611303345,8.473068050749712,
2007-02-01,38.615426758938874,30.191983852364476,8.941753171856977,9.487946943483276,8.483448673587082,
2007-02-02,38.615426758938874,30.191983852364476,8.941753171856977,9.487946943483276,8.483448673587082,
2007-02-03,38.615426758938874,30.191983852364476,8.941753171856977,9.487946943483276,8.483448673587082,
2007-02-04,38.615426758938874,30.191983852364476,8.941753171856977,9.487946943483276,8.483448673587082,
2007-02-05,38.610619212962966,30.1822337962963,8.938078703703702,9.493113425925927,8.499016203703704,
2007-02-06,38.59638310185185,30.17372685185185,8.937905092592594,9.507349537037037,8.511689814814815,
2007-02-07,38.59638310185185,30.17372685185185,8.937905092592594,9.507349537037037,8.511689814814815,
2007-02-08,38.5720775462963,30.17372685185185,8.937905092592594,9.52471064814815,8.522106481481481,
2007-02-09,38.56663783160323,30.173125720876584,8.941580161476356,9.526355247981545,8.520299884659746,
2007-02-10,38.56663783160323,30.173125720876584,8.941580161476356,9.526355247981545,8.520299884659746,
2007-02-11,38.56166087962963,30.163310185185182,8.93443287037037,9.535127314814815,8.53252314814815,
2007-02-12,38.56166087962963,30.163310185185182,8.93443287037037,9.535127314814815,8.53252314814815,
2007-02-13,38.55664924506388,30.153426248548197,8.932462253193961,9.542218350754936,8.5465737514518,
2007-02-14,38.53735532407407,30.152893518518518,8.939641203703705,9.547280092592594,8.55162037037037,
2007-02-15,38.5270325203252,30.14819976771196,8.935946573751453,9.557897793263647,8.563995354239257,
2007-02-16,38.5270325203252,30.14819976771196,8.935946573751453,9.557897793263647,8.563995354239257,
2007-02-17,38.5270325203252,30.14819976771196,8.935946573751453,9.557897793263647,8.563995354239257,
2007-02-18,38.5270325203252,30.14819976771196,8.935946573751453,9.557897793263647,8.563995354239257,
2007-02-19,38.5270325203252,30.14819976771196,8.935946573751453,9.557897793263647,8.563995354239257,
2007-02-20,38.51488927738928,30.14172494172494,8.93572261072261,9.566841491841492,8.578205128205129,
2007-02-21,38.49793844367015,30.142624854819974,8.940998838559814,9.576538908246226,8.581765389082463,
2007-02-22,38.482196969696965,30.139627039627037,8.937296037296036,9.589044289044288,8.594289044289045,
2007-02-23,38.466579558652725,30.139140534262484,8.937514518002322,9.593960511033682,8.599186991869919,
2007-02-24,38.466579558652725,30.139140534262484,8.937514518002322,9.593960511033682,8.599186991869919,
2007-02-25,38.466579558652725,30.139140534262484,8.937514518002322,9.593960511033682,8.599186991869919,
2007-02-26,38.466579558652725,30.139140534262484,8.937514518002322,9.593960511033682,8.599186991869919,
2007-02-27,38.43173635307782,30.130429732868755,8.946225319396051,9.607897793263646,8.616608594657375,
2007-02-28,38.43173635307782,30.130429732868755,8.946225319396051,9.607897793263646,8.616608594657375,
2007-03-01,38.40386178861788,30.133914053426246,8.949709639953543,9.621835075493612,8.62706155632985,
2007-03-02,38.39898726851852,30.136921296296293,8.949884259259258,9.623148148148148,8.62488425925926,
2007-03-03,38.39898726851852,30.136921296296293,8.949884259259258,9.623148148148148,8.62488425925926,
2007-03-04,38.39898726851852,30.136921296296293,8.949884259259258,9.623148148148148,8.62488425925926,
2007-03-05,38.39898726851852,30.136921296296293,8.949884259259258,9.623148148148148,8.62488425925926,
2007-03-06,38.36773726851852,30.135185185185183,8.952893518518518,9.636111111111111,8.642129629629629,
2007-03-07,38.355081300813005,30.13565621370499,8.945760743321719,9.641811846689896,8.658304297328687,
2007-03-08,38.3359175377468,30.133914053426246,8.950987224157956,9.654006968641115,8.668757259001161,
2007-03-09,38.3359175377468,30.133914053426246,8.950987224157956,9.654006968641115,8.668757259001161,
2007-03-10,38.3359175377468,30.133914053426246,8.950987224157956,9.654006968641115,8.668757259001161,
2007-03-11,38.3359175377468,30.133914053426246,8.950987224157956,9.654006968641115,8.668757259001161,
2007-03-12,38.309120046620045,30.137878787878783,8.95081585081585,9.663286713286713,8.685081585081585,
2007-03-13,38.27765151515151,30.13438228438228,8.957808857808859,9.677272727272726,8.699067599067599,
2007-03-14,38.27765151515151,30.13438228438228,8.957808857808859,9.677272727272726,8.699067599067599,
2007-03-15,38.27765151515151,30.13438228438228,8.957808857808859,9.677272727272726,8.699067599067599,
2007-03-16,38.27319976771196,30.14088269454123,8.957955865272938,9.674912891986063,8.696631823461091,
2007-03-17,38.27319976771196,30.14088269454123,8.957955865272938,9.674912891986063,8.696631823461091,
2007-03-18,38.27319976771196,30.14088269454123,8.957955865272938,9.674912891986063,8.696631823461091,
2007-03-19,38.246182983682985,30.148368298368297,8.961305361305362,9.680769230769231,8.70955710955711,
2007-03-20,38.211217948717945,30.148368298368297,8.968298368298369,9.691258741258741,8.723543123543124,
2007-03-21,38.200377468060395,30.14785133565621,8.973983739837399,9.697212543554008,8.726596980255517,
2007-03-22,38.16901858304297,30.151335656213703,8.977468060394889,9.70766550522648,8.740534262485482,
2007-03-23,38.16901858304297,30.151335656213703,8.977468060394889,9.70766550522648,8.740534262485482,
2007-03-24,38.16901858304297,30.151335656213703,8.977468060394889,9.70766550522648,8.740534262485482,
2007-03-25,38.16901858304297,30.151335656213703,8.977468060394889,9.70766550522648,8.740534262485482,
2007-03-26,38.16901858304297,30.151335656213703,8.977468060394889,9.70766550522648,8.740534262485482,
2007-03-27,38.13069105691057,30.158304297328684,8.987921022067363,9.714634146341464,8.754471544715447,
2007-03-28,38.10667249417249,30.16235431235431,8.987878787878788,9.724125874125873,8.767599067599068,
2007-03-29,38.10667249417249,30.16235431235431,8.987878787878788,9.724125874125873,8.767599067599068,
2007-03-30,38.102816492450636,30.165272938443668,8.987921022067363,9.721602787456446,8.768408826945413,
2007-03-31,38.102816492450636,30.165272938443668,8.987921022067363,9.721602787456446,8.768408826945413,
2007-04-01,38.102816492450636,30.165272938443668,8.987921022067363,9.721602787456446,8.768408826945413,
2007-04-02,38.082196969696966,30.165850815850813,8.984382284382285,9.731118881118881,8.785081585081585,
2007-04-03,38.04723193473193,30.17284382284382,8.991375291375292,9.741608391608391,8.802564102564103,
2007-04-04,38.04723193473193,30.17284382284382,8.991375291375292,9.741608391608391,8.802564102564103,
2007-04-05,38.02100815850816,30.176340326340323,8.998368298368298,9.757342657342656,8.813053613053613,
2007-04-06,38.02100815850816,30.176340326340323,8.998368298368298,9.757342657342656,8.813053613053613,
2007-04-07,38.02100815850816,30.176340326340323,8.998368298368298,9.757342657342656,8.813053613053613,
2007-04-08,38.02100815850816,30.176340326340323,8.998368298368298,9.757342657342656,8.813053613053613,
2007-04-09,37.996520467836255,30.180467836257307,8.998362573099415,9.767017543859648,8.82643274853801,
2007-04-10,37.9718603286385,30.18544600938967,8.998004694835679,9.775,8.839788732394366,
2007-04-11,37.96143274853801,30.1812865497076,9.005029239766081,9.77578947368421,8.843859649122807,
2007-04-12,37.94017018779343,30.181924882629104,9.001525821596243,9.789084507042253,8.857394366197184,
2007-04-13,37.94017018779343,30.181924882629104,9.001525821596243,9.789084507042253,8.857394366197184,
2007-04-14,37.94017018779343,30.181924882629104,9.001525821596243,9.789084507042253,8.857394366197184,
2007-04-15,37.94017018779343,30.181924882629104,9.001525821596243,9.789084507042253,8.857394366197184,
2007-04-16,37.91522379269729,30.18610129564193,9.001531213191988,9.798939929328622,8.86749116607774,
2007-04-17,37.87935806831567,30.194405182567724,9.005771495877502,9.812190812720848,8.885865724381626,
2007-04-18,37.87935806831567,30.194405182567724,9.005771495877502,9.812190812720848,8.885865724381626,
2007-04-19,37.84932273262662,30.199705535924615,9.011071849234392,9.826325088339223,8.896466431095407,
2007-04-20,37.84633215962442,30.206044600938966,9.014553990610327,9.823415492957746,8.89330985915493,
2007-04-21,37.84633215962442,30.206044600938966,9.014553990610327,9.823415492957746,8.89330985915493,
2007-04-22,37.84633215962442,30.206044600938966,9.014553990610327,9.823415492957746,8.89330985915493,
2007-04-23,37.814642018779345,30.206044600938966,9.018075117370891,9.8375,8.910915492957747,
2007-04-24,37.786473004694834,30.206044600938966,9.014553990610327,9.84806338028169,8.93556338028169,
2007-04-25,37.786473004694834,30.206044600938966,9.014553990610327,9.84806338028169,8.93556338028169,
2007-04-26,37.786473004694834,30.206044600938966,9.014553990610327,9.84806338028169,8.93556338028169,
2007-04-27,37.786473004694834,30.206044600938966,9.014553990610327,9.84806338028169,8.93556338028169,
2007-04-28,37.786473004694834,30.206044600938966,9.014553990610327,9.84806338028169,8.93556338028169,
2007-04-29,37.786473004694834,30.206044600938966,9.014553990610327,9.84806338028169,8.93556338028169,
2007-04-30,37.786473004694834,30.206044600938966,9.014553990610327,9.84806338028169,8.93556338028169,
2007-05-01,37.760983510011776,30.21383981154299,9.01813898704358,9.854593639575972,8.949469964664312,
2007-05-02,37.75830399061033,30.20956572769953,9.021596244131455,9.855105633802816,8.953169014084509,
2007-05-03,37.733656103286386,30.216607981220655,9.02511737089202,9.862147887323943,8.96725352112676,
2007-05-04,37.733656103286386,30.216607981220655,9.02511737089202,9.862147887323943,8.96725352112676,
2007-05-05,37.733656103286386,30.216607981220655,9.02511737089202,9.862147887323943,8.96725352112676,
2007-05-06,37.733656103286386,30.216607981220655,9.02511737089202,9.862147887323943,8.96725352112676,
2007-05-07,37.733656103286386,30.216607981220655,9.02511737089202,9.862147887323943,8.96725352112676,
2007-05-08,37.70275821596244,30.221361502347417,9.030575117370892,9.868133802816901,8.982746478873239,
2007-05-09,37.70275821596244,30.221361502347417,9.030575117370892,9.868133802816901,8.982746478873239,
2007-05-10,37.676972909305064,30.22567726737338,9.027149587750294,9.878268551236749,9.000353356890459,
2007-05-11,37.671068075117375,30.228403755868545,9.034096244131456,9.878697183098593,8.996830985915492,
2007-05-12,37.64163722025913,30.23274440518257,9.037750294464075,9.885335689045936,9.014487632508834,
2007-05-13,37.61199763593381,30.23356973995272,9.044976359338062,9.895567375886525,9.028723404255318,
2007-05-14,37.58570581257414,30.241518386714116,9.048695136417557,9.898754448398577,9.04306049822064,
2007-05-15,37.57653664302601,30.2371158392435,9.055614657210402,9.902659574468085,9.046453900709219,
2007-05-16,37.57343934040047,30.235747938751473,9.058244994110717,9.90565371024735,9.046819787985866,
2007-05-17,37.54355791962175,30.238356973995273,9.061997635933805,9.91950354609929,9.061170212765957,
2007-05-18,37.54517078916372,30.244581861012957,9.061778563015311,9.912720848056537,9.06095406360424,
2007-05-19,37.54517078916372,30.244581861012957,9.061778563015311,9.912720848056537,9.06095406360424,
2007-05-20,37.53268779342723,30.243720657277,9.068603286384976,9.916549295774649,9.067781690140846,
2007-05-21,37.499234393404,30.24811542991755,9.072379269729092,9.930388692579506,9.078621908127209,
2007-05-22,37.44976442873969,30.251648998822144,9.082979976442873,9.940989399293287,9.103356890459365,
2007-05-23,37.412352245862884,30.259633569739954,9.083274231678486,9.951418439716313,9.12145390070922,
2007-05-24,37.412352245862884,30.259633569739954,9.083274231678486,9.951418439716313,9.12145390070922,
2007-05-25,37.36979905437352,30.263179669030734,9.090366430260046,9.965602836879434,9.13918439716312,
2007-05-26,37.36979905437352,30.263179669030734,9.090366430260046,9.965602836879434,9.13918439716312,
2007-05-27,37.36979905437352,30.263179669030734,9.090366430260046,9.965602836879434,9.13918439716312,
2007-05-28,37.36979905437352,30.263179669030734,9.090366430260046,9.965602836879434,9.13918439716312,
2007-05-29,37.31660756501182,30.270271867612294,9.101004728132388,9.979787234042554,9.160460992907801,
2007-05-30,37.31660756501182,30.270271867612294,9.101004728132388,9.979787234042554,9.160460992907801,
2007-05-31,37.28748517200474,30.274792408066432,9.103143534994068,9.990391459074734,9.17526690391459,
2007-06-01,37.25545670225385,30.28902728351127,9.103143534994068,9.993950177935943,9.185943060498222,
2007-06-02,37.25545670225385,30.28902728351127,9.103143534994068,9.993950177935943,9.185943060498222,
2007-06-03,37.25545670225385,30.28902728351127,9.103143534994068,9.993950177935943,9.185943060498222,
2007-06-04,37.22422619047619,30.29720238095238,9.107083333333332,10.004642857142859,9.190178571428572,
2007-06-05,37.185782556750304,30.308303464755078,9.110692951015531,10.013440860215054,9.205555555555557,
2007-06-06,37.17440476190476,30.303630952380953,9.117440476190476,10.013392857142858,9.215535714285716,
2007-06-07,37.173784104389085,30.306109134045077,9.124139976275208,10.009786476868328,9.214768683274023,
2007-06-08,37.145833333333336,30.317916666666665,9.128154761904762,10.020535714285714,9.215535714285716,
2007-06-09,37.145833333333336,30.317916666666665,9.128154761904762,10.020535714285714,9.215535714285716,
2007-06-10,37.145833333333336,30.317916666666665,9.128154761904762,10.020535714285714,9.215535714285716,
2007-06-11,37.145833333333336,30.317916666666665,9.128154761904762,10.020535714285714,9.215535714285716,
2007-06-12,37.099404761904765,30.32505952380952,9.135297619047618,10.034821428571428,9.226250000000002,
2007-06-13,37.06011904761905,30.32934523809524,9.143511904761905,10.04732142857143,9.241607142857143,
2007-06-14,37.036904761904765,30.336488095238096,9.150654761904763,10.054464285714285,9.243392857142858,
2007-06-15,37.00477897252091,30.348446833930705,9.154778972520909,10.065412186379929,9.24426523297491,
2007-06-16,37.00477897252091,30.348446833930705,9.154778972520909,10.065412186379929,9.24426523297491,
2007-06-17,37.00477897252091,30.348446833930705,9.154778972520909,10.065412186379929,9.24426523297491,
2007-06-18,36.968824940047966,30.36408872901679,9.162529976019185,10.08003597122302,9.23794964028777,
2007-06-19,36.96535244922342,30.35561529271207,9.16553166069295,10.079749103942651,9.251433691756272,
2007-06-20,36.9400479616307,30.367685851318946,9.169724220623502,10.090827338129497,9.248741007194244,
2007-06-21,36.9400479616307,30.367685851318946,9.169724220623502,10.090827338129497,9.248741007194244,
2007-06-22,36.91846522781775,30.385671462829738,9.166127098321343,10.098021582733812,9.245143884892087,
2007-06-23,36.91846522781775,30.385671462829738,9.166127098321343,10.098021582733812,9.245143884892087,
2007-06-24,36.92234169653525,30.380704898446837,9.169115890083631,10.094086021505376,9.247849462365592,
2007-06-25,36.90083632019116,30.387873357228198,9.176284348864995,10.10483870967742,9.247849462365592,
2007-06-26,36.86140979689367,30.391457586618877,9.187037037037037,10.119175627240143,9.262186379928316,
2007-06-27,36.83932853717027,30.40365707434053,9.19130695443645,10.130395683453237,9.255935251798562,
2007-06-28,36.813477737665465,30.415944645006018,9.191997593261132,10.141696750902527,9.260469314079423,
2007-06-29,36.79106280193237,30.424698067632853,9.196316425120774,10.153079710144928,9.254166666666666,
2007-06-30,36.79106280193237,30.424698067632853,9.196316425120774,10.153079710144928,9.254166666666666,
2007-07-01,36.79106280193237,30.424698067632853,9.196316425120774,10.153079710144928,9.254166666666666,
2007-07-02,36.79106280193237,30.424698067632853,9.196316425120774,10.153079710144928,9.254166666666666,
2007-07-03,36.75757575757576,30.437151515151516,9.20430303030303,10.164545454545454,9.251454545454546,
2007-07-04,36.735757575757575,30.433515151515152,9.207939393939395,10.171818181818182,9.262363636363636,
2007-07-05,36.71757575757576,30.437151515151516,9.215212121212122,10.182727272727274,9.258727272727272,
2007-07-06,36.694647201946474,30.44969586374696,9.219647201946472,10.194343065693431,9.248722627737227,
2007-07-07,36.694647201946474,30.44969586374696,9.219647201946472,10.194343065693431,9.248722627737227,
2007-07-08,36.694647201946474,30.44969586374696,9.219647201946472,10.194343065693431,9.248722627737227,
2007-07-09,36.663492063492065,30.46452991452992,9.223382173382173,10.202380952380953,9.248901098901099,
2007-07-10,36.63468137254902,30.477267156862748,9.227879901960783,10.214154411764707,9.246139705882353,
2007-07-11,36.612622549019605,30.477267156862748,9.231556372549019,10.225183823529411,9.249816176470588,
2007-07-12,36.59424019607843,30.4827818627451,9.23890931372549,10.232536764705882,9.249816176470588,
2007-07-13,36.59424019607843,30.4827818627451,9.23890931372549,10.232536764705882,9.249816176470588,
2007-07-14,36.59424019607843,30.4827818627451,9.23890931372549,10.232536764705882,9.249816176470588,
2007-07-15,36.59424019607843,30.4827818627451,9.23890931372549,10.232536764705882,9.249816176470588,
2007-07-16,36.59424019607843,30.4827818627451,9.23890931372549,10.232536764705882,9.249816176470588,
2007-07-17,36.568504901960786,30.487561274509805,9.24515931372549,10.241360294117648,9.25533088235294,
2007-07-18,36.54644607843137,30.48388480392157,9.248835784313725,10.252389705882353,9.26268382352941,
2007-07-19,36.52632226322263,30.500430504305044,9.249753997539974,10.260701107011071,9.252583025830258,
2007-07-20,36.5390931372549,30.494914215686276,9.24515931372549,10.256066176470588,9.25533088235294,
2007-07-21,36.5390931372549,30.494914215686276,9.24515931372549,10.256066176470588,9.25533088235294,
2007-07-22,36.5390931372549,30.494914215686276,9.24515931372549,10.256066176470588,9.25533088235294,
2007-07-23,36.5390931372549,30.494914215686276,9.24515931372549,10.256066176470588,9.25533088235294,
2007-07-24,36.51340713407134,30.51150061500615,9.251599015990159,10.266236162361624,9.24520295202952,
2007-07-25,36.49311193111931,30.509655596555966,9.258979089790897,10.275461254612546,9.248892988929889,
2007-07-26,36.47271604938272,30.518950617283952,9.259938271604938,10.283888888888889,9.249814814814814,
2007-07-27,36.47271604938272,30.518950617283952,9.259938271604938,10.283888888888889,9.249814814814814,
2007-07-28,36.47271604938272,30.518950617283952,9.259938271604938,10.283888888888889,9.249814814814814,
2007-07-29,36.47271604938272,30.518950617283952,9.259938271604938,10.283888888888889,9.249814814814814,
2007-07-30,36.4579012345679,30.511543209876542,9.267345679012344,10.291296296296297,9.253518518518518,
2007-07-31,36.43729863692689,30.52087980173482,9.275774473358116,10.303531598513011,9.243308550185873,
2007-08-01,36.42057001239157,30.515303593556382,9.277633209417594,10.314684014869888,9.25074349442379,
2007-08-02,36.405700123915736,30.51158612143742,9.285068153655512,10.318401486988847,9.258178438661709,
2007-08-03,36.38109452736318,30.517226368159204,9.293594527363183,10.330783582089552,9.255410447761193,
2007-08-04,36.38109452736318,30.517226368159204,9.293594527363183,10.330783582089552,9.255410447761193,
2007-08-05,36.38109452736318,30.517226368159204,9.293594527363183,10.330783582089552,9.255410447761193,
2007-08-06,36.36023720349563,30.524968789013734,9.29843945068664,10.34063670411985,9.249812734082397,
2007-08-07,36.339035087719296,30.526942355889727,9.303320802005011,10.353195488721806,9.250751879699248,
2007-08-08,36.316478696741854,30.515664160401002,9.314598997493732,10.364473684210527,9.258270676691728,
2007-08-09,36.291257861635216,30.521383647798743,9.315786163522011,10.373396226415096,9.263018867924528,
2007-08-10,36.29768170426065,30.511904761904763,9.318358395989973,10.371992481203009,9.26578947368421,
2007-08-11,36.29768170426065,30.511904761904763,9.318358395989973,10.371992481203009,9.26578947368421,
2007-08-12,36.272389937106915,30.517610062893084,9.327106918238993,10.380943396226415,9.266792452830188,
2007-08-13,36.25107323232323,30.52354797979798,9.331944444444444,10.390530303030305,9.263446969696968,
2007-08-14,36.253144654088054,30.51062893081761,9.33559748427673,10.390943396226417,9.270377358490565,
2007-08-15,36.230503144654094,30.497421383647797,9.34314465408805,10.402264150943397,9.283584905660376,
2007-08-16,36.204861111111114,30.499305555555555,9.348232323232324,10.411363636363637,9.288446969696968,
2007-08-17,36.191603535353536,30.50271464646465,9.349368686868686,10.415909090909091,9.284280303030302,
2007-08-18,36.191603535353536,30.50271464646465,9.349368686868686,10.415909090909091,9.284280303030302,
2007-08-19,36.165716096324466,30.504626108998735,9.358301647655258,10.425095057034222,9.289163498098858,
2007-08-20,36.14344783715013,30.506552162849875,9.367302798982188,10.438167938931299,9.286450381679389,
2007-08-21,36.14290240811154,30.49702154626109,9.365906210392902,10.440304182509506,9.2967680608365,
2007-08-22,36.11863867684479,30.493193384223922,9.374936386768447,10.455343511450382,9.295992366412213,
2007-08-23,36.09476372924649,30.492017879948914,9.381928480204342,10.466666666666667,9.297701149425286,
2007-08-24,36.06820512820513,30.490064102564105,9.391089743589744,10.48,9.298846153846153,
2007-08-25,36.06820512820513,30.490064102564105,9.391089743589744,10.48,9.298846153846153,
2007-08-26,36.04530244530245,30.484234234234236,9.396460746460747,10.493436293436295,9.303861003861003,
2007-08-27,36.04530244530245,30.484234234234236,9.396460746460747,10.493436293436295,9.303861003861003,
2007-08-28,36.02213642213642,30.468790218790218,9.404182754182754,10.506949806949807,9.317374517374517,
2007-08-29,36.00090439276486,30.457041343669253,9.413501291989665,10.521511627906978,9.319573643410852,
2007-08-30,35.988307493540056,30.440180878552972,9.420865633074936,10.529263565891474,9.329457364341085,
2007-08-31,35.97075226977951,30.42438391699092,9.43028534370947,10.542996108949417,9.334630350194553,
2007-09-01,35.97075226977951,30.42438391699092,9.43028534370947,10.542996108949417,9.334630350194553,
2007-09-02,35.947200520833334,30.410416666666666,9.437825520833334,10.5587890625,9.34375,
2007-09-03,35.92405228758171,30.399477124183008,9.446993464052287,10.573725490196079,9.348039215686274,
2007-09-04,35.92825520833334,30.390104166666667,9.445247395833333,10.567578125,9.3583984375,
2007-09-05,35.92825520833334,30.390104166666667,9.445247395833333,10.567578125,9.3583984375,
2007-09-06,35.91848958333334,30.368619791666667,9.460872395833333,10.571484375,9.3642578125,
2007-09-07,35.91848958333334,30.368619791666667,9.460872395833333,10.571484375,9.3642578125,
2007-09-08,35.91848958333334,30.368619791666667,9.460872395833333,10.571484375,9.3642578125,
2007-09-09,35.91848958333334,30.368619791666667,9.460872395833333,10.571484375,9.3642578125,
2007-09-10,35.91848958333334,30.368619791666667,9.460872395833333,10.571484375,9.3642578125,
2007-09-11,35.92269779507134,30.355512321660182,9.462970168612191,10.569260700389107,9.374513618677042,
2007-09-12,35.92434895833334,30.343229166666667,9.468684895833333,10.571484375,9.3740234375,
2007-09-13,35.920130718954255,30.32496732026144,9.474444444444444,10.58156862745098,9.379411764705882,
2007-09-14,35.93606770833334,30.319791666666667,9.472591145833333,10.571484375,9.3818359375,
2007-09-15,35.93606770833334,30.319791666666667,9.472591145833333,10.571484375,9.3818359375,
2007-09-16,35.93606770833334,30.319791666666667,9.472591145833333,10.571484375,9.3818359375,
2007-09-17,35.93606770833334,30.319791666666667,9.472591145833333,10.571484375,9.3818359375,
2007-09-18,35.94388020833334,30.296354166666667,9.480403645833333,10.563671875,9.3935546875,
2007-09-19,35.95169270833334,30.268229166666668,9.486653645833332,10.570703125,9.4025390625,
2007-09-20,35.96355382619975,30.255512321660184,9.492542153047989,10.568482490272373,9.404863813229573,
2007-09-21,35.96355382619975,30.255512321660184,9.492542153047989,10.568482490272373,9.404863813229573,
2007-09-22,35.96355382619975,30.255512321660184,9.492542153047989,10.568482490272373,9.404863813229573,
2007-09-23,35.96355382619975,30.255512321660184,9.492542153047989,10.568482490272373,9.404863813229573,
2007-09-24,35.96355382619975,30.255512321660184,9.492542153047989,10.568482490272373,9.404863813229573,
2007-09-25,35.967444876783404,30.23216601815824,9.498378728923475,10.564591439688716,9.418482490272375,
2007-09-26,35.96731770833334,30.217447916666668,9.504231770833332,10.566796875,9.4240234375,
2007-09-27,35.95542483660132,30.20261437908497,9.514052287581698,10.58078431372549,9.425686274509804,
2007-09-28,35.95542483660132,30.20261437908497,9.514052287581698,10.58078431372549,9.425686274509804,
2007-09-29,35.95542483660132,30.20261437908497,9.514052287581698,10.58078431372549,9.425686274509804,
2007-09-30,35.95542483660132,30.20261437908497,9.514052287581698,10.58078431372549,9.425686274509804,
2007-10-01,35.95950520833334,30.190104166666668,9.519856770833332,10.574609375,9.4357421875,
2007-10-02,35.959346405228764,30.175163398692813,9.525816993464051,10.576862745098039,9.437450980392157,
2007-10-03,35.95524934383203,30.160104986876643,9.531824146981625,10.583070866141732,9.443110236220473,
2007-10-04,35.96312335958006,30.128608923884517,9.543635170603674,10.583070866141732,9.45492125984252,
2007-10-05,35.98287581699347,30.1281045751634,9.537581699346404,10.569019607843137,9.457058823529412,
2007-10-06,35.98287581699347,30.1281045751634,9.537581699346404,10.569019607843137,9.457058823529412,
2007-10-07,35.974934383202104,30.112860892388454,9.543635170603674,10.5751968503937,9.466732283464568,
2007-10-08,35.978787878787884,30.09749670619236,9.545783926218707,10.581422924901185,9.468577075098814,
2007-10-09,35.97989417989418,30.083597883597886,9.549338624338624,10.584523809523809,9.472222222222221,
2007-10-10,35.983862433862434,30.059788359788364,9.557275132275132,10.584523809523809,9.48015873015873,
2007-10-11,35.983862433862434,30.059788359788364,9.557275132275132,10.584523809523809,9.48015873015873,
2007-10-12,35.983862433862434,30.059788359788364,9.557275132275132,10.584523809523809,9.48015873015873,
2007-10-13,35.983862433862434,30.059788359788364,9.557275132275132,10.584523809523809,9.48015873015873,
2007-10-14,35.983862433862434,30.059788359788364,9.557275132275132,10.584523809523809,9.48015873015873,
2007-10-15,35.983862433862434,30.059788359788364,9.557275132275132,10.584523809523809,9.48015873015873,
2007-10-16,35.99517195767196,30.036177248677248,9.561243386243387,10.584523809523809,9.487103174603174,
2007-10-17,35.99515272244356,30.02038512616202,9.56347941567065,10.590836653386454,9.489043824701195,
2007-10-18,36.01108897742364,29.99249667994688,9.57144754316069,10.582868525896414,9.497011952191235,
2007-10-19,36.02691798941799,29.99649470899471,9.56521164021164,10.568650793650793,9.495039682539682,
2007-10-20,36.02691798941799,29.99649470899471,9.56521164021164,10.568650793650793,9.495039682539682,
2007-10-21,36.02691798941799,29.99649470899471,9.56521164021164,10.568650793650793,9.495039682539682,
2007-10-22,36.034993359893754,29.98452855245684,9.567463479415672,10.570916334661353,9.493027888446216,
2007-10-23,36.05092961487384,29.96062416998672,9.57144754316069,10.562948207171313,9.504980079681275,
2007-10-24,36.05313333333333,29.95446666666667,9.573733333333333,10.563199999999998,9.503,
2007-10-25,36.05313333333333,29.95446666666667,9.573733333333333,10.563199999999998,9.503,
2007-10-26,36.05313333333333,29.95446666666667,9.573733333333333,10.563199999999998,9.503,
2007-10-27,36.05313333333333,29.95446666666667,9.573733333333333,10.563199999999998,9.503,
2007-10-28,36.05313333333333,29.95446666666667,9.573733333333333,10.563199999999998,9.503,
2007-10-29,36.061378848728246,29.94625167336011,9.576037483266399,10.5574297188755,9.505020080321286,
2007-10-30,36.07513333333333,29.942466666666668,9.573733333333333,10.549199999999999,9.507,
2007-10-31,36.075435073627844,29.930187416331997,9.580053547523427,10.551405622489959,9.505020080321286,
2007-11-01,36.09149933065596,29.91813922356091,9.576037483266399,10.547389558232931,9.509036144578314,
2007-11-02,36.09149933065596,29.91813922356091,9.576037483266399,10.547389558232931,9.509036144578314,
2007-11-03,36.09149933065596,29.91813922356091,9.576037483266399,10.547389558232931,9.509036144578314,
2007-11-04,36.09186827956989,29.9057123655914,9.578360215053763,10.549596774193548,9.515120967741936,
2007-11-05,36.10641025641026,29.8972334682861,9.580701754385965,10.543724696356275,9.513157894736842,
2007-11-06,36.110013440860214,29.897647849462366,9.578360215053763,10.541532258064516,9.515120967741936,
2007-11-07,36.11855600539811,29.881039136302295,9.580701754385965,10.539676113360322,9.517206477732794,
2007-11-08,36.11855600539811,29.881039136302295,9.580701754385965,10.539676113360322,9.517206477732794,
2007-11-09,36.13420698924731,29.881518817204302,9.574327956989247,10.52540322580645,9.519153225806452,
2007-11-10,36.13420698924731,29.881518817204302,9.574327956989247,10.52540322580645,9.519153225806452,
2007-11-11,36.13420698924731,29.881518817204302,9.574327956989247,10.52540322580645,9.519153225806452,
2007-11-12,36.15094466936572,29.872941970310393,9.572604588394062,10.523481781376518,9.517206477732794,
2007-11-13,36.15826558265582,29.861043360433605,9.5789972899729,10.520121951219512,9.517479674796748,
2007-11-14,36.16842818428184,29.837872628726288,9.581436314363144,10.522154471544715,9.52378048780488,
2007-11-15,36.18468834688346,29.821612466124662,9.581436314363144,10.518089430894308,9.527845528455286,
2007-11-16,36.18468834688346,29.821612466124662,9.581436314363144,10.518089430894308,9.527845528455286,
2007-11-17,36.18468834688346,29.821612466124662,9.581436314363144,10.518089430894308,9.527845528455286,
2007-11-18,36.18394062078272,29.814237516869095,9.583130904183536,10.515991902834008,9.537854251012147,
2007-11-19,36.19281842818428,29.805352303523037,9.58550135501355,10.518089430894308,9.531910569105692,
2007-11-20,36.19768707482993,29.80047619047619,9.587891156462584,10.51204081632653,9.534081632653063,
2007-11-21,36.19768707482993,29.775986394557822,9.591972789115646,10.51204081632653,9.550408163265308,
2007-11-22,36.19768707482993,29.775986394557822,9.591972789115646,10.51204081632653,9.550408163265308,
2007-11-23,36.21314363143631,29.780962059620595,9.589566395663956,10.493699186991869,9.548170731707318,
2007-11-24,36.21314363143631,29.780962059620595,9.589566395663956,10.493699186991869,9.548170731707318,
2007-11-25,36.21314363143631,29.780962059620595,9.589566395663956,10.493699186991869,9.548170731707318,
2007-11-26,36.21314363143631,29.780962059620595,9.589566395663956,10.493699186991869,9.548170731707318,
2007-11-27,36.229403794037935,29.76266937669377,9.59159891598916,10.485569105691056,9.558333333333335,
2007-11-28,36.230340136054416,29.745374149659863,9.594013605442177,10.487551020408162,9.564693877551022,
2007-11-29,36.22718579234972,29.727937158469945,9.600546448087432,10.491598360655736,9.569057377049182,
2007-11-30,36.22718579234972,29.727937158469945,9.600546448087432,10.491598360655736,9.569057377049182,
2007-12-01,36.22718579234972,29.727937158469945,9.600546448087432,10.491598360655736,9.569057377049182,
2007-12-02,36.22718579234972,29.727937158469945,9.600546448087432,10.491598360655736,9.569057377049182,
2007-12-03,36.22718579234972,29.727937158469945,9.600546448087432,10.491598360655736,9.569057377049182,
2007-12-04,36.23128415300546,29.711543715846997,9.608743169398908,10.483401639344262,9.581352459016395,
2007-12-05,36.23635116598079,29.6980109739369,9.61124828532236,10.485390946502056,9.58374485596708,
2007-12-06,36.25177595628415,29.691051912568305,9.608743169398908,10.479303278688525,9.58954918032787,
2007-12-07,36.25177595628415,29.691051912568305,9.608743169398908,10.479303278688525,9.58954918032787,
2007-12-08,36.25177595628415,29.691051912568305,9.608743169398908,10.479303278688525,9.58954918032787,
2007-12-09,36.25177595628415,29.691051912568305,9.608743169398908,10.479303278688525,9.58954918032787,
2007-12-10,36.25177595628415,29.691051912568305,9.608743169398908,10.479303278688525,9.58954918032787,
2007-12-11,36.25956284153005,29.67793715846995,9.611202185792349,10.470696721311475,9.600341530054646,
2007-12-12,36.25956284153005,29.67793715846995,9.611202185792349,10.470696721311475,9.600341530054646,
2007-12-13,36.25956284153005,29.67793715846995,9.611202185792349,10.470696721311475,9.600341530054646,
2007-12-14,36.27482993197278,29.67721088435374,9.606666666666666,10.46265306122449,9.599931972789117,
2007-12-15,36.27482993197278,29.67721088435374,9.606666666666666,10.46265306122449,9.599931972789117,
2007-12-16,36.27482993197278,29.67721088435374,9.606666666666666,10.46265306122449,9.599931972789117,
2007-12-17,36.27482993197278,29.67721088435374,9.606666666666666,10.46265306122449,9.599931972789117,
2007-12-18,36.2787074829932,29.66292517006803,9.613809523809524,10.457346938775512,9.611360544217687,
2007-12-19,36.2787074829932,29.66292517006803,9.613809523809524,10.457346938775512,9.611360544217687,
2007-12-20,36.2787074829932,29.66292517006803,9.613809523809524,10.457346938775512,9.611360544217687,
2007-12-21,36.28570460704607,29.65616531165312,9.615379403794037,10.45548780487805,9.6170054200542,
2007-12-22,36.28570460704607,29.65616531165312,9.615379403794037,10.45548780487805,9.6170054200542,
2007-12-23,36.28570460704607,29.65616531165312,9.615379403794037,10.45548780487805,9.6170054200542,
2007-12-24,36.28570460704607,29.65616531165312,9.615379403794037,10.45548780487805,9.6170054200542,
2007-12-25,36.28278911564626,29.646598639455785,9.617891156462585,10.457346938775512,9.62360544217687,
2007-12-26,36.27165300546448,29.641051912568308,9.620423497267758,10.463319672131147,9.626161202185791,
2007-12-27,36.27165300546448,29.641051912568308,9.620423497267758,10.463319672131147,9.626161202185791,
2007-12-28,36.27165300546448,29.641051912568308,9.620423497267758,10.463319672131147,9.626161202185791,
2007-12-29,36.27165300546448,29.641051912568308,9.620423497267758,10.463319672131147,9.626161202185791,
2007-12-30,36.260425240054865,29.635459533607683,9.622976680384088,10.469341563786008,9.632853223593964,
2007-12-31,36.260425240054865,29.635459533607683,9.622976680384088,10.469341563786008,9.632853223593964,
2008-01-01,36.25736914600551,29.62982093663912,9.629683195592285,10.467148760330579,9.639600550964188,
2008-01-02,36.24598893499308,29.619986168741356,9.632295988934992,10.477385892116184,9.64225449515906,
2008-01-03,36.234513888888884,29.60590277777778,9.639097222222222,10.483541666666667,9.649097222222222,
2008-01-04,36.234513888888884,29.60590277777778,9.639097222222222,10.483541666666667,9.649097222222222,
2008-01-05,36.234513888888884,29.60590277777778,9.639097222222222,10.483541666666667,9.649097222222222,
2008-01-06,36.234513888888884,29.60590277777778,9.639097222222222,10.483541666666667,9.649097222222222,
2008-01-07,36.22712691771269,29.608437935843796,9.641771269177127,10.485564853556486,9.6476290097629,
2008-01-08,36.22712691771269,29.595885634588566,9.650139470013947,10.477196652719666,9.660181311018132,
2008-01-09,36.21875871687587,29.574965132496516,9.650139470013947,10.489748953974896,9.668549511854952,
2008-01-10,36.23034722222222,29.576736111111114,9.647430555555555,10.483541666666667,9.665763888888888,
2008-01-11,36.2542876901798,29.578492392807746,9.636445366528353,10.469087136929462,9.663001383125865,
2008-01-12,36.2542876901798,29.578492392807746,9.636445366528353,10.469087136929462,9.663001383125865,
2008-01-13,36.24701388888889,29.572569444444447,9.643263888888889,10.466875,9.665763888888888,
2008-01-14,36.23967921896792,29.570781032078106,9.645955369595537,10.473012552301256,9.668549511854952,
2008-01-15,36.23382147838215,29.554463040446304,9.649302649930263,10.477615062761506,9.683821478382148,
2008-01-16,36.22545327754533,29.533542538354254,9.657670850767083,10.485983263598326,9.692189679218968,
2008-01-17,36.20539215686274,29.518977591036414,9.668837535014005,10.496428571428572,9.699299719887955,
2008-01-18,36.20539215686274,29.518977591036414,9.668837535014005,10.496428571428572,9.699299719887955,
2008-01-19,36.20539215686274,29.518977591036414,9.668837535014005,10.496428571428572,9.699299719887955,
2008-01-20,36.20539215686274,29.518977591036414,9.668837535014005,10.496428571428572,9.699299719887955,
2008-01-21,36.1936005625879,29.516947960618847,9.675879043600562,10.502742616033755,9.69803094233474,
2008-01-22,36.1795358649789,29.507102672292547,9.683333333333332,10.511322081575246,9.707594936708862,
2008-01-23,36.1710970464135,29.490225035161743,9.687552742616033,10.519760900140648,9.716033755274262,
2008-01-24,36.18298319327731,29.492366946778713,9.684663865546218,10.513375350140056,9.717226890756304,
2008-01-25,36.18298319327731,29.492366946778713,9.684663865546218,10.513375350140056,9.717226890756304,
2008-01-26,36.18298319327731,29.492366946778713,9.684663865546218,10.513375350140056,9.717226890756304,
2008-01-27,36.18298319327731,29.492366946778713,9.684663865546218,10.513375350140056,9.717226890756304,
2008-01-28,36.166877637130796,29.486005625879045,9.691772151898734,10.519760900140648,9.720253164556963,
2008-01-29,36.145780590717294,29.486005625879045,9.700210970464134,10.523980309423347,9.732911392405065,
2008-01-30,36.1373417721519,29.46912798874824,9.700210970464134,10.528199718706048,9.749789029535867,
2008-01-31,36.1373417721519,29.46912798874824,9.700210970464134,10.528199718706048,9.749789029535867,
2008-02-01,36.1373417721519,29.46912798874824,9.700210970464134,10.528199718706048,9.749789029535867,
2008-02-02,36.13256302521008,29.450350140056024,9.701470588235294,10.530182072829131,9.767647058823531,
2008-02-03,36.11624472573839,29.43959212376934,9.708649789029534,10.54085794655415,9.775105485232068,
2008-02-04,36.104025423728814,29.4329802259887,9.71165254237288,10.547387005649718,9.778389830508475,
2008-02-05,36.08283898305084,29.437217514124296,9.71165254237288,10.551624293785311,9.799576271186442,
2008-02-06,36.05765957446808,29.43482269503546,9.718936170212766,10.55822695035461,9.807234042553192,
2008-02-07,36.04489361702127,29.42631205673759,9.723191489361701,10.562482269503546,9.824255319148937,
2008-02-08,36.065889830508475,29.42874293785311,9.71165254237288,10.547387005649718,9.825000000000001,
2008-02-09,36.065889830508475,29.42874293785311,9.71165254237288,10.547387005649718,9.825000000000001,
2008-02-10,36.065889830508475,29.42874293785311,9.71165254237288,10.547387005649718,9.825000000000001,
2008-02-11,36.065889830508475,29.42874293785311,9.71165254237288,10.547387005649718,9.825000000000001,
2008-02-12,36.052754237288134,29.424717514124296,9.713983050847459,10.547810734463276,9.841101694915254,
2008-02-13,36.03580508474576,29.412005649717514,9.71822033898305,10.55204802259887,9.858050847457626,
2008-02-14,36.01468085106382,29.405248226950356,9.72340425531915,10.56078014184397,9.86808510638298,
2008-02-15,36.01468085106382,29.405248226950356,9.72340425531915,10.56078014184397,9.86808510638298,
2008-02-16,36.01468085106382,29.405248226950356,9.72340425531915,10.56078014184397,9.86808510638298,
2008-02-17,36.01468085106382,29.405248226950356,9.72340425531915,10.56078014184397,9.86808510638298,
2008-02-18,35.99764957264957,29.406980056980057,9.726495726495726,10.567450142450141,9.871794871794872,
2008-02-19,35.983119658119655,29.407407407407405,9.727777777777778,10.571438746438746,9.884330484330485,
2008-02-20,35.957478632478626,29.403133903133902,9.723504273504274,10.571438746438746,9.90997150997151,
2008-02-21,35.957478632478626,29.403133903133902,9.723504273504274,10.571438746438746,9.90997150997151,
2008-02-22,35.96191489361702,29.40141843971631,9.720425531914895,10.569007092198582,9.91886524822695,
2008-02-23,35.96191489361702,29.40141843971631,9.720425531914895,10.569007092198582,9.91886524822695,
2008-02-24,35.96191489361702,29.40141843971631,9.720425531914895,10.569007092198582,9.91886524822695,
2008-02-25,35.95320512820513,29.398860398860396,9.723504273504274,10.57571225071225,9.922792022792024,
2008-02-26,35.931837606837604,29.398860398860396,9.727777777777778,10.57571225071225,9.944159544159545,
2008-02-27,35.91047008547008,29.394586894586894,9.727777777777778,10.579985754985755,9.961253561253562,
2008-02-28,35.888626609442056,29.38340486409156,9.739484978540773,10.591058655221746,9.969670958512161,
2008-02-29,35.906196581196575,29.386039886039885,9.727777777777778,10.579985754985755,9.974074074074075,
2008-03-01,35.91510638297872,29.384397163120568,9.72468085106383,10.573262411347518,9.982695035460994,
2008-03-02,35.91546610169491,29.374293785310734,9.721610169491527,10.570833333333333,9.999717514124294,
2008-03-03,35.90234042553191,29.371631205673758,9.72468085106383,10.577517730496455,10.003971631205674,
2008-03-04,35.8931914893617,29.36886524822695,9.726595744680852,10.569007092198582,10.024397163120568,
2008-03-05,35.88468085106383,29.343333333333334,9.730851063829787,10.573262411347518,10.049929078014186,
2008-03-06,35.880425531914895,29.3390780141844,9.735106382978723,10.564751773049645,10.06695035460993,
2008-03-07,35.880425531914895,29.3390780141844,9.735106382978723,10.564751773049645,10.06695035460993,
2008-03-08,35.880425531914895,29.3390780141844,9.735106382978723,10.564751773049645,10.06695035460993,
2008-03-09,35.880425531914895,29.3390780141844,9.735106382978723,10.564751773049645,10.06695035460993,
2008-03-10,35.880425531914895,29.3390780141844,9.735106382978723,10.564751773049645,10.06695035460993,
2008-03-11,35.87191489361702,29.334822695035463,9.73936170212766,10.556241134751772,10.083971631205674,
2008-03-12,35.880932203389825,29.3079802259887,9.744703389830509,10.553884180790961,10.100564971751414,
2008-03-13,35.859148936170214,29.300780141843973,9.747872340425532,10.564751773049645,10.109503546099292,
2008-03-14,35.876694915254234,29.299505649717513,9.744703389830509,10.553884180790961,10.1090395480226,
2008-03-15,35.876694915254234,29.299505649717513,9.744703389830509,10.553884180790961,10.1090395480226,
2008-03-16,35.876694915254234,29.299505649717513,9.744703389830509,10.553884180790961,10.1090395480226,
2008-03-17,35.867659574468085,29.296524822695037,9.747872340425532,10.56049645390071,10.113758865248228,
2008-03-18,35.86127659574468,29.282695035460993,9.75404255319149,10.560070921985814,10.131205673758865,
2008-03-19,35.86610169491525,29.26454802259887,9.75508474576271,10.557697740112992,10.147598870056498,
2008-03-20,35.853389830508476,29.247598870056496,9.76779661016949,10.557697740112992,10.16454802259887,
2008-03-21,35.853389830508476,29.247598870056496,9.76779661016949,10.557697740112992,10.16454802259887,
2008-03-22,35.853389830508476,29.247598870056496,9.76779661016949,10.557697740112992,10.16454802259887,
2008-03-23,35.853389830508476,29.247598870056496,9.76779661016949,10.557697740112992,10.16454802259887,
2008-03-24,35.844255319148935,29.244397163120567,9.771063829787233,10.56432624113475,10.16950354609929,
2008-03-25,35.83076923076923,29.253988603988603,9.77008547008547,10.56673789173789,10.174501424501425,
2008-03-26,35.820085470085466,29.226210826210828,9.778632478632478,10.568874643874642,10.200142450142451,
2008-03-27,35.79785407725322,29.214306151645207,9.7862660944206,10.584191702432044,10.20958512160229,
2008-03-28,35.807264957264955,29.20911680911681,9.782905982905982,10.585968660968659,10.217236467236468,
2008-03-29,35.807264957264955,29.20911680911681,9.782905982905982,10.585968660968659,10.217236467236468,
2008-03-30,35.807264957264955,29.20911680911681,9.782905982905982,10.585968660968659,10.217236467236468,
2008-03-31,35.79356223175966,29.214306151645207,9.781974248927037,10.588483547925607,10.222460658082976,
2008-04-01,35.78512931034483,29.210488505747126,9.786853448275863,10.589727011494253,10.227083333333333,
2008-04-02,35.77219827586207,29.182471264367816,9.793318965517242,10.598347701149425,10.250790229885057,
2008-04-03,35.7774678111588,29.168812589413445,9.798497854077254,10.595779685264663,10.258297567954221,
2008-04-04,35.79123931623931,29.163817663817664,9.795085470085471,10.588960113960114,10.261467236467237,
2008-04-05,35.79123931623931,29.163817663817664,9.795085470085471,10.588960113960114,10.261467236467237,
2008-04-06,35.79123931623931,29.163817663817664,9.795085470085471,10.588960113960114,10.261467236467237,
2008-04-07,35.79123931623931,29.163817663817664,9.795085470085471,10.588960113960114,10.261467236467237,
2008-04-08,35.78269230769231,29.148860398860396,9.799358974358976,10.59537037037037,10.278561253561254,
2008-04-09,35.79212765957447,29.126950354609928,9.800212765957447,10.59709219858156,10.290141843971632,
2008-04-10,35.78269230769231,29.112535612535613,9.801495726495727,10.606054131054131,10.299928774928775,
2008-04-11,35.78269230769231,29.112535612535613,9.801495726495727,10.606054131054131,10.299928774928775,
2008-04-12,35.78269230769231,29.112535612535613,9.801495726495727,10.606054131054131,10.299928774928775,
2008-04-13,35.78269230769231,29.112535612535613,9.801495726495727,10.606054131054131,10.299928774928775,
2008-04-14,35.7774678111588,29.104434907010013,9.804935622317597,10.60865522174535,10.305507868383405,
2008-04-15,35.7774678111588,29.091559370529325,9.80922746781116,10.604363376251788,10.322675250357655,
2008-04-16,35.78696581196581,29.06980056980057,9.805769230769231,10.606054131054131,10.338390313390313,
2008-04-17,35.771030042918454,29.05937052932761,9.811373390557941,10.615092989985694,10.348426323319027,
2008-04-18,35.78910256410256,29.0505698005698,9.807905982905984,10.603917378917378,10.351210826210826,
2008-04-19,35.78910256410256,29.0505698005698,9.807905982905984,10.603917378917378,10.351210826210826,
2008-04-20,35.78910256410256,29.0505698005698,9.807905982905984,10.603917378917378,10.351210826210826,
2008-04-21,35.78910256410256,29.0505698005698,9.807905982905984,10.603917378917378,10.351210826210826,
2008-04-22,35.78226495726496,29.036894586894586,9.81474358974359,10.610327635327636,10.362749287749287,
2008-04-23,35.79170212765957,29.02255319148936,9.815531914893617,10.6077304964539,10.372553191489361,
2008-04-24,35.77799145299145,29.014102564102565,9.81474358974359,10.61460113960114,10.382692307692306,
2008-04-25,35.778936170212766,29.005531914893616,9.819787234042554,10.611985815602837,10.389574468085105,
2008-04-26,35.778936170212766,29.005531914893616,9.819787234042554,10.611985815602837,10.389574468085105,
2008-04-27,35.778936170212766,29.005531914893616,9.819787234042554,10.611985815602837,10.389574468085105,
2008-04-28,35.773717948717945,29.00128205128205,9.8232905982906,10.61460113960114,10.391239316239314,
2008-04-29,35.76517094017094,28.984188034188033,9.829700854700855,10.618874643874644,10.410470085470084,
2008-04-30,35.76517094017094,28.984188034188033,9.829700854700855,10.618874643874644,10.410470085470084,
2008-05-01,35.760897435897434,28.967094017094016,9.83397435897436,10.623148148148148,10.423290598290597,
2008-05-02,35.760897435897434,28.967094017094016,9.83397435897436,10.623148148148148,10.423290598290597,
2008-05-03,35.760897435897434,28.967094017094016,9.83397435897436,10.623148148148148,10.423290598290597,
2008-05-04,35.760897435897434,28.967094017094016,9.83397435897436,10.623148148148148,10.423290598290597,
2008-05-05,35.760897435897434,28.967094017094016,9.83397435897436,10.623148148148148,10.423290598290597,
2008-05-06,35.7491452991453,28.959188034188035,9.841452991452991,10.624002849002848,10.436324786324786,
2008-05-07,35.7491452991453,28.929273504273503,9.841452991452991,10.628276353276352,10.457692307692307,
2008-05-08,35.72660944206008,28.916094420600857,9.849356223175967,10.635264663805435,10.472532188841202,
2008-05-09,35.74487179487179,28.907905982905984,9.845726495726495,10.624002849002848,10.474786324786324,
2008-05-10,35.74487179487179,28.907905982905984,9.845726495726495,10.624002849002848,10.474786324786324,
2008-05-11,35.74487179487179,28.907905982905984,9.845726495726495,10.624002849002848,10.474786324786324,
2008-05-12,35.73948497854077,28.907510729613733,9.849356223175967,10.620243204577967,10.478969957081544,
2008-05-13,35.73948497854077,28.907510729613733,9.849356223175967,10.620243204577967,10.478969957081544,
2008-05-14,35.738461538461536,28.888675213675214,9.854273504273504,10.624002849002848,10.487606837606837,
2008-05-15,35.738461538461536,28.888675213675214,9.854273504273504,10.624002849002848,10.487606837606837,
2008-05-16,35.7395744680851,28.872127659574467,9.86340425531915,10.625602836879432,10.49404255319149,
2008-05-17,35.7395744680851,28.872127659574467,9.86340425531915,10.625602836879432,10.49404255319149,
2008-05-18,35.7395744680851,28.872127659574467,9.86340425531915,10.625602836879432,10.49404255319149,
2008-05-19,35.74273504273504,28.86730769230769,9.862820512820512,10.619729344729343,10.496153846153845,
2008-05-20,35.74957264957265,28.85705128205128,9.868589743589743,10.613960113960113,10.506623931623933,
2008-05-21,35.73675213675214,28.835683760683757,9.868589743589743,10.622507122507121,10.532264957264958,
2008-05-22,35.73787234042553,28.819361702127658,9.87340425531915,10.62836879432624,10.542765957446809,
2008-05-23,35.73787234042553,28.819361702127658,9.87340425531915,10.62836879432624,10.542765957446809,
2008-05-24,35.73787234042553,28.819361702127658,9.87340425531915,10.62836879432624,10.542765957446809,
2008-05-25,35.73787234042553,28.819361702127658,9.87340425531915,10.62836879432624,10.542765957446809,
2008-05-26,35.73787234042553,28.819361702127658,9.87340425531915,10.62836879432624,10.542765957446809,
2008-05-27,35.73574468085106,28.808723404255318,9.877659574468085,10.621985815602836,10.559787234042554,
2008-05-28,35.73262711864407,28.784110169491523,9.882415254237289,10.627824858757062,10.574364406779662,
2008-05-29,35.72723404255319,28.778936170212763,9.88191489361702,10.630496453900708,10.581063829787235,
2008-05-30,35.74533898305084,28.762923728813558,9.882415254237289,10.623587570621469,10.582838983050848,
2008-05-31,35.74533898305084,28.762923728813558,9.882415254237289,10.623587570621469,10.582838983050848,
2008-06-01,35.74533898305084,28.762923728813558,9.882415254237289,10.623587570621469,10.582838983050848,
2008-06-02,35.74851063829787,28.766170212765953,9.886170212765958,10.6177304964539,10.58531914893617,
2008-06-03,35.74851063829787,28.744893617021273,9.890425531914893,10.621985815602836,10.602340425531915,
2008-06-04,35.74957627118644,28.707838983050845,9.899364406779661,10.632062146892654,10.620974576271188,
2008-06-05,35.73262711864407,28.678177966101693,9.914194915254237,10.646892655367232,10.642161016949153,
2008-06-06,35.73262711864407,28.678177966101693,9.914194915254237,10.646892655367232,10.642161016949153,
2008-06-07,35.73262711864407,28.678177966101693,9.914194915254237,10.646892655367232,10.642161016949153,
2008-06-08,35.73262711864407,28.678177966101693,9.914194915254237,10.646892655367232,10.642161016949153,
2008-06-09,35.73574468085106,28.66829787234042,9.918085106382978,10.645390070921986,10.644893617021278,
2008-06-10,35.73703703703704,28.663319088319085,9.918874643874643,10.641737891737892,10.648646723646724,
2008-06-11,35.72964539007092,28.63496453900709,9.923475177304963,10.653900709219858,10.667163120567375,
2008-06-12,35.72964539007092,28.63496453900709,9.923475177304963,10.653900709219858,10.667163120567375,
2008-06-13,35.73714689265537,28.619562146892655,9.925918079096045,10.655367231638417,10.672810734463276,
2008-06-14,35.73714689265537,28.619562146892655,9.925918079096045,10.655367231638417,10.672810734463276,
2008-06-15,35.73714689265537,28.619562146892655,9.925918079096045,10.655367231638417,10.672810734463276,
2008-06-16,35.7445390070922,28.609432624113474,9.925602836879431,10.653900709219858,10.675673758865248,
2008-06-17,35.75626780626781,28.603490028490025,9.929558404558403,10.643874643874643,10.678561253561254,
2008-06-18,35.75304964539007,28.57964539007092,9.931985815602836,10.651773049645389,10.69482269503546,
2008-06-19,35.75304964539007,28.57964539007092,9.931985815602836,10.651773049645389,10.69482269503546,
2008-06-20,35.75304964539007,28.57964539007092,9.931985815602836,10.651773049645389,10.69482269503546,
2008-06-21,35.75304964539007,28.57964539007092,9.931985815602836,10.651773049645389,10.69482269503546,
2008-06-22,35.75304964539007,28.57964539007092,9.931985815602836,10.651773049645389,10.69482269503546,
2008-06-23,35.76054131054131,28.56930199430199,9.93596866096866,10.646011396011396,10.697792022792022,
2008-06-24,35.76695156695157,28.55776353276353,9.937464387464388,10.643660968660969,10.712321937321937,
2008-06-25,35.771225071225075,28.527849002849003,9.933190883190884,10.647934472934473,10.73368945868946,
2008-06-26,35.771225071225075,28.527849002849003,9.933190883190884,10.647934472934473,10.73368945868946,
2008-06-27,35.77645390070922,28.504326241134752,9.941985815602838,10.649432624113476,10.739078014184397,
2008-06-28,35.77645390070922,28.504326241134752,9.941985815602838,10.649432624113476,10.739078014184397,
2008-06-29,35.77645390070922,28.504326241134752,9.941985815602838,10.649432624113476,10.739078014184397,
2008-06-30,35.77645390070922,28.504326241134752,9.941985815602838,10.649432624113476,10.739078014184397,
2008-07-01,35.78831908831909,28.50434472934473,9.941737891737892,10.639387464387465,10.742236467236468,
2008-07-02,35.78831908831909,28.48725071225071,9.937464387464388,10.643660968660969,10.761467236467237,
2008-07-03,35.784045584045586,28.461609686609684,9.9502849002849,10.647934472934473,10.787108262108262,
2008-07-04,35.784045584045586,28.461609686609684,9.9502849002849,10.647934472934473,10.787108262108262,
2008-07-05,35.784045584045586,28.461609686609684,9.9502849002849,10.647934472934473,10.787108262108262,
2008-07-06,35.784045584045586,28.461609686609684,9.9502849002849,10.647934472934473,10.787108262108262,
2008-07-07,35.784045584045586,28.461609686609684,9.9502849002849,10.647934472934473,10.787108262108262,
2008-07-08,35.79173789173789,28.44565527065527,9.951424501424503,10.639245014245015,10.805341880341881,
2008-07-09,35.796011396011394,28.411467236467235,9.959971509971512,10.643518518518519,10.822435897435899,
2008-07-10,35.79942775393419,28.408941344778253,9.959799713876968,10.63340486409156,10.830257510729615,
2008-07-11,35.808831908831905,28.394373219373218,9.962108262108263,10.63283475783476,10.835256410256411,
2008-07-12,35.808831908831905,28.394373219373218,9.962108262108263,10.63283475783476,10.835256410256411,
2008-07-13,35.808831908831905,28.394373219373218,9.962108262108263,10.63283475783476,10.835256410256411,
2008-07-14,35.808831908831905,28.394373219373218,9.962108262108263,10.63283475783476,10.835256410256411,
2008-07-15,35.81310541310541,28.381552706552704,9.964245014245016,10.628561253561255,10.848076923076924,
2008-07-16,35.81390070921986,28.358652482269502,9.96439716312057,10.638652482269505,10.857234042553193,
2008-07-17,35.81390070921986,28.358652482269502,9.96439716312057,10.638652482269505,10.857234042553193,
2008-07-18,35.81390070921986,28.358652482269502,9.96439716312057,10.638652482269505,10.857234042553193,
2008-07-19,35.81390070921986,28.358652482269502,9.96439716312057,10.638652482269505,10.857234042553193,
2008-07-20,35.81390070921986,28.358652482269502,9.96439716312057,10.638652482269505,10.857234042553193,
2008-07-21,35.81390070921986,28.358652482269502,9.96439716312057,10.638652482269505,10.857234042553193,
2008-07-22,35.83219858156028,28.347163120567373,9.964822695035462,10.631843971631206,10.865744680851066,
2008-07-23,35.840709219858155,28.323758865248227,9.96695035460993,10.629716312056736,10.884893617021278,
2008-07-24,35.83714689265536,28.318149717514125,9.975564971751414,10.631285310734462,10.885381355932205,
2008-07-25,35.83714689265536,28.318149717514125,9.975564971751414,10.631285310734462,10.885381355932205,
2008-07-26,35.83714689265536,28.318149717514125,9.975564971751414,10.631285310734462,10.885381355932205,
2008-07-27,35.83714689265536,28.318149717514125,9.975564971751414,10.631285310734462,10.885381355932205,
2008-07-28,35.83714689265536,28.318149717514125,9.975564971751414,10.631285310734462,10.885381355932205,
2008-07-29,35.85347517730496,28.315248226950352,9.975460992907802,10.621205673758864,10.889148936170214,
2008-07-30,35.856214689265535,28.29484463276836,9.975564971751414,10.627048022598869,10.900211864406781,
2008-07-31,35.856214689265535,28.29484463276836,9.975564971751414,10.627048022598869,10.900211864406781,
2008-08-01,35.856214689265535,28.29484463276836,9.975564971751414,10.627048022598869,10.900211864406781,
2008-08-02,35.856214689265535,28.29484463276836,9.975564971751414,10.627048022598869,10.900211864406781,
2008-08-03,35.856214689265535,28.29484463276836,9.975564971751414,10.627048022598869,10.900211864406781,
2008-08-04,35.856214689265535,28.29484463276836,9.975564971751414,10.627048022598869,10.900211864406781,
2008-08-05,35.873617021276594,28.29,9.975602836879434,10.616241134751773,10.902198581560285,
2008-08-06,35.876271186440675,28.269703389830507,9.975706214689266,10.619985875706215,10.915324858757064,
2008-08-07,35.876271186440675,28.244279661016947,9.984180790960453,10.619985875706215,10.944985875706216,
2008-08-08,35.876271186440675,28.244279661016947,9.984180790960453,10.619985875706215,10.944985875706216,
2008-08-09,35.876271186440675,28.244279661016947,9.984180790960453,10.619985875706215,10.944985875706216,
2008-08-10,35.876271186440675,28.244279661016947,9.984180790960453,10.619985875706215,10.944985875706216,
2008-08-11,35.876271186440675,28.244279661016947,9.984180790960453,10.619985875706215,10.944985875706216,
2008-08-12,35.894893617021275,28.241063829787233,9.984113475177306,10.605602836879433,10.95113475177305,
2008-08-13,35.89745762711864,28.214618644067794,9.988418079096046,10.609392655367232,10.964053672316386,
2008-08-14,35.907659574468084,28.209148936170212,9.988368794326242,10.599219858156028,10.972411347517731,
2008-08-15,35.925,28.195550847457625,9.988418079096046,10.592443502824858,10.972528248587572,
2008-08-16,35.925,28.195550847457625,9.988418079096046,10.592443502824858,10.972528248587572,
2008-08-17,35.925,28.195550847457625,9.988418079096046,10.592443502824858,10.972528248587572,
2008-08-18,35.925,28.195550847457625,9.988418079096046,10.592443502824858,10.972528248587572,
2008-08-19,35.94872881355932,28.182838983050846,9.986299435028249,10.583121468926555,10.978884180790962,
2008-08-20,35.951054852320674,28.156751054852318,9.98846694796062,10.591209563994374,10.991631504922646,
2008-08-21,35.95084745762712,28.1489406779661,9.99265536723164,10.589477401129944,11.00430790960452,
2008-08-22,35.95527426160337,28.135654008438816,9.99268635724332,10.595428973277075,11.012728551336147,
2008-08-23,35.95527426160337,28.135654008438816,9.99268635724332,10.595428973277075,11.012728551336147,
2008-08-24,35.95527426160337,28.135654008438816,9.99268635724332,10.595428973277075,11.012728551336147,
2008-08-25,35.963865546218486,28.1140756302521,9.996918767507003,10.601330532212886,11.02107843137255,
2008-08-26,35.98691983122363,28.108227848101265,9.996905766526021,10.591209563994374,11.021167369901548,
2008-08-27,35.99746835443038,28.082911392405062,9.99901547116737,10.582770745428974,11.04226441631505,
2008-08-28,35.99746835443038,28.082911392405062,9.99901547116737,10.582770745428974,11.04226441631505,
2008-08-29,35.99746835443038,28.082911392405062,9.99901547116737,10.582770745428974,11.04226441631505,
2008-08-30,35.99746835443038,28.082911392405062,9.99901547116737,10.582770745428974,11.04226441631505,
2008-08-31,35.99746835443038,28.082911392405062,9.99901547116737,10.582770745428974,11.04226441631505,
2008-09-01,35.99746835443038,28.082911392405062,9.99901547116737,10.582770745428974,11.04226441631505,
2008-09-02,36.02067510548523,28.06814345991561,10.00112517580872,10.570112517580872,11.057032348804501,
2008-09-03,36.02478991596639,28.03844537815126,10.001120448179273,10.580322128851542,11.069397759103643,
2008-09-04,36.024686192468614,28.02991631799163,10.001115760111578,10.582078103207811,11.077475592747561,
2008-09-05,36.024686192468614,28.02991631799163,10.001115760111578,10.582078103207811,11.077475592747561,
2008-09-06,36.024686192468614,28.02991631799163,10.001115760111578,10.582078103207811,11.077475592747561,
2008-09-07,36.024686192468614,28.02991631799163,10.001115760111578,10.582078103207811,11.077475592747561,
2008-09-08,36.05,28.021638655462183,10.001120448179273,10.571918767507004,11.07780112044818,
2008-09-09,36.06162464985995,28.009453781512605,9.99642857142857,10.564285714285715,11.093417366946777,
2008-09-10,36.06136680613668,28.001046025104603,9.99644351464435,10.57029288702929,11.097210599721059,
2008-09-11,36.08019525801953,27.984309623430963,9.99225941422594,10.559832635983264,11.113947001394699,
2008-09-12,36.09652777777778,27.976041666666667,9.988124999999998,10.553333333333335,11.11347222222222,
2008-09-13,36.09652777777778,27.976041666666667,9.988124999999998,10.553333333333335,11.11347222222222,
2008-09-14,36.12622036262204,27.967573221757323,9.99225941422594,10.534728033472804,11.118131101813109,
2008-09-15,36.12622036262204,27.967573221757323,9.99225941422594,10.534728033472804,11.118131101813109,
2008-09-16,36.15196078431373,27.959033613445378,9.992226890756301,10.52016806722689,11.12282913165266,
2008-09-17,36.152998605299864,27.950278940027893,9.989888423988841,10.522594142259415,11.129986052998605,
2008-09-18,36.16624649859944,27.9374649859944,9.994047619047619,10.51218487394958,11.14733893557423,
2008-09-19,36.169735006973504,27.929358437935843,9.994072524407251,10.518410041841005,11.150906555090655,
2008-09-20,36.169735006973504,27.929358437935843,9.994072524407251,10.518410041841005,11.150906555090655,
2008-09-21,36.169735006973504,27.929358437935843,9.994072524407251,10.518410041841005,11.150906555090655,
2008-09-22,36.169735006973504,27.929358437935843,9.994072524407251,10.518410041841005,11.150906555090655,
2008-09-23,36.194839609483964,27.908437935843793,9.991980474198046,10.50376569037657,11.16555090655509,
2008-09-24,36.219944211994424,27.874965132496513,9.987796373779636,10.49539748953975,11.18647140864714,
2008-09-25,36.219944211994424,27.874965132496513,9.987796373779636,10.49539748953975,11.18647140864714,
2008-09-26,36.219944211994424,27.874965132496513,9.987796373779636,10.49539748953975,11.18647140864714,
2008-09-27,36.219944211994424,27.874965132496513,9.987796373779636,10.49539748953975,11.18647140864714,
2008-09-28,36.219944211994424,27.874965132496513,9.987796373779636,10.49539748953975,11.18647140864714,
2008-09-29,36.219944211994424,27.874965132496513,9.987796373779636,10.49539748953975,11.18647140864714,
2008-09-30,36.25028011204482,27.863935574229693,9.98564425770308,10.47857142857143,11.191456582633053,
2008-10-01,36.24714086471409,27.854044630404463,9.981520223152021,10.48284518828452,11.201115760111575,
2008-10-02,36.25550906555091,27.824755927475593,9.985704323570431,10.49121338912134,11.213668061366805,
2008-10-03,36.25550906555091,27.824755927475593,9.985704323570431,10.49121338912134,11.213668061366805,
2008-10-04,36.25550906555091,27.824755927475593,9.985704323570431,10.49121338912134,11.213668061366805,
2008-10-05,36.25550906555091,27.824755927475593,9.985704323570431,10.49121338912134,11.213668061366805,
2008-10-06,36.27507002801121,27.813935574229696,9.98144257703081,10.481512605042017,11.22170868347339,
2008-10-07,36.30365682137834,27.798382559774968,9.979254571026722,10.468776371308017,11.228973277074545,
2008-10-08,36.307876230661044,27.775175808720114,9.975035161744021,10.472995780590717,11.245850914205345,
2008-10-09,36.33036723163842,27.761511299435032,9.974929378531073,10.458050847457626,11.255367231638418,
2008-10-10,36.33741209563995,27.74985935302391,9.96659634317862,10.460337552742615,11.258509142053446,
2008-10-11,36.33741209563995,27.74985935302391,9.96659634317862,10.460337552742615,11.258509142053446,
2008-10-12,36.33741209563995,27.74985935302391,9.96659634317862,10.460337552742615,11.258509142053446,
2008-10-13,36.33741209563995,27.74985935302391,9.96659634317862,10.460337552742615,11.258509142053446,
2008-10-14,36.36426553672317,27.742443502824862,9.962217514124292,10.445338983050847,11.263841807909605,
2008-10-15,36.35569620253164,27.72946554149086,9.96237693389592,10.454711673699014,11.271167369901548,
2008-10-16,36.36567796610169,27.715607344632772,9.962217514124292,10.452401129943501,11.280790960451979,
2008-10-17,36.36567796610169,27.715607344632772,9.962217514124292,10.452401129943501,11.280790960451979,
2008-10-18,36.36567796610169,27.715607344632772,9.962217514124292,10.452401129943501,11.280790960451979,
2008-10-19,36.36567796610169,27.715607344632772,9.962217514124292,10.452401129943501,11.280790960451979,
2008-10-20,36.392765957446805,27.710141843971634,9.95354609929078,10.441560283687942,11.281985815602837,
2008-10-21,36.424680851063826,27.696524822695036,9.950567375886525,10.429645390070922,11.288794326241135,
2008-10-22,36.4445390070922,27.67099290780142,9.94063829787234,10.426808510638297,11.30581560283688,
2008-10-23,36.4445390070922,27.67099290780142,9.94063829787234,10.426808510638297,11.30581560283688,
2008-10-24,36.45112994350283,27.65967514124294,9.93665254237288,10.429237288135592,11.3045197740113,
2008-10-25,36.45112994350283,27.65967514124294,9.93665254237288,10.429237288135592,11.3045197740113,
2008-10-26,36.45112994350283,27.65967514124294,9.93665254237288,10.429237288135592,11.3045197740113,
2008-10-27,36.482836879432625,27.64971631205674,9.932127659574467,10.414042553191488,11.30581560283688,
2008-10-28,36.495602836879435,27.632695035460994,9.94063829787234,10.405531914893617,11.314326241134752,
2008-10-29,36.49350282485876,27.617302259887005,9.932415254237286,10.416525423728812,11.321468926553672,
2008-10-30,36.499858156028374,27.60290780141844,9.936382978723403,10.414042553191488,11.335602836879433,
2008-10-31,36.499858156028374,27.60290780141844,9.936382978723403,10.414042553191488,11.335602836879433,
2008-11-01,36.499858156028374,27.60290780141844,9.936382978723403,10.414042553191488,11.335602836879433,
2008-11-02,36.499858156028374,27.60290780141844,9.936382978723403,10.414042553191488,11.335602836879433,
2008-11-03,36.52293447293447,27.592450142450144,9.933119658119658,10.40448717948718,11.33874643874644,
2008-11-04,36.5552217453505,27.58640915593705,9.932832618025751,10.384763948497854,11.340200286123034,
2008-11-05,36.563805436337624,27.560658082975678,9.919957081545064,10.389055793991417,11.361659513590846,
2008-11-06,36.55925925925926,27.549715099715097,9.922435897435896,10.393803418803419,11.36866096866097,
2008-11-07,36.573900709219856,27.53886524822695,9.918510638297873,10.396382978723405,11.362836879432624,
2008-11-08,36.573900709219856,27.53886524822695,9.918510638297873,10.396382978723405,11.362836879432624,
2008-11-09,36.573900709219856,27.53886524822695,9.918510638297873,10.396382978723405,11.362836879432624,
2008-11-10,36.573900709219856,27.53886524822695,9.918510638297873,10.396382978723405,11.362836879432624,
2008-11-11,36.6019943019943,27.53048433048433,9.91602564102564,10.380982905982906,11.366524216524217,
2008-11-12,36.599432624113476,27.517588652482267,9.912127659574468,10.39,11.373475177304966,
2008-11-13,36.6019943019943,27.502706552706552,9.911752136752137,10.391666666666667,11.387891737891739,
2008-11-14,36.603687943262415,27.49205673758865,9.916382978723403,10.394255319148936,11.394751773049647,
2008-11-15,36.603687943262415,27.49205673758865,9.916382978723403,10.394255319148936,11.394751773049647,
2008-11-16,36.623361823361826,27.48133903133903,9.91602564102564,10.387393162393163,11.404985754985756,
2008-11-17,36.643204577968525,27.470529327610873,9.915665236051503,10.380472103004292,11.406723891273248,
2008-11-18,36.6632183908046,27.468247126436783,9.910991379310344,10.373491379310344,11.408477011494254,
2008-11-19,36.6590844062947,27.457081545064376,9.912517882689556,10.380758226037196,11.412875536480687,
2008-11-20,36.647720797720794,27.446581196581196,9.912891737891739,10.391951566951567,11.41965811965812,
2008-11-21,36.657730496453894,27.43617021276596,9.913262411347517,10.394539007092199,11.413617021276597,
2008-11-22,36.657730496453894,27.43617021276596,9.913262411347517,10.394539007092199,11.413617021276597,
2008-11-23,36.657730496453894,27.43617021276596,9.913262411347517,10.394539007092199,11.413617021276597,
2008-11-24,36.673361823361816,27.42948717948718,9.908618233618235,10.391951566951567,11.415384615384616,
2008-11-25,36.68912732474964,27.435622317596568,9.903934191702433,10.380758226037196,11.41716738197425,
2008-11-26,36.6934191702432,27.40343347639485,9.903934191702433,10.389341917024321,11.43862660944206,
2008-11-27,36.6934191702432,27.40343347639485,9.903934191702433,10.389341917024321,11.43862660944206,
2008-11-28,36.6934191702432,27.40343347639485,9.903934191702433,10.389341917024321,11.43862660944206,
2008-11-29,36.6934191702432,27.40343347639485,9.903934191702433,10.389341917024321,11.43862660944206,
2008-11-30,36.6934191702432,27.40343347639485,9.903934191702433,10.389341917024321,11.43862660944206,
2008-12-01,36.6934191702432,27.40343347639485,9.903934191702433,10.389341917024321,11.43862660944206,
2008-12-02,36.70933908045976,27.398706896551722,9.901364942528737,10.382399425287357,11.442672413793105,
2008-12-03,36.71795977011494,27.36853448275862,9.894899425287356,10.388864942528736,11.462068965517243,
2008-12-04,36.71795977011494,27.334051724137932,9.903520114942529,10.401795977011494,11.479310344827587,
2008-12-05,36.71795977011494,27.334051724137932,9.903520114942529,10.401795977011494,11.479310344827587,
2008-12-06,36.71795977011494,27.334051724137932,9.903520114942529,10.401795977011494,11.479310344827587,
2008-12-07,36.71795977011494,27.334051724137932,9.903520114942529,10.401795977011494,11.479310344827587,
2008-12-08,36.72106782106782,27.318181818181817,9.903102453102454,10.403535353535354,11.49004329004329,
2008-12-09,36.73174603174603,27.298845598845595,9.906132756132756,10.40007215007215,11.503463203463204,
2008-12-10,36.737212643678156,27.28031609195402,9.910847701149425,10.406968390804597,11.501293103448276,
2008-12-11,36.737212643678156,27.28031609195402,9.910847701149425,10.406968390804597,11.501293103448276,
2008-12-12,36.740486409155935,27.26838340486409,9.913376251788268,10.413805436337624,11.499141630901288,
2008-12-13,36.740486409155935,27.26838340486409,9.913376251788268,10.413805436337624,11.499141630901288,
2008-12-14,36.740486409155935,27.26838340486409,9.913376251788268,10.413805436337624,11.499141630901288,
2008-12-15,36.740486409155935,27.26838340486409,9.913376251788268,10.413805436337624,11.499141630901288,
2008-12-16,36.75765379113018,27.25121602288984,9.909084406294706,10.413805436337624,11.507725321888413,
2008-12-17,36.75854700854701,27.240028490028486,9.911894586894586,10.421011396011396,11.51054131054131,
2008-12-18,36.75854700854701,27.240028490028486,9.911894586894586,10.421011396011396,11.51054131054131,
2008-12-19,36.759574468085106,27.22624113475177,9.916524822695035,10.427730496453902,11.508368794326241,
2008-12-20,36.759574468085106,27.22624113475177,9.916524822695035,10.427730496453902,11.508368794326241,
2008-12-21,36.759574468085106,27.22624113475177,9.916524822695035,10.427730496453902,11.508368794326241,
2008-12-22,36.76059322033898,27.212570621468924,9.916878531073445,10.434392655367233,11.51045197740113,
2008-12-23,36.769067796610166,27.199858757062145,9.916878531073445,10.438629943502825,11.518926553672317,
2008-12-24,36.772340425531915,27.187943262411345,9.9122695035461,10.436241134751773,11.533900709219859,
2008-12-25,36.772340425531915,27.187943262411345,9.9122695035461,10.436241134751773,11.533900709219859,
2008-12-26,36.772340425531915,27.187943262411345,9.9122695035461,10.436241134751773,11.533900709219859,
2008-12-27,36.772340425531915,27.187943262411345,9.9122695035461,10.436241134751773,11.533900709219859,
2008-12-28,36.772340425531915,27.187943262411345,9.9122695035461,10.436241134751773,11.533900709219859,
2008-12-29,36.772340425531915,27.187943262411345,9.9122695035461,10.436241134751773,11.533900709219859,
2008-12-30,36.784188034188034,27.175925925925924,9.907621082621082,10.433831908831909,11.544729344729344,
2008-12-31,36.784188034188034,27.175925925925924,9.907621082621082,10.433831908831909,11.544729344729344,
2009-01-01,36.78969957081545,27.15736766809728,9.90937052932761,10.433547925608012,11.55994277539342,
2009-01-02,36.78969957081545,27.15736766809728,9.90937052932761,10.433547925608012,11.55994277539342,
2009-01-03,36.78969957081545,27.15736766809728,9.90937052932761,10.433547925608012,11.55994277539342,
2009-01-04,36.78969957081545,27.15736766809728,9.90937052932761,10.433547925608012,11.55994277539342,
2009-01-05,36.78969957081545,27.15736766809728,9.90937052932761,10.433547925608012,11.55994277539342,
2009-01-06,36.80172413793103,27.145114942528732,9.904669540229884,10.426795977011496,11.570977011494254,
2009-01-07,36.80042918454936,27.131616595135906,9.90722460658083,10.435693848354793,11.568526466380543,
2009-01-08,36.80128205128205,27.126780626780626,9.907621082621082,10.446652421652422,11.561823361823363,
2009-01-09,36.814893617021276,27.121985815602834,9.89950354609929,10.449007092198583,11.55517730496454,
2009-01-10,36.814893617021276,27.121985815602834,9.89950354609929,10.449007092198583,11.55517730496454,
2009-01-11,36.814893617021276,27.121985815602834,9.89950354609929,10.449007092198583,11.55517730496454,
2009-01-12,36.82393162393162,27.110541310541308,9.898646723646724,10.440669515669516,11.562250712250712,
2009-01-13,36.83175965665236,27.093848354792556,9.898211731044348,10.433977110157368,11.577539341917024,
2009-01-14,36.82820512820513,27.087037037037035,9.896509971509971,10.442806267806269,11.577207977207976,
2009-01-15,36.82820512820513,27.087037037037035,9.896509971509971,10.442806267806269,11.577207977207976,
2009-01-16,36.82820512820513,27.087037037037035,9.896509971509971,10.442806267806269,11.577207977207976,
2009-01-17,36.82820512820513,27.087037037037035,9.896509971509971,10.442806267806269,11.577207977207976,
2009-01-18,36.82820512820513,27.087037037037035,9.896509971509971,10.442806267806269,11.577207977207976,
2009-01-19,36.84248927038626,27.070243204577967,9.896065808297568,10.433977110157368,11.58826895565093,
2009-01-20,36.84248927038626,27.070243204577967,9.896065808297568,10.433977110157368,11.58826895565093,
2009-01-21,36.844635193133044,27.042346208869812,9.891773962804006,10.444706723891274,11.603290414878398,
2009-01-22,36.844635193133044,27.042346208869812,9.891773962804006,10.444706723891274,11.603290414878398,
2009-01-23,36.84102564102564,27.035754985754984,9.896509971509971,10.455626780626782,11.598575498575498,
2009-01-24,36.84102564102564,27.035754985754984,9.896509971509971,10.455626780626782,11.598575498575498,
2009-01-25,36.84102564102564,27.035754985754984,9.896509971509971,10.455626780626782,11.598575498575498,
2009-01-26,36.85321888412017,27.02303290414878,9.891773962804006,10.448998569384836,11.60972818311874,
2009-01-27,36.84551282051282,27.01417378917379,9.895655270655272,10.462250712250711,11.610327635327636,
2009-01-28,36.85405982905983,26.971438746438746,9.891381766381768,10.479344729344728,11.627421652421653,
2009-01-29,36.85343347639485,26.958440629470672,9.890915593705294,10.48140200286123,11.642989985693848,
2009-01-30,36.85405982905983,26.95434472934473,9.887108262108264,10.496438746438745,11.631695156695157,
2009-01-31,36.85405982905983,26.95434472934473,9.887108262108264,10.496438746438745,11.631695156695157,
2009-02-01,36.85405982905983,26.95434472934473,9.887108262108264,10.496438746438745,11.631695156695157,
2009-02-02,36.85405982905983,26.95434472934473,9.887108262108264,10.496438746438745,11.631695156695157,
2009-02-03,36.8706008583691,26.941273247496422,9.88233190271817,10.494277539341917,11.638698140200287,
2009-02-04,36.858333333333334,26.92656695156695,9.887108262108264,10.517806267806268,11.638105413105412,
2009-02-05,36.84617021276596,26.91836879432624,9.891843971631205,10.541134751773049,11.635390070921986,
2009-02-06,36.84617021276596,26.91836879432624,9.891843971631205,10.541134751773049,11.635390070921986,
2009-02-07,36.84617021276596,26.91836879432624,9.891843971631205,10.541134751773049,11.635390070921986,
2009-02-08,36.84617021276596,26.91836879432624,9.891843971631205,10.541134751773049,11.635390070921986,
2009-02-09,36.84617021276596,26.91836879432624,9.891843971631205,10.541134751773049,11.635390070921986,
2009-02-10,36.84340425531915,26.891134751773052,9.894184397163121,10.556666666666667,11.645602836879434,
2009-02-11,36.831355932203394,26.874646892655367,9.894632768361584,10.588206214689265,11.642867231638418,
2009-02-12,36.84340425531915,26.861347517730497,9.898439716312058,10.58645390070922,11.649858156028369,
2009-02-13,36.84830508474577,26.8534604519774,9.898870056497177,10.596680790960452,11.642867231638418,
2009-02-14,36.84830508474577,26.8534604519774,9.898870056497177,10.596680790960452,11.642867231638418,
2009-02-15,36.84830508474577,26.8534604519774,9.898870056497177,10.596680790960452,11.642867231638418,
2009-02-16,36.86468085106383,26.844326241134752,9.894184397163121,10.594964539007092,11.649858156028369,
2009-02-17,36.85889830508475,26.838629943502827,9.898870056497177,10.613629943502824,11.642867231638418,
2009-02-18,36.85042372881356,26.800494350282488,9.894632768361584,10.64752824858757,11.659816384180791,
2009-02-19,36.833474576271186,26.779307909604523,9.90310734463277,10.67295197740113,11.67252824858757,
2009-02-20,36.833474576271186,26.779307909604523,9.90310734463277,10.67295197740113,11.67252824858757,
2009-02-21,36.833474576271186,26.779307909604523,9.90310734463277,10.67295197740113,11.67252824858757,
2009-02-22,36.833474576271186,26.779307909604523,9.90310734463277,10.67295197740113,11.67252824858757,
2009-02-23,36.84553191489362,26.765602836879435,9.902695035460994,10.671560283687944,11.679645390070922,
2009-02-24,36.840254237288136,26.756850282485875,9.907344632768362,10.689053672316385,11.675918079096046,
2009-02-25,36.825423728813554,26.729307909604522,9.905225988700566,10.720833333333333,11.690748587570623,
2009-02-26,36.825423728813554,26.729307909604522,9.905225988700566,10.720833333333333,11.690748587570623,
2009-02-27,36.825423728813554,26.729307909604522,9.905225988700566,10.720833333333333,11.690748587570623,
2009-02-28,36.825423728813554,26.729307909604522,9.905225988700566,10.720833333333333,11.690748587570623,
2009-03-01,36.825423728813554,26.729307909604522,9.905225988700566,10.720833333333333,11.690748587570623,
2009-03-02,36.8331914893617,26.719645390070923,9.900567375886526,10.719645390070923,11.702198581560285,
2009-03-03,36.81271186440678,26.71659604519774,9.905225988700566,10.737782485875707,11.703460451977403,
2009-03-04,36.79662447257384,26.705133614627286,9.909845288326302,10.764205344585092,11.700492264416315,
2009-03-05,36.77552742616034,26.684036568213784,9.918284106891702,10.797960618846695,11.708931082981717,
2009-03-06,36.77647058823529,26.672759103641457,9.918627450980393,10.8156162464986,11.701750700280114,
2009-03-07,36.77647058823529,26.672759103641457,9.918627450980393,10.8156162464986,11.701750700280114,
2009-03-08,36.77647058823529,26.672759103641457,9.918627450980393,10.8156162464986,11.701750700280114,
2009-03-09,36.779746835443035,26.662939521800283,9.914064697609003,10.819057665260198,11.713150492264417,
2009-03-10,36.77088607594936,26.64606188466948,9.911533052039383,10.838466947960619,11.719057665260198,
2009-03-11,36.76244725738396,26.624964838255977,9.907313642756682,10.868002812939523,11.727496483825599,
2009-03-12,36.76244725738396,26.624964838255977,9.907313642756682,10.868002812939523,11.727496483825599,
2009-03-13,36.76244725738396,26.624964838255977,9.907313642756682,10.868002812939523,11.727496483825599,
2009-03-14,36.76244725738396,26.624964838255977,9.907313642756682,10.868002812939523,11.727496483825599,
2009-03-15,36.76244725738396,26.624964838255977,9.907313642756682,10.868002812939523,11.727496483825599,
2009-03-16,36.76991525423728,26.61066384180791,9.90268361581921,10.871680790960452,11.739053672316386,
2009-03-17,36.758227848101264,26.605977496483828,9.907313642756682,10.893319268635725,11.7317158931083,
2009-03-18,36.74243697478991,26.595028011204484,9.907703081232494,10.918977591036414,11.728641456582634,
2009-03-19,36.74135021097046,26.576441631504924,9.911533052039383,10.927074542897328,11.7401547116737,
2009-03-20,36.725630252100835,26.578221288515408,9.911904761904763,10.948389355742297,11.732843137254903,
2009-03-21,36.725630252100835,26.578221288515408,9.911904761904763,10.948389355742297,11.732843137254903,
2009-03-22,36.725630252100835,26.578221288515408,9.911904761904763,10.948389355742297,11.732843137254903,
2009-03-23,36.72869198312236,26.56378340365682,9.911533052039383,10.95239099859353,11.7401547116737,
2009-03-24,36.71680672268908,26.56372549019608,9.912955182072832,10.968347338935574,11.737044817927172,
2009-03-25,36.70840336134454,26.534313725490197,9.908753501400563,10.989355742296919,11.749649859943979,
2009-03-26,36.70840336134454,26.534313725490197,9.908753501400563,10.989355742296919,11.749649859943979,
2009-03-27,36.709623430962345,26.527894002789402,9.90495118549512,11.006136680613668,11.742329149232916,
2009-03-28,36.709623430962345,26.527894002789402,9.90495118549512,11.006136680613668,11.742329149232916,
2009-03-29,36.709623430962345,26.527894002789402,9.90495118549512,11.006136680613668,11.742329149232916,
2009-03-30,36.709623430962345,26.527894002789402,9.90495118549512,11.006136680613668,11.742329149232916,
2009-03-31,36.701255230125525,26.519525801952582,9.8965829846583,11.031241283124128,11.750697350069736,
2009-04-01,36.690000000000005,26.513194444444444,9.89701388888889,11.056111111111111,11.74340277777778,
2009-04-02,36.678838174273864,26.51106500691563,9.901590594744123,11.072475795297372,11.740318118948826,
2009-04-03,36.678838174273864,26.51106500691563,9.901590594744123,11.072475795297372,11.740318118948826,
2009-04-04,36.678838174273864,26.51106500691563,9.901590594744123,11.072475795297372,11.740318118948826,
2009-04-05,36.678838174273864,26.51106500691563,9.901590594744123,11.072475795297372,11.740318118948826,
2009-04-06,36.682291666666664,26.495069444444443,9.90451388888889,11.073819444444444,11.746736111111112,
2009-04-07,36.67946058091286,26.484716459197788,9.904910096818812,11.094260027662518,11.739488243430152,
2009-04-08,36.67116182572614,26.463969571230983,9.90076071922545,11.115006915629323,11.751936376210235,
2009-04-09,36.662863070539416,26.441147994467496,9.902835408022131,11.139903181189489,11.756085753803596,
2009-04-10,36.662863070539416,26.441147994467496,9.902835408022131,11.139903181189489,11.756085753803596,
2009-04-11,36.662863070539416,26.441147994467496,9.902835408022131,11.139903181189489,11.756085753803596,
2009-04-12,36.665625,26.43048611111111,9.906597222222222,11.136319444444444,11.763402777777777,
2009-04-13,36.66422594142259,26.4197350069735,9.910390516039053,11.141073919107392,11.766596931659693,
2009-04-14,36.66422594142259,26.4197350069735,9.910390516039053,11.141073919107392,11.766596931659693,
2009-04-15,36.655208333333334,26.415902777777777,9.910763888888889,11.157152777777778,11.763402777777777,
2009-04-16,36.655208333333334,26.415902777777777,9.910763888888889,11.157152777777778,11.763402777777777,
2009-04-17,36.648340248962654,26.41417704011065,9.915283540802214,11.168948824343016,11.756085753803596,
2009-04-18,36.648340248962654,26.41417704011065,9.915283540802214,11.168948824343016,11.756085753803596,
2009-04-19,36.648340248962654,26.41417704011065,9.915283540802214,11.168948824343016,11.756085753803596,
2009-04-20,36.648340248962654,26.41417704011065,9.915283540802214,11.168948824343016,11.756085753803596,
2009-04-21,36.643153526970956,26.402766251728906,9.916320885200554,11.182434301521438,11.758160442600277,
2009-04-22,36.634854771784234,26.369571230982018,9.912171507607193,11.207330567081604,11.77060857538036,
2009-04-23,36.634854771784234,26.369571230982018,9.912171507607193,11.207330567081604,11.77060857538036,
2009-04-24,36.63636363636363,26.368044077134986,9.90840220385675,11.218870523415978,11.763292011019283,
2009-04-25,36.63636363636363,26.368044077134986,9.90840220385675,11.218870523415978,11.763292011019283,
2009-04-26,36.63636363636363,26.368044077134986,9.90840220385675,11.218870523415978,11.763292011019283,
2009-04-27,36.63900414937759,26.352973720608574,9.90387275242047,11.22392807745505,11.77475795297372,
2009-04-28,36.63900414937759,26.352973720608574,9.90387275242047,11.22392807745505,11.77475795297372,
2009-04-29,36.63429752066116,26.35151515151515,9.902203856749312,11.237465564738292,11.765358126721763,
2009-04-30,36.636929460580916,26.33222683264177,9.89764868603043,11.242600276625174,11.780982019363762,
2009-05-01,36.636929460580916,26.33222683264177,9.89764868603043,11.242600276625174,11.780982019363762,
2009-05-02,36.636929460580916,26.33222683264177,9.89764868603043,11.242600276625174,11.780982019363762,
2009-05-03,36.636929460580916,26.33222683264177,9.89764868603043,11.242600276625174,11.780982019363762,
2009-05-04,36.64375,26.32111111111111,9.893055555555556,11.243611111111111,11.788402777777778,
2009-05-05,36.64083333333334,26.305069444444445,9.889722222222224,11.257152777777778,11.796111111111111,
2009-05-06,36.634024896265565,26.299654218533888,9.88603042876902,11.276832641770401,11.788658367911479,
2009-05-07,36.61742738589212,26.278907330567083,9.894329183955742,11.301728907330567,11.79280774550484,
2009-05-08,36.61900826446281,26.2818870523416,9.89063360881543,11.30874655647383,11.785399449035813,
2009-05-09,36.6298755186722,26.266459197787,9.88603042876902,11.310027662517289,11.788658367911479,
2009-05-10,36.6298755186722,26.266459197787,9.88603042876902,11.310027662517289,11.788658367911479,
2009-05-11,36.63666666666667,26.255069444444448,9.88138888888889,11.315486111111111,11.791944444444445,
2009-05-12,36.62572614107884,26.26230982019364,9.88188105117566,11.322475795297372,11.788658367911479,
2009-05-13,36.62314049586777,26.261225895316805,9.878236914600553,11.333539944903581,11.781267217630853,
2009-05-14,36.61900826446281,26.25709366391185,9.88236914600551,11.350068870523415,11.773002754820936,
2009-05-15,36.61234567901235,26.264266117969825,9.891083676268863,11.356858710562415,11.76159122085048,
2009-05-16,36.61234567901235,26.264266117969825,9.891083676268863,11.356858710562415,11.76159122085048,
2009-05-17,36.61234567901235,26.264266117969825,9.891083676268863,11.356858710562415,11.76159122085048,
2009-05-18,36.62314049586777,26.24882920110193,9.88650137741047,11.362465564738292,11.76473829201102,
2009-05-19,36.62160493827161,26.243689986282583,9.890054869684501,11.372290809327847,11.75644718792867,
2009-05-20,36.61495901639345,26.24678961748634,9.894603825136613,11.37896174863388,11.74924863387978,
2009-05-21,36.605144032921814,26.227229080932787,9.902400548696846,11.39286694101509,11.760562414266118,
2009-05-22,36.605144032921814,26.227229080932787,9.902400548696846,11.39286694101509,11.760562414266118,
2009-05-23,36.605144032921814,26.227229080932787,9.902400548696846,11.39286694101509,11.760562414266118,
2009-05-24,36.605144032921814,26.227229080932787,9.902400548696846,11.39286694101509,11.760562414266118,
2009-05-25,36.605144032921814,26.227229080932787,9.902400548696846,11.39286694101509,11.760562414266118,
2009-05-26,36.61590909090909,26.215771349862262,9.897865013774107,11.39862258953168,11.75957300275482,
2009-05-27,36.6055785123967,26.19304407713499,9.895798898071627,11.421349862258953,11.76577134986226,
2009-05-28,36.6055785123967,26.19304407713499,9.895798898071627,11.421349862258953,11.76577134986226,
2009-05-29,36.60308641975309,26.20048010973937,9.896227709190674,11.423731138545953,11.754389574759944,
2009-05-30,36.60308641975309,26.20048010973937,9.896227709190674,11.423731138545953,11.754389574759944,
2009-05-31,36.60308641975309,26.20048010973937,9.896227709190674,11.423731138545953,11.754389574759944,
2009-06-01,36.6055785123967,26.19304407713499,9.899931129476586,11.42961432506887,11.753374655647383,
2009-06-02,36.61224066390042,26.18056708160443,9.898271092669434,11.433471645919779,11.759405255878287,
2009-06-03,36.597717842323654,26.163969571230986,9.898271092669434,11.456293222683264,11.765629322268328,
2009-06-04,36.597717842323654,26.163969571230986,9.898271092669434,11.456293222683264,11.765629322268328,
2009-06-05,36.597717842323654,26.163969571230986,9.898271092669434,11.456293222683264,11.765629322268328,
2009-06-06,36.597717842323654,26.163969571230986,9.898271092669434,11.456293222683264,11.765629322268328,
2009-06-07,36.597717842323654,26.163969571230986,9.898271092669434,11.456293222683264,11.765629322268328,
2009-06-08,36.600208333333335,26.156319444444446,9.897847222222223,11.462361111111111,11.760486111111112,
2009-06-09,36.597717842323654,26.147372060857542,9.902420470262795,11.472890733056708,11.753181189488245,
2009-06-10,36.59111570247934,26.142630853994493,9.911088154269974,11.483333333333334,11.745936639118458,
2009-06-11,36.582851239669424,26.11783746556474,9.931749311294768,11.503994490358126,11.741804407713499,
2009-06-12,36.58456790123457,26.11323731138546,9.936145404663923,11.510150891632373,11.726406035665295,
2009-06-13,36.578719008264464,26.101308539944906,9.935881542699725,11.520523415977962,11.733539944903582,
2009-06-14,36.57697095435685,26.089280774550488,9.935615491009683,11.526832641770401,11.7365836791148,
2009-06-15,36.579375000000006,26.085486111111113,9.935347222222223,11.533194444444444,11.727152777777778,
2009-06-16,36.57697095435685,26.078907330567084,9.941839557399724,11.545504840940525,11.717911479944675,
2009-06-17,36.57045454545455,26.068250688705238,9.95241046831956,11.55771349862259,11.712878787878788,
2009-06-18,36.568106995884776,26.06385459533608,9.956721536351168,11.567764060356653,11.705829903978053,
2009-06-19,36.568106995884776,26.06385459533608,9.956721536351168,11.567764060356653,11.705829903978053,
2009-06-20,36.568106995884776,26.06385459533608,9.956721536351168,11.567764060356653,11.705829903978053,
2009-06-21,36.568106995884776,26.06385459533608,9.956721536351168,11.567764060356653,11.705829903978053,
2009-06-22,36.568106995884776,26.06385459533608,9.956721536351168,11.567764060356653,11.705829903978053,
2009-06-23,36.568106995884776,26.055624142661184,9.960836762688615,11.584224965706447,11.693484224965708,
2009-06-24,36.55987654320988,26.03093278463649,9.969067215363513,11.60480109739369,11.68936899862826,
2009-06-25,36.55987654320988,26.03093278463649,9.969067215363513,11.60480109739369,11.68936899862826,
2009-06-26,36.55348360655738,26.02260928961749,9.981489071038252,11.618715846994535,11.67834699453552,
2009-06-27,36.55348360655738,26.02260928961749,9.981489071038252,11.618715846994535,11.67834699453552,
2009-06-28,36.55348360655738,26.02260928961749,9.981489071038252,11.618715846994535,11.67834699453552,
2009-06-29,36.55348360655738,26.02260928961749,9.981489071038252,11.618715846994535,11.67834699453552,
2009-06-30,36.54938524590165,26.010314207650275,9.989685792349729,11.635109289617487,11.670150273224044,
2009-07-01,36.54118852459017,25.981625683060113,9.993784153005466,11.659699453551912,11.670150273224044,
2009-07-02,36.53489795918368,25.969455782312927,10.006054421768708,11.673333333333334,11.663333333333334,
2009-07-03,36.53272357723578,25.965514905149053,10.01009485094851,11.678726287262872,11.652506775067751,
2009-07-04,36.53272357723578,25.965514905149053,10.01009485094851,11.678726287262872,11.652506775067751,
2009-07-05,36.53272357723578,25.965514905149053,10.01009485094851,11.678726287262872,11.652506775067751,
2009-07-06,36.53081632653062,25.955986394557826,10.01136054421769,11.688027210884353,11.64904761904762,
2009-07-07,36.53299180327869,25.951707650273224,10.015505464480876,11.694945355191257,11.639412568306012,
2009-07-08,36.53489795918368,25.93149659863946,10.027687074829934,11.70843537414966,11.628639455782313,
2009-07-09,36.518571428571434,25.91108843537415,10.039931972789118,11.728843537414965,11.632721088435375,
2009-07-10,36.518571428571434,25.91108843537415,10.039931972789118,11.728843537414965,11.632721088435375,
2009-07-11,36.518571428571434,25.91108843537415,10.039931972789118,11.728843537414965,11.632721088435375,
2009-07-12,36.518571428571434,25.91108843537415,10.039931972789118,11.728843537414965,11.632721088435375,
2009-07-13,36.518571428571434,25.91108843537415,10.039931972789118,11.728843537414965,11.632721088435375,
2009-07-14,36.51659836065574,25.90662568306011,10.040095628415303,11.740027322404371,11.627117486338799,
2009-07-15,36.51448979591837,25.894761904761907,10.04809523809524,11.747210884353741,11.622517006802722,
2009-07-16,36.51448979591837,25.894761904761907,10.04809523809524,11.747210884353741,11.622517006802722,
2009-07-17,36.51239837398374,25.885027100271003,10.060094850948511,11.756368563685637,11.613888888888889,
2009-07-18,36.51239837398374,25.885027100271003,10.060094850948511,11.756368563685637,11.613888888888889,
2009-07-19,36.50224489795919,25.88047619047619,10.060340136054423,11.767619047619048,11.61639455782313,
2009-07-20,36.50224489795919,25.88047619047619,10.060340136054423,11.767619047619048,11.61639455782313,
2009-07-21,36.50020408163266,25.86823129251701,10.072585034013608,11.781904761904762,11.604149659863946,
2009-07-22,36.492040816326536,25.8478231292517,10.074625850340137,11.802312925170067,11.604149659863946,
2009-07-23,36.492040816326536,25.8478231292517,10.074625850340137,11.802312925170067,11.604149659863946,
2009-07-24,36.490040650406506,25.840311653116533,10.07838753387534,11.811246612466125,11.593563685636857,
2009-07-25,36.490040650406506,25.840311653116533,10.07838753387534,11.811246612466125,11.593563685636857,
2009-07-26,36.490040650406506,25.840311653116533,10.07838753387534,11.811246612466125,11.593563685636857,
2009-07-27,36.490040650406506,25.840311653116533,10.07838753387534,11.811246612466125,11.593563685636857,
2009-07-28,36.492040816326536,25.83965986394558,10.078707482993199,11.818639455782312,11.587823129251701,
2009-07-29,36.492073170731715,25.830149051490515,10.084485094850951,11.82750677506775,11.581368563685638,
2009-07-30,36.4839430894309,25.81388888888889,10.09668021680217,11.843766937669377,11.581368563685638,
2009-07-31,36.4839430894309,25.81388888888889,10.09668021680217,11.843766937669377,11.581368563685638,
2009-08-01,36.4839430894309,25.81388888888889,10.09668021680217,11.843766937669377,11.581368563685638,
2009-08-02,36.4839430894309,25.81388888888889,10.09668021680217,11.843766937669377,11.581368563685638,
2009-08-03,36.48265306122449,25.808639455782313,10.095850340136055,11.849251700680272,11.583333333333334,
2009-08-04,36.48463114754098,25.803756830601092,10.096243169398909,11.856830601092897,11.577527322404373,
2009-08-05,36.48265306122449,25.786190476190477,10.10605442176871,11.867619047619048,11.575170068027212,
2009-08-06,36.46224489795918,25.76170068027211,10.126462585034014,11.896190476190476,11.579251700680274,
2009-08-07,36.46036585365854,25.75047425474255,10.13407859078591,11.904742547425474,11.568766937669379,
2009-08-08,36.46036585365854,25.75047425474255,10.13407859078591,11.904742547425474,11.568766937669379,
2009-08-09,36.46036585365854,25.75047425474255,10.13407859078591,11.904742547425474,11.568766937669379,
2009-08-10,36.46224489795918,25.741292517006805,10.138707482993198,11.90843537414966,11.567006802721089,
2009-08-11,36.46224489795918,25.741292517006805,10.138707482993198,11.90843537414966,11.567006802721089,
2009-08-12,36.46239837398374,25.728116531165313,10.146273712737129,11.91490514905149,11.56470189701897,
2009-08-13,36.46457489878542,25.713022941970312,10.153778677462888,11.927395411605938,11.554318488529017,
2009-08-14,36.46457489878542,25.713022941970312,10.153778677462888,11.927395411605938,11.554318488529017,
2009-08-15,36.46457489878542,25.713022941970312,10.153778677462888,11.927395411605938,11.554318488529017,
2009-08-16,36.46457489878542,25.713022941970312,10.153778677462888,11.927395411605938,11.554318488529017,
2009-08-17,36.46646341463415,25.699661246612468,10.158468834688348,11.935230352303522,11.552506775067751,
2009-08-18,36.466599190283404,25.6887314439946,10.169973009446695,11.945614035087718,11.542172739541162,
2009-08-19,36.46052631578947,25.662415654520917,10.182118758434548,11.963832658569501,11.540148448043187,
2009-08-20,36.46052631578947,25.662415654520917,10.182118758434548,11.963832658569501,11.540148448043187,
2009-08-21,36.46068548387097,25.651680107526882,10.191465053763443,11.974059139784947,11.529905913978496,
2009-08-22,36.46068548387097,25.651680107526882,10.191465053763443,11.974059139784947,11.529905913978496,
2009-08-23,36.46068548387097,25.651680107526882,10.191465053763443,11.974059139784947,11.529905913978496,
2009-08-24,36.46068548387097,25.631518817204302,10.207594086021507,11.99018817204301,11.517809139784948,
2009-08-25,36.46068548387097,25.631518817204302,10.207594086021507,11.99018817204301,11.517809139784948,
2009-08-26,36.45060483870968,25.615389784946238,10.211626344086023,12.008333333333333,11.517809139784948,
2009-08-27,36.44477911646587,25.604886211512717,10.222824631860778,12.020348058902275,11.511713520749666,
2009-08-28,36.447,25.594466666666666,10.229933333333335,12.028266666666667,11.501666666666669,
2009-08-29,36.447,25.594466666666666,10.229933333333335,12.028266666666667,11.501666666666669,
2009-08-30,36.447,25.594466666666666,10.229933333333335,12.028266666666667,11.501666666666669,
2009-08-31,36.44477911646587,25.588821954484605,10.230856760374834,12.036412315930388,11.499665327978581,
2009-09-01,36.441,25.578466666666667,10.243933333333334,12.044266666666667,11.491666666666667,
2009-09-02,36.43725099601593,25.568193891102258,10.248937583001329,12.052058432934926,11.487715803452856,
2009-09-03,36.41533864541832,25.550265604249667,10.26088977423639,12.075962815405047,11.491699867197877,
2009-09-04,36.41765873015873,25.540145502645505,10.263822751322753,12.087566137566137,11.485780423280424,
2009-09-05,36.41765873015873,25.540145502645505,10.263822751322753,12.087566137566137,11.485780423280424,
2009-09-06,36.41765873015873,25.540145502645505,10.263822751322753,12.087566137566137,11.485780423280424,
2009-09-07,36.41135458167331,25.530345285524568,10.264873837981408,12.099867197875167,11.487715803452856,
2009-09-08,36.405,25.525266666666667,10.267533333333335,12.105066666666668,11.488466666666667,
2009-09-09,36.389,25.507266666666666,10.2702,12.1184,11.498466666666667,
2009-09-10,36.383466135458164,25.497277556440903,10.277091633466137,12.125896414342629,11.50046480743692,
2009-09-11,36.38194444444444,25.487367724867724,10.279960317460318,12.133333333333333,11.498478835978837,
2009-09-12,36.38194444444444,25.487367724867724,10.279960317460318,12.133333333333333,11.498478835978837,
2009-09-13,36.38194444444444,25.487367724867724,10.279960317460318,12.133333333333333,11.498478835978837,
2009-09-14,36.37948207171315,25.477357237715804,10.283067729083665,12.141832669322708,11.498472775564409,
2009-09-15,36.37797619047619,25.46554232804233,10.289880952380953,12.143253968253967,11.500462962962963,
2009-09-16,36.376482213438734,25.455797101449274,10.292687747035574,12.144664031620554,11.500461133069829,
2009-09-17,36.371062992125985,25.455971128608923,10.293503937007875,12.15,11.500459317585303,
2009-09-18,36.36960784313725,25.45418300653595,10.294313725490197,12.153333333333332,11.498496732026144,
2009-09-19,36.36960784313725,25.45418300653595,10.294313725490197,12.153333333333332,11.498496732026144,
2009-09-20,36.36712598425197,25.448097112860893,10.291535433070868,12.165748031496063,11.496522309711287,
2009-09-21,36.36712598425197,25.448097112860893,10.291535433070868,12.165748031496063,11.496522309711287,
2009-09-22,36.36176470588235,25.442418300653596,10.294313725490197,12.170980392156862,11.496535947712418,
2009-09-23,36.3421568627451,25.438496732026145,10.298235294117648,12.190588235294117,11.492614379084968,
2009-09-24,36.32381889763779,25.42053805774278,10.30728346456693,12.211023622047243,11.498490813648294,
2009-09-25,36.31078431372549,25.41888888888889,10.30607843137255,12.218039215686273,11.50045751633987,
2009-09-26,36.31078431372549,25.41888888888889,10.30607843137255,12.218039215686273,11.50045751633987,
2009-09-27,36.31078431372549,25.41888888888889,10.30607843137255,12.218039215686273,11.50045751633987,
2009-09-28,36.31078431372549,25.41888888888889,10.30607843137255,12.218039215686273,11.50045751633987,
2009-09-29,36.30413385826772,25.408727034120734,10.30728346456693,12.230708661417323,11.50242782152231,
2009-09-30,36.30413385826772,25.408727034120734,10.30728346456693,12.230708661417323,11.50242782152231,
2009-10-01,36.30413385826772,25.408727034120734,10.30728346456693,12.230708661417323,11.50242782152231,
2009-10-02,36.299019607843135,25.39535947712418,10.31,12.237647058823528,11.508300653594771,
2009-10-03,36.299019607843135,25.39535947712418,10.31,12.237647058823528,11.508300653594771,
2009-10-04,36.299019607843135,25.39535947712418,10.31,12.237647058823528,11.508300653594771,
2009-10-05,36.29094488188977,25.388845144356956,10.311220472440946,12.248425196850393,11.509317585301838,
2009-10-06,36.29094488188977,25.388845144356956,10.311220472440946,12.248425196850393,11.509317585301838,
2009-10-07,36.26338582677166,25.363254593175856,10.313188976377953,12.277952755905511,11.523097112860892,
2009-10-08,36.239763779527564,25.33175853018373,10.325000000000001,12.305511811023623,11.538845144356955,
2009-10-09,36.239763779527564,25.33175853018373,10.325000000000001,12.305511811023623,11.538845144356955,
2009-10-10,36.239763779527564,25.33175853018373,10.325000000000001,12.305511811023623,11.538845144356955,
2009-10-11,36.239763779527564,25.33175853018373,10.325000000000001,12.305511811023623,11.538845144356955,
2009-10-12,36.228853754940715,25.321212121212124,10.330237154150199,12.318577075098814,11.540974967061924,
2009-10-13,36.228853754940715,25.321212121212124,10.330237154150199,12.318577075098814,11.540974967061924,
2009-10-14,36.22007874015748,25.300262467191605,10.332874015748033,12.331102362204724,11.548687664041996,
2009-10-15,36.22007874015748,25.300262467191605,10.332874015748033,12.331102362204724,11.548687664041996,
2009-10-16,36.21333333333334,25.287320261437912,10.337450980392157,12.33764705882353,11.554379084967321,
2009-10-17,36.21333333333334,25.287320261437912,10.337450980392157,12.33764705882353,11.554379084967321,
2009-10-18,36.21333333333334,25.287320261437912,10.337450980392157,12.33764705882353,11.554379084967321,
2009-10-19,36.20039370078741,25.272703412073493,10.342716535433071,12.352755905511811,11.560498687664042,
2009-10-20,36.20039370078741,25.272703412073493,10.342716535433071,12.352755905511811,11.560498687664042,
2009-10-21,36.17874015748032,25.235301837270345,10.35452755905512,12.38031496062992,11.57230971128609,
2009-10-22,36.17874015748032,25.235301837270345,10.35452755905512,12.38031496062992,11.57230971128609,
2009-10-23,36.17411764705883,25.21869281045752,10.357058823529412,12.386666666666667,11.581830065359478,
2009-10-24,36.17411764705883,25.21869281045752,10.357058823529412,12.386666666666667,11.581830065359478,
2009-10-25,36.17411764705883,25.21869281045752,10.357058823529412,12.386666666666667,11.581830065359478,
2009-10-26,36.17086614173229,25.1998687664042,10.362401574803151,12.396062992125984,11.588057742782153,
2009-10-27,36.17086614173229,25.1998687664042,10.362401574803151,12.396062992125984,11.588057742782153,
2009-10-28,36.16496732026144,25.184705882352944,10.36686274509804,12.403660130718954,11.592287581699347,
2009-10-29,36.149868766404204,25.165748031496065,10.376181102362205,12.4249343832021,11.598556430446195,
2009-10-30,36.149281045751636,25.153333333333336,10.378627450980392,12.42718954248366,11.6040522875817,
2009-10-31,36.149281045751636,25.153333333333336,10.378627450980392,12.42718954248366,11.6040522875817,
2009-11-01,36.149281045751636,25.153333333333336,10.378627450980392,12.42718954248366,11.6040522875817,
2009-11-02,36.149281045751636,25.153333333333336,10.378627450980392,12.42718954248366,11.6040522875817,
2009-11-03,36.14396325459318,25.140944881889766,10.381692913385828,12.434776902887139,11.608202099737532,
2009-11-04,36.11837270341208,25.10748031496063,10.395472440944882,12.454461942257218,11.621981627296588,
2009-11-05,36.11398692810458,25.09529411764706,10.401764705882353,12.460522875816993,11.62346405228758,
2009-11-06,36.11398692810458,25.09529411764706,10.401764705882353,12.460522875816993,11.62346405228758,
2009-11-07,36.11443569553806,25.083858267716536,10.403346456692914,12.470209973753281,11.621981627296588,
2009-11-08,36.11443569553806,25.083858267716536,10.403346456692914,12.470209973753281,11.621981627296588,
2009-11-09,36.11443569553806,25.083858267716536,10.403346456692914,12.470209973753281,11.621981627296588,
2009-11-10,36.114888010540184,25.07233201581028,10.404940711462451,12.479973649538866,11.620487483530962,
2009-11-11,36.11049868766405,25.054330708661418,10.413188976377954,12.482020997375328,11.623950131233595,
2009-11-12,36.09512516469039,25.030830039525693,10.418774703557313,12.507641633728591,11.634321475625823,
2009-11-13,36.09081364829397,25.014960629921262,10.428937007874017,12.509580052493439,11.635761154855642,
2009-11-14,36.09081364829397,25.014960629921262,10.428937007874017,12.509580052493439,11.635761154855642,
2009-11-15,36.09081364829397,25.014960629921262,10.428937007874017,12.509580052493439,11.635761154855642,
2009-11-16,36.083267457180504,25.00118577075099,10.432608695652174,12.523451910408433,11.636297760210804,
2009-11-17,36.083267457180504,25.00118577075099,10.432608695652174,12.523451910408433,11.636297760210804,
2009-11-18,36.07900262467192,24.985433070866144,10.440748031496064,12.523359580052494,11.639698162729658,
2009-11-19,36.07477124183007,24.969803921568626,10.44686274509804,12.525228758169934,11.645032679738561,
2009-11-20,36.07057291666667,24.958203125,10.452929687500001,12.527083333333334,11.646419270833333,
2009-11-21,36.07057291666667,24.958203125,10.452929687500001,12.527083333333334,11.646419270833333,
2009-11-22,36.07057291666667,24.958203125,10.452929687500001,12.527083333333334,11.646419270833333,
2009-11-23,36.06692810457517,24.95019607843137,10.454705882352942,12.536993464052287,11.645032679738561,
2009-11-24,36.06692810457517,24.95019607843137,10.454705882352942,12.536993464052287,11.645032679738561,
2009-11-25,36.049281045751634,24.925359477124186,10.466470588235294,12.552679738562091,11.649607843137254,
2009-11-26,36.049281045751634,24.925359477124186,10.466470588235294,12.552679738562091,11.649607843137254,
2009-11-27,36.04518229166667,24.92174479166667,10.464648437500001,12.554427083333334,11.650976562499999,
2009-11-28,36.04518229166667,24.92174479166667,10.464648437500001,12.554427083333334,11.650976562499999,
2009-11-29,36.04518229166667,24.92174479166667,10.464648437500001,12.554427083333334,11.650976562499999,
2009-11-30,36.037516339869285,24.90575163398693,10.470392156862745,12.572287581699346,11.649607843137254,
2009-12-01,36.037516339869285,24.90575163398693,10.470392156862745,12.572287581699346,11.649607843137254,
2009-12-02,36.03736979166667,24.89244791666667,10.478320312500001,12.570052083333334,11.649023437499999,
2009-12-03,36.01783854166667,24.87096354166667,10.495898437500001,12.583723958333334,11.654882812499999,
2009-12-04,36.01783854166667,24.87096354166667,10.495898437500001,12.583723958333334,11.654882812499999,
2009-12-05,36.01783854166667,24.87096354166667,10.495898437500001,12.583723958333334,11.654882812499999,
2009-12-06,36.01783854166667,24.87096354166667,10.495898437500001,12.583723958333334,11.654882812499999,
2009-12-07,36.0102614379085,24.856732026143792,10.498823529411766,12.595032679738562,11.658235294117647,
2009-12-08,36.0102614379085,24.856732026143792,10.498823529411766,12.595032679738562,11.658235294117647,
2009-12-09,36.00631510416667,24.84361979166667,10.508593750000001,12.592708333333333,11.6595703125,
2009-12-10,35.99849673202615,24.831241830065363,10.510588235294119,12.602875816993464,11.662156862745098,
2009-12-11,35.99459635416667,24.82994791666667,10.518359375000001,12.600520833333333,11.6595703125,
2009-12-12,35.99459635416667,24.82994791666667,10.518359375000001,12.600520833333333,11.6595703125,
2009-12-13,35.99459635416667,24.82994791666667,10.518359375000001,12.600520833333333,11.6595703125,
2009-12-14,35.99072632944228,24.826718547341116,10.528015564202336,12.598184176394293,11.657003891050584,
2009-12-15,35.99072632944228,24.826718547341116,10.528015564202336,12.598184176394293,11.657003891050584,
2009-12-16,35.9875322997416,24.81576227390181,10.535012919896642,12.596511627906976,11.658333333333333,
2009-12-17,35.9875322997416,24.81576227390181,10.535012919896642,12.596511627906976,11.658333333333333,
2009-12-18,35.9875322997416,24.81576227390181,10.535012919896642,12.596511627906976,11.658333333333333,
2009-12-19,35.9875322997416,24.81576227390181,10.535012919896642,12.596511627906976,11.658333333333333,
2009-12-20,35.9875322997416,24.81576227390181,10.535012919896642,12.596511627906976,11.658333333333333,
2009-12-21,35.98371943371943,24.801029601029605,10.544530244530247,12.594208494208493,11.655791505791505,
2009-12-22,35.98371943371943,24.801029601029605,10.544530244530247,12.594208494208493,11.655791505791505,
2009-12-23,35.97608974358974,24.79794871794872,10.550128205128207,12.591923076923075,11.657115384615384,
2009-12-24,35.97608974358974,24.79794871794872,10.550128205128207,12.591923076923075,11.657115384615384,
2009-12-25,35.97608974358974,24.79794871794872,10.550128205128207,12.591923076923075,11.657115384615384,
2009-12-26,35.97608974358974,24.79794871794872,10.550128205128207,12.591923076923075,11.657115384615384,
2009-12-27,35.97608974358974,24.79794871794872,10.550128205128207,12.591923076923075,11.657115384615384,
2009-12-28,35.96455128205128,24.774871794871796,10.561666666666667,12.599615384615383,11.660961538461539,
2009-12-29,35.96055341055341,24.766280566280567,10.567696267696268,12.605791505791505,11.663513513513513,
2009-12-30,35.948772609819116,24.745994832041344,10.573772609819123,12.619767441860464,11.673837209302325,
2009-12-31,35.925226977950715,24.72555123216602,10.587678339818419,12.641634241245134,11.684241245136187,
2010-01-01,35.925226977950715,24.72555123216602,10.587678339818419,12.641634241245134,11.684241245136187,
2010-01-02,35.925226977950715,24.72555123216602,10.587678339818419,12.641634241245134,11.684241245136187,
2010-01-03,35.925226977950715,24.72555123216602,10.587678339818419,12.641634241245134,11.684241245136187,
2010-01-04,35.92102864583333,24.71666666666667,10.593880208333335,12.648046874999999,11.6830078125,
2010-01-05,35.91287581699346,24.703790849673204,10.5962091503268,12.662352941176469,11.685686274509804,
2010-01-06,35.90930989583333,24.69322916666667,10.605598958333335,12.659765624999999,11.6830078125,
2010-01-07,35.909662775616084,24.69442282749676,10.611024643320365,12.653307392996108,11.676459143968872,
2010-01-08,35.909662775616084,24.69442282749676,10.611024643320365,12.653307392996108,11.676459143968872,
2010-01-09,35.909662775616084,24.69442282749676,10.611024643320365,12.653307392996108,11.676459143968872,
2010-01-10,35.909662775616084,24.69442282749676,10.611024643320365,12.653307392996108,11.676459143968872,
2010-01-11,35.90279947916667,24.67890625,10.614322916666667,12.663541666666665,11.681966145833332,
2010-01-12,35.89457516339869,24.66588235294118,10.624575163398694,12.673986928104574,11.684640522875815,
2010-01-13,35.876928104575164,24.636470588235294,10.642222222222223,12.681830065359476,11.690522875816992,
2010-01-14,35.876928104575164,24.636470588235294,10.642222222222223,12.681830065359476,11.690522875816992,
2010-01-15,35.87740885416667,24.637890625,10.647526041666667,12.675260416666665,11.687825520833332,
2010-01-16,35.87740885416667,24.637890625,10.647526041666667,12.675260416666665,11.687825520833332,
2010-01-17,35.87740885416667,24.637890625,10.647526041666667,12.675260416666665,11.687825520833332,
2010-01-18,35.876928104575164,24.61686274509804,10.650065359477125,12.685751633986927,11.690522875816992,
2010-01-19,35.86124183006536,24.605098039215687,10.67359477124183,12.693594771241829,11.686601307189541,
2010-01-20,35.85787760416667,24.596875,10.686588541666667,12.686979166666665,11.683919270833332,
2010-01-21,35.85787760416667,24.596875,10.686588541666667,12.686979166666665,11.683919270833332,
2010-01-22,35.86178385416667,24.596875,10.698307291666667,12.683072916666665,11.672200520833332,
2010-01-23,35.86178385416667,24.596875,10.698307291666667,12.683072916666665,11.672200520833332,
2010-01-24,35.86178385416667,24.596875,10.698307291666667,12.683072916666665,11.672200520833332,
2010-01-25,35.86516339869281,24.575686274509806,10.704967320261439,12.693594771241829,11.666993464052286,
2010-01-26,35.86516339869281,24.575686274509806,10.704967320261439,12.693594771241829,11.666993464052286,
2010-01-27,35.8540522875817,24.54954248366013,10.722614379084968,12.700130718954249,11.668300653594772,
2010-01-28,35.83379265091864,24.52808398950131,10.73727034120735,12.72257217847769,11.674868766404199,
2010-01-29,35.8383660130719,24.533856209150326,10.742222222222223,12.711895424836602,11.668300653594772,
2010-01-30,35.8383660130719,24.533856209150326,10.742222222222223,12.711895424836602,11.668300653594772,
2010-01-31,35.8383660130719,24.533856209150326,10.742222222222223,12.711895424836602,11.668300653594772,
2010-02-01,35.84166666666667,24.516272965879264,10.749081364829397,12.72257217847769,11.663057742782152,
2010-02-02,35.84104084321476,24.506455862977603,10.755994729907774,12.733333333333333,11.657773386034256,
2010-02-03,35.84166666666667,24.502493438320208,10.768766404199475,12.720603674540682,11.655183727034121,
2010-02-04,35.84228758169935,24.508366013071896,10.785359477124183,12.702091503267974,11.652614379084966,
2010-02-05,35.84228758169935,24.508366013071896,10.785359477124183,12.702091503267974,11.652614379084966,
2010-02-06,35.84228758169935,24.508366013071896,10.785359477124183,12.702091503267974,11.652614379084966,
2010-02-07,35.84228758169935,24.508366013071896,10.785359477124183,12.702091503267974,11.652614379084966,
2010-02-08,35.84324146981628,24.49422572178478,10.791207349081365,12.709055118110236,11.651509186351705,
2010-02-09,35.846574440052706,24.476416337285904,10.798287220026351,12.723715415019763,11.646179183135704,
2010-02-10,35.84324146981628,24.47257217847769,10.816797900262467,12.707086614173228,11.643635170603673,
2010-02-11,35.838669301712784,24.454677206851123,10.823978919631093,12.717786561264822,11.642226613965743,
2010-02-12,35.838669301712784,24.454677206851123,10.823978919631093,12.717786561264822,11.642226613965743,
2010-02-13,35.838669301712784,24.454677206851123,10.823978919631093,12.717786561264822,11.642226613965743,
2010-02-14,35.838669301712784,24.454677206851123,10.823978919631093,12.717786561264822,11.642226613965743,
2010-02-15,35.838029100529106,24.44457671957672,10.827248677248678,12.728571428571428,11.636838624338624,
2010-02-16,35.83738379814078,24.430411686586986,10.83452855245684,12.739442231075698,11.63539176626826,
2010-02-17,35.83406084656085,24.42473544973545,10.855026455026454,12.72063492063492,11.636838624338624,
2010-02-18,35.81746347941567,24.40252324037185,10.870385126162018,12.739442231075698,11.639375830013279,
2010-02-19,35.801527224435596,24.394555112881807,10.894289508632138,12.743426294820717,11.631407702523239,
2010-02-20,35.80073333333334,24.384133333333335,10.901866666666667,12.7544,11.621933333333333,
2010-02-21,35.80073333333334,24.384133333333335,10.901866666666667,12.7544,11.621933333333333,
2010-02-22,35.795917001338694,24.369611780455156,10.9095046854083,12.769477911646586,11.612382864792503,
2010-02-23,35.791900937081664,24.36760374832664,10.923560910307899,12.7714859437751,11.598326639892903,
2010-02-24,35.773828647925036,24.349531459170016,10.94364123159304,12.775502008032127,11.598326639892903,
2010-02-25,35.773828647925036,24.349531459170016,10.94364123159304,12.775502008032127,11.598326639892903,
2010-02-26,35.77473333333334,24.352133333333335,10.955866666666667,12.7644,11.591933333333332,
2010-02-27,35.77473333333334,24.352133333333335,10.955866666666667,12.7644,11.591933333333332,
2010-02-28,35.77473333333334,24.352133333333335,10.955866666666667,12.7644,11.591933333333332,
2010-03-01,35.766733333333335,24.344133333333335,10.975866666666667,12.7684,11.575933333333332,
2010-03-02,35.757764390896924,24.349531459170016,10.975769745649265,12.779518072289155,11.56619812583668,
2010-03-03,35.75273333333334,24.344133333333335,10.993866666666667,12.766399999999999,11.565933333333332,
2010-03-04,35.73673333333334,24.328133333333334,11.013866666666667,12.7744,11.569933333333333,
2010-03-05,35.73673333333334,24.328133333333334,11.013866666666667,12.7744,11.569933333333333,
2010-03-06,35.73673333333334,24.328133333333334,11.013866666666667,12.7744,11.569933333333333,
2010-03-07,35.73673333333334,24.328133333333334,11.013866666666667,12.7744,11.569933333333333,
2010-03-08,35.73366800535476,24.326439089692105,11.016131191432397,12.781927710843375,11.563788487282462,
2010-03-09,35.728561827956995,24.32372311827957,11.020228494623657,12.793145161290324,11.55396505376344,
2010-03-10,35.71041666666667,24.311626344086022,11.036357526881721,12.793145161290324,11.55396505376344,
2010-03-11,35.71041666666667,24.311626344086022,11.036357526881721,12.793145161290324,11.55396505376344,
2010-03-12,35.7115796519411,24.31439089692102,11.048259705488622,12.781927710843375,11.54772423025435,
2010-03-13,35.7115796519411,24.31439089692102,11.048259705488622,12.781927710843375,11.54772423025435,
2010-03-14,35.7115796519411,24.31439089692102,11.048259705488622,12.781927710843375,11.54772423025435,
2010-03-15,35.7115796519411,24.31439089692102,11.048259705488622,12.781927710843375,11.54772423025435,
2010-03-16,35.7043682795699,24.317674731182798,11.04845430107527,12.791129032258066,11.537836021505376,
2010-03-17,35.69953145917002,24.31439089692102,11.066331994645248,12.773895582329319,11.535676037483267,
2010-03-18,35.69025537634409,24.299529569892474,11.074663978494625,12.781048387096776,11.53380376344086,
2010-03-19,35.687483266398935,24.310374832663992,11.086412315930389,12.765863453815262,11.52764390896921,
2010-03-20,35.687483266398935,24.310374832663992,11.086412315930389,12.765863453815262,11.52764390896921,
2010-03-21,35.687483266398935,24.310374832663992,11.086412315930389,12.765863453815262,11.52764390896921,
2010-03-22,35.687483266398935,24.310374832663992,11.086412315930389,12.765863453815262,11.52764390896921,
2010-03-23,35.68219086021506,24.309610215053766,11.088776881720431,12.772983870967742,11.519690860215054,
2010-03-24,35.67143817204301,24.306250000000002,11.10087365591398,12.76760752688172,11.517002688172044,
2010-03-25,35.65127688172043,24.29818548387097,11.125067204301077,12.76760752688172,11.512970430107528,
2010-03-26,35.65669344042838,24.305020080321288,11.132597054886212,12.752476572958502,11.51091030789826,
2010-03-27,35.65669344042838,24.305020080321288,11.132597054886212,12.752476572958502,11.51091030789826,
2010-03-28,35.65669344042838,24.305020080321288,11.132597054886212,12.752476572958502,11.51091030789826,
2010-03-29,35.65530913978495,24.294153225806454,11.137163978494625,12.759543010752688,11.504905913978495,
2010-03-30,35.63918010752688,24.29818548387097,11.153293010752689,12.743413978494624,11.50087365591398,
2010-03-31,35.63661311914324,24.307028112449803,11.164725568942437,12.726372155287818,11.498862115127176,
2010-04-01,35.63661311914324,24.307028112449803,11.164725568942437,12.726372155287818,11.498862115127176,
2010-04-02,35.63661311914324,24.307028112449803,11.164725568942437,12.726372155287818,11.498862115127176,
2010-04-03,35.63661311914324,24.307028112449803,11.164725568942437,12.726372155287818,11.498862115127176,
2010-04-04,35.63661311914324,24.307028112449803,11.164725568942437,12.726372155287818,11.498862115127176,
2010-04-05,35.63111559139785,24.30020161290323,11.169422043010753,12.73736559139785,11.492809139784946,
2010-04-06,35.62152496626181,24.301417004048584,11.178205128205128,12.744399460188934,11.482658569500675,
2010-04-07,35.61498655913979,24.304233870967746,11.191599462365593,12.725268817204302,11.484744623655914,
2010-04-08,35.5972334682861,24.293319838056682,11.200472334682862,12.744399460188934,11.486707152496626,
2010-04-09,35.5972334682861,24.293319838056682,11.200472334682862,12.744399460188934,11.486707152496626,
2010-04-10,35.5972334682861,24.293319838056682,11.200472334682862,12.744399460188934,11.486707152496626,
2010-04-11,35.5972334682861,24.293319838056682,11.200472334682862,12.744399460188934,11.486707152496626,
2010-04-12,35.5939701897019,24.283130081300815,11.202913279132792,12.75149051490515,11.485840108401085,
2010-04-13,35.58414965986395,24.277482993197278,11.207823129251702,12.762721088435375,11.481020408163268,
2010-04-14,35.58380758807588,24.276355013550138,11.223238482384826,12.743360433604337,11.481097560975611,
2010-04-15,35.58210884353741,24.265238095238097,11.224149659863947,12.754557823129252,11.478979591836737,
2010-04-16,35.58380758807588,24.27228997289973,11.235433604336045,12.73929539295393,11.472967479674798,
2010-04-17,35.58380758807588,24.27228997289973,11.235433604336045,12.73929539295393,11.472967479674798,
2010-04-18,35.58380758807588,24.27228997289973,11.235433604336045,12.73929539295393,11.472967479674798,
2010-04-19,35.57802721088436,24.26931972789116,11.238435374149661,12.75047619047619,11.464693877551023,
2010-04-20,35.57802721088436,24.26931972789116,11.238435374149661,12.75047619047619,11.464693877551023,
2010-04-21,35.57190476190476,24.259115646258504,11.256802721088437,12.7443537414966,11.45857142857143,
2010-04-22,35.56957994579946,24.26619241192412,11.272018970189704,12.729132791327913,11.44857723577236,
2010-04-23,35.579419703103916,24.273211875843455,11.279014844804319,12.709986504723346,11.44271255060729,
2010-04-24,35.579419703103916,24.273211875843455,11.279014844804319,12.709986504723346,11.44271255060729,
2010-04-25,35.579419703103916,24.273211875843455,11.279014844804319,12.709986504723346,11.44271255060729,
2010-04-26,35.58177506775068,24.262127371273714,11.284214092140923,12.716937669376694,11.43638211382114,
2010-04-27,35.57598639455782,24.267278911564627,11.289455782312926,12.723945578231293,11.42591836734694,
2010-04-28,35.57635501355014,24.27228997289973,11.301151761517616,12.707452574525744,11.420799457994582,
2010-04-29,35.55602981029811,24.268224932249325,11.32960704607046,12.707452574525744,11.416734417344175,
2010-04-30,35.55602981029811,24.268224932249325,11.32960704607046,12.707452574525744,11.416734417344175,
2010-05-01,35.55602981029811,24.268224932249325,11.32960704607046,12.707452574525744,11.416734417344175,
2010-05-02,35.55602981029811,24.268224932249325,11.32960704607046,12.707452574525744,11.416734417344175,
2010-05-03,35.55602981029811,24.268224932249325,11.32960704607046,12.707452574525744,11.416734417344175,
2010-05-04,35.55625850340137,24.267278911564627,11.330952380952382,12.712380952380952,11.412312925170069,
2010-05-05,35.549932249322495,24.27228997289973,11.349932249322494,12.695257452574525,11.406571815718157,
2010-05-06,35.54809523809524,24.26931972789116,11.347278911564626,12.7021768707483,11.404149659863947,
2010-05-07,35.54809523809524,24.26931972789116,11.347278911564626,12.7021768707483,11.404149659863947,
2010-05-08,35.54809523809524,24.26931972789116,11.347278911564626,12.7021768707483,11.404149659863947,
2010-05-09,35.54809523809524,24.26931972789116,11.347278911564626,12.7021768707483,11.404149659863947,
2010-05-10,35.54788251366121,24.263866120218584,11.35136612021858,12.70648907103825,11.399863387978142,
2010-05-11,35.551980874316946,24.259767759562845,11.371857923497268,12.685997267759562,11.387568306010929,
2010-05-12,35.54378415300547,24.263866120218584,11.388251366120219,12.669603825136612,11.379371584699454,
2010-05-13,35.54378415300547,24.263866120218584,11.388251366120219,12.669603825136612,11.379371584699454,
2010-05-14,35.52931972789116,24.279115646258507,11.411156462585035,12.646462585034014,11.3778231292517,
2010-05-15,35.52931972789116,24.279115646258507,11.411156462585035,12.646462585034014,11.3778231292517,
2010-05-16,35.52931972789116,24.279115646258507,11.411156462585035,12.646462585034014,11.3778231292517,
2010-05-17,35.53558743169399,24.272062841530058,11.416939890710383,12.653210382513661,11.36707650273224,
2010-05-18,35.53779149519891,24.27729766803841,11.418655692729768,12.655898491083676,11.356241426611797,
2010-05-19,35.521243169398915,24.290505464480876,11.435382513661203,12.632718579234972,11.356830601092897,
2010-05-20,35.49255464480875,24.30280054644809,11.45997267759563,12.624521857923497,11.352732240437158,
2010-05-21,35.49462585034014,24.313809523809528,11.470340136054423,12.597482993197278,11.351292517006803,
2010-05-22,35.49462585034014,24.313809523809528,11.470340136054423,12.597482993197278,11.351292517006803,
2010-05-23,35.49462585034014,24.313809523809528,11.470340136054423,12.597482993197278,11.351292517006803,
2010-05-24,35.49665300546449,24.310997267759568,11.47636612021858,12.59993169398907,11.340437158469944,
2010-05-25,35.494581618655694,24.328737997256518,11.474211248285323,12.598285322359397,11.325377229080933,
2010-05-26,35.48497942386832,24.34314128943759,11.488614540466394,12.577023319615913,11.31440329218107,
2010-05-27,35.474795081967216,24.354030054644813,11.507103825136612,12.554166666666667,11.313114754098361,
2010-05-28,35.474795081967216,24.354030054644813,11.507103825136612,12.554166666666667,11.313114754098361,
2010-05-29,35.474795081967216,24.354030054644813,11.507103825136612,12.554166666666667,11.313114754098361,
2010-05-30,35.474795081967216,24.354030054644813,11.507103825136612,12.554166666666667,11.313114754098361,
2010-05-31,35.474795081967216,24.354030054644813,11.507103825136612,12.554166666666667,11.313114754098361,
2010-06-01,35.45840163934427,24.370423497267762,11.527595628415302,12.52752732240437,11.304918032786885,
2010-06-02,35.442244897959185,24.385238095238098,11.545850340136056,12.507006802721088,11.305714285714286,
2010-06-03,35.43381147540984,24.382718579234975,11.55013661202186,12.51318306010929,11.302868852459017,
2010-06-04,35.42795918367347,24.401564625850344,11.56421768707483,12.486598639455783,11.297551020408164,
2010-06-05,35.42795918367347,24.401564625850344,11.56421768707483,12.486598639455783,11.297551020408164,
2010-06-06,35.42795918367347,24.401564625850344,11.56421768707483,12.486598639455783,11.297551020408164,
2010-06-07,35.42795918367347,24.401564625850344,11.56421768707483,12.486598639455783,11.297551020408164,
2010-06-08,35.4297131147541,24.407308743169402,11.56857923497268,12.486543715846995,11.284426229508197,
2010-06-09,35.41571428571429,24.415850340136057,11.588707482993199,12.460068027210884,11.289387755102041,
2010-06-10,35.41571428571429,24.415850340136057,11.588707482993199,12.460068027210884,11.289387755102041,
2010-06-11,35.39776422764228,24.434485094850952,11.606639566395664,12.433807588075881,11.292276422764228,
2010-06-12,35.39776422764228,24.434485094850952,11.606639566395664,12.433807588075881,11.292276422764228,
2010-06-13,35.39776422764228,24.434485094850952,11.606639566395664,12.433807588075881,11.292276422764228,
2010-06-14,35.401428571428575,24.430952380952384,11.611768707482993,12.433741496598639,11.283673469387756,
2010-06-15,35.38510204081633,24.459523809523812,11.644421768707483,12.401088435374149,11.26734693877551,
2010-06-16,35.36727642276423,24.47188346883469,11.664159891598915,12.375067750677506,11.268292682926829,
2010-06-17,35.36061224489796,24.477891156462587,11.662789115646259,12.380680272108842,11.26530612244898,
2010-06-18,35.3510162601626,24.50440379403794,11.676355013550134,12.350677506775067,11.264227642276422,
2010-06-19,35.3510162601626,24.50440379403794,11.676355013550134,12.350677506775067,11.264227642276422,
2010-06-20,35.3510162601626,24.50440379403794,11.676355013550134,12.350677506775067,11.264227642276422,
2010-06-21,35.3510162601626,24.50440379403794,11.676355013550134,12.350677506775067,11.264227642276422,
2010-06-22,35.35244897959184,24.506462585034015,11.683197278911564,12.348027210884354,11.255102040816327,
2010-06-23,35.33408163265306,24.519727891156464,11.706156462585033,12.323537414965985,11.248979591836735,
2010-06-24,35.33408163265306,24.519727891156464,11.706156462585033,12.323537414965985,11.248979591836735,
2010-06-25,35.33408163265306,24.519727891156464,11.706156462585033,12.323537414965985,11.248979591836735,
2010-06-26,35.33408163265306,24.519727891156464,11.706156462585033,12.323537414965985,11.248979591836735,
2010-06-27,35.33408163265306,24.519727891156464,11.706156462585033,12.323537414965985,11.248979591836735,
2010-06-28,35.331352459016394,24.517759562841533,11.713148907103825,12.328961748633878,11.237704918032787,
2010-06-29,35.314959016393445,24.53825136612022,11.745935792349727,12.29207650273224,11.229508196721312,
2010-06-30,35.30142857142857,24.556462585034016,11.76329931972789,12.266394557823128,11.23265306122449,
2010-07-01,35.281020408163265,24.57687074829932,11.789829931972788,12.243945578231292,11.224489795918368,
2010-07-02,35.281020408163265,24.57687074829932,11.789829931972788,12.243945578231292,11.224489795918368,
2010-07-03,35.281020408163265,24.57687074829932,11.789829931972788,12.243945578231292,11.224489795918368,
2010-07-04,35.281020408163265,24.57687074829932,11.789829931972788,12.243945578231292,11.224489795918368,
2010-07-05,35.28627049180328,24.566939890710383,11.797165300546448,12.244945355191255,11.217213114754099,
2010-07-06,35.28333333333333,24.573388203017835,11.804561042524005,12.241838134430726,11.209876543209877,
2010-07-07,35.26577868852459,24.585382513661205,11.82790300546448,12.212158469945354,11.211065573770492,
2010-07-08,35.26577868852459,24.585382513661205,11.82790300546448,12.212158469945354,11.211065573770492,
2010-07-09,35.26577868852459,24.585382513661205,11.82790300546448,12.212158469945354,11.211065573770492,
2010-07-10,35.26577868852459,24.585382513661205,11.82790300546448,12.212158469945354,11.211065573770492,
2010-07-11,35.26577868852459,24.585382513661205,11.82790300546448,12.212158469945354,11.211065573770492,
2010-07-12,35.26152263374486,24.57626886145405,11.835013717421125,12.215500685871056,11.207818930041153,
2010-07-13,35.25433884297521,24.580716253443526,11.840530303030302,12.218457300275482,11.198347107438016,
2010-07-14,35.23780991735538,24.588980716253445,11.861191460055096,12.19366391184573,11.198347107438016,
2010-07-15,35.23780991735538,24.588980716253445,11.861191460055096,12.19366391184573,11.198347107438016,
2010-07-16,35.22860082304527,24.61947873799726,11.874108367626887,12.16406035665295,11.193415637860083,
2010-07-17,35.22860082304527,24.61947873799726,11.874108367626887,12.16406035665295,11.193415637860083,
2010-07-18,35.22860082304527,24.61947873799726,11.874108367626887,12.16406035665295,11.193415637860083,
2010-07-19,35.22860082304527,24.61947873799726,11.874108367626887,12.16406035665295,11.193415637860083,
2010-07-20,35.20802469135803,24.652400548696846,11.896742112482853,12.141426611796982,11.176954732510287,
2010-07-21,35.19214480874318,24.671584699453554,11.917657103825137,12.110792349726776,11.174863387978142,
2010-07-22,35.19214480874318,24.671584699453554,11.917657103825137,12.110792349726776,11.174863387978142,
2010-07-23,35.18319727891157,24.693333333333335,11.938401360544217,12.081768707482993,11.170068027210883,
2010-07-24,35.18319727891157,24.693333333333335,11.938401360544217,12.081768707482993,11.170068027210883,
2010-07-25,35.18319727891157,24.693333333333335,11.938401360544217,12.081768707482993,11.170068027210883,
2010-07-26,35.18319727891157,24.693333333333335,11.938401360544217,12.081768707482993,11.170068027210883,
2010-07-27,35.1778005464481,24.698224043715847,11.946345628415301,12.084153005464481,11.15846994535519,
2010-07-28,35.155259562841536,24.71666666666667,11.972984972677596,12.057513661202186,11.146174863387978,
2010-07-29,35.155259562841536,24.71666666666667,11.972984972677596,12.057513661202186,11.146174863387978,
2010-07-30,35.155259562841536,24.71666666666667,11.972984972677596,12.057513661202186,11.146174863387978,
2010-07-31,35.155259562841536,24.71666666666667,11.972984972677596,12.057513661202186,11.146174863387978,
2010-08-01,35.155259562841536,24.71666666666667,11.972984972677596,12.057513661202186,11.146174863387978,
2010-08-02,35.155259562841536,24.71666666666667,11.972984972677596,12.057513661202186,11.146174863387978,
2010-08-03,35.14972565157751,24.7278463648834,11.9769890260631,12.059807956104253,11.13443072702332,
2010-08-04,35.13066939890711,24.74330601092896,11.997575136612022,12.03497267759563,11.133879781420765,
2010-08-05,35.09378415300547,24.767896174863388,12.026263661202186,12.018579234972677,11.129781420765026,
2010-08-06,35.09378415300547,24.767896174863388,12.026263661202186,12.018579234972677,11.129781420765026,
2010-08-07,35.09378415300547,24.767896174863388,12.026263661202186,12.018579234972677,11.129781420765026,
2010-08-08,35.09378415300547,24.767896174863388,12.026263661202186,12.018579234972677,11.129781420765026,
2010-08-09,35.08964334705076,24.760768175582992,12.036659807956104,12.02153635116598,11.122085048010973,
2010-08-10,35.08381542699725,24.772176308539944,12.043009641873278,12.019559228650136,11.110192837465565,
2010-08-11,35.06289437585735,24.78957475994513,12.067524005486968,11.99272976680384,11.109739368998628,
2010-08-12,35.05488980716254,24.78870523415978,12.076067493112948,11.992699724517905,11.101928374655646,
2010-08-13,35.05488980716254,24.78870523415978,12.076067493112948,11.992699724517905,11.101928374655646,
2010-08-14,35.05488980716254,24.78870523415978,12.076067493112948,11.992699724517905,11.101928374655646,
2010-08-15,35.0426694329184,24.79612724757953,12.080532503457814,11.992669432918394,11.094052558782849,
2010-08-16,35.0426694329184,24.79612724757953,12.080532503457814,11.992669432918394,11.094052558782849,
2010-08-17,35.01984785615492,24.83762102351314,12.10750345781466,11.967773167358228,11.071230982019364,
2010-08-18,35.003236914600556,24.85068870523416,12.13391873278237,11.938980716253443,11.068870523415978,
2010-08-19,35.003236914600556,24.85068870523416,12.13391873278237,11.938980716253443,11.068870523415978,
2010-08-20,34.98676268861455,24.87599451303155,12.14982853223594,11.910425240054868,11.064471879286694,
2010-08-21,34.98676268861455,24.87599451303155,12.14982853223594,11.910425240054868,11.064471879286694,
2010-08-22,34.98676268861455,24.87599451303155,12.14982853223594,11.910425240054868,11.064471879286694,
2010-08-23,34.982575757575766,24.875482093663912,12.154579889807163,11.91418732782369,11.052341597796143,
2010-08-24,34.974204702627944,24.891562932226833,12.163520055325035,11.909681881051174,11.040110650069156,
2010-08-25,34.95138312586446,24.897786998616876,12.200864453665284,11.88893499308437,11.029737206085754,
2010-08-26,34.95138312586446,24.897786998616876,12.200864453665284,11.88893499308437,11.029737206085754,
2010-08-27,34.943319559228655,24.92300275482094,12.216563360881542,11.860468319559228,11.02548209366391,
2010-08-28,34.943319559228655,24.92300275482094,12.216563360881542,11.860468319559228,11.02548209366391,
2010-08-29,34.943319559228655,24.92300275482094,12.216563360881542,11.860468319559228,11.02548209366391,
2010-08-30,34.936168741355466,24.922683264177042,12.228526970954357,11.86265560165975,11.014522821576763,
2010-08-31,34.931736111111114,24.918194444444445,12.2378125,11.862083333333333,11.010416666666666,
2010-09-01,34.91090277777778,24.928611111111113,12.273229166666669,11.841249999999999,10.995833333333334,
2010-09-02,34.87756944444445,24.94527777777778,12.306562500000002,11.824583333333331,10.991666666666667,
2010-09-03,34.87756944444445,24.94527777777778,12.306562500000002,11.824583333333331,10.991666666666667,
2010-09-04,34.87756944444445,24.94527777777778,12.306562500000002,11.824583333333331,10.991666666666667,
2010-09-05,34.87756944444445,24.94527777777778,12.306562500000002,11.824583333333331,10.991666666666667,
2010-09-06,34.87756944444445,24.94527777777778,12.306562500000002,11.824583333333331,10.991666666666667,
2010-09-07,34.871199442119945,24.94142259414226,12.31858437935844,11.827615062761506,10.983960948396094,
2010-09-08,34.855069444444446,24.947916666666668,12.350590277777778,11.80125,10.981944444444444,
2010-09-09,34.846094839609485,24.943514644351463,12.36042538354254,11.80041841004184,10.977684797768479,
2010-09-10,34.83423611111111,24.96875,12.379756944444445,11.772083333333333,10.97361111111111,
2010-09-11,34.83423611111111,24.96875,12.379756944444445,11.772083333333333,10.97361111111111,
2010-09-12,34.83423611111111,24.96875,12.379756944444445,11.772083333333333,10.97361111111111,
2010-09-13,34.829358437935845,24.96652719665272,12.391806136680614,11.77531380753138,10.965132496513249,
2010-09-14,34.82443977591036,24.96638655462185,12.40605742296919,11.778571428571427,10.952380952380953,
2010-09-15,34.80634588563459,24.97071129707113,12.437831241283124,11.752301255230124,10.952580195258019,
2010-09-16,34.80634588563459,24.97071129707113,12.437831241283124,11.752301255230124,10.952580195258019,
2010-09-17,34.792569444444446,24.989583333333332,12.458923611111112,11.724166666666665,10.950694444444444,
2010-09-18,34.792569444444446,24.989583333333332,12.458923611111112,11.724166666666665,10.950694444444444,
2010-09-19,34.792569444444446,24.989583333333332,12.458923611111112,11.724166666666665,10.950694444444444,
2010-09-20,34.792569444444446,24.989583333333332,12.458923611111112,11.724166666666665,10.950694444444444,
2010-09-21,34.78006944444444,25.00625,12.498506944444445,11.703333333333331,10.927777777777777,
2010-09-22,34.759236111111115,25.00625,12.54434027777778,11.672083333333331,10.925694444444444,
2010-09-23,34.759236111111115,25.00625,12.54434027777778,11.672083333333331,10.925694444444444,
2010-09-24,34.74363762102352,25.026970954356848,12.57112724757953,11.644398340248962,10.917704011065005,
2010-09-25,34.74363762102352,25.026970954356848,12.57112724757953,11.644398340248962,10.917704011065005,
2010-09-26,34.74363762102352,25.026970954356848,12.57112724757953,11.644398340248962,10.917704011065005,
2010-09-27,34.74363762102352,25.026970954356848,12.57112724757953,11.644398340248962,10.917704011065005,
2010-09-28,34.75090277777778,25.020833333333332,12.58184027777778,11.638749999999998,10.909027777777776,
2010-09-29,34.73118948824343,25.026970954356848,12.618845089903182,11.613278008298755,10.905255878284922,
2010-09-30,34.71756944444444,25.027083333333334,12.63809027777778,11.615833333333333,10.900694444444444,
2010-10-01,34.706293222683264,25.04564315352697,12.662413554633472,11.588381742738589,10.89488243430152,
2010-10-02,34.706293222683264,25.04564315352697,12.662413554633472,11.588381742738589,10.89488243430152,
2010-10-03,34.706293222683264,25.04564315352697,12.662413554633472,11.588381742738589,10.89488243430152,
2010-10-04,34.706293222683264,25.04564315352697,12.662413554633472,11.588381742738589,10.89488243430152,
2010-10-05,34.70784722222223,25.04722222222222,12.673506944444446,11.583888888888888,10.886111111111111,
2010-10-06,34.692461964038735,25.049100968188103,12.712206085753804,11.558644536652835,10.880359612724757,
2010-10-07,34.681336088154275,25.05716253443526,12.74232093663912,11.531542699724518,10.880853994490357,
2010-10-08,34.681336088154275,25.05716253443526,12.74232093663912,11.531542699724518,10.880853994490357,
2010-10-09,34.681336088154275,25.05716253443526,12.74232093663912,11.531542699724518,10.880853994490357,
2010-10-10,34.681336088154275,25.05716253443526,12.74232093663912,11.531542699724518,10.880853994490357,
2010-10-11,34.67793914246197,25.05408022130014,12.752455048409406,11.528769017980634,10.87372060857538,
2010-10-12,34.67381944444445,25.05430555555556,12.7653125,11.525416666666667,10.86486111111111,
2010-10-13,34.652351313969575,25.05408022130014,12.809854771784233,11.496265560165975,10.865421853388659,
2010-10-14,34.63840277777778,25.05430555555556,12.825729166666667,11.498333333333333,10.86486111111111,
2010-10-15,34.623305670816045,25.066528354080223,12.859647302904564,11.47136929460581,10.861272475795298,
2010-10-16,34.623305670816045,25.066528354080223,12.859647302904564,11.47136929460581,10.861272475795298,
2010-10-17,34.623305670816045,25.066528354080223,12.859647302904564,11.47136929460581,10.861272475795298,
2010-10-18,34.630069444444445,25.06263888888889,12.867395833333335,11.469166666666666,10.852361111111112,
2010-10-19,34.62433751743375,25.06708507670851,12.887761506276151,11.46276150627615,10.843375174337517,
2010-10-20,34.60715277777778,25.069583333333338,12.9278125,11.43513888888889,10.840555555555556,
2010-10-21,34.60715277777778,25.069583333333338,12.9278125,11.43513888888889,10.840555555555556,
2010-10-22,34.5963347164592,25.085892116182574,12.95715767634855,11.408437067773168,10.832918395573996,
2010-10-23,34.5963347164592,25.085892116182574,12.95715767634855,11.408437067773168,10.832918395573996,
2010-10-24,34.5963347164592,25.085892116182574,12.95715767634855,11.408437067773168,10.832918395573996,
2010-10-25,34.5963347164592,25.085892116182574,12.95715767634855,11.408437067773168,10.832918395573996,
2010-10-26,34.59048611111111,25.082083333333337,12.981979166666667,11.405972222222223,10.823888888888888,
2010-10-27,34.571736111111115,25.084861111111113,13.028506944444445,11.37888888888889,10.811388888888889,
2010-10-28,34.54902370990237,25.08521617852162,13.045362622036262,11.38047419804742,10.81478382147838,
2010-10-29,34.54902370990237,25.08521617852162,13.045362622036262,11.38047419804742,10.81478382147838,
2010-10-30,34.54902370990237,25.08521617852162,13.045362622036262,11.38047419804742,10.81478382147838,
2010-10-31,34.54902370990237,25.08521617852162,13.045362622036262,11.38047419804742,10.81478382147838,
2010-11-01,34.54902370990237,25.08521617852162,13.045362622036262,11.38047419804742,10.81478382147838,
2010-11-02,34.542927170868346,25.087675070028013,13.062359943977592,11.375770308123249,10.805602240896357,
2010-11-03,34.52601115760112,25.083124128312413,13.103940027894003,11.34700139470014,10.80641562064156,
2010-11-04,34.505090655509065,25.091492329149233,13.149965132496513,11.32189679218968,10.78967921896792,
2010-11-05,34.505090655509065,25.091492329149233,13.149965132496513,11.32189679218968,10.78967921896792,
2010-11-06,34.505090655509065,25.091492329149233,13.149965132496513,11.32189679218968,10.78967921896792,
2010-11-07,34.505090655509065,25.091492329149233,13.149965132496513,11.32189679218968,10.78967921896792,
2010-11-08,34.505090655509065,25.091492329149233,13.149965132496513,11.32189679218968,10.78967921896792,
2010-11-09,34.50007002801121,25.092436974789916,13.162079831932772,11.318767507002802,10.782773109243696,
2010-11-10,34.489565826330534,25.092436974789916,13.212499999999999,11.287254901960784,10.770168067226889,
2010-11-11,34.47053445850914,25.09282700421941,13.226054852320674,11.28846694796062,10.773417721518987,
2010-11-12,34.46015406162465,25.100840336134453,13.260819327731092,11.26204481792717,10.768067226890755,
2010-11-13,34.46015406162465,25.100840336134453,13.260819327731092,11.26204481792717,10.768067226890755,
2010-11-14,34.44567642956764,25.10878661087866,13.297384937238492,11.23584379358438,10.764853556485354,
2010-11-15,34.44567642956764,25.10878661087866,13.297384937238492,11.23584379358438,10.764853556485354,
2010-11-16,34.428940027894,25.119246861924687,13.339225941422594,11.20655509065551,10.752301255230124,
2010-11-17,34.42298611111111,25.110416666666666,13.3753125,11.180694444444445,10.753333333333332,
2010-11-18,34.42298611111111,25.110416666666666,13.3753125,11.180694444444445,10.753333333333332,
2010-11-19,34.42298611111111,25.110416666666666,13.3753125,11.180694444444445,10.753333333333332,
2010-11-20,34.42298611111111,25.110416666666666,13.3753125,11.180694444444445,10.753333333333332,
2010-11-21,34.41293222683264,25.11410788381743,13.402800829875519,11.159197786998618,10.750207468879667,
2010-11-22,34.41293222683264,25.11410788381743,13.402800829875519,11.159197786998618,10.750207468879667,
2010-11-23,34.40631944444444,25.11875,13.414895833333333,11.153611111111111,10.742916666666666,
2010-11-24,34.389652777777776,25.126041666666666,13.451354166666667,11.126527777777778,10.732499999999998,
2010-11-25,34.389652777777776,25.126041666666666,13.451354166666667,11.126527777777778,10.732499999999998,
2010-11-26,34.389652777777776,25.126041666666666,13.451354166666667,11.126527777777778,10.732499999999998,
2010-11-27,34.389652777777776,25.126041666666666,13.451354166666667,11.126527777777778,10.732499999999998,
2010-11-28,34.383886583679114,25.12136929460581,13.482676348547717,11.105255878284924,10.725311203319501,
2010-11-29,34.38131944444444,25.121875,13.493020833333333,11.101527777777779,10.715833333333332,
2010-11-30,34.366178521617854,25.130753138075313,13.503451882845187,11.097768479776848,10.714644351464434,
2010-12-01,34.36465277777778,25.117708333333333,13.538854166666665,11.072361111111112,10.711666666666666,
2010-12-02,34.34173611111111,25.128125,13.582604166666666,11.043194444444445,10.7075,
2010-12-03,34.34031811894882,25.13589211618257,13.609232365145228,11.018118948824343,10.700414937759335,
2010-12-04,34.34031811894882,25.13589211618257,13.609232365145228,11.018118948824343,10.700414937759335,
2010-12-05,34.338911845730024,25.13119834710744,13.635640495867769,10.993250688705235,10.697520661157023,
2010-12-06,34.32786998616874,25.13589211618257,13.650726141078838,10.984923928077455,10.696265560165974,
2010-12-07,34.316874999999996,25.13798611111111,13.663576388888888,10.980277777777777,10.690138888888889,
2010-12-08,34.3155601659751,25.12911479944675,13.694017980636238,10.95131396957123,10.687275242047026,
2010-12-09,34.304375,25.133819444444445,13.705243055555554,10.946944444444444,10.685972222222222,
2010-12-10,34.298962655601656,25.141562932226833,13.731362378976486,10.922268326417703,10.683125864453665,
2010-12-11,34.298962655601656,25.141562932226833,13.731362378976486,10.922268326417703,10.683125864453665,
2010-12-12,34.290663900414934,25.145712309820194,13.768706777316735,10.893222683264176,10.674827109266943,
2010-12-13,34.28770833333333,25.142152777777778,13.780243055555555,10.88861111111111,10.669305555555555,
2010-12-14,34.28770833333333,25.142152777777778,13.780243055555555,10.88861111111111,10.669305555555555,
2010-12-15,34.28651452282158,25.137413554633472,13.806051175656984,10.860027662517288,10.670677731673582,
2010-12-16,34.281198347107434,25.145110192837468,13.831646005509642,10.835812672176308,10.663774104683196,
2010-12-17,34.28004115226337,25.156858710562414,13.852914951989026,10.811796982167351,10.656927297668037,
2010-12-18,34.28004115226337,25.156858710562414,13.852914951989026,10.811796982167351,10.656927297668037,
2010-12-19,34.278893442622945,25.160314207650273,13.878107923497268,10.787978142076502,10.654234972677596,
2010-12-20,34.278893442622945,25.160314207650273,13.878107923497268,10.787978142076502,10.654234972677596,
2010-12-21,34.27979591836734,25.164761904761907,13.897993197278911,10.762312925170066,10.649523809523808,
2010-12-22,34.27979591836734,25.164761904761907,13.897993197278911,10.762312925170066,10.649523809523808,
2010-12-23,34.27979591836734,25.164761904761907,13.897993197278911,10.762312925170066,10.649523809523808,
2010-12-24,34.27979591836734,25.164761904761907,13.897993197278911,10.762312925170066,10.649523809523808,
2010-12-25,34.27979591836734,25.164761904761907,13.897993197278911,10.762312925170066,10.649523809523808,
2010-12-26,34.27865853658536,25.172222222222224,13.918733062330622,10.738888888888887,10.646883468834687,
2010-12-27,34.27865853658536,25.172222222222224,13.918733062330622,10.738888888888887,10.646883468834687,
2010-12-28,34.26849593495935,25.17628726287263,13.957350948509484,10.700271002710027,10.646883468834687,
2010-12-29,34.257346938775505,25.172925170068027,13.973503401360544,10.690884353741495,10.649523809523808,
2010-12-30,34.23381147540983,25.169535519125684,13.997984972677596,10.689617486338797,10.652185792349727,
2010-12-31,34.23381147540983,25.169535519125684,13.997984972677596,10.689617486338797,10.652185792349727,
2011-01-01,34.23381147540983,25.169535519125684,13.997984972677596,10.689617486338797,10.652185792349727,
2011-01-02,34.23381147540983,25.169535519125684,13.997984972677596,10.689617486338797,10.652185792349727,
2011-01-03,34.23381147540983,25.169535519125684,13.997984972677596,10.689617486338797,10.652185792349727,
2011-01-04,34.22561475409836,25.163387978142076,14.041017759562841,10.654781420765026,10.650136612021857,
2011-01-05,34.22561475409836,25.163387978142076,14.041017759562841,10.654781420765026,10.650136612021857,
2011-01-06,34.23285714285714,25.166802721088438,14.06125850340136,10.627619047619046,10.643401360544217,
2011-01-07,34.23285714285714,25.166802721088438,14.06125850340136,10.627619047619046,10.643401360544217,
2011-01-08,34.23285714285714,25.166802721088438,14.06125850340136,10.627619047619046,10.643401360544217,
2011-01-09,34.235975609756096,25.17018970189702,14.08539972899729,10.604742547425474,10.636720867208671,
2011-01-10,34.235975609756096,25.17018970189702,14.08539972899729,10.604742547425474,10.636720867208671,
2011-01-11,34.23081632653061,25.172925170068027,14.102074829931972,10.592925170068026,10.633197278911565,
2011-01-12,34.233943089430895,25.172222222222224,14.130115176151762,10.562059620596205,10.626558265582656,
2011-01-13,34.226734693877546,25.170884353741496,14.142891156462584,10.552108843537415,10.627074829931972,
2011-01-14,34.229878048780485,25.186449864498645,14.158570460704606,10.529539295392953,10.61639566395664,
2011-01-15,34.229878048780485,25.186449864498645,14.158570460704606,10.529539295392953,10.61639566395664,
2011-01-16,34.232995951417,25.18974358974359,14.178171390013494,10.50715249662618,10.609851551956815,
2011-01-17,34.229674796747965,25.190718157181568,14.19190379403794,10.494783197831978,10.605216802168021,
2011-01-18,34.2265306122449,25.20374149659864,14.209013605442175,10.472312925170067,10.59952380952381,
2011-01-19,34.233739837398375,25.198848238482384,14.232554200542005,10.4460027100271,10.593021680216802,
2011-01-20,34.22244897959184,25.195578231292515,14.253911564625849,10.431496598639455,10.59952380952381,
2011-01-21,34.22154471544715,25.206978319783197,14.27320460704607,10.405352303523035,10.588956639566396,
2011-01-22,34.22154471544715,25.206978319783197,14.27320460704607,10.405352303523035,10.588956639566396,
2011-01-23,34.2246963562753,25.214237516869094,14.292341430499324,10.383468286099864,10.582523616734143,
2011-01-24,34.22379032258065,25.22143817204301,14.311323924731182,10.361760752688172,10.57614247311828,
2011-01-25,34.225806451612904,25.237567204301072,14.339549731182794,10.319422043010753,10.564045698924732,
2011-01-26,34.23790322580645,25.22950268817204,14.37584005376344,10.27103494623656,10.555981182795698,
2011-01-27,34.23790322580645,25.22950268817204,14.37584005376344,10.27103494623656,10.555981182795698,
2011-01-28,34.24497991967871,25.236613119143236,14.394410977242302,10.249866131191432,10.545716198125836,
2011-01-29,34.24497991967871,25.236613119143236,14.394410977242302,10.249866131191432,10.545716198125836,
2011-01-30,34.252,25.247666666666664,14.408833333333332,10.224866666666667,10.539533333333333,
2011-01-31,34.2570281124498,25.25267737617135,14.422523427041497,10.201673360107096,10.533668005354752,
2011-02-01,34.25806451612903,25.26176075268817,14.440356182795698,10.170228494623656,10.531787634408602,
2011-02-02,34.265060240963855,25.248661311914322,14.466700133868807,10.14946452476573,10.525635876840695,
2011-02-03,34.2570281124498,25.248661311914322,14.50284471218206,10.117336010709504,10.51760374832664,
2011-02-04,34.2570281124498,25.248661311914322,14.50284471218206,10.117336010709504,10.51760374832664,
2011-02-05,34.2570281124498,25.248661311914322,14.50284471218206,10.117336010709504,10.51760374832664,
2011-02-06,34.26,25.255666666666663,14.512833333333331,10.096866666666667,10.515533333333332,
2011-02-07,34.25502008032129,25.254685408299864,14.52694109772423,10.077175368139224,10.51760374832664,
2011-02-08,34.256048387096776,25.267809139784944,14.545194892473116,10.045228494623656,10.511626344086022,
2011-02-09,34.26814516129032,25.25168010752688,14.581485215053762,10.00087365591398,10.507594086021506,
2011-02-10,34.26814516129032,25.25168010752688,14.581485215053762,10.00087365591398,10.507594086021506,
2011-02-11,34.27510040160642,25.258701472556893,14.591198125836678,9.980789825970549,10.501539491298526,
2011-02-12,34.27510040160642,25.258701472556893,14.591198125836678,9.980789825970549,10.501539491298526,
2011-02-13,34.274,25.257666666666665,14.608833333333331,9.964866666666667,10.499533333333332,
2011-02-14,34.2716,25.262866666666664,14.640833333333331,9.925666666666666,10.492333333333333,
2011-02-15,34.27469879518072,25.26994645247657,14.657463186077642,9.89524765729585,10.488286479250334,
2011-02-16,34.2816,25.256866666666664,14.674833333333332,9.875666666666666,10.490333333333332,
2011-02-17,34.2816,25.256866666666664,14.674833333333332,9.875666666666666,10.490333333333332,
2011-02-18,34.28645418326693,25.257835325365203,14.690073041168658,9.856241699867198,10.484395750332004,
2011-02-19,34.28645418326693,25.257835325365203,14.690073041168658,9.856241699867198,10.484395750332004,
2011-02-20,34.28928571428571,25.256812169312166,14.707175925925926,9.840939153439153,10.47850529100529,
2011-02-21,34.298406374501994,25.253851261620184,14.721945551128817,9.820385126162018,10.472443559096945,
2011-02-22,34.303599999999996,25.258866666666666,14.736833333333331,9.791666666666666,10.470333333333333,
2011-02-23,34.3196,25.253866666666664,14.761833333333332,9.746666666666666,10.465333333333332,
2011-02-24,34.3116,25.265866666666664,14.789833333333332,9.710666666666667,10.457333333333333,
2011-02-25,34.31832669322709,25.28074369189907,14.79067065073041,9.691899070385126,10.45152722443559,
2011-02-26,34.31832669322709,25.28074369189907,14.79067065073041,9.691899070385126,10.45152722443559,
2011-02-27,34.32103174603174,25.29153439153439,14.795469576719576,9.677248677248677,10.445767195767194,
2011-02-28,34.32629482071713,25.288711819389107,14.81457503320053,9.652058432934925,10.44355909694555,
2011-03-01,34.3276,25.289866666666665,14.837833333333332,9.622666666666666,10.441333333333333,
2011-03-02,34.32629482071713,25.29667994687915,14.84246347941567,9.604249667994686,10.43957503320053,
2011-03-03,34.32629482071713,25.29667994687915,14.84246347941567,9.604249667994686,10.43957503320053,
2011-03-04,34.32629482071713,25.29667994687915,14.84246347941567,9.604249667994686,10.43957503320053,
2011-03-05,34.32629482071713,25.29667994687915,14.84246347941567,9.604249667994686,10.43957503320053,
2011-03-06,34.32103174603174,25.31137566137566,14.843088624338623,9.593915343915343,10.433862433862434,
2011-03-07,34.32231075697211,25.310624169986717,14.85839973439575,9.568393094289508,10.435590969455511,
2011-03-08,34.3276,25.315866666666665,14.877833333333331,9.538666666666666,10.433333333333332,
2011-03-09,34.33426294820717,25.31859229747676,14.88230411686587,9.52058432934927,10.43160690571049,
2011-03-10,34.34223107569721,25.322576361221778,14.902224435590968,9.48074369189907,10.427622841965471,
2011-03-11,34.34223107569721,25.322576361221778,14.902224435590968,9.48074369189907,10.427622841965471,
2011-03-12,34.34223107569721,25.322576361221778,14.902224435590968,9.48074369189907,10.427622841965471,
2011-03-13,34.34484126984127,25.333201058201055,14.902612433862434,9.466931216931217,10.425925925925926,
2011-03-14,34.34661354581673,25.328353253652057,14.921148738379813,9.445883134130145,10.42363877822045,
2011-03-15,34.348,25.333666666666666,14.940833333333332,9.419666666666666,10.421333333333331,
2011-03-16,34.35524568393094,25.340305444887115,14.945053120849932,9.405378486055778,10.41567065073041,
2011-03-17,34.34466666666666,25.341666666666665,14.968833333333333,9.383,10.417333333333332,
2011-03-18,34.3472775564409,25.352257636122175,14.988877822045152,9.365537848605578,10.403718459495352,
2011-03-19,34.3472775564409,25.352257636122175,14.988877822045152,9.365537848605578,10.403718459495352,
2011-03-20,34.34589947089947,25.362764550264547,15.000826719576718,9.348214285714286,10.398148148148147,
2011-03-21,34.34986772486772,25.362764550264547,15.044477513227513,9.304563492063492,10.382275132275131,
2011-03-22,34.35126162018592,25.364209827357236,15.06457503320053,9.27390438247012,10.383798140770251,
2011-03-23,34.3472775564409,25.360225763612217,15.10043160690571,9.23406374501992,10.375830013280211,
2011-03-24,34.34986772486772,25.3667328042328,15.123842592592592,9.217261904761905,10.36243386243386,
2011-03-25,34.34986772486772,25.3667328042328,15.123842592592592,9.217261904761905,10.36243386243386,
2011-03-26,34.34986772486772,25.3667328042328,15.123842592592592,9.217261904761905,10.36243386243386,
2011-03-27,34.348484848484844,25.373188405797098,15.143115942028984,9.196640316205533,10.357048748353096,
2011-03-28,34.341931216931215,25.378637566137563,15.163525132275131,9.169642857142858,10.358465608465607,
2011-03-29,34.34329349269588,25.376162018592296,15.184096945551127,9.146414342629482,10.35590969455511,
2011-03-30,34.33532536520584,25.370185922974766,15.225929614873836,9.106573705179283,10.351925630810092,
2011-03-31,34.33532536520584,25.370185922974766,15.225929614873836,9.106573705179283,10.351925630810092,
2011-04-01,34.33399470899471,25.38062169312169,15.240906084656084,9.090277777777779,10.342592592592592,
2011-04-02,34.33399470899471,25.38062169312169,15.240906084656084,9.090277777777779,10.342592592592592,
2011-04-03,34.32872200263505,25.383069828722,15.2715744400527,9.07411067193676,10.333333333333332,
2011-04-04,34.32872200263505,25.383069828722,15.2715744400527,9.07411067193676,10.333333333333332,
2011-04-05,34.32804232804232,25.382605820105816,15.292493386243384,9.050595238095237,10.330687830687829,
2011-04-06,34.31093544137022,25.373188405797098,15.342720685111988,9.026679841897232,10.32542819499341,
2011-04-07,34.3030303030303,25.37714097496706,15.390151515151514,8.99110671936759,10.31357048748353,
2011-04-08,34.3030303030303,25.37714097496706,15.390151515151514,8.99110671936759,10.31357048748353,
2011-04-09,34.3030303030303,25.37714097496706,15.390151515151514,8.99110671936759,10.31357048748353,
2011-04-10,34.29790026246719,25.375656167979,15.424048556430446,8.971456692913385,10.304461942257216,
2011-04-11,34.29216073781291,25.37220026350461,15.44449934123847,8.954545454545455,10.303689064558629,
2011-04-12,34.28935185185185,25.381613756613753,15.466104497354497,8.926587301587302,10.300925925925926,
2011-04-13,34.27239789196311,25.37615283267457,15.511693017127799,8.90711462450593,10.291831357048746,
2011-04-14,34.26157407407407,25.373677248677247,15.537533068783068,8.886904761904763,10.292989417989416,
2011-04-15,34.25856389986824,25.37812911725955,15.569005270092225,8.867588932806324,10.281949934123846,
2011-04-16,34.25856389986824,25.37812911725955,15.569005270092225,8.867588932806324,10.281949934123846,
2011-04-17,34.2496719160105,25.368766404199473,15.602198162729657,8.85236220472441,10.276902887139107,
2011-04-18,34.2496719160105,25.368766404199473,15.602198162729657,8.85236220472441,10.276902887139107,
2011-04-19,34.23589238845144,25.364829396325458,15.663221784776901,8.812335958005248,10.26968503937008,
2011-04-20,34.23589238845144,25.364829396325458,15.663221784776901,8.812335958005248,10.26968503937008,
2011-04-21,34.23589238845144,25.364829396325458,15.663221784776901,8.812335958005248,10.26968503937008,
2011-04-22,34.23589238845144,25.364829396325458,15.663221784776901,8.812335958005248,10.26968503937008,
2011-04-23,34.23589238845144,25.364829396325458,15.663221784776901,8.812335958005248,10.26968503937008,
2011-04-24,34.231045751633985,25.363398692810456,15.691993464052286,8.79346405228758,10.260784313725491,
2011-04-25,34.224081364829395,25.36089238845144,15.718339895013122,8.77296587926509,10.257874015748031,
2011-04-26,34.22101449275362,25.362318840579707,15.744894598155467,8.74440052700922,10.25889328063241,
2011-04-27,34.20915678524374,25.342555994729906,15.808135704874834,8.704874835309617,10.254940711462451,
2011-04-28,34.198082010582006,25.335978835978832,15.835152116402115,8.687830687830687,10.255952380952381,
2011-04-29,34.198082010582006,25.335978835978832,15.835152116402115,8.687830687830687,10.255952380952381,
2011-04-30,34.198082010582006,25.335978835978832,15.835152116402115,8.687830687830687,10.255952380952381,
2011-05-01,34.19729907773386,25.330698287220024,15.86742424242424,8.669301712779973,10.24703557312253,
2011-05-02,34.198082010582006,25.320105820105816,15.89070767195767,8.6521164021164,10.244047619047619,
2011-05-03,34.19090305444887,25.317397078353252,15.918160690571048,8.630810092961486,10.245019920318725,
2011-05-04,34.17496679946879,25.289508632138112,15.985889774236387,8.590969455511287,10.241035856573705,
2011-05-05,34.17496679946879,25.28154050464807,16.029714475431607,8.555112881806108,10.233067729083665,
2011-05-06,34.17824074074074,25.28439153439153,16.05737433862434,8.537037037037036,10.220238095238095,
2011-05-07,34.17824074074074,25.28439153439153,16.05737433862434,8.537037037037036,10.220238095238095,
2011-05-08,34.173583662714094,25.27931488801054,16.084815546772067,8.523056653491436,10.215415019762846,
2011-05-09,34.16534391534391,25.28042328042328,16.10598544973545,8.502314814814813,10.217261904761905,
2011-05-10,34.16201859229747,25.273572377158033,16.126328021248337,8.484395750332004,10.21812749003984,
2011-05-11,34.1494708994709,25.26058201058201,16.16550925925926,8.466600529100528,10.21329365079365,
2011-05-12,34.1494708994709,25.26058201058201,16.16550925925926,8.466600529100528,10.21329365079365,
2011-05-13,34.14492753623188,25.263504611330696,16.18857048748353,8.452898550724637,10.204545454545455,
2011-05-14,34.14492753623188,25.263504611330696,16.18857048748353,8.452898550724637,10.204545454545455,
2011-05-15,34.14041994750656,25.258530183727032,16.211450131233594,8.439304461942257,10.1998031496063,
2011-05-16,34.14041994750656,25.258530183727032,16.211450131233594,8.439304461942257,10.1998031496063,
2011-05-17,34.13899868247694,25.257575757575754,16.234025032938074,8.415349143610012,10.198616600790514,
2011-05-18,34.13254593175853,25.254593175853017,16.26459973753281,8.398950131233594,10.188976377952756,
2011-05-19,34.12516469038208,25.243741765480895,16.289361001317523,8.384716732542818,10.193675889328063,
2011-05-20,34.120734908136484,25.238845144356954,16.315780839895012,8.367454068241468,10.188976377952756,
2011-05-21,34.120734908136484,25.238845144356954,16.315780839895012,8.367454068241468,10.188976377952756,
2011-05-22,34.118300653594765,25.241830065359476,16.338071895424836,8.352287581699345,10.180392156862744,
2011-05-23,34.118300653594765,25.241830065359476,16.338071895424836,8.352287581699345,10.180392156862744,
2011-05-24,34.11679790026246,25.24278215223097,16.359087926509186,8.32808398950131,10.179133858267717,
2011-05-25,34.10849673202614,25.226143790849672,16.3968954248366,8.315032679738561,10.174509803921568,
2011-05-26,34.10849673202614,25.226143790849672,16.3968954248366,8.315032679738561,10.174509803921568,
2011-05-27,34.108072916666664,25.236979166666664,16.418782552083332,8.298177083333332,10.162109375,
2011-05-28,34.108072916666664,25.236979166666664,16.418782552083332,8.298177083333332,10.162109375,
2011-05-29,34.10765239948119,25.23994811932555,16.43660830090791,8.28923476005188,10.153696498054474,
2011-05-30,34.100260416666664,25.244791666666664,16.457845052083332,8.266927083333332,10.154296875,
2011-05-31,34.080729166666664,25.240885416666664,16.512532552083332,8.227864583333332,10.146484375,
2011-06-01,34.073202614379085,25.241830065359476,16.526307189542482,8.205228758169934,10.150980392156862,
2011-06-02,34.06167979002625,25.24278215223097,16.548064304461942,8.186351706036744,10.159448818897637,
2011-06-03,34.06167979002625,25.24278215223097,16.548064304461942,8.186351706036744,10.159448818897637,
2011-06-04,34.06167979002625,25.24278215223097,16.548064304461942,8.186351706036744,10.159448818897637,
2011-06-05,34.05751633986928,25.241830065359476,16.573366013071894,8.173856209150326,10.150980392156862,
2011-06-06,34.049868766404195,25.244750656167977,16.593339895013123,8.148950131233594,10.153543307086615,
2011-06-07,34.04611330698287,25.251646903820813,16.60951910408432,8.123847167325428,10.152173913043478,
2011-06-08,34.02239789196311,25.239789196310934,16.672760210803688,8.088274044795783,10.144268774703557,
2011-06-09,34.01837270341207,25.238845144356954,16.701607611548557,8.076115485564303,10.135826771653543,
2011-06-10,34.01830065359477,25.249673202614378,16.72238562091503,8.060130718954246,10.123529411764705,
2011-06-11,34.01830065359477,25.249673202614378,16.72238562091503,8.060130718954246,10.123529411764705,
2011-06-12,34.018229166666664,25.252604166666664,16.743001302083332,8.044270833333332,10.115234375,
2011-06-13,34.01045751633987,25.25751633986928,16.76552287581699,8.020915032679737,10.111764705882353,
2011-06-14,34.00262467191601,25.27034120734908,16.784284776902886,7.993438320209973,10.112204724409448,
2011-06-15,33.99084967320261,25.26143790849673,16.820424836601305,7.977777777777778,10.107843137254902,
2011-06-16,33.98687664041994,25.266404199475062,16.83546587926509,7.9501312335958,10.112204724409448,
2011-06-17,33.98687664041994,25.266404199475062,16.83546587926509,7.9501312335958,10.112204724409448,
2011-06-18,33.98687664041994,25.266404199475062,16.83546587926509,7.9501312335958,10.112204724409448,
2011-06-19,33.97908496732026,25.265359477124182,16.859640522875814,7.938562091503267,10.107843137254902,
2011-06-20,33.9750656167979,25.27034120734908,16.878772965879264,7.914698162729659,10.104330708661417,
2011-06-21,33.96128608923884,25.280183727034117,16.926017060367453,7.873359580052493,10.094488188976378,
2011-06-22,33.95931758530183,25.297900262467188,16.95751312335958,7.832020997375328,10.082677165354331,
2011-06-23,33.95125164690382,25.29907773386034,16.981060606060606,7.811594202898551,10.08695652173913,
2011-06-24,33.9514435695538,25.301837270341206,17.004757217847768,7.796587926509186,10.0748031496063,
2011-06-25,33.9514435695538,25.301837270341206,17.004757217847768,7.796587926509186,10.0748031496063,
2011-06-26,33.9437908496732,25.30457516339869,17.02434640522876,7.789542483660131,10.066666666666666,
2011-06-27,33.9437908496732,25.30457516339869,17.02434640522876,7.789542483660131,10.066666666666666,
2011-06-28,33.93175853018372,25.321522309711284,17.04019028871391,7.761154855643045,10.070866141732283,
2011-06-29,33.91601049868766,25.31758530183727,17.091371391076116,7.725721784776902,10.062992125984252,
2011-06-30,33.91601049868766,25.31758530183727,17.091371391076116,7.725721784776902,10.062992125984252,
2011-07-01,33.91601049868766,25.31758530183727,17.091371391076116,7.725721784776902,10.062992125984252,
2011-07-02,33.91601049868766,25.31758530183727,17.091371391076116,7.725721784776902,10.062992125984252,
2011-07-03,33.916339869281046,25.320261437908496,17.10669934640523,7.715032679738562,10.054901960784314,
2011-07-04,33.916339869281046,25.320261437908496,17.10669934640523,7.715032679738562,10.054901960784314,
2011-07-05,33.90813648293963,25.329396325459314,17.126804461942257,7.692257217847769,10.053149606299213,
2011-07-06,33.90457516339869,25.320261437908496,17.14983660130719,7.681699346405228,10.049019607843137,
2011-07-07,33.888888888888886,25.33006535947712,17.1890522875817,7.646405228758169,10.04313725490196,
2011-07-08,33.888888888888886,25.33006535947712,17.1890522875817,7.646405228758169,10.04313725490196,
2011-07-09,33.888888888888886,25.33006535947712,17.1890522875817,7.646405228758169,10.04313725490196,
2011-07-10,33.885416666666664,25.336588541666664,17.203938802083332,7.636067708333333,10.03515625,
2011-07-11,33.875163398692806,25.341830065359474,17.224346405228758,7.613071895424836,10.035294117647059,
2011-07-12,33.86679790026246,25.351049868766403,17.246883202099735,7.587926509186351,10.031496062992126,
2011-07-13,33.855555555555554,25.345751633986925,17.269444444444442,7.5738562091503265,10.031372549019608,
2011-07-14,33.84711286089239,25.351049868766403,17.294127296587924,7.548556430446194,10.035433070866143,
2011-07-15,33.8437908496732,25.36535947712418,17.312581699346403,7.534640522875817,10.023529411764706,
2011-07-16,33.8437908496732,25.36535947712418,17.312581699346403,7.534640522875817,10.023529411764706,
2011-07-17,33.836588541666664,25.371744791666664,17.326985677083332,7.524739583333333,10.01953125,
2011-07-18,33.836588541666664,25.371744791666664,17.326985677083332,7.524739583333333,10.01953125,
2011-07-19,33.82614379084967,25.37908496732026,17.34983660130719,7.499346405228758,10.019607843137255,
2011-07-20,33.81437908496732,25.384967320261435,17.38316993464052,7.463071895424837,10.012745098039217,
2011-07-21,33.807291666666664,25.387369791666664,17.401204427083332,7.453450520833333,10.0048828125,
2011-07-22,33.8041504539559,25.393644617380023,17.42298962386511,7.4400129701686115,9.997081712062256,
2011-07-23,33.8041504539559,25.393644617380023,17.42298962386511,7.4400129701686115,9.997081712062256,
2011-07-24,33.80103359173126,25.39987080103359,17.440729974160206,7.426679586563307,9.993217054263566,
2011-07-25,33.80103359173126,25.39987080103359,17.440729974160206,7.426679586563307,9.993217054263566,
2011-07-26,33.79247730220493,25.41504539559014,17.459954604409855,7.399156939040207,9.98929961089494,
2011-07-27,33.784695201037614,25.422827496757456,17.494974059662773,7.3485732814526585,9.98929961089494,
2011-07-28,33.776041666666664,25.432291666666664,17.516438802083332,7.322591145833333,9.9931640625,
2011-07-29,33.776041666666664,25.432291666666664,17.516438802083332,7.322591145833333,9.9931640625,
2011-07-30,33.776041666666664,25.432291666666664,17.516438802083332,7.322591145833333,9.9931640625,
2011-07-31,33.77302204928664,25.442282749675744,17.53388456549935,7.309662775616083,9.985408560311283,
2011-08-01,33.77302204928664,25.442282749675744,17.53388456549935,7.309662775616083,9.985408560311283,
2011-08-02,33.762369791666664,25.453776041666664,17.555501302083332,7.285481770833333,9.9814453125,
2011-08-03,33.742838541666664,25.469401041666664,17.594563802083332,7.238606770833333,9.9853515625,
2011-08-04,33.73605706874189,25.47924773022049,17.615596627756158,7.226005188067445,9.977626459143968,
2011-08-05,33.73605706874189,25.47924773022049,17.615596627756158,7.226005188067445,9.977626459143968,
2011-08-06,33.73605706874189,25.47924773022049,17.615596627756158,7.226005188067445,9.977626459143968,
2011-08-07,33.73320413436692,25.489018087855296,17.628714470284237,7.217377260981912,9.969961240310077,
2011-08-08,33.72243839169909,25.498702983138777,17.64672503242542,7.189040207522697,9.97373540856031,
2011-08-09,33.711588541666664,25.510416666666664,17.668782552083332,7.164388020833333,9.9716796875,
2011-08-10,33.70492866407263,25.516212710765238,17.681744487678337,7.148184176394293,9.967898832684824,
2011-08-11,33.694010416666664,25.526041666666664,17.701985677083332,7.119466145833333,9.9716796875,
2011-08-12,33.69520103761349,25.539559014267184,17.71092736705577,7.107328145265888,9.960116731517509,
2011-08-13,33.69520103761349,25.539559014267184,17.71092736705577,7.107328145265888,9.960116731517509,
2011-08-14,33.679636835278856,25.555123216601814,17.74205577172503,7.07230869001297,9.960116731517509,
2011-08-15,33.679636835278856,25.555123216601814,17.74205577172503,7.07230869001297,9.960116731517509,
2011-08-16,33.66601815823606,25.57846952010376,17.77318417639429,7.037289234760052,9.950389105058365,
2011-08-17,33.65434500648508,25.590142671854732,17.804312581063552,6.994487678339818,9.946498054474707,
2011-08-18,33.641276041666664,25.600260416666664,17.826985677083332,6.967122395833333,9.9501953125,
2011-08-19,33.64267185473411,25.605706874189362,17.83933203631647,6.9594682230869,9.938715953307392,
2011-08-20,33.64267185473411,25.605706874189362,17.83933203631647,6.9594682230869,9.938715953307392,
2011-08-21,33.632428940568474,25.618863049095605,17.847706718346252,6.951873385012919,9.931201550387597,
2011-08-22,33.62516212710765,25.629053177691308,17.864623865110246,6.924448767833981,9.932879377431906,
2011-08-23,33.617838541666664,25.639322916666664,17.889485677083332,6.896809895833333,9.9306640625,
2011-08-24,33.608072916666664,25.645182291666664,17.924641927083332,6.861653645833333,9.9189453125,
2011-08-25,33.596354166666664,25.660807291666664,17.963704427083332,6.822591145833333,9.9072265625,
2011-08-26,33.596354166666664,25.660807291666664,17.963704427083332,6.822591145833333,9.9072265625,
2011-08-27,33.596354166666664,25.660807291666664,17.963704427083332,6.822591145833333,9.9072265625,
2011-08-28,33.59014267185473,25.669909208819714,17.971627756160828,6.815499351491569,9.899805447470817,
2011-08-29,33.59014267185473,25.669909208819714,17.971627756160828,6.815499351491569,9.899805447470817,
2011-08-30,33.584635416666664,25.682291666666664,17.996256510416668,6.7900390625,9.8896484375,
2011-08-31,33.576822916666664,25.690104166666664,18.031412760416668,6.7548828125,9.8779296875,
2011-09-01,33.572916666666664,25.709635416666664,18.066569010416668,6.7158203125,9.8623046875,
2011-09-02,33.572916666666664,25.709635416666664,18.066569010416668,6.7158203125,9.8623046875,
2011-09-03,33.572916666666664,25.709635416666664,18.066569010416668,6.7158203125,9.8623046875,
2011-09-04,33.56679636835278,25.718547341115432,18.077983138780805,6.705252918287938,9.855058365758754,
2011-09-05,33.557291666666664,25.731119791666664,18.101725260416668,6.6826171875,9.8466796875,
2011-09-06,33.54771241830065,25.741830065359476,18.129575163398695,6.659803921568628,9.840196078431372,
2011-09-07,33.5359477124183,25.74771241830065,18.162908496732026,6.622549019607843,9.830392156862745,
2011-09-08,33.526246719160106,25.750656167979,18.193077427821525,6.59744094488189,9.825787401574804,
2011-09-09,33.53006535947712,25.767320261437906,18.19624183006536,6.5852941176470585,9.812745098039215,
2011-09-10,33.53006535947712,25.767320261437906,18.19624183006536,6.5852941176470585,9.812745098039215,
2011-09-11,33.527994791666664,25.783854166666664,18.199381510416668,6.5751953125,9.8056640625,
2011-09-12,33.52222222222222,25.79084967320261,18.22761437908497,6.548039215686274,9.799019607843137,
2011-09-13,33.51640419947506,25.790026246719158,18.256069553805776,6.522637795275591,9.798228346456693,
2011-09-14,33.506535947712415,25.802614379084964,18.258986928104576,6.512745098039216,9.795098039215686,
2011-09-15,33.50853018372703,25.80577427821522,18.291502624671917,6.483267716535433,9.786417322834646,
2011-09-16,33.506535947712415,25.82222222222222,18.294281045751635,6.477450980392157,9.775490196078431,
2011-09-17,33.506535947712415,25.82222222222222,18.294281045751635,6.477450980392157,9.775490196078431,
2011-09-18,33.500651041666664,25.838541666666664,18.297037760416668,6.4677734375,9.7685546875,
2011-09-19,33.500651041666664,25.838541666666664,18.297037760416668,6.4677734375,9.7685546875,
2011-09-20,33.500651041666664,25.838541666666664,18.297037760416668,6.4677734375,9.7685546875,
2011-09-21,33.49675745784695,25.848897535667962,18.30236705577173,6.458171206225681,9.761673151750973,
2011-09-22,33.490885416666664,25.863932291666664,18.330891927083336,6.4287109375,9.7490234375,
2011-09-23,33.49286640726329,25.880025940337223,18.329604409857332,6.419260700389105,9.73443579766537,
2011-09-24,33.49286640726329,25.880025940337223,18.329604409857332,6.419260700389105,9.73443579766537,
2011-09-25,33.490956072351416,25.895994832041342,18.328326873385016,6.409883720930233,9.727713178294573,
2011-09-26,33.49292149292149,25.91184041184041,18.327059202059203,6.4005791505791505,9.713320463320464,
2011-09-27,33.490956072351416,25.92894056847545,18.357396640826877,6.369186046511628,9.698643410852712,
2011-09-28,33.479328165374675,25.952196382428937,18.388404392764862,6.3226744186046515,9.675387596899224,
2011-09-29,33.479328165374675,25.952196382428937,18.388404392764862,6.3226744186046515,9.675387596899224,
2011-09-30,33.479328165374675,25.952196382428937,18.388404392764862,6.3226744186046515,9.675387596899224,
2011-10-01,33.479328165374675,25.952196382428937,18.388404392764862,6.3226744186046515,9.675387596899224,
2011-10-02,33.473616473616474,25.960102960102958,18.383043758043762,6.313706563706564,9.665057915057915,
2011-10-03,33.473616473616474,25.960102960102958,18.383043758043762,6.313706563706564,9.665057915057915,
2011-10-04,33.47157622739018,25.983204134366922,18.41166020671835,6.278100775193798,9.650193798449612,
2011-10-05,33.46203346203346,25.990990990990987,18.406209781209782,6.265444015444015,9.63996138996139,
2011-10-06,33.45238095238095,26.02187902187902,18.427445302445303,6.222972972972973,9.612934362934363,
2011-10-07,33.45238095238095,26.02187902187902,18.427445302445303,6.222972972972973,9.612934362934363,
2011-10-08,33.45238095238095,26.02187902187902,18.427445302445303,6.222972972972973,9.612934362934363,
2011-10-09,33.44679487179487,26.029487179487177,18.42195512820513,6.210576923076923,9.602884615384616,
2011-10-10,33.44679487179487,26.029487179487177,18.42195512820513,6.210576923076923,9.602884615384616,
2011-10-11,33.44272844272844,26.05083655083655,18.450611325611327,6.176640926640927,9.589768339768339,
2011-10-12,33.43333333333333,26.05448717948718,18.445032051282055,6.168269230769231,9.583653846153846,
2011-10-13,33.42728442728443,26.07400257400257,18.47377734877735,6.138030888030888,9.566602316602317,
2011-10-14,33.429487179487175,26.08910256410256,18.464262820512822,6.1298076923076925,9.552884615384615,
2011-10-15,33.429487179487175,26.08910256410256,18.464262820512822,6.1298076923076925,9.552884615384615,
2011-10-16,33.42401021711366,26.09642401021711,18.454821200510857,6.121647509578544,9.543103448275861,
2011-10-17,33.42401021711366,26.09642401021711,18.454821200510857,6.121647509578544,9.543103448275861,
2011-10-18,33.41923076923077,26.11474358974359,18.481570512820515,6.090064102564103,9.531089743589744,
2011-10-19,33.40996168582375,26.122924648786718,18.474936143039592,6.08109833971903,9.524265644955301,
2011-10-20,33.4,26.13878205128205,18.5036858974359,6.05448717948718,9.510897435897437,
2011-10-21,33.4,26.13878205128205,18.5036858974359,6.05448717948718,9.510897435897437,
2011-10-22,33.4,26.13878205128205,18.5036858974359,6.05448717948718,9.510897435897437,
2011-10-23,33.39463601532567,26.145913154533844,18.4940932311622,6.042784163473819,9.501277139208174,
2011-10-24,33.39312977099237,26.15680661577608,18.48839058524173,6.0349872773536894,9.48791348600509,
2011-10-25,33.388888888888886,26.17464878671775,18.511334610472545,6.008301404853129,9.476372924648787,
2011-10-26,33.37356321839081,26.193805874840358,18.526660280970628,5.966155810983397,9.461047254150703,
2011-10-27,33.37356321839081,26.193805874840358,18.526660280970628,5.966155810983397,9.461047254150703,
2011-10-28,33.37404580152672,26.214058524173026,18.513199745547077,5.956743002544529,9.449745547073793,
2011-10-29,33.37404580152672,26.214058524173026,18.513199745547077,5.956743002544529,9.449745547073793,
2011-10-30,33.361216730038024,26.22084917617237,18.507446134347276,5.945500633713562,9.444233206590622,
2011-10-31,33.361216730038024,26.22084917617237,18.507446134347276,5.945500633713562,9.444233206590622,
2011-11-01,33.35496183206107,26.2426844783715,18.53037531806616,5.918575063613232,9.432569974554708,
2011-11-02,33.349809885931556,26.24936628643853,18.52075411913815,5.907477820025349,9.427122940430925,
2011-11-03,33.346007604562736,26.28738910012674,18.528358681875794,5.8732572877059575,9.404309252217997,
2011-11-04,33.346007604562736,26.28738910012674,18.528358681875794,5.8732572877059575,9.404309252217997,
2011-11-05,33.346007604562736,26.28738910012674,18.528358681875794,5.8732572877059575,9.404309252217997,
2011-11-06,33.34090909090909,26.297664141414142,18.51499368686869,5.866161616161617,9.3989898989899,
2011-11-07,33.34090909090909,26.297664141414142,18.51499368686869,5.866161616161617,9.3989898989899,
2011-11-08,33.334600760456276,26.317807351077313,18.537864385297848,5.840937896070976,9.387198986058301,
2011-11-09,33.32699619771863,26.34442332065906,18.54927122940431,5.802915082382763,9.368187579214196,
2011-11-10,33.3206106870229,26.361005089058523,18.574268447837152,5.775445292620866,9.358142493638677,
2011-11-11,33.32319391634981,26.374841571609632,18.56828263624842,5.768694550063372,9.34917617237009,
2011-11-12,33.32319391634981,26.374841571609632,18.56828263624842,5.768694550063372,9.34917617237009,
2011-11-13,33.321969696969695,26.388573232323232,18.554766414141415,5.76199494949495,9.344065656565657,
2011-11-14,33.321969696969695,26.388573232323232,18.554766414141415,5.76199494949495,9.344065656565657,
2011-11-15,33.31368821292776,26.40652724968314,18.579689480354883,5.73447401774398,9.333333333333334,
2011-11-16,33.3125,26.412563131313128,18.56991792929293,5.7250631313131315,9.330176767676768,
2011-11-17,33.30608365019011,26.421736375158424,18.60250316856781,5.697401774397973,9.32002534854246,
2011-11-18,33.30608365019011,26.421736375158424,18.60250316856781,5.697401774397973,9.32002534854246,
2011-11-19,33.30608365019011,26.421736375158424,18.60250316856781,5.697401774397973,9.32002534854246,
2011-11-20,33.30492424242424,26.4352904040404,18.592645202020204,5.687184343434343,9.315025252525254,
2011-11-21,33.30492424242424,26.4352904040404,18.592645202020204,5.687184343434343,9.315025252525254,
2011-11-22,33.29467680608365,26.454055766793406,18.615811153358685,5.663181242078581,9.306717363751586,
2011-11-23,33.29847908745247,26.46166032953105,18.619613434727505,5.628960709759189,9.295310519645122,
2011-11-24,33.30113636363637,26.46748737373737,18.613478535353536,5.619002525252526,9.290404040404042,
2011-11-25,33.30754716981132,26.48081761006289,18.5998427672956,5.611006289308176,9.279874213836479,
2011-11-26,33.30754716981132,26.48081761006289,18.5998427672956,5.611006289308176,9.279874213836479,
2011-11-27,33.31015037593985,26.490288220551378,18.586309523809526,5.601190476190476,9.275062656641605,
2011-11-28,33.31015037593985,26.490288220551378,18.586309523809526,5.601190476190476,9.275062656641605,
2011-11-29,33.30377358490566,26.509119496855345,18.60738993710692,5.577044025157233,9.264779874213838,
2011-11-30,33.31015037593985,26.503446115288217,18.597587719298247,5.567355889724311,9.263784461152884,
2011-12-01,33.31015037593985,26.52412280701754,18.61074561403509,5.533521303258146,9.24874686716792,
2011-12-02,33.31015037593985,26.52412280701754,18.61074561403509,5.533521303258146,9.24874686716792,
2011-12-03,33.31015037593985,26.52412280701754,18.61074561403509,5.533521303258146,9.24874686716792,
2011-12-04,33.306390977443606,26.539160401002505,18.61826441102757,5.49968671679198,9.2374686716792,
2011-12-05,33.306390977443606,26.539160401002505,18.61826441102757,5.49968671679198,9.2374686716792,
2011-12-06,33.299371069182385,26.556289308176098,18.641981132075472,5.474528301886792,9.227044025157234,
2011-12-07,33.30576441102757,26.554197994987465,18.63204887218045,5.465225563909774,9.226190476190478,
2011-12-08,33.30576441102757,26.554197994987465,18.63204887218045,5.465225563909774,9.226190476190478,
2011-12-09,33.30576441102757,26.554197994987465,18.63204887218045,5.465225563909774,9.226190476190478,
2011-12-10,33.30576441102757,26.554197994987465,18.63204887218045,5.465225563909774,9.226190476190478,
2011-12-11,33.30576441102757,26.588032581453632,18.63580827067669,5.431390977443609,9.211152882205514,
2011-12-12,33.30576441102757,26.588032581453632,18.63580827067669,5.431390977443609,9.211152882205514,
2011-12-13,33.30576441102757,26.610588972431074,18.648966165413533,5.399436090225564,9.192355889724311,
2011-12-14,33.312109862671655,26.615792759051185,18.631554307116104,5.390449438202247,9.18789013732834,
2011-12-15,33.312109862671655,26.615792759051185,18.631554307116104,5.390449438202247,9.18789013732834,
2011-12-16,33.31467661691542,26.63215174129353,18.62546641791045,5.385261194029851,9.175995024875624,
2011-12-17,33.31467661691542,26.63215174129353,18.62546641791045,5.385261194029851,9.175995024875624,
2011-12-18,33.31094527363184,26.662002487562187,18.636660447761194,5.351679104477612,9.157338308457712,
2011-12-19,33.31094527363184,26.662002487562187,18.636660447761194,5.351679104477612,9.157338308457712,
2011-12-20,33.31094527363184,26.662002487562187,18.636660447761194,5.351679104477612,9.157338308457712,
2011-12-21,33.31722428748451,26.666976456009913,18.61942379182156,5.339219330855019,9.149318463444859,
2011-12-22,33.31722428748451,26.666976456009913,18.61942379182156,5.339219330855019,9.149318463444859,
2011-12-23,33.32716049382716,26.679320987654318,18.60972222222222,5.330555555555556,9.137654320987656,
2011-12-24,33.32716049382716,26.679320987654318,18.60972222222222,5.330555555555556,9.137654320987656,
2011-12-25,33.33333333333333,26.691574415744157,18.59640221402214,5.321955719557195,9.129766297662977,
2011-12-26,33.33333333333333,26.691574415744157,18.59640221402214,5.321955719557195,9.129766297662977,
2011-12-27,33.32716049382716,26.70895061728395,18.61712962962963,5.2972222222222225,9.122839506172841,
2011-12-28,33.32345679012345,26.72006172839506,18.624537037037037,5.267592592592592,9.115432098765433,
2011-12-29,33.32345679012345,26.72006172839506,18.624537037037037,5.267592592592592,9.115432098765433,
2011-12-30,33.32345679012345,26.72006172839506,18.624537037037037,5.267592592592592,9.115432098765433,
2011-12-31,33.32345679012345,26.72006172839506,18.624537037037037,5.267592592592592,9.115432098765433,
2012-01-01,33.32345679012345,26.72006172839506,18.624537037037037,5.267592592592592,9.115432098765433,
2012-01-02,33.32345679012345,26.72006172839506,18.624537037037037,5.267592592592592,9.115432098765433,
2012-01-03,33.31908302354399,26.735749690210653,18.643587360594797,5.246282527881041,9.106567534076829,
2012-01-04,33.325308641975305,26.736728395061725,18.62638888888889,5.237962962962963,9.10246913580247,
2012-01-05,33.3216049382716,26.755246913580244,18.641203703703702,5.20462962962963,9.083950617283952,
2012-01-06,33.3216049382716,26.755246913580244,18.641203703703702,5.20462962962963,9.083950617283952,
2012-01-07,33.3216049382716,26.755246913580244,18.641203703703702,5.20462962962963,9.083950617283952,
2012-01-08,33.32779827798277,26.76353013530135,18.631457564575644,5.196494464944649,9.076260762607626,
2012-01-09,33.3216049382716,26.773765432098763,18.648611111111112,5.175,9.069135802469138,
2012-01-10,33.315365551425025,26.78965303593556,18.66589219330855,5.153345724907063,9.06195786864932,
2012-01-11,33.325308641975305,26.786728395061726,18.65601851851852,5.141666666666667,9.054320987654322,
2012-01-12,33.315365551425025,26.793370508054522,18.677044609665426,5.12360594795539,9.047087980173483,
2012-01-13,33.325308641975305,26.808950617283948,18.663425925925925,5.1194444444444445,9.035802469135804,
2012-01-14,33.325308641975305,26.808950617283948,18.663425925925925,5.1194444444444445,9.035802469135804,
2012-01-15,33.331488314883146,26.817035670356702,18.65359778597786,5.111623616236162,9.02829028290283,
2012-01-16,33.331488314883146,26.817035670356702,18.65359778597786,5.111623616236162,9.02829028290283,
2012-01-17,33.32469135802469,26.829938271604938,18.672685185185184,5.091049382716049,9.019753086419753,
2012-01-18,33.33087330873308,26.830565805658054,18.659132841328415,5.083333333333333,9.01230012300123,
2012-01-19,33.327183271832716,26.841635916359163,18.67020295202952,5.05750307503075,9.001230012300123,
2012-01-20,33.327183271832716,26.841635916359163,18.67020295202952,5.05750307503075,9.001230012300123,
2012-01-21,33.327183271832716,26.841635916359163,18.67020295202952,5.05750307503075,9.001230012300123,
2012-01-22,33.33333333333333,26.84957107843137,18.65670955882353,5.049938725490196,8.993872549019608,
2012-01-23,33.33333333333333,26.84957107843137,18.65670955882353,5.049938725490196,8.993872549019608,
2012-01-24,33.32349323493235,26.86193111931119,18.67389298892989,5.033517835178351,8.986469864698648,
2012-01-25,33.32164821648216,26.86931119311193,18.676660516605168,5.016912669126691,8.971709717097172,
2012-01-26,33.33149509803921,26.877144607843135,18.663143382352942,5.009497549019607,8.964460784313726,
2012-01-27,33.34126984126984,26.888583638583636,18.653388278388277,5.002136752136752,8.957264957264957,
2012-01-28,33.34126984126984,26.888583638583636,18.653388278388277,5.002136752136752,8.957264957264957,
2012-01-29,33.34367396593674,26.896289537712896,18.640054744525546,4.994829683698296,8.950121654501217,
2012-01-30,33.34367396593674,26.896289537712896,18.640054744525546,4.994829683698296,8.950121654501217,
2012-01-31,33.337606837606835,26.908730158730158,18.651556776556777,4.981990231990232,8.942612942612943,
2012-02-01,33.34732360097323,26.90906326034063,18.6382299270073,4.974756690997567,8.939172749391728,
2012-02-02,33.35696969696969,26.916666666666664,18.625,4.967575757575757,8.932121212121213,
2012-02-03,33.35696969696969,26.916666666666664,18.625,4.967575757575757,8.932121212121213,
2012-02-04,33.35696969696969,26.916666666666664,18.625,4.967575757575757,8.932121212121213,
2012-02-05,33.362922705314006,26.920591787439612,18.608242753623188,4.9604468599033815,8.92512077294686,
2012-02-06,33.362922705314006,26.920591787439612,18.608242753623188,4.9604468599033815,8.92512077294686,
2012-02-07,33.35696969696969,26.934848484848484,18.617727272727272,4.949393939393939,8.913939393939394,
2012-02-08,33.373792270531396,26.9350845410628,18.597373188405797,4.942330917874396,8.910628019323672,
2012-02-09,33.37151515151515,26.934848484848484,18.610454545454544,4.923939393939394,8.906666666666668,
2012-02-10,33.38466183574879,26.942330917874393,18.59375,4.916968599033816,8.89975845410628,
2012-02-11,33.38466183574879,26.942330917874393,18.59375,4.916968599033816,8.89975845410628,
2012-02-12,33.39410348977136,26.94253910950662,18.57716606498195,4.910048134777377,8.896510228640192,
2012-02-13,33.38103864734299,26.955012077294686,18.5955615942029,4.889794685990338,8.890700483091788,
2012-02-14,33.376969696969695,26.967575757575755,18.608636363636364,4.874848484848485,8.87939393939394,
2012-02-15,33.393719806763286,26.96407004830918,18.588315217391305,4.8644323671497585,8.879830917874397,
2012-02-16,33.38424242424242,26.97121212121212,18.605,4.845757575757576,8.875757575757577,
2012-02-17,33.393719806763286,26.978562801932366,18.5955615942029,4.839070048309178,8.868961352657005,
2012-02-18,33.393719806763286,26.978562801932366,18.5955615942029,4.839070048309178,8.868961352657005,
2012-02-19,33.393719806763286,26.989432367149757,18.5919384057971,4.813707729468598,8.86171497584541,
2012-02-20,33.393719806763286,26.989432367149757,18.5919384057971,4.813707729468598,8.86171497584541,
2012-02-21,33.38969696969697,27.003939393939394,18.603181818181817,4.796666666666666,8.852121212121213,
2012-02-22,33.39333333333333,27.009393939393938,18.607727272727274,4.7721212121212115,8.840303030303032,
2012-02-23,33.41002415458937,27.005736714975843,18.59465579710145,4.765700483091787,8.833635265700483,
2012-02-24,33.41002415458937,27.005736714975843,18.59465579710145,4.765700483091787,8.833635265700483,
2012-02-25,33.41002415458937,27.005736714975843,18.59465579710145,4.765700483091787,8.833635265700483,
2012-02-26,33.415764139590856,27.005716004813475,18.58167870036101,4.759326113116726,8.830625752105897,
2012-02-27,33.415764139590856,27.005716004813475,18.58167870036101,4.759326113116726,8.830625752105897,
2012-02-28,33.41545893719807,27.016606280193237,18.59465579710145,4.743961352657005,8.819142512077295,
2012-02-29,33.43200962695547,27.012936221419974,18.57806859205776,4.737665463297232,8.8161853188929,
2012-03-01,33.43561973525872,27.02376654632972,18.57806859205776,4.712394705174488,8.805354993983153,
2012-03-02,33.43561973525872,27.02376654632972,18.57806859205776,4.712394705174488,8.805354993983153,
2012-03-03,33.43561973525872,27.02376654632972,18.57806859205776,4.712394705174488,8.805354993983153,
2012-03-04,33.44124700239808,27.027278177458033,18.56160071942446,4.706235011990407,8.798860911270983,
2012-03-05,33.44124700239808,27.027278177458033,18.56160071942446,4.706235011990407,8.798860911270983,
2012-03-06,33.43742478941034,27.040012033694342,18.572653429602887,4.692539109506618,8.790914560770156,
2012-03-07,33.450239808153476,27.036270983213427,18.55980215827338,4.686450839328537,8.78806954436451,
2012-03-08,33.44464500601684,27.036401925391093,18.576263537906136,4.670878459687124,8.783694344163658,
2012-03-09,33.45383693045563,27.0470623501199,18.55980215827338,4.664868105515588,8.777278177458035,
2012-03-10,33.45383693045563,27.0470623501199,18.55980215827338,4.664868105515588,8.777278177458035,
2012-03-11,33.46296296296296,27.05047789725209,18.543458781362006,4.658900836320191,8.770908004778972,
2012-03-12,33.46296296296296,27.05047789725209,18.543458781362006,4.658900836320191,8.770908004778972,
2012-03-13,33.45983213429256,27.057254196642685,18.55980215827338,4.644484412470025,8.761690647482014,
2012-03-14,33.467026378896875,27.057254196642685,18.55980215827338,4.622901678657074,8.758093525179856,
2012-03-15,33.454271961492175,27.061070998796627,18.579873646209386,4.607099879663057,8.75,
2012-03-16,33.467026378896875,27.071642685851316,18.55980215827338,4.601318944844125,8.743705035971223,
2012-03-17,33.467026378896875,27.071642685851316,18.55980215827338,4.601318944844125,8.743705035971223,
2012-03-18,33.472520908004775,27.07138590203106,18.543458781362006,4.599163679808841,8.741039426523297,
2012-03-19,33.470623501199036,27.078836930455633,18.55980215827338,4.59052757793765,8.72931654676259,
2012-03-20,33.46510228640192,27.080926594464497,18.576263537906136,4.576413959085439,8.721119133574007,
2012-03-21,33.47242206235011,27.08423261390887,18.56519784172662,4.5716426858513195,8.718525179856115,
2012-03-22,33.485065710872156,27.083930704898446,18.54883512544803,4.569593787335723,8.71594982078853,
2012-03-23,33.485065710872156,27.083930704898446,18.54883512544803,4.569593787335723,8.71594982078853,
2012-03-24,33.485065710872156,27.083930704898446,18.54883512544803,4.569593787335723,8.71594982078853,
2012-03-25,33.49047619047619,27.08720238095238,18.536160714285714,4.567559523809524,8.709821428571429,
2012-03-26,33.49047619047619,27.08720238095238,18.536160714285714,4.567559523809524,8.709821428571429,
2012-03-27,33.49761904761905,27.101488095238093,18.537946428571427,4.55327380952381,8.691964285714286,
2012-03-28,33.506524317912216,27.09756820877817,18.52179715302491,4.551304863582444,8.69306049822064,
2012-03-29,33.506524317912216,27.09756820877817,18.52179715302491,4.551304863582444,8.69306049822064,
2012-03-30,33.515366430260045,27.10431442080378,18.50576241134752,4.54580378250591,8.687056737588652,
2012-03-31,33.515366430260045,27.10431442080378,18.50576241134752,4.54580378250591,8.687056737588652,
2012-04-01,33.522379269729086,27.100412249705535,18.4863074204947,4.542108362779741,8.684628975265017,
2012-04-02,33.522379269729086,27.100412249705535,18.4863074204947,4.542108362779741,8.684628975265017,
2012-04-03,33.52414605418139,27.118080094228503,18.482773851590107,4.5279740871613665,8.665194346289752,
2012-04-04,33.52934272300469,27.117664319248824,18.46698943661972,4.522593896713615,8.659330985915492,
2012-04-05,33.52061248527679,27.121613663133097,18.482773851590107,4.5067726737338045,8.654593639575971,
2012-04-06,33.52061248527679,27.121613663133097,18.482773851590107,4.5067726737338045,8.654593639575971,
2012-04-07,33.52061248527679,27.121613663133097,18.482773851590107,4.5067726737338045,8.654593639575971,
2012-04-08,33.52934272300469,27.117664319248824,18.463468309859156,4.504988262910798,8.648767605633802,
2012-04-09,33.53801169590643,27.10672514619883,18.437280701754386,4.50672514619883,8.646491228070175,
2012-04-10,33.53110328638497,27.115903755868544,18.451144366197184,4.492664319248827,8.639964788732394,
2012-04-11,33.53110328638497,27.12294600938967,18.444102112676056,4.47505868544601,8.632922535211268,
2012-04-12,33.5153121319199,27.126914016489987,18.46333922261484,4.462603062426385,8.628091872791519,
2012-04-13,33.52053990610328,27.126467136150232,18.44762323943662,4.457453051643193,8.618838028169014,
2012-04-14,33.52053990610328,27.126467136150232,18.44762323943662,4.457453051643193,8.618838028169014,
2012-04-15,33.52573099415204,27.122514619883038,18.425,4.455847953216375,8.613157894736842,
2012-04-16,33.53438228438228,27.122086247086244,18.40603146853147,4.4542540792540795,8.607517482517483,
2012-04-17,33.52690058479532,27.127777777777776,18.42090643274854,4.439473684210526,8.602046783625731,
2012-04-18,33.52602339181286,27.129532163742688,18.410380116959068,4.426315789473684,8.591520467836258,
2012-04-19,33.52602339181286,27.129532163742688,18.410380116959068,4.426315789473684,8.591520467836258,
2012-04-20,33.52602339181286,27.129532163742688,18.410380116959068,4.426315789473684,8.591520467836258,
2012-04-21,33.52602339181286,27.129532163742688,18.410380116959068,4.426315789473684,8.591520467836258,
2012-04-22,33.52768065268065,27.12907925407925,18.391462703962706,4.424825174825175,8.585955710955712,
2012-04-23,33.53281068524971,27.125145180023228,18.37732288037166,4.424506387921022,8.576945412311266,
2012-04-24,33.53117715617715,27.130827505827504,18.385635198135198,4.41025641025641,8.571969696969697,
2012-04-25,33.5362950058072,27.11991869918699,18.363385598141697,4.4123112659698025,8.566492450638792,
2012-04-26,33.5362950058072,27.11991869918699,18.363385598141697,4.4123112659698025,8.566492450638792,
2012-04-27,33.54137731481481,27.126446759259256,18.348234953703706,4.407407407407407,8.557581018518519,
2012-04-28,33.54137731481481,27.126446759259256,18.348234953703706,4.407407407407407,8.557581018518519,
2012-04-29,33.54642445213379,27.122549019607842,18.32972895040369,4.409457900807381,8.552191464821224,
2012-04-30,33.54137731481481,27.133391203703702,18.34129050925926,4.400462962962963,8.540219907407408,
2012-05-01,33.54832175925926,27.136863425925924,18.334346064814817,4.3865740740740735,8.526331018518519,
2012-05-02,33.556805074971166,27.129469434832753,18.31242791234141,4.385236447520184,8.52450980392157,
2012-05-03,33.56372549019608,27.129469434832753,18.30204728950404,4.374855824682814,8.507208765859286,
2012-05-04,33.56372549019608,27.129469434832753,18.30204728950404,4.374855824682814,8.507208765859286,
2012-05-05,33.56372549019608,27.129469434832753,18.30204728950404,4.374855824682814,8.507208765859286,
2012-05-06,33.56522988505747,27.129022988505746,18.283764367816094,4.377011494252874,8.502011494252875,
2012-05-07,33.56522988505747,27.129022988505746,18.283764367816094,4.377011494252874,8.502011494252875,
2012-05-08,33.57237600922722,27.127739331026525,18.293396770472896,4.367935409457901,8.49163783160323,
2012-05-09,33.58044982698962,27.123125720876583,18.287629757785467,4.359861591695502,8.478950403690888,
2012-05-10,33.572048611111114,27.12355324074074,18.30251736111111,4.354166666666667,8.47019675925926,
2012-05-11,33.572048611111114,27.12355324074074,18.30251736111111,4.354166666666667,8.47019675925926,
2012-05-12,33.5735294117647,27.123125720876583,18.28416955017301,4.352941176470588,8.46510957324106,
2012-05-13,33.5735294117647,27.123125720876583,18.28416955017301,4.352941176470588,8.46510957324106,
2012-05-14,33.5735294117647,27.123125720876583,18.28416955017301,4.352941176470588,8.46510957324106,
2012-05-15,33.582756632064594,27.124855824682815,18.27782583621684,4.343137254901961,8.446655132641292,
2012-05-16,33.589677047289506,27.135236447520185,18.26744521337947,4.332756632064591,8.42589388696655,
2012-05-17,33.589677047289506,27.135236447520185,18.26744521337947,4.332756632064591,8.42589388696655,
2012-05-18,33.58764367816092,27.145114942528735,18.249281609195403,4.335057471264368,8.414080459770114,
2012-05-19,33.58764367816092,27.145114942528735,18.249281609195403,4.335057471264368,8.414080459770114,
2012-05-20,33.59249713631157,27.144616265750287,18.227806414662087,4.337342497136312,8.405784650630011,
2012-05-21,33.60488505747127,27.148563218390805,18.235488505747128,4.32816091954023,8.38994252873563,
2012-05-22,33.61005747126437,27.16235632183908,18.22859195402299,4.316091954022989,8.370977011494253,
2012-05-23,33.608533791523485,27.165234822451318,18.21176975945017,4.32016036655212,8.36225658648339,
2012-05-24,33.60166093928981,27.168671248568156,18.201460481099655,4.32016036655212,8.348510882016036,
2012-05-25,33.60473744292238,27.178367579908674,18.185359589041095,4.320776255707763,8.338755707762557,
2012-05-26,33.60473744292238,27.178367579908674,18.185359589041095,4.320776255707763,8.338755707762557,
2012-05-27,33.60473744292238,27.178367579908674,18.185359589041095,4.320776255707763,8.338755707762557,
2012-05-28,33.60473744292238,27.178367579908674,18.185359589041095,4.320776255707763,8.338755707762557,
2012-05-29,33.608162100456624,27.193778538812783,18.17679794520548,4.317351598173516,8.313070776255707,
2012-05-30,33.602673492605234,27.19311717861206,18.159129692832764,4.319681456200228,8.305176336746301,
2012-05-31,33.61158675799087,27.18692922374429,18.16652397260274,4.31392694063927,8.292522831050228,
2012-06-01,33.61158675799087,27.18692922374429,18.16652397260274,4.31392694063927,8.292522831050228,
2012-06-02,33.61158675799087,27.18692922374429,18.16652397260274,4.31392694063927,8.292522831050228,
2012-06-03,33.60949943117179,27.19311717861206,18.14547781569966,4.316268486916951,8.284698521046643,
2012-06-04,33.61501141552512,27.18692922374429,18.149400684931507,4.31392694063927,8.275399543378995,
2012-06-05,33.62414383561644,27.196632420091323,18.14083904109589,4.309360730593608,8.251997716894977,
2012-06-06,33.62542662116041,27.206200227531284,18.123293515358363,4.311717861205916,8.240898748577928,
2012-06-07,33.62756849315068,27.193207762557076,18.133989726027398,4.309360730593608,8.231449771689496,
2012-06-08,33.62756849315068,27.193207762557076,18.133989726027398,4.309360730593608,8.231449771689496,
2012-06-09,33.62756849315068,27.193207762557076,18.133989726027398,4.309360730593608,8.231449771689496,
2012-06-10,33.62201365187713,27.20278725824801,18.11646757679181,4.311717861205916,8.223833902161546,
2012-06-11,33.62201365187713,27.20278725824801,18.11646757679181,4.311717861205916,8.223833902161546,
2012-06-12,33.6339590443686,27.21217292377702,18.104095563139932,4.30830489192264,8.201649601820248,
2012-06-13,33.62840136054422,27.21145124716553,18.09013605442177,4.3106575963718825,8.197562358276643,
2012-06-14,33.62840136054422,27.21145124716553,18.09013605442177,4.3106575963718825,8.197562358276643,
2012-06-15,33.62966101694915,27.227683615819206,18.072881355932203,4.312994350282486,8.186723163841807,
2012-06-16,33.62966101694915,27.227683615819206,18.072881355932203,4.312994350282486,8.186723163841807,
2012-06-17,33.62753378378378,27.23367117117117,18.052364864864863,4.318693693693694,8.182713963963963,
2012-06-18,33.633050847457625,27.234463276836156,18.052542372881355,4.319774011299436,8.17316384180791,
2012-06-19,33.64322033898305,27.241242937853105,18.045762711864406,4.316384180790961,8.149435028248586,
2012-06-20,33.64491525423729,27.23276836158192,18.0364406779661,4.31723163841808,8.135875706214689,
2012-06-21,33.64491525423729,27.23276836158192,18.0364406779661,4.31723163841808,8.135875706214689,
2012-06-22,33.64611486486486,27.240427927927925,18.021114864864863,4.319538288288289,8.12697072072072,
2012-06-23,33.64611486486486,27.240427927927925,18.021114864864863,4.319538288288289,8.12697072072072,
2012-06-24,33.647306397306394,27.249719416386082,18.004208754208754,4.321829405162739,8.119809203142536,
2012-06-25,33.64848993288591,27.262304250559282,17.99077181208054,4.324105145413871,8.112695749440714,
2012-06-26,33.657407407407405,27.261503928170594,17.992424242424242,4.321829405162739,8.101290684624017,
2012-06-27,33.658557046979865,27.260626398210288,17.975671140939596,4.320749440715884,8.097595078299776,
2012-06-28,33.658557046979865,27.260626398210288,17.975671140939596,4.320749440715884,8.097595078299776,
2012-06-29,33.658557046979865,27.260626398210288,17.975671140939596,4.320749440715884,8.097595078299776,
2012-06-30,33.658557046979865,27.260626398210288,17.975671140939596,4.320749440715884,8.097595078299776,
2012-07-01,33.65969899665552,27.27313266443701,17.95903010033445,4.323021181716834,8.090579710144926,
2012-07-02,33.65969899665552,27.27313266443701,17.95903010033445,4.323021181716834,8.090579710144926,
2012-07-03,33.67307692307692,27.27313266443701,17.948996655518396,4.319676700111483,8.07051282051282,
2012-07-04,33.68083333333333,27.27222222222222,17.929166666666667,4.315277777777778,8.066944444444443,
2012-07-05,33.6875,27.265555555555554,17.925833333333333,4.311944444444445,8.056944444444444,
2012-07-06,33.6875,27.265555555555554,17.925833333333333,4.311944444444445,8.056944444444444,
2012-07-07,33.6875,27.265555555555554,17.925833333333333,4.311944444444445,8.056944444444444,
2012-07-08,33.688538205980066,27.271317829457363,17.912790697674417,4.314230343300111,8.050110741971206,
2012-07-09,33.69583333333333,27.25722222222222,17.920833333333334,4.306944444444445,8.045277777777777,
2012-07-10,33.70805555555555,27.252777777777776,17.910833333333333,4.304722222222223,8.029722222222222,
2012-07-11,33.715669988925804,27.24861572535991,17.89451827242525,4.303709856035438,8.026301218161683,
2012-07-12,33.71805555555555,27.239444444444448,17.8975,4.301388888888889,8.01972222222222,
2012-07-13,33.72563676633444,27.24861572535991,17.881229235880397,4.300387596899225,8.013012181616832,
2012-07-14,33.72563676633444,27.24861572535991,17.881229235880397,4.300387596899225,8.013012181616832,
2012-07-15,33.72654525386313,27.25441501103753,17.865066225165563,4.302704194260486,8.00965783664459,
2012-07-16,33.72654525386313,27.25441501103753,17.865066225165563,4.302704194260486,8.00965783664459,
2012-07-17,33.74475717439294,27.256070640176603,17.853476821192054,4.297737306843267,7.993101545253863,
2012-07-18,33.752200220022,27.253575357535755,17.83910891089109,4.300055005500551,7.986523652365236,
2012-07-19,33.752200220022,27.253575357535755,17.83910891089109,4.300055005500551,7.986523652365236,
2012-07-20,33.756304824561404,27.26260964912281,17.826480263157894,4.29906798245614,7.979989035087719,
2012-07-21,33.756304824561404,27.26260964912281,17.826480263157894,4.29906798245614,7.979989035087719,
2012-07-22,33.7603825136612,27.268306010928963,17.810655737704916,4.30136612021858,7.973497267759562,
2012-07-23,33.7603825136612,27.268306010928963,17.810655737704916,4.30136612021858,7.973497267759562,
2012-07-24,33.77513661202185,27.272131147540982,17.80191256830601,4.296994535519126,7.9571038251366115,
2012-07-25,33.79153005464481,27.25901639344262,17.785519125683063,4.293715846994536,7.947267759562841,
2012-07-26,33.79153005464481,27.25901639344262,17.785519125683063,4.293715846994536,7.947267759562841,
2012-07-27,33.79153005464481,27.25901639344262,17.785519125683063,4.293715846994536,7.947267759562841,
2012-07-28,33.79153005464481,27.25901639344262,17.785519125683063,4.293715846994536,7.947267759562841,
2012-07-29,33.79874727668845,27.264705882352942,17.76661220043573,4.292755991285403,7.94417211328976,
2012-07-30,33.79874727668845,27.264705882352942,17.76661220043573,4.292755991285403,7.94417211328976,
2012-07-31,33.81120218579235,27.25901639344262,17.765846994535522,4.28879781420765,7.934153005464481,
2012-08-01,33.8183551198257,27.25980392156863,17.74863834422658,4.291122004357298,7.927832244008714,
2012-08-02,33.82220412595005,27.27198697068404,17.73968512486428,4.290173724212812,7.921552660152008,
2012-08-03,33.82220412595005,27.27198697068404,17.73968512486428,4.290173724212812,7.921552660152008,
2012-08-04,33.82220412595005,27.27198697068404,17.73968512486428,4.290173724212812,7.921552660152008,
2012-08-05,33.82927489177489,27.2775974025974,17.72429653679654,4.292478354978355,7.9185606060606055,
2012-08-06,33.838490770901196,27.262214983713356,17.726655808903367,4.286916395222584,7.916666666666666,
2012-08-07,33.85477741585233,27.26872964169381,17.708740499457114,4.286916395222584,7.90200868621064,
2012-08-08,33.86174242424242,27.26461038961039,17.693452380952383,4.2892316017316015,7.895833333333333,
2012-08-09,33.87106406080347,27.252442996742673,17.69896851248643,4.286916395222584,7.888979370249728,
2012-08-10,33.87106406080347,27.252442996742673,17.69896851248643,4.286916395222584,7.888979370249728,
2012-08-11,33.87106406080347,27.252442996742673,17.69896851248643,4.286916395222584,7.888979370249728,
2012-08-12,33.87797619047619,27.25487012987013,17.686958874458877,4.285984848484849,7.886093073593073,
2012-08-13,33.87797619047619,27.25487012987013,17.686958874458877,4.285984848484849,7.886093073593073,
2012-08-14,33.89258658008658,27.26298701298701,17.67072510822511,4.279491341991342,7.871482683982683,
2012-08-15,33.89940668824164,27.258899676375403,17.655609492988134,4.278586839266451,7.86866235167206,
2012-08-16,33.90232683982684,27.246753246753247,17.66098484848485,4.276244588744588,7.861742424242424,
2012-08-17,33.909115426105714,27.25242718446602,17.645900755124057,4.278586839266451,7.8557173678532894,
2012-08-18,33.909115426105714,27.25242718446602,17.645900755124057,4.278586839266451,7.8557173678532894,
2012-08-19,33.91263440860215,27.258064516129032,17.630913978494625,4.280913978494623,7.8529569892473114,
2012-08-20,33.91263440860215,27.258064516129032,17.630913978494625,4.280913978494623,7.8529569892473114,
2012-08-21,33.928763440860216,27.256451612903227,17.61962365591398,4.274462365591398,7.841666666666666,
2012-08-22,33.94005376344086,27.248387096774195,17.609946236559143,4.275268817204301,7.831989247311827,
2012-08-23,33.94667738478028,27.2508038585209,17.59512325830654,4.277599142550911,7.82609860664523,
2012-08-24,33.956463675213676,27.256410256410255,17.577190170940174,4.27991452991453,7.820245726495726,
2012-08-25,33.956463675213676,27.256410256410255,17.577190170940174,4.27991452991453,7.820245726495726,
2012-08-26,33.96299254526092,27.25878594249201,17.56576144834931,4.279020234291799,7.81762513312034,
2012-08-27,33.96299254526092,27.25878594249201,17.56576144834931,4.279020234291799,7.81762513312034,
2012-08-28,33.97577209797657,27.266773162939298,17.54978700745474,4.274227902023429,7.803248136315228,
2012-08-29,33.99177282377919,27.262738853503183,17.53211252653928,4.276539278131635,7.800690021231422,
2012-08-30,33.99813631522896,27.250798722044728,17.533812566560172,4.274227902023429,7.793663471778487,
2012-08-31,33.99813631522896,27.250798722044728,17.533812566560172,4.274227902023429,7.793663471778487,
2012-09-01,33.99813631522896,27.250798722044728,17.533812566560172,4.274227902023429,7.793663471778487,
2012-09-02,34.00451167728237,27.253184713375795,17.519373673036096,4.276539278131635,7.791135881104034,
2012-09-03,34.00451167728237,27.253184713375795,17.519373673036096,4.276539278131635,7.791135881104034,
2012-09-04,34.022027600849256,27.262738853503183,17.50026539278132,4.2717622080679405,7.775212314225053,
2012-09-05,34.037830687830684,27.25873015873016,17.485978835978838,4.2708994708994705,7.772751322751322,
2012-09-06,34.055291005291004,27.26031746031746,17.471693121693125,4.267724867724867,7.758465608465608,
2012-09-07,34.055291005291004,27.26031746031746,17.471693121693125,4.267724867724867,7.758465608465608,
2012-09-08,34.055291005291004,27.26031746031746,17.471693121693125,4.267724867724867,7.758465608465608,
2012-09-09,34.06144514767932,27.2626582278481,17.460706751054854,4.2668776371308015,7.756065400843881,
2012-09-10,34.06640211640212,27.255555555555556,17.45740740740741,4.2597883597883595,7.755291005291005,
2012-09-11,34.088624338624335,27.265079365079366,17.432010582010584,4.255026455026455,7.7410052910052904,
2012-09-12,34.104166666666664,27.26107594936709,17.41798523206751,4.2542194092827,7.741824894514767,
2012-09-13,34.11402116402116,27.252380952380953,17.412962962962965,4.2518518518518515,7.737830687830687,
2012-09-14,34.11998945147679,27.26107594936709,17.39899789029536,4.251054852320675,7.732331223628692,
2012-09-15,34.11998945147679,27.26107594936709,17.39899789029536,4.251054852320675,7.732331223628692,
2012-09-16,34.13222923238696,27.257097791798106,17.38827549947424,4.250262881177707,7.730021030494216,
2012-09-17,34.13222923238696,27.257097791798106,17.38827549947424,4.250262881177707,7.730021030494216,
2012-09-18,34.145305907173,27.259493670886076,17.37526371308017,4.246308016877637,7.722837552742615,
2012-09-19,34.1574658254469,27.255520504731862,17.358307045215565,4.248685594111461,7.723711882229232,
2012-09-20,34.17008412197686,27.253943217665615,17.340956887486858,4.245531019978969,7.715825446898002,
2012-09-21,34.18212788259958,27.25,17.327306079664574,4.2479035639413,7.710429769392033,
2012-09-22,34.18212788259958,27.25,17.327306079664574,4.2479035639413,7.710429769392033,
2012-09-23,34.19096133751306,27.24921630094044,17.31374085684431,4.250261233019853,7.71133751306165,
2012-09-24,34.19096133751306,27.24921630094044,17.31374085684431,4.250261233019853,7.71133751306165,
2012-09-25,34.20663531870428,27.26332288401254,17.28866248693835,4.248693834900731,7.700365726227795,
2012-09-26,34.21917450365726,27.266457680250785,17.26671891327064,4.24791013584117,7.688610240334378,
2012-09-27,34.21917450365726,27.266457680250785,17.26671891327064,4.24791013584117,7.688610240334378,
2012-09-28,34.229427083333334,27.2734375,17.25182291666667,4.247135416666667,7.684895833333333,
2012-09-29,34.229427083333334,27.2734375,17.25182291666667,4.247135416666667,7.684895833333333,
2012-09-30,34.23805815160955,27.272585669781932,17.23857736240914,4.249480789200415,7.685877466251298,
2012-10-01,34.23805815160955,27.272585669781932,17.23857736240914,4.249480789200415,7.685877466251298,
2012-10-02,34.258307372793354,27.28348909657321,17.204309449636554,4.2479231568016615,7.67497403946002,
2012-10-03,34.258307372793354,27.28348909657321,17.204309449636554,4.2479231568016615,7.67497403946002,
2012-10-04,34.283229491173415,27.292834890965732,17.173156801661477,4.244807892004154,7.665628245067497,
2012-10-05,34.283229491173415,27.292834890965732,17.173156801661477,4.244807892004154,7.665628245067497,
2012-10-06,34.283229491173415,27.292834890965732,17.173156801661477,4.244807892004154,7.665628245067497,
2012-10-07,34.291666666666664,27.295031055900623,17.15709109730849,4.24715320910973,7.666666666666666,
2012-10-08,34.291666666666664,27.295031055900623,17.15709109730849,4.24715320910973,7.666666666666666,
2012-10-09,34.30874741200828,27.30848861283644,17.121376811594203,4.247670807453416,7.656832298136646,
2012-10-10,34.313983488132095,27.31682146542828,17.105521155830754,4.246904024767802,7.654798761609907,
2012-10-11,34.33255933952528,27.323013415892675,17.08075335397317,4.243808049535604,7.645510835913313,
2012-10-12,34.33255933952528,27.323013415892675,17.08075335397317,4.243808049535604,7.645510835913313,
2012-10-13,34.33255933952528,27.323013415892675,17.08075335397317,4.243808049535604,7.645510835913313,
2012-10-14,34.34387860082305,27.331275720164612,17.06198559670782,4.243055555555555,7.646604938271605,
2012-10-15,34.34897435897436,27.342564102564104,17.046410256410258,4.242307692307692,7.644615384615385,
2012-10-16,34.35931069958848,27.3477366255144,17.03215020576132,4.239969135802469,7.637345679012346,
2012-10-17,34.3651282051282,27.355897435897433,17.01820512820513,4.24,7.635384615384615,
2012-10-18,34.3651282051282,27.355897435897433,17.01820512820513,4.24,7.635384615384615,
2012-10-19,34.3651282051282,27.355897435897433,17.01820512820513,4.24,7.635384615384615,
2012-10-20,34.3651282051282,27.355897435897433,17.01820512820513,4.24,7.635384615384615,
2012-10-21,34.376278118609406,27.36094069529652,17.002811860940696,4.2392638036809815,7.633435582822086,
2012-10-22,34.376278118609406,27.36094069529652,17.002811860940696,4.2392638036809815,7.633435582822086,
2012-10-23,34.390081799591,27.385480572597135,16.972137014314928,4.237730061349693,7.621165644171779,
2012-10-24,34.40848670756646,27.385480572597135,16.941462167689163,4.2315950920245395,7.621165644171779,
2012-10-25,34.41946992864424,27.384301732925586,16.926350662589197,4.230886850152905,7.622324159021407,
2012-10-26,34.43191056910569,27.390752032520325,16.914380081300813,4.2301829268292686,7.6189024390243905,
2012-10-27,34.43191056910569,27.390752032520325,16.914380081300813,4.2301829268292686,7.6189024390243905,
2012-10-28,34.442755825734544,27.395643363728468,16.899442755825735,4.229483282674772,7.620060790273556,
2012-10-29,34.442755825734544,27.395643363728468,16.899442755825735,4.229483282674772,7.620060790273556,
2012-10-30,34.46048632218845,27.406788247213775,16.874113475177303,4.223910840932118,7.611955420466059,
2012-10-31,34.46048632218845,27.406788247213775,16.874113475177303,4.223910840932118,7.611955420466059,
2012-11-01,34.46798780487805,27.408028455284548,16.860010162601625,4.221544715447155,7.60619918699187,
2012-11-02,34.46798780487805,27.408028455284548,16.860010162601625,4.221544715447155,7.60619918699187,
2012-11-03,34.47859327217125,27.409276248725785,16.844291539245667,4.219164118246687,7.598878695208971,
2012-11-04,34.489329268292686,27.41412601626016,16.83257113821138,4.21849593495935,7.600101626016261,
2012-11-05,34.49694189602447,27.418450560652392,16.819826707441386,4.216106014271152,7.5927624872579,
2012-11-06,34.51223241590214,27.43985728848114,16.795361875637106,4.213047910295617,7.577471967380225,
2012-11-07,34.519817073170735,27.43546747967479,16.789888211382113,4.2093495934959355,7.578760162601626,
2012-11-08,34.536474164133736,27.443262411347515,16.781408308004053,4.20871327254306,7.573961499493415,
2012-11-09,34.536474164133736,27.443262411347515,16.781408308004053,4.20871327254306,7.573961499493415,
2012-11-10,34.54420731707317,27.447662601626014,16.771595528455283,4.203252032520325,7.566565040650407,
2012-11-11,34.55471124620061,27.45542046605876,16.75709219858156,4.202634245187437,7.56484295845998,
2012-11-12,34.55471124620061,27.45542046605876,16.75709219858156,4.202634245187437,7.56484295845998,
2012-11-13,34.56990881458967,27.471377912867272,16.73657548125633,4.201114488348531,7.55420466058764,
2012-11-14,34.583333333333336,27.46691919191919,16.72828282828283,4.2005050505050505,7.555555555555556,
2012-11-15,34.583333333333336,27.46691919191919,16.72828282828283,4.2005050505050505,7.555555555555556,
2012-11-16,34.596676737160124,27.474572004028193,16.717019133937562,4.199899295065459,7.550855991943606,
2012-11-17,34.60151515151515,27.485101010101005,16.704040404040402,4.194444444444445,7.5464646464646465,
2012-11-18,34.61480362537765,27.48665659617321,16.69284994964753,4.193856998992951,7.544813695871098,
2012-11-19,34.625,27.491214859437747,16.684738955823292,4.193273092369478,7.543172690763052,
2012-11-20,34.626888217522655,27.507804632426986,16.6686807653575,4.190835850956697,7.5357502517623365,
2012-11-21,34.64123867069486,27.512336354481366,16.64828801611279,4.187814702920443,7.527442094662639,
2012-11-22,34.65030211480362,27.509315206445113,16.636203423967775,4.184793554884189,7.524420946626385,
2012-11-23,34.663403614457835,27.51380522088353,16.631275100401606,4.184236947791165,7.519829317269076,
2012-11-24,34.66540785498489,27.524420946626382,16.621097683786505,4.181772406847935,7.51233635448137,
2012-11-25,34.67545180722892,27.528865461847385,16.61621485943775,4.181224899598393,7.5107931726907635,
2012-11-26,34.67545180722892,27.528865461847385,16.61621485943775,4.181224899598393,7.5107931726907635,
2012-11-27,34.681475903614455,27.546937751004013,16.598142570281123,4.181224899598393,7.501757028112451,
2012-11-28,34.68843843843844,27.542292292292288,16.596346346346344,4.180680680680681,7.503253253253254,
2012-11-29,34.693524096385545,27.54392570281124,16.58609437751004,4.178212851405623,7.495732931726908,
2012-11-30,34.703453453453456,27.548298298298295,16.57832832832833,4.177677677677678,7.4942442442442445,
2012-12-01,34.702560240963855,27.555973895582326,16.571034136546185,4.175200803212852,7.4866967871485945,
2012-12-02,34.71246246246246,27.557307307307305,16.563313313313312,4.174674674674675,7.488238238238239,
2012-12-03,34.71246246246246,27.557307307307305,16.563313313313312,4.174674674674675,7.488238238238239,
2012-12-04,34.71546546546546,27.572322322322318,16.5482982982983,4.177677677677678,7.476226226226227,
2012-12-05,34.72747747747748,27.569319319319316,16.536286286286284,4.174674674674675,7.470220220220221,
2012-12-06,34.742492492492495,27.575325325325323,16.52127127127127,4.171671671671672,7.4642142142142145,
2012-12-07,34.742492492492495,27.575325325325323,16.52127127127127,4.171671671671672,7.4642142142142145,
2012-12-08,34.74472891566265,27.580070281124495,16.51079317269076,4.16917670682731,7.456576305220884,
2012-12-09,34.760510510510514,27.581331331331327,16.503253253253252,4.168668668668669,7.455205205205206,
2012-12-10,34.76129518072289,27.585341365461844,16.4964859437751,4.167670682730924,7.449046184738957,
2012-12-11,34.76801801801802,27.589589589589586,16.48898898898899,4.167167167167167,7.4476976976976985,
2012-12-12,34.77769461077844,27.587824351297403,16.481536926147704,4.166666666666667,7.44935129740519,
2012-12-13,34.77769461077844,27.587824351297403,16.481536926147704,4.166666666666667,7.44935129740519,
2012-12-14,34.79328358208955,27.59502487562189,16.471144278606964,4.166169154228856,7.448009950248757,
2012-12-15,34.79565868263473,27.596806387225545,16.463572854291417,4.163672654690619,7.440369261477047,
2012-12-16,34.811194029850746,27.598009950248752,16.456218905472635,4.16318407960199,7.43905472636816,
2012-12-17,34.82910447761194,27.609950248756217,16.438308457711443,4.166169154228856,7.427114427860697,
2012-12-18,34.832589285714285,27.614087301587297,16.428075396825395,4.1686507936507935,7.425843253968255,
2012-12-19,34.84124629080119,27.616716122650836,16.420870425321464,4.170375865479723,7.425321463897132,
2012-12-20,34.84124629080119,27.616716122650836,16.420870425321464,4.170375865479723,7.425321463897132,
2012-12-21,34.85650887573964,27.62376725838264,16.41074950690335,4.169871794871795,7.424063116370809,
2012-12-22,34.85650887573964,27.62376725838264,16.41074950690335,4.169871794871795,7.424063116370809,
2012-12-23,34.8716814159292,27.624877089478854,16.400688298918386,4.16937069813176,7.425762045231072,
2012-12-24,34.874260355029584,27.635601577909267,16.390039447731755,4.169871794871795,7.4151873767258385,
2012-12-25,34.874260355029584,27.635601577909267,16.390039447731755,4.169871794871795,7.4151873767258385,
2012-12-26,34.88905325443787,27.638560157790923,16.372287968441814,4.169871794871795,7.412228796844182,
2012-12-27,34.88905325443787,27.638560157790923,16.372287968441814,4.169871794871795,7.412228796844182,
2012-12-28,34.88905325443787,27.638560157790923,16.372287968441814,4.169871794871795,7.412228796844182,
2012-12-29,34.888724035608305,27.643422354104842,16.36152324431256,4.167408506429278,7.4075173095944615,
2012-12-30,34.888724035608305,27.643422354104842,16.36152324431256,4.167408506429278,7.4075173095944615,
2012-12-31,34.888724035608305,27.643422354104842,16.36152324431256,4.167408506429278,7.4075173095944615,
2013-01-01,34.888392857142854,27.65128968253968,16.347718253968253,4.170882936507937,7.402777777777779,
2013-01-02,34.888392857142854,27.65128968253968,16.347718253968253,4.170882936507937,7.402777777777779,
2013-01-03,34.88805970149254,27.647263681592037,16.34278606965174,4.168407960199005,7.400995024875622,
2013-01-04,34.90625,27.65128968253968,16.32986111111111,4.167906746031746,7.396825396825397,
2013-01-05,34.90597014925373,27.656218905472635,16.32189054726368,4.16542288557214,7.3920398009950254,
2013-01-06,34.92113095238095,27.65426587301587,16.314980158730158,4.164930555555555,7.3938492063492065,
2013-01-07,34.933234421364986,27.655291790306624,16.308110781404547,4.164441147378833,7.392680514342236,
2013-01-08,34.930059523809526,27.666170634920633,16.297123015873016,4.164930555555555,7.387896825396826,
2013-01-09,34.95103857566765,27.658259149357068,16.293273986152325,4.158506429277943,7.392680514342236,
2013-01-10,34.97181008902077,27.658259149357068,16.2784371909001,4.158506429277943,7.386745796241346,
2013-01-11,34.99260355029586,27.659270216962522,16.268737672583825,4.158037475345168,7.382642998027614,
2013-01-12,34.99258160237389,27.661226508407513,16.260633036597426,4.155539070227498,7.37784371909001,
2013-01-13,35.013353115727,27.658259149357068,16.2457962413452,4.149604352126608,7.374876360039565,
2013-01-14,35.01488095238095,27.658730158730155,16.240575396825395,4.145585317460318,7.371527777777779,
2013-01-15,35.020833333333336,27.673611111111107,16.225694444444443,4.145585317460318,7.365575396825397,
2013-01-16,35.04451038575667,27.65974282888229,16.219090009891197,4.142185954500495,7.367457962413453,
2013-01-17,35.041666666666664,27.661706349206344,16.21081349206349,4.139632936507937,7.365575396825397,
2013-01-18,35.06231454005935,27.656775469831846,16.201285855588527,4.13921859545005,7.3644906033630075,
2013-01-19,35.05952380952381,27.655753968253965,16.195932539682538,4.139632936507937,7.359623015873017,
2013-01-20,35.083086053412465,27.64787339268051,16.1864490603363,4.13921859545005,7.358555885262117,
2013-01-21,35.083086053412465,27.64787339268051,16.1864490603363,4.13921859545005,7.358555885262117,
2013-01-22,35.09792284866469,27.662710187932735,16.165677546983183,4.1362512363996045,7.352621167161227,
2013-01-23,35.111275964391695,27.664193867457957,16.150840751730957,4.134767556874382,7.351137487636004,
2013-01-24,35.13165680473373,27.66222879684418,16.14447731755424,4.134368836291913,7.347140039447733,
2013-01-25,35.14896755162242,27.6661750245821,16.13520157325467,4.133972468043265,7.3431661750245825,
2013-01-26,35.14940828402367,27.668145956607493,16.132642998027613,4.131410256410256,7.335305719921105,
2013-01-27,35.166666666666664,27.6661750245821,16.123402163225173,4.1310226155358905,7.334316617502458,
2013-01-28,35.166666666666664,27.6661750245821,16.123402163225173,4.1310226155358905,7.334316617502458,
2013-01-29,35.180432645034415,27.6819075712881,16.1086529006883,4.1310226155358905,7.32251720747296,
2013-01-30,35.194607843137256,27.674019607843135,16.105392156862745,4.130637254901961,7.324509803921569,
2013-01-31,35.206372549019605,27.674019607843135,16.099509803921567,4.127696078431373,7.315686274509805,
2013-02-01,35.206372549019605,27.674019607843135,16.099509803921567,4.127696078431373,7.315686274509805,
2013-02-02,35.209931170108156,27.6819075712881,16.09095378564405,4.122173058013766,7.307767944936087,
2013-02-03,35.22763028515241,27.684857423795474,16.076204523107176,4.119223205506391,7.301868239921338,
2013-02-04,35.24166666666667,27.688725490196077,16.073039215686272,4.118872549019608,7.298039215686275,
2013-02-05,35.239429695181904,27.705506391347097,16.06440511307768,4.116273352999017,7.2871189773844645,
2013-02-06,35.25637254901961,27.69754901960784,16.06127450980392,4.11593137254902,7.286274509803922,
2013-02-07,35.266666666666666,27.7078431372549,16.050980392156863,4.112990196078432,7.277450980392158,
2013-02-08,35.266666666666666,27.7078431372549,16.050980392156863,4.112990196078432,7.277450980392158,
2013-02-09,35.26745329400197,27.715830875122908,16.04228121927237,4.107423795476893,7.272369714847591,
2013-02-10,35.28137254901961,27.713725490196076,16.03921568627451,4.107107843137255,7.271568627450981,
2013-02-11,35.28137254901961,27.713725490196076,16.03921568627451,4.107107843137255,7.271568627450981,
2013-02-12,35.29019607843137,27.72328431372549,16.032598039215685,4.101960784313726,7.263480392156863,
2013-02-13,35.31372549019608,27.71740196078431,16.02377450980392,4.093137254901961,7.260539215686275,
2013-02-14,35.31170108161258,27.713618485742376,16.02679449360865,4.090462143559489,7.255408062930187,
2013-02-15,35.32549019607843,27.711519607843137,16.02671568627451,4.090196078431373,7.254656862745098,
2013-02-16,35.32645034414946,27.710668633235002,16.02679449360865,4.084562438544739,7.249508357915438,
2013-02-17,35.34313725490196,27.708578431372548,16.02377450980392,4.084313725490197,7.245833333333334,
2013-02-18,35.34313725490196,27.708578431372548,16.02377450980392,4.084313725490197,7.245833333333334,
2013-02-19,35.36078431372549,27.7125,16.020833333333332,4.084313725490197,7.234068627450981,
2013-02-20,35.37732160312805,27.70601173020528,16.017839687194524,4.08553274682307,7.2326490713587495,
2013-02-21,35.39083820662768,27.70687134502924,16.014863547758285,4.088206627680312,7.2290448343079925,
2013-02-22,35.40427599611273,27.713556851311953,16.008989310009717,4.087949465500486,7.225461613216716,
2013-02-23,35.41130604288499,27.709795321637426,16.011939571150098,4.079434697855751,7.220272904483431,
2013-02-24,35.42759961127308,27.707725947521865,16.006073858114675,4.079203109815355,7.219630709426628,
2013-02-25,35.42759961127308,27.707725947521865,16.006073858114675,4.079203109815355,7.219630709426628,
2013-02-26,35.439261418853256,27.713556851311953,16.00315840621963,4.079203109815355,7.210884353741497,
2013-02-27,35.453838678328474,27.704810495626823,16.006073858114675,4.073372206025267,7.207968901846454,
2013-02-28,35.46996124031008,27.702761627906977,16.0031492248062,4.073158914728682,7.204457364341086,
2013-03-01,35.46996124031008,27.702761627906977,16.0031492248062,4.073158914728682,7.204457364341086,
2013-03-02,35.47133138969873,27.701895043731778,16.006073858114675,4.06754130223518,7.196307094266278,
2013-03-03,35.484496124031004,27.69985465116279,16.0031492248062,4.070251937984496,7.195736434108528,
2013-03-04,35.50048309178744,27.694927536231884,16.00024154589372,4.072946859903382,7.195169082125604,
2013-03-05,35.49854651162791,27.696947674418606,16.000242248062015,4.067829457364341,7.189922480620155,
2013-03-06,35.51159420289855,27.68913043478261,15.997342995169081,4.067632850241545,7.1922705314009665,
2013-03-07,35.52608695652174,27.683333333333334,15.988647342995169,4.064734299516908,7.1922705314009665,
2013-03-08,35.54190751445087,27.684248554913296,15.982899807321772,4.064547206165703,7.1917148362235075,
2013-03-09,35.5463768115942,27.683333333333334,15.977053140096617,4.06183574879227,7.1864734299516915,
2013-03-10,35.56376811594203,27.683333333333334,15.96256038647343,4.058937198067633,7.1864734299516915,
2013-03-11,35.56376811594203,27.683333333333334,15.96256038647343,4.058937198067633,7.1864734299516915,
2013-03-12,35.584057971014495,27.68913043478261,15.950966183574879,4.058937198067633,7.177777777777778,
2013-03-13,35.59855072463768,27.680434782608696,15.93647342995169,4.056038647342995,7.1806763285024156,
2013-03-14,35.611271676300575,27.672687861271676,15.939547206165702,4.058766859344894,7.180154142581888,
2013-03-15,35.611271676300575,27.672687861271676,15.939547206165702,4.058766859344894,7.180154142581888,
2013-03-16,35.61594202898551,27.67463768115942,15.927777777777777,4.058937198067633,7.1748792270531405,
2013-03-17,35.6257225433526,27.67557803468208,15.927986512524084,4.058766859344894,7.177263969171484,
2013-03-18,35.6257225433526,27.67557803468208,15.927986512524084,4.058766859344894,7.177263969171484,
2013-03-19,35.645953757225435,27.678468208092486,15.913535645472061,4.058766859344894,7.174373795761079,
2013-03-20,35.65778097982709,27.671469740634006,15.91162343900096,4.064361191162344,7.172430355427474,
2013-03-21,35.66257225433526,27.670520231213874,15.902697495183043,4.061657032755298,7.170038535645473,
2013-03-22,35.67363112391931,27.670028818443804,15.900096061479346,4.063640730067243,7.170268972142171,
2013-03-23,35.68135838150289,27.67485549132948,15.879576107899807,4.0609344894026975,7.167870905587669,
2013-03-24,35.69380403458213,27.672910662824208,15.877041306436118,4.063640730067243,7.167387127761768,
2013-03-25,35.70330459770115,27.67097701149425,15.871647509578542,4.066331417624521,7.16977969348659,
2013-03-26,35.734913793103445,27.673850574712645,15.831417624521071,4.072078544061302,7.1669061302682,
2013-03-27,35.74279538904899,27.675792507204612,15.81075888568684,4.06940441882805,7.167387127761768,
2013-03-28,35.752155172413794,27.676724137931036,15.808429118773946,4.069204980842912,7.16977969348659,
2013-03-29,35.752155172413794,27.676724137931036,15.808429118773946,4.069204980842912,7.16977969348659,
2013-03-30,35.76008645533141,27.68443804034582,15.784822286263207,4.06940441882805,7.167387127761768,
2013-03-31,35.769396551724135,27.679597701149426,15.782567049808428,4.072078544061302,7.1669061302682,
2013-04-01,35.769396551724135,27.679597701149426,15.782567049808428,4.072078544061302,7.1669061302682,
2013-04-02,35.78602305475504,27.69020172910663,15.750240153698366,4.072286263208453,7.164505283381365,
2013-04-03,35.798132183908045,27.679597701149426,15.74808429118774,4.074952107279693,7.1669061302682,
2013-04-04,35.819683908045974,27.68103448275862,15.720785440613026,4.074952107279693,7.168342911877395,
2013-04-05,35.819683908045974,27.68103448275862,15.720785440613026,4.074952107279693,7.168342911877395,
2013-04-06,35.830691642651296,27.694524495677232,15.696926032660903,4.072286263208453,7.163064361191163,
2013-04-07,35.83979885057471,27.689655172413794,15.694923371647509,4.074952107279693,7.165469348659005,
2013-04-08,35.85086455331412,27.697406340057636,15.668107588856868,4.074207492795389,7.1640249759846295,
2013-04-09,35.859913793103445,27.692528735632184,15.66906130268199,4.076867816091954,7.163553639846743,
2013-04-10,35.87464183381089,27.679083094555875,15.664278892072588,4.082378223495702,7.168815663801337,
2013-04-11,35.87464183381089,27.679083094555875,15.664278892072588,4.082378223495702,7.168815663801337,
2013-04-12,35.89214285714286,27.677142857142858,15.66095238095238,4.082142857142857,7.166904761904761,
2013-04-13,35.90042979942693,27.68481375358166,15.63992359121299,4.082378223495702,7.164517669531996,
2013-04-14,35.915,27.68,15.635238095238094,4.085,7.166904761904761,
2013-04-15,35.915,27.68,15.635238095238094,4.085,7.166904761904761,
2013-04-16,35.940714285714286,27.689523809523806,15.599047619047619,4.088809523809523,7.160238095238094,3.0
2013-04-17,35.952991452991455,27.681861348528013,15.597340930674266,4.0914055080721745,7.161206077872744,3.0
2013-04-18,35.952991452991455,27.681861348528013,15.597340930674266,4.0914055080721745,7.161206077872744,3.0
2013-04-19,35.952991452991455,27.681861348528013,15.597340930674266,4.0914055080721745,7.161206077872744,3.0
2013-04-20,35.95857142857143,27.692380952380947,15.573333333333334,4.091666666666667,7.158809523809523,3.0
2013-04-21,35.96866096866097,27.68827160493827,15.568850902184236,4.093542260208927,7.1576448243114905,3.333333333333333
2013-04-22,35.97443181818182,27.683475378787875,15.56723484848485,4.096117424242424,7.15435606060606,3.888888888888889
2013-04-23,35.98860398860399,27.70251661918328,15.5318138651472,4.09639126305793,7.151946818613484,3.888888888888889
2013-04-24,36.00854700854701,27.693969610636273,15.506172839506174,4.099240265906932,7.151946818613484,3.4166666666666665
2013-04-25,36.011428571428574,27.69880952380952,15.484761904761905,4.099523809523809,7.152380952380952,3.4166666666666665
2013-04-26,36.022792022792025,27.69824311490978,15.480531813865149,4.099240265906932,7.150522317188983,3.333333333333333
2013-04-27,36.03142857142857,27.70880952380952,15.45904761904762,4.096666666666667,7.145238095238095,3.333333333333333
2013-04-28,36.042735042735046,27.706790123456788,15.454890788224123,4.09639126305793,7.144824311490977,3.1111111111111107
2013-04-29,36.04829545454545,27.701941287878785,15.456439393939394,4.098958333333333,7.144412878787878,3.095238095238095
2013-04-30,36.06267806267806,27.718186134852797,15.426400759734094,4.099240265906932,7.1391263057929715,3.095238095238095
2013-05-01,36.07102272727273,27.704782196969692,15.422348484848486,4.101799242424242,7.141571969696969,3.083333333333333
2013-05-02,36.09090909090909,27.704782196969692,15.402462121212123,4.098958333333333,7.13873106060606,3.074074074074074
2013-05-03,36.09773371104816,27.699952785646833,15.401322001888575,4.102927289896129,7.135505193578847,3.1166666666666663
2013-05-04,36.10653409090909,27.710464015151512,15.382575757575758,4.100378787878788,7.130208333333332,3.1166666666666663
2013-05-05,36.109065155807365,27.708451369216238,15.381491973559964,4.102927289896129,7.129839471199244,3.015151515151515
2013-05-06,36.109065155807365,27.708451369216238,15.381491973559964,4.102927289896129,7.129839471199244,3.015151515151515
2013-05-07,36.12370160528801,27.71081208687441,15.355996222851747,4.104107648725212,7.12865911237016,3.013888888888889
2013-05-08,36.12370160528801,27.71081208687441,15.355996222851747,4.104107648725212,7.12865911237016,3.013888888888889
2013-05-09,36.13257575757576,27.721354166666664,15.334280303030305,4.104403409090909,7.123342803030303,3.013888888888889
2013-05-10,36.143531633616625,27.719310670443814,15.330500472143532,4.106940509915014,7.120160528800755,3.0128205128205128
2013-05-11,36.15104166666667,27.724195075757574,15.311553030303031,4.105823863636363,7.117660984848484,3.0128205128205128
2013-05-12,36.156279508970734,27.719310670443814,15.31067044381492,4.105524079320113,7.120160528800755,2.9404761904761902
2013-05-13,36.158662900188325,27.717278719397363,15.309792843691149,4.105225988700565,7.119821092278719,2.944444444444444
2013-05-14,36.170443814919736,27.736307837582622,15.279508970727102,4.102691218130311,7.114494806421152,2.944444444444444
2013-05-15,36.181261770244824,27.722928436911484,15.275894538606403,4.102401129943503,7.119821092278719,2.8854166666666665
2013-05-16,36.1982109227872,27.7144538606403,15.253295668549907,4.102401129943503,7.119821092278719,2.892156862745098
2013-05-17,36.20610328638498,27.7131455399061,15.249061032863851,4.102112676056338,7.1194835680751165,2.898148148148148
2013-05-18,36.212335216572505,27.717984934086626,15.232815442561206,4.096751412429379,7.116996233521657,2.898148148148148
2013-05-19,36.220187793427236,27.7131455399061,15.232159624413146,4.096478873239437,7.116666666666666,2.9035087719298245
2013-05-20,36.23775894538607,27.72363465160075,15.201741996233523,4.096751412429379,7.114171374764594,2.9035087719298245
2013-05-21,36.23775894538607,27.72363465160075,15.201741996233523,4.096751412429379,7.114171374764594,2.9035087719298245
2013-05-22,36.24553990610329,27.71807511737089,15.195539906103287,4.099295774647888,7.115258215962441,2.9145833333333333
2013-05-23,36.24553990610329,27.71807511737089,15.195539906103287,4.099295774647888,7.115258215962441,2.9145833333333333
2013-05-24,36.25889513108615,27.716058052434455,15.192181647940076,4.099016853932584,7.112125468164794,2.871031746031746
2013-05-25,36.2680751173709,27.723708920187793,15.170187793427232,4.096478873239437,7.109624413145539,2.871031746031746
2013-05-26,36.27855805243446,27.721676029962545,15.164091760299627,4.096207865168539,7.109316479400749,2.831439393939394
2013-05-27,36.28618113912232,27.714052287581698,15.160830999066294,4.09593837535014,7.109010270774976,2.8387681159420293
2013-05-28,36.31419234360411,27.719654528478056,15.124416433239963,4.0931372549019605,7.109010270774976,2.845486111111111
2013-05-29,36.32350187265918,27.727294007490634,15.099485018726593,4.09058988764045,7.106507490636703,2.845486111111111
2013-05-30,36.33004694835681,27.726525821596244,15.080046948356808,4.090845070422535,7.106807511737089,2.845486111111111
2013-05-31,36.34597378277154,27.721676029962545,15.077013108614233,4.09058988764045,7.103698501872659,2.851666666666667
2013-06-01,36.36001872659176,27.721676029962545,15.054541198501873,4.09058988764045,7.100889513108614,2.8958333333333335
2013-06-02,36.3702147525677,27.716853408029877,15.051587301587302,4.0931372549019605,7.1006069094304385,2.8626543209876547
2013-06-03,36.3702147525677,27.716853408029877,15.051587301587302,4.0931372549019605,7.1006069094304385,2.8626543209876547
2013-06-04,36.39262371615313,27.728057889822594,15.02077497665733,4.0931372549019605,7.092203548085901,2.867559523809524
2013-06-05,36.405493482309126,27.71764432029795,15.015130353817506,4.092877094972067,7.094739292364991,2.8721264367816093
2013-06-06,36.418291550603534,27.715645311049208,15.01230269266481,4.092618384401114,7.091689879294336,2.876388888888889
2013-06-07,36.4337962962963,27.716435185185183,15.006712962962963,4.092361111111111,7.088657407407407,2.8803763440860215
2013-06-08,36.446146703806875,27.72400185701021,14.984447539461469,4.08983286908078,7.083333333333333,2.8803763440860215
2013-06-09,36.4587962962963,27.71921296296296,14.978935185185186,4.089583333333334,7.083101851851851,2.8841145833333335
2013-06-10,36.46982358402972,27.73096564531105,14.953806870937791,4.088440111420613,7.079155060352831,2.8841145833333335
2013-06-11,36.48235840297122,27.726787372330545,14.934308263695451,4.08983286908078,7.079155060352831,2.887626262626263
2013-06-12,36.49212962962963,27.716435185185183,14.928935185185185,4.092361111111111,7.0844907407407405,2.8615196078431375
2013-06-13,36.49907149489322,27.72121634168988,14.906453110492109,4.092618384401114,7.0847260909935,2.8615196078431375
2013-06-14,36.511574074074076,27.716435185185183,14.906712962962963,4.092361111111111,7.0844907407407405,2.836904761904762
2013-06-15,36.524141132776236,27.72121634168988,14.886954503249768,4.087047353760446,7.0819405756731655,2.836904761904762
2013-06-16,36.536574074074075,27.713657407407407,14.881712962962963,4.089583333333334,7.0844907407407405,2.8136574074074074
2013-06-17,36.536574074074075,27.713657407407407,14.881712962962963,4.089583333333334,7.0844907407407405,2.8136574074074074
2013-06-18,36.56157407407408,27.71921296296296,14.853935185185186,4.089583333333334,7.081712962962962,2.791666666666667
2013-06-19,36.56971375807941,27.71029547553093,14.85364727608495,4.092105263157895,7.082179132040627,2.7905701754385968
2013-06-20,36.56971375807941,27.71029547553093,14.85364727608495,4.092105263157895,7.082179132040627,2.7905701754385968
2013-06-21,36.58195211786372,27.70280847145488,14.851289134438307,4.094613259668508,7.08195211786372,2.7905701754385968
2013-06-22,36.58910433979686,27.707525392428437,14.834256694367498,4.092105263157895,7.0794090489381345,2.7905701754385968
2013-06-23,36.60128913443831,27.70004604051565,14.831952117863722,4.091850828729282,7.08195211786372,2.7702991452991452
2013-06-24,36.6078971533517,27.69536271808999,14.835169880624427,4.091597796143251,7.081726354453627,2.7510416666666666
2013-06-25,36.61786372007367,27.708333333333332,14.812615101289135,4.089088397790055,7.076427255985267,2.7510416666666666
2013-06-26,36.64272559852671,27.697283609576427,14.790515653775323,4.089088397790055,7.076427255985267,2.7327235772357725
2013-06-27,36.64272559852671,27.697283609576427,14.790515653775323,4.089088397790055,7.076427255985267,2.7327235772357725
2013-06-28,36.65748393021121,27.69260789715335,14.785583103764923,4.088842975206612,7.074839302112029,2.739087301587302
2013-06-29,36.66758747697975,27.6945211786372,14.768416206261511,4.086325966850829,7.072283609576427,2.739087301587302
2013-06-30,36.67952249770432,27.687098255280073,14.76354453627181,4.088842975206612,7.07208448117539,2.7218992248062017
2013-07-01,36.68864468864469,27.679716117216117,14.76419413919414,4.0885989010989015,7.071886446886446,2.7282196969696972
2013-07-02,36.70431588613407,27.68985307621671,14.741505968778696,4.088842975206612,7.0638200183654725,2.7282196969696972
2013-07-03,36.71611721611722,27.67422161172161,14.739468864468865,4.091346153846154,7.0691391941391934,2.712037037037037
2013-07-04,36.740842490842496,27.6632326007326,14.717490842490843,4.091346153846154,7.0691391941391934,2.712037037037037
2013-07-05,36.740842490842496,27.6632326007326,14.717490842490843,4.091346153846154,7.0691391941391934,2.712037037037037
2013-07-06,36.753902662993575,27.665059687786957,14.700183654729111,4.088842975206612,7.0638200183654725,2.712037037037037
2013-07-07,36.76831501831502,27.660485347985347,14.69276556776557,4.0885989010989015,7.066391941391941,2.6965579710144927
2013-07-08,36.76831501831502,27.660485347985347,14.69276556776557,4.0885989010989015,7.066391941391941,2.6965579710144927
2013-07-09,36.78479853479854,27.661858974358974,14.672161172161173,4.089285714285714,7.062957875457875,2.7030141843971633
2013-07-10,36.80952380952381,27.65086996336996,14.652930402930403,4.089285714285714,7.065705128205128,2.6883680555555554
2013-07-11,36.82001836547291,27.652662993572083,14.629935720844813,4.089531680440771,7.063131313131313,2.6883680555555554
2013-07-12,36.83058608058608,27.647664835164836,14.62591575091575,4.092490842490843,7.061126373626373,2.6981292517006805
2013-07-13,36.84113865932048,27.649449035812673,14.605601469237833,4.092745638200184,7.055785123966942,2.6981292517006805
2013-07-14,36.8525641025641,27.644917582417584,14.598443223443223,4.095238095238096,7.055631868131868,2.664166666666667
2013-07-15,36.8525641025641,27.644917582417584,14.598443223443223,4.095238095238096,7.055631868131868,2.664166666666667
2013-07-16,36.86904761904762,27.646749084249084,14.577380952380953,4.100732600732601,7.049221611721611,2.6642156862745097
2013-07-17,36.88036529680365,27.63401826484018,14.575799086757991,4.103196347031964,7.051826484018265,2.6514423076923075
2013-07-18,36.88036529680365,27.63401826484018,14.575799086757991,4.103196347031964,7.051826484018265,2.6514423076923075
2013-07-19,36.89162112932605,27.62955373406193,14.571493624772314,4.102914389799636,7.051684881602914,2.6580188679245285
2013-07-20,36.90228310502283,27.628538812785386,14.551141552511416,4.103196347031964,7.049086757990867,2.6580188679245285
2013-07-21,36.91074681238616,27.621357012750455,14.546903460837887,4.108378870673953,7.051684881602914,2.6458333333333335
2013-07-22,36.91074681238616,27.621357012750455,14.546903460837887,4.108378870673953,7.051684881602914,2.6458333333333335
2013-07-23,36.92714025500911,27.621357012750455,14.527777777777779,4.11384335154827,7.043488160291439,2.6522727272727273
2013-07-24,36.951730418943534,27.604963570127502,14.497723132969035,4.116575591985428,7.046220400728597,2.640625
2013-07-25,36.96548592188919,27.597865576748408,14.496366939146231,4.116257947320618,7.046094459582197,2.629385964912281
2013-07-26,36.96548592188919,27.597865576748408,14.496366939146231,4.116257947320618,7.046094459582197,2.629385964912281
2013-07-27,36.97632058287796,27.596766848816028,14.478597449908927,4.11384335154827,7.043488160291439,2.629385964912281
2013-07-28,36.984559491371485,27.589691189827427,14.474568574023616,4.116257947320618,7.046094459582197,2.6357758620689653
2013-07-29,36.984559491371485,27.589691189827427,14.474568574023616,4.116257947320618,7.046094459582197,2.6357758620689653
2013-07-30,37.00363306085377,27.5869663941871,14.458219800181654,4.118982742960945,7.040644868301544,2.641949152542373
2013-07-31,37.01449275362319,27.571784420289852,14.454257246376812,4.121376811594203,7.043251811594202,2.63125
2013-08-01,37.036231884057976,27.56363224637681,14.435235507246377,4.124094202898551,7.043251811594202,2.63125
2013-08-02,37.044263775971096,27.562104787714542,14.43405600722674,4.126467931345981,7.043134598012647,2.63125
2013-08-03,37.055253623188406,27.56363224637681,14.416213768115943,4.1268115942028984,7.037817028985507,2.63125
2013-08-04,37.06323396567299,27.556684733514,14.412375790424571,4.129177958446252,7.040424570912375,2.6209016393442623
2013-08-05,37.07949412827462,27.548554652213188,14.396115627822946,4.130532971996387,7.041779584462511,2.6108870967741935
2013-08-06,37.093297101449274,27.552762681159418,14.378170289855074,4.130887681159421,7.036458333333333,2.6108870967741935
2013-08-07,37.101174345076785,27.540424570912375,14.37714543812105,4.133242999096658,7.036359530261969,2.617063492063492
2013-08-08,37.10960144927537,27.541893115942027,14.359148550724639,4.130887681159421,7.036458333333333,2.617063492063492
2013-08-09,37.12285456187895,27.535004516711833,14.35546522131888,4.133242999096658,7.036359530261969,2.617063492063492
2013-08-10,37.13949275362319,27.531023550724637,14.340126811594203,4.130887681159421,7.033740942028985,2.617063492063492
2013-08-11,37.14995483288166,27.52416440831075,14.336495031616984,4.133242999096658,7.036359530261969,2.607421875
2013-08-12,37.14995483288166,27.52416440831075,14.336495031616984,4.133242999096658,7.036359530261969,2.607421875
2013-08-13,37.16892502258356,27.52416440831075,14.317524841915086,4.133242999096658,7.036359530261969,2.6134615384615385
2013-08-14,37.18518518518518,27.513324299909666,14.295844625112919,4.133242999096658,7.0390695573622395,2.6193181818181817
2013-08-15,37.1981981981982,27.50653153153153,14.28963963963964,4.135585585585586,7.041666666666666,2.6193181818181817
2013-08-16,37.20844564240791,27.499775381850853,14.286163522012579,4.137915543575921,7.04424977538185,2.6193181818181817
2013-08-17,37.222522522522524,27.49842342342342,14.270720720720721,4.135585585585586,7.041666666666666,2.6193181818181817
2013-08-18,37.23000898472597,27.488993710691823,14.26460017969452,4.140610961365678,7.04424977538185,2.595149253731343
2013-08-19,37.23000898472597,27.488993710691823,14.26460017969452,4.140610961365678,7.04424977538185,2.595149253731343
2013-08-20,37.24618149146451,27.490790655884993,14.245732255166219,4.1415094339622645,7.041554357592093,2.591299019607843
2013-08-21,37.2596585804133,27.477987421383645,14.227538185085356,4.1482479784366575,7.042902066486972,2.589975845410628
2013-08-22,37.2596585804133,27.477987421383645,14.227538185085356,4.1482479784366575,7.042902066486972,2.589975845410628
2013-08-23,37.27105734767025,27.469982078853043,14.222894265232975,4.151881720430108,7.04681899641577,2.5958333333333337
2013-08-24,37.285265049416,27.468553459119494,14.204627133872417,4.152291105121294,7.04424977538185,2.5958333333333337
2013-08-25,37.29256272401434,27.46191756272401,14.19870071684588,4.154569892473118,7.04681899641577,2.6015258215962445
2013-08-26,37.29714030384272,27.455317247542446,14.198168007149242,4.159517426273458,7.046693476318141,2.607060185185185
2013-08-27,37.31137992831541,27.45654121863799,14.185259856630825,4.15994623655914,7.041442652329748,2.607060185185185
2013-08-28,37.3212689901698,27.44191242180518,14.176720285969617,4.162198391420912,7.049374441465594,2.6124429223744294
2013-08-29,37.33869526362824,27.431188561215368,14.156613047363718,4.1675603217158175,7.0520554066130465,2.61768018018018
2013-08-30,37.33869526362824,27.431188561215368,14.156613047363718,4.1675603217158175,7.0520554066130465,2.61768018018018
2013-08-31,37.35035842293907,27.42428315412186,14.14359318996416,4.168010752688172,7.049507168458781,2.61768018018018
2013-09-01,37.35478105451296,27.412421805183197,14.135165326184094,4.172922252010724,7.057417336907953,2.622777777777778
2013-09-02,37.359180035650624,27.408645276292333,14.132130124777184,4.175133689839572,7.059937611408199,2.6277412280701755
2013-09-03,37.37622877569258,27.404378909740835,14.119079535299376,4.1756032171581765,7.0547363717605,2.6277412280701755
2013-09-04,37.38324420677362,27.39527629233511,14.112745098039216,4.179144385026738,7.0579322638146165,2.6390692640692643
2013-09-05,37.40463458110517,27.38591800356506,14.088680926916222,4.18048128342246,7.0606060606060606,2.6436965811965814
2013-09-06,37.40463458110517,27.38591800356506,14.088680926916222,4.18048128342246,7.0606060606060606,2.6436965811965814
2013-09-07,37.419124218051834,27.378909740840033,14.075513851653263,4.180965147453083,7.058087578194816,2.6436965811965814
2013-09-08,37.42602495543672,27.37254901960784,14.067290552584671,4.183155080213904,7.063279857397504,2.6482067510548526
2013-09-09,37.43022222222223,27.37422222222222,14.059111111111111,4.182666666666667,7.065777777777777,2.652604166666667
2013-09-10,37.45022222222222,27.364888888888885,14.036,4.185333333333333,7.068444444444444,2.6568930041152266
2013-09-11,37.45434397163121,27.358599290780138,14.022606382978724,4.190159574468085,7.076241134751773,2.6610772357723578
2013-09-12,37.47030141843972,27.353280141843967,14.001329787234043,4.19281914893617,7.081560283687943,2.659136546184739
2013-09-13,37.47701149425288,27.34969053934571,13.993368700265252,4.19761273209549,7.083996463306808,2.6750992063492065
2013-09-14,37.488918439716315,27.342641843971627,13.982712765957446,4.19813829787234,7.081560283687943,2.6750992063492065
2013-09-15,37.50044326241135,27.33377659574468,13.963209219858154,4.199024822695035,7.087765957446808,2.690686274509804
2013-09-16,37.50044326241135,27.33377659574468,13.963209219858154,4.199024822695035,7.087765957446808,2.690686274509804
2013-09-17,37.52171985815603,27.32313829787234,13.936613475177303,4.2070035460992905,7.095744680851064,2.6942829457364343
2013-09-18,37.52564102564103,27.319628647214856,13.928824049513704,4.211759504862953,7.10079575596817,2.703544061302682
2013-09-19,37.52865961199295,27.3205467372134,13.914021164021165,4.21604938271605,7.105379188712521,2.725852272727273
2013-09-20,37.53386103781882,27.317941952506597,13.90193491644679,4.21943711521548,7.110378188214599,2.7420411985018727
2013-09-21,37.548500881834215,27.316137566137566,13.89373897707231,4.220017636684304,7.110670194003527,2.7420411985018727
2013-09-22,37.548500881834215,27.316137566137566,13.89373897707231,4.220017636684304,7.110670194003527,2.7420411985018727
2013-09-23,37.548500881834215,27.316137566137566,13.89373897707231,4.220017636684304,7.110670194003527,2.7420411985018727
2013-09-24,37.5658709106985,27.314323607427056,13.88549955791335,4.223253757736517,7.1109637488947826,2.7420411985018727
2013-09-25,37.58067375886525,27.30718085106383,13.877216312056737,4.226507092198582,7.113918439716311,2.7420411985018727
2013-09-26,37.58067375886525,27.30718085106383,13.877216312056737,4.226507092198582,7.113918439716311,2.7420411985018727
2013-09-27,37.59504862953139,27.30371352785146,13.858974358974358,4.223253757736517,7.121573828470379,2.7671296296296295
2013-09-28,37.60992907801418,27.30186170212766,13.850620567375886,4.226507092198582,7.1218971631205665,2.7671296296296295
2013-09-29,37.62422634836428,27.29840848806366,13.832449160035367,4.223253757736517,7.126878868258178,2.8026556776556775
2013-09-30,37.62422634836428,27.29840848806366,13.832449160035367,4.223253757736517,7.126878868258178,2.8026556776556775
2013-10-01,37.65340406719717,27.29310344827586,13.808576480990274,4.223253757736517,7.129531388152077,2.826539855072464
2013-10-02,37.65340406719717,27.29310344827586,13.808576480990274,4.223253757736517,7.129531388152077,2.826539855072464
2013-10-03,37.66312056737589,27.28590425531915,13.802748226950353,4.223847517730497,7.132535460992907,2.826539855072464
2013-10-04,37.66312056737589,27.28590425531915,13.802748226950353,4.223847517730497,7.132535460992907,2.826539855072464
2013-10-05,37.678222222222225,27.284,13.796888888888889,4.224444444444445,7.132888888888888,2.826539855072464
2013-10-06,37.68971631205674,27.277925531914892,13.781471631205672,4.223847517730497,7.137854609929077,2.8606630824372763
2013-10-07,37.68971631205674,27.277925531914892,13.781471631205672,4.223847517730497,7.137854609929077,2.8606630824372763
2013-10-08,37.70755555555556,27.275333333333332,13.773555555555555,4.2251111111111115,7.136222222222221,2.8606630824372763
2013-10-09,37.72695035460993,27.26662234042553,13.758200354609928,4.221852836879433,7.138519503546099,2.8940602836879434
2013-10-10,37.739610963748895,27.261936339522546,13.744252873563218,4.219938107869143,7.143457117595048,2.9135964912280703
2013-10-11,37.739610963748895,27.261936339522546,13.744252873563218,4.219938107869143,7.143457117595048,2.9135964912280703
2013-10-12,37.75487588652482,27.25997340425532,13.73825354609929,4.223182624113475,7.143838652482269,2.9135964912280703
2013-10-13,37.77881205673759,27.24933510638298,13.71697695035461,4.22052304964539,7.154476950354609,2.945746527777778
2013-10-14,37.77881205673759,27.24933510638298,13.71697695035461,4.22052304964539,7.154476950354609,2.945746527777778
2013-10-15,37.80806737588652,27.24534574468085,13.698359929078013,4.221852836879433,7.157136524822694,2.977233676975945
2013-10-16,37.824491600353674,27.236737400530505,13.683244916003536,4.221264367816092,7.159372236958443,3.0080782312925174
2013-10-17,37.83599290780142,27.225398936170212,13.679742907801417,4.223182624113475,7.161125886524822,3.0080782312925174
2013-10-18,37.83599290780142,27.225398936170212,13.679742907801417,4.223182624113475,7.161125886524822,3.0080782312925174
2013-10-19,37.85688888888889,27.223333333333333,13.670888888888888,4.226444444444445,7.158888888888888,3.0080782312925174
2013-10-20,37.86790780141844,27.21742021276596,13.658466312056737,4.223182624113475,7.166445035460992,3.0281986531986536
2013-10-21,37.881520778072506,27.21419098143236,13.648762157382846,4.221264367816092,7.16998231653404,3.037916666666667
2013-10-22,37.89716312056738,27.212101063829788,13.642508865248226,4.224512411347518,7.167774822695034,3.037916666666667
2013-10-23,37.91843971631206,27.196143617021278,13.625221631205672,4.22584219858156,7.17575354609929,3.059818481848185
2013-10-24,37.91843971631206,27.196143617021278,13.625221631205672,4.22584219858156,7.17575354609929,3.059818481848185
2013-10-25,37.92396109637489,27.195623342175065,13.612953138815207,4.225243147656941,7.1805923961096365,3.078839869281046
2013-10-26,37.93971631205674,27.190824468085108,13.609264184397162,4.22584219858156,7.178413120567375,3.078839869281046
2013-10-27,37.94783377541999,27.18766578249337,13.59969053934571,4.222590627763042,7.183244916003536,3.0974919093851137
2013-10-28,37.94783377541999,27.18766578249337,13.59969053934571,4.222590627763042,7.183244916003536,3.0974919093851137
2013-10-29,37.96099290780142,27.185505319148938,13.595966312056737,4.22584219858156,7.18107269503546,3.0974919093851137
2013-10-30,37.97170645446508,27.180371352785144,13.585101679929265,4.224580017683466,7.185897435897435,3.1133814102564106
2013-10-31,37.9822695035461,27.17287234042553,13.576019503546098,4.225177304964539,7.186391843971631,3.1133814102564106
2013-11-01,37.9822695035461,27.17287234042553,13.576019503546098,4.225177304964539,7.186391843971631,3.1133814102564106
2013-11-02,37.995555555555555,27.165333333333333,13.572222222222221,4.225777777777778,7.184222222222221,3.1133814102564106
2013-11-03,38.00620567375886,27.159574468085108,13.560062056737587,4.222517730496454,7.189051418439716,3.1313492063492063
2013-11-04,38.00620567375886,27.159574468085108,13.560062056737587,4.222517730496454,7.189051418439716,3.1313492063492063
2013-11-05,38.019555555555556,27.157333333333334,13.553555555555555,4.2251111111111115,7.185555555555554,3.1313492063492063
2013-11-06,38.030141843971634,27.152925531914892,13.543439716312056,4.222517730496454,7.190381205673758,3.1442610062893084
2013-11-07,38.04067197170646,27.149867374005304,13.534040671971706,4.219274977895668,7.195181255526082,3.1522585669781935
2013-11-08,38.05114638447972,27.146825396825395,13.522045855379188,4.21604938271605,7.199955908289241,3.1693672839506175
2013-11-09,38.06454465075155,27.139257294429708,13.51547303271441,4.219274977895668,7.197833775419982,3.1693672839506175
2013-11-10,38.07231040564374,27.136243386243386,13.506172839506172,4.21604938271605,7.202601410934744,3.1861620795107037
2013-11-11,38.07231040564374,27.136243386243386,13.506172839506172,4.21604938271605,7.202601410934744,3.1861620795107037
2013-11-12,38.08818342151675,27.133597883597883,13.498236331569665,4.218694885361552,7.203924162257495,3.1981060606060607
2013-11-13,38.10670194003527,27.123015873015873,13.477072310405642,4.221340388007055,7.2092151675485,3.2143393393393396
2013-11-14,38.11494252873563,27.115384615384617,13.473032714412025,4.223253757736517,7.211096374889477,3.2143393393393396
2013-11-15,38.11494252873563,27.115384615384617,13.473032714412025,4.223253757736517,7.211096374889477,3.2143393393393396
2013-11-16,38.1258865248227,27.11037234042553,13.468971631205672,4.226507092198582,7.208998226950354,3.2143393393393396
2013-11-17,38.13351016799293,27.104774535809018,13.459770114942527,4.223253757736517,7.213748894783377,3.230282738095238
2013-11-18,38.13351016799293,27.104774535809018,13.459770114942527,4.223253757736517,7.213748894783377,3.230282738095238
2013-11-19,38.14942528735632,27.104774535809018,13.441202475685234,4.225906277630416,7.213748894783377,3.24594395280236
2013-11-20,38.16534040671972,27.090185676392572,13.425287356321839,4.228558797524315,7.2210433244916,3.259137426900585
2013-11-21,38.16534040671972,27.090185676392572,13.425287356321839,4.228558797524315,7.2210433244916,3.259137426900585
2013-11-22,38.17548500881834,27.084656084656086,13.416225749559082,4.2253086419753085,7.2257495590828915,3.2655797101449275
2013-11-23,38.18656056587091,27.082228116710876,13.412024756852341,4.228558797524315,7.223695844385499,3.2655797101449275
2013-11-24,38.19664902998237,27.076719576719576,13.40299823633157,4.2253086419753085,7.228395061728394,3.2805316091954024
2013-11-25,38.19664902998237,27.076719576719576,13.40299823633157,4.2253086419753085,7.228395061728394,3.2805316091954024
2013-11-26,38.205128205128204,27.079575596816976,13.396109637488948,4.228558797524315,7.223695844385499,3.2805316091954024
2013-11-27,38.21053791887125,27.076719576719576,13.387786596119929,4.227954144620812,7.22905643738977,3.290954415954416
2013-11-28,38.21053791887125,27.076719576719576,13.387786596119929,4.227954144620812,7.22905643738977,3.290954415954416
2013-11-29,38.22053649956025,27.073878627968337,13.373570800351802,4.224714160070361,7.236367634124889,3.3054378531073447
2013-11-30,38.22905643738977,27.066137566137566,13.371913580246913,4.227954144620812,7.236992945326278,3.3054378531073447
2013-12-01,38.23636763412489,27.063324538258573,13.360378188214598,4.227352682497801,7.24164467897977,3.3196778711484596
2013-12-02,38.24757495590829,27.055555555555557,13.354717813051145,4.2292768959435625,7.242283950617283,3.3196778711484596
2013-12-03,38.267416225749564,27.044973544973544,13.346781305114638,4.230599647266314,7.246252204585537,3.3253472222222222
2013-12-04,38.27726473175022,27.034300791556728,13.337950747581354,4.227352682497801,7.253518029903254,3.3391873278236917
2013-12-05,38.30101143359719,27.018469656992085,13.319481090589269,4.224714160070361,7.261433597185575,3.344603825136612
2013-12-06,38.30101143359719,27.018469656992085,13.319481090589269,4.224714160070361,7.261433597185575,3.344603825136612
2013-12-07,38.31238977072311,27.01058201058201,13.315035273368606,4.227954144620812,7.262125220458553,3.344603825136612
2013-12-08,38.32211961301671,27.00791556728232,13.303649956024625,4.224714160070361,7.266710642040456,3.3580623306233064
2013-12-09,38.33179824561404,27.00263157894737,13.294956140350877,4.224122807017544,7.272587719298245,3.3672715053763445
2013-12-10,38.352850877192985,26.99473684210526,13.284429824561403,4.226754385964912,7.277850877192981,3.3723333333333336
2013-12-11,38.36504811898513,26.986876640419947,13.27318460192476,4.223534558180227,7.284995625546806,3.385251322751323
2013-12-12,38.371271929824566,26.978947368421053,13.266008771929824,4.226754385964912,7.2883771929824555,3.385251322751323
2013-12-13,38.38079615048119,26.973753280839894,13.254811898512685,4.226159230096238,7.295494313210848,3.3900918635170605
2013-12-14,38.38969298245614,26.96578947368421,13.250219298245613,4.2293859649122805,7.29627192982456,3.3900918635170605
2013-12-15,38.399168853893265,26.96062992125984,13.239063867016622,4.228783902012249,7.300743657042869,3.4026692708333335
2013-12-16,38.399168853893265,26.96062992125984,13.239063867016622,4.228783902012249,7.300743657042869,3.4026692708333335
2013-12-17,38.41754155730534,26.954068241469816,13.225940507436569,4.231408573928259,7.3046806649168845,3.4111757105943155
2013-12-18,38.41754155730534,26.954068241469816,13.225940507436569,4.231408573928259,7.3046806649168845,3.4111757105943155
2013-12-19,38.42561082024433,26.95026178010471,13.218804537521814,4.230802792321117,7.309118673647468,3.419551282051282
2013-12-20,38.43494342906876,26.950391644908617,13.207789382071365,4.230200174064404,7.310922541340295,3.4239821882951653
2013-12-21,38.43494342906876,26.950391644908617,13.207789382071365,4.230200174064404,7.310922541340295,3.4239821882951653
2013-12-22,38.44162326388889,26.9453125,13.196831597222221,4.229600694444445,7.3153211805555545,3.435921717171717
2013-12-23,38.44162326388889,26.9453125,13.196831597222221,4.229600694444445,7.3153211805555545,3.435921717171717
2013-12-24,38.4506092254134,26.945169712793735,13.19473455178416,4.232811140121846,7.313533507397737,3.435921717171717
2013-12-25,38.4596422338569,26.93717277486911,13.18739092495637,4.238656195462478,7.31697207678883,3.435921717171717
2013-12-26,38.4596422338569,26.93717277486911,13.18739092495637,4.238656195462478,7.31697207678883,3.435921717171717
2013-12-27,38.4596422338569,26.93717277486911,13.18739092495637,4.238656195462478,7.31697207678883,3.435921717171717
2013-12-28,38.46872265966754,26.93175853018373,13.180008748906387,4.241907261592301,7.317804024496937,3.435921717171717
2013-12-29,38.46872265966754,26.93175853018373,13.180008748906387,4.241907261592301,7.317804024496937,3.435921717171717
2013-12-30,38.46872265966754,26.93175853018373,13.180008748906387,4.241907261592301,7.317804024496937,3.435921717171717
2013-12-31,38.47521929824561,26.93421052631579,13.172587719298244,4.24780701754386,7.3186403508771924,3.435921717171717
2014-01-01,38.48447069116361,26.926509186351705,13.164260717410324,4.2497812773403325,7.325678040244968,3.4401629072681708
2014-01-02,38.49100877192983,26.91578947368421,13.159429824561403,4.250438596491228,7.329166666666666,3.4401629072681708
2014-01-03,38.49100877192983,26.91578947368421,13.159429824561403,4.250438596491228,7.329166666666666,3.4401629072681708
2014-01-04,38.500219876868954,26.91029023746702,13.15193491644679,4.253737906772208,7.330035180299031,3.4401629072681708
2014-01-05,38.500219876868954,26.91029023746702,13.15193491644679,4.253737906772208,7.330035180299031,3.4401629072681708
2014-01-06,38.50811403508772,26.905263157894737,13.141008771929824,4.253070175438597,7.337061403508772,3.451803482587065
2014-01-07,38.51737027264732,26.905013192612138,13.136103781882145,4.256376429199649,7.3379507475813535,3.451803482587065
2014-01-08,38.53056288478452,26.889182058047492,13.122911169744942,4.26165347405453,7.345866314863676,3.4632716049382717
2014-01-09,38.53706140350877,26.889473684210525,13.112061403508772,4.260964912280702,7.347587719298245,3.467218137254902
2014-01-10,38.53706140350877,26.889473684210525,13.112061403508772,4.260964912280702,7.347587719298245,3.467218137254902
2014-01-11,38.546394019349165,26.883905013192614,13.107080035180298,4.26429199648197,7.348504837291117,3.467218137254902
2014-01-12,38.55548245614035,26.878947368421052,13.09627192982456,4.26359649122807,7.3528508771929815,3.4784063260340634
2014-01-13,38.561898512685914,26.876640419947506,13.088145231846019,4.262904636920386,7.3584864391951,3.4821859903381642
2014-01-14,38.569956140350875,26.873684210526317,13.081140350877192,4.264912280701755,7.359429824561403,3.4821859903381642
2014-01-15,38.58048245614035,26.857894736842105,13.06798245614035,4.270175438596492,7.367324561403508,3.49310551558753
2014-01-16,38.5872911169745,26.849604221635882,13.060246262093226,4.2735268249780125,7.368293755496921,3.49310551558753
2014-01-17,38.59890350877193,26.842105263157894,13.049561403508772,4.27280701754386,7.3752192982456135,3.4967261904761906
2014-01-18,38.61103781882146,26.83641160949868,13.044415127528584,4.2761653474054535,7.376209322779243,3.4967261904761906
2014-01-19,38.617324561403514,26.83421052631579,13.031140350877193,4.275438596491228,7.3831140350877185,3.507387706855792
2014-01-20,38.617324561403514,26.83421052631579,13.031140350877193,4.275438596491228,7.3831140350877185,3.507387706855792
2014-01-21,38.63311403508772,26.82894736842105,13.015350877192981,4.278070175438597,7.385745614035087,3.510856807511737
2014-01-22,38.646271929824564,26.817105263157895,13.001535087719297,4.282675438596492,7.392324561403508,3.5142773892773893
2014-01-23,38.646271929824564,26.817105263157895,13.001535087719297,4.282675438596492,7.392324561403508,3.5142773892773893
2014-01-24,38.646271929824564,26.817105263157895,13.001535087719297,4.282675438596492,7.392324561403508,3.5142773892773893
2014-01-25,38.65589270008795,26.813984168865435,12.998900615655232,4.286059806508356,7.3933597185576065,3.5142773892773893
2014-01-26,38.66206140350877,26.811842105263157,12.988377192982455,4.287938596491228,7.397587719298245,3.5176504629629632
2014-01-27,38.668197725284344,26.811023622047244,12.979221347331583,4.288495188101487,7.400481189851268,3.520977011494253
2014-01-28,38.66995614035088,26.810526315789474,12.979166666666666,4.2918859649122805,7.398903508771929,3.520977011494253
2014-01-29,38.67607174103237,26.804461942257216,12.972659667541556,4.292432195975503,7.4024496937882756,3.5276826484018264
2014-01-30,38.68048245614035,26.798684210526314,12.969956140350876,4.295833333333333,7.403508771929824,3.5276826484018264
2014-01-31,38.69050743657043,26.796587926509186,12.96084864391951,4.295056867891514,7.406386701662291,3.530895691609977
2014-02-01,38.69758771929825,26.79605263157895,12.958114035087718,4.298464912280702,7.404824561403508,3.530895691609977
2014-02-02,38.706255468066495,26.791338582677167,12.947725284339457,4.297681539807524,7.411636045494312,3.534065315315315
2014-02-03,38.713568935427574,26.786649214659686,12.93869982547993,4.296902268760908,7.415794066317626,3.543903803131991
2014-02-04,38.71544181977253,26.788713910761153,12.93853893263342,4.3029308836395455,7.411636045494312,3.543903803131991
2014-02-05,38.72404013961606,26.781413612565444,12.930846422338568,4.302137870855149,7.415794066317626,3.5469444444444442
2014-02-06,38.73712914485166,26.776178010471206,12.912521815008725,4.304755671902269,7.421029668411866,3.556567328918322
2014-02-07,38.73712914485166,26.776178010471206,12.912521815008725,4.304755671902269,7.421029668411866,3.556567328918322
2014-02-08,38.746937882764655,26.77296587926509,12.909667541557305,4.308180227471566,7.422134733158354,3.556567328918322
2014-02-09,38.7554537521815,26.76832460732984,12.902050610820243,4.307373472949389,7.426265270506107,3.559484649122807
2014-02-10,38.7554537521815,26.76832460732984,12.902050610820243,4.307373472949389,7.426265270506107,3.559484649122807
2014-02-11,38.765924956369986,26.767015706806284,12.88568935427574,4.309336823734729,7.430846422338568,3.568899782135076
2014-02-12,38.77377835951135,26.76178010471204,12.87260034904014,4.31195462478185,7.4386998254799295,3.5716991341991338
2014-02-13,38.77377835951135,26.76178010471204,12.87260034904014,4.31195462478185,7.4386998254799295,3.5716991341991338
2014-02-14,38.77377835951135,26.76178010471204,12.87260034904014,4.31195462478185,7.4386998254799295,3.5716991341991338
2014-02-15,38.7836832895888,26.761154855643046,12.867016622922135,4.315398075240595,7.437226596675415,3.5716991341991338
2014-02-16,38.78948516579407,26.75392670157068,12.862129144851657,4.31457242582897,7.4439354275741705,3.5809139784946233
2014-02-17,38.79525674499565,26.74934725848564,12.854656222802436,4.313751087902524,7.450609225413402,3.5900106837606836
2014-02-18,38.79733856893543,26.75130890052356,12.851657940663175,4.317190226876091,7.4491710296684115,3.5900106837606836
2014-02-19,38.80519197207679,26.740837696335078,12.841186736474693,4.319808027923211,7.457024432809773,3.5989915074309975
2014-02-20,38.80831157528286,26.740208877284594,12.835073977371627,4.318973020017407,7.461053089643167,3.6078586497890295
2014-02-21,38.81922743055556,26.733072916666668,12.827690972222221,4.318142361111112,7.4676649305555545,3.610324947589098
2014-02-22,38.829199303742385,26.72976501305483,12.824630113141861,4.321583986074848,7.468885987815491,3.610324947589098
2014-02-23,38.83485243055556,26.72265625,12.817274305555555,4.320746527777778,7.4754774305555545,3.6190104166666663
2014-02-24,38.83485243055556,26.72265625,12.817274305555555,4.320746527777778,7.4754774305555545,3.6190104166666663
2014-02-25,38.84461805555556,26.719401041666668,12.805555555555555,4.323350694444445,7.478081597222221,3.629140786749482
2014-02-26,38.85021645021645,26.707142857142856,12.798268398268398,4.325108225108226,7.484632034632034,3.637602880658436
2014-02-27,38.85763888888889,26.698567708333332,12.795138888888888,4.328559027777778,7.485894097222221,3.637602880658436
2014-02-28,38.86060606060606,26.696753246753246,12.787878787878787,4.327705627705628,7.489826839826839,3.6459611451942737
2014-03-01,38.86805555555556,26.693359375,12.784722222222221,4.331163194444445,7.4911024305555545,3.6459611451942737
2014-03-02,38.870995670995676,26.686363636363637,12.777489177489176,4.33030303030303,7.497619047619047,3.6542174796747964
2014-03-03,38.870995670995676,26.686363636363637,12.777489177489176,4.33030303030303,7.497619047619047,3.6542174796747964
2014-03-04,38.88398268398269,26.682467532467534,12.767099567099566,4.332900432900433,7.498917748917748,3.6623737373737373
2014-03-05,38.88687392055268,26.670336787564768,12.75993091537133,4.332037996545769,7.507987910189982,3.6764558232931726
2014-03-06,38.89982728842833,26.65479274611399,12.75474956822107,4.334628670120899,7.513169257340241,3.678393213572854
2014-03-07,38.89982728842833,26.65479274611399,12.75474956822107,4.334628670120899,7.513169257340241,3.678393213572854
2014-03-08,38.90995670995671,26.653896103896106,12.75151515151515,4.3354978354978355,7.511904761904761,3.678393213572854
2014-03-09,38.917962003454235,26.644430051813472,12.744386873920552,4.332037996545769,7.5183506044905,3.6862599206349205
2014-03-10,38.917962003454235,26.644430051813472,12.744386873920552,4.332037996545769,7.5183506044905,3.6862599206349205
2014-03-11,38.932210708117445,26.637953367875646,12.730138169257339,4.333981001727116,7.519645941278065,3.6969921104536487
2014-03-12,38.94516407599309,26.627590673575128,12.717184801381691,4.333981001727116,7.524827288428324,3.704656862745098
2014-03-13,38.94516407599309,26.627590673575128,12.717184801381691,4.333981001727116,7.524827288428324,3.704656862745098
2014-03-14,38.950473729543496,26.623385012919897,12.710163652024116,4.333118001722653,7.531223083548664,3.7063840155945416
2014-03-15,38.96070811744387,26.61981865284974,12.704231433506044,4.333981001727116,7.532599309153713,3.7063840155945416
2014-03-16,38.96597760551249,26.613049095607234,12.699827734711455,4.333118001722653,7.53897502153316,3.7139050387596897
2014-03-17,38.97366148531952,26.606865284974095,12.693868739205525,4.333981001727116,7.540371329879101,3.7139050387596897
2014-03-18,38.986614853195164,26.601683937823836,12.686096718480137,4.333981001727116,7.542962003454231,3.721339113680154
2014-03-19,38.99181739879415,26.595391903531436,12.678294573643411,4.333979328165374,7.5484496124031,3.7286877394636013
2014-03-20,38.99956822107082,26.589162348877373,12.674870466321243,4.337435233160622,7.549870466321243,3.7286877394636013
2014-03-21,38.99956822107082,26.589162348877373,12.674870466321243,4.337435233160622,7.549870466321243,3.7286877394636013
2014-03-22,39.00865800865801,26.590692640692637,12.674025974025975,4.33961038961039,7.548701298701299,3.7286877394636013
2014-03-23,39.01381692573403,26.586571675302245,12.667098445595855,4.336139896373057,7.555051813471502,3.735952380952381
2014-03-24,39.02164502164502,26.58030303030303,12.663636363636364,4.337012987012987,7.5590909090909095,3.735952380952381
2014-03-25,39.03211805555556,26.579210069444443,12.66015625,4.340494791666667,7.560546875,3.735952380952381
2014-03-26,39.03722943722944,26.57251082251082,12.653246753246753,4.33961038961039,7.566883116883117,3.7431344696969693
2014-03-27,39.03722943722944,26.57251082251082,12.653246753246753,4.33961038961039,7.566883116883117,3.7431344696969693
2014-03-28,39.04231433506045,26.568436960276337,12.646373056994818,4.337435233160622,7.57059585492228,3.7502354048964217
2014-03-29,39.05021645021645,26.56991341991342,12.645454545454545,4.338311688311689,7.572077922077922,3.7502354048964217
2014-03-30,39.063203463203465,26.57251082251082,12.645454545454545,4.333116883116883,7.577272727272727,3.7572565543071157
2014-03-31,39.063203463203465,26.57251082251082,12.645454545454545,4.333116883116883,7.577272727272727,3.7572565543071157
2014-04-01,39.07878787878788,26.563419913419914,12.64025974025974,4.330519480519481,7.582467532467533,3.7641992551210426
2014-04-02,39.086355785837654,26.554188255613123,12.630829015544041,4.329663212435233,7.588730569948186,3.7766203703703702
2014-04-03,39.10189982728843,26.551597582037996,12.620466321243523,4.3322538860103625,7.596502590673575,3.783379373848987
2014-04-04,39.10189982728843,26.551597582037996,12.620466321243523,4.3322538860103625,7.596502590673575,3.783379373848987
2014-04-05,39.112554112554115,26.5530303030303,12.622077922077922,4.333116883116883,7.598051948051948,3.783379373848987
2014-04-06,39.125541125541126,26.545238095238094,12.614285714285714,4.330519480519481,7.605844155844156,3.7955586080586077
2014-04-07,39.125541125541126,26.545238095238094,12.614285714285714,4.330519480519481,7.605844155844156,3.7955586080586077
2014-04-08,39.141774891774894,26.53874458874459,12.606493506493507,4.32987012987013,7.613636363636363,3.8076047358834244
2014-04-09,39.149179620034545,26.529576856649395,12.599740932642487,4.329015544041451,7.619818652849741,3.814085144927536
2014-04-10,39.149179620034545,26.529576856649395,12.599740932642487,4.329015544041451,7.619818652849741,3.814085144927536
2014-04-11,39.15396210163652,26.525624461670972,12.593023255813954,4.328165374677003,7.625968992248062,3.8150900900900897
2014-04-12,39.16731433506045,26.524395509499136,12.591968911917098,4.329015544041451,7.6275906735751295,3.8150900900900897
2014-04-13,39.185449050086355,26.516623488773746,12.578151986183075,4.328151986183075,7.637953367875648,3.8268369175627237
2014-04-14,39.188845822566755,26.508828596037898,12.57149009474591,4.329888027562446,7.64405684754522,3.83578431372549
2014-04-15,39.204349698535744,26.506244616709733,12.566322136089578,4.327304048234281,7.651808785529716,3.84729609929078
2014-04-16,39.20768900343643,26.503006872852232,12.560996563573884,4.3271048109965635,7.655283505154639,3.8560405643738975
2014-04-17,39.21856158484066,26.49655469422911,12.557278208441,4.330534022394488,7.659560723514212,3.8560405643738975
2014-04-18,39.21856158484066,26.49655469422911,12.557278208441,4.330534022394488,7.659560723514212,3.8560405643738975
2014-04-19,39.22949050086356,26.497841105354055,12.556131260794475,4.328799654576857,7.661269430051814,3.8560405643738975
2014-04-20,39.23148148148148,26.493970714900946,12.549526270456504,4.3279500430663225,7.6647286821705425,3.8673245614035086
2014-04-21,39.23985319516408,26.492659758203796,12.548359240069086,4.328799654576857,7.666450777202073,3.8673245614035086
2014-04-22,39.2482683982684,26.496536796536795,12.54978354978355,4.3296536796536795,7.665584415584416,3.8673245614035086
2014-04-23,39.26645021645022,26.486796536796536,12.540043290043291,4.33030303030303,7.6746753246753245,3.8732547993019195
2014-04-24,39.26645021645022,26.486796536796536,12.540043290043291,4.33030303030303,7.6746753246753245,3.8732547993019195
2014-04-25,39.270941278065635,26.482944732297064,12.53346286701209,4.32944732297064,7.680699481865285,3.879123263888889
2014-04-26,39.28463203463204,26.48160173160173,12.532251082251083,4.327705627705628,7.682467532467532,3.879123263888889
2014-04-27,39.28907599309154,26.475172711571673,12.525690846286702,4.32685664939551,7.688471502590674,3.8849309153713296
2014-04-28,39.28907599309154,26.475172711571673,12.525690846286702,4.32685664939551,7.688471502590674,3.8849309153713296
2014-04-29,39.30440414507772,26.468264248704664,12.514464594127809,4.325777202072539,7.695379965457686,3.8945446735395186
2014-04-30,39.3062015503876,26.467054263565892,12.507967269595179,4.324935400516796,7.698751076658054,3.900213675213675
2014-05-01,39.3062015503876,26.467054263565892,12.507967269595179,4.324935400516796,7.698751076658054,3.900213675213675
2014-05-02,39.3199481865285,26.465673575129532,12.50669257340242,4.325777202072539,7.700561312607945,3.900213675213675
2014-05-03,39.3199481865285,26.465673575129532,12.50669257340242,4.325777202072539,7.700561312607945,3.900213675213675
2014-05-04,39.32170542635659,26.461886304909562,12.500215331610683,4.324935400516796,7.70650301464255,3.9058248299319724
2014-05-05,39.338931955211024,26.454134366925064,12.493324720068907,4.319767441860465,7.714254952627046,3.911379018612521
2014-05-06,39.35017271157167,26.444948186528496,12.492012089810018,4.32059585492228,7.721286701208982,3.911379018612521
2014-05-07,39.35443583118001,26.436046511627907,12.485572782084411,4.319767441860465,7.727174849267874,3.9168771043771042
2014-05-08,39.37089810017271,26.42681347150259,12.48424006908463,4.31800518134715,7.734240069084629,3.9168771043771042
2014-05-09,39.37252368647717,26.42312661498708,12.48040482342808,4.3171834625323,7.7400947459087,3.917294807370184
2014-05-10,39.383851468048356,26.42163212435233,12.4816493955095,4.3154145077720205,7.7446027633851475,3.917294807370184
2014-05-11,39.385443583118,26.41795865633075,12.477820844099915,4.314599483204135,7.747846683893196,3.922708333333333
2014-05-12,39.401986183074264,26.403497409326423,12.473877374784111,4.3154145077720205,7.752374784110536,3.922708333333333
2014-05-13,39.420984455958546,26.39378238341969,12.467832469775477,4.311528497409326,7.761873920552677,3.929311774461028
2014-05-14,39.4410621761658,26.38082901554404,12.463298791019,4.307642487046632,7.769645941278066,3.9383250825082508
2014-05-15,39.453896103896106,26.37142857142857,12.460606060606063,4.307142857142857,7.7755411255411255,3.9383250825082508
2014-05-16,39.45272020725388,26.370466321243523,12.456822107081177,4.306347150259067,7.778713298791019,3.948481116584565
2014-05-17,39.45272020725388,26.370466321243523,12.456822107081177,4.306347150259067,7.778713298791019,3.948481116584565
2014-05-18,39.451550387596896,26.36692506459948,12.450473729543498,4.308139534883721,7.784453057708872,3.958537581699346
2014-05-19,39.46963824289406,26.35142118863049,12.440137812230837,4.305555555555555,7.794788975021533,3.9636178861788616
2014-05-20,39.4889896373057,26.349740932642487,12.43868739205527,4.303756476683938,7.799438687392056,3.9636178861788616
2014-05-21,39.49031007751938,26.343669250645995,12.432385874246341,4.302971576227391,7.805124892334195,3.9735032362459544
2014-05-22,39.49031007751938,26.343669250645995,12.432385874246341,4.302971576227391,7.805124892334195,3.9735032362459544
2014-05-23,39.49031007751938,26.343669250645995,12.432385874246341,4.302971576227391,7.805124892334195,3.9735032362459544
2014-05-24,39.50712435233161,26.33678756476684,12.43350604490501,4.301165803108808,7.809801381692574,3.9735032362459544
2014-05-25,39.50581395348837,26.330749354005167,12.42721791559001,4.302971576227391,7.815460809646857,3.98329307568438
2014-05-26,39.520941278065635,26.320379965457683,12.423143350604493,4.302029360967184,7.823618307426599,3.98329307568438
2014-05-27,39.535189982728845,26.3087219343696,12.415371329879104,4.299438687392055,7.8352763385146815,3.992988782051282
2014-05-28,39.535189982728845,26.3087219343696,12.415371329879104,4.299438687392055,7.8352763385146815,3.992988782051282
2014-05-29,39.535189982728845,26.3087219343696,12.415371329879104,4.299438687392055,7.8352763385146815,3.992988782051282
2014-05-30,39.535189982728845,26.3087219343696,12.415371329879104,4.299438687392055,7.8352763385146815,3.992988782051282
2014-05-31,39.554761904761904,26.299134199134198,12.413852813852815,4.2976190476190474,7.840043290043291,3.992988782051282
2014-06-01,39.55332469775475,26.295768566493955,12.407599309153715,4.296848013816925,7.8456390328152,4.002591706539075
2014-06-02,39.56515151515152,26.28354978354978,12.406060606060608,4.295021645021645,7.8530303030303035,4.002591706539075
2014-06-03,39.58073593073593,26.280952380952378,12.3982683982684,4.291125541125541,7.858225108225109,4.012103174603174
2014-06-04,39.57664075993092,26.272452504317787,12.392055267702938,4.290371329879101,7.8637737478411065,4.031003159557661
2014-06-05,39.588298791019,26.25690846286701,12.386873920552679,4.286485319516407,7.874136442141625,4.040290880503145
2014-06-06,39.588298791019,26.25690846286701,12.386873920552679,4.286485319516407,7.874136442141625,4.040290880503145
2014-06-07,39.605411255411255,26.249783549783547,12.387878787878789,4.282034632034632,7.876406926406927,4.040290880503145
2014-06-08,39.60384283246978,26.24654576856649,12.38169257340242,4.278713298791018,7.881908462867013,4.054186228482003
2014-06-09,39.615800865800864,26.234199134199134,12.37748917748918,4.276839826839827,7.8893939393939405,4.054186228482003
2014-06-10,39.63172743055556,26.230902777777775,12.372612847222223,4.274305555555555,7.894314236111112,4.054186228482003
2014-06-11,39.630086580086584,26.224458874458872,12.366450216450218,4.274242424242424,7.898484848484849,4.069119937694704
2014-06-12,39.64474826388889,26.215928819444443,12.363498263888891,4.272352430555555,7.904730902777779,4.069119937694704
2014-06-13,39.64474826388889,26.215928819444443,12.363498263888891,4.272352430555555,7.904730902777779,4.069119937694704
2014-06-14,39.659486510008705,26.206048738033072,12.361836379460401,4.270452567449956,7.9097040905134905,4.069119937694704
2014-06-15,39.67254134029591,26.190382941688423,12.354003481288078,4.267841601392515,7.920147954743256,4.078100775193798
2014-06-16,39.67209201388889,26.18728298611111,12.350477430555557,4.267144097222222,7.921657986111112,4.086998456790123
2014-06-17,39.68511284722222,26.176866319444443,12.342664930555557,4.267144097222222,7.929470486111112,4.10042242703533
2014-06-18,39.68511284722222,26.176866319444443,12.342664930555557,4.267144097222222,7.929470486111112,4.10042242703533
2014-06-19,39.68511284722222,26.176866319444443,12.342664930555557,4.267144097222222,7.929470486111112,4.10042242703533
2014-06-20,39.68463203463204,26.175108225108225,12.33917748917749,4.266450216450216,7.92965367965368,4.109136085626911
2014-06-21,39.69943576388889,26.162543402777775,12.337456597222223,4.264539930555555,7.9346788194444455,4.109136085626911
2014-06-22,39.69761904761905,26.159523809523808,12.331385281385282,4.263852813852814,7.937445887445889,4.1223363774733635
2014-06-23,39.71190476190476,26.146536796536793,12.323593073593075,4.261255411255411,7.947835497835499,4.130871212121212
2014-06-24,39.71969696969697,26.14134199134199,12.320995670995673,4.263852813852814,7.953030303030304,4.1393288084464555
2014-06-25,39.73528138528139,26.123160173160173,12.310606060606062,4.263852813852814,7.958225108225109,4.152214714714715
2014-06-26,39.73528138528139,26.123160173160173,12.310606060606062,4.263852813852814,7.958225108225109,4.152214714714715
2014-06-27,39.733376511226254,26.120250431778928,12.307210708117445,4.2605785837651124,7.9609240069084635,4.160500747384155
2014-06-28,39.7482683982684,26.11277056277056,12.302813852813854,4.258658008658008,7.966017316017317,4.160500747384155
2014-06-29,39.74892055267703,26.10988773747841,12.296848013816927,4.255397236614853,7.968696027633852,4.173177083333333
2014-06-30,39.76446459412781,26.09952504317789,12.286485319516409,4.254101899827289,7.976468048359241,4.1812962962962965
2014-07-01,39.77424242424242,26.09978354978355,12.284632034632036,4.254761904761905,7.97900432900433,4.1812962962962965
2014-07-02,39.777417962003454,26.091753022452504,12.27871329879102,4.254101899827289,7.9816493955095,4.193768436578171
2014-07-03,39.785189982728845,26.081390328151986,12.273531951640761,4.254101899827289,7.989421416234888,4.197320117474303
2014-07-04,39.785189982728845,26.081390328151986,12.273531951640761,4.254101899827289,7.989421416234888,4.197320117474303
2014-07-05,39.80021645021645,26.073809523809523,12.271645021645023,4.252164502164502,7.991991341991342,4.197320117474303
2014-07-06,39.80073402417962,26.071027633851468,12.265759930915372,4.2489205526770295,7.9946027633851475,4.205226608187134
2014-07-07,39.81060606060606,26.063419913419914,12.261255411255412,4.249567099567099,7.999783549783551,4.205226608187134
2014-07-08,39.82099567099567,26.059523809523807,12.252164502164504,4.246969696969697,8.007575757575758,4.210880640465793
2014-07-09,39.82405008635579,26.051597582037996,12.248920552677031,4.24373920552677,8.010146804835925,4.218659420289855
2014-07-10,39.836580086580085,26.04134199134199,12.244372294372296,4.244372294372294,8.015367965367966,4.218659420289855
2014-07-11,39.836580086580085,26.04134199134199,12.244372294372296,4.244372294372294,8.015367965367966,4.218659420289855
2014-07-12,39.84917534722222,26.033637152777775,12.242404513888891,4.242404513888888,8.020616319444445,4.218659420289855
2014-07-13,39.8495670995671,26.030952380952378,12.239177489177491,4.239177489177489,8.023160173160173,4.222041847041847
2014-07-14,39.862554112554115,26.016233766233768,12.230519480519481,4.236147186147186,8.030952380952382,4.2297054597701145
2014-07-15,39.87261284722222,26.013671875,12.231119791666666,4.236762152777778,8.033637152777779,4.2297054597701145
2014-07-16,39.87489177489178,26.008441558441557,12.227922077922077,4.234199134199135,8.035497835497836,4.237303290414879
2014-07-17,39.87489177489178,26.008441558441557,12.227922077922077,4.234199134199135,8.035497835497836,4.237303290414879
2014-07-18,39.87651122625216,26.00582901554404,12.223445595854923,4.232297063903282,8.039291882556132,4.238425925925926
2014-07-19,39.88658008658009,25.99805194805195,12.224025974025974,4.232900432900433,8.041991341991343,4.238425925925926
2014-07-20,39.88687392055268,25.998056994818654,12.218264248704664,4.229706390328152,8.04447322970639,4.241666666666666
2014-07-21,39.88687392055268,25.998056994818654,12.218264248704664,4.229706390328152,8.04447322970639,4.241666666666666
2014-07-22,39.8972366148532,25.99417098445596,12.211787564766839,4.227115716753023,8.04965457685665,4.244879943502824
2014-07-23,39.9153713298791,25.973445595854923,12.198834196891191,4.225172711571675,8.058721934369604,4.250175808720113
2014-07-24,39.9153713298791,25.973445595854923,12.198834196891191,4.225172711571675,8.058721934369604,4.250175808720113
2014-07-25,39.9153713298791,25.973445595854923,12.198834196891191,4.225172711571675,8.058721934369604,4.250175808720113
2014-07-26,39.92554112554113,25.965584415584416,12.196753246753246,4.223160173160173,8.061471861471862,4.250175808720113
2014-07-27,39.92832469775475,25.963082901554404,12.191062176165802,4.219991364421417,8.066493955094993,4.253326330532213
2014-07-28,39.93852813852814,25.9525974025974,12.18896103896104,4.217965367965368,8.071861471861473,4.253326330532213
2014-07-29,39.94891774891775,25.948701298701298,12.182467532467532,4.2140692640692645,8.079653679653681,4.256450488145049
2014-07-30,39.95682210708117,25.938471502590673,12.17681347150259,4.2109240069084635,8.0846286701209,4.259548611111111
2014-07-31,39.95682210708117,25.938471502590673,12.17681347150259,4.2109240069084635,8.0846286701209,4.259548611111111
2014-08-01,39.95682210708117,25.938471502590673,12.17681347150259,4.2109240069084635,8.0846286701209,4.259548611111111
2014-08-02,39.96709956709957,25.933116883116885,12.172077922077921,4.211471861471861,8.087445887445888,4.259548611111111
2014-08-03,39.972366148531954,25.930699481865286,12.166450777202073,4.208333333333334,8.089810017271159,4.26262102351314
2014-08-04,39.98528138528139,25.92012987012987,12.161688311688312,4.208874458874459,8.095238095238097,4.26262102351314
2014-08-05,39.9982683982684,25.917532467532467,12.152597402597403,4.206277056277057,8.101731601731602,4.263601928374656
2014-08-06,40.006044905008636,25.912564766839377,12.14443005181347,4.205742659758204,8.10405872193437,4.266632373113855
2014-08-07,40.01899827288428,25.90479274611399,12.136658031088082,4.200561312607945,8.111830742659759,4.269637978142077
2014-08-08,40.01899827288428,25.90479274611399,12.136658031088082,4.200561312607945,8.111830742659759,4.269637978142077
2014-08-09,40.03203463203463,25.896753246753246,12.134415584415585,4.198484848484848,8.114718614718615,4.269637978142077
2014-08-10,40.03454231433506,25.89961139896373,12.126295336787564,4.195379965457686,8.117012089810018,4.272619047619048
2014-08-11,40.04502164502165,25.894155844155843,12.11883116883117,4.195887445887446,8.122510822510824,4.272619047619048
2014-08-12,40.05685763888889,25.889973958333332,12.113932291666666,4.193142361111112,8.125434027777779,4.272619047619048
2014-08-13,40.07248263888889,25.882161458333332,12.10546875,4.189236111111112,8.133246527777779,4.27659214092141
2014-08-14,40.08050478677111,25.87402088772846,12.105744125326371,4.187119234116623,8.13881636205396,4.27659214092141
2014-08-15,40.08050478677111,25.87402088772846,12.105744125326371,4.187119234116623,8.13881636205396,4.27659214092141
2014-08-16,40.0911867364747,25.8684554973822,12.100785340314136,4.18760907504363,8.141797556719023,4.27659214092141
2014-08-17,40.09355961705831,25.871409921671017,12.095300261096606,4.184508268059182,8.144038294168844,4.275472334682862
2014-08-18,40.10689354275742,25.86321989528796,12.087696335078535,4.18499127399651,8.149650959860384,4.275472334682862
2014-08-19,40.11212914485166,25.86321989528796,12.082460732984293,4.179755671902269,8.154886561954626,4.274361559139785
2014-08-20,40.11531766753699,25.862271540469973,12.077023498694517,4.1771105308964325,8.156222802436902,4.279283801874164
2014-08-21,40.11531766753699,25.862271540469973,12.077023498694517,4.1771105308964325,8.156222802436902,4.279283801874164
2014-08-22,40.11762152777778,25.860026041666668,12.071614583333334,4.176649305555556,8.15842013888889,4.278166666666667
2014-08-23,40.128372497824195,25.85443864229765,12.069190600522193,4.174499564838991,8.161444734551784,4.278166666666667
2014-08-24,40.130642361111114,25.854817708333332,12.063802083333334,4.174045138888889,8.163628472222223,4.277058432934927
2014-08-25,40.141427328111405,25.846605744125327,12.058746736292429,4.174499564838991,8.169277632724109,4.277058432934927
2014-08-26,40.14441535776615,25.846204188481675,12.056282722513089,4.1749563699825485,8.172338568935428,4.277058432934927
2014-08-27,40.15750436300175,25.831806282722514,12.048429319371728,4.172993019197208,8.18084642233857,4.279927248677249
2014-08-28,40.15750436300175,25.831806282722514,12.048429319371728,4.172993019197208,8.18084642233857,4.279927248677249
2014-08-29,40.16231505657093,25.82963446475196,12.040469973890339,4.169930374238469,8.182985204525675,4.282773386034256
2014-08-30,40.17321116928447,25.823952879581153,12.035340314136125,4.170375218150087,8.18608202443281,4.282773386034256
2014-08-31,40.18059181897302,25.824412532637076,12.027415143603132,4.167319408181028,8.188207136640557,4.285597112860892
2014-09-01,40.18891797556719,25.81871727748691,12.022251308900524,4.167757417102967,8.193935427574171,4.285597112860892
2014-09-02,40.191535776614316,25.816099476439792,12.014397905759163,4.165139616055847,8.199171029668411,4.292320261437909
2014-09-03,40.19364664926023,25.81135770234987,12.009138381201044,4.162097476066145,8.203872932985204,4.295084635416667
2014-09-04,40.204090513489994,25.79569190600522,12.001305483028721,4.159486510008704,8.21431679721497,4.305609597924773
2014-09-05,40.208767361111114,25.793619791666668,11.993489583333334,4.156467013888889,8.216362847222223,4.312177002583979
2014-09-06,40.21453437771976,25.79308093994778,11.988250652741515,4.156875543951262,8.219538729329852,4.312177002583979
2014-09-07,40.21918402777778,25.791015625,11.98046875,4.153862847222222,8.224175347222223,4.318693693693694
2014-09-08,40.21918402777778,25.791015625,11.98046875,4.153862847222222,8.224175347222223,4.318693693693694
2014-09-09,40.22497824194952,25.79046997389034,11.98041775456919,4.15165361183638,8.224760661444735,4.318693693693694
2014-09-10,40.237380330722374,25.774804177545693,11.972584856396868,4.149695387293299,8.229982593559617,4.327083333333333
2014-09-11,40.243237347294944,25.774214659685864,11.969895287958115,4.147469458987784,8.235820244328098,4.327083333333333
2014-09-12,40.243237347294944,25.774214659685864,11.969895287958115,4.147469458987784,8.235820244328098,4.327083333333333
2014-09-13,40.25174978127735,25.770997375328083,11.96719160104987,4.145231846019248,8.236439195100612,4.327083333333333
2014-09-14,40.25370855148342,25.768979057591622,11.959424083769633,4.142233856893543,8.238438045375219,4.337324393358877
2014-09-15,40.2648731408574,25.757874015748033,11.954068241469816,4.139982502187227,8.244313210848643,4.337324393358877
2014-09-16,40.272747156605426,25.75,11.946194225721785,4.1367016622922135,8.250218722659667,4.3474872773536894
2014-09-17,40.27465095986039,25.74738219895288,11.93979057591623,4.135034904013962,8.25152705061082,4.356622306717364
2014-09-18,40.28193350831146,25.73753280839895,11.938320209973753,4.1353893263342085,8.256124234470692,4.356622306717364
2014-09-19,40.28193350831146,25.73753280839895,11.938320209973753,4.1353893263342085,8.256124234470692,4.356622306717364
2014-09-20,40.2905701754386,25.73421052631579,11.935526315789474,4.133114035087719,8.256798245614036,4.356622306717364
2014-09-21,40.2898075240595,25.73228346456693,11.927821522309712,4.130139982502188,8.258748906386701,4.37042297979798
2014-09-22,40.30109649122807,25.725,11.926315789473684,4.130482456140351,8.260745614035088,4.37042297979798
2014-09-23,40.30424321959755,25.71784776902887,11.917322834645669,4.126202974628172,8.262685914260718,4.389779874213837
2014-09-24,40.30555555555556,25.6994750656168,11.914698162729659,4.123578302712161,8.26793525809274,4.403352130325815
2014-09-25,40.30555555555556,25.6994750656168,11.914698162729659,4.123578302712161,8.26793525809274,4.403352130325815
2014-09-26,40.30475567190227,25.698952879581153,11.908376963350785,4.1206369982548,8.269851657940663,4.414950062421973
2014-09-27,40.31342957130359,25.69291338582677,11.908136482939632,4.118328958880141,8.27055993000875,4.414950062421973
2014-09-28,40.31260907504363,25.691099476439792,11.900523560209423,4.112783595113439,8.275087260034905,4.428327114427861
2014-09-29,40.31915357766143,25.67801047120419,11.900523560209423,4.107547993019198,8.281631762652706,4.443463444857497
2014-09-30,40.33048993875766,25.666666666666668,11.9002624671916,4.107830271216098,8.284995625546808,4.443463444857497
2014-10-01,40.3409886264217,25.64566929133858,11.89238845144357,4.102580927384078,8.290244969378827,4.46033950617284
2014-10-02,40.342713787085515,25.641361256544503,11.884816753926701,4.097076788830716,8.294720767888307,4.477091020910209
2014-10-03,40.342713787085515,25.641361256544503,11.884816753926701,4.097076788830716,8.294720767888307,4.477091020910209
2014-10-04,40.348862642169735,25.62992125984252,11.88713910761155,4.097331583552056,8.295494313210849,4.477091020910209
2014-10-05,40.361986001749784,25.611548556430446,11.881889763779528,4.092082239720035,8.30074365704287,4.493719362745098
2014-10-06,40.361986001749784,25.611548556430446,11.881889763779528,4.092082239720035,8.30074365704287,4.493719362745098
2014-10-07,40.37182852143482,25.594488188976378,11.876640419947506,4.087489063867017,8.304680664916885,4.506562881562882
2014-10-08,40.37182852143482,25.594488188976378,11.876640419947506,4.087489063867017,8.304680664916885,4.506562881562882
2014-10-09,40.37182852143482,25.594488188976378,11.876640419947506,4.087489063867017,8.304680664916885,4.506562881562882
2014-10-10,40.37347294938918,25.592931937172775,11.86910994764398,4.0846422338568935,8.303883071553228,4.519312652068127
2014-10-11,40.383944153577666,25.579842931937172,11.863874345549739,4.079406631762653,8.306500872600349,4.531969696969697
2014-10-12,40.383944153577666,25.579842931937172,11.863874345549739,4.079406631762653,8.306500872600349,4.531969696969697
2014-10-13,40.397033158813265,25.558900523560208,11.856020942408376,4.074171029668412,8.311736474694591,4.548158212560387
2014-10-14,40.40332458442695,25.555118110236222,11.855643044619423,4.076990376202975,8.309930008748907,4.548158212560387
2014-10-15,40.408573928258974,25.54461942257218,11.850393700787402,4.074365704286964,8.312554680664917,4.560619735258725
2014-10-16,40.41359649122807,25.53421052631579,11.847368421052632,4.074561403508772,8.31732456140351,4.560619735258725
2014-10-17,40.41359649122807,25.53421052631579,11.847368421052632,4.074561403508772,8.31732456140351,4.560619735258725
2014-10-18,40.41996481970097,25.525065963060687,11.846965699208443,4.074758135444152,8.31816182937555,4.560619735258725
2014-10-19,40.42412280701755,25.521052631578947,11.839473684210526,4.071929824561404,8.319956140350877,4.56939448441247
2014-10-20,40.43227792436236,25.5127528583993,11.834652594547055,4.072999120492525,8.322559366754618,4.56939448441247
2014-10-21,40.43201754385965,25.510964912280706,11.828508771929826,4.0697368421052635,8.32390350877193,4.579898446833931
2014-10-22,40.43350831146107,25.506999125109363,11.821084864391953,4.064304461942257,8.32567804024497,4.592113095238095
2014-10-23,40.43350831146107,25.506999125109363,11.821084864391953,4.064304461942257,8.32567804024497,4.592113095238095
2014-10-24,40.43368237347295,25.508289703315885,11.815008726003493,4.060209424083769,8.326134380453752,4.600682087781732
2014-10-25,40.44006999125109,25.499125109361334,11.811898512685916,4.060367454068241,8.326990376202975,4.600682087781732
2014-10-26,40.44153577661431,25.4978184991274,11.80453752181501,4.057591623036649,8.328752181500873,4.605644208037825
2014-10-27,40.44794400699912,25.48600174978128,11.798775153105863,4.057742782152231,8.334864391951006,4.605644208037825
2014-10-28,40.45844269466316,25.48075240594926,11.78565179352581,4.05511811023622,8.337489063867016,4.61763839811543
2014-10-29,40.46106736657918,25.462379702537184,11.775153105861769,4.0498687664042,8.345363079615048,4.629548122065728
2014-10-30,40.46106736657918,25.462379702537184,11.775153105861769,4.0498687664042,8.345363079615048,4.629548122065728
2014-10-31,40.46106736657918,25.462379702537184,11.775153105861769,4.0498687664042,8.345363079615048,4.629548122065728
2014-11-01,40.46754385964912,25.45043859649123,11.774561403508773,4.05,8.34890350877193,4.629548122065728
2014-11-02,40.46894138232721,25.449256342957135,11.767279090113737,4.047244094488189,8.35061242344707,4.637865497076024
2014-11-03,40.47543859649122,25.43728070175439,11.76140350877193,4.044736842105263,8.356798245614035,4.637865497076024
2014-11-04,40.47933157431838,25.435795954265615,11.755496921723836,4.044854881266491,8.35773966578716,4.637865497076024
2014-11-05,40.48070175438596,25.430701754385968,11.749561403508773,4.041447368421053,8.359429824561404,4.649621212121213
2014-11-06,40.4859649122807,25.417543859649125,11.741666666666669,4.038815789473684,8.367324561403509,4.65781068524971
2014-11-07,40.4859649122807,25.417543859649125,11.741666666666669,4.038815789473684,8.367324561403509,4.65781068524971
2014-11-08,40.489885664028144,25.410729991204928,11.738346525945472,4.038918205804749,8.370932277924362,4.65781068524971
2014-11-09,40.49780123131046,25.400175901495167,11.725153913808269,4.033641160949868,8.376209322779244,4.665943287037037
2014-11-10,40.49780123131046,25.400175901495167,11.725153913808269,4.033641160949868,8.376209322779244,4.665943287037037
2014-11-11,40.50901495162709,25.389621811785403,11.713940193491647,4.032321899736147,8.380826737027265,4.6774798154555945
2014-11-12,40.51956904133685,25.381706244503082,11.695470536499561,4.029683377308707,8.386103781882147,4.688936781609196
2014-11-13,40.52358906525573,25.37213403880071,11.68672839506173,4.029761904761905,8.39241622574956,4.688936781609196
2014-11-14,40.52484608619173,25.37379067722076,11.682277924362358,4.029761904761905,8.391380826737027,4.696878579610539
2014-11-15,40.53152557319224,25.3641975308642,11.673500881834217,4.029840848806366,8.395061728395062,4.696878579610539
2014-11-16,40.532761653474054,25.360598065083558,11.669085312225155,4.027116402116402,8.39665787159191,4.70476598173516
2014-11-17,40.54331574318382,25.350043975373794,11.655892700087952,4.023148148148148,8.40457343887423,4.712599544937429
2014-11-18,40.55268959435626,25.348324514991184,11.644400352733687,4.023209549071618,8.405643738977073,4.712599544937429
2014-11-19,40.55452946350044,25.34608619173263,11.639401934916448,4.021164021164021,8.405892700087952,4.71952947845805
2014-11-20,40.561287477954146,25.336419753086425,11.6331569664903,4.021220159151194,8.409611992945326,4.71952947845805
2014-11-21,40.56244503078276,25.33817062445031,11.631486367634126,4.018518518518518,8.408531222515391,4.723870056497176
2014-11-22,40.572999120492526,25.33025505716799,11.620932277924364,4.015873015873016,8.408531222515391,4.728181306306307
2014-11-23,40.572999120492526,25.33025505716799,11.620932277924364,4.015873015873016,8.408531222515391,4.728181306306307
2014-11-24,40.58883025505717,25.317062445030786,11.60510114335972,4.0092592592592595,8.417766051011434,4.737514029180696
2014-11-25,40.60202286719437,25.314423922603346,11.586631486367637,4.006613756613756,8.420404573438875,4.7417505592841165
2014-11-26,40.60993843447669,25.29595426561126,11.576077396657872,4.001322751322752,8.428320140721196,4.745958751393534
2014-11-27,40.60993843447669,25.29595426561126,11.576077396657872,4.001322751322752,8.428320140721196,4.745958751393534
2014-11-28,40.6109649122807,25.297807017543864,11.574561403508774,4.001322751322752,8.427192982456141,4.750138888888889
2014-11-29,40.612576956904135,25.29067722075638,11.568161829375551,4.00132625994695,8.430958663148637,4.750138888888889
2014-11-30,40.613596491228066,25.289912280701756,11.564035087719299,3.998677248677249,8.432456140350878,4.757613510520487
2014-12-01,40.62313104661389,25.28012313104662,11.557607739665789,3.9986737400530505,8.436235708003519,4.757613510520487
2014-12-02,40.63236587510994,25.269569041336855,11.544415127528586,3.993368700265252,8.441512752858399,4.7700055187637975
2014-12-03,40.63333333333333,25.26622807017544,11.542982456140352,3.988095238095238,8.442982456140351,4.77406490649065
2014-12-04,40.63333333333333,25.255701754385967,11.537719298245616,3.982804232804233,8.448245614035088,4.781387061403509
2014-12-05,40.63333333333333,25.255701754385967,11.537719298245616,3.982804232804233,8.448245614035088,4.781387061403509
2014-12-06,40.63500439753738,25.24846086191733,11.531222515391383,3.9827586206896552,8.452066842568163,4.781387061403509
2014-12-07,40.63764291996482,25.24054529463501,11.52066842568162,3.980106100795756,8.457343887423043,4.785382513661203
2014-12-08,40.64991181657848,25.230599647266317,11.516754850088185,3.9773936170212765,8.461199294532628,4.785382513661203
2014-12-09,40.65760389036251,25.22192749778957,11.510167992926615,3.9753333333333334,8.464412024756852,4.785382513661203
2014-12-10,40.65850970017637,25.218694885361554,11.508818342151677,3.9700797872340425,8.465828924162258,4.789351851851852
2014-12-11,40.66115520282187,25.202821869488538,11.499559082892418,3.9647606382978724,8.472442680776014,4.799809989142237
2014-12-12,40.66468777484609,25.20228671943712,11.500879507475815,3.9647606382978724,8.471196130167106,4.80370670995671
2014-12-13,40.66644620811287,25.194885361552032,11.496913580246915,3.9646666666666666,8.472442680776014,4.80370670995671
2014-12-14,40.667326297273526,25.194371152154797,11.492963940193492,3.9621010638297873,8.473834652594547,4.807578209277239
2014-12-15,40.667326297273526,25.194371152154797,11.492963940193492,3.9621010638297873,8.473834652594547,4.807578209277239
2014-12-16,40.67040457343887,25.18689533861038,11.484608619173263,3.956781914893617,8.478232189973614,4.8130376344086025
2014-12-17,40.66995614035088,25.1890350877193,11.479385964912282,3.9555702917771884,8.47828947368421,4.820069667738478
2014-12-18,40.66995614035088,25.1890350877193,11.479385964912282,3.9555702917771884,8.47828947368421,4.820069667738478
2014-12-19,40.673447069116364,25.188538932633424,11.475503062117236,3.9555702917771884,8.477034120734908,4.823851495726496
2014-12-20,40.67691972076789,25.188045375218152,11.469022687609076,3.9503968253968256,8.478403141361257,4.83080404685836
2014-12-21,40.67691972076789,25.188045375218152,11.469022687609076,3.9503968253968256,8.478403141361257,4.83080404685836
2014-12-22,40.67691972076789,25.188045375218152,11.469022687609076,3.9503968253968256,8.478403141361257,4.83080404685836
2014-12-23,40.67691972076789,25.188045375218152,11.469022687609076,3.9503968253968256,8.478403141361257,4.83080404685836
2014-12-24,40.67691972076789,25.188045375218152,11.469022687609076,3.9503968253968256,8.478403141361257,4.83080404685836
2014-12-25,40.67607174103237,25.17804024496938,11.467629046369204,3.9502652519893897,8.48490813648294,4.83080404685836
2014-12-26,40.67607174103237,25.17804024496938,11.467629046369204,3.9502652519893897,8.48490813648294,4.83080404685836
2014-12-27,40.67785087719298,25.17324561403509,11.460964912280703,3.950132978723404,8.486184210526316,4.83080404685836
2014-12-28,40.68227792436236,25.165787159190856,11.454265611257696,3.95,8.490105540897098,4.83080404685836
2014-12-29,40.68227792436236,25.165787159190856,11.454265611257696,3.95,8.490105540897098,4.83080404685836
2014-12-30,40.67879188712522,25.166225749559086,11.444885361552029,3.9552139037433154,8.488756613756614,4.83080404685836
2014-12-31,40.67793987621574,25.158709106984972,11.438107869142353,3.9550938337801607,8.495358090185677,4.83080404685836
2015-01-01,40.67793987621574,25.145446507515473,11.430150309460656,3.9497319034852545,8.508620689655173,4.831342887473461
2015-01-02,40.67793987621574,25.145446507515473,11.430150309460656,3.9497319034852545,8.508620689655173,4.831342887473461
2015-01-03,40.677083333333336,25.14317375886525,11.42331560283688,3.952284946236559,8.50997340425532,4.831342887473461
2015-01-04,40.677083333333336,25.14317375886525,11.42331560283688,3.952284946236559,8.50997340425532,4.831342887473461
2015-01-05,40.681555555555555,25.135555555555555,11.413777777777778,3.952156334231806,8.514,4.831342887473461
2015-01-06,40.68022222222223,25.138222222222225,11.400444444444446,3.9494609164420487,8.518,4.839814814814815
2015-01-07,40.68373226950355,25.129875886524825,11.399379432624114,3.9469086021505375,8.521941489361701,4.8403217299578065
2015-01-08,40.68107269503546,25.129875886524825,11.391400709219859,3.944220430107527,8.524601063829786,4.843980021030495
2015-01-09,40.68107269503546,25.129875886524825,11.391400709219859,3.944220430107527,8.524601063829786,4.843980021030495
2015-01-10,40.68107269503546,25.12721631205674,11.380762411347519,3.941532258064516,8.529920212765957,4.850759958071279
2015-01-11,40.68107269503546,25.12721631205674,11.380762411347519,3.941532258064516,8.529920212765957,4.850759958071279
2015-01-12,40.68022222222223,25.122222222222224,11.373777777777779,3.9413746630727764,8.534,4.850759958071279
2015-01-13,40.680704099821746,25.12121212121212,11.366755793226382,3.9398648648648646,8.536764705882353,4.850759958071279
2015-01-14,40.680704099821746,25.107843137254903,11.356060606060607,3.9398648648648646,8.547459893048128,4.854362591431557
2015-01-15,40.686051693404636,25.09180035650624,11.348039215686276,3.935810810810811,8.55548128342246,4.862630208333334
2015-01-16,40.68822222222222,25.09155555555556,11.345777777777778,3.934636118598383,8.554,4.866173416407062
2015-01-17,40.69088888888889,25.083555555555556,11.335111111111113,3.934636118598383,8.559333333333333,4.8728002070393375
2015-01-18,40.69088888888889,25.083555555555556,11.335111111111113,3.934636118598383,8.559333333333333,4.8728002070393375
2015-01-19,40.69095365418895,25.077540106951872,11.325311942959003,3.931756756756757,8.566176470588236,4.8728002070393375
2015-01-20,40.69630124777184,25.073529411764707,11.311942959001783,3.9297297297297296,8.570187165775401,4.877837977296182
2015-01-21,40.701648841354725,25.060160427807485,11.298573975044564,3.927027027027027,8.580882352941176,4.881301440329218
2015-01-22,40.701648841354725,25.060160427807485,11.298573975044564,3.927027027027027,8.580882352941176,4.881301440329218
2015-01-23,40.701648841354725,25.060160427807485,11.298573975044564,3.927027027027027,8.580882352941176,4.881301440329218
2015-01-24,40.701648841354725,25.0548128342246,11.287878787878789,3.927027027027027,8.586229946524064,4.88474358974359
2015-01-25,40.70352993744415,25.044235924932977,11.27792672028597,3.926829268292683,8.593163538873995,4.88474358974359
2015-01-26,40.706996434937615,25.04144385026738,11.27450980392157,3.924324324324324,8.592914438502675,4.891232106339468
2015-01-27,40.7062109025916,25.041554959785522,11.264521894548706,3.924119241192412,8.597184986595174,4.891232106339468
2015-01-28,40.713583556747096,25.028150134048257,11.251787310098303,3.9227642276422765,8.60455764075067,4.894622833843018
2015-01-29,40.713583556747096,25.028150134048257,11.251787310098303,3.9227642276422765,8.60455764075067,4.894622833843018
2015-01-30,40.714349376114086,25.02807486631016,11.253787878787879,3.92027027027027,8.602941176470589,4.897992886178862
2015-01-31,40.714349376114086,25.022727272727273,11.240418894830661,3.9175675675675676,8.61096256684492,4.901342451874367
2015-02-01,40.714349376114086,25.022727272727273,11.240418894830661,3.9175675675675676,8.61096256684492,4.901342451874367
2015-02-02,40.719696969696976,25.012032085561497,11.227049910873442,3.9135135135135135,8.618983957219251,4.90770202020202
2015-02-03,40.713583556747096,25.012064343163537,11.219615728328867,3.915989159891599,8.623324396782841,4.90770202020202
2015-02-04,40.71702317290553,25.00668449197861,11.216354723707665,3.9162162162162164,8.627005347593583,4.907980866062437
2015-02-05,40.719696969696976,25.00133689839572,11.200311942959003,3.9135135135135135,8.632352941176471,4.911270080321286
2015-02-06,40.719696969696976,25.00133689839572,11.200311942959003,3.9135135135135135,8.632352941176471,4.911270080321286
2015-02-07,40.71702317290553,24.99866310160428,11.186942959001783,3.9108108108108106,8.643048128342246,4.911536536536537
2015-02-08,40.71702317290553,24.99866310160428,11.186942959001783,3.9108108108108106,8.643048128342246,4.911536536536537
2015-02-09,40.71894548704201,24.98972296693476,11.176720285969617,3.907859078590786,8.650134048257373,4.911536536536537
2015-02-10,40.717605004468275,24.988382484361036,11.164655942806078,3.9037940379403793,8.654825737265416,4.919286427145709
2015-02-11,40.722966934763186,24.974977658623768,11.151251117068812,3.9037940379403793,8.662868632707776,4.922512437810946
2015-02-12,40.72491039426524,24.961469534050178,11.14359318996416,3.9035326086956523,8.67002688172043,4.922512437810946
2015-02-13,40.72832886505809,24.95889186773905,11.140527256479,3.9010840108401084,8.66823056300268,4.928695436507937
2015-02-14,40.72832886505809,24.953529937444145,11.129803395889187,3.9010840108401084,8.67627345844504,4.931874381800198
2015-02-15,40.72832886505809,24.953529937444145,11.129803395889187,3.9010840108401084,8.67627345844504,4.931874381800198
2015-02-16,40.73028673835126,24.945340501792113,11.119399641577061,3.8980978260869565,8.680779569892474,4.931874381800198
2015-02-17,40.732255166217435,24.945193171608263,11.106244384546272,3.8978201634877383,8.682614555256064,4.931874381800198
2015-02-18,40.73629829290207,24.935759209344113,11.092767295597485,3.8978201634877383,8.68867924528302,4.9350345167652865
2015-02-19,40.73700716845878,24.93727598566308,11.088485663082437,3.900815217391304,8.689516129032258,4.938176007866273
2015-02-20,40.73700716845878,24.93727598566308,11.088485663082437,3.900815217391304,8.689516129032258,4.938176007866273
2015-02-21,40.7396953405018,24.93458781362007,11.072356630824373,3.8980978260869565,8.69489247311828,4.941299019607843
2015-02-22,40.73899371069183,24.931716082659477,11.061769991015275,3.8950953678474116,8.699460916442048,4.941299019607843
2015-02-23,40.73899371069183,24.931716082659477,11.061769991015275,3.8950953678474116,8.699460916442048,4.941299019607843
2015-02-24,40.743036837376465,24.92834681042228,11.048966756513927,3.893732970027248,8.701482479784367,4.946603128054742
2015-02-25,40.74842767295598,24.922955974842765,11.027403414195867,3.896457765667575,8.70687331536388,4.949683235867447
2015-02-26,40.74774774774775,24.91463963963964,11.019369369369368,3.8961748633879782,8.711486486486486,4.949683235867447
2015-02-27,40.74842767295598,24.914869721473494,11.019317160826594,3.893732970027248,8.709568733153638,4.955660835762877
2015-02-28,40.751123090745736,24.90947888589398,11.00314465408805,3.893732970027248,8.712264150943396,4.958696705426357
2015-03-01,40.751123090745736,24.90947888589398,11.00314465408805,3.893732970027248,8.712264150943396,4.958696705426357
2015-03-02,40.753818508535495,24.901392632524708,10.985624438454627,3.888283378746594,8.720350404312669,4.966062801932368
2015-03-03,40.755855855855856,24.90382882882883,10.972072072072072,3.887978142076503,8.722297297297297,4.966062801932368
2015-03-04,40.75855855855856,24.901126126126126,10.95045045045045,3.887978142076503,8.727702702702702,4.971941233140655
2015-03-05,40.75920934411501,24.901392632524708,10.947888589398023,3.888283378746594,8.728436657681941,4.9749039385206535
2015-03-06,40.75920934411501,24.901392632524708,10.947888589398023,3.888283378746594,8.728436657681941,4.9749039385206535
2015-03-07,40.761904761904766,24.893306379155433,10.931716082659479,3.888283378746594,8.731132075471699,4.9807231800766285
2015-03-08,40.761904761904766,24.893306379155433,10.931716082659479,3.888283378746594,8.731132075471699,4.9807231800766285
2015-03-09,40.76396396396397,24.890315315315313,10.918018018018017,3.8852459016393444,8.735810810810811,4.9807231800766285
2015-03-10,40.76671183378501,24.889340560072267,10.906278229448962,3.8794520547945206,8.741869918699187,4.9807231800766285
2015-03-11,40.767342342342346,24.88761261261261,10.9018018018018,3.879781420765027,8.742567567567567,4.985792741165234
2015-03-12,40.77077687443541,24.880532971996384,10.890695573622402,3.877397260273973,8.746612466124661,4.985792741165234
2015-03-13,40.774099099099104,24.87815315315315,10.88963963963964,3.876366120218579,8.747297297297298,4.9886904761904765
2015-03-14,40.7768018018018,24.870045045045043,10.878828828828828,3.873633879781421,8.752702702702702,4.991571699905033
2015-03-15,40.781616982836496,24.86427280939476,10.87037037037037,3.8705479452054794,8.754742547425474,4.991571699905033
2015-03-16,40.78102355072464,24.866621376811594,10.861865942028984,3.8674450549450547,8.75679347826087,4.991571699905033
2015-03-17,40.781616982836496,24.860207768744353,10.858175248419151,3.8664383561643834,8.760162601626016,4.998697916666667
2015-03-18,40.78703703703704,24.84936766034327,10.841915085817524,3.8691780821917807,8.762872628726287,5.00153446647781
2015-03-19,40.788963963963965,24.852477477477475,10.838288288288288,3.8722677595628414,8.760810810810812,5.0043549905838045
2015-03-20,40.788963963963965,24.852477477477475,10.838288288288288,3.8722677595628414,8.760810810810812,5.0043549905838045
2015-03-21,40.79436936936937,24.84707207207207,10.824774774774774,3.8695355191256833,8.766216216216216,5.007159624413146
2015-03-22,40.79436936936937,24.84707207207207,10.824774774774774,3.8695355191256833,8.766216216216216,5.007159624413146
2015-03-23,40.79436936936937,24.84707207207207,10.824774774774774,3.8695355191256833,8.766216216216216,5.007159624413146
2015-03-24,40.79842342342343,24.848423423423423,10.810585585585585,3.8681693989071038,8.767567567567568,5.009246254681648
2015-03-25,40.79842342342343,24.840315315315312,10.799774774774775,3.8709016393442623,8.767567567567568,5.0092203548085905
2015-03-26,40.79842342342343,24.840315315315312,10.799774774774775,3.8709016393442623,8.767567567567568,5.0092203548085905
2015-03-27,40.79896675651393,24.840745732255165,10.800314465408805,3.8685286103542236,8.768194070080863,5.011987895716946
2015-03-28,40.807053009883205,24.838050314465406,10.78414195867026,3.8685286103542236,8.768194070080863,5.0147400185701025
2015-03-29,40.807053009883205,24.838050314465406,10.78414195867026,3.8685286103542236,8.768194070080863,5.0147400185701025
2015-03-30,40.81193693693694,24.834909909909907,10.770045045045045,3.865437158469945,8.772972972972973,5.0147400185701025
2015-03-31,40.815990990991,24.835585585585584,10.759234234234233,3.8586065573770494,8.772972972972973,5.017476851851852
2015-04-01,40.815990990991,24.835585585585584,10.759234234234233,3.8586065573770494,8.772972972972973,5.017476851851852
2015-04-02,40.81328828828829,24.83018018018018,10.747072072072072,3.8586065573770494,8.77972972972973,5.020198522622345
2015-04-03,40.81328828828829,24.83018018018018,10.747072072072072,3.8586065573770494,8.77972972972973,5.020198522622345
2015-04-04,40.815990990991,24.827477477477476,10.733558558558558,3.855874316939891,8.782432432432433,5.020142725598527
2015-04-05,40.815990990991,24.827477477477476,10.733558558558558,3.855874316939891,8.782432432432433,5.020142725598527
2015-04-06,40.81820234869016,24.826106594399278,10.723803071364046,3.851826484018265,8.788166214995483,5.025738688827332
2015-04-07,40.8197463768116,24.825634057971016,10.712182971014492,3.8486721611721615,8.791666666666668,5.025738688827332
2015-04-08,40.82294489611563,24.820686540198736,10.710252935862691,3.8490867579908676,8.79223125564589,5.0284300184162065
2015-04-09,40.82612612612613,24.81846846846847,10.70563063063063,3.846766848816029,8.792792792792794,5.032483930211203
2015-04-10,40.82612612612613,24.81846846846847,10.70563063063063,3.846766848816029,8.792792792792794,5.032483930211203
2015-04-11,40.830180180180186,24.81509009009009,10.69481981981982,3.8447176684881605,8.798873873873875,5.036157024793388
2015-04-12,40.83785004516712,24.811878952122857,10.683152664859982,3.841552511415525,8.806458897922314,5.036256906077348
2015-04-13,40.83785004516712,24.811878952122857,10.683152664859982,3.841552511415525,8.806458897922314,5.036256906077348
2015-04-14,40.83514001806685,24.813233965672993,10.672312556458897,3.836073059360731,8.81323396567299,5.048687845303867
2015-04-15,40.83828828828829,24.811036036036036,10.670495495495494,3.8392531876138434,8.811036036036036,5.0485537190082646
2015-04-16,40.84166666666667,24.804954954954958,10.659009009009008,3.841985428051002,8.817117117117117,5.055440771349862
2015-04-17,40.84209344115005,24.808176100628934,10.657232704402515,3.83969118982743,8.817610062893083,5.058035714285714
2015-04-18,40.84478885893981,24.80278526504942,10.646451033243485,3.83969118982743,8.823000898472596,5.069024725274725
2015-04-19,40.85247747747748,24.79954954954955,10.631981981981982,3.8365209471766852,8.827927927927929,5.074724517906336
2015-04-20,40.85247747747748,24.79954954954955,10.631981981981982,3.8365209471766852,8.827927927927929,5.074724517906336
2015-04-21,40.85788288288288,24.803603603603605,10.62117117117117,3.8324225865209476,8.830630630630631,5.084366391184573
2015-04-22,40.86328828828829,24.7981981981982,10.607657657657656,3.8324225865209476,8.833333333333334,5.09263085399449
2015-04-23,40.869692863595304,24.794941282746162,10.595754290876242,3.827853881278539,8.841011743450768,5.0970303867403315
2015-04-24,40.870045045045046,24.792792792792795,10.596846846846846,3.8283242258652095,8.838738738738739,5.0995179063360885
2015-04-25,40.880855855855856,24.78738738738739,10.583333333333332,3.8255919854280513,8.841441441441441,5.110537190082645
2015-04-26,40.880855855855856,24.78738738738739,10.583333333333332,3.8255919854280513,8.841441441441441,5.110537190082645
2015-04-27,40.888513513513516,24.786486486486485,10.572522522522522,3.82103825136612,8.844594594594595,5.118801652892562
2015-04-28,40.888513513513516,24.786486486486485,10.572522522522522,3.82103825136612,8.844594594594595,5.118801652892562
2015-04-29,40.89150943396226,24.78436657681941,10.570979335130279,3.821525885558583,8.84501347708895,5.115728021978022
2015-04-30,40.89391891891892,24.778378378378378,10.56171171171171,3.818306010928962,8.852702702702702,5.121556473829201
2015-05-01,40.89391891891892,24.778378378378378,10.56171171171171,3.818306010928962,8.852702702702702,5.121556473829201
2015-05-02,40.90176151761518,24.775067750677508,10.549683830171634,3.817808219178082,8.855013550135501,5.13017955801105
2015-05-03,40.91260162601626,24.769647696476966,10.53613369467028,3.815068493150685,8.860433604336043,5.1384668508287294
2015-05-04,40.912837837837834,24.77027027027027,10.533333333333333,3.8128415300546448,8.862162162162162,5.140840220385675
2015-05-05,40.91531165311653,24.775067750677508,10.523938572719059,3.8123287671232875,8.861788617886178,5.149516574585635
2015-05-06,40.920731707317074,24.772357723577237,10.513098464317975,3.8123287671232875,8.86720867208672,5.1522790055248615
2015-05-07,40.923441734417345,24.766260162601625,10.50293586269196,3.8123287671232875,8.872628726287262,5.160566298342541
2015-05-08,40.923441734417345,24.766260162601625,10.50293586269196,3.8123287671232875,8.872628726287262,5.160566298342541
2015-05-09,40.926151761517616,24.763550135501355,10.489385727190605,3.8095890410958906,8.880758807588077,5.168853591160221
2015-05-10,40.926151761517616,24.763550135501355,10.489385727190605,3.8095890410958906,8.880758807588077,5.168853591160221
2015-05-11,40.926151761517616,24.763550135501355,10.489385727190605,3.8095890410958906,8.880758807588077,5.168853591160221
2015-05-12,40.93157181571816,24.75609756097561,10.486675700090334,3.8068493150684932,8.884823848238483,5.1740331491712706
2015-05-13,40.93310810810811,24.755405405405405,10.482657657657656,3.8046448087431695,8.886486486486486,5.176308539944904
2015-05-14,40.93292682926829,24.74932249322493,10.473125564588978,3.804109589041096,8.894308943089431,5.185082872928176
2015-05-15,40.93310810810811,24.75,10.474549549549549,3.8046448087431695,8.897297297297298,5.184573002754821
2015-05-16,40.93310810810811,24.744594594594595,10.466441441441441,3.8046448087431695,8.902702702702703,5.192837465564739
2015-05-17,40.93834688346883,24.74390243902439,10.456865401987352,3.804109589041096,8.907859078590786,5.198895027624309
2015-05-18,40.94089673913044,24.745923913043477,10.447237318840578,3.8035714285714284,8.910326086956522,5.204986149584488
2015-05-19,40.93970189701897,24.74390243902439,10.446025293586269,3.8054794520547945,8.911924119241192,5.205801104972376
2015-05-20,40.93716216216216,24.736486486486488,10.447522522522522,3.8114754098360657,8.912162162162161,5.205234159779614
2015-05-21,40.935135135135134,24.73581081081081,10.434684684684683,3.814207650273224,8.92027027027027,5.210743801652892
2015-05-22,40.93783783783784,24.73581081081081,10.426576576576576,3.814207650273224,8.925675675675675,5.2134986225895315
2015-05-23,40.93783783783784,24.73581081081081,10.413063063063062,3.814207650273224,8.93108108108108,5.2217630853994494
2015-05-24,40.93783783783784,24.73581081081081,10.413063063063062,3.814207650273224,8.93108108108108,5.2217630853994494
2015-05-25,40.94308943089431,24.729674796747968,10.40063233965673,3.813698630136986,8.939024390243903,5.2279005524861875
2015-05-26,40.942934782608695,24.731657608695652,10.393568840579709,3.8131868131868134,8.941576086956522,5.234072022160665
2015-05-27,40.94021739130435,24.722826086956523,10.383378623188404,3.818681318681319,8.950407608695652,5.238919667590028
2015-05-28,40.93732970027248,24.713896457765667,10.376248864668483,3.8181818181818183,8.958446866485014,5.245138888888889
2015-05-29,40.93732970027248,24.713896457765667,10.376248864668483,3.8181818181818183,8.958446866485014,5.245138888888889
2015-05-30,40.93460490463215,24.71117166212534,10.368074477747502,3.8236914600550964,8.963896457765667,5.250694444444444
2015-05-31,40.93460490463215,24.71117166212534,10.368074477747502,3.8236914600550964,8.963896457765667,5.250694444444444
2015-06-01,40.940054495912804,24.708446866485012,10.357175295186194,3.8236914600550964,8.967983651226158,5.25625
2015-06-02,40.940054495912804,24.705722070844686,10.349000908265213,3.8264462809917354,8.970708446866485,5.264583333333333
2015-06-03,40.9375,24.706521739130434,10.348052536231883,3.8324175824175826,8.970788043478262,5.263850415512465
2015-06-04,40.93732970027248,24.70299727520436,10.335376930063578,3.831955922865014,8.976158038147139,5.272916666666666
2015-06-05,40.93732970027248,24.70299727520436,10.335376930063578,3.831955922865014,8.976158038147139,5.272916666666666
2015-06-06,40.93460490463215,24.70299727520436,10.327202543142597,3.831955922865014,8.981607629427794,5.28125
2015-06-07,40.93460490463215,24.70299727520436,10.327202543142597,3.831955922865014,8.981607629427794,5.28125
2015-06-08,40.9344262295082,24.702185792349727,10.317167577413478,3.8287292817679557,8.984289617486338,5.290389972144847
2015-06-09,40.93835616438356,24.702739726027396,10.305022831050227,3.8254847645429364,8.98904109589041,5.2974860335195535
2015-06-10,40.93715846994535,24.700819672131146,10.304189435336976,3.8301104972375692,8.990437158469945,5.295264623955432
2015-06-11,40.93698630136986,24.7,10.29406392694064,3.826869806094183,8.995890410958904,5.295264623955432
2015-06-12,40.93715846994535,24.700819672131146,10.2959927140255,3.8273480662983426,8.998633879781421,5.291666666666667
2015-06-13,40.9344262295082,24.700819672131146,10.285063752276866,3.8301104972375692,9.001366120218579,5.3
2015-06-14,40.93972602739726,24.697260273972603,10.269406392694064,3.829639889196676,9.006849315068493,5.309192200557103
2015-06-15,40.939890710382514,24.69535519125683,10.267304189435336,3.8314917127071824,9.010928961748634,5.3069444444444445
2015-06-16,40.93972602739726,24.702739726027396,10.254337899543378,3.8282548476454292,9.013698630136986,5.316155988857939
2015-06-17,40.939890710382514,24.69808743169399,10.256375227686702,3.8314917127071824,9.013661202185792,5.315277777777778
2015-06-18,40.93852459016394,24.69808743169399,10.248178506375227,3.834254143646409,9.019125683060109,5.3180555555555555
2015-06-19,40.93596730245232,24.69891008174387,10.247502270663032,3.837465564738292,9.021798365122615,5.3171745152354575
2015-06-20,40.933242506811986,24.69891008174387,10.239327883742051,3.837465564738292,9.02724795640327,5.325484764542936
2015-06-21,40.935792349726775,24.69808743169399,10.226320582877959,3.8370165745856353,9.032786885245901,5.331944444444445
2015-06-22,40.935792349726775,24.69808743169399,10.226320582877959,3.8370165745856353,9.032786885245901,5.331944444444445
2015-06-23,40.93306010928962,24.706284153005466,10.215391621129326,3.834254143646409,9.03415300546448,5.338888888888889
2015-06-24,40.93032786885246,24.700819672131146,10.204462659380692,3.8370165745856353,9.042349726775956,5.335180055401662
2015-06-25,40.933242506811986,24.69891008174387,10.203905540417802,3.840220385674931,9.042234332425068,5.331491712707182
2015-06-26,40.933242506811986,24.69891008174387,10.203905540417802,3.840220385674931,9.042234332425068,5.331491712707182
2015-06-27,40.93051771117166,24.693460490463217,10.198455949137147,3.840220385674931,9.047683923705723,5.3397790055248615
2015-06-28,40.93051771117166,24.693460490463217,10.198455949137147,3.840220385674931,9.047683923705723,5.3397790055248615
2015-06-29,40.935792349726775,24.689890710382514,10.188069216757741,3.8370165745856353,9.05327868852459,5.346260387811634
2015-06-30,40.931693989071036,24.69672131147541,10.17304189435337,3.8370165745856353,9.05464480874317,5.353185595567867
2015-07-01,40.93460490463215,24.69209809264305,10.172570390554041,3.840220385674931,9.057220708446867,5.349447513812155
2015-07-02,40.932788374205266,24.689827429609444,10.166666666666666,3.8397612488521577,9.067211625794732,5.3545119705340705
2015-07-03,40.93297101449276,24.693387681159418,10.16893115942029,3.840201465201465,9.067028985507246,5.350780532598715
2015-07-04,40.930253623188406,24.687952898550723,10.166213768115941,3.837454212454212,9.07518115942029,5.361799816345271
2015-07-05,40.930253623188406,24.687952898550723,10.166213768115941,3.837454212454212,9.07518115942029,5.361799816345271
2015-07-06,40.9355131698456,24.685286103542236,10.154859218891916,3.8342516069788797,9.079019073569482,5.3692449355432785
2015-07-07,40.94096276112625,24.68801089918256,10.143960036330608,3.83149678604224,9.08174386920981,5.374769797421731
2015-07-08,40.94384057971015,24.683423913043477,10.146286231884057,3.8347069597069594,9.084239130434783,5.370982552800735
2015-07-09,40.94368755676658,24.67983651226158,10.138510445049954,3.8342516069788797,9.08991825613079,5.377532228360958
2015-07-10,40.94368755676658,24.67983651226158,10.138510445049954,3.8342516069788797,9.08991825613079,5.377532228360958
2015-07-11,40.94626593806922,24.67896174863388,10.130692167577413,3.8282688766114177,9.092896174863387,5.386888273314867
2015-07-12,40.94913714804723,24.682561307901906,10.130336058128973,3.828741965105601,9.095367847411444,5.380294659300184
2015-07-13,40.96003633060854,24.681198910081743,10.115349682107174,3.825987144168962,9.102179836512262,5.3816758747697975
2015-07-14,40.962761126248864,24.68392370572207,10.112624886466847,3.823232323232323,9.10490463215259,5.387200736648251
2015-07-15,40.95992714025501,24.683060109289617,10.102003642987249,3.8227440147329648,9.110655737704919,5.396583564173592
2015-07-16,40.95867393278838,24.685286103542236,10.10172570390554,3.8273645546372816,9.111716621253406,5.392725598526703
2015-07-17,40.95878623188406,24.683423913043477,10.104166666666666,3.833333333333333,9.111413043478262,5.388888888888889
2015-07-18,40.9669384057971,24.683423913043477,10.09873188405797,3.8305860805860803,9.11413043478261,5.391643709825528
2015-07-19,40.9669384057971,24.683423913043477,10.09873188405797,3.8305860805860803,9.11413043478261,5.391643709825528
2015-07-20,40.97509057971015,24.68070652173913,10.083786231884057,3.8305860805860803,9.120923913043478,5.391643709825528
2015-07-21,40.97502270663034,24.68801089918256,10.075840145322433,3.8273645546372816,9.123978201634877,5.401012891344383
2015-07-22,40.97229791099001,24.682561307901906,10.067665758401452,3.8273645546372816,9.132152588555858,5.397153351698806
2015-07-23,40.97774750227067,24.674386920980925,10.056766575840145,3.8273645546372816,9.137602179836513,5.393315018315018
2015-07-24,40.97780797101449,24.675271739130434,10.059329710144926,3.8278388278388276,9.137228260869565,5.389497716894978
2015-07-25,40.98596014492754,24.672554347826086,10.051177536231883,3.825091575091575,9.142663043478262,5.392237442922375
2015-07-26,40.9913714804723,24.668937329700274,10.040417801998183,3.8218549127640036,9.145776566757494,5.4015567765567765
2015-07-27,40.9913714804723,24.668937329700274,10.040417801998183,3.8218549127640036,9.145776566757494,5.4015567765567765
2015-07-28,40.99545867393279,24.67574931880109,10.028156221616712,3.8191000918273645,9.15258855585831,5.4015567765567765
2015-07-29,40.9981884057971,24.671195652173914,10.028079710144926,3.8195970695970693,9.154891304347826,5.394977168949772
2015-07-30,40.9981884057971,24.668478260869566,10.02264492753623,3.8195970695970693,9.160326086956522,5.391165755919855
2015-07-31,40.9981884057971,24.668478260869566,10.02264492753623,3.8195970695970693,9.160326086956522,5.391165755919855
2015-08-01,41.0036231884058,24.66576086956522,10.014492753623188,3.8168498168498166,9.16304347826087,5.393897996357013
2015-08-02,41.0036231884058,24.66576086956522,10.014492753623188,3.8168498168498166,9.16304347826087,5.393897996357013
2015-08-03,41.01449275362319,24.661684782608695,10.003623188405797,3.814102564102564,9.16711956521739,5.393897996357013
2015-08-04,41.01725703905541,24.666212534059945,9.995458673932788,3.810835629017447,9.170299727520437,5.400456621004566
2015-08-05,41.014532243415076,24.66348773841962,9.990009082652133,3.810835629017447,9.173024523160763,5.393897996357013
2015-08-06,41.01457194899818,24.66256830601093,9.981785063752277,3.807550644567219,9.176229508196721,5.393897996357013
2015-08-07,41.01457194899818,24.66256830601093,9.981785063752277,3.807550644567219,9.176229508196721,5.393897996357013
2015-08-08,41.02276867030965,24.66256830601093,9.976320582877959,3.802025782688766,9.181693989071038,5.402094717668488
2015-08-09,41.02276867030965,24.66256830601093,9.976320582877959,3.802025782688766,9.181693989071038,5.402094717668488
2015-08-10,41.028310502283105,24.659817351598175,9.965296803652967,3.7977839335180055,9.184931506849315,5.410502283105023
2015-08-11,41.0351598173516,24.659132420091325,9.957762557077626,3.7922437673130194,9.189041095890412,5.414611872146119
2015-08-12,41.040528233151186,24.654599271402553,9.95787795992714,3.7955801104972378,9.188524590163935,5.408014571948999
2015-08-13,41.0392694063927,24.65502283105023,9.95091324200913,3.790858725761773,9.19041095890411,5.414611872146119
2015-08-14,41.04189435336976,24.653233151183972,9.953779599271401,3.791436464088398,9.189890710382514,5.410746812386157
2015-08-15,41.04474885844749,24.652283105022832,9.948173515981734,3.7880886426592797,9.193150684931506,5.417351598173516
2015-08-16,41.05570776255708,24.649543378995435,9.939954337899543,3.7825484764542936,9.2013698630137,5.417351598173516
2015-08-17,41.05555555555556,24.649134790528233,9.942850637522767,3.7845303867403315,9.200819672131148,5.413479052823315
2015-08-18,41.05570776255708,24.65639269406393,9.939954337899543,3.781163434903047,9.198630136986301,5.420091324200913
2015-08-19,41.05913242009132,24.652283105022832,9.935159817351597,3.7790858725761773,9.204109589041096,5.420776255707763
2015-08-20,41.05913242009132,24.652283105022832,9.935159817351597,3.7790858725761773,9.204109589041096,5.420776255707763
2015-08-21,41.06170309653916,24.65596539162113,9.935336976320581,3.779696132596685,9.203551912568306,5.414162112932605
2015-08-22,41.06989981785064,24.65869763205829,9.932604735883423,3.774171270718232,9.203551912568306,5.416894353369764
2015-08-23,41.07557077625571,24.65502283105023,9.924200913242009,3.770775623268698,9.206849315068494,5.42351598173516
2015-08-24,41.07557077625571,24.65502283105023,9.924200913242009,3.770775623268698,9.206849315068494,5.42351598173516
2015-08-25,41.07852564102564,24.656822344322347,9.91918498168498,3.765972222222222,9.209478021978022,5.428800366300367
2015-08-26,41.07989926739927,24.647893772893774,9.919871794871794,3.7618055555555556,9.215659340659341,5.4308608058608066
2015-08-27,41.0824200913242,24.648858447488585,9.920091324200913,3.765235457063712,9.217808219178082,5.42420091324201
2015-08-28,41.0824200913242,24.648858447488585,9.920091324200913,3.765235457063712,9.217808219178082,5.42420091324201
2015-08-29,41.0851598173516,24.64611872146119,9.917351598173514,3.762465373961219,9.22054794520548,5.426940639269406
2015-08-30,41.09088827838828,24.636904761904763,9.914377289377288,3.7618055555555556,9.223901098901099,5.433608058608059
2015-08-31,41.09500915750916,24.632783882783883,9.911630036630036,3.759027777777778,9.225274725274724,5.437728937728938
2015-09-01,41.10078053259872,24.631772268135908,9.914141414141413,3.752785515320334,9.223140495867769,5.444444444444445
2015-09-02,41.10078053259872,24.62075298438935,9.916896235078053,3.752785515320334,9.231404958677686,5.445821854912764
2015-09-03,41.106290174471994,24.61524334251607,9.919651056014692,3.747214484679666,9.231404958677686,5.445821854912764
2015-09-04,41.106290174471994,24.61524334251607,9.919651056014692,3.747214484679666,9.231404958677686,5.445821854912764
2015-09-05,41.11363636363637,24.607897153351697,9.920569329660239,3.746285979572888,9.235996326905417,5.445821854912764
2015-09-06,41.11363636363637,24.607897153351697,9.920569329660239,3.746285979572888,9.235996326905417,5.445821854912764
2015-09-07,41.119475138121544,24.606813996316756,9.923112338858195,3.742783985102421,9.233885819521179,5.452578268876612
2015-09-08,41.126381215469614,24.601289134438304,9.921731123388582,3.73719739292365,9.235267034990791,5.456721915285452
2015-09-09,41.132826887661146,24.591160220994475,9.926335174953959,3.73207635009311,9.238489871086557,5.454880294659301
2015-09-10,41.13734995383195,24.586334256694364,9.92797783933518,3.7271241830065356,9.239150507848569,5.458448753462604
2015-09-11,41.13973296500921,24.588858195211785,9.929558011049723,3.7278864059590315,9.237108655616943,5.454419889502763
2015-09-12,41.13934802571166,24.589990817263544,9.932506887052341,3.7286443825441036,9.23921028466483,5.450413223140496
2015-09-13,41.13934802571166,24.589990817263544,9.932506887052341,3.7286443825441036,9.23921028466483,5.450413223140496
2015-09-14,41.13621794871795,24.58836996336996,9.932692307692308,3.7293981481481477,9.23992673992674,5.450549450549451
2015-09-15,41.13621794871795,24.58836996336996,9.932692307692308,3.7293981481481477,9.23992673992674,5.450549450549451
2015-09-16,41.137214611872146,24.588812785388125,9.932191780821919,3.732917820867959,9.239954337899544,5.445890410958904
2015-09-17,41.13447488584475,24.583333333333332,9.94041095890411,3.7356879039704523,9.237214611872146,5.443150684931507
2015-09-18,41.13447488584475,24.583333333333332,9.94041095890411,3.7356879039704523,9.237214611872146,5.443150684931507
2015-09-19,41.12625570776256,24.577853881278536,9.948630136986301,3.7412280701754383,9.237214611872146,5.44041095890411
2015-09-20,41.12625570776256,24.577853881278536,9.948630136986301,3.7412280701754383,9.237214611872146,5.44041095890411
2015-09-21,41.11940639269407,24.57648401826484,9.952739726027398,3.7412280701754383,9.239954337899544,5.443150684931507
2015-09-22,41.11940639269407,24.57648401826484,9.952739726027398,3.7412280701754383,9.239954337899544,5.443150684931507
2015-09-23,41.11634790528233,24.57490892531876,9.952868852459016,3.7447053406998156,9.242030965391622,5.439207650273224
2015-09-24,41.11634790528233,24.57490892531876,9.952868852459016,3.7447053406998156,9.242030965391622,5.439207650273224
2015-09-25,41.11603088101726,24.57879200726612,9.95299727520436,3.745408631772268,9.241371480472298,5.4380108991825615
2015-09-26,41.11058128973661,24.57879200726612,9.958446866485014,3.745408631772268,9.244096276112625,5.4380108991825615
2015-09-27,41.11058128973661,24.57879200726612,9.958446866485014,3.745408631772268,9.244096276112625,5.4380108991825615
2015-09-28,41.10348731884058,24.575860507246375,9.95991847826087,3.7461080586080584,9.247509057971016,5.439538043478261
2015-09-29,41.09287011807448,24.577429609445957,9.965258855585832,3.748163452708907,9.250908265213443,5.4380108991825615
2015-09-30,41.08605812897366,24.573342415985465,9.969346049046322,3.7522956841138657,9.253633060853769,5.438692098092643
2015-10-01,41.083106884057976,24.571784420289852,9.969429347826088,3.755723443223443,9.25294384057971,5.440217391304348
2015-10-02,41.083106884057976,24.571784420289852,9.969429347826088,3.755723443223443,9.25294384057971,5.440217391304348
2015-10-03,41.077672101449274,24.571784420289852,9.969429347826088,3.7584706959706957,9.25294384057971,5.4375
2015-10-04,41.077672101449274,24.571784420289852,9.969429347826088,3.7584706959706957,9.25294384057971,5.4375
2015-10-05,41.07515894641235,24.569255222524976,9.972070844686648,3.7591827364554633,9.253633060853769,5.435967302452316
2015-10-06,41.06153496821072,24.569255222524976,9.976158038147139,3.761937557392103,9.259082652134424,5.435967302452316
2015-10-07,41.05593297101449,24.57042572463768,9.97350543478261,3.7653388278388276,9.258378623188406,5.440217391304348
2015-10-08,41.05307136404698,24.57158988256549,9.973577235772357,3.7687214611872144,9.257678410117435,5.439024390243903
2015-10-09,41.05292792792793,24.572747747747748,9.970945945945946,3.7693533697632056,9.256981981981982,5.440540540540541
2015-10-10,41.042117117117115,24.572747747747748,9.970945945945946,3.7748178506375227,9.256981981981982,5.443243243243243
2015-10-11,41.036811201445346,24.56887985546522,9.970867208672086,3.7755707762557074,9.25903342366757,5.4471544715447155
2015-10-12,41.02860360360361,24.568693693693692,9.970945945945946,3.7789162112932604,9.258333333333333,5.45
2015-10-13,41.02597109304426,24.567524841915084,9.974932249322492,3.776940639269406,9.25903342366757,5.450542005420054
2015-10-14,41.0177927927928,24.568693693693692,9.975,3.7802823315118395,9.258333333333333,5.4547297297297295
2015-10-15,41.02055103884372,24.562104787714542,9.977642276422765,3.7796803652968034,9.25903342366757,5.455962059620596
2015-10-16,41.02055103884372,24.562104787714542,9.977642276422765,3.7796803652968034,9.25903342366757,5.455962059620596
2015-10-17,41.00971093044264,24.562104787714542,9.974932249322492,3.785159817351598,9.261743450767842,5.461382113821138
2015-10-18,41.00971093044264,24.562104787714542,9.974932249322492,3.785159817351598,9.261743450767842,5.461382113821138
2015-10-19,40.998873873873876,24.563288288288287,9.973648648648648,3.7884790528233148,9.262387387387388,5.466891891891892
2015-10-20,40.988063063063066,24.565315315315313,9.973648648648648,3.7932604735883424,9.262387387387388,5.472972972972973
2015-10-21,40.98000898472597,24.56379155435759,9.976415094339623,3.793823796548592,9.264375561545373,5.477088948787062
2015-10-22,40.98000898472597,24.56379155435759,9.976415094339623,3.793823796548592,9.264375561545373,5.477088948787062
2015-10-23,40.97334229390681,24.563620071684586,9.977822580645162,3.7971014492753623,9.263664874551973,5.481182795698925
2015-10-24,40.95721326164875,24.566308243727597,9.980510752688172,3.8025362318840576,9.266353046594983,5.486559139784946
2015-10-25,40.95721326164875,24.566308243727597,9.980510752688172,3.8025362318840576,9.266353046594983,5.486559139784946
2015-10-26,40.95721326164875,24.566308243727597,9.980510752688172,3.8025362318840576,9.266353046594983,5.486559139784946
2015-10-27,40.938396057347674,24.563620071684586,9.983870967741936,3.8059329710144927,9.267697132616489,5.497311827956989
2015-10-28,40.92226702508961,24.558243727598565,9.986559139784946,3.814085144927536,9.267697132616489,5.502688172043011
2015-10-29,40.919362084456424,24.55435759209344,9.98921832884097,3.8163033605812897,9.268418688230009,5.504043126684636
2015-10-30,40.919362084456424,24.55435759209344,9.98921832884097,3.8163033605812897,9.268418688230009,5.504043126684636
2015-10-31,40.90588499550764,24.551662174303683,9.98921832884097,3.8217529518619435,9.271114106019766,5.512129380053908
2015-11-01,40.90588499550764,24.551662174303683,9.98921832884097,3.8217529518619435,9.271114106019766,5.512129380053908
2015-11-02,40.888364779874216,24.550314465408803,9.986522911051212,3.825840145322434,9.275157232704403,5.52156334231806
2015-11-03,40.888063063063065,24.5518018018018,9.989189189189188,3.825364298724954,9.273198198198198,5.522972972972973
2015-11-04,40.874887690925426,24.550314465408803,9.991913746630727,3.828564940962761,9.272461814914646,5.526954177897574
2015-11-05,40.864471326164875,24.548835125448026,9.994623655913978,3.831748188405797,9.271729390681005,5.533602150537634
2015-11-06,40.864471326164875,24.548835125448026,9.994623655913978,3.831748188405797,9.271729390681005,5.533602150537634
2015-11-07,40.85103046594982,24.551523297491038,9.994623655913978,3.8344655797101446,9.271729390681005,5.544354838709677
2015-11-08,40.85103046594982,24.551523297491038,9.994623655913978,3.8344655797101446,9.271729390681005,5.544354838709677
2015-11-09,40.83221326164875,24.548835125448026,9.99731182795699,3.8399003623188404,9.277105734767025,5.557795698924731
2015-11-10,40.83176100628931,24.548966756513924,9.997304582210242,3.8394641235240687,9.275831087151841,5.559973045822103
2015-11-11,40.824148745519715,24.550179211469533,9.99731182795699,3.842617753623188,9.272401433691757,5.563844086021505
2015-11-12,40.82097933513028,24.548966756513924,9.997304582210242,3.844913714804723,9.273135669362086,5.568059299191375
2015-11-13,40.81608422939068,24.55286738351254,9.994623655913978,3.845335144927536,9.272401433691757,5.574596774193548
2015-11-14,40.80264336917563,24.55286738351254,9.994623655913978,3.8507699275362315,9.272401433691757,5.582661290322581
2015-11-15,40.80264336917563,24.55286738351254,9.994623655913978,3.8507699275362315,9.272401433691757,5.582661290322581
2015-11-16,40.78708668453977,24.550044682752457,9.994638069705093,3.853884372177055,9.274352100089367,5.595844504021447
2015-11-17,40.77569258266309,24.547363717605002,9.993967828418231,3.8565943992773257,9.273681858802503,5.605227882037534
2015-11-18,40.77569258266309,24.547363717605002,9.993967828418231,3.8565943992773257,9.273681858802503,5.605227882037534
2015-11-19,40.765638963360146,24.543342269883823,9.998659517426274,3.8613369467028003,9.271671134941913,5.613270777479893
2015-11-20,40.75557040998218,24.544563279857396,9.998663101604278,3.8644144144144144,9.268270944741534,5.622326203208556
2015-11-21,40.744875222816404,24.544563279857396,9.998663101604278,3.867117117117117,9.268270944741534,5.627673796791444
2015-11-22,40.744875222816404,24.544563279857396,9.998663101604278,3.867117117117117,9.268270944741534,5.627673796791444
2015-11-23,40.72348484848485,24.54188948306595,9.993315508021391,3.873873873873874,9.270944741532977,5.643716577540107
2015-11-24,40.720062555853445,24.546023235031278,9.993297587131368,3.8762420957542907,9.26899016979446,5.64544235924933
2015-11-25,40.70933869526363,24.543342269883823,9.993297587131368,3.8816621499548325,9.26899016979446,5.653485254691689
2015-11-26,40.70933869526363,24.543342269883823,9.993297587131368,3.8816621499548325,9.26899016979446,5.653485254691689
2015-11-27,40.70476827094474,24.544563279857396,9.990641711229946,3.8819819819819816,9.26559714795009,5.662433155080214
2015-11-28,40.69407308377897,24.54188948306595,9.993315508021391,3.8846846846846845,9.268270944741534,5.670454545454546
2015-11-29,40.69057193923146,24.54066130473637,9.993297587131368,3.884372177055104,9.267649687220732,5.673592493297587
2015-11-30,40.66778373547811,24.536639857015192,9.99195710455764,3.891147244805781,9.26899016979446,5.691018766756033
2015-12-01,40.66151433691756,24.538082437275985,9.994623655913978,3.89356884057971,9.267025089605735,5.692876344086022
2015-12-02,40.6570598748883,24.536639857015192,9.994638069705093,3.8965672990063234,9.266309204647007,5.693699731903485
2015-12-03,40.64365504915103,24.536639857015192,10.0,3.8965672990063234,9.2609472743521,5.709785522788204
2015-12-04,40.64365504915103,24.536639857015192,10.0,3.8965672990063234,9.2609472743521,5.709785522788204
2015-12-05,40.63025022341376,24.536639857015192,10.002680965147453,3.8965672990063234,9.263628239499553,5.717828418230563
2015-12-06,40.63025022341376,24.536639857015192,10.002680965147453,3.8965672990063234,9.263628239499553,5.717828418230563
2015-12-07,40.626568100358426,24.53405017921147,10.005376344086022,3.8962862318840576,9.262992831541219,5.721102150537634
2015-12-08,40.61148346738159,24.531277926720286,10.004021447721179,3.901987353206865,9.263628239499553,5.732573726541555
2015-12-09,40.60210008936551,24.527256478999103,10.002680965147453,3.901987353206865,9.263628239499553,5.741957104557641
2015-12-10,40.59834229390681,24.520609318996414,10.005376344086022,3.9017210144927534,9.267025089605735,5.746639784946237
2015-12-11,40.59405719392315,24.519213583556745,10.005361930294907,3.901987353206865,9.266309204647007,5.755361930294906
2015-12-12,40.583333333333336,24.5218945487042,10.005361930294907,3.901987353206865,9.26899016979446,5.763404825737266
2015-12-13,40.583333333333336,24.5218945487042,10.005361930294907,3.901987353206865,9.26899016979446,5.763404825737266
2015-12-14,40.56840463458111,24.519162210338678,10.002673796791443,3.906306306306306,9.270944741532977,5.774732620320855
2015-12-15,40.56422222222223,24.517777777777777,10.005333333333333,3.906558849955076,9.270222222222223,5.780666666666667
2015-12-16,40.5574024822695,24.521719858156025,10.003989361702128,3.9094982078853047,9.268173758865249,5.78656914893617
2015-12-17,40.5574024822695,24.521719858156025,10.003989361702128,3.9094982078853047,9.268173758865249,5.78656914893617
2015-12-18,40.550618921308576,24.520335985853226,10.003978779840848,3.909740840035746,9.264809902740938,5.797745358090186
2015-12-19,40.54387125220459,24.521604938271604,10.001322751322752,3.912655971479501,9.26410934744268,5.803571428571429
2015-12-20,40.54387125220459,24.521604938271604,10.001322751322752,3.912655971479501,9.26410934744268,5.803571428571429
2015-12-21,40.53056288478452,24.51759014951627,10.0,3.918222222222222,9.268689533861037,5.813324538258575
2015-12-22,40.5226473175022,24.51759014951627,10.0,3.9155555555555552,9.268689533861037,5.823878627968337
2015-12-23,40.5226473175022,24.51759014951627,10.0,3.9155555555555552,9.268689533861037,5.823878627968337
2015-12-24,40.5226473175022,24.51759014951627,10.0,3.9155555555555552,9.268689533861037,5.823878627968337
2015-12-25,40.5226473175022,24.51759014951627,10.0,3.9155555555555552,9.268689533861037,5.823878627968337
2015-12-26,40.51864035087719,24.516228070175437,9.99736842105263,3.9157801418439715,9.27061403508772,5.832236842105263
2015-12-27,40.516051011433596,24.514951627088827,10.0,3.9155555555555552,9.268689533861037,5.834432717678101
2015-12-28,40.516051011433596,24.514951627088827,10.0,3.9155555555555552,9.268689533861037,5.834432717678101
2015-12-29,40.50813544415128,24.514951627088827,10.0,3.9155555555555552,9.268689533861037,5.842348284960422
2015-12-30,40.50683421516755,24.508377425044092,10.002645502645503,3.9153297682709445,9.272045855379188,5.847222222222222
2015-12-31,40.50683421516755,24.508377425044092,10.002645502645503,3.9153297682709445,9.272045855379188,5.847222222222222
2016-01-01,40.50683421516755,24.508377425044092,10.002645502645503,3.9153297682709445,9.272045855379188,5.847222222222222
2016-01-02,40.502873563218394,24.50707338638373,10.005305039787798,3.9151027703306522,9.272767462422635,5.849469496021221
2016-01-03,40.50155141843972,24.50310283687943,10.00531914893617,3.914874551971326,9.272163120567376,5.85438829787234
2016-01-04,40.493589743589745,24.499778956675506,10.005305039787798,3.917783735478105,9.271441202475685,5.863395225464191
2016-01-05,40.4949024822695,24.503767730496453,10.00531914893617,3.914874551971326,9.26950354609929,5.865691489361702
2016-01-06,40.488284703801945,24.499778956675506,10.005305039787798,3.917783735478105,9.271441202475685,5.871352785145889
2016-01-07,40.47767462422635,24.499778956675506,10.010610079575597,3.917783735478105,9.266136162687888,5.884615384615385
2016-01-08,40.47767462422635,24.499778956675506,10.010610079575597,3.917783735478105,9.266136162687888,5.884615384615385
2016-01-09,40.47236958443855,24.49182139699381,10.015915119363395,3.917783735478105,9.266136162687888,5.892572944297083
2016-01-10,40.47236958443855,24.49182139699381,10.015915119363395,3.917783735478105,9.266136162687888,5.892572944297083
2016-01-11,40.453801945181254,24.48253757736516,10.018567639257295,3.9231456657730113,9.268788682581786,5.912466843501326
2016-01-12,40.45234929078014,24.482491134751772,10.019281914893616,3.9209229390681,9.268173758865249,5.917553191489362
2016-01-13,40.44584438549956,24.478558797524315,10.01923076923077,3.9238159070598746,9.270114942528735,5.925729442970822
2016-01-14,40.44584438549956,24.478558797524315,10.01923076923077,3.9238159070598746,9.270114942528735,5.925729442970822
2016-01-15,40.43672839506173,24.478615520282187,10.019179894179894,3.925356506238859,9.266754850088184,5.9378306878306875
2016-01-16,40.42879188712522,24.47332451499118,10.021825396825397,3.925356506238859,9.266754850088184,5.951058201058201
2016-01-17,40.42727674624226,24.467948717948715,10.023209549071618,3.9238159070598746,9.268788682581786,5.956233421750663
2016-01-18,40.40630511463845,24.46274250440917,10.021825396825397,3.930704099821747,9.270723104056438,5.973544973544974
2016-01-19,40.39572310405644,24.458774250440914,10.020502645502646,3.9320409982174684,9.271384479717813,5.988095238095238
2016-01-20,40.39572310405644,24.458774250440914,10.020502645502646,3.9320409982174684,9.271384479717813,5.988095238095238
2016-01-21,40.39014146772767,24.45468611847922,10.021883289124668,3.931858802502234,9.27343059239611,5.993368700265252
2016-01-22,40.39014146772767,24.45468611847922,10.021883289124668,3.931858802502234,9.27343059239611,5.993368700265252
2016-01-23,40.37422634836428,24.45468611847922,10.021883289124668,3.934539767649687,9.27077807250221,6.0092838196286475
2016-01-24,40.37123226950355,24.453235815602834,10.023271276595745,3.9343637992831537,9.271498226950355,6.011968085106383
2016-01-25,40.35035366931919,24.44938107869142,10.023209549071618,3.939901697944593,9.27077807250221,6.030503978779841
2016-01-26,40.33178603006189,24.45203359858532,10.020557029177718,3.946604110813226,9.27210433244916,6.046419098143236
2016-01-27,40.3185234305924,24.444076038903624,10.023209549071618,3.949285075960679,9.27475685234306,6.059681697612732
2016-01-28,40.3185234305924,24.444076038903624,10.023209549071618,3.949285075960679,9.27475685234306,6.059681697612732
2016-01-29,40.3097442680776,24.4429012345679,10.02579365079365,3.9520944741532973,9.271384479717813,6.072751322751323
2016-01-30,40.28858024691358,24.4402557319224,10.023148148148149,3.9547682709447414,9.274029982363317,6.093915343915344
2016-01-31,40.28858024691358,24.4402557319224,10.023148148148149,3.9547682709447414,9.274029982363317,6.093915343915344
2016-02-01,40.267416225749564,24.43231922398589,10.02579365079365,3.960115864527629,9.275352733686068,6.113756613756614
2016-02-02,40.26547303271441,24.433465959328025,10.025862068965518,3.960008936550491,9.27343059239611,6.119363395225464
2016-02-03,40.2528659611993,24.43231922398589,10.02579365079365,3.9627896613190727,9.272707231040565,6.132275132275132
2016-02-04,40.2528659611993,24.43231922398589,10.02579365079365,3.9627896613190727,9.272707231040565,6.132275132275132
2016-02-05,40.2528659611993,24.43231922398589,10.02579365079365,3.9627896613190727,9.272707231040565,6.132275132275132
2016-02-06,40.23699294532628,24.43231922398589,10.020502645502646,3.9627896613190727,9.272707231040565,6.150793650793651
2016-02-07,40.23496905393457,24.43081343943413,10.020557029177718,3.9626899016979444,9.27077807250221,6.153846153846154
2016-02-08,40.23496905393457,24.43081343943413,10.020557029177718,3.9626899016979444,9.27077807250221,6.153846153846154
2016-02-09,40.21507515473033,24.42550839964633,10.023209549071618,3.9680518319928506,9.27210433244916,6.172413793103448
2016-02-10,40.20446507515473,24.41887709991158,10.021883289124668,3.9707327971403035,9.27210433244916,6.185676392572944
2016-02-11,40.197030141843975,24.419991134751772,10.021941489361701,3.970654121863799,9.270168439716313,6.191489361702128
2016-02-12,40.197030141843975,24.419991134751772,10.021941489361701,3.970654121863799,9.270168439716313,6.191489361702128
2016-02-13,40.18107269503546,24.419991134751772,10.019281914893616,3.9733422939068097,9.267508865248228,6.210106382978723
2016-02-14,40.18107269503546,24.419991134751772,10.019281914893616,3.9733422939068097,9.267508865248228,6.210106382978723
2016-02-15,40.15913120567376,24.41400709219858,10.02061170212766,3.981406810035842,9.26883865248227,6.22938829787234
2016-02-16,40.15688888888889,24.420444444444442,10.020666666666667,3.978661275831087,9.26688888888889,6.232666666666667
2016-02-17,40.14117907801418,24.417996453900706,10.021941489361701,3.985439068100358,9.26883865248227,6.242021276595745
2016-02-18,40.13320035460993,24.412677304964536,10.019281914893616,3.988127240143369,9.271498226950355,6.257978723404255
2016-02-19,40.12223695844386,24.41423519009726,10.01923076923077,3.990840035746202,9.27077807250221,6.267904509283819
2016-02-20,40.10897435897436,24.41423519009726,10.01923076923077,3.990840035746202,9.27077807250221,6.286472148541114
2016-02-21,40.10897435897436,24.41423519009726,10.01923076923077,3.990840035746202,9.27077807250221,6.286472148541114
2016-02-22,40.086427939876216,24.40893015030946,10.01790450928382,3.9975424486148343,9.27210433244916,6.3063660477453585
2016-02-23,40.08665780141844,24.415336879432623,10.017952127659575,3.9975358422939067,9.267508865248228,6.30718085106383
2016-02-24,40.06804078014184,24.415336879432623,10.01529255319149,4.002912186379928,9.270168439716313,6.32313829787234
2016-02-25,40.06804078014184,24.415336879432623,10.01529255319149,4.002912186379928,9.270168439716313,6.32313829787234
2016-02-26,40.059902740937225,24.41158267020336,10.01790450928382,4.008266309204647,9.266799292661362,6.33289124668435
2016-02-27,40.04398762157383,24.41423519009726,10.01790450928382,4.013628239499553,9.264146772767463,6.348806366047746
2016-02-28,40.04398762157383,24.41423519009726,10.01790450928382,4.013628239499553,9.264146772767463,6.348806366047746
2016-02-29,40.02608311229001,24.40760389036251,10.01923076923077,4.019660411081323,9.268125552608312,6.364058355437666
2016-03-01,40.020833333333336,24.411347517730494,10.021941489361701,4.019713261648746,9.266179078014185,6.367686170212766
2016-03-02,40.00751547303272,24.41025641025641,10.021883289124668,4.0250223413762285,9.268125552608312,6.3746684350132625
2016-03-03,40.00487588652482,24.40868794326241,10.021941489361701,4.025089605734767,9.266179078014185,6.380984042553192
2016-03-04,40.00487588652482,24.40868794326241,10.021941489361701,4.025089605734767,9.266179078014185,6.380984042553192
2016-03-05,39.988918439716315,24.40868794326241,10.019281914893616,4.027777777777778,9.266179078014185,6.396941489361702
2016-03-06,39.988918439716315,24.40868794326241,10.019281914893616,4.027777777777778,9.266179078014185,6.396941489361702
2016-03-07,39.986222222222224,24.409777777777776,10.016666666666667,4.02785265049416,9.264222222222223,6.400666666666667
2016-03-08,39.96355555555556,24.406666666666666,10.020222222222221,4.033692722371968,9.26511111111111,6.418
2016-03-09,39.95035460992908,24.402925531914892,10.022828014184396,4.038978494623656,9.264406028368795,6.4275265957446805
2016-03-10,39.95035460992908,24.402925531914892,10.022828014184396,4.038978494623656,9.264406028368795,6.4275265957446805
2016-03-11,39.95035460992908,24.402925531914892,10.022828014184396,4.038978494623656,9.264406028368795,6.4275265957446805
2016-03-12,39.937056737588655,24.40026595744681,10.025487588652481,4.044354838709677,9.26174645390071,6.443484042553192
2016-03-13,39.937056737588655,24.40026595744681,10.025487588652481,4.044354838709677,9.26174645390071,6.443484042553192
2016-03-14,39.9160035366932,24.393899204244033,10.025419982316533,4.050938337801608,9.266357206012378,6.460875331564987
2016-03-15,39.91312056737589,24.39494680851064,10.025487588652481,4.051075268817204,9.264406028368795,6.464760638297872
2016-03-16,39.9000884173298,24.388594164456233,10.025419982316533,4.058981233243967,9.266357206012378,6.476790450928382
2016-03-17,39.886825817860306,24.377984084880637,10.025419982316533,4.068364611260054,9.263704686118478,6.500663129973475
2016-03-18,39.873897707231045,24.37632275132275,10.02799823633157,4.074866310160428,9.26168430335097,6.5132275132275135
2016-03-19,39.855379188712526,24.368386243386244,10.033289241622574,4.0828877005347595,9.259038800705467,6.534391534391534
2016-03-20,39.855379188712526,24.368386243386244,10.033289241622574,4.0828877005347595,9.259038800705467,6.534391534391534
2016-03-21,39.8342151675485,24.361772486772487,10.033289241622574,4.093582887700535,9.263007054673722,6.552910052910053
2016-03-22,39.81569664902998,24.353835978835978,10.043871252204585,4.098930481283422,9.257716049382715,6.571428571428571
2016-03-23,39.812555260831125,24.34946949602122,10.043987621573828,4.099195710455764,9.25839964633068,6.575596816976128
2016-03-24,39.79717813051147,24.34325396825397,10.04916225749559,4.106951871657754,9.255070546737214,6.592592592592593
2016-03-25,39.79717813051147,24.34325396825397,10.04916225749559,4.106951871657754,9.255070546737214,6.592592592592593
2016-03-26,39.77865961199295,24.337962962962962,10.057098765432098,4.114973262032086,9.25242504409171,6.608465608465608
2016-03-27,39.77865961199295,24.337962962962962,10.057098765432098,4.114973262032086,9.25242504409171,6.608465608465608
2016-03-28,39.775419982316535,24.338859416445622,10.057250221043324,4.115281501340482,9.250442086648983,6.610079575596817
2016-03-29,39.748894783377544,24.330901856763926,10.063881520778072,4.120643431635389,9.253094606542883,6.63129973474801
2016-03-30,39.738977072310405,24.319444444444443,10.071649029982362,4.128342245989304,9.249779541446207,6.64021164021164
2016-03-31,39.735632183908045,24.31763925729443,10.07183908045977,4.128686327077748,9.247789566755083,6.647214854111406
2016-04-01,39.735632183908045,24.31763925729443,10.07183908045977,4.128686327077748,9.247789566755083,6.647214854111406
2016-04-02,39.711759504862954,24.31498673740053,10.082449160035367,4.134048257372654,9.242484526967285,6.665782493368701
2016-04-03,39.70966312056738,24.31715425531915,10.082668439716311,4.131720430107527,9.240469858156027,6.6688829787234045
2016-04-04,39.68572695035461,24.309175531914892,10.089317375886525,4.141129032258065,9.237810283687942,6.6875
2016-04-05,39.68355555555556,24.30666666666667,10.088222222222221,4.140835579514825,9.238444444444443,6.690666666666667
2016-04-06,39.67109929078014,24.29787234042553,10.095966312056737,4.148521505376344,9.235150709219857,6.699468085106383
2016-04-07,39.65605658709107,24.28912466843501,10.10366931918656,4.156166219839142,9.22922192749779,6.718832891246684
2016-04-08,39.64638447971782,24.28306878306878,10.1086860670194,4.163770053475936,9.223324514991182,6.732804232804233
2016-04-09,39.6305114638448,24.275132275132275,10.116622574955908,4.1717914438502675,9.220679012345679,6.748677248677248
2016-04-10,39.6305114638448,24.275132275132275,10.116622574955908,4.1717914438502675,9.220679012345679,6.748677248677248
2016-04-11,39.60905892700088,24.26253298153034,10.125549692172383,4.180666666666666,9.22141600703606,6.763852242744063
2016-04-12,39.605379188712526,24.262566137566136,10.125220458553791,4.18048128342246,9.220679012345679,6.768518518518518
2016-04-13,39.5905892700088,24.253957783641162,10.135444151275285,4.188,9.220096745822339,6.777044854881266
2016-04-14,39.58686067019401,24.251984126984127,10.135802469135802,4.188502673796791,9.218033509700176,6.781746031746032
2016-04-15,39.58686067019401,24.251984126984127,10.135802469135802,4.188502673796791,9.218033509700176,6.781746031746032
2016-04-16,39.56569664902998,24.24669312169312,10.14373897707231,4.196524064171123,9.215388007054674,6.7976190476190474
2016-04-17,39.56569664902998,24.24669312169312,10.14373897707231,4.196524064171123,9.215388007054674,6.7976190476190474
2016-04-18,39.539902998236336,24.23478835978836,10.151675485008818,4.203877005347594,9.216710758377424,6.818121693121693
2016-04-19,39.538682581786034,24.230106100795755,10.15207780725022,4.204423592493297,9.217285587975242,6.822944297082228
2016-04-20,39.52336860670194,24.224206349206348,10.156966490299823,4.213235294117647,9.216710758377424,6.833333333333333
2016-04-21,39.51143359718558,24.215699208443272,10.161829375549692,4.220666666666666,9.216138962181178,6.844327176781003
2016-04-22,39.49429824561404,24.208552631578947,10.169298245614034,4.228058510638298,9.212938596491227,6.860526315789474
2016-04-23,39.47587719298246,24.200657894736842,10.17719298245614,4.233377659574468,9.21030701754386,6.878947368421053
2016-04-24,39.47185576077397,24.198548812664907,10.175021987686895,4.236666666666666,9.210861917326296,6.883905013192612
2016-04-25,39.449561403508774,24.186184210526317,10.185087719298245,4.246675531914893,9.212938596491227,6.901315789473684
2016-04-26,39.44547053649956,24.189313984168866,10.185576077396657,4.247333333333334,9.210861917326296,6.906332453825858
2016-04-27,39.42850877192983,24.183552631578948,10.19298245614035,4.257313829787234,9.21030701754386,6.9144736842105265
2016-04-28,39.427000879507474,24.181398416886545,10.190853122251537,4.258,9.208223394898857,6.922163588390501
2016-04-29,39.427000879507474,24.181398416886545,10.190853122251537,4.258,9.208223394898857,6.922163588390501
2016-04-30,39.40853122251539,24.173482849604223,10.193491644678979,4.263333333333334,9.208223394898857,6.943271767810026
2016-05-01,39.40853122251539,24.173482849604223,10.193491644678979,4.263333333333334,9.208223394898857,6.943271767810026
2016-05-02,39.38610378188215,24.160949868073878,10.19876868953386,4.274,9.209542656112577,6.965039577836412
2016-05-03,39.37093227792436,24.150395778364118,10.206024626209322,4.283333333333333,9.209542656112577,6.9736147757255935
2016-05-04,39.35416666666667,24.139473684210525,10.213377192982456,4.287898936170213,9.206359649122806,6.994736842105263
2016-05-05,39.35510114335972,24.13456464379947,10.211301671064204,4.288666666666667,9.206904133685136,6.997361477572559
2016-05-06,39.35510114335972,24.13456464379947,10.211301671064204,4.288666666666667,9.206904133685136,6.997361477572559
2016-05-07,39.33663148636764,24.12664907651715,10.216578715919084,4.291333333333333,9.204265611257695,7.018469656992084
2016-05-08,39.33487654320988,24.124338624338623,10.217151675485008,4.2921122994652405,9.204805996472663,7.023809523809524
2016-05-09,39.31156552330695,24.112137203166228,10.224494283201407,4.302,9.206904133685136,7.044854881266491
2016-05-10,39.3097442680776,24.112433862433864,10.225088183421516,4.302807486631016,9.204805996472663,7.0476190476190474
2016-05-11,39.295734388742304,24.104221635883906,10.232409850483728,4.312666666666667,9.204265611257695,7.055408970976253
2016-05-12,39.295734388742304,24.104221635883906,10.232409850483728,4.312666666666667,9.204265611257695,7.055408970976253
2016-05-13,39.27916666666667,24.096052631578946,10.242324561403509,4.319813829787234,9.20109649122807,7.071052631578947
2016-05-14,39.26337719298246,24.09342105263158,10.250219298245613,4.319813829787234,9.198464912280702,7.089473684210526
2016-05-15,39.26337719298246,24.09342105263158,10.250219298245613,4.319813829787234,9.198464912280702,7.089473684210526
2016-05-16,39.262752858399296,24.08970976253298,10.250879507475812,4.320666666666667,9.197669305189093,7.092348284960422
2016-05-17,39.24539473684211,24.078508771929826,10.257675438596491,4.329122340425532,9.198464912280702,7.107456140350878
2016-05-18,39.24539473684211,24.078508771929826,10.257675438596491,4.329122340425532,9.198464912280702,7.107456140350878
2016-05-19,39.24539473684211,24.078508771929826,10.257675438596491,4.329122340425532,9.198464912280702,7.107456140350878
2016-05-20,39.226377952755904,24.07042869641295,10.262248468941381,4.336206896551724,9.197944006999125,7.1281714785651795
2016-05-21,39.208005249343834,24.062554680664917,10.267497812773403,4.341511936339523,9.195319335083115,7.146544181977253
2016-05-22,39.208005249343834,24.062554680664917,10.267497812773403,4.341511936339523,9.195319335083115,7.146544181977253
2016-05-23,39.18832020997375,24.04549431321085,10.272747156605424,4.35079575596817,9.197944006999125,7.170166229221348
2016-05-24,39.175196850393704,24.03762029746282,10.283245844269466,4.356100795755968,9.195319335083115,7.18066491688539
2016-05-25,39.17697368421052,24.032456140350877,10.281359649122807,4.358377659574468,9.195833333333333,7.1837719298245615
2016-05-26,39.17697368421052,24.032456140350877,10.281359649122807,4.358377659574468,9.195833333333333,7.1837719298245615
2016-05-27,39.17697368421052,24.032456140350877,10.281359649122807,4.358377659574468,9.195833333333333,7.1837719298245615
2016-05-28,39.161184210526315,24.021929824561404,10.286622807017544,4.366356382978723,9.193201754385964,7.202192982456141
2016-05-29,39.161184210526315,24.021929824561404,10.286622807017544,4.366356382978723,9.193201754385964,7.202192982456141
2016-05-30,39.161184210526315,24.021929824561404,10.286622807017544,4.366356382978723,9.193201754385964,7.202192982456141
2016-05-31,39.1375,24.009429824561405,10.294517543859648,4.3763297872340425,9.193201754385964,7.222587719298246
2016-06-01,39.124015748031496,24.001531058617676,10.301618547681539,4.380636604774536,9.192694663167103,7.229877515310586
2016-06-02,39.105366492146594,23.99367364746946,10.30868237347295,4.386243386243386,9.19088132635253,7.24760034904014
2016-06-03,39.08942558746736,23.985857267188862,10.315709312445604,4.3905013192612135,9.190382941688425,7.262619669277633
2016-06-04,39.07375979112272,23.978024369016538,10.320931244560487,4.395778364116095,9.187771975630984,7.278285465622281
2016-06-05,39.07264397905759,23.97534904013962,10.31915357766143,4.396825396825397,9.18957242582897,7.281631762652705
2016-06-06,39.049083769633505,23.964877835951135,10.327006980802793,4.407407407407407,9.19088132635253,7.2999563699825485
2016-06-07,39.049083769633505,23.964877835951135,10.327006980802793,4.407407407407407,9.19088132635253,7.2999563699825485
2016-06-08,39.03590078328982,23.957136640557007,10.333986074847694,4.41424802110818,9.192993907745866,7.307006092254134
2016-06-09,39.034685863874344,23.953097731239094,10.332242582897033,4.415343915343915,9.196116928446772,7.3104275741710305
2016-06-10,39.034685863874344,23.953097731239094,10.332242582897033,4.415343915343915,9.196116928446772,7.3104275741710305
2016-06-11,39.021596858638745,23.942626527050614,10.342713787085515,4.420634920634921,9.196116928446772,7.320898778359512
2016-06-12,39.017716535433074,23.94247594050744,10.340988626421696,4.424403183023872,9.19663167104112,7.324365704286964
2016-06-13,38.99409448818898,23.92804024496938,10.343613298337708,4.43501326259947,9.201881014873141,7.345363079615049
2016-06-14,38.98881578947368,23.930482456140354,10.344517543859649,4.4361702127659575,9.202412280701754,7.346271929824562
2016-06-15,38.973753280839894,23.92279090113736,10.350174978127734,4.4429708222811675,9.203193350831146,7.356517935258093
2016-06-16,38.973684210526315,23.91995614035088,10.3484649122807,4.446808510638298,9.203728070175439,7.360087719298246
2016-06-17,38.95275590551181,23.912292213473318,10.358048993875766,4.453580901856764,9.203193350831146,7.377515310586177
2016-06-18,38.93438320209974,23.904418197725285,10.365923009623797,4.461538461538462,9.203193350831146,7.390638670166229
2016-06-19,38.92894736842105,23.90416666666667,10.36688596491228,4.464095744680851,9.203728070175439,7.394298245614036
2016-06-20,38.90813648293963,23.893919510061245,10.373797025371829,4.470822281167108,9.208442694663166,7.409011373578303
2016-06-21,38.90263157894737,23.896271929824564,10.374780701754386,4.472074468085107,9.208991228070175,7.410087719298246
2016-06-22,38.886842105263156,23.883114035087722,10.380043859649122,4.477393617021277,9.208991228070175,7.4258771929824565
2016-06-23,38.886842105263156,23.883114035087722,10.380043859649122,4.477393617021277,9.208991228070175,7.4258771929824565
2016-06-24,38.874015748031496,23.878171478565182,10.38429571303587,4.481432360742706,9.208442694663166,7.437882764654419
2016-06-25,38.85301837270341,23.87292213473316,10.392169728783902,4.489389920424403,9.208442694663166,7.453630796150482
2016-06-26,38.85301837270341,23.87292213473316,10.392169728783902,4.489389920424403,9.208442694663166,7.453630796150482
2016-06-27,38.826771653543304,23.857174103237096,10.400043744531933,4.5,9.213692038495187,7.475940507436571
2016-06-28,38.808398950131235,23.854549431321086,10.402668416447943,4.507957559681698,9.213692038495187,7.486439195100613
2016-06-29,38.808398950131235,23.854549431321086,10.402668416447943,4.507957559681698,9.213692038495187,7.486439195100613
2016-06-30,38.808398950131235,23.854549431321086,10.402668416447943,4.507957559681698,9.213692038495187,7.486439195100613
2016-07-01,38.808398950131235,23.854549431321086,10.402668416447943,4.507957559681698,9.213692038495187,7.486439195100613
2016-07-02,38.79002624671916,23.849300087489066,10.405293088363955,4.515915119363395,9.216316710411197,7.502187226596676
2016-07-03,38.786842105263155,23.848903508771933,10.403728070175438,4.5186170212765955,9.216885964912281,7.506140350877193
2016-07-04,38.76377952755905,23.841426071741033,10.407917760279965,4.527851458885942,9.218941382327209,7.524496937882765
2016-07-05,38.75855263157895,23.841008771929825,10.406359649122807,4.53125,9.22017543859649,7.528508771929825
2016-07-06,38.748687664041995,23.833552055993003,10.413167104111986,4.5351458885941645,9.222222222222221,7.532370953630797
2016-07-07,38.731627296587924,23.82567804024497,10.419728783902013,4.541777188328912,9.220909886264216,7.5520559930008755
2016-07-08,38.71924083769633,23.823516579406633,10.426483420593367,4.545634920634921,9.220331588132634,7.56108202443281
2016-07-09,38.70615183246073,23.81566317626527,10.434336823734728,4.550925925925926,9.220331588132634,7.574171029668412
2016-07-10,38.70615183246073,23.81566317626527,10.434336823734728,4.550925925925926,9.220331588132634,7.574171029668412
2016-07-11,38.68259162303665,23.80126527050611,10.43957242582897,4.560185185185185,9.228184991273997,7.593804537521815
2016-07-12,38.6738845144357,23.803368328958882,10.440726159230096,4.563660477453581,9.227471566054243,7.599300087489064
2016-07-13,38.66688481675393,23.80126527050611,10.44480802792321,4.567460317460317,9.226876090750435,7.6003490401396165
2016-07-14,38.654699738903396,23.79656222802437,10.45147954743255,4.573878627968337,9.226283724978241,7.604003481288077
2016-07-15,38.639973958333336,23.791883680555557,10.46072048611111,4.5776315789473685,9.223090277777777,7.615451388888889
2016-07-16,38.624348958333336,23.78927951388889,10.465928819444445,4.582894736842105,9.22048611111111,7.628472222222222
2016-07-17,38.624348958333336,23.78927951388889,10.465928819444445,4.582894736842105,9.22048611111111,7.628472222222222
2016-07-18,38.62075718015666,23.787423846823327,10.465839860748476,4.58575197889182,9.22106179286336,7.635335073977372
2016-07-19,38.59203655352481,23.784812880765884,10.47106179286336,4.596306068601583,9.22497824194952,7.65100087032202
2016-07-20,38.582682291666664,23.780164930555557,10.475043402777777,4.602631578947369,9.22439236111111,7.654513888888889
2016-07-21,38.574675324675326,23.77683982683983,10.47900432900433,4.608923884514436,9.225108225108224,7.65930735930736
2016-07-22,38.56541450777202,23.777417962003454,10.485535405872193,4.609947643979058,9.221934369602764,7.667962003454232
2016-07-23,38.54727979274612,23.772236614853195,10.490716753022452,4.615183246073299,9.224525043177893,7.6809153713298794
2016-07-24,38.54727979274612,23.772236614853195,10.490716753022452,4.615183246073299,9.224525043177893,7.6809153713298794
2016-07-25,38.54090909090909,23.76904761904762,10.493290043290044,4.619422572178478,9.223809523809523,7.6891774891774896
2016-07-26,38.515584415584414,23.763203463203464,10.502380952380951,4.625328083989501,9.227056277056276,7.703463203463204
2016-07-27,38.509114583333336,23.757378472222225,10.50368923611111,4.629605263157894,9.227647569444445,7.710503472222222
2016-07-28,38.509114583333336,23.757378472222225,10.50368923611111,4.629605263157894,9.227647569444445,7.710503472222222
2016-07-29,38.509114583333336,23.757378472222225,10.50368923611111,4.629605263157894,9.227647569444445,7.710503472222222
2016-07-30,38.493489583333336,23.746961805555557,10.508897569444445,4.634868421052632,9.227647569444445,7.728732638888889
2016-07-31,38.493489583333336,23.746961805555557,10.508897569444445,4.634868421052632,9.227647569444445,7.728732638888889
2016-08-01,38.493489583333336,23.746961805555557,10.508897569444445,4.634868421052632,9.227647569444445,7.728732638888889
2016-08-02,38.466145833333336,23.73654513888889,10.512152777777777,4.642763157894737,9.232855902777777,7.748914930555556
2016-08-03,38.457142857142856,23.734632034632035,10.516017316017315,4.646325459317585,9.232251082251082,7.7521645021645025
2016-08-04,38.44559585492228,23.73013816925734,10.522452504317789,4.647251308900524,9.231649395509498,7.763169257340242
2016-08-05,38.44559585492228,23.73013816925734,10.522452504317789,4.647251308900524,9.231649395509498,7.763169257340242
2016-08-06,38.42746113989637,23.717184801381695,10.527633851468048,4.655104712041885,9.234240069084628,7.781303972366149
2016-08-07,38.42746113989637,23.717184801381695,10.527633851468048,4.655104712041885,9.234240069084628,7.781303972366149
2016-08-08,38.420779220779224,23.71125541125541,10.529004329004328,4.659448818897638,9.234848484848484,7.791125541125542
2016-08-09,38.39523809523809,23.6995670995671,10.532900432900432,4.668197725284339,9.242207792207791,7.810606060606061
2016-08-10,38.38903281519862,23.692573402417963,10.539291882556132,4.669066317626527,9.244170984455959,7.813687392055268
2016-08-11,38.38225108225108,23.689177489177492,10.54069264069264,4.67082239720035,9.244805194805195,7.823593073593074
2016-08-12,38.37348877374784,23.684801381692576,10.54706390328152,4.674301919720768,9.244170984455959,7.831822107081175
2016-08-13,38.355354058721936,23.67443868739206,10.55224525043178,4.679537521815009,9.246761658031089,7.849956822107082
2016-08-14,38.355354058721936,23.67443868739206,10.55224525043178,4.679537521815009,9.246761658031089,7.849956822107082
2016-08-15,38.355354058721936,23.67443868739206,10.55224525043178,4.679537521815009,9.246761658031089,7.849956822107082
2016-08-16,38.32685664939551,23.66407599309154,10.554835924006909,4.68935427574171,9.25259067357513,7.871977547495683
2016-08-17,38.32084409991386,23.65719207579673,10.561154177433247,4.692776327241079,9.251937984496124,7.87489233419466
2016-08-18,38.31131260794473,23.653713298791022,10.565198618307425,4.697207678883071,9.25259067357513,7.882340241796201
2016-08-19,38.31131260794473,23.653713298791022,10.565198618307425,4.697207678883071,9.25259067357513,7.882340241796201
2016-08-20,38.287996545768564,23.64594127806563,10.575561312607944,4.702443280977312,9.25259067357513,7.895293609671849
2016-08-21,38.287996545768564,23.64594127806563,10.575561312607944,4.702443280977312,9.25259067357513,7.895293609671849
2016-08-22,38.28354978354978,23.642424242424244,10.577056277056277,4.706911636045494,9.25064935064935,7.90021645021645
2016-08-23,38.25757575757576,23.634632034632038,10.58095238095238,4.716097987751531,9.251948051948052,7.923593073593074
2016-08-24,38.24393939393939,23.63073593073593,10.585497835497835,4.725940507436571,9.24935064935065,7.931385281385282
2016-08-25,38.23415798611111,23.62717013888889,10.58962673611111,4.730482456140351,9.25,7.936414930555556
2016-08-26,38.22056277056277,23.622943722943724,10.593290043290043,4.731189851268591,9.24935064935065,7.9495670995671
2016-08-27,38.19978354978355,23.615151515151517,10.60108225108225,4.736439195100612,9.24935064935065,7.962554112554113
2016-08-28,38.19978354978355,23.615151515151517,10.60108225108225,4.736439195100612,9.24935064935065,7.962554112554113
2016-08-29,38.19978354978355,23.615151515151517,10.60108225108225,4.736439195100612,9.24935064935065,7.962554112554113
2016-08-30,38.17316017316017,23.609956709956712,10.604978354978355,4.746281714785652,9.253246753246753,7.983333333333333
2016-08-31,38.159758203799655,23.605785837651123,10.608592400690846,4.7495636998254795,9.25259067357513,7.99373920552677
2016-09-01,38.146425495262704,23.604220499569337,10.609603789836346,4.750217580504787,9.251937984496124,8.00925925925926
2016-09-02,38.146425495262704,23.604220499569337,10.609603789836346,4.750217580504787,9.251937984496124,8.00925925925926
2016-09-03,38.128337639965544,23.599052540913007,10.614771748492677,4.75805047867711,9.251937984496124,8.022179155900087
2016-09-04,38.128337639965544,23.599052540913007,10.614771748492677,4.75805047867711,9.251937984496124,8.022179155900087
2016-09-05,38.10637381567614,23.59000861326443,10.618647717484926,4.765883376849434,9.251937984496124,8.042850990525409
2016-09-06,38.09887737478411,23.587003454231436,10.621545768566492,4.769197207678883,9.253238341968911,8.046200345423143
2016-09-07,38.08570198105082,23.582902670111974,10.625107665805338,4.775021758050478,9.25,8.056416881998278
2016-09-08,38.08570198105082,23.582902670111974,10.625107665805338,4.775021758050478,9.25,8.056416881998278
2016-09-09,38.08570198105082,23.582902670111974,10.625107665805338,4.775021758050478,9.25,8.056416881998278
2016-09-10,38.06761412575366,23.577734711455644,10.63027562446167,4.782854656222802,9.25,8.069336778639105
2016-09-11,38.06761412575366,23.577734711455644,10.63027562446167,4.782854656222802,9.25,8.069336778639105
2016-09-12,38.0587219343696,23.579231433506045,10.635794473229705,4.788830715532286,9.250647668393782,8.065630397236616
2016-09-13,38.03540587219344,23.572754749568222,10.638385146804834,4.799301919720768,9.253238341968911,8.083765112262522
2016-09-14,38.0198105081826,23.57127476313523,10.639319552110248,4.8024369016536115,9.25,8.09646856158484
2016-09-15,38.00172265288544,23.564814814814817,10.643195521102497,4.812880765883377,9.247416020671835,8.11068044788975
2016-09-16,38.00172265288544,23.564814814814817,10.643195521102497,4.812880765883377,9.247416020671835,8.11068044788975
2016-09-17,37.98105081826012,23.562230835486652,10.648363479758826,4.820713664055701,9.244832041343669,8.126184323858743
2016-09-18,37.97970639032815,23.55850604490501,10.647452504317787,4.825479930191972,9.244170984455959,8.125215889464595
2016-09-19,37.959086993970715,23.554478897502154,10.648363479758826,4.831157528285465,9.246124031007753,8.142980189491817
2016-09-20,37.9486183074266,23.55591537132988,10.652633851468046,4.838568935427574,9.249352331606218,8.140759930915372
2016-09-21,37.92789291882556,23.55332469775475,10.657815198618305,4.849040139616056,9.244170984455959,8.15112262521589
2016-09-22,37.91645133505598,23.554478897502154,10.658699397071489,4.854656222802436,9.238372093023257,8.162360034453059
2016-09-23,37.90249140893471,23.550472508591067,10.663445017182129,4.856336805555555,9.237757731958762,8.178694158075603
2016-09-24,37.87929553264605,23.547895189003437,10.666022336769759,4.866753472222222,9.237757731958762,8.191580756013746
2016-09-25,37.87929553264605,23.547895189003437,10.666022336769759,4.866753472222222,9.237757731958762,8.191580756013746
2016-09-26,37.873815676141255,23.548018949181742,10.666451335055985,4.872932985204526,9.239664082687339,8.192075796726959
2016-09-27,37.85352233676976,23.541451890034367,10.664733676975944,4.878472222222222,9.244201030927835,8.210910652920962
2016-09-28,37.841045415595545,23.54005998286204,10.663024850042843,4.881385281385281,9.24357326478149,8.225792630676949
2016-09-29,37.832903780068726,23.536297250859107,10.667310996563572,4.886284722222222,9.246778350515465,8.226374570446735
2016-09-30,37.822136089577945,23.535099052540914,10.66903531438415,4.893820713664056,9.25,8.226959517657193
2016-10-01,37.807130584192436,23.53371993127148,10.669888316151201,4.899305555555555,9.251932989690722,8.23668384879725
2016-10-02,37.80146425495263,23.53251507321275,10.671619293712315,4.906875543951262,9.252583979328165,8.234711455641689
2016-10-03,37.80146425495263,23.53251507321275,10.671619293712315,4.906875543951262,9.252583979328165,8.234711455641689
2016-10-04,37.795768566493955,23.53389464594128,10.673359240069082,4.9118673647469455,9.253238341968911,8.2353195164076
2016-10-05,37.77950043066322,23.528639104220503,10.674849267872522,4.916013925152306,9.257105943152455,8.250215331610681
2016-10-06,37.76718213058419,23.524699312714777,10.675687285223367,4.918836805555555,9.256443298969073,8.265034364261169
2016-10-07,37.76718213058419,23.524699312714777,10.675687285223367,4.918836805555555,9.256443298969073,8.265034364261169
2016-10-08,37.741408934707906,23.52212199312715,10.683419243986252,4.926649305555555,9.2590206185567,8.277920962199314
2016-10-09,37.741408934707906,23.52212199312715,10.683419243986252,4.926649305555555,9.2590206185567,8.277920962199314
2016-10-10,37.713487972508595,23.514819587628867,10.687285223367695,4.936197916666667,9.267182130584192,8.29725085910653
2016-10-11,37.704995693367785,23.51356589147287,10.691645133505597,4.943864229765013,9.267872523686476,8.29801894918174
2016-10-12,37.695446735395194,23.509664948453608,10.692439862542955,4.946614583333333,9.26975945017182,8.307560137457045
2016-10-13,37.6786941580756,23.496778350515463,10.698883161512025,4.958333333333333,9.273625429553265,8.323024054982818
2016-10-14,37.669237360754074,23.49293059125964,10.702227934875749,4.958441558441558,9.275492716366752,8.335047129391603
2016-10-15,37.64610111396744,23.490359897172237,10.707369323050555,4.966233766233766,9.275492716366752,8.353041988003428
2016-10-16,37.64610111396744,23.490359897172237,10.707369323050555,4.966233766233766,9.275492716366752,8.353041988003428
2016-10-17,37.63745704467354,23.489046391752577,10.70919243986254,4.973958333333333,9.276202749140893,8.353951890034365
2016-10-18,37.60781786941581,23.485180412371133,10.714347079037799,4.985677083333333,9.285223367697593,8.368127147766323
2016-10-19,37.59854327335047,23.481362467866322,10.715081405312766,4.988311688311688,9.284490145672665,8.377463581833762
2016-10-20,37.58675213675214,23.477564102564102,10.718376068376067,4.991580310880829,9.283760683760683,8.389957264957266
2016-10-21,37.58675213675214,23.477564102564102,10.718376068376067,4.991580310880829,9.283760683760683,8.389957264957266
2016-10-22,37.56623931623932,23.472435897435897,10.723504273504272,4.9967616580310885,9.286324786324785,8.405341880341881
2016-10-23,37.56623931623932,23.472435897435897,10.723504273504272,4.9967616580310885,9.286324786324785,8.405341880341881
2016-10-24,37.56623931623932,23.472435897435897,10.723504273504272,4.9967616580310885,9.286324786324785,8.405341880341881
2016-10-25,37.53931623931624,23.469871794871796,10.728632478632477,5.005181347150259,9.292735042735043,8.420726495726496
2016-10-26,37.523931623931624,23.462179487179487,10.73119658119658,5.012953367875648,9.292735042735043,8.43354700854701
2016-10-27,37.523931623931624,23.462179487179487,10.73119658119658,5.012953367875648,9.292735042735043,8.43354700854701
2016-10-28,37.512361466325665,23.46099744245524,10.734441602728046,5.012919896640827,9.29454390451833,8.442668371696506
2016-10-29,37.49445865302643,23.455882352941178,10.739556692242113,5.020671834625323,9.297101449275361,8.45545609548167
2016-10-30,37.49445865302643,23.455882352941178,10.739556692242113,5.020671834625323,9.297101449275361,8.45545609548167
2016-10-31,37.485470085470084,23.453205128205127,10.74145299145299,5.024611398963731,9.297863247863248,8.456623931623932
2016-11-01,37.4764353041988,23.454370179948587,10.74592973436161,5.02987012987013,9.29605826906598,8.457797772065124
2016-11-02,37.46303418803419,23.45128205128205,10.746581196581195,5.034326424870466,9.299786324786325,8.466880341880342
2016-11-03,37.44252136752137,23.44102564102564,10.75042735042735,5.0381136950904395,9.30491452991453,8.480982905982906
2016-11-04,37.44252136752137,23.44102564102564,10.75042735042735,5.0381136950904395,9.30491452991453,8.480982905982906
2016-11-05,37.42457264957265,23.435897435897434,10.752991452991452,5.04328165374677,9.307478632478633,8.493803418803418
2016-11-06,37.41795201371037,23.431876606683804,10.754927163667523,5.049870466321243,9.305698371893744,8.49764353041988
2016-11-07,37.41795201371037,23.431876606683804,10.754927163667523,5.049870466321243,9.305698371893744,8.49764353041988
2016-11-08,37.39031705227078,23.425449871465297,10.758140531276776,5.0595854922279795,9.310839760068552,8.514995715509855
2016-11-09,37.381623931623935,23.424358974358974,10.758760683760682,5.062015503875969,9.312606837606838,8.521367521367521
2016-11-10,37.37232219365896,23.417737789203084,10.758140531276776,5.067357512953368,9.315981148243358,8.527849185946872
2016-11-11,37.35175664095973,23.410025706940875,10.765852613538987,5.072538860103627,9.321122536418166,8.543273350471294
2016-11-12,37.343162393162395,23.40897435897436,10.76645299145299,5.072351421188631,9.322863247863248,8.552136752136752
2016-11-13,37.3337617823479,23.40745501285347,10.770994001713795,5.079015544041451,9.319837189374464,8.554841473864611
2016-11-14,37.30291345329906,23.40102827763496,10.7748500428449,5.0880829015544045,9.328834618680377,8.57669237360754
2016-11-15,37.29080756013746,23.4020618556701,10.776847079037799,5.096103896103896,9.327104810996563,8.583333333333334
2016-11-16,37.28363324764353,23.40102827763496,10.777420736932303,5.100388601036269,9.327549271636675,8.587617823479006
2016-11-17,37.27405498281787,23.394329896907216,10.776847079037799,5.100388601036269,9.330970790378007,8.594286941580757
2016-11-18,37.2604970008569,23.39331619537275,10.78256212510711,5.102713178294573,9.330119965724078,8.603041988003428
2016-11-19,37.23993144815767,23.39074550128535,10.787703513281917,5.107881136950905,9.330119965724078,8.61846615252785
2016-11-20,37.23993144815767,23.39074550128535,10.787703513281917,5.107881136950905,9.330119965724078,8.61846615252785
2016-11-21,37.22895189003437,23.391752577319586,10.792310996563572,5.115932642487047,9.328393470790378,8.61877147766323
2016-11-22,37.20446735395189,23.38659793814433,10.791022336769759,5.125,9.33225945017182,8.641967353951891
2016-11-23,37.19415807560138,23.378865979381445,10.788445017182129,5.132772020725389,9.33483676975945,8.649699312714777
2016-11-24,37.19415807560138,23.378865979381445,10.788445017182129,5.132772020725389,9.33483676975945,8.649699312714777
2016-11-25,37.191088260497004,23.372750642673523,10.78898886032562,5.1324289405684755,9.336546700942588,8.66088260497001
2016-11-26,37.17566409597258,23.36503856041131,10.791559554413023,5.137596899224806,9.336546700942588,8.676306769494431
2016-11-27,37.17566409597258,23.36503856041131,10.791559554413023,5.137596899224806,9.336546700942588,8.676306769494431
2016-11-28,37.16367521367521,23.361538461538462,10.789529914529913,5.138530927835052,9.342094017094016,8.688675213675214
2016-11-29,37.15381319622965,23.359897172236504,10.78898886032562,5.146640826873385,9.342973436161097,8.695586975149958
2016-11-30,37.14353041988004,23.354755784061698,10.790274207369322,5.154392764857882,9.341688089117394,8.703299057412169
2016-12-01,37.13101374570447,23.350515463917525,10.787156357388314,5.154392764857882,9.345146048109966,8.710266323024056
2016-12-02,37.13101374570447,23.350515463917525,10.787156357388314,5.154392764857882,9.345146048109966,8.710266323024056
2016-12-03,37.12070446735395,23.34278350515464,10.789733676975944,5.159560723514212,9.347723367697593,8.72573024054983
2016-12-04,37.12070446735395,23.34278350515464,10.789733676975944,5.159560723514212,9.347723367697593,8.72573024054983
2016-12-05,37.107665805340226,23.34065460809647,10.792204995693368,5.1677461139896375,9.3468992248062,8.731481481481483
2016-12-06,37.08570198105082,23.33161068044789,10.794788975021532,5.171632124352332,9.354651162790697,8.74956933677864
2016-12-07,37.082903780068726,23.328178694158076,10.795317869415808,5.173772609819121,9.356314432989691,8.752792096219931
2016-12-08,37.064862542955325,23.32044673539519,10.797895189003436,5.173324742268041,9.35889175257732,8.770833333333334
2016-12-09,37.04939862542955,23.312714776632305,10.800472508591065,5.181056701030927,9.36146907216495,8.783719931271477
2016-12-10,37.04670094258783,23.309340188517567,10.7984147386461,5.180591259640103,9.363110539845758,8.794558697514995
2016-12-11,37.04670094258783,23.309340188517567,10.7984147386461,5.180591259640103,9.363110539845758,8.794558697514995
2016-12-12,37.04670094258783,23.309340188517567,10.7984147386461,5.180591259640103,9.363110539845758,8.794558697514995
2016-12-13,37.03376068376068,23.304700854700855,10.800213675213675,5.181410256410256,9.369871794871795,8.805341880341881
2016-12-14,37.03367433930094,23.298806479113384,10.798167092924125,5.1835038363171355,9.368925831202047,8.810954816709293
2016-12-15,37.03367433930094,23.298806479113384,10.798167092924125,5.1835038363171355,9.368925831202047,8.810954816709293
2016-12-16,37.031037414965986,23.29294217687075,10.79613095238095,5.185586734693878,9.36798469387755,8.821641156462585
2016-12-17,37.0284139100933,23.289652247667515,10.796649703138252,5.185114503816794,9.369592875318066,8.829728583545378
2016-12-18,37.0284139100933,23.289652247667515,10.796649703138252,5.185114503816794,9.369592875318066,8.829728583545378
2016-12-19,37.0284139100933,23.289652247667515,10.796649703138252,5.185114503816794,9.369592875318066,8.829728583545378
2016-12-20,37.021996615905245,23.285744500846025,10.794627749576987,5.187817258883249,9.371827411167512,8.837774957698816
2016-12-21,37.00932994062765,23.28647158608991,10.796649703138252,5.195928753180661,9.367684478371501,8.847540288379983
2016-12-22,37.00549915397631,23.283206429780034,10.794627749576987,5.201776649746193,9.368020304568528,8.85173434856176
2016-12-23,36.9915611814346,23.276160337552746,10.792616033755273,5.203797468354431,9.373417721518987,8.868565400843883
2016-12-24,36.98905723905724,23.27041245791246,10.790614478114477,5.20580808080808,9.375,8.878998316498317
2016-12-25,36.98905723905724,23.27041245791246,10.790614478114477,5.20580808080808,9.375,8.878998316498317
2016-12-26,36.97510548523206,23.268565400843883,10.795147679324893,5.213924050632912,9.374683544303798,8.882489451476793
2016-12-27,36.96235194585448,23.27178510998308,10.794627749576987,5.219543147208122,9.373096446700508,8.892343485617598
2016-12-28,36.95473773265651,23.256556683587142,10.794627749576987,5.224619289340102,9.375634517766498,8.907571912013537
2016-12-29,36.95473773265651,23.256556683587142,10.794627749576987,5.224619289340102,9.375634517766498,8.907571912013537
2016-12-30,36.93935538592027,23.254664970313826,10.799194232400339,5.230279898218829,9.376590330788805,8.91242578456319
2016-12-31,36.93935538592027,23.254664970313826,10.799194232400339,5.230279898218829,9.376590330788805,8.91242578456319
2017-01-01,36.93935538592027,23.254664970313826,10.799194232400339,5.230279898218829,9.376590330788805,8.91242578456319
2017-01-02,36.93935538592027,23.254664970313826,10.799194232400339,5.230279898218829,9.376590330788805,8.91242578456319
2017-01-03,36.91391009329941,23.25212044105174,10.799194232400339,5.235368956743002,9.380407124681934,8.935326547921969
2017-01-04,36.89864291772689,23.247031382527567,10.799194232400339,5.244274809160306,9.380407124681934,8.946776929601358
2017-01-05,36.88592027141645,23.234308736217134,10.796649703138252,5.250636132315521,9.384223918575064,8.96713316369805
2017-01-06,36.872874149659864,23.23235544217687,10.801232993197278,5.253826530612245,9.385204081632653,8.972151360544219
2017-01-07,36.875742154368105,23.22921967769296,10.799194232400339,5.253180661577608,9.384223918575064,8.979855810008482
2017-01-08,36.875742154368105,23.22921967769296,10.799194232400339,5.253180661577608,9.384223918575064,8.979855810008482
2017-01-09,36.85029686174724,23.222858354537745,10.796649703138252,5.262722646310433,9.388040712468193,9.001484308736217
2017-01-10,36.83715986394558,23.225977891156464,10.798681972789115,5.268494897959184,9.386479591836734,9.009141156462585
2017-01-11,36.83757421543681,23.21776929601357,10.796649703138252,5.270356234096692,9.385496183206106,9.016751484308736
2017-01-12,36.83757421543681,23.21776929601357,10.796649703138252,5.270356234096692,9.385496183206106,9.016751484308736
2017-01-13,36.82485156912637,23.207591178965227,10.796649703138252,5.275445292620865,9.385496183206106,9.034563189143341
2017-01-14,36.82529610829103,23.20198815566836,10.794627749576987,5.277284263959391,9.387055837563452,9.042089678511
2017-01-15,36.812128922815944,23.19995759117897,10.796649703138252,5.283078880407125,9.389312977099237,9.047285835453774
2017-01-16,36.812128922815944,23.19995759117897,10.796649703138252,5.283078880407125,9.389312977099237,9.047285835453774
2017-01-17,36.79113655640373,23.192324003392706,10.7921967769296,5.293256997455471,9.395038167938932,9.066369804919423
2017-01-18,36.794204737732656,23.18675972927242,10.787648054145516,5.29505076142132,9.394035532994923,9.071277495769882
2017-01-19,36.78350296861747,23.18214588634436,10.784563189143341,5.3008905852417305,9.397582697201019,9.079092451229856
2017-01-20,36.77529761904762,23.177508503401363,10.786564625850339,5.306760204081633,9.396045918367347,9.086947278911564
2017-01-21,36.77332485156912,23.171967769296014,10.782018659881254,5.3085241730279895,9.400127226463104,9.094359626802376
2017-01-22,36.7625425170068,23.16730442176871,10.784013605442176,5.315688775510204,9.401147959183673,9.099702380952381
2017-01-23,36.75169635284139,23.16178965224767,10.778201865988125,5.321246819338422,9.405216284987278,9.113443596268024
2017-01-24,36.73830782312925,23.162202380952383,10.78018707482993,5.324617346938775,9.403698979591837,9.123937074829932
2017-01-25,36.7281037414966,23.15199829931973,10.78018707482993,5.332270408163265,9.403698979591837,9.139243197278912
2017-01-26,36.72625106022053,23.151611535199322,10.775657336726038,5.336513994910941,9.403944020356233,9.145250212044106
2017-01-27,36.71480067854114,23.145250212044107,10.771840542832908,5.344147582697201,9.401399491094148,9.164334181509755
2017-01-28,36.71552453468697,23.14488155668359,10.769881556683586,5.345812182741117,9.402918781725889,9.168993231810491
2017-01-29,36.71552453468697,23.14488155668359,10.769881556683586,5.345812182741117,9.402918781725889,9.168993231810491
2017-01-30,36.69521996615905,23.147419627749578,10.762267343485616,5.354695431472082,9.407994923857869,9.182952622673435
2017-01-31,36.681721798134014,23.147794741306193,10.76420695504665,5.3555979643765905,9.409033078880407,9.191051738761663
2017-02-01,36.677453468697124,23.15503384094755,10.757191201353637,5.357233502538071,9.407994923857869,9.195642978003384
2017-02-02,36.657148900169204,23.16518612521151,10.752115059221657,5.36484771573604,9.407994923857869,9.208333333333334
2017-02-03,36.6460983884648,23.160517387616625,10.754028837998304,5.3683206106870225,9.40648854961832,9.216497031382527
2017-02-04,36.636844331641285,23.175338409475465,10.747038917089677,5.36992385786802,9.402918781725889,9.221023688663283
2017-02-05,36.636844331641285,23.175338409475465,10.747038917089677,5.36992385786802,9.402918781725889,9.221023688663283
2017-02-06,36.620042194092825,23.195147679324897,10.737552742616034,5.371518987341772,9.404430379746836,9.228059071729959
2017-02-07,36.605118443316414,23.194373942470392,10.739424703891709,5.375,9.407360406091371,9.236252115059221
2017-02-08,36.58735194585448,23.208333333333336,10.735617597292723,5.375,9.404822335025381,9.24640439932318
2017-02-09,36.57827004219409,23.22299578059072,10.731223628691982,5.3765822784810124,9.40126582278481,9.250843881856541
2017-02-10,36.56704737732657,23.215947546531304,10.735617597292723,5.38007614213198,9.402284263959391,9.25909475465313
2017-02-11,36.55801687763713,23.23818565400844,10.726160337552741,5.381645569620253,9.39873417721519,9.260970464135022
2017-02-12,36.55801687763713,23.23818565400844,10.726160337552741,5.381645569620253,9.39873417721519,9.260970464135022
2017-02-13,36.528902953586496,23.256540084388188,10.717932489451476,5.385443037974683,9.401898734177216,9.274261603375528
2017-02-14,36.51501692047377,23.25465313028765,10.722292724196278,5.386421319796955,9.402918781725889,9.282571912013537
2017-02-15,36.50864978902953,23.27426160337553,10.712869198312235,5.385443037974683,9.399367088607596,9.281856540084389
2017-02-16,36.49725042301184,23.26988155668359,10.712140439932318,5.391497461928934,9.402918781725889,9.287648054145517
2017-02-17,36.479483925549914,23.282571912013537,10.712140439932318,5.396573604060913,9.39784263959391,9.297800338409475
2017-02-18,36.46814345991561,23.307172995780594,10.702742616033754,5.398101265822785,9.394303797468355,9.29704641350211
2017-02-19,36.456641285956,23.305414551607445,10.705795262267342,5.404187817258883,9.39530456852792,9.301607445008461
2017-02-20,36.456641285956,23.305414551607445,10.705795262267342,5.404187817258883,9.39530456852792,9.301607445008461
2017-02-21,36.4325296108291,23.320642978003384,10.699450084602368,5.405456852791878,9.396573604060913,9.31175972927242
2017-02-22,36.41349407783418,23.335236886632828,10.693104906937393,5.411802030456853,9.394035532994923,9.317470389170897
2017-02-23,36.39978902953586,23.35717299578059,10.686286919831224,5.413291139240506,9.387974683544304,9.321729957805907
2017-02-24,36.39065143824027,23.353003384094755,10.688028764805415,5.416878172588833,9.388959390862944,9.327622673434856
2017-02-25,36.3795358649789,23.374894514767934,10.678691983122363,5.420886075949367,9.385443037974683,9.326793248945147
2017-02-26,36.3795358649789,23.374894514767934,10.678691983122363,5.420886075949367,9.385443037974683,9.326793248945147
2017-02-27,36.3795358649789,23.374894514767934,10.678691983122363,5.420886075949367,9.385443037974683,9.326793248945147
2017-02-28,36.35295358649789,23.394514767932492,10.671729957805907,5.428481012658228,9.382911392405063,9.337552742616035
2017-03-01,36.34448653198653,23.41372053872054,10.664983164983164,5.432449494949495,9.37689393939394,9.336700336700337
2017-03-02,36.33016877637131,23.412236286919832,10.665400843881855,5.437341772151899,9.377848101265823,9.345147679324896
2017-03-03,36.31831641285956,23.410744500846025,10.664551607445008,5.440989847715736,9.378807106598984,9.353637901861253
2017-03-04,36.30991561181435,23.432489451476794,10.655274261603374,5.442405063291139,9.375316455696202,9.355274261603375
2017-03-05,36.30991561181435,23.432489451476794,10.655274261603374,5.442405063291139,9.375316455696202,9.355274261603375
2017-03-06,36.29801184433164,23.43485617597293,10.658206429780034,5.447335025380711,9.373730964467006,9.359983079526227
2017-03-07,36.271362098138745,23.453891708967852,10.651861252115058,5.4536802030456855,9.37246192893401,9.372673434856177
2017-03-08,36.24978849407783,23.46912013536379,10.648054145516074,5.456218274111675,9.36992385786802,9.377749576988156
2017-03-09,36.23902953586498,23.48818565400844,10.641350210970463,5.457594936708861,9.366455696202532,9.381856540084389
2017-03-10,36.221308016877636,23.508438818565402,10.633755274261603,5.460126582278481,9.363924050632912,9.38945147679325
2017-03-11,36.2131734006734,23.53240740740741,10.624579124579125,5.461489898989899,9.360479797979798,9.385942760942761
2017-03-12,36.2131734006734,23.53240740740741,10.624579124579125,5.461489898989899,9.360479797979798,9.385942760942761
2017-03-13,36.18665824915825,23.54882154882155,10.616372053872054,5.46780303030303,9.360479797979798,9.400462962962964
2017-03-14,36.17447257383966,23.547679324894517,10.617932489451476,5.468987341772152,9.363924050632912,9.411603375527427
2017-03-15,36.16645622895623,23.56902356902357,10.608796296296296,5.470328282828283,9.357954545454545,9.410563973063974
2017-03-16,36.154219409282696,23.565400843881857,10.607805907172995,5.476582278481013,9.358860759493671,9.419198312236288
2017-03-17,36.13938240270728,23.56175972927242,10.611886632825719,5.477791878172589,9.36230964467005,9.427876480541455
2017-03-18,36.131434599156115,23.5831223628692,10.605274261603375,5.476582278481013,9.358860759493671,9.426793248945149
2017-03-19,36.131434599156115,23.5831223628692,10.605274261603375,5.476582278481013,9.358860759493671,9.426793248945149
2017-03-20,36.10232067510548,23.605274261603377,10.596413502109703,5.484177215189874,9.35759493670886,9.44071729957806
2017-03-21,36.10232067510548,23.605274261603377,10.596413502109703,5.484177215189874,9.35759493670886,9.44071729957806
2017-03-22,36.084599156118145,23.6204641350211,10.588818565400842,5.489240506329114,9.35253164556962,9.44831223628692
2017-03-23,36.076809764309765,23.640361952861955,10.582281144781144,5.490530303030303,9.347853535353535,9.449705387205388
2017-03-24,36.06181434599156,23.63691983122363,10.586286919831222,5.494303797468355,9.34873417721519,9.460970464135022
2017-03-25,36.05408249158249,23.660563973063976,10.579755892255891,5.493055555555555,9.345328282828282,9.459806397306398
2017-03-26,36.05408249158249,23.660563973063976,10.579755892255891,5.493055555555555,9.345328282828282,9.459806397306398
2017-03-27,36.043870696893364,23.681570109151973,10.569479429051217,5.494332493702771,9.343198992443325,9.463685978169606
2017-03-28,36.023719563392106,23.70675902602855,10.563182199832074,5.500629722921914,9.340680100755668,9.466204869857263
2017-03-29,36.00356842989085,23.726910159529808,10.558144416456757,5.508186397984887,9.33816120906801,9.467464315701092
2017-03-30,36.00356842989085,23.726910159529808,10.558144416456757,5.508186397984887,9.33816120906801,9.467464315701092
2017-03-31,35.990951178451176,23.723695286195287,10.559553872053872,5.51199494949495,9.339015151515152,9.478745791245792
2017-04-01,35.98341729638959,23.747061293031066,10.550587741393786,5.513224181360202,9.335642317380353,9.475020990764063
2017-04-02,35.98341729638959,23.747061293031066,10.550587741393786,5.513224181360202,9.335642317380353,9.475020990764063
2017-04-03,35.96074727120067,23.769731318219986,10.541771620486985,5.522040302267002,9.334382871536524,9.481318219983208
2017-04-04,35.94563392107472,23.782325776658272,10.534214945424013,5.522040302267002,9.336901763224182,9.48887489504618
2017-04-05,35.93223905723906,23.77861952861953,10.536195286195285,5.523358585858586,9.33838383838384,9.498947811447811
2017-04-06,35.91940928270042,23.77299578059072,10.537552742616032,5.529746835443038,9.339240506329114,9.507805907172996
2017-04-07,35.904219409282696,23.79071729957806,10.529957805907172,5.532278481012658,9.336708860759494,9.515400843881856
2017-04-08,35.90193602693603,23.813973063973066,10.52104377104377,5.530934343434343,9.333333333333334,9.514099326599327
2017-04-09,35.90193602693603,23.813973063973066,10.52104377104377,5.530934343434343,9.333333333333334,9.514099326599327
2017-04-10,35.88173400673401,23.831649831649834,10.512205387205386,5.538510101010101,9.332070707070708,9.522937710437711
2017-04-11,35.86658249158249,23.84680134680135,10.504629629629628,5.543560606060606,9.332070707070708,9.527988215488216
2017-04-12,35.86658249158249,23.84680134680135,10.504629629629628,5.543560606060606,9.332070707070708,9.527988215488216
2017-04-13,35.84890572390572,23.864478114478118,10.497053872053872,5.548611111111111,9.329545454545455,9.54061447811448
2017-04-14,35.835864978902954,23.861603375527427,10.49831223628692,5.55253164556962,9.332911392405064,9.549578059071731
2017-04-15,35.83375420875421,23.87962962962963,10.489478114478114,5.553661616161616,9.332070707070708,9.548190235690235
2017-04-16,35.82194092827004,23.876793248945148,10.488185654008438,5.560126582278481,9.334177215189873,9.557172995780592
2017-04-17,35.82194092827004,23.876793248945148,10.488185654008438,5.560126582278481,9.334177215189873,9.557172995780592
2017-04-18,35.80626057529611,23.876480541455162,10.489424703891709,5.564086294416244,9.33502538071066,9.571277495769882
2017-04-19,35.8042194092827,23.892616033755274,10.478059071729957,5.565822784810127,9.334177215189873,9.569831223628693
2017-04-20,35.802188552188554,23.908038720538723,10.469276094276093,5.566919191919192,9.330808080808081,9.570917508417509
2017-04-21,35.802188552188554,23.908038720538723,10.469276094276093,5.566919191919192,9.330808080808081,9.570917508417509
2017-04-22,35.78956228956229,23.92319023569024,10.459175084175083,5.571969696969697,9.330808080808081,9.578493265993266
2017-04-23,35.77637130801688,23.9204641350211,10.461603375527426,5.578481012658228,9.330379746835444,9.587552742616035
2017-04-24,35.77637130801688,23.9204641350211,10.461603375527426,5.578481012658228,9.330379746835444,9.587552742616035
2017-04-25,35.75864978902953,23.93691983122363,10.453375527426159,5.584177215189873,9.331012658227849,9.598945147679325
2017-04-26,35.74852320675105,23.949578059071733,10.445780590717298,5.589240506329114,9.328481012658228,9.606540084388186
2017-04-27,35.74852320675105,23.949578059071733,10.445780590717298,5.589240506329114,9.328481012658228,9.606540084388186
2017-04-28,35.74092827004219,23.959704641350214,10.440717299578058,5.596835443037975,9.325949367088608,9.611603375527427
2017-04-29,35.74158249158249,23.97243265993266,10.43202861952862,5.5978535353535355,9.325126262626263,9.610058922558922
2017-04-30,35.74158249158249,23.97243265993266,10.43202861952862,5.5978535353535355,9.325126262626263,9.610058922558922
2017-05-01,35.72827004219409,23.974894514767936,10.428059071729956,5.601898734177215,9.325949367088608,9.621729957805908
2017-05-02,35.70928270042194,23.985021097046413,10.421729957805907,5.612025316455696,9.328481012658228,9.629324894514768
2017-05-03,35.71001683501683,23.995159932659934,10.415614478114477,5.615530303030303,9.325126262626263,9.625210437710438
2017-05-04,35.69739057239057,24.005260942760945,10.405513468013467,5.6231060606060606,9.320075757575758,9.635311447811448
2017-05-05,35.68649789029536,24.002742616033757,10.406540084388185,5.627215189873418,9.320886075949367,9.64704641350211
2017-05-06,35.687289562289564,24.012836700336702,10.39793771043771,5.628156565656566,9.320075757575758,9.645412457912458
2017-05-07,35.687289562289564,24.012836700336702,10.39793771043771,5.628156565656566,9.320075757575758,9.645412457912458
2017-05-08,35.675105485232066,24.012869198312238,10.398945147679324,5.631012658227848,9.319620253164556,9.65590717299578
2017-05-09,35.66244725738397,24.025527426160338,10.388818565400843,5.633544303797469,9.322151898734177,9.668565400843882
2017-05-10,35.64915611814346,24.033755274261605,10.383122362869198,5.638607594936709,9.319620253164556,9.673628691983122
2017-05-11,35.6415611814346,24.036286919831227,10.375527426160337,5.64873417721519,9.314556962025316,9.686286919831224
2017-05-12,35.63049915397631,24.03130287648054,10.37901861252115,5.650380710659898,9.315355329949238,9.698181049069374
2017-05-13,35.633966244725734,24.038818565400845,10.372995780590717,5.6512658227848105,9.317088607594936,9.693881856540084
2017-05-14,35.633966244725734,24.038818565400845,10.372995780590717,5.6512658227848105,9.317088607594936,9.693881856540084
2017-05-15,35.633966244725734,24.038818565400845,10.372995780590717,5.6512658227848105,9.317088607594936,9.693881856540084
2017-05-16,35.62383966244725,24.047046413502112,10.362236286919831,5.656329113924051,9.316455696202532,9.70717299578059
2017-05-17,35.62984006734007,24.051978114478118,10.35374579124579,5.662247474747475,9.313131313131313,9.7003367003367
2017-05-18,35.63581024349286,24.05688497061293,10.347816960537363,5.670654911838791,9.30478589420655,9.698572628043662
2017-05-19,35.63077246011755,24.061922753988245,10.34026028547439,5.675692695214106,9.30478589420655,9.703610411418977
2017-05-20,35.63672529313233,24.06679229480737,10.331867671691791,5.6790201005025125,9.304020100502512,9.699329983249582
2017-05-21,35.623215785054576,24.064441645675902,10.332703610411418,5.680730478589421,9.306045340050378,9.711167086481948
2017-05-22,35.614399664147776,24.071998320738878,10.322628043660789,5.6895465994962215,9.306045340050378,9.71872376154492
2017-05-23,35.61188077246012,24.071998320738878,10.315071368597817,5.697103274559194,9.303526448362721,9.723761544920235
2017-05-24,35.61188077246012,24.071998320738878,10.315071368597817,5.697103274559194,9.303526448362721,9.723761544920235
2017-05-25,35.61188077246012,24.071998320738878,10.315071368597817,5.697103274559194,9.303526448362721,9.723761544920235
2017-05-26,35.604324097397146,24.074517212426535,10.310033585222502,5.7071788413098234,9.298488664987406,9.731318219983208
2017-05-27,35.610343383584585,24.076842546063652,10.304229480737018,5.7129396984924625,9.295226130653266,9.726968174204355
2017-05-28,35.610343383584585,24.076842546063652,10.304229480737018,5.7129396984924625,9.295226130653266,9.726968174204355
2017-05-29,35.61006683375104,24.081662489557228,10.293441938178779,5.723684210526316,9.296992481203008,9.72514619883041
2017-05-30,35.597780569514235,24.081867671691793,10.294179229480736,5.724246231155779,9.296482412060302,9.738274706867672
2017-05-31,35.60380116959064,24.084168755221388,10.285923141186299,5.732456140350878,9.293233082706767,9.73141186299081
2017-06-01,35.59878863826232,24.07915622389307,10.278404344193817,5.74749373433584,9.288220551378446,9.741436925647452
2017-06-02,35.59628237259816,24.07915622389307,10.270885547201337,5.755012531328321,9.288220551378446,9.748955722639934
2017-06-03,35.602291666666666,24.086458333333336,10.262708333333332,5.758125,9.285,9.744583333333333
2017-06-04,35.58876357560568,24.086675020885547,10.264619883040934,5.761278195488722,9.281954887218046,9.757727652464496
2017-06-05,35.58876357560568,24.086675020885547,10.264619883040934,5.761278195488722,9.281954887218046,9.757727652464496
2017-06-06,35.5812447786132,24.086675020885547,10.254594820384295,5.771303258145363,9.286967418546366,9.765246449456976
2017-06-07,35.574979114452795,24.081662489557228,10.249582289055974,5.778822055137844,9.285714285714286,9.772765246449458
2017-06-08,35.569966583124476,24.07915622389307,10.242063492063492,5.791353383458647,9.280701754385966,9.7827903091061
2017-06-09,35.55883584589615,24.076842546063652,10.242671691792296,5.793341708542713,9.28140703517588,9.794807370184255
2017-06-10,35.567460317460316,24.07915622389307,10.237050960735171,5.796365914786968,9.280701754385966,9.79030910609858
2017-06-11,35.567460317460316,24.07915622389307,10.237050960735171,5.796365914786968,9.280701754385966,9.79030910609858
2017-06-12,35.561194653299914,24.075396825396826,10.22827903091061,5.8088972431077694,9.284461152882205,9.801587301587302
2017-06-13,35.553675856307436,24.07790309106099,10.223266499582289,5.818922305764411,9.279448621553884,9.809106098579782
2017-06-14,35.53747906197655,24.07809882747069,10.223827470686768,5.8209798994974875,9.280150753768844,9.823701842546065
2017-06-15,35.54615705931495,24.07790309106099,10.215747702589809,5.828947368421052,9.276942355889725,9.819131161236426
2017-06-16,35.53245393634841,24.07809882747069,10.216289782244557,5.833542713567839,9.275125628140703,9.831239530988276
2017-06-17,35.54114452798663,24.08040935672515,10.208228905597327,5.836466165413534,9.274436090225564,9.826649958228906
2017-06-18,35.54114452798663,24.08040935672515,10.208228905597327,5.836466165413534,9.274436090225564,9.826649958228906
2017-06-19,35.53119765494137,24.079355108877724,10.21000837520938,5.83856783919598,9.273869346733669,9.84003350083752
2017-06-20,35.52177554438861,24.08312395309883,10.201842546063652,5.850502512562814,9.27324120603015,9.849455611390285
2017-06-21,35.519262981574535,24.07809882747069,10.194304857621441,5.858040201005025,9.27324120603015,9.854480737018426
2017-06-22,35.50545759865659,24.073257766582707,10.192275398824517,5.86272040302267,9.273929471032746,9.869227539882452
2017-06-23,35.50293870696893,24.075776658270364,10.184718723761545,5.8727959697733,9.271410579345089,9.874265323257767
2017-06-24,35.51172529313233,24.075586264656618,10.17922948073702,5.875628140703518,9.27072864321608,9.869556113902847
2017-06-25,35.51172529313233,24.075586264656618,10.17922948073702,5.875628140703518,9.27072864321608,9.869556113902847
2017-06-26,35.492863140218304,24.075776658270364,10.17968094038623,5.880352644836272,9.271410579345089,9.884340890008398
2017-06-27,35.48026868178002,24.083333333333336,10.168345927791773,5.890428211586902,9.271410579345089,9.895675902602855
2017-06-28,35.49162479061977,24.08061139028476,10.165410385259632,5.89321608040201,9.27072864321608,9.888400335008376
2017-06-29,35.50292397660819,24.07790309106099,10.1624895572264,5.898496240601504,9.270050125313283,9.881161236424395
2017-06-30,35.50292397660819,24.07790309106099,10.1624895572264,5.898496240601504,9.270050125313283,9.881161236424395
2017-07-01,35.4954051796157,24.072890559732667,10.157477025898078,5.908521303258145,9.267543859649123,9.891186299081037
2017-07-02,35.47906197654941,24.069304857621443,10.159128978224455,5.913316582914573,9.266959798994975,9.907244556113904
2017-07-03,35.46524288107202,24.074329983249584,10.14782244556114,5.925879396984925,9.26821608040201,9.919807370184255
2017-07-04,35.46524288107202,24.074329983249584,10.14782244556114,5.925879396984925,9.26821608040201,9.919807370184255
2017-07-05,35.46147403685092,24.068048576214405,10.142797319932999,5.932160804020101,9.266959798994975,9.927345058626466
2017-07-06,35.45644891122278,24.065536013400337,10.136515912897822,5.939698492462312,9.265703517587939,9.937395309882747
2017-07-07,35.448911222780566,24.063023450586265,10.128978224455611,5.949748743718593,9.265703517587939,9.944932998324958
2017-07-08,35.455304928989136,24.065371762740185,10.123642439431913,5.954887218045113,9.265037593984962,9.937552213868004
2017-07-09,35.438860971524285,24.063023450586265,10.125209380234507,5.959798994974874,9.264447236180905,9.95498324958124
2017-07-10,35.44026733500417,24.065371762740185,10.116123642439431,5.967418546365915,9.265037593984962,9.953842940685046
2017-07-11,35.43525480367585,24.060359231411866,10.11111111111111,5.974937343358396,9.262531328320803,9.963868003341688
2017-07-12,35.41876046901172,24.060510887772196,10.11139028475712,5.977386934673367,9.263190954773869,9.978852596314908
2017-07-13,35.40470193115029,24.05814441645676,10.109151973131823,5.982367758186398,9.263853904282115,9.993912678421495
2017-07-14,35.38552188552188,24.058291245791246,10.109427609427609,5.987373737373737,9.26199494949495,10.011574074074074
2017-07-15,35.392107472712006,24.060663308144417,10.104114189756508,5.98992443324937,9.261335012594458,10.006507136859781
2017-07-16,35.392107472712006,24.060663308144417,10.104114189756508,5.98992443324937,9.261335012594458,10.006507136859781
2017-07-17,35.3766835016835,24.05702861952862,10.105639730639732,5.994949494949495,9.260732323232324,10.024200336700337
2017-07-18,35.365951178451176,24.062079124579125,10.097432659932661,6.006944444444445,9.258838383838384,10.038089225589227
2017-07-19,35.36090067340067,24.05702861952862,10.089856902356903,6.014520202020202,9.258838383838384,10.045664983164983
2017-07-20,35.36090067340067,24.05702861952862,10.089856902356903,6.014520202020202,9.258838383838384,10.045664983164983
2017-07-21,35.35332491582491,24.05702861952862,10.084806397306398,6.024621212121212,9.256313131313131,10.058291245791246
2017-07-22,35.359991603694375,24.059403862300588,10.079554995801848,6.029596977329975,9.255667506297229,10.053106633081445
2017-07-23,35.34069865319865,24.058291245791246,10.079755892255893,6.034722222222222,9.255050505050505,10.070917508417509
2017-07-24,35.34069865319865,24.058291245791246,10.079755892255893,6.034722222222222,9.255050505050505,10.070917508417509
2017-07-25,35.33186026936027,24.0608164983165,10.070917508417509,6.043560606060606,9.258838383838384,10.086069023569024
2017-07-26,35.3436188077246,24.055625524769102,10.065701091519731,6.0484886649874054,9.258186397984886,10.07829554995802
2017-07-27,35.35531825795645,24.052973199329983,10.060510887772194,6.053391959798995,9.25502512562814,10.075586264656616
2017-07-28,35.336062132661624,24.053106633081445,10.060663308144417,6.0585642317380355,9.253148614609572,10.090890008396306
2017-07-29,35.3427554438861,24.052973199329983,10.055485762144054,6.063442211055277,9.25251256281407,10.08814907872697
2017-07-30,35.3427554438861,24.052973199329983,10.055485762144054,6.063442211055277,9.25251256281407,10.08814907872697
2017-07-31,35.324727120067166,24.055625524769102,10.054366078925273,6.067380352644836,9.253148614609572,10.103484466834594
2017-08-01,35.30961376994122,24.059403862300588,10.046809403862301,6.077455919395466,9.255667506297229,10.119857262804366
2017-08-02,35.3213986599665,24.05422948073702,10.041666666666668,6.082286432160804,9.25251256281407,10.114530988274707
2017-08-03,35.30457598656591,24.054366078925273,10.039252728799328,6.087531486146096,9.253148614609572,10.129932829554996
2017-08-04,35.30457598656591,24.054366078925273,10.039252728799328,6.087531486146096,9.253148614609572,10.129932829554996
2017-08-05,35.29198152812762,24.051847187237616,10.031696053736356,6.097607052896725,9.253148614609572,10.142527287993284
2017-08-06,35.277567340067336,24.05071548821549,10.029250841750843,6.101641414141414,9.253787878787879,10.158038720538721
2017-08-07,35.28190596137699,24.053106633081445,10.020361041141898,6.108942065491184,9.256926952141058,10.15512174643157
2017-08-08,35.264309764309765,24.051978114478118,10.021043771043772,6.112373737373737,9.256313131313131,10.172558922558922
2017-08-09,35.274979009235935,24.050587741393787,10.015952980688498,6.1158690176322414,9.2544080604534,10.167086481947944
2017-08-10,35.25799663299663,24.045664983164986,10.015993265993266,6.121212121212121,9.255050505050505,10.185185185185185
2017-08-11,35.252946127946124,24.045664983164986,10.010942760942761,6.1313131313131315,9.25,10.195286195286196
2017-08-12,35.25986565910999,24.045549958018473,10.00335852225021,6.1360201511335015,9.251889168765743,10.18975650713686
2017-08-13,35.25986565910999,24.045549958018473,10.00335852225021,6.1360201511335015,9.251889168765743,10.18975650713686
2017-08-14,35.25986565910999,24.045549958018473,10.00335852225021,6.1360201511335015,9.251889168765743,10.18975650713686
2017-08-15,35.24853064651553,24.049958018471873,9.995172124265324,6.148614609571789,9.248740554156171,10.20549958018472
2017-08-16,35.24223341729639,24.04366078925273,9.990134340890009,6.157430730478589,9.244962216624685,10.216834592779177
2017-08-17,35.24223341729639,24.04366078925273,9.990134340890009,6.157430730478589,9.244962216624685,10.216834592779177
2017-08-18,35.2276936026936,24.043771043771045,9.990109427609427,6.162878787878788,9.243055555555555,10.23253367003367
2017-08-19,35.237195633921075,24.04366078925273,9.985096557514694,6.167506297229219,9.242443324937028,10.22439126784215
2017-08-20,35.22138047138047,24.04503367003367,9.985058922558922,6.172979797979798,9.241792929292929,10.238846801346801
2017-08-21,35.22138047138047,24.04503367003367,9.985058922558922,6.172979797979798,9.241792929292929,10.238846801346801
2017-08-22,35.2182239057239,24.04503367003367,9.975589225589227,6.184343434343434,9.235479797979798,10.25273569023569
2017-08-23,35.20812289562289,24.04503367003367,9.962962962962964,6.194444444444445,9.23800505050505,10.265361952861953
2017-08-24,35.215155331654074,24.039882451721244,9.958018471872377,6.2015113350125946,9.237405541561714,10.26469353484467
2017-08-25,35.21011754827875,24.03484466834593,9.950461796809405,6.214105793450882,9.234886649874056,10.277287993282956
2017-08-26,35.21712730318258,24.032244556113906,9.943048576214405,6.221105527638191,9.234296482412061,10.271566164154104
2017-08-27,35.21712730318258,24.032244556113906,9.943048576214405,6.221105527638191,9.234296482412061,10.271566164154104
2017-08-28,35.20130142737195,24.032325776658272,9.941645675902603,6.226700251889169,9.233627204030226,10.284844668345928
2017-08-29,35.19122586062132,24.032325776658272,9.932829554995802,6.236775818639798,9.233627204030226,10.299958018471873
2017-08-30,35.19828308207705,24.032244556113906,9.925460636515913,6.241206030150754,9.233040201005025,10.296691792294807
2017-08-31,35.1857202680067,24.025963149078727,9.919179229480738,6.251256281407035,9.234296482412061,10.314279731993299
2017-09-01,35.18069514237856,24.018425460636518,9.911641541038525,6.266331658291457,9.23178391959799,10.32432998324958
2017-09-02,35.18776106934001,24.01837928153718,9.906850459482039,6.2706766917293235,9.231203007518797,10.318504594820384
2017-09-03,35.175670016750416,24.018425460636518,9.906616415410385,6.276381909547739,9.230527638190955,10.330611390284757
2017-09-04,35.17898913951545,24.0171261487051,9.898078529657477,6.2819548872180455,9.232456140350877,10.331035923141185
2017-09-05,35.16310720268007,24.01528475711893,9.898450586264657,6.285175879396985,9.232412060301508,10.347571189279732
2017-09-06,35.153685092127304,24.014028475711893,9.892797319932999,6.297738693467337,9.231155778894472,10.358877721943047
2017-09-07,35.159565580618214,24.007727652464496,9.889306599832915,6.305764411027569,9.231829573934837,10.35672514619883
2017-09-08,35.15329991645781,24.003968253968257,9.884294068504595,6.315789473684211,9.233082706766917,10.366750208855471
2017-09-09,35.157916666666665,24.003958333333333,9.879583333333334,6.32,9.2325,10.363333333333333
2017-09-10,35.14703425229741,24.002715121136177,9.880534670008355,6.325814536340852,9.230576441102757,10.374269005847953
2017-09-11,35.150416666666665,24.001458333333336,9.870833333333334,6.3325,9.23375,10.375833333333333
2017-09-12,35.13826232247285,24.001461988304094,9.870509607351712,6.335839598997493,9.231829573934837,10.391812865497075
2017-09-13,35.142916666666665,23.998958333333334,9.865833333333335,6.34,9.23375,10.388333333333332
2017-09-14,35.13291666666667,23.983958333333334,9.859583333333333,6.35375,9.23375,10.405833333333332
2017-09-15,35.12291666666667,23.978958333333335,9.854583333333334,6.36875,9.23125,10.415833333333332
2017-09-16,35.12510390689942,23.97402327514547,9.849958437240232,6.375311720698255,9.233167082294264,10.417290108063174
2017-09-17,35.11666666666667,23.975208333333335,9.848333333333334,6.38125,9.23,10.428333333333333
2017-09-18,35.11886949293433,23.97028262676642,9.84123025768911,6.387780548628429,9.234413965087281,10.42975893599335
2017-09-19,35.1095178719867,23.966541978387365,9.83624272651704,6.4002493765586035,9.233167082294264,10.440980881130507
2017-09-20,35.09729166666666,23.966458333333335,9.835833333333333,6.40375,9.23375,10.452083333333333
2017-09-21,35.100789692435576,23.96093100581879,9.831255195344971,6.41147132169576,9.232543640897756,10.452202826267664
2017-09-22,35.08894430590191,23.952826267664175,9.828137988362428,6.425187032418953,9.232543640897756,10.46778886118038
2017-09-23,35.08894430590191,23.952826267664175,9.828137988362428,6.425187032418953,9.232543640897756,10.46778886118038
2017-09-24,35.08894430590191,23.952826267664175,9.828137988362428,6.425187032418953,9.232543640897756,10.46778886118038
2017-09-25,35.079166666666666,23.952708333333334,9.828958333333334,6.42875,9.230625,10.478958333333333
2017-09-26,35.06934001670844,23.950083542188807,9.831035923141187,6.432330827067669,9.231203007518797,10.487677527151211
2017-09-27,35.05695142378559,23.94744556113903,9.830611390284757,6.435929648241206,9.23178391959799,10.501465661641541
2017-09-28,35.04198152812762,23.944794290512178,9.83270361041142,6.442065491183879,9.232367758186397,10.512804366078925
2017-09-29,35.02686817800168,23.934718723761545,9.837741393786734,6.454659949622166,9.232367758186397,10.527917716204868
2017-09-30,35.02177554438861,23.927345058626468,9.83814907872697,6.46608040201005,9.234296482412061,10.531616415410385
2017-10-01,35.00418760469012,23.91855108877722,9.83814907872697,6.483668341708543,9.234296482412061,10.547948073701841
2017-10-02,35.00418760469012,23.91855108877722,9.83814907872697,6.483668341708543,9.234296482412061,10.547948073701841
2017-10-03,34.99664147774979,23.915827036104115,9.837741393786734,6.487405541561713,9.234886649874056,10.556884970612929
2017-10-04,34.98911222780569,23.905988274706868,9.83814907872697,6.498743718592965,9.236809045226131,10.560510887772194
2017-10-05,34.98911222780569,23.905988274706868,9.83814907872697,6.498743718592965,9.236809045226131,10.560510887772194
2017-10-06,34.984047019311504,23.90071368597817,9.840260285474391,6.502518891687657,9.234886649874056,10.569479429051217
2017-10-07,34.97654941373534,23.895938023450586,9.83814907872697,6.511306532663316,9.236809045226131,10.573073701842546
2017-10-08,34.97145256087322,23.8931570109152,9.839000839630563,6.515113350125945,9.236146095717885,10.580814441645675
2017-10-09,34.96380471380471,23.887836700336702,9.839856902356903,6.517676767676767,9.236742424242424,10.589856902356901
2017-10-10,34.9486531986532,23.882786195286197,9.834806397306398,6.5353535353535355,9.234217171717171,10.605008417508417
2017-10-11,34.94122586062132,23.873005877413938,9.837741393786734,6.5465994962216625,9.233627204030226,10.608522250209907
2017-10-12,34.92485306465155,23.86167086481948,9.836481947942906,6.561712846347607,9.236146095717885,10.618597816960536
2017-10-13,34.912258606213264,23.849076406381194,9.839000839630563,6.576826196473552,9.236146095717885,10.631192275398824
2017-10-14,34.90242881072027,23.841917922948074,9.839405360134004,6.5879396984924625,9.238065326633166,10.63463149078727
2017-10-15,34.90242881072027,23.841917922948074,9.839405360134004,6.5879396984924625,9.238065326633166,10.63463149078727
2017-10-16,34.894891122278054,23.834380234505865,9.835636515912897,6.601758793969849,9.236809045226131,10.645938023450585
2017-10-17,34.892107472712006,23.83396305625525,9.83270361041142,6.603274559193955,9.237405541561714,10.657640638119227
2017-10-18,34.88484087102177,23.824329983249584,9.835636515912897,6.614321608040201,9.236809045226131,10.661013400335008
2017-10-19,34.875104427736005,23.817251461988306,9.833542188805348,6.62781954887218,9.238721804511279,10.66687552213868
2017-10-20,34.8625730994152,23.807226399331665,9.836048454469507,6.645363408521304,9.236215538847118,10.676900584795321
2017-10-21,34.85541666666666,23.800208333333334,9.836458333333333,6.65625,9.235625,10.680208333333333
2017-10-22,34.85380116959064,23.798454469507103,9.836048454469507,6.659147869674185,9.233709273182958,10.686925647451963
2017-10-23,34.85380116959064,23.798454469507103,9.836048454469507,6.659147869674185,9.233709273182958,10.686925647451963
2017-10-24,34.84628237259816,23.79093567251462,9.831035923141187,6.671679197994988,9.236215538847118,10.701963241436925
2017-10-25,34.833751044277356,23.78404344193818,9.827903091060985,6.68796992481203,9.237468671679197,10.710735171261486
2017-10-26,34.833751044277356,23.78404344193818,9.827903091060985,6.68796992481203,9.237468671679197,10.710735171261486
2017-10-27,34.82623224728488,23.77151211361738,9.830409356725147,6.703007518796992,9.237468671679197,10.718253968253968
2017-10-28,34.81666666666666,23.767083333333336,9.830833333333334,6.71375,9.236875,10.721458333333333
2017-10-29,34.8187134502924,23.766499582289057,9.830409356725147,6.715538847117794,9.232456140350877,10.723266499582289
2017-10-30,34.80916666666666,23.759583333333335,9.830833333333334,6.72625,9.234375,10.728958333333333
2017-10-31,34.801169590643276,23.756474519632416,9.830409356725147,6.730576441102757,9.237468671679197,10.738304093567251
2017-11-01,34.79666666666667,23.747083333333336,9.833333333333334,6.74125,9.236875,10.738958333333333
2017-11-02,34.78613199665831,23.741436925647452,9.835421888053467,6.7481203007518795,9.237468671679197,10.745822890559731
2017-11-03,34.780569514237854,23.738274706867674,9.83500837520938,6.75251256281407,9.238065326633166,10.752721943048575
2017-11-04,34.77109440267335,23.73141186299081,9.837928153717629,6.760651629072682,9.239974937343359,10.755847953216373
2017-11-05,34.77051926298157,23.731993299832496,9.83752093802345,6.765075376884422,9.238065326633166,10.756490787269682
2017-11-06,34.76046901172529,23.721943048576215,9.83752093802345,6.780150753768845,9.238065326633166,10.766541038525963
2017-11-07,34.751044277360066,23.71762740183793,9.834168755221388,6.7894736842105265,9.241228070175438,10.773391812865496
2017-11-08,34.74225293132328,23.71566164154104,9.834380234505863,6.794597989949748,9.241206030150753,10.780360134003349
2017-11-09,34.72466499162479,23.70561139028476,9.836892797319933,6.812185929648241,9.243718592964823,10.79041038525963
2017-11-10,34.71893366918556,23.699832073887492,9.839000839630563,6.816750629722922,9.244332493702771,10.799958018471871
2017-11-11,34.7070770519263,23.695561139028477,9.839405360134004,6.827261306532663,9.246231155778894,10.805485762144054
2017-11-12,34.707598656591095,23.697313182199835,9.84151973131822,6.829345088161209,9.243073047858942,10.807514693534843
2017-11-13,34.70079564489112,23.688023450586265,9.841917922948074,6.842336683417085,9.242462311557789,10.810510887772194
2017-11-14,34.68320770519263,23.677973199329983,9.839405360134004,6.856155778894473,9.246231155778894,10.82684254606365
2017-11-15,34.68320770519263,23.677973199329983,9.839405360134004,6.856155778894473,9.246231155778894,10.82684254606365
2017-11-16,34.66310720268007,23.667922948073702,9.844430485762144,6.873743718592965,9.251256281407036,10.834380234505861
2017-11-17,34.65054438860972,23.65787269681742,9.849455611390285,6.888819095477387,9.248743718592964,10.841917922948072
2017-11-18,34.641395154553045,23.65121136173768,9.85233918128655,6.896616541353383,9.24812030075188,10.847326649958228
2017-11-19,34.641750418760466,23.651591289782246,9.853224455611391,6.900125628140704,9.24748743718593,10.848199329983249
2017-11-20,34.634294068504595,23.644945697577278,9.856934001670844,6.909565580618212,9.246867167919799,10.850250626566416
2017-11-21,34.61299081035923,23.637426900584796,9.856307435254804,6.923350041771094,9.252506265664161,10.8703007518797
2017-11-22,34.606993299832496,23.634003350083752,9.853433835845896,6.930695142378559,9.255653266331658,10.87248743718593
2017-11-23,34.600459482038424,23.627401837928154,9.853801169590644,6.943400167084377,9.257518796992482,10.87531328320802
2017-11-24,34.59443048576214,23.62395309882747,9.853433835845896,6.950795644891122,9.255653266331658,10.882537688442211
2017-11-25,34.590434419381786,23.619883040935672,9.853801169590644,6.95593149540518,9.257518796992482,10.882832080200501
2017-11-26,34.590434419381786,23.619883040935672,9.853801169590644,6.95593149540518,9.257518796992482,10.882832080200501
2017-11-27,34.584168755221384,23.612364243943194,9.857560568086885,6.965956558061821,9.257518796992482,10.887844611528822
2017-11-28,34.575586264656614,23.61139028475712,9.857202680067003,6.973408710217755,9.258165829145728,10.895100502512562
2017-11-29,34.575586264656614,23.61139028475712,9.857202680067003,6.973408710217755,9.258165829145728,10.895100502512562
2017-11-30,34.56051088777219,23.605108877721946,9.859715242881073,6.988484087102178,9.258165829145728,10.900125628140703
2017-12-01,34.55436607892527,23.599076406381194,9.861880772460118,6.996011754827875,9.256297229219143,10.90743073047859
2017-12-02,34.55046063651591,23.592546063651593,9.862227805695143,7.001046901172529,9.258165829145728,10.910175879396984
2017-12-03,34.549328295549955,23.59277917716205,9.864399664147776,7.0048278757346765,9.256297229219143,10.912468513853904
2017-12-04,34.53421494542401,23.58396305625525,9.865659109991604,7.017422334172964,9.257556675062972,10.921284634760704
2017-12-05,34.51658270361041,23.57388748950462,9.866918555835433,7.03001679261125,9.263853904282115,10.933879093198993
2017-12-06,34.51658270361041,23.57388748950462,9.866918555835433,7.03001679261125,9.263853904282115,10.933879093198993
2017-12-07,34.50146935348447,23.566330814441645,9.86943744752309,7.042611251049538,9.268891687657431,10.941435768261965
2017-12-08,34.486356003358516,23.56129303106633,9.876994122586062,7.05016792611251,9.268891687657431,10.951511335012594
2017-12-09,34.48262144053601,23.554857621440537,9.879815745393635,7.055067001675042,9.27072864321608,10.954145728643216
2017-12-10,34.4788525963149,23.547319932998327,9.886097152428812,7.060092127303182,9.265703517587939,10.957914572864322
2017-12-11,34.467464315701086,23.546179680940387,9.885810243492864,7.067800167926112,9.263853904282115,10.96536523929471
2017-12-12,34.45875209380234,23.542294807370187,9.887353433835846,7.072654941373534,9.266959798994975,10.971733668341708
2017-12-13,34.45875209380234,23.542294807370187,9.887353433835846,7.072654941373534,9.266959798994975,10.971733668341708
2017-12-14,34.45258980785296,23.53341687552214,9.89264828738513,7.077485380116959,9.266290726817042,10.976817042606516
2017-12-15,34.44116415410385,23.532244556113906,9.894891122278057,7.085217755443885,9.264447236180905,10.98178391959799
2017-12-16,34.43629908103592,23.52589807852966,9.89891395154553,7.0875104427736,9.265037593984962,10.985588972431078
2017-12-17,34.43629908103592,23.52589807852966,9.89891395154553,7.0875104427736,9.265037593984962,10.985588972431078
2017-12-18,34.427345058626464,23.527219430485765,9.898659966499164,7.092755443886097,9.263190954773869,10.993090452261306
2017-12-19,34.418755221386796,23.52088554720134,9.89891395154553,7.097535505430242,9.267543859649123,11.00062656641604
2017-12-20,34.418755221386796,23.52088554720134,9.89891395154553,7.097535505430242,9.267543859649123,11.00062656641604
2017-12-21,34.41770833333333,23.514583333333334,9.902916666666668,7.104791666666666,9.266875,11.000625
2017-12-22,34.41770833333333,23.514583333333334,9.902916666666668,7.104791666666666,9.266875,11.000625
2017-12-23,34.414172901080626,23.507689110556942,9.90378221113882,7.110141313383208,9.268703241895262,11.004364089775562
2017-12-24,34.40645833333333,23.508333333333336,9.903541666666667,7.1154166666666665,9.269375,11.00875
2017-12-25,34.40645833333333,23.508333333333336,9.903541666666667,7.1154166666666665,9.269375,11.00875
2017-12-26,34.39745196324144,23.509607351712617,9.903299916457811,7.120718462823725,9.267543859649123,11.016290726817042
2017-12-27,34.38492063492063,23.497076023391813,9.905806182121973,7.1307435254803675,9.272556390977444,11.023809523809524
2017-12-28,34.38492063492063,23.497076023391813,9.905806182121973,7.1307435254803675,9.272556390977444,11.023809523809524
2017-12-29,34.37332495812395,23.498324958123955,9.905569514237857,7.138609715242881,9.27072864321608,11.03140703517588
2017-12-30,34.37332495812395,23.498324958123955,9.905569514237857,7.138609715242881,9.27072864321608,11.03140703517588
2017-12-31,34.37174643157011,23.50335852225021,9.905331654072208,7.141477749790092,9.268891687657431,11.03022670025189
2018-01-01,34.37174643157011,23.50335852225021,9.905331654072208,7.141477749790092,9.268891687657431,11.03022670025189
2018-01-02,34.35789252728799,23.49454240134341,9.905331654072208,7.154072208228379,9.271410579345089,11.040302267002518
2018-01-03,34.35196817420435,23.485762144053602,9.908082077051928,7.158710217755443,9.27324120603015,11.047738693467336
2018-01-04,34.34191792294807,23.476968174204355,9.910594639865998,7.17001675041876,9.275753768844222,11.054020100502512
2018-01-05,34.332703610411414,23.47565071368598,9.910369437447525,7.1754827875734675,9.276448362720403,11.05919395465995
2018-01-06,34.32935510887772,23.466917922948074,9.915619765494139,7.180067001675042,9.275753768844222,11.061557788944723
2018-01-07,34.33312395309883,23.4606365159129,9.921901172529314,7.186348408710217,9.27324120603015,11.055276381909549
2018-01-08,34.31930485762144,23.451842546063652,9.921901172529314,7.198911222780569,9.278266331658292,11.064070351758794
2018-01-09,34.31930485762144,23.451842546063652,9.921901172529314,7.198911222780569,9.278266331658292,11.064070351758794
2018-01-10,34.31930485762144,23.451842546063652,9.921901172529314,7.198911222780569,9.278266331658292,11.064070351758794
2018-01-11,34.31930485762144,23.451842546063652,9.921901172529314,7.198911222780569,9.278266331658292,11.064070351758794
2018-01-12,34.31507136859781,23.44794290512175,9.92422334172964,7.204450041981528,9.27896725440806,11.066750629722922
2018-01-13,34.314279731993295,23.44179229480737,9.926926298157454,7.20644891122278,9.278266331658292,11.071608040201005
2018-01-14,34.3188497061293,23.442905121746435,9.926742233417297,7.209487825356843,9.27896725440806,11.066750629722922
2018-01-15,34.31192275398824,23.428421494542402,9.931780016792612,7.2164147774979,9.280856423173804,11.073047858942065
2018-01-16,34.30765993265993,23.426978114478118,9.931607744107746,7.222011784511784,9.279040404040405,11.075757575757576
2018-01-17,34.30765993265993,23.426978114478118,9.931607744107746,7.222011784511784,9.279040404040405,11.075757575757576
2018-01-18,34.30008417508417,23.411826599326602,9.934132996632997,7.2295875420875415,9.284090909090908,11.078282828282829
2018-01-19,34.29755892255892,23.40172558922559,9.941708754208754,7.237163299663299,9.284090909090908,11.078282828282829
2018-01-20,34.29429051217464,23.395675902602857,9.941855583543243,7.2390848026868175,9.285894206549118,11.083123425692696
2018-01-21,34.2968094038623,23.38308144416457,9.946893366918557,7.244122586062132,9.285894206549118,11.081863979848867
2018-01-22,34.29606365159129,23.367043551088777,9.952051926298159,7.2460217755443885,9.290201005025125,11.086683417085426
2018-01-23,34.28601340033501,23.351968174204355,9.952051926298159,7.25858458961474,9.295226130653266,11.094221105527637
2018-01-24,34.28601340033501,23.351968174204355,9.952051926298159,7.25858458961474,9.295226130653266,11.094221105527637
2018-01-25,34.284043441938174,23.34356725146199,9.95405179615706,7.265455304928989,9.295112781954888,11.096491228070175
2018-01-26,34.2822445561139,23.341917922948074,9.95644891122278,7.273659966499162,9.293341708542714,11.094221105527637
2018-01-27,34.281537176274014,23.33354218880535,9.95906432748538,7.27548036758563,9.295112781954888,11.096491228070175
2018-01-28,34.281537176274014,23.33354218880535,9.95906432748538,7.27548036758563,9.295112781954888,11.096491228070175
2018-01-29,34.28467000835422,23.322890559732667,9.96031746031746,7.282999164578111,9.295112781954888,11.098997493734336
2018-01-30,34.280360134003345,23.321189279731996,9.960217755443887,7.288735343383585,9.295854271356784,11.10175879396985
2018-01-31,34.280360134003345,23.321189279731996,9.960217755443887,7.288735343383585,9.295854271356784,11.10175879396985
2018-02-01,34.27715121136173,23.307852965747703,9.962823725981622,7.295530492898914,9.300125313283209,11.109022556390977
2018-02-02,34.267126148705096,23.295321637426902,9.975355054302424,7.300543024227235,9.30513784461153,11.114035087719298
2018-02-03,34.26395833333333,23.287083333333335,9.977916666666667,7.304791666666667,9.306875,11.11875
2018-02-04,34.26837928153717,23.2890559732665,9.975355054302424,7.305555555555555,9.306390977443609,11.115288220551378
2018-02-05,34.26208333333333,23.274583333333336,9.982291666666667,7.311041666666666,9.308125,11.1225
2018-02-06,34.26211361737677,23.27401837928154,9.980994152046785,7.313074352548036,9.306390977443609,11.12593984962406
2018-02-07,34.255234505862646,23.272194304857624,9.983458961474037,7.318886097152428,9.30464824120603,11.126256281407036
2018-02-08,34.245184254606365,23.25460636515913,9.990996649916248,7.3289363484087096,9.30464824120603,11.136306532663317
2018-02-09,34.23513400335008,23.23953098827471,9.998534338358459,7.344011725293132,9.30464824120603,11.138819095477388
2018-02-10,34.23454469507101,23.23141186299081,10.001044277360068,7.348162071846282,9.303884711779448,11.140977443609023
2018-02-11,34.23890284757119,23.233249581239534,9.999790619765495,7.350293132328308,9.30213567839196,11.137562814070352
2018-02-12,34.22702589807853,23.21637426900585,10.007309941520468,7.3581871345029235,9.307644110275689,11.147243107769423
2018-02-13,34.2250837520938,23.214405360134005,10.007328308207706,7.361599664991624,9.305904522613066,11.150125628140703
2018-02-14,34.2250837520938,23.214405360134005,10.007328308207706,7.361599664991624,9.305904522613066,11.150125628140703
2018-02-15,34.21503350083752,23.19681742043551,10.012353433835846,7.369137353433835,9.313442211055277,11.162688442211055
2018-02-16,34.21053736356003,23.194794290512178,10.01238455079765,7.375104953820319,9.314231738035264,11.163098236775818
2018-02-17,34.20875209380234,23.180485762144055,10.017378559463987,7.379187604690117,9.315954773869347,11.168969849246231
2018-02-18,34.208648194794286,23.18094038623006,10.016162888329136,7.382031905961377,9.314231738035264,11.168765743073047
2018-02-19,34.20309882747068,23.161641541038527,10.023659966499164,7.38609715242881,9.318467336683417,11.180904522613066
2018-02-20,34.201091519731314,23.159529806884972,10.023719563392108,7.389588581024349,9.316750629722922,11.18639798488665
2018-02-21,34.201091519731314,23.159529806884972,10.023719563392108,7.389588581024349,9.316750629722922,11.18639798488665
2018-02-22,34.200586264656614,23.144053601340033,10.028685092127304,7.393634840871021,9.318467336683417,11.193467336683417
2018-02-23,34.19430485762144,23.127093802345062,10.033710217755445,7.404941373534338,9.319095477386934,11.199748743718592
2018-02-24,34.193817878028405,23.112990810359232,10.037385129490394,7.410192147034252,9.320802005012531,11.206766917293233
2018-02-25,34.193817878028405,23.112990810359232,10.037385129490394,7.410192147034252,9.320802005012531,11.206766917293233
2018-02-26,34.193817878028405,23.09419381787803,10.039891395154553,7.416457811194653,9.325814536340852,11.218045112781954
2018-02-27,34.191792294807364,23.094430485762146,10.03747906197655,7.42001675041876,9.326633165829145,11.22110552763819
2018-02-28,34.191792294807364,23.094430485762146,10.03747906197655,7.42001675041876,9.326633165829145,11.22110552763819
2018-03-01,34.19131161236424,23.081662489557228,10.039891395154553,7.423976608187134,9.325814536340852,11.230576441102757
2018-03-02,34.18676716917923,23.079355108877724,10.03747906197655,7.430067001675042,9.326633165829145,11.231155778894472
2018-03-03,34.18629908103592,23.064118629908105,10.042397660818715,7.4340016708437755,9.328320802005013,11.238095238095237
2018-03-04,34.191792294807364,23.06679229480737,10.04250418760469,7.436348408710217,9.324120603015075,11.233668341708542
2018-03-05,34.19005847953216,23.051587301587304,10.047410192147035,7.4415204678362565,9.327067669172932,11.240601503759398
2018-03-06,34.188023450586265,23.05422948073702,10.04752931323283,7.442629815745393,9.325376884422111,11.241206030150753
2018-03-07,34.18345927791771,23.059403862300588,10.047649034424854,7.443744752308984,9.328715365239296,11.23425692695214
2018-03-08,34.1813973063973,23.057659932659934,10.045244107744109,7.4461279461279455,9.330808080808081,11.234217171717171
2018-03-09,34.18185654008438,23.060337552742617,10.03776371308017,7.449789029535864,9.331645569620253,11.229746835443038
2018-03-10,34.17887205387205,23.050084175084177,10.042718855218856,7.451178451178451,9.333333333333334,11.234217171717171
2018-03-11,34.1813973063973,23.039983164983166,10.047769360269362,7.456228956228956,9.332070707070708,11.234217171717171
2018-03-12,34.179324894514764,23.047679324894517,10.04029535864979,7.4599156118143455,9.335443037974683,11.229746835443038
2018-03-13,34.17382154882154,23.033670033670035,10.042718855218856,7.46506734006734,9.342171717171718,11.239267676767676
2018-03-14,34.17426160337553,23.036286919831227,10.03776371308017,7.466244725738396,9.345569620253164,11.234810126582278
2018-03-15,34.17426160337553,23.036286919831227,10.03776371308017,7.466244725738396,9.345569620253164,11.234810126582278
2018-03-16,34.16919831223628,23.028691983122364,10.035232067510549,7.473839662447257,9.350632911392404,11.237341772151899
2018-03-17,34.167508417508415,23.01851851851852,10.037668350168351,7.476430976430976,9.352272727272727,11.243055555555555
2018-03-18,34.167508417508415,23.01851851851852,10.037668350168351,7.476430976430976,9.352272727272727,11.243055555555555
2018-03-19,34.17299578059072,23.026160337552746,10.03143459915612,7.480168776371308,9.348101265822784,11.23860759493671
2018-03-20,34.16286919831224,23.019831223628692,10.025105485232068,7.487763713080168,9.358227848101265,11.25126582278481
2018-03-21,34.16245791245791,23.009680134680135,10.02756734006734,7.494107744107744,9.359848484848484,11.254419191919192
2018-03-22,34.15952980688497,22.998320738874895,10.03127623845508,7.499160369437448,9.361460957178842,11.2588161209068
2018-03-23,34.16245791245791,23.00084175084175,10.023779461279462,7.502946127946127,9.36489898989899,11.254419191919192
2018-03-24,34.15827036104114,22.989504617968095,10.028757346767422,7.506717044500419,9.367758186397985,11.26007556675063
2018-03-25,34.16372053872053,22.997053872053872,10.022516835016836,7.506734006734006,9.368686868686869,11.255681818181818
2018-03-26,34.15952980688497,22.981947942905123,10.023719563392108,7.513014273719563,9.375314861460957,11.265113350125944
2018-03-27,34.157407407407405,22.986952861952865,10.016203703703704,7.514309764309764,9.378787878787879,11.268308080808081
2018-03-28,34.15780590717299,22.99198312236287,10.008649789029537,7.515611814345991,9.384810126582279,11.26139240506329
2018-03-29,34.153130287648054,22.99450084602369,10.00359560067682,7.516920473773265,9.390862944162437,11.259517766497462
2018-03-30,34.15351993214588,22.997031382527567,9.995971162001696,7.518235793044953,9.39440203562341,11.257633587786259
2018-03-31,34.151861252115054,22.98434856175973,10.00105752961083,7.52072758037225,9.397208121827411,11.260786802030458
2018-04-01,34.158608990670054,22.993214588634437,9.992154368108567,7.520780322307039,9.396946564885496,11.257633587786259
2018-04-02,34.158608990670054,22.993214588634437,9.992154368108567,7.520780322307039,9.396946564885496,11.257633587786259
2018-04-03,34.15351993214588,22.98558100084818,9.981976251060221,7.528413910093299,9.404580152671755,11.270356234096692
2018-04-04,34.15351993214588,22.98558100084818,9.981976251060221,7.528413910093299,9.404580152671755,11.270356234096692
2018-04-05,34.15059221658206,22.972927241962775,9.987098138747886,7.532148900169204,9.406091370558375,11.277284263959391
2018-04-06,34.15351993214588,22.97540288379983,9.979431721798134,7.533502968617472,9.407124681933842,11.27798982188295
2018-04-07,34.15059221658206,22.96404399323181,9.983291032148902,7.535956006768189,9.40989847715736,11.282360406091371
2018-04-08,34.15733672603901,22.972858354537745,9.975614927905005,7.537319762510601,9.40966921119593,11.276717557251908
2018-04-09,34.15733672603901,22.972858354537745,9.975614927905005,7.537319762510601,9.40966921119593,11.276717557251908
2018-04-10,34.151611535199315,22.961407972858357,9.974342663273962,7.541136556403732,9.417302798982188,11.288804071246819
2018-04-11,34.14944727891156,22.96641156462585,9.969175170068027,7.54251700680272,9.418367346938776,11.28954081632653
2018-04-12,34.15238704177323,22.970161977834614,9.96142369991475,7.543904518329071,9.421994884910486,11.285166240409207
2018-04-13,34.15238704177323,22.962489343563515,9.963981244671782,7.549019607843137,9.421994884910486,11.287723785166241
2018-04-14,34.15072278911564,22.95110544217687,9.967899659863946,7.552721088435374,9.424744897959183,11.292091836734693
2018-04-15,34.158780903665814,22.95993179880648,9.957587382779199,7.55157715260017,9.423273657289002,11.286445012787723
2018-04-16,34.158780903665814,22.95993179880648,9.957587382779199,7.55157715260017,9.423273657289002,11.286445012787723
2018-04-17,34.15494458653026,22.950980392156865,9.95375106564365,7.554134697357203,9.42838874680307,11.29923273657289
2018-04-18,34.15494458653026,22.950980392156865,9.95375106564365,7.554134697357203,9.42838874680307,11.29923273657289
2018-04-19,34.14944727891156,22.93579931972789,9.958971088435375,7.5603741496598635,9.42984693877551,11.308673469387756
2018-04-20,34.15238704177323,22.9381926683717,9.95375106564365,7.564364876385336,9.430946291560103,11.304347826086957
2018-04-21,34.14944727891156,22.92559523809524,9.958971088435375,7.568027210884353,9.434948979591837,11.308673469387756
2018-04-22,34.15494458653026,22.934356351236147,9.951193520886616,7.56692242114237,9.433503836317136,11.30306905370844
2018-04-23,34.15494458653026,22.926683716965048,9.951193520886616,7.5694799658994025,9.436061381074168,11.31074168797954
2018-04-24,34.15110826939471,22.92156862745098,9.948635976129584,7.578431372549019,9.442455242966751,11.312020460358056
2018-04-25,34.15072278911564,22.915391156462587,9.951318027210885,7.584608843537414,9.441326530612244,11.313775510204081
2018-04-26,34.15072278911564,22.915391156462587,9.951318027210885,7.584608843537414,9.441326530612244,11.313775510204081
2018-04-27,34.15454931972789,22.906462585034014,9.952593537414966,7.5897108843537415,9.44515306122449,11.311224489795919
2018-04-28,34.151611535199315,22.89270568278202,9.959075487701442,7.593299406276505,9.447837150127226,11.315521628498727
2018-04-29,34.1609268707483,22.901360544217688,9.951318027210885,7.592261904761904,9.446428571428571,11.306122448979592
2018-04-30,34.15797285835453,22.886344359626804,9.955258693808313,7.595843935538592,9.44910941475827,11.316793893129772
2018-05-01,34.158375850340136,22.891156462585034,9.94749149659864,7.594812925170068,9.450255102040817,11.32015306122449
2018-05-02,34.158375850340136,22.891156462585034,9.94749149659864,7.594812925170068,9.450255102040817,11.32015306122449
2018-05-03,34.161338448422846,22.895993179880648,9.937127024722933,7.596334185848252,9.453964194373402,11.315856777493606
2018-05-04,34.164316239316236,22.895726495726496,9.929273504273505,7.602991452991453,9.455128205128204,11.311538461538461
2018-05-05,34.16389599317988,22.881926683716966,9.933290707587384,7.605285592497868,9.456521739130435,11.317135549872123
2018-05-06,34.16389599317988,22.881926683716966,9.933290707587384,7.605285592497868,9.456521739130435,11.317135549872123
2018-05-07,34.16773504273504,22.88974358974359,9.925854700854702,7.605555555555555,9.456410256410257,11.313247863247865
2018-05-08,34.163469735720376,22.874680306905372,9.92988064791134,7.607843137254902,9.459079283887467,11.323955669224212
2018-05-09,34.15795068027211,22.862244897959183,9.937712585034014,7.608843537414965,9.457908163265307,11.333333333333334
2018-05-10,34.163469735720376,22.867007672634273,9.932438192668371,7.610400682011935,9.459079283887467,11.323955669224212
2018-05-11,34.16901709401709,22.869230769230768,9.927136752136752,7.614529914529914,9.46025641025641,11.31965811965812
2018-05-12,34.16730605285592,22.854219948849106,9.933716965046889,7.616794543904518,9.461636828644501,11.32523444160273
2018-05-13,34.1767094017094,22.862820512820512,9.925854700854702,7.618376068376068,9.46025641025641,11.315811965811967
2018-05-14,34.17542735042735,22.855128205128207,9.919444444444444,7.623504273504273,9.465384615384615,11.324786324786325
2018-05-15,34.17542735042735,22.855128205128207,9.919444444444444,7.623504273504273,9.465384615384615,11.324786324786325
2018-05-16,34.17542735042735,22.855128205128207,9.919444444444444,7.623504273504273,9.465384615384615,11.324786324786325
2018-05-17,34.17412617220801,22.841858482523442,9.924765558397272,7.6261722080136405,9.466751918158568,11.329497016197784
2018-05-18,34.17668371696505,22.83930093776641,9.924765558397272,7.631287297527707,9.466751918158568,11.329497016197784
2018-05-19,34.17368197278912,22.82568027210884,9.931335034013605,7.634778911564626,9.466836734693878,11.335034013605444
2018-05-20,34.17368197278912,22.82568027210884,9.931335034013605,7.634778911564626,9.466836734693878,11.335034013605444
2018-05-21,34.18435635123615,22.83546462063086,9.923486786018756,7.6338448422847405,9.466751918158568,11.325660699062235
2018-05-22,34.18482905982906,22.84017094017094,9.915598290598291,7.638034188034188,9.467948717948717,11.329059829059831
2018-05-23,34.18611111111111,22.82863247863248,9.911752136752137,7.641880341880342,9.474358974358974,11.332905982905984
2018-05-24,34.18916023993145,22.833333333333332,9.903813196229649,7.646101113967438,9.475578406169666,11.328620394173095
2018-05-25,34.19222508591066,22.835481099656356,9.895833333333334,7.650343642611684,9.47680412371134,11.326890034364263
2018-05-26,34.18916023993145,22.820479862896313,9.903813196229649,7.651242502142246,9.480719794344473,11.333761782347903
2018-05-27,34.19687232219366,22.81790916880891,9.903813196229649,7.651242502142246,9.479434447300772,11.331191088260498
2018-05-28,34.19687232219366,22.81790916880891,9.903813196229649,7.651242502142246,9.479434447300772,11.331191088260498
2018-05-29,34.19173093401886,22.807626392459294,9.899957155098544,7.653813196229649,9.484575835475578,11.345329905741218
2018-05-30,34.19173093401886,22.807626392459294,9.899957155098544,7.653813196229649,9.484575835475578,11.345329905741218
2018-05-31,34.19173093401886,22.807626392459294,9.899957155098544,7.653813196229649,9.484575835475578,11.345329905741218
2018-06-01,34.19222508591066,22.812285223367695,9.889390034364261,7.658075601374571,9.485824742268042,11.346219931271479
2018-06-02,34.18916023993145,22.799914310197085,9.896101113967438,7.657669237360754,9.488431876606684,11.35304198800343
2018-06-03,34.19995704467354,22.808419243986254,9.890678694158076,7.656786941580757,9.484536082474227,11.346219931271479
2018-06-04,34.19430162810626,22.793487574978577,9.893530419880035,7.657669237360754,9.489717223650386,11.358183376178236
2018-06-05,34.196735395189,22.79810996563574,9.886812714776633,7.659364261168386,9.489690721649485,11.358462199312717
2018-06-06,34.196735395189,22.79810996563574,9.886812714776633,7.659364261168386,9.489690721649485,11.358462199312717
2018-06-07,34.204995693367785,22.80275624461671,9.876184323858743,7.661068044788975,9.490956072351421,11.351636520241174
2018-06-08,34.204995693367785,22.797588285960376,9.876184323858743,7.666236003445306,9.493540051679586,11.354220499569339
2018-06-09,34.20060137457045,22.78651202749141,9.881658075601376,7.668384879725086,9.496134020618557,11.35975085910653
2018-06-10,34.20887166236004,22.79371231696813,9.873600344530578,7.670111972437554,9.492248062015504,11.355512489233421
2018-06-11,34.20887166236004,22.79371231696813,9.873600344530578,7.670111972437554,9.492248062015504,11.355512489233421
2018-06-12,34.2037037037037,22.783376399655467,9.868432385874247,7.675279931093885,9.5,11.368432385874248
2018-06-13,34.2037037037037,22.783376399655467,9.868432385874247,7.675279931093885,9.5,11.368432385874248
2018-06-14,34.19595176571921,22.773040482342807,9.871016365202411,7.680447889750216,9.502583979328165,11.376184323858745
2018-06-15,34.20164075993092,22.772452504317787,9.86291018998273,7.684801381692574,9.503886010362693,11.374568221070813
2018-06-16,34.196813092161925,22.75839793281654,9.869293712316967,7.688199827734712,9.503445305770887,11.382213608957796
2018-06-17,34.20768566493955,22.768134715025905,9.861183074265975,7.687392055267703,9.499568221070811,11.375431778929189
2018-06-18,34.20822510822511,22.77012987012987,9.855627705627706,7.691774891774892,9.500865800865801,11.37900432900433
2018-06-19,34.1947322970639,22.760362694300518,9.858592400690846,7.692573402417962,9.5073402417962,11.390975820379966
2018-06-20,34.191645133505595,22.75581395348837,9.861541774332471,7.69724375538329,9.507321274763136,11.395133505598622
2018-06-21,34.191645133505595,22.75581395348837,9.861541774332471,7.69724375538329,9.507321274763136,11.395133505598622
2018-06-22,34.1947322970639,22.75518134715026,9.856001727115716,7.701640759930916,9.506044905008636,11.396157167530225
2018-06-23,34.186477174849266,22.742894056847547,9.861541774332471,7.704995693367787,9.507321274763136,11.40805340223945
2018-06-24,34.186477174849266,22.732558139534884,9.864125753660637,7.707579672695952,9.507321274763136,11.409345391903532
2018-06-25,34.186477174849266,22.732558139534884,9.864125753660637,7.707579672695952,9.507321274763136,11.409345391903532
2018-06-26,34.17097329888028,22.728682170542637,9.858957795004306,7.715331610680448,9.5099052540913,11.427433247200689
2018-06-27,34.16580534022394,22.72093023255814,9.858957795004306,7.720499569336779,9.5099052540913,11.43260120585702
2018-06-28,34.166234887737474,22.72020725388601,9.850820379965457,7.724956822107082,9.511226252158895,11.433721934369604
2018-06-29,34.15846286701209,22.707253886010363,9.853411053540587,7.7353195164076,9.513816925734025,11.444084628670122
2018-06-30,34.151593453919034,22.695090439276484,9.858957795004306,7.739879414298019,9.51378122308355,11.451981050818262
2018-07-01,34.159758203799655,22.70077720207254,9.853411053540587,7.740500863557859,9.50993091537133,11.449265975820381
2018-07-02,34.159758203799655,22.70077720207254,9.853411053540587,7.740500863557859,9.50993091537133,11.449265975820381
2018-07-03,34.141623488773746,22.690414507772022,9.853411053540587,7.748272884283248,9.515112262521589,11.471286701208982
2018-07-04,34.14199134199134,22.692207792207792,9.845238095238095,7.750216450216451,9.516450216450217,11.477705627705628
2018-07-05,34.134199134199136,22.681818181818183,9.845238095238095,7.755411255411256,9.519047619047619,11.488095238095239
2018-07-06,34.13194444444444,22.678385416666668,9.83962673611111,7.762586805555556,9.520399305555555,11.491970486111112
2018-07-07,34.12121212121212,22.663636363636364,9.846536796536796,7.767099567099567,9.519047619047619,11.504978354978356
2018-07-08,34.12121212121212,22.663636363636364,9.846536796536796,7.767099567099567,9.519047619047619,11.504978354978356
2018-07-09,34.11341991341991,22.653246753246755,9.846536796536796,7.773593073593074,9.517748917748918,11.521861471861472
2018-07-10,34.11111111111111,22.654947916666668,9.840928819444445,7.775607638888889,9.519097222222223,11.528428819444445
2018-07-11,34.10748476936466,22.655352480417754,9.835291557876413,7.77763272410792,9.519147084421236,11.53372497824195
2018-07-12,34.09442993907746,22.637075718015666,9.832680591818972,7.7880765883376855,9.524369016536118,11.549390774586598
2018-07-13,34.083986074847694,22.62402088772846,9.837902523933856,7.793298520452568,9.52697998259356,11.562445604873805
2018-07-14,34.07465277777778,22.610677083333332,9.844835069444445,7.796440972222222,9.526909722222223,11.574001736111112
2018-07-15,34.07465277777778,22.610677083333332,9.844835069444445,7.796440972222222,9.526909722222223,11.574001736111112
2018-07-16,34.06358506944444,22.598307291666668,9.846137152777777,7.804904513888889,9.526258680555555,11.592230902777779
2018-07-17,34.054329004329006,22.59155844155844,9.8517316017316,7.809307359307359,9.524891774891776,11.601082251082252
2018-07-18,34.054329004329006,22.59155844155844,9.8517316017316,7.809307359307359,9.524891774891776,11.601082251082252
2018-07-19,34.054329004329006,22.59155844155844,9.8517316017316,7.809307359307359,9.524891774891776,11.601082251082252
2018-07-20,34.05186631944444,22.590494791666668,9.848741319444445,7.816623263888889,9.526258680555555,11.600043402777779
2018-07-21,34.04264069264069,22.57987012987013,9.855627705627706,7.818398268398269,9.527489177489178,11.60887445887446
2018-07-22,34.04264069264069,22.57987012987013,9.855627705627706,7.818398268398269,9.527489177489178,11.60887445887446
2018-07-23,34.04926215277778,22.583984375,9.852647569444445,7.821831597222222,9.52365451388889,11.605251736111112
2018-07-24,34.03363715277778,22.570963541666668,9.852647569444445,7.829644097222222,9.52756076388889,11.627387152777779
2018-07-25,34.03372497824195,22.572454308093995,9.844429939077457,7.837032201914709,9.52893820713664,11.626414273281116
2018-07-26,34.02322048611111,22.560546875,9.857855902777777,7.837456597222222,9.524956597222223,11.637803819444445
2018-07-27,34.023281114012185,22.56201044386423,9.852262837249782,7.8422541340295915,9.523716275021759,11.63946910356832
2018-07-28,34.01410590277778,22.550130208333332,9.861762152777777,7.845269097222222,9.52365451388889,11.646918402777779
2018-07-29,34.01410590277778,22.550130208333332,9.861762152777777,7.845269097222222,9.52365451388889,11.646918402777779
2018-07-30,34.02067014795474,22.554177545691907,9.857484769364664,7.848781549173195,9.518494342906877,11.643385552654482
2018-07-31,34.00239338555265,22.546344647519582,9.854873803307223,7.859225413402959,9.519799825935596,11.665578764142733
2018-08-01,33.99197048611111,22.531901041666668,9.86306423611111,7.864800347222222,9.521050347222223,11.676866319444445
2018-08-02,33.97634548611111,22.521484375,9.868272569444445,7.867404513888889,9.521050347222223,11.692491319444445
2018-08-03,33.97628372497824,22.522845953002612,9.862706701479548,7.872280243690166,9.519799825935596,11.694299390774587
2018-08-04,33.96723090277778,22.511067708333332,9.873480902777777,7.875217013888889,9.518446180555555,11.701605902777779
2018-08-05,33.96723090277778,22.511067708333332,9.873480902777777,7.875217013888889,9.518446180555555,11.701605902777779
2018-08-06,33.97497824194952,22.516318537859007,9.87053959965187,7.8775021758050485,9.513272410791993,11.696910356832028
2018-08-07,33.95931244560487,22.505874673629243,9.86923411662315,7.884029590948652,9.518494342906877,11.717798085291559
2018-08-08,33.95931244560487,22.505874673629243,9.86923411662315,7.884029590948652,9.518494342906877,11.717798085291559
2018-08-09,33.95931244560487,22.505874673629243,9.86923411662315,7.884029590948652,9.518494342906877,11.717798085291559
2018-08-10,33.95147954743255,22.492819843342037,9.874456048738033,7.891862489120975,9.518494342906877,11.733463881636206
2018-08-11,33.94249131944444,22.479817708333332,9.887803819444445,7.894748263888889,9.518446180555555,11.739366319444445
2018-08-12,33.94249131944444,22.479817708333332,9.887803819444445,7.894748263888889,9.518446180555555,11.739366319444445
2018-08-13,33.950174064403825,22.483681462140993,9.883594429939077,7.898389904264579,9.515883376849434,11.733463881636206
2018-08-14,33.93516100957354,22.470626631853786,9.885552654482158,7.905570060922542,9.521105308964318,11.751740644038295
2018-08-15,33.92751736111111,22.464192708333332,9.89236111111111,7.908420138888889,9.51974826388889,11.758897569444445
2018-08-16,33.929939077458656,22.465404699738905,9.88685813751088,7.916013925152307,9.521105308964318,11.755657093124457
2018-08-17,33.929755671902264,22.466623036649214,9.881326352530541,7.923647469458988,9.519851657940663,11.757635253054103
2018-08-18,33.91949521322889,22.453655352480418,9.894691035683202,7.926457789382072,9.519799825935596,11.764795474325501
2018-08-19,33.91949521322889,22.453655352480418,9.894691035683202,7.926457789382072,9.519799825935596,11.764795474325501
2018-08-20,33.92844677137871,22.457460732984295,9.890488656195462,7.928883071553229,9.517233856893544,11.757635253054103
2018-08-21,33.9153577661431,22.44306282722513,9.894415357766142,7.939354275741711,9.525087260034905,11.768106457242583
2018-08-22,33.917760279965,22.441601049868765,9.8915135608049,7.947069116360455,9.526465441819774,11.762248468941383
2018-08-23,33.904886561954626,22.429973821989527,9.902268760907504,7.947207678883072,9.525087260034905,11.775959860383946
2018-08-24,33.90463692038495,22.428477690288712,9.89938757655293,7.952318460192476,9.526465441819774,11.775371828521436
2018-08-25,33.89441535776614,22.416884816753928,9.912739965095986,7.953752181500873,9.526396160558464,11.781195462478186
2018-08-26,33.90332458442695,22.419291338582678,9.908573928258967,7.957567804024498,9.526465441819774,11.772747156605424
2018-08-27,33.90332458442695,22.419291338582678,9.908573928258967,7.957567804024498,9.526465441819774,11.772747156605424
2018-08-28,33.89020122484689,22.40485564304462,9.912510936132984,7.965441819772529,9.533027121609798,11.784558180227473
2018-08-29,33.89020122484689,22.40485564304462,9.912510936132984,7.965441819772529,9.533027121609798,11.784558180227473
2018-08-30,33.89020122484689,22.40485564304462,9.912510936132984,7.965441819772529,9.533027121609798,11.784558180227473
2018-08-31,33.88495188101487,22.391732283464567,9.920384951881015,7.97069116360455,9.530402449693788,11.795056867891514
2018-09-01,33.874781849912736,22.380235602094242,9.93368237347295,7.972076788830716,9.527705061082024,11.804755671902269
2018-09-02,33.874781849912736,22.380235602094242,9.93368237347295,7.972076788830716,9.527705061082024,11.804755671902269
2018-09-03,33.8695462478185,22.365837696335078,9.94022687609075,7.978621291448517,9.527705061082024,11.809991273996511
2018-09-04,33.87445319335083,22.364173228346456,9.937445319335083,7.983814523184602,9.531714785651793,11.806867891513562
2018-09-05,33.87675438596491,22.3625,9.934649122807016,7.9864035087719305,9.535745614035088,11.80372807017544
2018-09-06,33.863954505686785,22.351049868766403,9.945319335083115,7.986439195100613,9.536964129483815,11.814741907261594
2018-09-07,33.868859649122804,22.34671052631579,9.942543859649122,7.9942982456140355,9.538377192982457,11.808991228070177
2018-09-08,33.858705161854765,22.331364829396325,9.954505686789151,7.996937882764655,9.539588801399825,11.816054243219599
2018-09-09,33.868859649122804,22.332236842105264,9.951754385964913,7.999561403508772,9.538377192982457,11.807675438596492
2018-09-10,33.868859649122804,22.332236842105264,9.951754385964913,7.999561403508772,9.538377192982457,11.807675438596492
2018-09-11,33.85701754385965,22.316447368421052,9.958991228070175,8.007456140350877,9.54298245614035,11.817543859649124
2018-09-12,33.85795954265611,22.312005277044854,9.956244503078276,8.010114335971856,9.549692172383466,11.815743183817064
2018-09-13,33.861552028218696,22.312830687830687,9.949514991181658,8.016754850088184,9.551146384479718,11.808641975308642
2018-09-14,33.85626102292769,22.30489417989418,9.96274250440917,8.019400352733687,9.548500881834215,11.811287477954146
2018-09-15,33.84608619173263,22.293535620052772,9.974714160070361,8.020668425681619,9.549692172383466,11.817062445030784
2018-09-16,33.84608619173263,22.293535620052772,9.974714160070361,8.020668425681619,9.549692172383466,11.817062445030784
2018-09-17,33.84212840809147,22.282981530343008,9.982629727352682,8.0259454705365,9.548372911169745,11.822339489885664
2018-09-18,33.838170624450306,22.273746701846967,9.989226033421284,8.032541776605102,9.548372911169745,11.824978012313105
2018-09-19,33.838170624450306,22.273746701846967,9.989226033421284,8.032541776605102,9.548372911169745,11.824978012313105
2018-09-20,33.82280701754386,22.25986842105263,10.002412280701755,8.035087719298247,9.549561403508772,11.84122807017544
2018-09-21,33.8109649122807,22.242763157894736,10.011622807017543,8.04298245614035,9.552192982456141,11.855701754385965
2018-09-22,33.79571303587051,22.229002624671917,10.024715660542432,8.045494313210849,9.554680664916885,11.865266841644795
2018-09-23,33.79571303587051,22.229002624671917,10.024715660542432,8.045494313210849,9.554680664916885,11.865266841644795
2018-09-24,33.77792321116928,22.212696335078533,10.036431064572426,8.050610820244328,9.55977312390925,11.881326352530541
2018-09-25,33.78390201224847,22.21456692913386,10.033245844269466,8.054680664916885,9.556649168853893,11.875765529308838
2018-09-26,33.7859649122807,22.215131578947368,10.030701754385964,8.060087719298245,9.55811403508772,11.870175438596492
2018-09-27,33.7681539807524,22.198818897637796,10.043744531933507,8.062554680664917,9.559273840769904,11.88626421697288
2018-09-28,33.75765529308836,22.183070866141733,10.05686789151356,8.067804024496938,9.559273840769904,11.89676290463692
2018-09-29,33.7412739965096,22.166884816753928,10.072425828970331,8.071553228621292,9.561736474694591,11.907504363001745
2018-09-30,33.75240594925634,22.16732283464567,10.069991251093613,8.07567804024497,9.555336832895888,11.899387576552932
2018-10-01,33.732111692844676,22.151178010471206,10.081588132635252,8.080715532286213,9.56042757417103,11.916666666666668
2018-10-02,33.731408573928256,22.151574803149607,10.07917760279965,8.086176727909011,9.559273840769904,11.916447944007
2018-10-03,33.73070175438596,22.154605263157894,10.074122807017543,8.0890350877193,9.55811403508772,11.913596491228072
2018-10-04,33.72999120492524,22.155013192612138,10.069041336851363,8.097185576077397,9.556948109058927,11.910729991204926
2018-10-05,33.73456790123457,22.150132275132275,10.06657848324515,8.102733686067019,9.55842151675485,11.907848324514992
2018-10-06,33.718117854001754,22.135224274406333,10.084872471416007,8.105101143359718,9.559586631486368,11.916007036059808
2018-10-07,33.718117854001754,22.135224274406333,10.084872471416007,8.105101143359718,9.559586631486368,11.916007036059808
2018-10-08,33.72927689594356,22.136904761904763,10.079805996472663,8.109347442680777,9.551807760141093,11.911816578483245
2018-10-09,33.70811287477954,22.121031746031747,10.090388007054674,8.119929453262786,9.5570987654321,11.927689594356261
2018-10-10,33.709991158267016,22.121352785145888,10.085322723253757,8.124889478337755,9.558576480990274,11.924182139699381
2018-10-11,33.69091710758377,22.102513227513228,10.102292768959435,8.129850088183423,9.559744268077601,11.937610229276897
2018-10-12,33.692749778956674,22.100132625994696,10.099911582670202,8.13815207780725,9.558576480990274,11.934792219274978
2018-10-13,33.67504409171076,22.08531746031746,10.120811287477954,8.140432098765432,9.559744268077601,11.94157848324515
2018-10-14,33.67504409171076,22.08531746031746,10.120811287477954,8.140432098765432,9.559744268077601,11.94157848324515
2018-10-15,33.683465959328025,22.0842175066313,10.117152961980548,8.146109637488948,9.554597701149426,11.936118479221928
2018-10-16,33.660919540229884,22.065649867374006,10.133068081343943,8.155393457117595,9.558576480990274,11.952033598585324
2018-10-17,33.660919540229884,22.065649867374006,10.133068081343943,8.155393457117595,9.558576480990274,11.952033598585324
2018-10-18,33.645004420866485,22.04840848806366,10.146330680813438,8.167992926613616,9.555923961096376,11.961317418213971
2018-10-19,33.62643678160919,22.024535809018566,10.170203359858531,8.175950486295314,9.555923961096376,11.971927497789567
2018-10-20,33.60626102292769,22.00462962962963,10.196208112874778,8.179453262786597,9.555776014109348,11.979938271604938
2018-10-21,33.60626102292769,22.00462962962963,10.196208112874778,8.179453262786597,9.555776014109348,11.979938271604938
2018-10-22,33.60626102292769,22.00462962962963,10.196208112874778,8.179453262786597,9.555776014109348,11.979938271604938
2018-10-23,33.5897266313933,21.985449735449734,10.2173721340388,8.185405643738978,9.555114638447971,11.993165784832453
2018-10-24,33.59129089301503,21.985411140583555,10.21396993810787,8.189876215738286,9.553934571175951,11.991821396993812
2018-10-25,33.59129089301503,21.985411140583555,10.21396993810787,8.189876215738286,9.553934571175951,11.991821396993812
2018-10-26,33.59020390070922,21.98537234042553,10.211879432624112,8.198359929078014,9.552748226950355,11.991799645390072
2018-10-27,33.56741821396994,21.96551724137931,10.23916887709991,8.201812555260831,9.553934571175951,11.99977895667551
2018-10-28,33.56741821396994,21.96551724137931,10.23916887709991,8.201812555260831,9.553934571175951,11.99977895667551
2018-10-29,33.55282935455349,21.94429708222812,10.263041556145003,8.20844385499558,9.5552608311229,12.007736516357207
2018-10-30,33.551640070921984,21.94148936170213,10.261081560283687,8.214317375886525,9.554078014184398,12.010416666666668
2018-10-31,33.551640070921984,21.94148936170213,10.261081560283687,8.214317375886525,9.554078014184398,12.010416666666668
2018-11-01,33.550444444444445,21.941333333333333,10.253777777777778,8.222888888888889,9.552888888888889,12.010444444444445
2018-11-02,33.54924242424242,21.93850267379679,10.251782531194296,8.23150623885918,9.551693404634582,12.01047237076649
2018-11-03,33.529111111111106,21.916,10.284444444444444,8.233555555555556,9.551555555555556,12.015777777777778
2018-11-04,33.53854723707665,21.914438502673796,10.283868092691621,8.23819073083779,9.546345811051694,12.009135472370767
2018-11-05,33.51444444444444,21.892,10.30711111111111,8.242888888888888,9.550222222222223,12.021111111111113
2018-11-06,33.51180926916221,21.88903743315508,10.305258467023172,8.246880570409983,9.55035650623886,12.025846702317292
2018-11-07,33.51180926916221,21.88903743315508,10.305258467023172,8.246880570409983,9.55035650623886,12.025846702317292
2018-11-08,33.51586237712243,21.886058981233248,10.298033958891867,8.252904378909742,9.55183199285076,12.02591599642538
2018-11-09,33.49977658623771,21.859249329758715,10.324843610366399,8.263628239499553,9.55183199285076,12.028596961572834
2018-11-10,33.47704991087344,21.84090909090909,10.356060606060606,8.262923351158646,9.55035650623886,12.036541889483066
2018-11-11,33.459777777777774,21.82,10.389777777777777,8.264888888888889,9.54888888888889,12.039111111111112
2018-11-12,33.443777777777775,21.798666666666666,10.415111111111111,8.274222222222223,9.547555555555556,12.043111111111111
2018-11-13,33.43694295900178,21.795454545454547,10.416221033868093,8.282976827094474,9.546345811051694,12.048573975044564
2018-11-14,33.43694295900178,21.795454545454547,10.416221033868093,8.282976827094474,9.546345811051694,12.048573975044564
2018-11-15,33.41020499108734,21.77673796791444,10.448306595365418,8.290998217468806,9.54367201426025,12.051247771836008
2018-11-16,33.40594280607685,21.773458445040216,10.446827524575513,8.29982126899017,9.545129579982127,12.051385165326185
2018-11-17,33.388814616755795,21.754010695187166,10.4777183600713,8.30035650623886,9.54367201426025,12.055258467023174
2018-11-18,33.39119749776586,21.753351206434317,10.47899910634495,8.30786416443253,9.538427167113495,12.051385165326185
2018-11-19,33.370098039215684,21.733957219251337,10.50445632798574,8.311051693404634,9.539661319073085,12.06060606060606
2018-11-20,33.36036639857015,21.733243967828418,10.505808757819482,8.31992850759607,9.541108132260948,12.063449508489724
2018-11-21,33.36036639857015,21.733243967828418,10.505808757819482,8.31992850759607,9.541108132260948,12.063449508489724
2018-11-22,33.36036639857015,21.733243967828418,10.505808757819482,8.31992850759607,9.541108132260948,12.063449508489724
2018-11-23,33.33355674709562,21.711796246648795,10.535299374441465,8.327971403038427,9.538427167113495,12.074173369079537
2018-11-24,33.315285204991085,21.692513368983956,10.565953654188949,8.329768270944742,9.535650623885918,12.08065953654189
2018-11-25,33.315285204991085,21.692513368983956,10.565953654188949,8.329768270944742,9.535650623885918,12.08065953654189
2018-11-26,33.30325311942959,21.669786096256683,10.58868092691622,8.339126559714796,9.531639928698752,12.086007130124777
2018-11-27,33.29602323503128,21.668900804289546,10.5875781948168,8.345397676496873,9.530384271671135,12.09159964253798
2018-11-28,33.29144265232975,21.668010752688172,10.58646953405018,8.354390681003585,9.531810035842295,12.089157706093191
2018-11-29,33.26993727598566,21.646505376344088,10.616039426523297,8.365143369175629,9.526433691756273,12.097222222222223
2018-11-30,33.248431899641574,21.633064516129032,10.640232974910393,8.377240143369177,9.523745519713263,12.09856630824373
2018-12-01,33.23302055406613,21.613941018766756,10.666666666666666,8.378909740840037,9.52100089365505,12.105004468275247
2018-12-02,33.23302055406613,21.613941018766756,10.666666666666666,8.378909740840037,9.52100089365505,12.105004468275247
2018-12-03,33.22095621090259,21.592493297587133,10.684092940125112,8.389633601429848,9.518319928507596,12.113047363717605
2018-12-04,33.21079749103942,21.594086021505376,10.685931899641577,8.39605734767025,9.519713261648747,12.1160394265233
2018-12-05,33.21079749103942,21.594086021505376,10.685931899641577,8.39605734767025,9.519713261648747,12.1160394265233
2018-12-06,33.19466845878136,21.5752688172043,10.712813620071683,8.401433691756273,9.517025089605735,12.11872759856631
2018-12-07,33.175851254480285,21.553763440860216,10.742383512544803,8.409498207885305,9.511648745519715,12.12141577060932
2018-12-08,33.16465594280608,21.536193029490615,10.764521894548704,8.411081322609473,9.510277033065238,12.126452189454872
2018-12-09,33.16465594280608,21.536193029490615,10.764521894548704,8.411081322609473,9.510277033065238,12.126452189454872
2018-12-10,33.153932082216265,21.516756032171582,10.785969615728328,8.418453976764969,9.506925826630921,12.131814119749777
2018-12-11,33.153932082216265,21.516756032171582,10.785969615728328,8.418453976764969,9.506925826630921,12.131814119749777
2018-12-12,33.14762544802867,21.515456989247312,10.788082437275985,8.4209229390681,9.506944444444445,12.13620071684588
2018-12-13,33.14493727598566,21.499327956989248,10.813620071684587,8.427643369175629,9.498879928315413,12.132168458781363
2018-12-14,33.1288082437276,21.483198924731184,10.837813620071683,8.430331541218639,9.496191756272403,12.137544802867385
2018-12-15,33.12310098302055,21.465817694369974,10.861036639857014,8.429177837354782,9.492180518319929,12.139857015192137
2018-12-16,33.12310098302055,21.465817694369974,10.861036639857014,8.429177837354782,9.492180518319929,12.139857015192137
2018-12-17,33.12310098302055,21.465817694369974,10.861036639857014,8.429177837354782,9.492180518319929,12.139857015192137
2018-12-18,33.098972296693475,21.452412868632706,10.882484361036639,8.441242180518321,9.493521000893656,12.147899910634496
2018-12-19,33.098972296693475,21.452412868632706,10.882484361036639,8.441242180518321,9.493521000893656,12.147899910634496
2018-12-20,33.08801247771836,21.43917112299465,10.904188948306595,8.441399286987522,9.492201426024955,12.152852049910875
2018-12-21,33.08801247771836,21.43917112299465,10.904188948306595,8.441399286987522,9.492201426024955,12.152852049910875
2018-12-22,33.07888888888889,21.420222222222225,10.926666666666666,8.442,9.49,12.15777777777778
2018-12-23,33.07888888888889,21.420222222222225,10.926666666666666,8.442,9.49,12.15777777777778
2018-12-24,33.08177361853833,21.421345811051694,10.929144385026738,8.448529411764707,9.484625668449198,12.15017825311943
2018-12-25,33.0712689901698,21.42247542448615,10.931635388739947,8.455093833780161,9.485924932975871,12.15058087578195
2018-12-26,33.06205197132617,21.426299283154123,10.935483870967742,8.461693548387096,9.485887096774194,12.145609318996417
2018-12-27,33.06205197132617,21.426299283154123,10.935483870967742,8.461693548387096,9.485887096774194,12.145609318996417
2018-12-28,33.04874213836478,21.42475292003594,10.93800539083558,8.471024258760108,9.487196765498652,12.146001796945194
2018-12-29,33.04874213836478,21.42475292003594,10.93800539083558,8.471024258760108,9.487196765498652,12.146001796945194
2018-12-30,33.05157657657658,21.425900900900903,10.943243243243243,8.475,9.483108108108109,12.138288288288289
2018-12-31,33.05157657657658,21.425900900900903,10.943243243243243,8.475,9.483108108108109,12.138288288288289
2019-01-01,33.040876242095756,21.429765130984645,10.94579945799458,8.481707317073171,9.484417344173442,12.1386630532972
2019-01-02,33.040876242095756,21.429765130984645,10.94579945799458,8.481707317073171,9.484417344173442,12.1386630532972
2019-01-03,33.03283514492754,21.430932971014496,10.94836956521739,8.488451086956522,9.485733695652174,12.136322463768117
2019-01-04,33.01109601449276,21.414628623188406,10.970108695652174,8.499320652173912,9.485733695652174,12.141757246376812
2019-01-05,33.008355916892505,21.397244805781394,10.991869918699187,8.497967479674797,9.484417344173442,12.141373080397472
2019-01-06,33.008355916892505,21.397244805781394,10.991869918699187,8.497967479674797,9.484417344173442,12.141373080397472
2019-01-07,33.007019927536234,21.39832427536232,10.998641304347826,8.500679347826088,9.480298913043478,12.137681159420291
2019-01-08,32.98528079710145,21.382019927536234,11.02038043478261,8.511548913043478,9.483016304347826,12.148550724637682
2019-01-09,32.98528079710145,21.382019927536234,11.02038043478261,8.511548913043478,9.483016304347826,12.148550724637682
2019-01-10,32.974480578139115,21.36472448057814,11.044715447154472,8.512872628726287,9.481707317073171,12.15356820234869
2019-01-11,32.95551038843722,21.345754290876243,11.077235772357724,8.518292682926829,9.47628726287263,12.158988256549232
2019-01-12,32.95157657657658,21.328603603603604,11.097297297297297,8.518243243243242,9.473648648648648,12.161261261261263
2019-01-13,32.95280036133695,21.329494128274618,11.104336043360433,8.5210027100271,9.46951219512195,12.154923215898826
2019-01-14,32.94211711711712,21.311036036036036,11.122972972972972,8.52364864864865,9.472297297297297,12.161261261261263
2019-01-15,32.93112014453478,21.311878952122857,11.126016260162602,8.53048780487805,9.473577235772357,12.161698283649503
2019-01-16,32.92278079710145,21.307291666666668,11.13179347826087,8.534646739130435,9.47350543478261,12.163496376811596
2019-01-17,32.915758401453225,21.30131698455949,11.138964577656676,8.541553133514986,9.474795640326976,12.162579473206177
2019-01-18,32.90459927140255,21.29667577413479,11.142076502732241,8.548497267759563,9.473360655737705,12.16575591985428
2019-01-19,32.89940962761126,21.279518619436878,11.162125340599456,8.548365122615804,9.470708446866485,12.16802906448683
2019-01-20,32.900500910746814,21.266621129326047,11.172131147540984,8.55396174863388,9.467896174863387,12.16575591985428
2019-01-21,32.89532243415077,21.24545867393279,11.19482288828338,8.556539509536785,9.467983651226158,12.16802906448683
2019-01-22,32.88957194899818,21.23246812386157,11.203551912568306,8.563524590163935,9.469262295081966,12.171220400728599
2019-01-23,32.88274134790528,21.201047358834245,11.230874316939891,8.57035519125683,9.470628415300547,12.173952641165757
2019-01-24,32.87352406902816,21.18278837420527,11.253405994550409,8.572888283378747,9.467983651226158,12.17892824704814
2019-01-25,32.868074477747506,21.141916439600365,11.286103542234333,8.5783378746594,9.470708446866485,12.184377838328793
2019-01-26,32.861639492753625,21.125226449275363,11.308423913043478,8.579483695652174,9.469429347826088,12.185235507246377
2019-01-27,32.869436875567665,21.098319709355135,11.32016348773842,8.586512261580381,9.467983651226158,12.185740236148956
2019-01-28,32.861639492753625,21.0817481884058,11.338315217391305,8.587635869565217,9.469429347826088,12.190670289855074
2019-01-29,32.85853769300636,21.0547229791099,11.34741144414169,8.59741144414169,9.473433242506813,12.196639418710264
2019-01-30,32.85815118397086,21.033014571949,11.353825136612022,8.604508196721312,9.477459016393443,12.199908925318763
2019-01-31,32.85815118397086,21.033014571949,11.353825136612022,8.604508196721312,9.477459016393443,12.199908925318763
2019-02-01,32.85776255707763,21.002968036529683,11.365753424657534,8.611643835616439,9.48150684931507,12.20593607305936
2019-02-02,32.85132058287796,20.987932604735885,11.385245901639344,8.614071038251366,9.477459016393443,12.209471766848816
2019-02-03,32.85913242009133,20.960502283105026,11.397260273972602,8.623972602739727,9.476027397260275,12.210045662100457
2019-02-04,32.85913242009133,20.960502283105026,11.397260273972602,8.623972602739727,9.476027397260275,12.210045662100457
2019-02-05,32.848173515981735,20.91529680365297,11.42876712328767,8.633561643835616,9.482876712328768,12.223744292237443
2019-02-06,32.848173515981735,20.91529680365297,11.42876712328767,8.633561643835616,9.482876712328768,12.223744292237443
2019-02-07,32.84500915750916,20.89033882783883,11.43543956043956,8.640796703296703,9.489697802197803,12.22985347985348
2019-02-08,32.83951465201466,20.843635531135533,11.471153846153847,8.646291208791208,9.492445054945055,12.238095238095239
2019-02-09,32.83310502283105,20.830365296803656,11.48904109589041,8.648630136986302,9.48972602739726,12.238812785388129
2019-02-10,32.83310502283105,20.830365296803656,11.48904109589041,8.648630136986302,9.48972602739726,12.238812785388129
2019-02-11,32.827625570776256,20.790639269406395,11.521917808219179,8.656849315068493,9.492465753424657,12.24703196347032
2019-02-12,32.82577838827839,20.76327838827839,11.532967032967033,8.662774725274724,9.496565934065934,12.258012820512821
2019-02-13,32.83080808080808,20.732323232323235,11.542699724517906,8.670110192837466,9.503443526170798,12.26147842056933
2019-02-14,32.82028388278388,20.7220695970696,11.563186813186814,8.671016483516484,9.499313186813186,12.263507326007327
2019-02-15,32.822543617998164,20.691000918273648,11.575757575757576,8.675619834710744,9.503443526170798,12.272497704315887
2019-02-16,32.81341575091575,20.683608058608062,11.593406593406593,8.676510989010989,9.499313186813186,12.273122710622712
2019-02-17,32.81341575091575,20.683608058608062,11.593406593406593,8.676510989010989,9.499313186813186,12.273122710622712
2019-02-18,32.812042124542124,20.645146520146522,11.616758241758241,8.682005494505495,9.503434065934066,12.281364468864469
2019-02-19,32.803800366300365,20.609432234432237,11.645604395604396,8.684752747252746,9.50618131868132,12.293727106227108
2019-02-20,32.803800366300365,20.609432234432237,11.645604395604396,8.684752747252746,9.50618131868132,12.293727106227108
2019-02-21,32.79611872146119,20.60228310502283,11.663013698630136,8.682876712328767,9.502054794520548,12.292922374429224
2019-02-22,32.79063926940639,20.55570776255708,11.698630136986301,8.685616438356165,9.504794520547945,12.301141552511416
2019-02-23,32.78164845173042,20.547358834244083,11.71584699453552,8.686475409836065,9.50068306010929,12.301684881602915
2019-02-24,32.78164845173042,20.547358834244083,11.71584699453552,8.686475409836065,9.50068306010929,12.301684881602915
2019-02-25,32.787899543379,20.51735159817352,11.73013698630137,8.68972602739726,9.503424657534246,12.305251141552512
2019-02-26,32.778310502283105,20.478995433789954,11.75068493150685,8.699315068493151,9.508904109589041,12.321689497716896
2019-02-27,32.78044871794872,20.450091575091577,11.760989010989011,8.70673076923077,9.51304945054945,12.325320512820513
2019-02-28,32.77220695970696,20.406135531135533,11.791208791208792,8.717719780219781,9.515796703296703,12.339056776556777
2019-03-01,32.77157943067034,20.37144168962351,11.804407713498623,8.725206611570249,9.519972451790634,12.351010101010102
2019-03-02,32.76121794871795,20.36492673992674,11.815934065934066,8.723214285714286,9.521291208791208,12.355540293040294
2019-03-03,32.755723443223445,20.326465201465204,11.840659340659341,8.731456043956044,9.525412087912088,12.363782051282053
2019-03-04,32.74817351598173,20.31461187214612,11.863013698630137,8.732191780821918,9.521232876712329,12.360045662100458
2019-03-05,32.747481684981686,20.28250915750916,11.876373626373626,8.739697802197803,9.528159340659341,12.369276556776558
2019-03-06,32.747481684981686,20.28250915750916,11.876373626373626,8.739697802197803,9.528159340659341,12.369276556776558
2019-03-07,32.747481684981686,20.28250915750916,11.876373626373626,8.739697802197803,9.528159340659341,12.369276556776558
2019-03-08,32.746786042240586,20.250229568411388,11.887052341597796,8.75,9.532369146005509,12.378558310376492
2019-03-09,32.74198717948718,20.238553113553117,11.902472527472527,8.749313186813186,9.529532967032967,12.38026556776557
2019-03-10,32.746786042240586,20.206152433425164,11.917355371900827,8.755509641873278,9.532369146005509,12.382690541781452
2019-03-11,32.746786042240586,20.206152433425164,11.917355371900827,8.755509641873278,9.532369146005509,12.382690541781452
2019-03-12,32.73714416896235,20.162075298438936,11.946280991735538,8.766528925619834,9.537878787878787,12.397842056932967
2019-03-13,32.73641804788214,20.130755064456725,11.957182320441989,8.774171270718233,9.543508287292818,12.404465930018418
2019-03-14,32.726124885215796,20.12213039485767,11.976584022038567,8.772038567493112,9.542011019283747,12.406106519742885
2019-03-15,32.720615243342515,20.075298438934805,12.006887052341598,8.780303030303031,9.542011019283747,12.414370982552802
2019-03-16,32.71588827838828,20.062728937728938,12.023351648351648,8.780906593406593,9.537774725274724,12.414606227106228
2019-03-17,32.71786042240588,20.02984389348026,12.038567493112948,8.788567493112948,9.540633608815426,12.418503213957761
2019-03-18,32.705463728191006,19.983011937557393,12.066115702479339,8.795454545454545,9.543388429752065,12.439164370982553
2019-03-19,32.701887661141804,19.949815837937386,12.08011049723757,8.80317679558011,9.547651933701658,12.454189686924494
2019-03-20,32.701887661141804,19.949815837937386,12.08011049723757,8.80317679558011,9.547651933701658,12.454189686924494
2019-03-21,32.691689623507806,19.944444444444446,12.099173553719009,8.803719008264462,9.543388429752065,12.45293847566575
2019-03-22,32.6908379373849,19.908379373848987,12.113259668508288,8.81146408839779,9.547651933701658,12.4652394106814
2019-03-23,32.68480257116621,19.8989898989899,12.130853994490359,8.81060606060606,9.543388429752065,12.465335169880625
2019-03-24,32.686694290976064,19.864180478821364,12.146408839779005,8.816988950276244,9.54488950276243,12.474907918968693
2019-03-25,32.6775161588181,19.83887349953832,12.160664819944598,8.827562326869806,9.546398891966758,12.487303785780242
2019-03-26,32.67150092081032,19.826887661141807,12.175414364640885,8.828038674033149,9.54488950276243,12.490101289134438
2019-03-27,32.66414141414142,19.821854912764007,12.194214876033058,8.827134986225895,9.542011019283747,12.488751147842057
2019-03-28,32.65036730945822,19.77502295684114,12.227272727272727,8.838154269972451,9.544765840220386,12.499770431588614
2019-03-29,32.64387661141805,19.738489871086557,12.241712707182321,8.848756906077348,9.54903314917127,12.509438305709025
2019-03-30,32.63383838383839,19.728191000918276,12.258953168044076,8.850550964187327,9.546143250688706,12.509412304866851
2019-03-31,32.632826887661146,19.695672191528548,12.274861878453038,8.857044198895027,9.54903314917127,12.516344383057092
2019-04-01,32.61487108655617,19.658379373848987,12.303867403314918,8.868093922651934,9.550414364640885,12.531537753222837
2019-04-02,32.61487108655617,19.658379373848987,12.303867403314918,8.868093922651934,9.550414364640885,12.531537753222837
2019-04-03,32.611034164358266,19.626962142197602,12.31578947368421,8.876038781163436,9.557479224376731,12.53578024007387
2019-04-04,32.60244014732965,19.616942909760592,12.334254143646408,8.877762430939226,9.554558011049723,12.535681399631677
2019-04-05,32.595798707294556,19.585410895660203,12.349030470914128,8.88573407202216,9.556094182825484,12.545475530932595
2019-04-06,32.58862799263352,19.576887661141807,12.367403314917127,8.886049723756907,9.55317679558011,12.543968692449356
2019-04-07,32.58862799263352,19.576887661141807,12.367403314917127,8.886049723756907,9.55317679558011,12.543968692449356
2019-04-08,32.58862799263352,19.576887661141807,12.367403314917127,8.886049723756907,9.55317679558011,12.543968692449356
2019-04-09,32.57205340699816,19.536141804788215,12.403314917127071,8.896408839779005,9.551795580110497,12.557780847145489
2019-04-10,32.56532779316713,19.507156048014775,12.418282548476455,8.904432132963988,9.556094182825484,12.564866112650048
2019-04-11,32.56532779316713,19.507156048014775,12.418282548476455,8.904432132963988,9.556094182825484,12.564866112650048
2019-04-12,32.543167128347186,19.468374884579873,12.457063711911358,8.912742382271468,9.556094182825484,12.57594644506002
2019-04-13,32.5347605893186,19.460174953959488,12.472375690607734,8.914364640883978,9.55317679558011,12.574355432780848
2019-04-14,32.5347605893186,19.460174953959488,12.472375690607734,8.914364640883978,9.55317679558011,12.574355432780848
2019-04-15,32.52232965009208,19.41873848987109,12.503453038674033,8.921961325966851,9.552486187845304,12.589548802946593
2019-04-16,32.51269621421976,19.38942751615882,12.518698060941828,8.93005540166205,9.556786703601109,12.59949215143121
2019-04-17,32.5029926335175,19.380064456721918,12.542127071823204,8.927486187845304,9.552486187845304,12.6005985267035
2019-04-18,32.48365561694291,19.351058931860038,12.56975138121547,8.935773480662984,9.549723756906078,12.613029465930019
2019-04-19,32.47391505078486,19.324330563250232,12.585180055401661,8.943905817174516,9.551246537396121,12.623037857802402
2019-04-20,32.4615561694291,19.320672191528548,12.602900552486188,8.941298342541437,9.549723756906078,12.624079189686926
2019-04-21,32.4615561694291,19.320672191528548,12.602900552486188,8.941298342541437,9.549723756906078,12.624079189686926
2019-04-22,32.44498158379374,19.288904235727443,12.637430939226519,8.94682320441989,9.542817679558011,12.63512891344383
2019-04-23,32.42840699815838,19.255755064456725,12.662292817679559,8.95511049723757,9.548342541436464,12.65170349907919
2019-04-24,32.418513388735,19.228762696214222,12.67797783933518,8.960526315789474,9.552631578947368,12.661819021237305
2019-04-25,32.418513388735,19.228762696214222,12.67797783933518,8.960526315789474,9.552631578947368,12.661819021237305
2019-04-26,32.40856481481482,19.20439814814815,12.69375,8.96875,9.554166666666667,12.67199074074074
2019-04-27,32.39635272391505,19.198291782086798,12.708448753462603,8.968836565096954,9.555401662049862,12.672899353647276
2019-04-28,32.39635272391505,19.198291782086798,12.708448753462603,8.968836565096954,9.555401662049862,12.672899353647276
2019-04-29,32.37557710064635,19.16920590951062,12.743074792243767,8.97437673130194,9.552631578947368,12.682594644506002
2019-04-30,32.36550925925926,19.14189814814815,12.759027777777778,8.979861111111111,9.556944444444444,12.698379629629631
2019-05-01,32.35259981429898,19.12000928505107,12.772284122562674,8.982590529247911,9.564066852367688,12.705896007428041
2019-05-02,32.340509259259264,19.11689814814815,12.792361111111111,8.979861111111111,9.5625,12.703935185185186
2019-05-03,32.32753017641597,19.09493964716806,12.805710306406684,8.98816155988858,9.561281337047355,12.717038068709378
2019-05-04,32.31550925925926,19.089120370370374,12.822916666666666,8.988194444444444,9.559722222222222,12.717824074074075
2019-05-05,32.31550925925926,19.089120370370374,12.822916666666666,8.988194444444444,9.559722222222222,12.717824074074075
2019-05-06,32.29606481481482,19.05578703703704,12.861805555555556,8.988194444444444,9.559722222222222,12.726157407407408
2019-05-07,32.26967592592593,19.02800925925926,12.897916666666667,8.990972222222222,9.561111111111112,12.745601851851852
2019-05-08,32.25371402042711,19.0085886722377,12.911559888579387,8.990947075208913,9.571030640668523,12.756035283194059
2019-05-09,32.228644382544104,18.980733519034356,12.944986072423399,8.990947075208913,9.571030640668523,12.772748375116064
2019-05-10,32.20636025998143,18.952878365831015,12.981197771587743,8.990947075208913,9.56824512534819,12.78946146703807
2019-05-11,32.19745370370371,18.944675925925928,12.997916666666667,8.990972222222222,9.566666666666666,12.790046296296298
2019-05-12,32.18546889507893,18.92502321262767,13.017409470752089,8.989554317548746,9.565459610027855,12.803389043639742
2019-05-13,32.158310120705664,18.898560817084494,13.052228412256268,8.988857938718663,9.566852367688023,12.821494893221914
2019-05-14,32.158310120705664,18.898560817084494,13.052228412256268,8.988857938718663,9.566852367688023,12.821494893221914
2019-05-15,32.158310120705664,18.898560817084494,13.052228412256268,8.988857938718663,9.566852367688023,12.821494893221914
2019-05-16,32.144785847299815,18.87872439478585,13.066340782122905,8.988826815642458,9.57122905027933,12.834962756052143
2019-05-17,32.12838468720822,18.861577964519142,13.080532212885155,8.991596638655462,9.57563025210084,12.848506069094306
2019-05-18,32.119646182495345,18.853584729981378,13.09427374301676,8.991620111731844,9.574022346368714,12.84892923649907
2019-05-19,32.11017740429505,18.83356676003735,13.114145658263306,8.988795518207283,9.57282913165266,12.859710550887023
2019-05-20,32.101489757914344,18.825651769087525,13.130586592178771,8.986033519553073,9.57122905027933,12.860102420856611
2019-05-21,32.07355679702049,18.79911545623836,13.162709497206704,8.988826815642458,9.574022346368714,12.87965549348231
2019-05-22,32.054154995331466,18.787348272642394,13.17717086834734,8.985994397759104,9.57843137254902,12.893323996265174
2019-05-23,32.028944911297856,18.766339869281047,13.205182072829132,8.988795518207283,9.57703081232493,12.90732959850607
2019-05-24,32.012172284644194,18.74321161048689,13.222612359550562,8.99438202247191,9.581460674157304,12.921114232209739
2019-05-25,32.00373482726424,18.738328664799255,13.233193277310924,8.994397759103641,9.579831932773109,12.921335200746967
2019-05-26,32.00373482726424,18.738328664799255,13.233193277310924,8.994397759103641,9.579831932773109,12.921335200746967
2019-05-27,31.975723622782446,18.72152194211018,13.264005602240896,8.991596638655462,9.571428571428571,12.935340802987863
2019-05-28,31.943510737628387,18.697712418300654,13.294817927170868,8.995798319327731,9.57422969187675,12.953548085901028
2019-05-29,31.926498127340825,18.682818352059925,13.3125,8.992977528089888,9.57865168539326,12.964653558052435
2019-05-30,31.926498127340825,18.682818352059925,13.3125,8.992977528089888,9.57865168539326,12.964653558052435
2019-05-31,31.906572769953055,18.665023474178405,13.327464788732394,8.998591549295774,9.580281690140845,12.978638497652582
2019-06-01,31.892790262172287,18.651919475655433,13.356039325842696,8.995786516853933,9.57443820224719,12.975889513108616
2019-06-02,31.87699530516432,18.638262910798122,13.375352112676056,8.995774647887323,9.570422535211268,12.987089201877936
2019-06-03,31.84319248826291,18.610093896713618,13.423239436619719,8.992957746478874,9.570422535211268,13.00399061032864
2019-06-04,31.84319248826291,18.610093896713618,13.423239436619719,8.992957746478874,9.570422535211268,13.00399061032864
2019-06-05,31.822975517890775,18.594868173258007,13.44138418079096,8.992937853107344,9.574858757062147,13.018126177024483
2019-06-06,31.806572769953053,18.577699530516433,13.476760563380282,8.988732394366197,9.567605633802817,13.018075117370893
2019-06-07,31.786252354048965,18.55955743879473,13.495056497175142,8.994350282485875,9.569209039548022,13.032250470809794
2019-06-08,31.76854460093897,18.541079812206576,13.533098591549296,8.991549295774648,9.56338028169014,13.029342723004696
2019-06-09,31.76854460093897,18.541079812206576,13.533098591549296,8.991549295774648,9.56338028169014,13.029342723004696
2019-06-10,31.750235404896422,18.524246704331453,13.55225988700565,8.989406779661017,9.562853107344633,13.044256120527308
2019-06-11,31.70786252354049,18.49599811676083,13.6045197740113,8.99223163841808,9.555790960451978,13.062617702448211
2019-06-12,31.70786252354049,18.49599811676083,13.6045197740113,8.99223163841808,9.555790960451978,13.062617702448211
2019-06-13,31.68720491029273,18.477573182247404,13.620396600566572,8.995042492917847,9.557365439093484,13.079792256846082
2019-06-14,31.666429924242426,18.461884469696972,13.636363636363637,9.000710227272727,9.558948863636363,13.094223484848486
2019-06-15,31.646128423040604,18.442162417374885,13.674220963172804,8.99929178470255,9.554532577903682,13.093956562795091
2019-06-16,31.646128423040604,18.442162417374885,13.674220963172804,8.99929178470255,9.554532577903682,13.093956562795091
2019-06-17,31.630918560606062,18.42069128787879,13.694602272727273,8.999289772727273,9.553267045454545,13.107007575757576
2019-06-18,31.588304924242426,18.3922821969697,13.740056818181818,9.004971590909092,9.553267045454545,13.125473484848486
2019-06-19,31.56433998100665,18.379154795821464,13.753561253561253,9.007834757834758,9.554843304843304,13.14292497625831
2019-06-20,31.56433998100665,18.379154795821464,13.753561253561253,9.007834757834758,9.554843304843304,13.14292497625831
2019-06-21,31.533000949667617,18.347815764482434,13.803418803418804,9.006410256410257,9.5505698005698,13.158594491927825
2019-06-22,31.515861742424246,18.3297821969697,13.838068181818182,9.002130681818182,9.546164772727273,13.159564393939394
2019-06-23,31.501661918328587,18.310778727445395,13.85897435897436,9.002136752136753,9.543447293447294,13.171415004748338
2019-06-24,31.501661918328587,18.310778727445395,13.85897435897436,9.002136752136753,9.543447293447294,13.171415004748338
2019-06-25,31.463912630579298,18.281576448243115,13.90954415954416,9.002849002849002,9.542022792022792,13.189221272554606
2019-06-26,31.442380952380955,18.26809523809524,13.925,9.002857142857144,9.545,13.20404761904762
2019-06-27,31.402380952380955,18.236666666666668,13.973571428571429,9.005714285714285,9.539285714285715,13.218333333333334
2019-06-28,31.38347659980898,18.217287488061128,13.990687679083095,9.008595988538682,9.540830945558739,13.236150907354347
2019-06-29,31.36809523809524,18.200952380952383,14.023571428571428,9.005714285714285,9.536428571428571,13.235476190476192
2019-06-30,31.35482330468004,18.181470869149955,14.04512893982808,9.005730659025788,9.536532951289399,13.246179560649475
2019-07-01,31.320439350525312,18.155682903533908,14.090974212034384,9.005730659025788,9.533667621776504,13.26337153772684
2019-07-02,31.320439350525312,18.155682903533908,14.090974212034384,9.005730659025788,9.533667621776504,13.26337153772684
2019-07-03,31.320439350525312,18.155682903533908,14.090974212034384,9.005730659025788,9.533667621776504,13.26337153772684
2019-07-04,31.302380952380954,18.14095238095238,14.125,9.002857142857144,9.529285714285715,13.262619047619049
2019-07-05,31.283190066857692,18.12129894937918,14.142550143266476,9.008595988538682,9.53080229226361,13.277698185291309
2019-07-06,31.26809523809524,18.105238095238096,14.173571428571428,9.004285714285714,9.527857142857142,13.276904761904763
2019-07-07,31.26809523809524,18.105238095238096,14.173571428571428,9.004285714285714,9.527857142857142,13.276904761904763
2019-07-08,31.249522445081187,18.085482330468004,14.194842406876791,9.005014326647565,9.52865329512894,13.290592168099332
2019-07-09,31.212273161413563,18.061127029608407,14.240687679083095,9.005014326647565,9.527220630372494,13.31064947468959
2019-07-10,31.212273161413563,18.061127029608407,14.240687679083095,9.005014326647565,9.527220630372494,13.31064947468959
2019-07-11,31.187021072796938,18.044061302681992,14.258620689655173,9.007902298850574,9.531609195402298,13.325909961685825
2019-07-12,31.16738712776177,18.024015369836697,14.276657060518732,9.010806916426512,9.53314121037464,13.341258405379444
2019-07-13,31.152538314176248,18.012452107279696,14.306034482758621,9.006465517241379,9.530172413793103,13.340277777777779
2019-07-14,31.152538314176248,18.012452107279696,14.306034482758621,9.006465517241379,9.530172413793103,13.340277777777779
2019-07-15,31.119492337164754,17.980842911877396,14.35344827586207,9.007902298850574,9.525862068965518,13.354645593869733
2019-07-16,31.093900096061482,17.96926032660903,14.371757925072046,9.010806916426512,9.527377521613833,13.372958693563882
2019-07-17,31.06815992292871,17.95472061657033,14.390173410404625,9.013728323699421,9.531791907514451,13.385597302504818
2019-07-18,31.06815992292871,17.95472061657033,14.390173410404625,9.013728323699421,9.531791907514451,13.385597302504818
2019-07-19,31.039258188824665,17.922928709055878,14.439306358381502,9.013728323699421,9.528901734104046,13.394267822736031
2019-07-20,31.0276176753122,17.91018251681076,14.463976945244957,9.012247838616714,9.52593659942363,13.391690682036504
2019-07-21,31.0276176753122,17.91018251681076,14.463976945244957,9.012247838616714,9.52593659942363,13.391690682036504
2019-07-22,31.003121998078772,17.87560038424592,14.50864553314121,9.009365994236312,9.520172910662824,13.406099903938522
2019-07-23,30.968539865513932,17.849663784822287,14.55763688760807,9.009365994236312,9.520172910662824,13.417627281460135
2019-07-24,30.96431992337165,17.840038314176248,14.581896551724139,9.003591954022989,9.517241379310345,13.41211685823755
2019-07-25,30.950095510983765,17.8261700095511,14.614613180515759,9.003581661891117,9.512893982808023,13.408070678127986
2019-07-26,30.92983716475096,17.811302681992338,14.633620689655173,9.006465517241379,9.511494252873563,13.423611111111112
2019-07-27,30.917144221585485,17.79894937917861,14.659025787965616,9.006446991404012,9.505730659025788,13.422397325692456
2019-07-28,30.899664750957857,17.778256704980844,14.682471264367816,9.006465517241379,9.50287356321839,13.435105363984675
2019-07-29,30.899664750957857,17.778256704980844,14.682471264367816,9.006465517241379,9.50287356321839,13.435105363984675
2019-07-30,30.86374521072797,17.746647509578544,14.729885057471265,9.010775862068966,9.501436781609195,13.453783524904216
2019-07-31,30.86374521072797,17.746647509578544,14.729885057471265,9.010775862068966,9.501436781609195,13.453783524904216
2019-08-01,30.8235153256705,17.712164750957857,14.781609195402298,9.010775862068966,9.498563218390805,13.471024904214561
2019-08-02,30.80283381364073,17.6940441882805,14.804034582132564,9.013688760806916,9.497118155619596,13.486791546589819
2019-08-03,30.790469348659006,17.680555555555557,14.827586206896552,9.013649425287356,9.492816091954023,13.48682950191571
2019-08-04,30.790469348659006,17.680555555555557,14.827586206896552,9.013649425287356,9.492816091954023,13.48682950191571
2019-08-05,30.763170498084293,17.641762452107283,14.875,9.013649425287356,9.492816091954023,13.501197318007664
2019-08-06,30.737992315081655,17.627761767531222,14.894812680115274,9.015129682997118,9.495677233429396,13.518491834774256
2019-08-07,30.737992315081655,17.627761767531222,14.894812680115274,9.015129682997118,9.495677233429396,13.518491834774256
2019-08-08,30.737992315081655,17.627761767531222,14.894812680115274,9.015129682997118,9.495677233429396,13.518491834774256
2019-08-09,30.706292026897216,17.596061479346783,14.943804034582133,9.012247838616714,9.489913544668587,13.535782901056677
2019-08-10,30.69276819923372,17.58285440613027,14.968390804597702,9.010775862068966,9.487068965517242,13.535680076628353
2019-08-11,30.69276819923372,17.58285440613027,14.968390804597702,9.010775862068966,9.487068965517242,13.535680076628353
2019-08-12,30.669548511047072,17.564361191162345,14.990634005763688,9.009365994236312,9.489913544668587,13.550192122958695
2019-08-13,30.639289145052835,17.529779058597505,15.038184438040346,9.012247838616714,9.487031700288185,13.566042267050914
2019-08-14,30.618015414258192,17.51685934489403,15.058526011560694,9.01228323699422,9.488439306358382,13.576348747591522
2019-08-15,30.593719806763286,17.50386473429952,15.078985507246378,9.01231884057971,9.489855072463769,13.58961352657005
2019-08-16,30.57218992248062,17.487887596899228,15.102470930232558,9.012354651162791,9.491279069767442,13.605862403100776
2019-08-17,30.558937198067635,17.47632850241546,15.12536231884058,9.01086956521739,9.48840579710145,13.605555555555556
2019-08-18,30.558937198067635,17.47632850241546,15.12536231884058,9.01086956521739,9.48840579710145,13.605555555555556
2019-08-19,30.540213178294575,17.457364341085274,15.150436046511627,9.013808139534884,9.486918604651162,13.616036821705427
2019-08-20,30.506782945736436,17.425387596899228,15.201308139534884,9.01671511627907,9.484011627906977,13.63202519379845
2019-08-21,30.484980620155042,17.39777131782946,15.247819767441861,9.013808139534884,9.481104651162791,13.63638565891473
2019-08-22,30.44718992248062,17.37451550387597,15.297238372093023,9.005087209302326,9.475290697674419,13.653827519379846
2019-08-23,30.425170068027214,17.35519922254616,15.318513119533527,9.008017492711371,9.47667638483965,13.670310981535472
2019-08-24,30.413759689922482,17.346899224806204,15.340843023255815,9.006540697674419,9.472383720930232,13.669815891472869
2019-08-25,30.396015549076775,17.32896015549077,15.36661807580175,9.008017492711371,9.470845481049563,13.679057337220604
2019-08-26,30.38323643410853,17.31637596899225,15.39171511627907,9.005087209302326,9.466569767441861,13.682897286821706
2019-08-27,30.36030126336249,17.29834791059281,15.41399416909621,9.005102040816327,9.46938775510204,13.698007774538388
2019-08-28,30.33942495126706,17.286062378167642,15.43421052631579,9.003654970760234,9.469298245614034,13.710282651072125
2019-08-29,30.318426197458457,17.270772238514176,15.456011730205278,9.00366568914956,9.469208211143695,13.724095796676442
2019-08-30,30.298774509803923,17.250980392156865,15.477941176470589,9.006617647058823,9.470588235294118,13.737990196078432
2019-08-31,30.292033235581624,17.244379276637343,15.498533724340176,9.00366568914956,9.463343108504398,13.735826001955035
2019-09-01,30.273774509803925,17.225980392156863,15.526470588235295,9.003676470588236,9.46029411764706,13.743872549019608
2019-09-02,30.261241446725318,17.21798631476051,15.549853372434018,9.002199413489736,9.45307917888563,13.747556207233627
2019-09-03,30.24142156862745,17.200980392156865,15.572058823529412,9.00514705882353,9.451470588235294,13.761519607843137
2019-09-04,30.22148475909538,17.192723697148477,15.595870206489675,9.003687315634219,9.452802359882005,13.766715830875123
2019-09-05,30.196411012782697,17.167649950835795,15.641592920353983,8.993362831858407,9.446902654867257,13.778515240904623
2019-09-06,30.17924063116371,17.15335305719921,15.664201183431953,8.993343195266272,9.445266272189349,13.786735700197239
2019-09-07,30.1728121927237,17.148475909537858,15.682890855457227,8.988938053097344,9.438053097345133,13.785889872173058
2019-09-08,30.155571992110456,17.134122287968445,15.708579881656805,8.988905325443787,9.433431952662723,13.794132149901381
2019-09-09,30.137487636003957,17.118199802176065,15.731454005934719,8.985905044510385,9.433234421364984,13.806874381800199
2019-09-10,30.12820512820513,17.107495069033533,15.75,8.982988165680473,9.427514792899409,13.811883629191323
2019-09-11,30.10929772502473,17.093719090009895,15.77299703264095,8.981454005934719,9.429525222551929,13.821711177052425
2019-09-12,30.09399801587302,17.079861111111114,15.796875,8.979910714285714,9.427827380952381,13.82936507936508
2019-09-13,30.084817012858558,17.076656775469832,15.818249258160238,8.974035608308606,9.423590504451038,13.823936696340258
2019-09-14,30.07716962524655,17.07199211045365,15.835059171597633,8.971153846153847,9.416420118343195,13.825936883629192
2019-09-15,30.07716962524655,17.07199211045365,15.835059171597633,8.971153846153847,9.416420118343195,13.825936883629192
2019-09-16,30.06661750245821,17.061455260570305,15.854719764011799,8.966814159292035,9.410766961651918,13.832350049164209
2019-09-17,30.063480392156865,17.055392156862748,15.872794117647059,8.961029411764706,9.406617647058823,13.832843137254903
2019-09-18,30.063480392156865,17.055392156862748,15.872794117647059,8.961029411764706,9.406617647058823,13.832843137254903
2019-09-19,30.048774509803923,17.034803921568628,15.908088235294118,8.95514705882353,9.400735294117647,13.83872549019608
2019-09-20,30.04006882989184,17.023107177974435,15.92551622418879,8.949115044247788,9.39896755162242,13.844149459193709
2019-09-21,30.031219272369718,17.00540806293019,15.9594395280236,8.937315634218288,9.394542772861357,13.845624385447396
2019-09-22,30.031219272369718,17.00540806293019,15.9594395280236,8.937315634218288,9.394542772861357,13.845624385447396
2019-09-23,30.01936274509804,16.996568627450984,15.97720588235294,8.93455882352941,9.390441176470588,13.851960784313727
2019-09-24,30.01352015732547,16.98770894788594,15.994837758112094,8.928466076696164,9.388643067846608,13.857423795476894
2019-09-25,30.01352015732547,16.98770894788594,15.994837758112094,8.928466076696164,9.388643067846608,13.857423795476894
2019-09-26,30.01352015732547,16.98770894788594,15.994837758112094,8.928466076696164,9.388643067846608,13.857423795476894
2019-09-27,29.998770894788596,16.961160275319568,16.04793510324484,8.916666666666666,9.379793510324484,13.863323500491642
2019-09-28,29.98995098039216,16.953921568627454,16.06544117647059,8.913970588235294,9.374264705882354,13.86372549019608
2019-09-29,29.98995098039216,16.953921568627454,16.06544117647059,8.913970588235294,9.374264705882354,13.86372549019608
2019-09-30,29.973774509803924,16.92745098039216,16.103676470588237,8.905147058823529,9.371323529411764,13.872549019607844
2019-10-01,29.967797443461162,16.918387413962638,16.11873156342183,8.89896755162242,9.372418879056047,13.878072763028516
2019-10-02,29.961785009861934,16.909270216962526,16.136834319526628,8.892751479289942,9.370562130177515,13.886587771203157
2019-10-03,29.95870425321464,16.897131552917905,16.152077151335313,8.886498516320474,9.368694362017804,13.892185954500496
2019-10-04,29.95560515873016,16.884920634920636,16.170386904761905,8.880208333333334,9.366815476190476,13.89781746031746
2019-10-05,29.948318496538082,16.877843719090013,16.18620178041543,8.877596439169139,9.361275964391691,13.898120672601385
2019-10-06,29.942212301587304,16.864087301587304,16.20610119047619,8.874255952380953,9.36235119047619,13.900793650793652
2019-10-07,29.942212301587304,16.864087301587304,16.20610119047619,8.874255952380953,9.36235119047619,13.900793650793652
2019-10-08,29.92733134920635,16.844742063492067,16.23735119047619,8.866071428571429,9.359375,13.911210317460318
2019-10-09,29.924129353233834,16.832338308457715,16.258955223880598,8.856716417910448,9.357462686567164,13.913930348258708
2019-10-10,29.915174129353236,16.808457711442788,16.29776119402985,8.84179104477612,9.354477611940299,13.919900497512439
2019-10-11,29.908932135728545,16.795908183632736,16.316616766467067,8.835329341317365,9.355538922155688,13.925648702594811
2019-10-12,29.90174129353234,16.78756218905473,16.333582089552237,8.83134328358209,9.351492537313433,13.924378109452737
2019-10-13,29.90174129353234,16.78756218905473,16.333582089552237,8.83134328358209,9.351492537313433,13.924378109452737
2019-10-14,29.892465069860283,16.7749500998004,16.355538922155688,8.827844311377245,9.349550898203592,13.927145708582835
2019-10-15,29.88048902195609,16.753243512974052,16.39071856287425,8.815868263473053,9.345059880239521,13.937624750499003
2019-10-16,29.879353233830848,16.750995024875625,16.411940298507464,8.808955223880597,9.338059701492538,13.934825870646767
2019-10-17,29.86442786069652,16.730099502487565,16.444776119402984,8.8,9.335074626865671,13.940796019900498
2019-10-18,29.85845771144279,16.70621890547264,16.486567164179103,8.785074626865672,9.332089552238806,13.943781094527363
2019-10-19,29.85292658730159,16.69965277777778,16.5,8.78125,9.329613095238095,13.940972222222223
2019-10-20,29.84950248756219,16.68681592039801,16.519402985074628,8.774626865671642,9.327611940298507,13.943781094527363
2019-10-21,29.84950248756219,16.68681592039801,16.519402985074628,8.774626865671642,9.327611940298507,13.943781094527363
2019-10-22,29.831592039801,16.667412935323384,16.553731343283584,8.764179104477613,9.327611940298507,13.955721393034827
2019-10-23,29.831592039801,16.667412935323384,16.553731343283584,8.764179104477613,9.327611940298507,13.955721393034827
2019-10-24,29.831592039801,16.667412935323384,16.553731343283584,8.764179104477613,9.327611940298507,13.955721393034827
2019-10-25,29.82809381237525,16.654441117764474,16.570359281437124,8.760479041916168,9.32559880239521,13.961576846307386
2019-10-26,29.825621890547264,16.64800995024876,16.580597014925374,8.75820895522388,9.32313432835821,13.960199004975125
2019-10-27,29.81911177644711,16.634980039920162,16.600299401197606,8.751497005988025,9.324101796407186,13.966067864271459
2019-10-28,29.815565565565567,16.61886886886887,16.624624624624623,8.746246246246246,9.32057057057057,13.967467467467468
2019-10-29,29.804141716566868,16.609530938123754,16.643712574850298,8.74251497005988,9.319610778443113,13.972055888223554
2019-10-30,29.803553553553556,16.596346346346348,16.66066066066066,8.732732732732734,9.32057057057057,13.974974974974977
2019-10-31,29.803553553553556,16.596346346346348,16.66066066066066,8.732732732732734,9.32057057057057,13.974974974974977
2019-11-01,29.80296184738956,16.5800702811245,16.680722891566266,8.725903614457831,9.318524096385541,13.977911646586346
2019-11-02,29.796046046046047,16.573823823823826,16.68768768768769,8.725225225225225,9.31906906906907,13.977977977977979
2019-11-03,29.78940763052209,16.563504016064257,16.707831325301203,8.715361445783133,9.320030120481928,13.98393574297189
2019-11-04,29.769829317269078,16.543925702811247,16.74397590361446,8.707831325301205,9.318524096385541,13.991465863453817
2019-11-05,29.769829317269078,16.543925702811247,16.74397590361446,8.707831325301205,9.318524096385541,13.991465863453817
2019-11-06,29.766112789526687,16.530463242698893,16.761329305135952,8.700906344410877,9.316465256797583,13.997482376636457
2019-11-07,29.744964753272914,16.509315206445116,16.79154078549849,8.694864048338369,9.316465256797583,14.006545820745217
2019-11-08,29.7328801611279,16.488167170191343,16.82477341389728,8.685800604229607,9.319486404833837,14.00956696878147
2019-11-09,29.72163654618474,16.48217871485944,16.832831325301203,8.688253012048193,9.321536144578314,14.008032128514056
2019-11-10,29.715760322255793,16.468529707955692,16.84944612286002,8.682275931520644,9.322507552870091,14.01510574018127
2019-11-11,29.71338383838384,16.45479797979798,16.870959595959597,8.676767676767676,9.316666666666666,14.015151515151516
2019-11-12,29.700654582074524,16.451913393756296,16.88192346424975,8.67472306143001,9.317220543806647,14.018126888217523
2019-11-13,29.69368686868687,16.438131313131315,16.90277777777778,8.664646464646465,9.315151515151515,14.024242424242424
2019-11-14,29.67950654582075,16.433786505538773,16.918177240684795,8.659617321248742,9.314199395770393,14.024169184290031
2019-11-15,29.669444444444448,16.416919191919195,16.939141414141414,8.658585858585859,9.312121212121212,14.033333333333333
2019-11-16,29.6598690835851,16.41565961732125,16.943856998992953,8.658106747230615,9.314199395770393,14.031722054380664
2019-11-17,29.65126262626263,16.40328282828283,16.961868686868687,8.654040404040405,9.313636363636364,14.037878787878787
2019-11-18,29.637210473313196,16.40055387713998,16.974068479355488,8.653575025176234,9.31570996978852,14.040785498489425
2019-11-19,29.636797188755025,16.393323293172692,16.987700803212853,8.650100401606426,9.311746987951807,14.042168674698795
2019-11-20,29.626636455186308,16.377895266868077,17.005790533736153,8.6460221550856,9.312688821752266,14.051359516616314
2019-11-21,29.626636455186308,16.377895266868077,17.005790533736153,8.6460221550856,9.312688821752266,14.051359516616314
2019-11-22,29.616414141414147,16.36388888888889,17.027020202020203,8.644949494949495,9.31060606060606,14.057575757575757
2019-11-23,29.608509566968785,16.35825780463243,17.03751258811682,8.6460221550856,9.309667673716012,14.054380664652568
2019-11-24,29.598232323232327,16.34570707070707,17.05429292929293,8.644949494949495,9.309090909090909,14.062121212121212
2019-11-25,29.593971631205676,16.328520770010133,17.075734549138804,8.640830800405269,9.303951367781155,14.065349544072948
2019-11-26,29.584595959595962,16.3229797979798,17.090656565656566,8.640404040404041,9.304545454545455,14.065151515151515
2019-11-27,29.577254305977714,16.30876393110436,17.10916919959473,8.639311043566364,9.30243161094225,14.06838905775076
2019-11-28,29.569867886178866,16.288363821138212,17.12474593495935,8.641260162601627,9.303353658536585,14.074695121951219
2019-11-29,29.551575203252035,16.263973577235774,17.16133130081301,8.635162601626016,9.303353658536585,14.080792682926829
2019-11-30,29.531758130081304,16.247205284552848,17.188770325203254,8.635162601626016,9.301829268292684,14.088414634146341
2019-12-01,29.531758130081304,16.247205284552848,17.188770325203254,8.635162601626016,9.301829268292684,14.088414634146341
2019-12-02,29.518038617886184,16.221290650406505,17.222306910569106,8.633638211382115,9.297256097560975,14.09298780487805
2019-12-03,29.51038500506586,16.2145390070922,17.233789260385006,8.634751773049645,9.293313069908814,14.095744680851064
2019-12-04,29.50279471544716,16.202997967479675,17.24974593495935,8.633638211382115,9.294207317073171,14.099085365853659
2019-12-05,29.48910840932118,16.19326241134752,17.267223910840933,8.634751773049645,9.290273556231003,14.101823708206688
2019-12-06,29.479928861788622,16.178607723577237,17.284806910569106,8.636686991869919,9.289634146341463,14.106707317073171
2019-12-07,29.475430597771027,16.17046605876393,17.29609929078014,8.637791286727458,9.285714285714286,14.104863221884498
2019-12-08,29.475430597771027,16.17046605876393,17.29609929078014,8.637791286727458,9.285714285714286,14.104863221884498
2019-12-09,29.466312056737593,16.14918946301925,17.328014184397166,8.636271529888552,9.278115501519757,14.10790273556231
2019-12-10,29.466312056737593,16.14918946301925,17.328014184397166,8.636271529888552,9.278115501519757,14.10790273556231
2019-12-11,29.452489837398378,16.134400406504067,17.345782520325205,8.632113821138212,9.278963414634147,14.117378048780488
2019-12-12,29.445035460992912,16.12791286727457,17.356889564336374,8.630192502532928,9.275075987841944,14.120060790273556
2019-12-13,29.42679837892604,16.104356636271532,17.39564336372847,8.626393110435664,9.272036474164134,14.124620060790274
2019-12-14,29.42247474747475,16.0979797979798,17.406565656565657,8.6260101010101,9.271212121212121,14.121212121212121
2019-12-15,29.42247474747475,16.0979797979798,17.406565656565657,8.6260101010101,9.271212121212121,14.121212121212121
2019-12-16,29.415156092648544,16.08862034239678,17.41742195367573,8.625629405840886,9.27190332326284,14.123867069486405
2019-12-17,29.40126262626263,16.07979797979798,17.433838383838385,8.627525252525253,9.26969696969697,14.13030303030303
2019-12-18,29.40126262626263,16.07979797979798,17.433838383838385,8.627525252525253,9.26969696969697,14.13030303030303
2019-12-19,29.39853977844915,16.076535750251765,17.444612286002016,8.622608257804632,9.26737160120846,14.132930513595166
2019-12-20,29.39853977844915,16.076535750251765,17.444612286002016,8.622608257804632,9.26737160120846,14.132930513595166
2019-12-21,29.392821285140567,16.070281124497996,17.455321285140563,8.622238955823294,9.265060240963855,14.131024096385541
2019-12-22,29.392821285140567,16.070281124497996,17.455321285140563,8.622238955823294,9.265060240963855,14.131024096385541
2019-12-23,29.38343403826788,16.05991943605237,17.477844914400805,8.618076535750252,9.259818731117825,14.134441087613293
2019-12-24,29.371349446122863,16.03877139979859,17.508056394763344,8.621097683786505,9.253776435045317,14.137462235649547
2019-12-25,29.36035353535354,16.023737373737376,17.52777777777778,8.619949494949495,9.254545454545454,14.14090909090909
2019-12-26,29.36035353535354,16.023737373737376,17.52777777777778,8.619949494949495,9.254545454545454,14.14090909090909
2019-12-27,29.349290780141846,16.01165146909828,17.54457953394124,8.618794326241135,9.25531914893617,14.14741641337386
2019-12-28,29.33511178861789,15.999491869918701,17.5614837398374,8.617632113821138,9.25609756097561,14.160060975609756
2019-12-29,29.328491335372075,15.988786952089706,17.58460754332314,8.613404689092762,9.250764525993883,14.162079510703364
2019-12-30,29.328491335372075,15.988786952089706,17.58460754332314,8.613404689092762,9.250764525993883,14.162079510703364
2019-12-31,29.328491335372075,15.988786952089706,17.58460754332314,8.613404689092762,9.250764525993883,14.162079510703364
2020-01-01,29.328491335372075,15.988786952089706,17.58460754332314,8.613404689092762,9.250764525993883,14.162079510703364
2020-01-02,29.328491335372075,15.988786952089706,17.58460754332314,8.613404689092762,9.250764525993883,14.162079510703364
2020-01-03,29.31014271151886,15.964322120285425,17.615188583078492,8.616462793068298,9.247706422018348,14.1651376146789
2020-01-04,29.31014271151886,15.964322120285425,17.615188583078492,8.616462793068298,9.247706422018348,14.1651376146789
2020-01-05,29.30112474437628,15.954243353783234,17.63548057259714,8.614519427402863,9.24463190184049,14.170245398773005
2020-01-06,29.300203873598374,15.94520897043833,17.647298674821613,8.615698267074414,9.242354740061161,14.169724770642201
2020-01-07,29.300203873598374,15.94520897043833,17.647298674821613,8.615698267074414,9.242354740061161,14.169724770642201
2020-01-08,29.2857873210634,15.93890593047035,17.664621676891617,8.61758691206544,9.240030674846626,14.17638036809816
2020-01-09,29.267382413087937,15.917433537832313,17.69836400817996,8.620654396728018,9.233895705521473,14.182515337423313
2020-01-10,29.255897435897438,15.901794871794873,17.722051282051282,8.622564102564104,9.231538461538461,14.186153846153847
2020-01-11,29.23589743589744,15.886410256410258,17.751282051282054,8.625641025641027,9.226923076923077,14.19076923076923
2020-01-12,29.221193415637863,15.882973251028808,17.7690329218107,8.627572016460906,9.221450617283951,14.194444444444445
2020-01-13,29.214138286893707,15.876418988648092,17.79308565531476,8.623323013415893,9.215944272445821,14.195046439628483
2020-01-14,29.207304526748974,15.865997942386834,17.80298353909465,8.626028806584362,9.215277777777779,14.197530864197532
2020-01-15,29.19401444788442,15.853199174406607,17.82481940144479,8.621775025799794,9.215170278637771,14.204334365325078
2020-01-16,29.187242798353914,15.847479423868315,17.84079218106996,8.616769547325104,9.214506172839506,14.203703703703704
2020-01-17,29.172342621259034,15.834623323013417,17.861971104231166,8.618679050567597,9.212074303405572,14.210526315789474
2020-01-18,29.16563786008231,15.828960905349795,17.873199588477366,8.618312757201647,9.21141975308642,14.208333333333334
2020-01-19,29.151444788441697,15.823013415892675,17.89293085655315,8.617131062951497,9.207430340557275,14.212074303405572
2020-01-20,29.151444788441697,15.823013415892675,17.89293085655315,8.617131062951497,9.207430340557275,14.212074303405572
2020-01-21,29.14634773662552,15.814300411522636,17.90252057613169,8.616769547325104,9.208333333333334,14.214506172839506
2020-01-22,29.134416924664606,15.807533539731685,17.92389060887513,8.6124871001032,9.202786377708978,14.215170278637771
2020-01-23,29.118937048503614,15.792053663570693,17.95485036119711,8.615583075335397,9.193498452012383,14.215170278637771
2020-01-24,29.10688405797102,15.778985507246379,17.97644927536232,8.614389233954451,9.190993788819876,14.218944099378882
2020-01-25,29.100361197110427,15.770381836945306,17.988906088751293,8.615583075335397,9.191950464396285,14.21671826625387
2020-01-26,29.092132505175986,15.765010351966875,18.005175983436853,8.612836438923395,9.18944099378882,14.217391304347826
2020-01-27,29.085655314757485,15.759545923632613,18.01289989680083,8.614035087719298,9.187306501547988,14.219814241486068
2020-01-28,29.085655314757485,15.759545923632613,18.01289989680083,8.614035087719298,9.187306501547988,14.219814241486068
2020-01-29,29.074819401444792,15.74716202270382,18.045407636738908,8.6109391124871,9.18421052631579,14.21671826625387
2020-01-30,29.068840579710148,15.740165631469981,18.061076604554867,8.606625258799172,9.18167701863354,14.220496894409937
2020-01-31,29.053478712357222,15.726895119418487,18.08307372793354,8.60539979231568,9.182242990654206,14.22741433021807
2020-02-01,29.048654244306423,15.719979296066255,18.095238095238095,8.605072463768117,9.18167701863354,14.222049689440993
2020-02-02,29.047248182762207,15.717549325025962,18.11111111111111,8.599169262720665,9.174454828660435,14.219626168224298
2020-02-03,29.043995859213254,15.709109730848864,18.1231884057971,8.600414078674948,9.170807453416149,14.218944099378882
2020-02-04,29.043995859213254,15.709109730848864,18.1231884057971,8.600414078674948,9.170807453416149,14.218944099378882
2020-02-05,29.031671858774665,15.708203530633439,18.139148494288683,8.599169262720665,9.165109034267912,14.21651090342679
2020-02-06,29.025362318840582,15.70289855072464,18.151138716356108,8.597308488612837,9.164596273291925,14.21583850931677
2020-02-07,29.005175983436857,15.692028985507248,18.182194616977227,8.587991718426501,9.164596273291925,14.217391304347826
2020-02-08,29.002063983488135,15.686790505675956,18.197110423116616,8.586171310629515,9.1640866873065,14.204334365325078
2020-02-09,28.989680082559342,15.685242518059857,18.218782249742002,8.583075335397318,9.157894736842104,14.201238390092879
2020-02-10,28.989680082559342,15.685242518059857,18.218782249742002,8.583075335397318,9.157894736842104,14.201238390092879
2020-02-11,28.985082304526752,15.675411522633746,18.23045267489712,8.58127572016461,9.160493827160494,14.200617283950617
2020-02-12,28.969556243550056,15.671310629514966,18.249742002063986,8.579979360165119,9.157894736842104,14.201238390092879
2020-02-13,28.94943240454077,15.667440660474718,18.280701754385966,8.572239422084623,9.154024767801857,14.202786377708978
2020-02-14,28.933747412008284,15.661749482401659,18.301759834368532,8.56935817805383,9.15139751552795,14.203416149068323
2020-02-15,28.92930856553148,15.658152734778124,18.313209494324045,8.56140350877193,9.154024767801857,14.19969040247678
2020-02-16,28.918219461697728,15.658643892339546,18.332815734989648,8.560041407867494,9.145186335403727,14.194099378881987
2020-02-17,28.918219461697728,15.658643892339546,18.332815734989648,8.560041407867494,9.145186335403727,14.194099378881987
2020-02-18,28.91073271413829,15.655056759545925,18.33952528379773,8.556759545923633,9.146284829721361,14.196594427244582
2020-02-19,28.890608875129004,15.644220846233232,18.37667698658411,8.553663570691436,9.147832817337461,14.190402476780186
2020-02-20,28.890608875129004,15.644220846233232,18.37667698658411,8.553663570691436,9.147832817337461,14.190402476780186
2020-02-21,28.87474120082816,15.640010351966875,18.39648033126294,8.552277432712216,9.145186335403727,14.190993788819876
2020-02-22,28.868937048503614,15.636480908152736,18.40763673890609,8.54747162022704,9.147832817337461,14.18421052631579
2020-02-23,28.854554865424433,15.632246376811596,18.42753623188406,8.544513457556937,9.14363354037267,14.184782608695652
2020-02-24,28.854554865424433,15.632246376811596,18.42753623188406,8.544513457556937,9.14363354037267,14.184782608695652
2020-02-25,28.847265221878228,15.628740970072242,18.438596491228072,8.539731682146543,9.147832817337461,14.181114551083592
2020-02-26,28.847265221878228,15.628740970072242,18.438596491228072,8.539731682146543,9.147832817337461,14.181114551083592
2020-02-27,28.847265221878228,15.628740970072242,18.438596491228072,8.539731682146543,9.147832817337461,14.181114551083592
2020-02-28,28.834368530020708,15.618271221532092,18.458592132505178,8.541407867494824,9.145186335403727,14.184782608695652
2020-02-29,28.812629399585926,15.612060041407869,18.492753623188406,8.528985507246377,9.145186335403727,14.178571428571429
2020-03-01,28.800825593395256,15.61326109391125,18.50361197110423,8.521155830753354,9.147832817337461,14.178018575851393
2020-03-02,28.79089026915114,15.607401656314702,18.526915113871638,8.518115942028986,9.138975155279503,14.175465838509316
2020-03-03,28.78379772961817,15.608617131062953,18.54076367389061,8.510319917440661,9.141640866873065,14.173374613003096
2020-03-04,28.78379772961817,15.608617131062953,18.54076367389061,8.510319917440661,9.141640866873065,14.173374613003096
2020-03-05,28.768317853457177,15.59932920536636,18.57481940144479,8.501031991744066,9.135448916408668,14.170278637770897
2020-03-06,28.74509803921569,15.590041279669764,18.611971104231166,8.493292053663572,9.129256965944272,14.171826625386997
2020-03-07,28.736625514403297,15.588220164609055,18.628600823045268,8.48559670781893,9.131944444444445,14.162037037037036
2020-03-08,28.722051282051286,15.592564102564104,18.63897435897436,8.481025641025642,9.131538461538462,14.161538461538461
2020-03-09,28.705128205128208,15.58641025641026,18.674358974358974,8.470256410256411,9.123846153846154,14.15846153846154
2020-03-10,28.688786008230455,15.57587448559671,18.698045267489714,8.465534979423868,9.121141975308642,14.16358024691358
2020-03-11,28.675438596491233,15.566821465428278,18.7203302373581,8.46233230134159,9.118421052631579,14.1671826625387
2020-03-12,28.675438596491233,15.566821465428278,18.7203302373581,8.46233230134159,9.118421052631579,14.1671826625387
2020-03-13,28.66356107660456,15.557712215320914,18.74120082815735,8.460662525879918,9.11413043478261,14.169254658385093
2020-03-14,28.65995872033024,15.557533539731685,18.749742002063986,8.454592363261094,9.113777089783282,14.1640866873065
2020-03-15,28.648033126294,15.553053830227745,18.775362318840582,8.449792960662526,9.104813664596273,14.161490683229813
2020-03-16,28.64757481940145,15.549793601651189,18.78844169246646,8.4437564499484,9.106037151702786,14.157894736842104
2020-03-17,28.64757481940145,15.549793601651189,18.78844169246646,8.4437564499484,9.106037151702786,14.157894736842104
2020-03-18,28.64757481940145,15.549793601651189,18.78844169246646,8.4437564499484,9.106037151702786,14.157894736842104
2020-03-19,28.65174897119342,15.545010288065846,18.801440329218106,8.439300411522634,9.10570987654321,14.145061728395062
2020-03-20,28.636738906088755,15.537409700722396,18.822497420020643,8.439112487100104,9.10139318885449,14.15015479876161
2020-03-21,28.640946502057616,15.53729423868313,18.827674897119344,8.434670781893004,9.10108024691358,14.140432098765432
2020-03-22,28.640946502057616,15.53729423868313,18.827674897119344,8.434670781893004,9.10108024691358,14.140432098765432
2020-03-23,28.645576131687246,15.52803497942387,18.858539094650208,8.423868312757202,9.085648148148149,14.131172839506172
2020-03-24,28.645576131687246,15.52803497942387,18.858539094650208,8.423868312757202,9.085648148148149,14.131172839506172
2020-03-25,28.6332304526749,15.52340534979424,18.892489711934157,8.41769547325103,9.079475308641975,14.123456790123457
2020-03-26,28.65589743589744,15.524871794871796,18.886666666666667,8.41025641025641,9.076153846153845,14.107692307692307
2020-03-27,28.65589743589744,15.514102564102567,18.91897435897436,8.402564102564103,9.068461538461538,14.098461538461539
2020-03-28,28.67229038854806,15.518660531697343,18.916155419222903,8.395194274028631,9.066717791411042,14.085889570552148
2020-03-29,28.67229038854806,15.518660531697343,18.916155419222903,8.395194274028631,9.066717791411042,14.085889570552148
2020-03-30,28.663589743589746,15.512564102564104,18.93897435897436,8.393333333333334,9.057692307692308,14.081538461538461
2020-03-31,28.68302658486708,15.510991820040902,18.936094069529652,8.387525562372188,9.052914110429448,14.075153374233128
2020-04-01,28.68302658486708,15.510991820040902,18.936094069529652,8.387525562372188,9.052914110429448,14.075153374233128
2020-04-02,28.686094069529656,15.501789366053172,18.960633946830267,8.378323108384459,9.046779141104295,14.065950920245399
2020-04-03,28.671282051282056,15.492564102564105,18.983589743589743,8.376410256410256,9.042307692307693,14.069230769230769
2020-04-04,28.690695296523522,15.498721881390594,18.97750511247444,8.36912065439673,9.04064417177914,14.056748466257668
2020-04-05,28.690695296523522,15.498721881390594,18.97750511247444,8.36912065439673,9.04064417177914,14.056748466257668
2020-04-06,28.71063394683027,15.491053169734153,18.997443762781188,8.35838445807771,9.028374233128835,14.041411042944786
2020-04-07,28.71063394683027,15.491053169734153,18.997443762781188,8.35838445807771,9.028374233128835,14.041411042944786
2020-04-08,28.700512820512824,15.486410256410258,19.01897435897436,8.353333333333333,9.025384615384615,14.038461538461538
2020-04-09,28.719836400818,15.491053169734153,19.0219836400818,8.343047034764826,9.019171779141104,14.026073619631902
2020-04-10,28.70666666666667,15.483333333333336,19.043589743589745,8.341025641025642,9.013076923076923,14.02923076923077
2020-04-11,28.732106339468306,15.487985685071576,19.03425357873211,8.332310838445808,9.011503067484663,14.016871165644172
2020-04-12,28.71589743589744,15.480256410256413,19.052820512820514,8.33025641025641,9.008461538461539,14.023076923076923
2020-04-13,28.707304526748974,15.472479423868315,19.074588477366255,8.32664609053498,9.003858024691358,14.018518518518519
2020-04-14,28.718106995884778,15.458590534979425,19.09002057613169,8.317386831275721,8.999228395061728,14.01388888888889
2020-04-15,28.718106995884778,15.458590534979425,19.09002057613169,8.317386831275721,8.999228395061728,14.01388888888889
2020-04-16,28.731995884773667,15.453960905349795,19.11008230452675,8.308127572016462,8.988425925925926,14.001543209876543
2020-04-17,28.718782249742006,15.44762641898865,19.130546955624357,8.305985552115583,8.98374613003096,14.004643962848297
2020-04-18,28.747427983539097,15.452417695473253,19.11934156378601,8.298868312757202,8.98070987654321,13.99074074074074
2020-04-19,28.734262125902998,15.44762641898865,19.14293085655315,8.29669762641899,8.976006191950464,13.986068111455108
2020-04-20,28.734262125902998,15.44762641898865,19.14293085655315,8.29669762641899,8.976006191950464,13.986068111455108
2020-04-21,28.764403292181072,15.44624485596708,19.133230452674898,8.29269547325103,8.971450617283951,13.975308641975309
2020-04-22,28.764403292181072,15.44624485596708,19.133230452674898,8.29269547325103,8.971450617283951,13.975308641975309
2020-04-23,28.764403292181072,15.44624485596708,19.133230452674898,8.29269547325103,8.971450617283951,13.975308641975309
2020-04-24,28.77829218106996,15.44161522633745,19.154835390946502,8.28343621399177,8.962191358024691,13.96141975308642
2020-04-25,28.80820512820513,15.443333333333335,19.142051282051284,8.276410256410257,8.96076923076923,13.94923076923077
2020-04-26,28.80820512820513,15.443333333333335,19.142051282051284,8.276410256410257,8.96076923076923,13.94923076923077
2020-04-27,28.82512820512821,15.440256410256412,19.155897435897437,8.26871794871795,8.953076923076923,13.932307692307692
2020-04-28,28.843589743589746,15.432564102564104,19.165128205128205,8.265641025641026,8.946923076923078,13.918461538461539
2020-04-29,28.843589743589746,15.432564102564104,19.165128205128205,8.265641025641026,8.946923076923078,13.918461538461539
2020-04-30,28.843589743589746,15.432564102564104,19.165128205128205,8.265641025641026,8.946923076923078,13.918461538461539
2020-05-01,28.82921810699589,15.427726337448561,19.185699588477366,8.264917695473251,8.943672839506172,13.919753086419753
2020-05-02,28.85589743589744,15.42948717948718,19.171282051282052,8.257948717948718,8.942307692307692,13.910769230769231
2020-05-03,28.844650205761322,15.424639917695474,19.194958847736626,8.258744855967079,8.935956790123457,13.905864197530864
2020-05-04,28.871282051282055,15.423333333333336,19.18820512820513,8.251794871794873,8.931538461538462,13.896923076923077
2020-05-05,28.871282051282055,15.423333333333336,19.18820512820513,8.251794871794873,8.931538461538462,13.896923076923077
2020-05-06,28.85648148148148,15.416409465020577,19.21039094650206,8.25051440329218,8.92824074074074,13.899176954732509
2020-05-07,28.871913580246915,15.404063786008232,19.22890946502058,8.241255144032921,8.925154320987655,13.883744855967077
2020-05-08,28.859133126934985,15.397574819401445,19.249742002063986,8.238906088751289,8.923374613003096,13.884932920536635
2020-05-09,28.890432098765434,15.399434156378602,19.23508230452675,8.23045267489712,8.918981481481481,13.876028806584362
2020-05-10,28.890432098765434,15.399434156378602,19.23508230452675,8.23045267489712,8.918981481481481,13.876028806584362
2020-05-11,28.890432098765434,15.399434156378602,19.23508230452675,8.23045267489712,8.918981481481481,13.876028806584362
2020-05-12,28.905864197530864,15.391718106995885,19.250514403292183,8.22582304526749,8.908179012345679,13.862139917695472
2020-05-13,28.905864197530864,15.391718106995885,19.250514403292183,8.22582304526749,8.908179012345679,13.862139917695472
2020-05-14,28.933846153846154,15.390512820512821,19.246666666666666,8.218974358974359,8.902307692307692,13.85025641025641
2020-05-15,28.94923076923077,15.384358974358975,19.26205128205128,8.209743589743589,8.893076923076922,13.837948717948716
2020-05-16,28.967692307692307,15.376666666666667,19.26820512820513,8.203589743589744,8.886923076923077,13.828717948717948
2020-05-17,28.967692307692307,15.376666666666667,19.26820512820513,8.203589743589744,8.886923076923077,13.828717948717948
2020-05-18,28.983076923076922,15.367435897435898,19.288205128205128,8.197435897435897,8.873076923076923,13.813333333333333
2020-05-19,28.983076923076922,15.367435897435898,19.288205128205128,8.197435897435897,8.873076923076923,13.813333333333333
2020-05-20,28.983076923076922,15.367435897435898,19.288205128205128,8.197435897435897,8.873076923076923,13.813333333333333
2020-05-21,28.983076923076922,15.367435897435898,19.288205128205128,8.197435897435897,8.873076923076923,13.813333333333333
2020-05-22,28.998461538461537,15.35974358974359,19.308205128205127,8.191282051282052,8.862307692307692,13.797948717948717
2020-05-23,29.029141104294478,15.36017382413088,19.296523517382415,8.184560327198364,8.859662576687116,13.784764826175868
2020-05-24,29.02,15.355128205128207,19.322051282051284,8.185128205128205,8.851538461538462,13.777948717948718
2020-05-25,29.04447852760736,15.354038854805728,19.31799591002045,8.178425357873211,8.848926380368098,13.76482617586912
2020-05-26,29.04447852760736,15.354038854805728,19.31799591002045,8.178425357873211,8.848926380368098,13.76482617586912
2020-05-27,29.04447852760736,15.354038854805728,19.31799591002045,8.178425357873211,8.848926380368098,13.76482617586912
2020-05-28,29.032307692307693,15.339743589743591,19.3374358974359,8.178974358974358,8.845384615384615,13.767179487179487
2020-05-29,29.052307692307693,15.32897435897436,19.35897435897436,8.165128205128205,8.837692307692308,13.753333333333332
2020-05-30,29.085889570552148,15.329498977505114,19.347137014314928,8.16002044989775,8.833588957055214,13.738752556237218
2020-05-31,29.085889570552148,15.329498977505114,19.347137014314928,8.16002044989775,8.833588957055214,13.738752556237218
2020-06-01,29.08,15.324358974358976,19.372820512820514,8.16051282051282,8.823846153846153,13.731794871794872
2020-06-02,29.108895705521473,15.320296523517383,19.368609406952967,8.152351738241308,8.821319018404909,13.720347648261757
2020-06-03,29.103076923076923,15.312051282051282,19.38820512820513,8.152820512820512,8.817692307692308,13.716410256410256
2020-06-04,29.130368098159508,15.311094069529654,19.387014314928425,8.146216768916155,8.815184049079754,13.701942740286297
2020-06-05,29.120512820512825,15.304871794871797,19.408717948717946,8.143589743589743,8.813589743589743,13.7
2020-06-06,29.150817995910025,15.305470347648264,19.396728016359916,8.138548057259714,8.811094069529652,13.682515337423313
2020-06-07,29.150817995910025,15.305470347648264,19.396728016359916,8.138548057259714,8.811094069529652,13.682515337423313
2020-06-08,29.151282051282056,15.294102564102566,19.422564102564102,8.138974358974359,8.801282051282051,13.675384615384615
2020-06-09,29.16666666666667,15.272564102564104,19.442564102564102,8.129743589743589,8.798205128205128,13.666153846153847
2020-06-10,29.16666666666667,15.272564102564104,19.442564102564102,8.129743589743589,8.798205128205128,13.666153846153847
2020-06-11,29.16666666666667,15.272564102564104,19.442564102564102,8.129743589743589,8.798205128205128,13.666153846153847
2020-06-12,29.191282051282055,15.263333333333335,19.467179487179486,8.114358974358973,8.78897435897436,13.644615384615385
2020-06-13,29.220512820512823,15.255641025641028,19.47948717948718,8.106666666666666,8.781282051282052,13.624615384615385
2020-06-14,29.220512820512823,15.255641025641028,19.47948717948718,8.106666666666666,8.781282051282052,13.624615384615385
2020-06-15,29.248205128205132,15.241794871794873,19.49948717948718,8.098974358974358,8.772051282051281,13.604615384615384
2020-06-16,29.239711934156382,15.230195473251031,19.51954732510288,8.099279835390947,8.771347736625515,13.603395061728396
2020-06-17,29.239711934156382,15.230195473251031,19.51954732510288,8.099279835390947,8.771347736625515,13.603395061728396
2020-06-18,29.264403292181072,15.224022633744857,19.53343621399177,8.085390946502057,8.762088477366255,13.589506172839506
2020-06-19,29.257481940144483,15.215428276573789,19.556759545923633,8.081011351909185,8.759803921568627,13.586687306501547
2020-06-20,29.28600823045268,15.213220164609055,19.550411522633745,8.074588477366255,8.757458847736626,13.574074074074074
2020-06-21,29.28600823045268,15.213220164609055,19.550411522633745,8.074588477366255,8.757458847736626,13.574074074074074
2020-06-22,29.309156378600825,15.20087448559671,19.570473251028805,8.065329218106996,8.749742798353909,13.554012345679013
2020-06-23,29.309156378600825,15.20087448559671,19.570473251028805,8.065329218106996,8.749742798353909,13.554012345679013
2020-06-24,29.307017543859654,15.192208462332303,19.587719298245613,8.065531475748193,8.748968008255934,13.546439628482972
2020-06-25,29.330761316872433,15.194701646090536,19.588991769547324,8.056069958847736,8.743569958847736,13.535493827160494
2020-06-26,29.361625514403297,15.188528806584364,19.609053497942387,8.042181069958847,8.737397119341564,13.512345679012345
2020-06-27,29.38666666666667,15.18794871794872,19.602564102564102,8.035897435897436,8.735128205128206,13.50153846153846
2020-06-28,29.38786008230453,15.182355967078191,19.62602880658436,8.031378600823045,8.728137860082304,13.489197530864198
2020-06-29,29.38786008230453,15.182355967078191,19.62602880658436,8.031378600823045,8.728137860082304,13.489197530864198
2020-06-30,29.409743589743595,15.184871794871796,19.617948717948718,8.028205128205128,8.725897435897435,13.48
2020-07-01,29.40792181069959,15.179269547325104,19.641460905349792,8.025205761316872,8.721965020576132,13.469135802469136
2020-07-02,29.42644032921811,15.173096707818932,19.65997942386831,8.0190329218107,8.709619341563785,13.453703703703704
2020-07-03,29.423116615067084,15.16589267285862,19.682146542827656,8.015995872033024,8.70717234262126,13.445820433436532
2020-07-04,29.448045267489714,15.165380658436217,19.67849794238683,8.008230452674896,8.704989711934155,13.435185185185185
2020-07-05,29.44943240454077,15.159700722394224,19.699174406604747,8.003611971104231,8.700980392156863,13.422600619195046
2020-07-06,29.44616977225673,15.144668737060043,19.723084886128362,7.998964803312629,8.700051759834368,13.417701863354038
2020-07-07,29.466460268317856,15.144220846233232,19.714654282765736,7.995872033023735,8.697884416924664,13.410216718266254
2020-07-08,29.466460268317856,15.144220846233232,19.714654282765736,7.995872033023735,8.697884416924664,13.410216718266254
2020-07-09,29.466460268317856,15.144220846233232,19.714654282765736,7.995872033023735,8.697884416924664,13.410216718266254
2020-07-10,29.49277605779154,15.133384932920539,19.73787409700722,7.985036119711042,8.68859649122807,13.391640866873065
2020-07-11,29.5190329218107,15.129886831275723,19.732510288065843,7.978909465020576,8.683384773662551,13.381172839506172
2020-07-12,29.545128205128208,15.129487179487182,19.724102564102562,7.972820512820513,8.68128205128205,13.373846153846154
2020-07-13,29.54681069958848,15.120627572016463,19.747942386831276,7.969650205761316,8.675668724279834,13.36111111111111
2020-07-14,29.569743589743595,15.11871794871795,19.73794871794872,7.966666666666666,8.675128205128205,13.353846153846154
2020-07-15,29.568415637860085,15.109825102880661,19.752572016460903,7.96656378600823,8.677211934156379,13.345679012345679
2020-07-16,29.568415637860085,15.109825102880661,19.752572016460903,7.96656378600823,8.677211934156379,13.345679012345679
2020-07-17,29.565531475748198,15.100877192982457,19.771929824561404,7.963364293085655,8.674664602683178,13.342105263157896
2020-07-18,29.591563786008233,15.100565843621402,19.76491769547325,7.95730452674897,8.672582304526749,13.330246913580247
2020-07-19,29.591563786008233,15.100565843621402,19.76491769547325,7.95730452674897,8.672582304526749,13.330246913580247
2020-07-20,29.593395252837983,15.091589267285864,19.788957688338492,7.95407636738906,8.666924664602682,13.31733746130031
2020-07-21,29.61351909184727,15.088493292053666,19.798245614035086,7.946336429308565,8.659184726522188,13.298761609907121
2020-07-22,29.641382868937054,15.08075335397317,19.813725490196077,7.9416924664602675,8.65454076367389,13.273993808049536
2020-07-23,29.664094650205765,15.077417695473253,19.814300411522634,7.93261316872428,8.6494341563786,13.266975308641975
2020-07-24,29.66150670794634,15.068369453044378,19.832301341589265,7.929308565531476,8.648348813209493,13.263157894736842
2020-07-25,29.687242798353914,15.065072016460908,19.82664609053498,7.92335390946502,8.646347736625515,13.25
2020-07-26,29.709743589743592,15.064871794871797,19.82102564102564,7.917435897435897,8.644358974358974,13.243076923076924
2020-07-27,29.73435897435898,15.055641025641027,19.84102564102564,7.90974358974359,8.628974358974359,13.221538461538461
2020-07-28,29.75511247443763,15.055470347648264,19.82924335378323,7.906952965235173,8.627044989775051,13.214723926380367
2020-07-29,29.75511247443763,15.055470347648264,19.82924335378323,7.906952965235173,8.627044989775051,13.214723926380367
2020-07-30,29.751282051282054,15.046410256410258,19.844102564102563,7.906666666666666,8.625897435897436,13.206153846153846
2020-07-31,29.77435897435898,15.035641025641027,19.8625641025641,7.8943589743589735,8.621282051282051,13.19076923076923
2020-08-01,29.799591002044995,15.032464212678939,19.856850715746422,7.8885480572597135,8.619376278118608,13.174846625766872
2020-08-02,29.821610601427118,15.035423037716617,19.848114169215087,7.882772680937818,8.617482161060142,13.1651376146789
2020-08-03,29.824130879345606,15.027862985685074,19.870654396728014,7.877811860940695,8.610173824130879,13.153374233128835
2020-08-04,29.84100204498978,15.01252556237219,19.882924335378323,7.870143149284253,8.60864008179959,13.142638036809815
2020-08-05,29.84100204498978,15.01252556237219,19.882924335378323,7.870143149284253,8.60864008179959,13.142638036809815
2020-08-06,29.86595310907238,15.012487257900103,19.87716615698267,7.864424057084607,8.603720693170233,13.136085626911315
2020-08-07,29.865541922290394,15.004856850715749,19.892126789366053,7.860940695296523,8.60097137014315,13.131901840490798
2020-08-08,29.89041794087666,15.001783893985731,19.886340468909275,7.855249745158002,8.599133537206932,13.116207951070336
2020-08-09,29.915142276422767,15.001778455284555,19.880589430894307,7.8495934959349585,8.597306910569106,13.109756097560975
2020-08-10,29.92099898063201,14.997196738022428,19.900101936799185,7.8430173292558605,8.586901121304791,13.100917431192661
2020-08-11,29.94105691056911,15.000254065040652,19.88821138211382,7.838922764227642,8.586636178861788,13.09451219512195
2020-08-12,29.962398373983742,15.000254065040652,19.891260162601625,7.835873983739837,8.586636178861788,13.076219512195122
2020-08-13,29.962398373983742,15.000254065040652,19.891260162601625,7.835873983739837,8.586636178861788,13.076219512195122
2020-08-14,29.962283384301738,14.991080530071358,19.906218144750255,7.833843017329255,8.583843017329256,13.073394495412844
2020-08-15,29.980691056910572,14.994156504065042,19.90650406504065,7.828252032520325,8.575965447154472,13.060975609756097
2020-08-16,29.998986828774065,15.003292806484298,19.894630192502532,7.822695035460993,8.574214792299898,13.054711246200608
2020-08-17,30.00508130081301,14.99872967479675,19.914126016260163,7.816056910569105,8.56834349593496,13.044207317073171
2020-08-18,30.023302938196558,15.007852077001015,19.90222897669706,7.810536980749746,8.566616008105369,13.037993920972644
2020-08-19,30.023302938196558,15.007852077001015,19.90222897669706,7.810536980749746,8.566616008105369,13.037993920972644
2020-08-20,30.04154002026343,15.001773049645392,19.911347517730494,7.804457953394123,8.566616008105369,13.016717325227964
2020-08-21,30.04166666666667,14.99263211382114,19.92632113821138,7.802337398373983,8.566819105691057,13.009146341463415
2020-08-22,30.059777102330298,14.995694022289769,19.92350557244174,7.793819655521783,8.562056737588652,12.99696048632219
2020-08-23,30.082573454913884,14.998733535967581,19.931104356636272,7.786220871327254,8.555977710233028,12.975683890577507
2020-08-24,30.082573454913884,14.998733535967581,19.931104356636272,7.786220871327254,8.555977710233028,12.975683890577507
2020-08-25,30.098989898989903,15.004797979797981,19.919191919191917,7.782323232323232,8.557323232323231,12.969696969696969
2020-08-26,30.10233029381966,14.995694022289769,19.937183383991893,7.781661600810536,8.552938196555218,12.96048632218845
2020-08-27,30.12626262626263,15.00176767676768,19.934343434343432,7.774747474747474,8.548232323232323,12.94848484848485
2020-08-28,30.150505050505053,15.000252525252527,19.947979797979798,7.762626262626262,8.542171717171717,12.931818181818182
2020-08-29,30.1681772406848,15.00327291037261,19.94511581067472,7.754279959718025,8.537512588116817,12.919939577039274
2020-08-30,30.185742971887553,15.006275100401608,19.93925702811245,7.7489959839357425,8.535893574297189,12.914156626506024
2020-08-31,30.190835850956702,15.000251762336356,19.9579556898288,7.745216515609265,8.532225579053373,12.902567975830816
2020-09-01,30.209839357429722,15.003263052208837,19.95055220883534,7.73995983935743,8.529116465863453,12.89683734939759
2020-09-02,30.209839357429722,15.003263052208837,19.95055220883534,7.73995983935743,8.529116465863453,12.89683734939759
2020-09-03,30.22791164658635,14.994226907630525,19.959588353413654,7.736947791164658,8.526104417670682,12.881777108433734
2020-09-04,30.228600201409872,14.985146022155087,19.976082578046324,7.734642497482376,8.521651560926484,12.878398791540786
2020-09-05,30.245983935742977,14.988202811244982,19.970130522088354,7.72640562248996,8.523092369477911,12.86671686746988
2020-09-06,30.26857429718876,14.988202811244982,19.98519076305221,7.717369477911646,8.512550200803213,12.847138554216867
2020-09-07,30.26485397784492,14.974572004028198,20.00780463242699,7.715005035246727,8.511077542799597,12.840634441087614
2020-09-08,30.279116465863456,14.977660642570283,20.00175702811245,7.711345381526104,8.50953815261044,12.835090361445783
2020-09-09,30.286002014098695,14.971550855991945,20.01686807653575,7.707452165156092,8.50503524672709,12.819486404833837
2020-09-10,30.294444444444448,14.966919191919194,20.03358585858586,7.70050505050505,8.497474747474747,12.80530303030303
2020-09-11,30.301418439716315,14.960739614994935,20.04888551165147,7.696555217831813,8.491388044579534,12.79711246200608
2020-09-12,30.31868686868687,14.96388888888889,20.042676767676767,7.688383838383838,8.492929292929292,12.78560606060606
2020-09-13,30.3459595959596,14.966919191919194,20.05328282828283,7.676262626262626,8.482323232323232,12.761363636363637
2020-09-14,30.3459595959596,14.966919191919194,20.05328282828283,7.676262626262626,8.482323232323232,12.761363636363637
2020-09-15,30.36153071500504,14.97004028197382,20.044058408862032,7.674219536757301,8.479355488418932,12.757552870090635
2020-09-16,30.371717171717176,14.966919191919194,20.059343434343432,7.670202020202019,8.474747474747474,12.741666666666667
2020-09-17,30.39747474747475,14.965404040404042,20.06691919191919,7.6611111111111105,8.467171717171716,12.723484848484848
2020-09-18,30.406281661600815,14.962259371833841,20.079280648429584,7.655521783181357,8.460992907801417,12.713525835866262
2020-09-19,30.423232323232327,14.962373737373738,20.079040404040402,7.647474747474747,8.459595959595958,12.703787878787878
2020-09-20,30.43667679837893,14.95921985815603,20.095997973657546,7.640324214792299,8.450354609929077,12.686170212765957
2020-09-21,30.43667679837893,14.95921985815603,20.095997973657546,7.640324214792299,8.450354609929077,12.686170212765957
2020-09-22,30.453535353535358,14.963131313131315,20.091161616161614,7.636111111111111,8.446717171717172,12.679545454545455
2020-09-23,30.453535353535358,14.963131313131315,20.091161616161614,7.636111111111111,8.446717171717172,12.679545454545455
2020-09-24,30.453535353535358,14.963131313131315,20.091161616161614,7.636111111111111,8.446717171717172,12.679545454545455
2020-09-25,30.46251266464033,14.958459979736578,20.100557244174265,7.631965552178317,8.441995947315096,12.672492401215806
2020-09-26,30.47626262626263,14.95858585858586,20.10328282828283,7.627020202020201,8.440656565656566,12.661363636363637
2020-09-27,30.492950654582078,14.961732124874121,20.096928499496475,7.622104733131923,8.43932527693857,12.656344410876132
2020-09-28,30.50656565656566,14.95858585858586,20.112373737373737,7.61489898989899,8.431565656565656,12.640151515151516
2020-09-29,30.520140986908363,14.960221550855994,20.10901309164149,7.611530715005035,8.425730110775428,12.636706948640484
2020-09-30,30.532323232323236,14.960101010101011,20.119949494949495,7.604292929292929,8.420959595959596,12.623484848484848
2020-10-01,30.54582074521652,14.960221550855994,20.122608257804632,7.599446122860019,8.41968781470292,12.615558912386707
2020-10-02,30.55656565656566,14.955555555555557,20.129040404040403,7.59520202020202,8.41489898989899,12.609848484848484
2020-10-03,30.5730110775428,14.955689828801614,20.12865055387714,7.590382678751259,8.410624370594158,12.59894259818731
2020-10-04,30.586345381526108,14.958835341365464,20.122238955823292,7.5855923694779115,8.412399598393574,12.594126506024097
2020-10-05,30.59869083585096,14.958710976837867,20.131671701913394,7.57980866062437,8.406092648539778,12.577794561933535
2020-10-06,30.614959839357432,14.957329317269078,20.12675702811245,7.575050200803212,8.401857429718875,12.574548192771084
2020-10-07,30.625881168177244,14.95266868076536,20.136203423967775,7.568479355488418,8.40005035246727,12.56570996978852
2020-10-08,30.63686868686869,14.955555555555557,20.13661616161616,7.567171717171717,8.395202020202019,12.55530303030303
2020-10-09,30.670202020202023,14.960101010101011,20.13661616161616,7.553535353535353,8.387626262626263,12.540151515151516
2020-10-10,30.68630412890232,14.960221550855994,20.136203423967775,7.545820745216515,8.38645518630413,12.529456193353475
2020-10-11,30.696285140562253,14.966365461847392,20.13579317269076,7.538152610441767,8.385291164658634,12.518825301204819
2020-10-12,30.71047331319235,14.966263846928502,20.13922457200403,7.5337361530715,8.378902316213495,12.505287009063444
2020-10-13,30.724899598393577,14.967118473895583,20.136546184738954,7.529116465863454,8.37625502008032,12.499246987951807
2020-10-14,30.724899598393577,14.967118473895583,20.136546184738954,7.529116465863454,8.37625502008032,12.499246987951807
2020-10-15,30.737737737737742,14.967217217217218,20.136136136136134,7.524524524524524,8.372122122122121,12.494744744744745
2020-10-16,30.755020080321287,14.96862449799197,20.135040160642568,7.518574297188755,8.367218875502008,12.487198795180722
2020-10-17,30.769269269269273,14.970220220220222,20.133133133133132,7.5140140140140135,8.364614614614615,12.478228228228229
2020-10-18,30.786646586345384,14.973142570281126,20.133534136546185,7.508032128514055,8.356676706827308,12.466114457831326
2020-10-19,30.786646586345384,14.973142570281126,20.133534136546185,7.508032128514055,8.356676706827308,12.466114457831326
2020-10-20,30.799299299299303,14.971721721721723,20.127127127127125,7.508008008008008,8.355605605605605,12.463213213213214
2020-10-21,30.799299299299303,14.971721721721723,20.127127127127125,7.508008008008008,8.355605605605605,12.463213213213214
2020-10-22,30.799299299299303,14.971721721721723,20.127127127127125,7.508008008008008,8.355605605605605,12.463213213213214
2020-10-23,30.831581581581585,14.979229229229231,20.11961961961962,7.497497497497497,8.3495995995996,12.4496996996997
2020-10-24,30.845558882235533,14.97929141716567,20.117764471057882,7.493013972055888,8.347055888223553,12.442365269461078
2020-10-25,30.864614614614617,14.983733733733736,20.12112112112112,7.485485485485485,8.33908908908909,12.43018018018018
2020-10-26,30.864614614614617,14.983733733733736,20.12112112112112,7.485485485485485,8.33908908908909,12.43018018018018
2020-10-27,30.878493013972058,14.982285429141719,20.11327345309381,7.48253493013972,8.336576846307384,12.428892215568862
2020-10-28,30.878493013972058,14.982285429141719,20.11327345309381,7.48253493013972,8.336576846307384,12.428892215568862
2020-10-29,30.890140140140144,14.985235235235237,20.10760760760761,7.477977977977978,8.334584584584585,12.424174174174174
2020-10-30,30.907881526104422,14.985190763052211,20.10190763052209,7.47640562248996,8.33258032128514,12.416415662650602
2020-10-31,30.93197791164659,14.991214859437752,20.089859437751002,7.467369477911646,8.329568273092368,12.40737951807229
2020-11-01,30.960592369477915,14.994226907630525,20.086847389558233,7.461345381526104,8.323544176706827,12.387801204819278
2020-11-02,30.960592369477915,14.994226907630525,20.086847389558233,7.461345381526104,8.323544176706827,12.387801204819278
2020-11-03,30.971221221221224,14.995745745745747,20.08058058058058,7.458458458458458,8.324074074074074,12.383633633633634
2020-11-04,30.98619477911647,14.99874497991968,20.071787148594378,7.456827309236948,8.32203815261044,12.378765060240964
2020-11-05,30.98619477911647,14.99874497991968,20.071787148594378,7.456827309236948,8.32203815261044,12.378765060240964
2020-11-06,30.998237663645522,15.000251762336356,20.065961732124872,7.453675730110775,8.319989929506546,12.375377643504532
2020-11-07,31.013303212851408,15.000251004016066,20.059738955823292,7.449297188755019,8.31902610441767,12.368222891566266
2020-11-08,31.044929718875505,15.004769076305223,20.05371485943775,7.441767068273092,8.313002008032129,12.348644578313253
2020-11-09,31.062812812812815,15.004754754754757,20.05055055055055,7.434434434434434,8.30905905905906,12.341591591591591
2020-11-10,31.073103792415175,15.006237524950102,20.042914171656687,7.433133732534929,8.306636726546905,12.340568862275449
2020-11-11,31.073103792415175,15.006237524950102,20.042914171656687,7.433133732534929,8.306636726546905,12.340568862275449
2020-11-12,31.100049900199604,15.00923153692615,20.03692614770459,7.427145708582834,8.30064870259481,12.322604790419161
2020-11-13,31.131487025948108,15.013722554890222,20.030938123752495,7.415169660678642,8.296157684630739,12.306137724550899
2020-11-14,31.146019900497517,15.013681592039802,20.02786069651741,7.407960199004974,8.295273631840795,12.299253731343283
2020-11-15,31.16840796019901,15.01666666666667,20.02786069651741,7.403482587064676,8.289303482587064,12.278358208955224
2020-11-16,31.16840796019901,15.01666666666667,20.02786069651741,7.403482587064676,8.289303482587064,12.278358208955224
2020-11-17,31.184275793650798,15.01810515873016,20.0203373015873,7.402281746031745,8.286954365079364,12.274553571428571
2020-11-18,31.211061507936513,15.027033730158731,20.011408730158728,7.39484126984127,8.285466269841269,12.258184523809524
2020-11-19,31.220646766169157,15.021144278606966,20.014427860696518,7.388557213930348,8.283333333333333,12.254477611940299
2020-11-20,31.231786427145714,15.022704590818366,20.012974051896208,7.3837325349301395,8.282684630738522,12.247754491017965
2020-11-21,31.246019900497515,15.025621890547265,20.00995024875622,7.379601990049751,8.278855721393034,12.238059701492537
2020-11-22,31.271393034825874,15.03308457711443,20.00995024875622,7.372139303482586,8.266915422885571,12.217164179104477
2020-11-23,31.271393034825874,15.03308457711443,20.00995024875622,7.372139303482586,8.266915422885571,12.217164179104477
2020-11-24,31.285466269841272,15.034474206349207,20.002480158730158,7.371031746031745,8.26314484126984,12.213541666666666
2020-11-25,31.28930348258707,15.037562189054729,20.002487562189053,7.369154228855721,8.263930348258706,12.208208955223881
2020-11-26,31.30721393034826,15.040547263681594,19.99950248756219,7.366169154228856,8.26094527363184,12.202238805970149
2020-11-27,31.331094527363188,15.04353233830846,20.00547263681592,7.354228855721392,8.25497512437811,12.18731343283582
2020-11-28,31.347966269841272,15.04340277777778,20.008432539682538,7.350198412698412,8.254216269841269,12.171875
2020-11-29,31.35838293650794,15.047867063492065,20.008432539682538,7.347222222222221,8.251240079365079,12.156994047619047
2020-11-30,31.370672601384772,15.049208704253216,20.00098911968348,7.347675568743817,8.247527200791295,12.153560830860535
2020-12-01,31.370672601384772,15.049208704253216,20.00098911968348,7.347675568743817,8.247527200791295,12.153560830860535
2020-12-02,31.373263888888893,15.050843253968257,20.002480158730158,7.344246031746032,8.246775793650793,12.148065476190476
2020-12-03,31.391121031746035,15.050843253968257,20.008432539682538,7.341269841269841,8.240823412698413,12.133184523809524
2020-12-04,31.392288557213934,15.050995024875624,20.00995024875622,7.339303482587065,8.241542288557213,12.130597014925373
2020-12-05,31.406001984126988,15.050843253968257,20.009920634920633,7.33531746031746,8.240823412698413,12.118303571428571
2020-12-06,31.41666666666667,15.05069238377844,20.00692383778437,7.3343224530168145,8.240108803165182,12.112017804154302
2020-12-07,31.42385912698413,15.050843253968257,20.012896825396826,7.327876984126983,8.236359126984127,12.103422619047619
2020-12-08,31.435954500494564,15.052176063303662,20.005440158259148,7.329871414441147,8.234174085064293,12.097181008902076
2020-12-09,31.443204365079367,15.047867063492065,20.008432539682538,7.326388888888888,8.23189484126984,12.091517857142858
2020-12-10,31.4582096933729,15.05069238377844,20.008407517309593,7.320969337289812,8.229723046488624,12.083827893175075
2020-12-11,31.463541666666668,15.052827380952381,20.010416666666668,7.316964285714286,8.228422619047619,12.078125
2020-12-12,31.479970326409497,15.052670623145401,20.01038575667656,7.310089020771513,8.227744807121661,12.066023738872403
2020-12-13,31.490384615384617,15.055473372781066,20.007396449704142,7.309171597633136,8.224112426035504,12.059911242603551
2020-12-14,31.490384615384617,15.055473372781066,20.007396449704142,7.309171597633136,8.224112426035504,12.059911242603551
2020-12-15,31.503687315634217,15.061209439528023,19.99852507374631,7.308259587020649,8.22197640117994,12.053834808259587
2020-12-16,31.51985294117647,15.06544117647059,19.995588235294118,7.307352941176471,8.218382352941177,12.04485294117647
2020-12-17,31.51985294117647,15.06544117647059,19.995588235294118,7.307352941176471,8.218382352941177,12.04485294117647
2020-12-18,31.51985294117647,15.06544117647059,19.995588235294118,7.307352941176471,8.218382352941177,12.04485294117647
2020-12-19,31.53299120234604,15.068181818181818,19.99266862170088,7.303519061583578,8.21774193548387,12.035923753665688
2020-12-20,31.53299120234604,15.068181818181818,19.99266862170088,7.303519061583578,8.21774193548387,12.035923753665688
2020-12-21,31.53299120234604,15.068181818181818,19.99266862170088,7.303519061583578,8.21774193548387,12.035923753665688
2020-12-22,31.54312865497076,15.070906432748538,19.982456140350877,7.305555555555555,8.215643274853802,12.032894736842104
2020-12-23,31.54312865497076,15.070906432748538,19.982456140350877,7.305555555555555,8.215643274853802,12.032894736842104
2020-12-24,31.55058651026393,15.071114369501466,19.988269794721408,7.297653958944282,8.210410557184751,12.027126099706745
2020-12-25,31.549264705882354,15.071323529411766,19.991176470588236,7.295588235294118,8.208088235294118,12.027205882352941
2020-12-26,31.562316715542522,15.071114369501466,19.98533724340176,7.2917888563049855,8.210410557184751,12.0183284457478
2020-12-27,31.562316715542522,15.071114369501466,19.98533724340176,7.2917888563049855,8.210410557184751,12.0183284457478
2020-12-28,31.566911764705882,15.071323529411766,19.99411764705882,7.283823529411765,8.20514705882353,12.009558823529412
2020-12-29,31.566911764705882,15.071323529411766,19.99411764705882,7.283823529411765,8.20514705882353,12.009558823529412
2020-12-30,31.57448377581121,15.071533923303836,19.99410029498525,7.278761061946903,8.202802359882005,12.003687315634219
2020-12-31,31.582100591715978,15.074704142011834,19.99112426035503,7.2766272189349115,8.200443786982248,11.997781065088757
2021-01-01,31.58234421364985,15.07492581602374,19.995548961424333,7.27299703264095,8.199554896142434,11.99480712166172
2021-01-02,31.58234421364985,15.07492581602374,19.995548961424333,7.27299703264095,8.199554896142434,11.99480712166172
2021-01-03,31.590029761904763,15.076636904761905,20.001488095238095,7.2663690476190474,8.192708333333334,11.98735119047619
2021-01-04,31.606083086053413,15.079376854599406,19.995548961424333,7.2626112759643915,8.192136498516321,11.978486646884273
2021-01-05,31.619082840236686,15.07914201183432,19.9896449704142,7.263313609467455,8.190088757396449,11.975591715976332
2021-01-06,31.619082840236686,15.07914201183432,19.9896449704142,7.263313609467455,8.190088757396449,11.975591715976332
2021-01-07,31.62905604719764,15.075958702064897,19.992625368731563,7.262536873156342,8.186578171091446,11.96976401179941
2021-01-08,31.630917159763314,15.076183431952662,19.997041420118343,7.258875739644971,8.185650887573965,11.966715976331361
2021-01-09,31.643805309734514,15.073008849557523,19.997050147492626,7.258112094395281,8.185103244837759,11.955014749262537
2021-01-10,31.6457100591716,15.07766272189349,19.99852071005917,7.2514792899408285,8.18121301775148,11.951923076923077
2021-01-11,31.6457100591716,15.07766272189349,19.99852071005917,7.2514792899408285,8.18121301775148,11.951923076923077
2021-01-12,31.659023668639055,15.073224852071005,19.99852071005917,7.2485207100591715,8.179733727810651,11.943047337278106
2021-01-13,31.665430267062316,15.07492581602374,20.0,7.241839762611276,8.178783382789318,11.936943620178042
2021-01-14,31.667410714285715,15.078125,20.0,7.239583333333333,8.176339285714286,11.933779761904763
2021-01-15,31.686755952380953,15.078125,20.001488095238095,7.227678571428571,8.173363095238095,11.926339285714286
2021-01-16,31.686755952380953,15.078125,20.001488095238095,7.227678571428571,8.173363095238095,11.926339285714286
2021-01-17,31.704613095238095,15.078125,20.001488095238095,7.221726190476191,8.167410714285714,11.914434523809524
2021-01-18,31.71439169139466,15.077893175074184,19.997527200791296,7.222057368941642,8.166913946587536,11.907764589515331
2021-01-19,31.71439169139466,15.077893175074184,19.997527200791296,7.222057368941642,8.166913946587536,11.907764589515331
2021-01-20,31.71439169139466,15.077893175074184,19.997527200791296,7.222057368941642,8.166913946587536,11.907764589515331
2021-01-21,31.721153846153847,15.07766272189349,20.000493096646945,7.221400394477318,8.160502958579881,11.902120315581854
2021-01-22,31.724777448071215,15.076409495548962,20.00494559841741,7.214638971315529,8.160979228486648,11.897378832838774
2021-01-23,31.724777448071215,15.076409495548962,20.00494559841741,7.214638971315529,8.160979228486648,11.897378832838774
2021-01-24,31.734467455621303,15.076183431952662,20.00493096646943,7.214003944773176,8.160502958579881,11.888806706114398
2021-01-25,31.73961424332344,15.077893175074184,20.009396636993078,7.210187932739862,8.153560830860535,11.882542037586548
2021-01-26,31.75221893491124,15.07914201183432,20.001972386587774,7.211045364891519,8.15162721893491,11.875493096646942
2021-01-27,31.75221893491124,15.07914201183432,20.001972386587774,7.211045364891519,8.15162721893491,11.875493096646942
2021-01-28,31.77292899408284,15.07766272189349,20.001972386587774,7.2058678500986195,8.146449704142011,11.866617357001973
2021-01-29,31.776706231454007,15.07492581602374,20.007912957467855,7.199060336300692,8.14540059347181,11.864737883283876
2021-01-30,31.776706231454007,15.07492581602374,20.007912957467855,7.199060336300692,8.14540059347181,11.864737883283876
2021-01-31,31.7959940652819,15.073442136498516,20.009396636993078,7.194609297725025,8.137982195845698,11.849901088031652
2021-02-01,31.7959940652819,15.073442136498516,20.009396636993078,7.194609297725025,8.137982195845698,11.849901088031652
2021-02-02,31.810650887573964,15.073224852071005,20.003451676528602,7.194033530571993,8.136834319526628,11.842948717948717
2021-02-03,31.818991097922847,15.067507418397627,20.006429277942633,7.188674579624135,8.137240356083087,11.839515331355093
2021-02-04,31.825443786982248,15.067307692307692,20.009368836291912,7.191074950690336,8.130917159763314,11.834072978303746
2021-02-05,31.83234421364985,15.058605341246292,20.015331355093966,7.18570722057369,8.131305637982196,11.83209693372898
2021-02-06,31.83234421364985,15.058605341246292,20.015331355093966,7.18570722057369,8.131305637982196,11.83209693372898
2021-02-07,31.85014836795252,15.052670623145401,20.027200791295748,7.1797725024728,8.123887240356083,11.817260138476755
2021-02-08,31.863501483679524,15.04673590504451,20.024233432245303,7.1827398615232445,8.125370919881306,11.80835806132542
2021-02-09,31.87869822485207,15.046597633136095,20.02120315581854,7.182199211045365,8.122041420118343,11.797090729783037
2021-02-10,31.884272997032642,15.037833827893175,20.027200791295748,7.1797725024728,8.122403560830861,11.79648862512364
2021-02-11,31.886904761904763,15.037946428571429,20.027281746031747,7.18030753968254,8.119791666666666,11.792906746031745
2021-02-12,31.894029850746268,15.030597014925373,20.033333333333335,7.174875621890548,8.120149253731343,11.790796019900498
2021-02-13,31.894029850746268,15.030597014925373,20.033333333333335,7.174875621890548,8.120149253731343,11.790796019900498
2021-02-14,31.90327380952381,15.036458333333334,20.027281746031747,7.17733134920635,8.116815476190476,11.785466269841269
2021-02-15,31.920386904761905,15.033482142857142,20.033234126984127,7.172867063492064,8.113839285714286,11.77281746031746
2021-02-16,31.929525222551927,15.036350148367953,20.030168150346192,7.172354104846687,8.113501483679526,11.76162215628091
2021-02-17,31.932291666666668,15.033482142857142,20.03621031746032,7.166914682539683,8.110863095238095,11.754960317460316
2021-02-18,31.93545994065282,15.036350148367953,20.036102868447085,7.169386745796242,8.10459940652819,11.752720079129574
2021-02-19,31.944196428571427,15.027529761904763,20.04811507936508,7.166914682539683,8.098958333333334,11.746031746031745
2021-02-20,31.95907738095238,15.024553571428571,20.058531746031747,7.160962301587302,8.093005952380953,11.729662698412698
2021-02-21,31.964925373134328,15.021641791044775,20.058706467661693,7.1554726368159205,8.093283582089553,11.7318407960199
2021-02-22,31.964925373134328,15.021641791044775,20.058706467661693,7.1554726368159205,8.093283582089553,11.7318407960199
2021-02-23,31.97172619047619,15.024553571428571,20.052579365079367,7.1594742063492065,8.091517857142858,11.725198412698413
2021-02-24,31.97172619047619,15.024553571428571,20.052579365079367,7.1594742063492065,8.091517857142858,11.725198412698413
2021-02-25,31.986646884272997,15.024480712166172,20.052423343224532,7.159000989119684,8.088278931750741,11.718595450049456
2021-02-26,31.998516320474778,15.024480712166172,20.0568743818002,7.154549950544016,8.083827893175075,11.709693372898121
2021-02-27,32.00443786982248,15.027366863905325,20.05078895463511,7.157051282051283,8.086538461538462,11.701676528599606
2021-02-28,32.00443786982248,15.027366863905325,20.05078895463511,7.157051282051283,8.086538461538462,11.701676528599606
2021-03-01,32.00890207715133,15.027448071216618,20.05835806132542,7.1486152324431265,8.083827893175075,11.693372898120671
2021-03-02,32.012573964497044,15.03180473372781,20.052268244575938,7.152613412228797,8.083579881656805,11.68836291913215
2021-03-03,32.02151335311573,15.025964391691394,20.055390702274977,7.150098911968349,8.080860534124628,11.684470820969336
2021-03-04,32.02744807121662,15.025964391691394,20.05835806132542,7.147131552917903,8.077893175074184,11.681503461918892
2021-03-05,32.03050595238095,15.024553571428571,20.064484126984127,7.141617063492064,8.078125,11.67906746031746
2021-03-06,32.03050595238095,15.024553571428571,20.064484126984127,7.141617063492064,8.078125,11.67906746031746
2021-03-07,32.03794642857143,15.024553571428571,20.068948412698415,7.141617063492064,8.078125,11.665674603174603
2021-03-08,32.031899109792285,15.030415430267063,20.059841740850644,7.151582591493571,8.080860534124628,11.665182987141444
2021-03-09,32.031899109792285,15.030415430267063,20.059841740850644,7.151582591493571,8.080860534124628,11.665182987141444
2021-03-10,32.04376854599406,15.024480712166172,20.0568743818002,7.1486152324431265,8.080860534124628,11.659248269040553
2021-03-11,32.04376854599406,15.024480712166172,20.0568743818002,7.1486152324431265,8.080860534124628,11.659248269040553
2021-03-12,32.048363095238095,15.020089285714286,20.061507936507937,7.144593253968255,8.08110119047619,11.656746031746032
2021-03-13,32.048363095238095,15.020089285714286,20.061507936507937,7.144593253968255,8.08110119047619,11.656746031746032
2021-03-14,32.045252225519285,15.02299703264095,20.05835806132542,7.147131552917903,8.080860534124628,11.654797230464887
2021-03-15,32.04228486646884,15.027448071216618,20.0568743818002,7.151582591493571,8.077893175074184,11.648862512363996
2021-03-16,32.048363095238095,15.01860119047619,20.060019841269842,7.147569444444445,8.076636904761905,11.64781746031746
2021-03-17,32.045386904761905,15.021577380952381,20.06597222222222,7.144593253968255,8.073660714285714,11.63888888888889
2021-03-18,32.03635014836795,15.027448071216618,20.065776458951532,7.150098911968349,8.070474777448071,11.636993076162215
2021-03-19,32.045386904761905,15.024553571428571,20.07043650793651,7.143105158730159,8.069196428571429,11.634424603174603
2021-03-20,32.031899109792285,15.031899109792285,20.073194856577647,7.151582591493571,8.068991097922849,11.631058358061326
2021-03-21,32.039434523809526,15.027529761904763,20.080853174603174,7.143105158730159,8.067708333333334,11.625496031746032
2021-03-22,32.02744807121662,15.036350148367953,20.080613254203758,7.153066271018794,8.06454005934718,11.623639960435213
2021-03-23,32.02744807121662,15.036350148367953,20.080613254203758,7.153066271018794,8.06454005934718,11.623639960435213
2021-03-24,32.02077151335312,15.039317507418398,20.088773491592484,7.152324431256183,8.06379821958457,11.6162215628091
2021-03-25,32.02077151335312,15.039317507418398,20.088773491592484,7.152324431256183,8.06379821958457,11.6162215628091
2021-03-26,32.01483679525222,15.03486646884273,20.100642927794265,7.152324431256183,8.059347181008903,11.6162215628091
2021-03-27,31.994082840236686,15.040680473372781,20.109220907297832,7.160749506903353,8.062130177514794,11.611439842209073
2021-03-28,31.994082840236686,15.040680473372781,20.109220907297832,7.160749506903353,8.062130177514794,11.611439842209073
2021-03-29,31.985207100591715,15.045118343195266,20.115138067061146,7.162968441814596,8.059171597633137,11.602564102564102
2021-03-30,31.985207100591715,15.045118343195266,20.115138067061146,7.162968441814596,8.059171597633137,11.602564102564102
2021-03-31,31.970501474926255,15.044985250737463,20.123647984267453,7.17133726647001,8.056047197640117,11.6007866273353
2021-04-01,31.967551622418878,15.04203539823009,20.129547689282205,7.174287118977385,8.050147492625369,11.59488692232055
2021-04-02,31.974852071005916,15.037721893491124,20.13584812623274,7.167406311637081,8.048816568047338,11.593688362919131
2021-04-03,31.974852071005916,15.037721893491124,20.13584812623274,7.167406311637081,8.048816568047338,11.593688362919131
2021-04-04,31.96153846153846,15.039201183431953,20.150641025641026,7.167406311637081,8.048816568047338,11.581854043392504
2021-04-05,31.946902654867255,15.044985250737463,20.1531465093412,7.175762045231072,8.045722713864306,11.583087512291051
2021-04-06,31.95562130177515,15.04215976331361,20.150641025641026,7.173323471400395,8.04585798816568,11.578895463510849
2021-04-07,31.94674556213018,15.03180473372781,20.16543392504931,7.176282051282052,8.042899408284024,11.571499013806706
2021-04-08,31.94674556213018,15.03180473372781,20.16543392504931,7.176282051282052,8.042899408284024,11.571499013806706
2021-04-09,31.958456973293767,15.02299703264095,20.1688921859545,7.173837784371909,8.040059347181009,11.567260138476755
2021-04-10,31.958456973293767,15.02299703264095,20.1688921859545,7.173837784371909,8.040059347181009,11.567260138476755
2021-04-11,31.955489614243323,15.017062314540059,20.177794263105838,7.173837784371909,8.043026706231455,11.561325420375866
2021-04-12,31.948071216617212,15.020029673590505,20.188180019782394,7.173837784371909,8.034124629080118,11.555390702274975
2021-04-13,31.948071216617212,15.020029673590505,20.188180019782394,7.173837784371909,8.034124629080118,11.555390702274975
2021-04-14,31.933431952662723,15.019970414201184,20.196499013806708,7.179240631163709,8.034023668639053,11.553747534516765
2021-04-15,31.921828908554573,15.019911504424778,20.198869223205506,7.190511307767945,8.030973451327434,11.552114060963618
2021-04-16,31.926253687315633,15.016961651917404,20.206243854473943,7.191986234021632,8.023598820058996,11.547689282202557
2021-04-17,31.926253687315633,15.016961651917404,20.206243854473943,7.191986234021632,8.023598820058996,11.547689282202557
2021-04-18,31.930678466076696,15.012536873156343,20.21361848574238,7.191986234021632,8.020648967551622,11.54031465093412
2021-04-19,31.930678466076696,15.012536873156343,20.21361848574238,7.191986234021632,8.020648967551622,11.54031465093412
2021-04-20,31.913235294117648,15.0125,20.22328431372549,7.203186274509805,8.016911764705883,11.540196078431372
2021-04-21,31.913235294117648,15.008088235294117,20.232107843137257,7.209068627450981,8.0125,11.532843137254902
2021-04-22,31.913235294117648,15.008088235294117,20.232107843137257,7.209068627450981,8.0125,11.532843137254902
2021-04-23,31.901470588235295,15.008088235294117,20.24387254901961,7.217892156862746,8.009558823529412,11.526960784313726
2021-04-24,31.887096774193548,15.002199413489736,20.266617790811342,7.223118279569893,8.006598240469208,11.522482893450634
2021-04-25,31.895588235294117,15.002205882352941,20.267401960784316,7.220833333333334,8.003676470588236,11.51813725490196
2021-04-26,31.879411764705882,15.002205882352941,20.27622549019608,7.229656862745099,8.002205882352941,11.512254901960784
2021-04-27,31.879411764705882,15.002205882352941,20.27622549019608,7.229656862745099,8.002205882352941,11.512254901960784
2021-04-28,31.858823529411765,14.990441176470588,20.302696078431374,7.241421568627452,7.9963235294117645,11.506372549019607
2021-04-29,31.864306784660766,14.987463126843657,20.303588987217307,7.242133726647001,7.9963126843657815,11.499016715830875
2021-04-30,31.87278106508876,14.984467455621301,20.307445759368836,7.236932938856016,7.993343195266272,11.49457593688363
2021-05-01,31.849557522123895,14.984513274336283,20.327187807276303,7.24803343166175,7.990412979351032,11.49016715830875
2021-05-02,31.85724852071006,14.982988165680473,20.329635108481263,7.243589743589744,7.988905325443787,11.48422090729783
2021-05-03,31.83407079646018,14.983038348082596,20.34046214355949,7.257620452310718,7.98598820058997,11.48574237954769
2021-05-04,31.83407079646018,14.983038348082596,20.34046214355949,7.257620452310718,7.98598820058997,11.48574237954769
2021-05-05,31.808088235294118,14.98014705882353,20.36299019607843,7.271568627450981,7.98014705882353,11.481372549019607
2021-05-06,31.782258064516128,14.977272727272727,20.37952101661779,7.282502443792767,7.974340175953079,11.482893450635386
2021-05-07,31.770527859237536,14.97140762463343,20.402981427174975,7.285434995112415,7.968475073313783,11.47702834799609
2021-05-08,31.744883040935672,14.974415204678362,20.419346978557506,7.299220272904484,7.965643274853801,11.47270955165692
2021-05-09,31.75293255131965,14.97140762463343,20.423509286412514,7.2971652003910075,7.962609970674487,11.468230694037144
2021-05-10,31.74560117302053,14.969941348973608,20.438172043010752,7.303030303030304,7.9582111436950145,11.459433040078201
2021-05-11,31.74560117302053,14.969941348973608,20.438172043010752,7.303030303030304,7.9582111436950145,11.459433040078201
2021-05-12,31.728005865102638,14.962609970674487,20.467497556207235,7.3088954056696,7.950879765395895,11.450635386119256
2021-05-13,31.705409356725145,14.962719298245615,20.480750487329434,7.322612085769981,7.948099415204679,11.449317738791423
2021-05-14,31.7133431085044,14.95674486803519,20.49095796676442,7.317693059628544,7.9450146627565985,11.44477028347996
2021-05-15,31.69078947368421,14.95687134502924,20.504142300194932,7.328460038986355,7.9451754385964914,11.443469785575049
2021-05-16,31.68201754385965,14.953947368421053,20.521686159844055,7.337231968810917,7.942251461988304,11.440545808966862
2021-05-17,31.676900584795323,14.953947368421053,20.534844054580898,7.343810916179337,7.935672514619883,11.433235867446394
2021-05-18,31.676900584795323,14.953947368421053,20.534844054580898,7.343810916179337,7.935672514619883,11.433235867446394
2021-05-19,31.659620991253643,14.955539358600584,20.547862001943635,7.353012633624879,7.930758017492711,11.429057337220602
2021-05-20,31.659620991253643,14.955539358600584,20.547862001943635,7.353012633624879,7.930758017492711,11.429057337220602
2021-05-21,31.653790087463555,14.955539358600584,20.55077745383868,7.36175898931001,7.930758017492711,11.426141885325558
2021-05-22,31.653790087463555,14.955539358600584,20.55077745383868,7.36175898931001,7.930758017492711,11.426141885325558
2021-05-23,31.647959183673468,14.964285714285714,20.544946550048593,7.376336248785229,7.924927113702624,11.423226433430514
2021-05-24,31.647959183673468,14.964285714285714,20.544946550048593,7.376336248785229,7.924927113702624,11.423226433430514
2021-05-25,31.631540697674417,14.967296511627907,20.549176356589147,7.3912306201550395,7.9207848837209305,11.4234496124031
2021-05-26,31.625726744186046,14.971656976744185,20.54626937984496,7.407218992248063,7.917877906976744,11.414728682170542
2021-05-27,31.625726744186046,14.971656976744185,20.54626937984496,7.407218992248063,7.917877906976744,11.414728682170542
2021-05-28,31.624273255813954,14.980377906976743,20.534641472868216,7.418846899224807,7.9164244186046515,11.414728682170542
2021-05-29,31.605072463768117,14.983333333333333,20.53888888888889,7.435024154589373,7.913768115942029,11.416425120772946
2021-05-30,31.605072463768117,14.983333333333333,20.53888888888889,7.435024154589373,7.913768115942029,11.416425120772946
2021-05-31,31.609420289855073,14.990579710144928,20.5243961352657,7.448067632850242,7.910869565217391,11.409178743961352
2021-06-01,31.609420289855073,14.990579710144928,20.5243961352657,7.448067632850242,7.910869565217391,11.409178743961352
2021-06-02,31.590317919075144,14.98771676300578,20.534441233140655,7.467003853564548,7.905346820809249,11.402215799614643
2021-06-03,31.590317919075144,14.98771676300578,20.534441233140655,7.467003853564548,7.905346820809249,11.402215799614643
2021-06-04,31.610869565217392,14.997826086956522,20.515700483091788,7.46400966183575,7.905072463768116,11.397584541062802
2021-06-05,31.588872832369944,15.000722543352602,20.51999036608863,7.480009633911369,7.902456647398844,11.396435452793835
2021-06-06,31.572766570605186,15.006484149855908,20.52137367915466,7.493035542747359,7.8969740634005765,11.39817483189241
2021-06-07,31.577089337175792,15.013688760806916,20.508405379442845,7.506003842459174,7.891210374639769,11.390970220941401
2021-06-08,31.577089337175792,15.013688760806916,20.508405379442845,7.506003842459174,7.891210374639769,11.390970220941401
2021-06-09,31.563936781609197,15.010775862068966,20.512691570881227,7.524664750957855,7.885775862068965,11.384099616858236
2021-06-10,31.563936781609197,15.015086206896552,20.49976053639847,7.534722222222222,7.88433908045977,11.381226053639846
2021-06-11,31.56537356321839,15.026580459770114,20.485392720306514,7.550526819923372,7.881465517241379,11.374042145593869
2021-06-12,31.552292263610315,15.029369627507164,20.484001910219675,7.56614135625597,7.876074498567335,11.372970391595032
2021-06-13,31.552292263610315,15.029369627507164,20.484001910219675,7.56614135625597,7.876074498567335,11.372970391595032
2021-06-14,31.55730659025788,15.040114613180515,20.46609360076409,7.581184336198663,7.8689111747851,11.36652340019102
2021-06-15,31.55730659025788,15.040114613180515,20.46609360076409,7.581184336198663,7.8689111747851,11.36652340019102
2021-06-16,31.56518624641834,15.04727793696275,20.455348615090735,7.591212989493792,7.8689111747851,11.357927411652339
2021-06-17,31.56518624641834,15.04727793696275,20.455348615090735,7.591212989493792,7.8689111747851,11.357927411652339
2021-06-18,31.568051575931232,15.060171919770774,20.439589302769818,7.602674307545368,7.866045845272207,11.349331423113657
2021-06-19,31.568051575931232,15.060171919770774,20.439589302769818,7.602674307545368,7.866045845272207,11.349331423113657
2021-06-20,31.570916905444125,15.068767908309455,20.428127984718245,7.617000955109838,7.860315186246418,11.340735434574976
2021-06-21,31.56142857142857,15.070714285714285,20.425476190476193,7.632380952380953,7.859285714285714,11.337619047619047
2021-06-22,31.56142857142857,15.070714285714285,20.425476190476193,7.632380952380953,7.859285714285714,11.337619047619047
2021-06-23,31.572857142857142,15.076428571428572,20.411190476190477,7.646666666666667,7.853571428571429,11.326190476190476
2021-06-24,31.562678062678064,15.076210826210826,20.41286799620133,7.65622032288699,7.848290598290598,11.328110161443494
2021-06-25,31.56980056980057,15.084757834757834,20.400047483380817,7.664767331433999,7.844017094017094,11.319563152896485
2021-06-26,31.56980056980057,15.084757834757834,20.400047483380817,7.664767331433999,7.844017094017094,11.319563152896485
2021-06-27,31.55965909090909,15.090198863636363,20.396070075757578,7.677083333333334,7.841619318181818,11.318655303030303
2021-06-28,31.566761363636363,15.097301136363637,20.37902462121212,7.691287878787879,7.838778409090909,11.310132575757576
2021-06-29,31.566761363636363,15.097301136363637,20.37902462121212,7.691287878787879,7.838778409090909,11.310132575757576
2021-06-30,31.562322946175637,15.094192634560907,20.37795089707271,7.703493862134089,7.836402266288951,11.303588290840414
2021-07-01,31.55225988700565,15.093926553672317,20.376883239171377,7.712806026365349,7.834039548022599,11.302730696798493
2021-07-02,31.557909604519775,15.099576271186441,20.364171374764595,7.719868173258004,7.829802259887006,11.297080979284368
2021-07-03,31.557909604519775,15.099576271186441,20.364171374764595,7.719868173258004,7.829802259887006,11.297080979284368
2021-07-04,31.5635593220339,15.108050847457626,20.350047080979284,7.72834274952919,7.8241525423728815,11.28578154425612
2021-07-05,31.5635593220339,15.108050847457626,20.350047080979284,7.72834274952919,7.8241525423728815,11.28578154425612
2021-07-06,31.556338028169016,15.111971830985915,20.34342723004695,7.741784037558686,7.821830985915493,11.282159624413145
2021-07-07,31.551966292134832,15.111657303370787,20.339653558052436,7.750936329588016,7.819522471910112,11.278558052434457
2021-07-08,31.561971830985915,15.117605633802818,20.326525821596245,7.750234741784038,7.819014084507042,11.276525821596243
2021-07-09,31.574858757062145,15.122175141242938,20.318973634651602,7.748116760828625,7.817090395480226,11.27306967984934
2021-07-10,31.56619718309859,15.124647887323944,20.31244131455399,7.75868544600939,7.817605633802817,11.272300469483568
2021-07-11,31.574858757062145,15.132062146892656,20.306261770244824,7.758003766478343,7.817090395480226,11.263182674199623
2021-07-12,31.574858757062145,15.143361581920903,20.283662900188325,7.770715630885123,7.8142655367231635,11.26035781544256
2021-07-13,31.58073654390935,15.145184135977336,20.275967894239848,7.7728989612842305,7.812322946175637,11.259678942398489
2021-07-14,31.592067988668557,15.15084985835694,20.25613786591124,7.781397544853636,7.8094900849858355,11.251180358829084
2021-07-15,31.592067988668557,15.15084985835694,20.25613786591124,7.781397544853636,7.8094900849858355,11.251180358829084
2021-07-16,31.599150141643058,15.155099150141643,20.246222851746932,7.785646836638339,7.8094900849858355,11.244098205854579
2021-07-17,31.588983050847457,15.160310734463277,20.23987758945386,7.797551789077213,7.807203389830509,11.243408662900189
2021-07-18,31.588983050847457,15.160310734463277,20.23987758945386,7.797551789077213,7.807203389830509,11.243408662900189
2021-07-19,31.59463276836158,15.171610169491526,20.22151600753296,7.8060263653484,7.801553672316384,11.234934086629002
2021-07-20,31.5943661971831,15.175352112676057,20.215258215962443,7.817840375586855,7.797887323943662,11.230046948356808
2021-07-21,31.6,15.18661971830986,20.19553990610329,7.829107981220658,7.797887323943662,11.218779342723005
2021-07-22,31.59269662921348,15.188904494382022,20.192181647940075,7.840823970037453,7.792837078651686,11.215355805243446
2021-07-23,31.596910112359552,15.197331460674157,20.180945692883896,7.849250936329589,7.790028089887641,11.208333333333332
2021-07-24,31.584033613445378,15.202380952380953,20.17483660130719,7.863678804855276,7.78781512605042,11.207749766573295
2021-07-25,31.59550561797753,15.212780898876405,20.16549625468165,7.860486891385769,7.78441011235955,11.197097378277153
2021-07-26,31.58263305322129,15.219187675070028,20.158029878618116,7.874883286647993,7.779411764705882,11.199346405228757
2021-07-27,31.578212290502794,15.218575418994414,20.152001862197395,7.8864059590316575,7.777234636871508,11.195996275605214
2021-07-28,31.568245125348188,15.219359331476323,20.15227483751161,7.899257195914578,7.775069637883008,11.19196843082637
2021-07-29,31.578212290502794,15.225558659217876,20.13873370577281,7.901769087523278,7.777234636871508,11.18691806331471
2021-07-30,31.58240223463687,15.235335195530727,20.128957169459962,7.910148975791435,7.771648044692737,11.179934823091248
2021-07-31,31.569637883008358,15.24025069637883,20.123026926648098,7.924326833797586,7.766713091922005,11.179433611884864
2021-08-01,31.569637883008358,15.24025069637883,20.123026926648098,7.924326833797586,7.766713091922005,11.179433611884864
2021-08-02,31.569637883008358,15.256963788300835,20.107706592386258,7.935468895078923,7.763927576601671,11.169684308263696
2021-08-03,31.554166666666667,15.259027777777778,20.107407407407408,7.949537037037038,7.759027777777778,11.166435185185184
2021-08-04,31.533240997229917,15.266620498614959,20.112650046168053,7.963527239150508,7.75415512465374,11.165974145891044
2021-08-05,31.5207182320442,15.274171270718233,20.109576427255988,7.974677716390424,7.749309392265193,11.162753222836095
2021-08-06,31.53601108033241,15.279085872576177,20.10156971375808,7.973222530009234,7.747229916897507,11.156278855032317
2021-08-07,31.5207182320442,15.286602209944752,20.095764272559855,7.984346224677717,7.745165745856354,11.155847145488028
2021-08-08,31.5207182320442,15.286602209944752,20.095764272559855,7.984346224677717,7.745165745856354,11.155847145488028
2021-08-09,31.51795580110497,15.29903314917127,20.07642725598527,7.9940147329650095,7.741022099447513,11.14755985267035
2021-08-10,31.52354570637119,15.304016620498615,20.06555863342567,7.996768236380425,7.740304709141275,11.1438134810711
2021-08-11,31.513850415512465,15.31786703601108,20.05309325946445,8.01061865189289,7.740304709141275,11.134118190212373
2021-08-12,31.513850415512465,15.31786703601108,20.05309325946445,8.01061865189289,7.740304709141275,11.134118190212373
2021-08-13,31.51246537396122,15.3303324099723,20.04201292705448,8.017543859649123,7.737534626038781,11.12719298245614
2021-08-14,31.494475138121548,15.343232044198896,20.036372007366484,8.028545119705342,7.735497237569061,11.12684162062615
2021-08-15,31.509695290858726,15.34972299168975,20.02539242843952,8.028624192059096,7.734764542936288,11.116112650046167
2021-08-16,31.49171270718232,15.362569060773481,20.01841620626151,8.04097605893186,7.731353591160221,11.115791896869245
2021-08-17,31.49171270718232,15.362569060773481,20.01841620626151,8.04097605893186,7.731353591160221,11.115791896869245
2021-08-18,31.46831955922865,15.37809917355372,20.01561065197429,8.05188246097337,7.726584022038567,11.112718089990818
2021-08-19,31.448260073260073,15.39217032967033,20.009615384615383,8.062728937728938,7.725045787545787,11.112408424908425
2021-08-20,31.457759412304867,15.393250688705233,20.00275482093664,8.062901744719927,7.72704315886134,11.10720844811754
2021-08-21,31.431776556776555,15.411401098901099,19.994505494505493,8.076465201465203,7.725045787545787,11.109661172161172
2021-08-22,31.446740128558307,15.413911845730027,19.984848484848484,8.075298438934803,7.72704315886134,11.09894398530762
2021-08-23,31.423534798534796,15.434752747252746,19.97664835164835,8.08882783882784,7.725045787545787,11.09867216117216
2021-08-24,31.39771689497717,15.455479452054794,19.971232876712328,8.099543378995435,7.720319634703196,11.09566210045662
2021-08-25,31.408424908424905,15.458104395604396,19.96153846153846,8.10393772893773,7.722298534798535,11.08768315018315
2021-08-26,31.38538812785388,15.478767123287671,19.956164383561642,8.114611872146119,7.720319634703196,11.087442922374429
2021-08-27,31.368949771689497,15.496575342465754,19.95068493150685,8.121461187214612,7.717579908675798,11.080593607305936
2021-08-28,31.347449908925316,15.5198087431694,19.942622950819672,8.131375227686704,7.712887067395264,11.079690346083789
2021-08-29,31.347449908925316,15.5198087431694,19.942622950819672,8.131375227686704,7.712887067395264,11.079690346083789
2021-08-30,31.32832422586521,15.551229508196721,19.9275956284153,8.146402550091075,7.711520947176685,11.067395264116575
2021-08-31,31.300181653042685,15.571525885558582,19.922343324250683,8.156902815622162,7.706857402361489,11.067211625794732
2021-09-01,31.300181653042685,15.571525885558582,19.922343324250683,8.156902815622162,7.706857402361489,11.067211625794732
2021-09-02,31.28247048138056,15.596049046321525,19.907356948228884,8.170526793823797,7.702770208900999,11.065849227974569
2021-09-03,31.267484105358765,15.621934604904633,19.89509536784741,8.178701180744778,7.702770208900999,11.056312443233423
2021-09-04,31.236865942028984,15.64741847826087,19.88451086956522,8.191802536231885,7.700860507246376,11.058876811594203
2021-09-05,31.249772933696637,15.653269754768392,19.877384196185286,8.193687556766577,7.701407811080835,11.045413260672117
2021-09-06,31.22661217075386,15.68324250681199,19.85967302452316,8.208673932788374,7.697320617620345,11.037238873751136
2021-09-07,31.198822463768114,15.708559782608695,19.851902173913043,8.220335144927537,7.692708333333333,11.03713768115942
2021-09-08,31.193387681159418,15.743885869565217,19.831521739130434,8.224411231884059,7.687273550724638,11.028985507246377
2021-09-09,31.16576332429991,15.768970189701896,19.823848238482384,8.234643179765131,7.682700993676603,11.031616982836495
2021-09-10,31.14950316169828,15.796070460704607,19.811653116531165,8.242773261065944,7.6786359530261965,11.024841915085817
2021-09-11,31.119369369369366,15.823648648648648,19.798648648648648,8.25563063063063,7.674099099099099,11.024774774774775
2021-09-12,31.133242999096655,15.82859078590786,19.79268292682927,8.2563233965673,7.673215898825655,11.011291779584463
2021-09-13,31.104504504504504,15.856081081081081,19.77972972972973,8.267792792792793,7.670045045045045,11.012612612612612
2021-09-14,31.079964061096135,15.880727762803234,19.77088948787062,8.277852650494161,7.665543575920934,11.0125786163522
2021-09-15,31.079964061096135,15.880727762803234,19.77088948787062,8.277852650494161,7.665543575920934,11.0125786163522
2021-09-16,31.06379155435759,15.91576819407008,19.741239892183287,8.291329739442947,7.662848158131177,11.005840071877808
2021-09-17,31.050314465408803,15.944070080862534,19.725067385444746,8.29941599281222,7.658805031446541,10.997753818508535
2021-09-18,31.023297491039425,15.971102150537634,19.712365591397848,8.309363799283155,7.6543458781362,10.997759856630823
2021-09-19,31.035489667565137,15.97911051212938,19.70619946091644,8.31019766397125,7.653414195867025,10.984276729559747
2021-09-20,31.011200716845877,16.003360215053764,19.693548387096776,8.320116487455197,7.650313620071684,10.98431899641577
2021-09-21,30.98704200178731,16.027479892761395,19.68632707774799,8.327301161751564,7.645889186773905,10.984361036639857
2021-09-22,30.98704200178731,16.027479892761395,19.68632707774799,8.327301161751564,7.645889186773905,10.984361036639857
2021-09-23,30.963012477718358,16.051470588235293,19.677139037433154,8.334447415329768,7.642825311942959,10.98306595365419
2021-09-24,30.952317290552582,16.080882352941178,19.663770053475936,8.343137254901961,7.637477718360071,10.972370766488414
2021-09-25,30.952317290552582,16.080882352941178,19.663770053475936,8.343137254901961,7.637477718360071,10.972370766488414
2021-09-26,30.952317290552582,16.080882352941178,19.663770053475936,8.343137254901961,7.637477718360071,10.972370766488414
2021-09-27,30.96291331546023,16.08780160857909,19.658847184986595,8.343386952636283,7.6365058087578195,10.96023235031278
2021-09-28,30.96291331546023,16.08780160857909,19.658847184986595,8.343386952636283,7.6365058087578195,10.96023235031278
2021-09-29,30.970878136200714,16.096102150537636,19.64717741935484,8.346998207885305,7.635528673835125,10.952060931899643
2021-09-30,30.970878136200714,16.096102150537636,19.64717741935484,8.346998207885305,7.635528673835125,10.952060931899643
2021-10-01,30.950716845878134,16.133736559139784,19.631048387096776,8.361783154121865,7.627464157706092,10.942652329749103
2021-10-02,30.92403932082216,16.16554959785523,19.621313672922252,8.37153708668454,7.6204200178731005,10.94012511170688
2021-10-03,30.92403932082216,16.16554959785523,19.621313672922252,8.37153708668454,7.6204200178731005,10.94012511170688
2021-10-04,30.90527256478999,16.20308310991957,19.605227882037532,8.387622877569259,7.611036639857015,10.926720285969616
2021-10-05,30.879803395889184,16.2298927613941,19.585120643431637,8.407730116175157,7.605674709562108,10.915996425379802
2021-10-06,30.88754480286738,16.235887096774192,19.578629032258064,8.411514336917563,7.604614695340501,10.907706093189963
2021-10-07,30.892632524707995,16.24191374663073,19.566711590296496,8.418014375561546,7.603548966756514,10.902066486972148
2021-10-08,30.90045045045045,16.24662162162162,19.562837837837836,8.420495495495496,7.601126126126125,10.896396396396396
2021-10-09,30.871069182389935,16.275606469002696,19.55323450134771,8.43418688230009,7.594115004492362,10.893980233602875
2021-10-10,30.871069182389935,16.275606469002696,19.55323450134771,8.43418688230009,7.594115004492362,10.893980233602875
2021-10-11,30.850853548966754,16.316037735849058,19.535714285714285,8.453054806828392,7.5806379155435755,10.883198562443845
2021-10-12,30.821684587813618,16.34206989247312,19.526209677419356,8.467965949820789,7.573700716845877,10.878136200716845
2021-10-13,30.821684587813618,16.34206989247312,19.526209677419356,8.467965949820789,7.573700716845877,10.878136200716845
2021-10-14,30.789991063449506,16.367962466487935,19.519436997319033,8.482797140303843,7.566800714924039,10.875781948168006
2021-10-15,30.763181411974976,16.404155495978554,19.511394101876675,8.496201966041108,7.557417336907953,10.869079535299374
2021-10-16,30.731729055258466,16.435160427807485,19.502005347593585,8.508244206773618,7.547905525846702,10.869429590017825
2021-10-17,30.731729055258466,16.435160427807485,19.502005347593585,8.508244206773618,7.547905525846702,10.869429590017825
2021-10-18,30.711675579322637,16.47393048128342,19.483288770053477,8.528297682709448,7.537210338680927,10.858734402852049
2021-10-19,30.68311111111111,16.499333333333333,19.474,8.545555555555556,7.530444444444444,10.853777777777777
2021-10-20,30.657358156028366,16.52992021276596,19.462101063829788,8.56006205673759,7.523714539007091,10.85017730496454
2021-10-21,30.657358156028366,16.52992021276596,19.462101063829788,8.56006205673759,7.523714539007091,10.85017730496454
2021-10-22,30.665777777777777,16.535333333333334,19.463333333333335,8.560222222222222,7.518444444444444,10.841777777777777
2021-10-23,30.638741134751772,16.560505319148938,19.455452127659573,8.573359929078014,7.510416666666666,10.842198581560284
2021-10-24,30.65244444444444,16.568666666666665,19.451333333333334,8.57488888888889,7.503777777777778,10.828444444444443
2021-10-25,30.624113475177303,16.59906914893617,19.44215425531915,8.589317375886525,7.497118794326241,10.828900709219857
2021-10-26,30.595932802829353,16.621352785145888,19.435676392572944,8.60897435897436,7.490495137046861,10.824049513704686
2021-10-27,30.608156028368793,16.628324468085108,19.428856382978722,8.610593971631205,7.4864804964539005,10.815602836879432
2021-10-28,30.594858156028366,16.66023936170213,19.412898936170212,8.626551418439716,7.47052304964539,10.804964539007091
2021-10-29,30.578900709219855,16.69348404255319,19.403590425531913,8.6385195035461,7.457225177304964,10.79831560283688
2021-10-30,30.553492484526966,16.71816976127321,19.395888594164457,8.651414677276748,7.450707338638373,10.798850574712644
2021-10-31,30.553492484526966,16.71816976127321,19.395888594164457,8.651414677276748,7.450707338638373,10.798850574712644
2021-11-01,30.566932624113473,16.721409574468087,19.392952127659573,8.653147163120568,7.445257092198581,10.78767730496454
2021-11-02,30.54022988505747,16.74602122015915,19.38395225464191,8.667992926613616,7.438770999115826,10.786251105216621
2021-11-03,30.55496453900709,16.75066489361702,19.376994680851062,8.672429078014185,7.434618794326241,10.77770390070922
2021-11-04,30.52961980548187,16.77785145888594,19.368037135278513,8.683908045977011,7.42816091954023,10.775641025641026
2021-11-05,30.515030946065426,16.804376657824935,19.361405835543767,8.701149425287356,7.4122458001768345,10.766357206012378
2021-11-06,30.491181657848323,16.828703703703702,19.351190476190474,8.713844797178131,7.405864197530864,10.765652557319223
2021-11-07,30.50574712643678,16.832228116710876,19.34681697612732,8.714412024756852,7.398983200707338,10.754420866489832
2021-11-08,30.481874447391686,16.865384615384617,19.332228116710876,8.730327144120247,7.39235190097259,10.743810786914235
2021-11-09,30.45943562610229,16.886904761904763,19.3234126984127,8.744268077601411,7.386022927689594,10.739197530864198
2021-11-10,30.45943562610229,16.886904761904763,19.3234126984127,8.744268077601411,7.386022927689594,10.739197530864198
2021-11-11,30.45943562610229,16.886904761904763,19.3234126984127,8.744268077601411,7.386022927689594,10.739197530864198
2021-11-12,30.440917107583772,16.922619047619047,19.311507936507937,8.754850088183423,7.375440917107583,10.733906525573191
2021-11-13,30.417326297273526,16.945250659630606,19.301451187335093,8.767370272647318,7.370492524186456,10.733289357959542
2021-11-14,30.417326297273526,16.945250659630606,19.301451187335093,8.767370272647318,7.370492524186456,10.733289357959542
2021-11-15,30.402814423922603,16.978232189973614,19.282981530343008,8.779243623570801,7.3599384344766925,10.72669305189094
2021-11-16,30.380701754385964,16.99671052631579,19.276973684210525,8.787719298245614,7.353728070175438,10.724780701754385
2021-11-17,30.380701754385964,16.99671052631579,19.276973684210525,8.787719298245614,7.353728070175438,10.724780701754385
2021-11-18,30.37017543859649,17.033552631578946,19.255921052631578,8.806140350877193,7.34188596491228,10.712938596491227
2021-11-19,30.377748460861916,17.04023746701847,19.25131926121372,8.808267370272647,7.338830255057168,10.705584872471416
2021-11-20,30.353070175438596,17.061184210526317,19.244078947368422,8.817982456140351,7.333991228070175,10.70767543859649
2021-11-21,30.363236587510993,17.070580474934037,19.238126649076516,8.818821459982411,7.329595426561125,10.696350043975373
2021-11-22,30.35004397537379,17.102242744063325,19.21965699208443,8.832014072119613,7.322999120492524,10.685795954265611
2021-11-23,30.328070175438594,17.120394736842105,19.213815789473685,8.840350877192982,7.31688596491228,10.683991228070175
2021-11-24,30.34212840809147,17.13126649076517,19.20382585751979,8.839929639401936,7.315083553210202,10.672603342128408
2021-11-25,30.31754385964912,17.151973684210525,19.198026315789473,8.850877192982457,7.308991228070175,10.673464912280702
2021-11-26,30.293859649122805,17.19013157894737,19.1875,8.86140350877193,7.30109649122807,10.66688596491228
2021-11-27,30.270778652668415,17.21062992125984,19.180446194225723,8.869641294838146,7.297681539807524,10.669072615923008
2021-11-28,30.27675438596491,17.21907894736842,19.176973684210527,8.87061403508772,7.294517543859649,10.65767543859649
2021-11-29,30.252405949256342,17.239501312335957,19.168635170603675,8.884076990376203,7.289807524059492,10.658573928258967
2021-11-30,30.230802792321114,17.25719895287958,19.162958115183248,8.892233856893544,7.283813263525305,10.656849912739965
2021-12-01,30.23928258967629,17.265748031496063,19.158136482939632,8.894575678040246,7.281933508311461,10.645450568678914
2021-12-02,30.228783902012246,17.29724409448819,19.14238845144357,8.905074365704287,7.271434820647419,10.637576552930883
2021-12-03,30.234649122807017,17.30592105263158,19.1375,8.906140350877193,7.26688596491228,10.631359649122807
2021-12-04,30.20909886264217,17.33005249343832,19.12795275590551,8.915573053368329,7.262248468941382,10.633639545056868
2021-12-05,30.217543859649123,17.341447368421054,19.123026315789474,8.916666666666668,7.256359649122807,10.622149122807016
2021-12-06,30.195975503062115,17.364173228346456,19.112204724409448,8.928696412948382,7.25174978127734,10.624453193350831
2021-12-07,30.174520069808025,17.384162303664922,19.10667539267016,8.93411867364747,7.245855148342059,10.6228184991274
2021-12-08,30.178915135608047,17.39041994750656,19.10170603674541,8.939195100612423,7.2425634295713035,10.611329833770778
2021-12-09,30.160122164048865,17.412958115183248,19.093586387434556,8.947207678883071,7.236692844677138,10.612347294938917
2021-12-10,30.14310645724258,17.44960732984293,19.083115183246072,8.956369982547994,7.227530541012216,10.603184991273997
2021-12-11,30.12053959965187,17.47454308093995,19.072454308093995,8.96431679721497,7.221714534377719,10.604221061792863
2021-12-12,30.12053959965187,17.47454308093995,19.072454308093995,8.96431679721497,7.221714534377719,10.604221061792863
2021-12-13,30.10487380330722,17.511096605744125,19.055483028720626,8.972149695387294,7.215187119234116,10.595082680591819
2021-12-14,30.086371527777775,17.533203125,19.044921875,8.977430555555555,7.209418402777778,10.59353298611111
2021-12-15,30.086371527777775,17.533203125,19.044921875,8.977430555555555,7.209418402777778,10.59353298611111
2021-12-16,30.086371527777775,17.533203125,19.044921875,8.977430555555555,7.209418402777778,10.59353298611111
2021-12-17,30.086371527777775,17.533203125,19.044921875,8.977430555555555,7.209418402777778,10.59353298611111
2021-12-18,30.066666666666666,17.557792207792208,19.034415584415584,8.983982683982685,7.203679653679654,10.594588744588744
2021-12-19,30.066666666666666,17.557792207792208,19.034415584415584,8.983982683982685,7.203679653679654,10.594588744588744
2021-12-20,30.044473229706387,17.583549222797927,19.022668393782382,8.994386873920552,7.19926597582038,10.596934369602764
2021-12-21,30.028854435831178,17.60529715762274,19.01485788113695,8.996985357450475,7.1935831180017225,10.592807924203274
2021-12-22,30.013316151202748,17.626932989690722,19.004510309278352,9.007302405498281,7.187929553264604,10.592568728522338
2021-12-23,30.018518518518515,17.63888888888889,18.99935400516796,9.007321274763136,7.185831180017226,10.583763996554694
2021-12-24,30.018518518518515,17.63888888888889,18.99935400516796,9.007321274763136,7.185831180017226,10.583763996554694
2021-12-25,30.018518518518515,17.63888888888889,18.99935400516796,9.007321274763136,7.185831180017226,10.583763996554694
2021-12-26,30.003014642549523,17.677648578811368,18.982558139534884,9.012489233419466,7.176787252368647,10.576012058570198
2021-12-27,29.9823883161512,17.70167525773196,18.974871134020617,9.017611683848799,7.171176975945016,10.577104810996564
2021-12-28,29.9823883161512,17.70167525773196,18.974871134020617,9.017611683848799,7.171176975945016,10.577104810996564
2021-12-29,29.9900947459087,17.713824289405686,18.964470284237727,9.017657192075797,7.169035314384151,10.568260120585704
2021-12-30,29.9900947459087,17.713824289405686,18.964470284237727,9.017657192075797,7.169035314384151,10.568260120585704
2021-12-31,29.99654576856649,17.72603626943005,18.957901554404145,9.017702936096718,7.165587219343696,10.56066493955095
2022-01-01,29.98105081826012,17.75,18.950258397932817,9.020241171403962,7.159991386735572,10.561800172265288
2022-01-02,29.98105081826012,17.75,18.950258397932817,9.020241171403962,7.159991386735572,10.561800172265288
2022-01-03,29.970714900947456,17.786175710594314,18.936046511627907,9.02411714039621,7.152239448751076,10.55275624461671
2022-01-04,29.9553264604811,17.80734536082474,18.9284793814433,9.031786941580757,7.144115120274914,10.553908934707904
2022-01-05,29.962962962962962,17.8171834625323,18.91795865633075,9.037037037037038,7.1393195521102495,10.545004306632213
2022-01-06,29.945017182130584,17.83827319587629,18.9104381443299,9.042096219931272,7.133805841924398,10.546176975945016
2022-01-07,29.9526270456503,17.848191214470283,18.90374677002584,9.04349698535745,7.128983634797588,10.5385443583118
2022-01-08,29.934707903780065,17.871778350515463,18.89626288659794,9.051116838487973,7.123496563573883,10.539733676975944
2022-01-09,29.934707903780065,17.871778350515463,18.89626288659794,9.051116838487973,7.123496563573883,10.539733676975944
2022-01-10,29.92310996563574,17.906572164948454,18.880798969072163,9.060137457044673,7.111898625429553,10.532001718213058
2022-01-11,29.91045415595544,17.924807197943444,18.875964010282775,9.06255355612682,7.106469580119965,10.528063410454156
2022-01-12,29.92053264604811,17.93492268041237,18.862757731958762,9.065292096219931,7.104166666666666,10.519115120274913
2022-01-13,29.92053264604811,17.93492268041237,18.862757731958762,9.065292096219931,7.104166666666666,10.519115120274913
2022-01-14,29.907646048109964,17.971005154639176,18.84729381443299,9.070446735395189,7.0951460481099655,10.510094501718212
2022-01-15,29.88988860325621,17.99293059125964,18.841259640102827,9.074121679520138,7.091045415595544,10.511353898886032
2022-01-16,29.89733676975945,18.003221649484537,18.836984536082475,9.074312714776633,7.087414089347079,10.499785223367697
2022-01-17,29.878320479862897,18.023778920308484,18.82840616966581,9.081833761782349,7.084618680377035,10.503641816623821
2022-01-18,29.869323050556982,18.052056555269925,18.80912596401028,9.086975149957155,7.076906598114824,10.49592973436161
2022-01-19,29.869323050556982,18.052056555269925,18.80912596401028,9.086975149957155,7.076906598114824,10.49592973436161
2022-01-20,29.854273504273504,18.069871794871794,18.801923076923078,9.08931623931624,7.071581196581196,10.499786324786324
2022-01-21,29.860325621251068,18.081619537275063,18.793701799485863,9.090831191088261,7.0666238217652095,10.494644387317908
2022-01-22,29.84145299145299,18.101923076923075,18.787820512820513,9.094444444444445,7.063888888888888,10.498504273504274
2022-01-23,29.84618680377035,18.11503856041131,18.779562982005142,9.094687232219366,7.0614824335904025,10.489502999143102
2022-01-24,29.83119658119658,18.13525641025641,18.769871794871793,9.1008547008547,7.058760683760683,10.490811965811966
2022-01-25,29.81628303495311,18.152813299232736,18.762787723785166,9.103154305200341,7.056052855924978,10.489556692242115
2022-01-26,29.806052855924978,18.187340153452684,18.743606138107417,9.114663256606992,7.047101449275362,10.479326513213982
2022-01-27,29.813247863247863,18.198076923076922,18.73525641025641,9.122649572649573,7.039529914529914,10.470299145299146
2022-01-28,29.80042735042735,18.223717948717947,18.722435897435897,9.127777777777778,7.034401709401709,10.470299145299144
2022-01-29,29.79017094017094,18.249358974358973,18.71474358974359,9.134188034188034,7.026709401709401,10.458760683760683
2022-01-30,29.79017094017094,18.249358974358973,18.71474358974359,9.134188034188034,7.026709401709401,10.458760683760683
2022-01-31,29.783760683760683,18.278846153846153,18.69679487179487,9.145726495726496,7.017735042735042,10.448504273504273
2022-02-01,29.776641091219094,18.29092071611253,18.68989769820972,9.14535379369139,7.015132139812446,10.447357203751066
2022-02-02,29.786324786324784,18.296794871794873,18.681410256410256,9.150854700854701,7.010042735042735,10.438247863247863
2022-02-03,29.77919863597613,18.306265984654733,18.674552429667518,9.153026427962489,7.004901960784314,10.442242114236999
2022-02-04,29.785042735042733,18.31602564102564,18.66602564102564,9.161111111111111,6.997222222222222,10.43568376068376
2022-02-05,29.774083546462062,18.328005115089514,18.660485933503836,9.163256606990624,6.99467178175618,10.437127024722932
2022-02-06,29.774083546462062,18.328005115089514,18.660485933503836,9.163256606990624,6.99467178175618,10.437127024722932
2022-02-07,29.772804774083546,18.349744245524295,18.646419437340153,9.174765558397272,6.988277919863597,10.426896845694799
2022-02-08,29.771526001705027,18.368925831202045,18.62851662404092,9.177323103154306,6.979326513213981,10.4192242114237
2022-02-09,29.771526001705027,18.368925831202045,18.62851662404092,9.177323103154306,6.979326513213981,10.4192242114237
2022-02-10,29.771526001705027,18.368925831202045,18.62851662404092,9.177323103154306,6.979326513213981,10.4192242114237
2022-02-11,29.766410912190963,18.395780051150894,18.61317135549872,9.182438192668371,6.969096334185848,10.416666666666666
2022-02-12,29.756802721088434,18.40497448979592,18.606505102040817,9.185799319727892,6.9666241496598635,10.420705782312925
2022-02-13,29.756802721088434,18.40497448979592,18.606505102040817,9.185799319727892,6.9666241496598635,10.420705782312925
2022-02-14,29.755527210884352,18.425382653061224,18.588647959183675,9.198554421768709,6.955144557823129,10.418154761904761
2022-02-15,29.74851569126378,18.43702290076336,18.58206106870229,9.1980491942324,6.952714164546225,10.414546225614927
2022-02-16,29.74851569126378,18.43702290076336,18.58206106870229,9.1980491942324,6.952714164546225,10.414546225614927
2022-02-17,29.739001692047374,18.451142131979694,18.57296954314721,9.197546531302876,6.947758037225042,10.41857021996616
2022-02-18,29.745971162001695,18.45737913486005,18.55916030534351,9.208227311280746,6.939991518235793,10.419635284139101
2022-02-19,29.74724342663274,18.47519083969466,18.54262086513995,9.219677692960136,6.93108566581849,10.414546225614927
2022-02-20,29.74724342663274,18.47519083969466,18.54262086513995,9.219677692960136,6.93108566581849,10.414546225614927
2022-02-21,29.74851569126378,18.49300254452926,18.520992366412212,9.236217133163699,6.920907548770144,10.40818490245971
2022-02-22,29.741539763113366,18.504441624365484,18.51713197969543,9.235617597292725,6.918570219966159,10.404610829103216
2022-02-23,29.74851569126378,18.510814249363868,18.505725190839694,9.243850720949958,6.913273960983885,10.400551314673454
2022-02-24,29.75106022052587,18.533715012722645,18.485368956743002,9.255301102629348,6.908184902459711,10.390373197625106
2022-02-25,29.760629251700678,18.542729591836736,18.471301020408163,9.263605442176871,6.900297619047619,10.388818027210885
2022-02-26,29.76318027210884,18.565688775510203,18.458545918367346,9.268707482993198,6.895195578231292,10.37861394557823
2022-02-27,29.76190476190476,18.584821428571427,18.440688775510203,9.280187074829932,6.888818027210884,10.373511904761905
2022-02-28,29.76190476190476,18.584821428571427,18.440688775510203,9.280187074829932,6.888818027210884,10.373511904761905
2022-03-01,29.754028837998302,18.598600508905854,18.43490245971162,9.282018659881256,6.8869804919423245,10.369592875318066
2022-03-02,29.739424703891707,18.617385786802032,18.431260575296108,9.281302876480542,6.884729272419628,10.371192893401016
2022-03-03,29.72995780590717,18.633544303797468,18.42510548523207,9.280590717299578,6.879957805907173,10.372784810126582
2022-03-04,29.73561759729272,18.641497461928935,18.417301184433164,9.287648054145517,6.874576988155669,10.36738578680203
2022-03-05,29.72489451476793,18.65886075949367,18.411181434599158,9.288185654008439,6.872362869198312,10.367721518987342
2022-03-06,29.72800338409475,18.669416243654823,18.399534686971236,9.295262267343485,6.865693739424704,10.361040609137056
2022-03-07,29.714767932489448,18.685443037974682,18.392194092827005,9.299578059071731,6.863502109704641,10.361392405063292
2022-03-08,29.70286195286195,18.703914141414142,18.391203703703706,9.298821548821548,6.861321548821549,10.35290404040404
2022-03-09,29.702109704641348,18.715822784810126,18.379535864978905,9.304641350210971,6.855907172995781,10.353797468354431
2022-03-10,29.702109704641348,18.715822784810126,18.379535864978905,9.304641350210971,6.855907172995781,10.353797468354431
2022-03-11,29.686919831223626,18.74493670886076,18.373206751054852,9.309704641350212,6.8457805907173,10.35126582278481
2022-03-12,29.675084175084173,18.761994949494948,18.371001683501685,9.308922558922559,6.842382154882155,10.350378787878787
2022-03-13,29.665400843881855,18.77151898734177,18.366877637130802,9.316033755274262,6.84198312236287,10.34620253164557
2022-03-14,29.654882154882152,18.787247474747474,18.35963804713805,9.31902356902357,6.8373316498316505,10.346590909090908
2022-03-15,29.647306397306394,18.80871212121212,18.347011784511785,9.324074074074074,6.829755892255893,10.340277777777779
2022-03-16,29.63122362869198,18.815822784810127,18.35042194092827,9.332489451476794,6.826793248945148,10.34367088607595
2022-03-17,29.613502109704637,18.84113924050633,18.337763713080168,9.340084388185655,6.816666666666667,10.34620253164557
2022-03-18,29.602368866328256,18.845812182741117,18.33862098138748,9.348561759729273,6.812394247038918,10.347081218274111
2022-03-19,29.593248945147675,18.86392405063291,18.33649789029536,9.347679324894516,6.807805907172996,10.344936708860759
2022-03-20,29.593248945147675,18.86392405063291,18.33649789029536,9.347679324894516,6.807805907172996,10.344936708860759
2022-03-21,29.571729957805903,18.887974683544304,18.332700421940928,9.359071729957806,6.800210970464136,10.342405063291139
2022-03-22,29.56523569023569,18.898358585858585,18.33186026936027,9.360690235690235,6.795664983164984,10.339015151515152
2022-03-23,29.554008438818563,18.905696202531647,18.322573839662446,9.371729957805908,6.795147679324895,10.339873417721519
2022-03-24,29.542508417508415,18.921085858585858,18.319234006734007,9.374579124579125,6.790614478114478,10.339015151515152
2022-03-25,29.52869198312236,18.924683544303797,18.322573839662446,9.383122362869198,6.786286919831224,10.339873417721519
2022-03-26,29.518518518518515,18.942550505050505,18.319234006734007,9.383417508417509,6.783038720538721,10.339015151515152
2022-03-27,29.497046413502108,18.95,18.320042194092828,9.393248945147679,6.782489451476794,10.339873417721519
2022-03-28,29.497046413502108,18.95,18.320042194092828,9.393248945147679,6.782489451476794,10.339873417721519
2022-03-29,29.488215488215484,18.964015151515152,18.31734006734007,9.393518518518519,6.778619528619529,10.33838383838384
2022-03-30,29.474261603375524,18.968987341772152,18.313080168776374,9.404641350210971,6.778059071729958,10.339240506329114
2022-03-31,29.474261603375524,18.968987341772152,18.313080168776374,9.404641350210971,6.778059071729958,10.339240506329114
2022-04-01,29.455160744500844,18.973984771573605,18.31895093062606,9.41455160744501,6.773688663282572,10.34010152284264
2022-04-02,29.446413502109703,18.990506329113924,18.315611814345992,9.414767932489452,6.767932489451477,10.339240506329114
2022-04-03,29.446413502109703,18.990506329113924,18.315611814345992,9.414767932489452,6.767932489451477,10.339240506329114
2022-04-04,29.41729957805907,19.013291139240508,18.319409282700423,9.423628691983122,6.760337552742617,10.339240506329114
2022-04-05,29.403619528619526,19.033459595959595,18.321127946127948,9.42003367003367,6.7533670033670035,10.335858585858587
2022-04-06,29.381856540084385,19.03860759493671,18.319409282700423,9.431223628691983,6.752742616033756,10.339240506329114
2022-04-07,29.370791245791242,19.051136363636363,18.321127946127948,9.43013468013468,6.745791245791247,10.340909090909092
2022-04-08,29.335437710437706,19.07638888888889,18.329966329966332,9.435185185185185,6.735690235690236,10.344696969696969
2022-04-09,29.325776658270357,19.09382871536524,18.32787573467674,9.43408900083963,6.72879932829555,10.345088161209068
2022-04-10,29.325776658270357,19.09382871536524,18.32787573467674,9.43408900083963,6.72879932829555,10.345088161209068
2022-04-11,29.296809403862298,19.119017632241814,18.33165407220823,9.439126784214945,6.721242653232578,10.346347607052897
2022-04-12,29.283500837520936,19.138819095477388,18.333333333333336,9.435510887772194,6.714405360134004,10.342964824120603
2022-04-13,29.270258980785293,19.161027568922307,18.32999164578112,9.434419381787803,6.712614870509608,10.339598997493734
2022-04-14,29.23893065998329,19.18107769423559,18.32873851294904,9.440685045948204,6.705096073517127,10.344611528822055
2022-04-15,29.215661641541036,19.189070351758794,18.33710217755444,9.449329983249582,6.700586264656617,10.345477386934673
2022-04-16,29.206349206349202,19.204887218045112,18.336257309941523,9.448203842940686,6.6950710108604845,10.344611528822055
2022-04-17,29.184254606365155,19.212939698492463,18.34212730318258,9.456867671691793,6.691792294807371,10.345477386934673
2022-04-18,29.162048698572626,19.22229219143577,18.348026868178003,9.463056255247691,6.691015952980689,10.345088161209068
2022-04-19,29.152847571189277,19.234924623115578,18.350921273031826,9.460636515912897,6.684882747068677,10.344221105527637
2022-04-20,29.152847571189277,19.234924623115578,18.350921273031826,9.460636515912897,6.684882747068677,10.344221105527637
2022-04-21,29.152847571189277,19.234924623115578,18.350921273031826,9.460636515912897,6.684882747068677,10.344221105527637
2022-04-22,29.131821998320735,19.243073047858942,18.36062132661629,9.469353484466835,6.680310663308145,10.34256926952141
2022-04-23,29.122696817420433,19.256281407035175,18.360971524288107,9.46817420435511,6.674832495812396,10.341708542713567
2022-04-24,29.101595298068847,19.267002518891687,18.364399664147776,9.476910159529806,6.672753988245172,10.340050377833753
2022-04-25,29.095058626465658,19.27889447236181,18.36348408710218,9.475711892797321,6.667294807370185,10.342964824120603
2022-04-26,29.086048454469505,19.293233082706767,18.365079365079367,9.473266499582289,6.6606098579782795,10.339598997493734
2022-04-27,29.061139028475708,19.301507537688444,18.365996649916248,9.484505862646566,6.657244556113903,10.342964824120603
2022-04-28,29.05346700083542,19.31328320802005,18.365079365079367,9.48329156223893,6.648078529657478,10.344611528822055
2022-04-29,29.013366750208853,19.335839598997495,18.381370091896407,9.492063492063492,6.639306599832916,10.344611528822055
2022-04-30,29.00333333333333,19.345,18.385416666666668,9.490833333333335,6.635208333333334,10.34125
2022-05-01,28.99584372402327,19.35411471321696,18.38445552784705,9.492103075644224,6.628636741479634,10.3428927680798
2022-05-02,28.969659185369906,19.376558603491272,18.390689941812138,9.499584372402328,6.62115544472153,10.341645885286782
2022-05-03,28.962271973466,19.385572139303484,18.39469320066335,9.498341625207297,6.614635157545606,10.338308457711443
2022-05-04,28.939733998337488,19.39650872817955,18.395677472984207,9.507065669160433,6.613674147963425,10.339152119700747
2022-05-05,28.91708333333333,19.4075,18.39666666666667,9.518333333333334,6.6102083333333335,10.34
2022-05-06,28.891812865497073,19.417293233082706,18.405179615705933,9.527151211361739,6.606725146198831,10.340852130325814
2022-05-07,28.88708333333333,19.42625,18.405416666666667,9.528333333333334,6.600208333333334,10.33875
2022-05-08,28.866750208855468,19.43984962406015,18.406432748538013,9.53717627401838,6.597953216374269,10.338345864661655
2022-05-09,28.86333333333333,19.4475,18.40791666666667,9.538333333333334,6.590208333333334,10.33875
2022-05-10,28.856192851205318,19.456359102244388,18.414380714879467,9.536990856192851,6.583748960931006,10.335411471321695
2022-05-11,28.856192851205318,19.456359102244388,18.414380714879467,9.536990856192851,6.583748960931006,10.335411471321695
2022-05-12,28.8262676641729,19.472568578553616,18.416874480465502,9.543225270157938,6.576267664172901,10.340399002493765
2022-05-13,28.80083333333333,19.4825,18.424166666666668,9.552083333333334,6.572708333333334,10.3425
2022-05-14,28.795095594347462,19.48877805486284,18.425602660016626,9.55195344970906,6.567539484621779,10.341645885286782
2022-05-15,28.77458333333333,19.5,18.426666666666666,9.560833333333333,6.563958333333334,10.34375
2022-05-16,28.772651704073148,19.50498753117207,18.431837073981715,9.559434746467165,6.555070656691605,10.345386533665835
2022-05-17,28.76824212271973,19.511194029850746,18.440713101160863,9.555555555555555,6.548714759535655,10.33955223880597
2022-05-18,28.76824212271973,19.511194029850746,18.440713101160863,9.555555555555555,6.548714759535655,10.33955223880597
2022-05-19,28.74272651704073,19.522443890274314,18.43931837073982,9.569409808811306,6.545095594347465,10.3428927680798
2022-05-20,28.70781379883624,19.538653366583542,18.460515378221114,9.570656691604324,6.536367414796342,10.345386533665835
2022-05-21,28.70356550580431,19.54353233830846,18.464344941956885,9.569237147595357,6.530058043117745,10.34452736318408
2022-05-22,28.70356550580431,19.54353233830846,18.464344941956885,9.569237147595357,6.530058043117745,10.34452736318408
2022-05-23,28.678689883913762,19.563432835820894,18.469320066334994,9.576699834162522,6.517620232172471,10.345771144278608
2022-05-24,28.677005789909014,19.56699751861042,18.480562448304383,9.570306038047974,6.511373035566584,10.342431761786601
2022-05-25,28.653814262023214,19.578358208955223,18.47927031509121,9.579187396351577,6.507669983416252,10.345771144278608
2022-05-26,28.653814262023214,19.578358208955223,18.47927031509121,9.579187396351577,6.507669983416252,10.345771144278608
2022-05-27,28.628938640132667,19.59950248756219,18.491708126036485,9.582918739635158,6.498963515754561,10.348258706467663
2022-05-28,28.624896608767575,19.60545905707196,18.495450785773368,9.58023159636063,6.494003308519438,10.344913151364764
2022-05-29,28.624896608767575,19.60545905707196,18.495450785773368,9.58023159636063,6.494003308519438,10.344913151364764
2022-05-30,28.597601323407773,19.62531017369727,18.50289495450786,9.585194375516956,6.481596360628619,10.344913151364764
2022-05-31,28.599834983498347,19.627475247524753,18.511551155115512,9.580033003300331,6.475453795379538,10.339108910891088
2022-06-01,28.599834983498347,19.627475247524753,18.511551155115512,9.580033003300331,6.475453795379538,10.339108910891088
2022-06-02,28.570132013201317,19.64232673267327,18.514026402640265,9.58993399339934,6.4680280528052805,10.344059405940595
2022-06-03,28.54301075268817,19.655086848635236,18.51778329197684,9.597601323407776,6.465467328370554,10.34863523573201
2022-06-04,28.540429042904286,19.65841584158416,18.52516501650165,9.594884488448844,6.459364686468647,10.344059405940595
2022-06-05,28.51695616211745,19.669975186104217,18.527708850289496,9.602564102564102,6.455541770057899,10.346153846153847
2022-06-06,28.51695616211745,19.669975186104217,18.527708850289496,9.602564102564102,6.455541770057899,10.346153846153847
2022-06-07,28.51320132013201,19.669554455445546,18.536922442244226,9.600453795379538,6.448844884488449,10.345915841584159
2022-06-08,28.48469809760132,19.67866004962779,18.53701406120761,9.613110008271299,6.447477253928867,10.348014888337469
2022-06-09,28.48469809760132,19.67866004962779,18.53701406120761,9.613110008271299,6.447477253928867,10.348014888337469
2022-06-10,28.459784411276946,19.691542288557216,18.53959369817579,9.62209784411277,6.443615257048093,10.350124378109452
2022-06-11,28.454921422663354,19.696029776674937,18.54818031430935,9.62055417700579,6.437551695616212,10.346774193548388
2022-06-12,28.434908789386398,19.70771144278607,18.54830016583748,9.629560530679933,6.432421227197347,10.347636815920398
2022-06-13,28.43258891645988,19.708436724565757,18.554383788254757,9.629239040529363,6.425144747725393,10.348014888337469
2022-06-14,28.429042904290426,19.709158415841586,18.565387788778878,9.625206270627062,6.419141914191419,10.344678217821782
2022-06-15,28.407775020678244,19.718362282878413,18.561827956989248,9.636683209263856,6.417700578990902,10.345533498759306
2022-06-16,28.378938640132667,19.730099502487562,18.560737976782754,9.648217247097845,6.416252072968491,10.348880597014926
2022-06-17,28.350331674958536,19.747512437810947,18.579394693200666,9.648217247097845,6.4087893864013274,10.348880597014926
2022-06-18,28.349462365591396,19.748138957816376,18.587882547559968,9.644127377998347,6.40281224152192,10.345533498759306
2022-06-19,28.34612211221122,19.748762376237625,18.59385313531353,9.642533003300331,6.396864686468647,10.344678217821782
2022-06-20,28.325082508250823,19.757425742574256,18.603754125412543,9.648721122112212,6.386963696369637,10.343440594059405
2022-06-21,28.32551440329218,19.758024691358024,18.612139917695472,9.644650205761318,6.381069958847737,10.338888888888889
2022-06-22,28.300823045267485,19.775308641975307,18.61707818930041,9.652057613168724,6.374897119341564,10.338888888888889
2022-06-23,28.29515599343185,19.775862068965516,18.62787356321839,9.647988505747128,6.3690476190476195,10.342980295566502
2022-06-24,28.272427983539092,19.787654320987656,18.628189300411524,9.658230452674898,6.365020576131688,10.343827160493827
2022-06-25,28.266830870279144,19.788177339901477,18.638957307060757,9.655377668308704,6.359195402298851,10.344211822660098
2022-06-26,28.266830870279144,19.788177339901477,18.638957307060757,9.655377668308704,6.359195402298851,10.344211822660098
2022-06-27,28.244663382594414,19.800492610837438,18.65004105090312,9.660303776683087,6.349343185550082,10.342980295566502
2022-06-28,28.239148239148236,19.8009828009828,18.663185913185913,9.656224406224407,6.343570843570844,10.33968058968059
2022-06-29,28.239148239148236,19.8009828009828,18.663185913185913,9.656224406224407,6.343570843570844,10.33968058968059
2022-06-30,28.212643678160916,19.8128078817734,18.65989326765189,9.667692939244663,6.3419540229885065,10.342980295566502
2022-07-01,28.185550082101802,19.830049261083744,18.677134646962234,9.667692939244663,6.337027914614122,10.342980295566502
2022-07-02,28.157224958949094,19.842364532019705,18.69314449917898,9.673850574712644,6.3271756978653535,10.341748768472906
2022-07-03,28.157224958949094,19.842364532019705,18.69314449917898,9.673850574712644,6.3271756978653535,10.341748768472906
2022-07-04,28.135057471264364,19.853448275862068,18.704228243021348,9.680008210180624,6.316091954022989,10.341748768472906
2022-07-05,28.129811629811627,19.853808353808354,18.71723996723997,9.675880425880425,6.310401310401311,10.338452088452089
2022-07-06,28.129811629811627,19.853808353808354,18.71723996723997,9.675880425880425,6.310401310401311,10.338452088452089
2022-07-07,28.127042483660126,19.85171568627451,18.727736928104576,9.671772875816993,6.3047385620915035,10.340073529411764
2022-07-08,28.1027846027846,19.863636363636363,18.73075348075348,9.680794430794432,6.300573300573301,10.342137592137592
2022-07-09,28.095179738562088,19.863970588235293,18.743668300653596,9.674223856209151,6.297385620915033,10.341299019607844
2022-07-10,28.094947025264872,19.861858190709047,18.75162999185004,9.670130399348004,6.291768541157294,10.34046454767726
2022-07-11,28.074346405228756,19.871323529411764,18.758374183006538,9.675449346405228,6.288807189542484,10.341299019607844
2022-07-12,28.046160130718953,19.881127450980394,18.764501633986928,9.680964052287582,6.282066993464053,10.34375
2022-07-13,28.02416052416052,19.895577395577394,18.761466011466013,9.692465192465193,6.28030303030303,10.342137592137592
2022-07-14,28.02416052416052,19.895577395577394,18.761466011466013,9.692465192465193,6.28030303030303,10.342137592137592
2022-07-15,27.99467649467649,19.912776412776413,18.778665028665028,9.692465192465193,6.272932022932023,10.347051597051598
2022-07-16,27.966420966420962,19.923832923832922,18.79095004095004,9.697379197379197,6.264332514332515,10.347051597051598
2022-07-17,27.941707717569784,19.938423645320196,18.79043513957307,9.706486042692939,6.264983579638752,10.347906403940886
2022-07-18,27.917077175697862,19.94704433497537,18.805213464696223,9.708949096880131,6.25636288998358,10.350369458128078
2022-07-19,27.91236691236691,19.947174447174447,18.81797706797707,9.6998361998362,6.253276003276004,10.347051597051598
2022-07-20,27.91236691236691,19.947174447174447,18.81797706797707,9.6998361998362,6.253276003276004,10.347051597051598
2022-07-21,27.88533988533988,19.95945945945946,18.82043407043407,9.704750204750205,6.243447993447994,10.354422604422604
2022-07-22,27.860426929392442,19.974137931034484,18.822454844006568,9.713875205254515,6.239121510673235,10.360221674876847
2022-07-23,27.83333333333333,19.980295566502463,18.83723316912972,9.7188013136289,6.231732348111659,10.363916256157635
2022-07-24,27.83333333333333,19.980295566502463,18.83723316912972,9.7188013136289,6.231732348111659,10.363916256157635
2022-07-25,27.80870279146141,19.988916256157637,18.85077996715928,9.722495894909688,6.223111658456486,10.366379310344827
2022-07-26,27.8042588042588,19.986486486486488,18.863431613431615,9.713349713349714,6.2201064701064706,10.365479115479115
2022-07-27,27.777846027846024,19.9987714987715,18.874488124488124,9.718263718263719,6.215192465192466,10.364250614250615
2022-07-28,27.777846027846024,19.9987714987715,18.874488124488124,9.718263718263719,6.215192465192466,10.364250614250615
2022-07-29,27.752668308702788,20.013546798029555,18.876642036124796,9.727422003284072,6.210796387520526,10.370073891625616
2022-07-30,27.72311165845648,20.025862068965516,18.886494252873565,9.732348111658457,6.20340722495895,10.371305418719212
2022-07-31,27.72311165845648,20.025862068965516,18.886494252873565,9.732348111658457,6.20340722495895,10.371305418719212
2022-08-01,27.698481116584563,20.032019704433498,18.901272577996718,9.736042692939245,6.194786535303777,10.373768472906404
2022-08-02,27.676313628899834,20.032019704433498,18.923440065681447,9.736042692939245,6.184934318555008,10.371305418719212
2022-08-03,27.676313628899834,20.032019704433498,18.923440065681447,9.736042692939245,6.184934318555008,10.371305418719212
2022-08-04,27.677108927108925,20.024570024570025,18.933456183456183,9.72932022932023,6.17956592956593,10.377764127764127
2022-08-05,27.656609195402297,20.03448275862069,18.930829228243024,9.738505747126437,6.180008210180624,10.38115763546798
2022-08-06,27.631978653530375,20.039408866995075,18.945607553366173,9.742200328407225,6.172619047619048,10.382389162561577
2022-08-07,27.631978653530375,20.039408866995075,18.945607553366173,9.742200328407225,6.172619047619048,10.382389162561577
2022-08-08,27.609811165845645,20.039408866995075,18.959154351395732,9.74712643678161,6.166461412151068,10.386083743842365
2022-08-09,27.605855855855854,20.034398034398034,18.971539721539724,9.74037674037674,6.163595413595414,10.385135135135135
2022-08-10,27.58271756978653,20.04433497536946,18.976395730706077,9.749589490968802,6.159072249589491,10.386083743842365
2022-08-11,27.58271756978653,20.04433497536946,18.976395730706077,9.749589490968802,6.159072249589491,10.386083743842365
2022-08-12,27.55808702791461,20.051724137931036,18.993637110016422,9.754515599343186,6.151683087027915,10.393472906403941
2022-08-13,27.535919540229884,20.059113300492612,19.008415435139575,9.756978653530378,6.144293924466338,10.39716748768473
2022-08-14,27.535919540229884,20.059113300492612,19.008415435139575,9.756978653530378,6.144293924466338,10.39716748768473
2022-08-15,27.51744663382594,20.064039408866996,19.023193760262725,9.760673234811167,6.134441707717571,10.399630541871922
2022-08-16,27.51371826371826,20.05896805896806,19.03787878787879,9.751433251433252,6.12919737919738,10.40110565110565
2022-08-17,27.487889983579635,20.06650246305419,19.037972085385878,9.761904761904763,6.127052545155994,10.404556650246306
2022-08-18,27.463259441707713,20.071428571428573,19.047824302134647,9.766830870279147,6.117200328407225,10.411945812807883
2022-08-19,27.442181069958846,20.081481481481482,19.047942386831277,9.778600823045268,6.115020576131688,10.415432098765432
2022-08-20,27.42242798353909,20.090123456790124,19.057818930041154,9.781069958847738,6.106378600823046,10.417901234567902
2022-08-21,27.42242798353909,20.090123456790124,19.057818930041154,9.781069958847738,6.106378600823046,10.417901234567902
2022-08-22,27.401440329218104,20.096296296296295,19.066460905349796,9.78477366255144,6.101440329218107,10.42283950617284
2022-08-23,27.397988505747122,20.091133004926107,19.081075533661743,9.777914614121512,6.096264367816092,10.424261083743842
2022-08-24,27.380747126436777,20.09729064039409,19.086001642036127,9.782840722495894,6.0913382594417085,10.429187192118226
2022-08-25,27.380747126436777,20.09729064039409,19.086001642036127,9.782840722495894,6.0913382594417085,10.429187192118226
2022-08-26,27.359465020576128,20.107407407407408,19.08868312757202,9.794650205761318,6.084156378600824,10.432716049382716
2022-08-27,27.337242798353905,20.113580246913582,19.098559670781892,9.798353909465021,6.079218106995885,10.435185185185185
2022-08-28,27.337242798353905,20.113580246913582,19.098559670781892,9.798353909465021,6.079218106995885,10.435185185185185
2022-08-29,27.318724279835386,20.120987654320988,19.104732510288066,9.802057613168724,6.073045267489713,10.440123456790124
2022-08-30,27.315476190476186,20.113300492610836,19.11925287356322,9.795155993431855,6.070402298850575,10.441502463054187
2022-08-31,27.315476190476186,20.113300492610836,19.11925287356322,9.795155993431855,6.070402298850575,10.441502463054187
2022-09-01,27.31470106470106,20.105651105651106,19.126330876330876,9.79074529074529,6.067772317772318,10.447788697788697
2022-09-02,27.293308702791457,20.11576354679803,19.129105090311988,9.802545155993432,6.060550082101806,10.451354679802956
2022-09-03,27.26867816091954,20.123152709359605,19.136494252873565,9.807471264367816,6.05316091954023,10.457512315270936
2022-09-04,27.26867816091954,20.123152709359605,19.136494252873565,9.807471264367816,6.05316091954023,10.457512315270936
2022-09-05,27.248353909465017,20.133333333333333,19.141769547325104,9.81440329218107,6.049588477366256,10.454938271604938
2022-09-06,27.247742200328403,20.12807881773399,19.149425287356323,9.808087027914615,6.047619047619048,10.45935960591133
2022-09-07,27.22489711934156,20.137037037037036,19.148559670781893,9.819958847736626,6.0440329218107,10.460493827160494
2022-09-08,27.22489711934156,20.137037037037036,19.148559670781893,9.819958847736626,6.0440329218107,10.460493827160494
2022-09-09,27.205144032921808,20.146913580246913,19.155967078189303,9.822427983539095,6.036625514403292,10.469135802469136
2022-09-10,27.20217569786535,20.145320197044335,19.15927750410509,9.817939244663384,6.034072249589491,10.474137931034482
2022-09-11,27.20217569786535,20.145320197044335,19.15927750410509,9.817939244663384,6.034072249589491,10.474137931034482
2022-09-12,27.182471264367813,20.14963054187192,19.162972085385878,9.82224958949097,6.029761904761905,10.481527093596059
2022-09-13,27.18447993447993,20.146805896805898,19.165028665028665,9.812858312858314,6.027231777231777,10.487714987714988
2022-09-14,27.18447993447993,20.146805896805898,19.165028665028665,9.812858312858314,6.027231777231777,10.487714987714988
2022-09-15,27.186478758169933,20.139093137254903,19.16952614379085,9.805964052287582,6.024714052287582,10.496323529411764
2022-09-16,27.174223856209146,20.151348039215687,19.164624183006538,9.808415032679738,6.01858660130719,10.506127450980392
2022-09-17,27.152165032679736,20.159926470588236,19.16952614379085,9.810866013071896,6.012459150326798,10.511029411764707
2022-09-18,27.152165032679736,20.159926470588236,19.16952614379085,9.810866013071896,6.012459150326798,10.511029411764707
2022-09-19,27.13288288288288,20.171375921375923,19.16994266994267,9.81900081900082,6.011261261261262,10.50859950859951
2022-09-20,27.13562091503268,20.167892156862745,19.16952614379085,9.812704248366014,6.009395424836602,10.51593137254902
2022-09-21,27.118464052287578,20.175245098039216,19.16952614379085,9.81515522875817,5.9995915032679745,10.52328431372549
2022-09-22,27.118464052287578,20.175245098039216,19.16952614379085,9.81515522875817,5.9995915032679745,10.52328431372549
2022-09-23,27.096642096642093,20.18796068796069,19.167485667485668,9.824529074529075,5.997133497133498,10.527027027027026
2022-09-24,27.078214578214574,20.195331695331696,19.17117117117117,9.82821457821458,5.987305487305488,10.534398034398034
2022-09-25,27.078214578214574,20.195331695331696,19.17117117117117,9.82821457821458,5.987305487305488,10.534398034398034
2022-09-26,27.057330057330056,20.203931203931205,19.173628173628174,9.833128583128584,5.983619983619984,10.542997542997544
2022-09-27,27.059640522875814,20.198529411764707,19.175653594771244,9.826184640522877,5.981209150326798,10.549019607843137
2022-09-28,27.059640522875814,20.198529411764707,19.175653594771244,9.826184640522877,5.981209150326798,10.549019607843137
2022-09-29,27.035217035217034,20.208845208845208,19.173628173628174,9.838042588042589,5.978705978705979,10.55036855036855
2022-09-30,27.01310401310401,20.216216216216218,19.17854217854218,9.842956592956593,5.971334971334971,10.562653562653562
2022-10-01,26.997133497133493,20.22113022113022,19.177313677313677,9.850327600327601,5.965192465192466,10.574938574938574
2022-10-02,26.997133497133493,20.22113022113022,19.177313677313677,9.850327600327601,5.965192465192466,10.574938574938574
2022-10-03,26.976190476190474,20.233374384236452,19.177134646962234,9.859811165845649,5.961412151067324,10.57512315270936
2022-10-04,26.978091728091727,20.229115479115478,19.177313677313677,9.852784602784602,5.95966420966421,10.584766584766585
2022-10-05,26.95833333333333,20.241995073891626,19.17528735632184,9.862274220032841,5.957101806239738,10.583743842364532
2022-10-06,26.960892710892708,20.234029484029485,19.174856674856677,9.855241605241606,5.954750204750205,10.594594594594595
2022-10-07,26.93986042692939,20.245689655172413,19.174055829228244,9.864737274220033,5.950944170771757,10.597290640394089
2022-10-08,26.940008190008186,20.24140049140049,19.174856674856677,9.86015561015561,5.9498361998362,10.606879606879607
2022-10-09,26.940008190008186,20.24140049140049,19.174856674856677,9.86015561015561,5.9498361998362,10.606879606879607
2022-10-10,26.921580671580667,20.253685503685503,19.177313677313677,9.86015561015561,5.942465192465193,10.615479115479115
2022-10-11,26.924223856209146,20.248161764705884,19.179330065359476,9.850694444444445,5.9401552287581705,10.623774509803921
2022-10-12,26.924223856209146,20.248161764705884,19.179330065359476,9.850694444444445,5.9401552287581705,10.623774509803921
2022-10-13,26.897875816993462,20.25551470588235,19.179330065359476,9.851919934640524,5.934027777777779,10.637254901960784
2022-10-14,26.876740376740372,20.26842751842752,19.17854217854218,9.861384111384112,5.93018018018018,10.638820638820638
2022-10-15,26.872140522875814,20.26776960784314,19.18300653594771,9.851919934640524,5.927900326797386,10.64950980392157
2022-10-16,26.874898125509368,20.264669926650367,19.180114099429503,9.847392013039935,5.925631621841891,10.660146699266503
2022-10-17,26.85533822330888,20.276894865525673,19.182559087204563,9.849837000814997,5.918296658516708,10.668704156479217
2022-10-18,26.855691056910565,20.276219512195123,19.184552845528454,9.840447154471546,5.913617886178862,10.676829268292684
2022-10-19,26.855691056910565,20.276219512195123,19.184552845528454,9.840447154471546,5.913617886178862,10.676829268292684
2022-10-20,26.864557988645576,20.273114355231144,19.184103811841037,9.833536090835361,5.91139497161395,10.684914841849148
2022-10-21,26.84752635847526,20.280413625304135,19.1889699918897,9.833536090835361,5.904095701540958,10.697080291970803
2022-10-22,26.81832927818329,20.297445255474454,19.191403081914032,9.833536090835361,5.894363341443634,10.711678832116789
2022-10-23,26.818770226537215,20.296723300970875,19.18851132686084,9.829085760517799,5.8921925566343045,10.722087378640778
2022-10-24,26.800081103000807,20.30839416058394,19.191403081914032,9.837185725871858,5.885847526358476,10.721411192214111
2022-10-25,26.801173139158575,20.307038834951456,19.190331715210355,9.830906148867314,5.881877022653722,10.730582524271844
2022-10-26,26.804075867635188,20.30145278450363,19.19229217110573,9.821630347054077,5.8773204196933015,10.7409200968523
2022-10-27,26.804075867635188,20.30145278450363,19.19229217110573,9.821630347054077,5.8773204196933015,10.7409200968523
2022-10-28,26.781755663430417,20.314320388349515,19.195186084142396,9.830906148867314,5.872168284789645,10.742718446601941
2022-10-29,26.755056634304204,20.32645631067961,19.200040453074433,9.830906148867314,5.864886731391586,10.757281553398059
2022-10-30,26.72835760517799,20.33859223300971,19.197613268608414,9.840614886731393,5.860032362459547,10.769417475728156
2022-10-31,26.709448499594483,20.35036496350365,19.201743714517438,9.847526358475264,5.8560421735604224,10.766423357664234
2022-11-01,26.707726537216825,20.350728155339805,19.198826860841425,9.845469255663431,5.852750809061489,10.776699029126213
2022-11-02,26.685881877022652,20.362864077669904,19.198826860841425,9.845469255663431,5.8454692556634305,10.78640776699029
2022-11-03,26.664037216828476,20.37014563106796,19.196399676375407,9.84789644012945,5.840614886731392,10.798543689320388
2022-11-04,26.64132197891322,20.383211678832115,19.196877534468776,9.859691808596919,5.83536090835361,10.800486618004866
2022-11-05,26.619424168694238,20.3978102189781,19.196877534468776,9.86212489862125,5.828061638280617,10.812652068126521
2022-11-06,26.620347896440126,20.399271844660195,19.191545307443366,9.857605177993529,5.826051779935275,10.822815533980583
2022-11-07,26.597289644012942,20.4126213592233,19.191545307443366,9.860032362459547,5.818770226537217,10.83131067961165
2022-11-08,26.575444983818766,20.41747572815534,19.193972491909385,9.858818770226538,5.8127022653721685,10.842233009708737
2022-11-09,26.575444983818766,20.41747572815534,19.193972491909385,9.858818770226538,5.8127022653721685,10.842233009708737
2022-11-10,26.57889426957223,20.411622276029057,19.193502824858758,9.851896690879743,5.808313155770783,10.849878934624698
2022-11-11,26.559523809523807,20.418886198547217,19.200766747376917,9.849475383373688,5.803470540758677,10.864406779661017
2022-11-12,26.535310734463273,20.43099273607748,19.205609362389023,9.849475383373688,5.79862792574657,10.876513317191284
2022-11-13,26.538848631239933,20.432367149758456,19.202697262479873,9.842592592592593,5.794283413848632,10.88647342995169
2022-11-14,26.518317230273748,20.444444444444443,19.202697262479873,9.842592592592593,5.7882447665056365,10.896135265700483
2022-11-15,26.521887550200802,20.440963855421685,19.204618473895582,9.833333333333334,5.783935742971888,10.903614457831326
2022-11-16,26.501409017713364,20.454106280193237,19.200281803542673,9.840177133655395,5.780998389694043,10.903381642512077
2022-11-17,26.47598870056497,20.46489104116223,19.195924132364812,9.851896690879743,5.778046811945117,10.907990314769975
2022-11-18,26.450444983818766,20.478155339805824,19.191545307443366,9.861245954692556,5.772653721682849,10.91747572815534
2022-11-19,26.43345469255663,20.487864077669904,19.193972491909385,9.858818770226538,5.76537216828479,10.927184466019417
2022-11-20,26.415250809061487,20.49878640776699,19.192758899676377,9.857605177993529,5.760517799352751,10.936893203883495
2022-11-21,26.41908797417272,20.497578692493946,19.187449556093625,9.851896690879743,5.758676351896691,10.946731234866828
2022-11-22,26.422906602254425,20.493961352657006,19.189412238325282,9.842592592592593,5.756843800322062,10.951690821256038
2022-11-23,26.39971751412429,20.50726392251816,19.18502824858757,9.851896690879743,5.753833736884585,10.953995157384988
2022-11-24,26.407206119162637,20.506038647342994,19.186996779388085,9.84500805152979,5.749597423510467,10.96135265700483
2022-11-25,26.387882447665053,20.515700483091788,19.19182769726248,9.842592592592593,5.744766505636071,10.97584541062802
2022-11-26,26.373389694041865,20.52536231884058,19.19182769726248,9.842592592592593,5.735104669887279,10.983091787439614
2022-11-27,26.374899598393572,20.526506024096385,19.188955823293174,9.83574297188755,5.733333333333333,10.992771084337349
2022-11-28,26.35441767068273,20.539759036144577,19.188955823293174,9.833333333333334,5.727309236947791,11.004819277108433
2022-11-29,26.36077724358974,20.536057692307693,19.19090544871795,9.82411858974359,5.725560897435898,11.007211538461538
2022-11-30,26.3363453815261,20.54698795180723,19.188955823293174,9.834538152610442,5.72128514056225,11.010843373493977
2022-12-01,26.34515224358974,20.540865384615383,19.186097756410255,9.822916666666668,5.719551282051283,11.020432692307692
2022-12-02,26.323517628205124,20.548076923076923,19.188501602564102,9.82772435897436,5.709935897435898,11.030048076923077
2022-12-03,26.305488782051277,20.55528846153846,19.18729967948718,9.82772435897436,5.705128205128205,11.040865384615385
2022-12-04,26.305488782051277,20.55528846153846,19.18729967948718,9.82772435897436,5.705128205128205,11.040865384615385
2022-12-05,26.28212851405622,20.563855421686746,19.1925702811245,9.834538152610442,5.700803212851406,11.043373493975903
2022-12-06,26.26164658634538,20.57168674698795,19.19016064257028,9.834538152610442,5.695983935742972,11.053614457831324
2022-12-07,26.26164658634538,20.57168674698795,19.19016064257028,9.834538152610442,5.695983935742972,11.053614457831324
2022-12-08,26.268229166666664,20.565504807692307,19.18729967948718,9.825320512820513,5.694310897435898,11.063100961538462
2022-12-09,26.24477911646586,20.576506024096386,19.187751004016064,9.834538152610442,5.688755020080322,11.068072289156627
2022-12-10,26.246594551282048,20.572716346153847,19.18729967948718,9.825320512820513,5.6870993589743595,11.077524038461538
2022-12-11,26.25079936051159,20.571342925659472,19.18445243804956,9.818545163868905,5.683053557154277,11.08693045563549
2022-12-12,26.229767628205124,20.58233173076923,19.19090544871795,9.822916666666668,5.678685897435898,11.087139423076923
2022-12-13,26.235811350919263,20.579736211031175,19.189248601119104,9.816147082334133,5.676458832933654,11.093525179856115
2022-12-14,26.235811350919263,20.579736211031175,19.189248601119104,9.816147082334133,5.676458832933654,11.093525179856115
2022-12-15,26.235811350919263,20.579736211031175,19.189248601119104,9.816147082334133,5.676458832933654,11.093525179856115
2022-12-16,26.216626698641083,20.591726618705035,19.19404476418865,9.816147082334133,5.666866506794564,11.107913669064748
2022-12-17,26.219696969696965,20.589114832535884,19.19238437001595,9.809409888357257,5.665271132376396,11.116028708133971
2022-12-18,26.219696969696965,20.589114832535884,19.19238437001595,9.809409888357257,5.665271132376396,11.116028708133971
2022-12-19,26.22275258552108,20.590095465393794,19.188345266507557,9.803898170246619,5.662490055688147,11.124105011933175
2022-12-20,26.226984126984124,20.586309523809526,19.187896825396827,9.79722222222222,5.660912698412699,11.128571428571428
2022-12-21,26.235946159936656,20.589667458432302,19.18507521773555,9.791765637371338,5.658155186064925,11.13064133016627
2022-12-22,26.235946159936656,20.589667458432302,19.18507521773555,9.791765637371338,5.658155186064925,11.13064133016627
2022-12-23,26.235946159936656,20.589667458432302,19.18507521773555,9.791765637371338,5.658155186064925,11.13064133016627
2022-12-24,26.240126382306475,20.588270142180093,19.18108214849921,9.786334913112164,5.6565955766192735,11.137440758293838
2022-12-25,26.21456848772763,20.59916864608076,19.183887569279495,9.795328582739508,5.651029295328583,11.14251781472684
2022-12-26,26.19126984126984,20.6125,19.18670634920635,9.80079365079365,5.646626984126985,11.142857142857142
2022-12-27,26.19126984126984,20.6125,19.18670634920635,9.80079365079365,5.646626984126985,11.142857142857142
2022-12-28,26.170246618933966,20.628281622911693,19.182378679395388,9.80747812251392,5.643396976929197,11.145584725536994
2022-12-29,26.170246618933966,20.628281622911693,19.182378679395388,9.80747812251392,5.643396976929197,11.145584725536994
2022-12-30,26.146730462519933,20.644138755980862,19.180422647527912,9.814194577352472,5.637759170653908,11.15311004784689
2022-12-31,26.14638027048528,20.642601431980907,19.17760540970565,9.80747812251392,5.63623707239459,11.162291169451073
2023-01-01,26.14638027048528,20.642601431980907,19.17760540970565,9.80747812251392,5.63623707239459,11.162291169451073
2023-01-02,26.12490055688146,20.65453460620525,19.176412092283215,9.80747812251392,5.62788385043755,11.174224343675418
2023-01-03,26.12490055688146,20.65453460620525,19.176412092283215,9.80747812251392,5.62788385043755,11.174224343675418
2023-01-04,26.13174603174603,20.65059523809524,19.17123015873016,9.80079365079365,5.626388888888889,11.18095238095238
2023-01-05,26.11269841269841,20.657738095238095,19.168849206349208,9.803174603174602,5.619246031746032,11.192857142857143
2023-01-06,26.11269841269841,20.657738095238095,19.168849206349208,9.803174603174602,5.619246031746032,11.192857142857143
2023-01-07,26.08910103420843,20.67124105011933,19.171638822593476,9.80986475735879,5.613564041368337,11.195704057279237
2023-01-08,26.07000795544948,20.683174224343677,19.170047732696897,9.8090692124105,5.606404136833731,11.208432776451868
2023-01-09,26.07222222222222,20.68154761904762,19.166071428571428,9.803571428571429,5.604960317460318,11.217460317460317
2023-01-10,26.079176563737132,20.675178147268408,19.168052256532068,9.796912114014251,5.603523357086303,11.221694378463974
2023-01-11,26.060317460317457,20.688690476190477,19.163690476190474,9.803571428571429,5.602579365079365,11.224603174603175
2023-01-12,26.060317460317457,20.688690476190477,19.163690476190474,9.803571428571429,5.602579365079365,11.224603174603175
2023-01-13,26.06254948535233,20.68705463182898,19.168052256532068,9.794536817102138,5.603523357086303,11.23119556611243
2023-01-14,26.044734758511478,20.697743467933492,19.16211401425178,9.795724465558195,5.595209817893903,11.244259699129056
2023-01-15,26.044734758511478,20.697743467933492,19.16211401425178,9.795724465558195,5.595209817893903,11.244259699129056
2023-01-16,26.025732383214567,20.71080760095012,19.159738717339668,9.795724465558195,5.589271575613619,11.257323832145683
2023-01-17,26.03041074249605,20.704383886255926,19.161729857819907,9.789099526066352,5.587875197472354,11.261453396524486
2023-01-18,26.00435471100554,20.716745843230402,19.159738717339668,9.79750593824228,5.583927157561362,11.26682501979414
2023-01-19,26.011453396524484,20.712677725118482,19.15936018957346,9.788507109004739,5.5801737756714065,11.273301737756713
2023-01-20,26.011453396524484,20.712677725118482,19.15936018957346,9.788507109004739,5.5801737756714065,11.273301737756713
2023-01-21,25.991311216429697,20.724526066350712,19.156990521327014,9.787322274881516,5.57306477093207,11.286334913112164
2023-01-22,25.991311216429697,20.724526066350712,19.156990521327014,9.787322274881516,5.57306477093207,11.286334913112164
2023-01-23,25.9705766192733,20.737559241706162,19.153436018957347,9.788507109004739,5.565363349131122,11.299368088467613
2023-01-24,25.975374310480692,20.733451536643027,19.155437352245862,9.78191489361702,5.564026792750197,11.301024428684002
2023-01-25,25.956358609794627,20.747037914691944,19.151066350710902,9.786137440758294,5.562993680884676,11.304107424960504
2023-01-26,25.968282111899132,20.747635933806148,19.14598108747045,9.777186761229315,5.560480693459417,11.310480693459416
2023-01-27,25.970715408805027,20.74823113207547,19.14563679245283,9.768278301886792,5.5615172955974845,11.319182389937106
2023-01-28,25.951847484276726,20.75884433962264,19.142099056603772,9.768278301886792,5.556800314465409,11.332154088050313
2023-01-29,25.931639085894403,20.770094562647753,19.14598108747045,9.770094562647754,5.549842395587077,11.33412135539795
2023-01-30,25.911544523246647,20.78309692671395,19.13888888888889,9.77127659574468,5.54511426319937,11.350669818754925
2023-01-31,25.914111635220124,20.78125,19.138561320754718,9.764740566037736,5.543828616352202,11.354559748427672
2023-02-01,25.914111635220124,20.78125,19.138561320754718,9.764740566037736,5.543828616352202,11.354559748427672
2023-02-02,25.916666666666664,20.779411764705884,19.135882352941177,9.758235294117647,5.540196078431373,11.363137254901961
2023-02-03,25.916666666666664,20.779411764705884,19.135882352941177,9.758235294117647,5.540196078431373,11.363137254901961
2023-02-04,25.896666666666665,20.788823529411765,19.13470588235294,9.757058823529412,5.535490196078432,11.374901960784314
2023-02-05,25.874606918238992,20.797759433962263,19.138561320754718,9.76120283018868,5.529677672955975,11.37873427672956
2023-02-06,25.855738993710688,20.809551886792452,19.131485849056602,9.763561320754716,5.522602201257862,11.396422955974842
2023-02-07,25.86078431372549,20.81,19.128823529411765,9.757058823529412,5.521372549019608,11.400196078431371
2023-02-08,25.843946540880502,20.82134433962264,19.12676886792453,9.76120283018868,5.520243710691824,11.401139937106917
2023-02-09,25.843946540880502,20.82134433962264,19.12676886792453,9.76120283018868,5.520243710691824,11.401139937106917
2023-02-10,25.824665090622535,20.83274231678487,19.12706855791962,9.765366430260046,5.514381402679275,11.406816390858943
2023-02-11,25.826257861635217,20.83195754716981,19.12323113207547,9.76002358490566,5.513168238993711,11.416470125786162
2023-02-12,25.826257861635217,20.83195754716981,19.12323113207547,9.76002358490566,5.513168238993711,11.416470125786162
2023-02-13,25.811517295597483,20.84139150943396,19.118514150943398,9.757665094339623,5.507272012578617,11.431800314465407
2023-02-14,25.816666666666663,20.84176470588235,19.115882352941178,9.748823529411764,5.50607843137255,11.435490196078431
2023-02-15,25.80019607843137,20.859411764705882,19.106470588235293,9.75,5.499019607843137,11.446078431372548
2023-02-16,25.786078431372545,20.866470588235295,19.101764705882353,9.74764705882353,5.494313725490197,11.457843137254901
2023-02-17,25.776666666666664,20.875882352941176,19.104117647058825,9.740588235294117,5.484901960784314,11.469607843137254
2023-02-18,25.780712050078243,20.876173708920188,19.099178403755868,9.734154929577464,5.483763693270736,11.479068857589983
2023-02-19,25.780712050078243,20.876173708920188,19.099178403755868,9.734154929577464,5.483763693270736,11.479068857589983
2023-02-20,25.770735524256647,20.887910798122064,19.093309859154928,9.730633802816902,5.476721439749609,11.491979655712049
2023-02-21,25.780640124902416,20.883489461358312,19.088407494145198,9.723067915690866,5.475604996096799,11.497853239656518
2023-02-22,25.763693270735523,20.894953051643192,19.086267605633804,9.729460093896714,5.472026604068858,11.499021909233177
2023-02-23,25.763693270735523,20.894953051643192,19.086267605633804,9.729460093896714,5.472026604068858,11.499021909233177
2023-02-24,25.763693270735523,20.894953051643192,19.086267605633804,9.729460093896714,5.472026604068858,11.499021909233177
2023-02-25,25.756651017214395,20.906690140845072,19.080399061032864,9.723591549295774,5.462636932707356,11.510758998435055
2023-02-26,25.746666666666663,20.915882352941175,19.08529411764706,9.721764705882354,5.454313725490197,11.51078431372549
2023-02-27,25.755477308294207,20.914906103286384,19.0768779342723,9.716549295774648,5.452073552425666,11.520148669796557
2023-02-28,25.750782472613455,20.924295774647888,19.074530516431924,9.709507042253522,5.445031298904539,11.527190923317683
2023-03-01,25.750782472613455,20.924295774647888,19.074530516431924,9.709507042253522,5.445031298904539,11.527190923317683
2023-03-02,25.76307572209211,20.91744730679157,19.06967213114754,9.700819672131148,5.443989071038252,11.532982045277127
2023-03-03,25.770638629283486,20.91764018691589,19.06717289719626,9.68983644859813,5.442951713395639,11.541082554517134
2023-03-04,25.763629283489095,20.926985981308412,19.064836448598133,9.68516355140187,5.438278816199377,11.548091900311526
2023-03-05,25.76479750778816,20.933995327102803,19.0625,9.67698598130841,5.431269470404985,11.556269470404983
2023-03-06,25.76479750778816,20.933995327102803,19.0625,9.67698598130841,5.431269470404985,11.556269470404983
2023-03-07,25.767718068535824,20.943341121495326,19.05140186915888,9.672897196261681,5.424260124610592,11.56619937694704
2023-03-08,25.760148321623728,20.952576112412178,19.049180327868854,9.674473067915692,5.420569867291179,11.56752537080406
2023-03-09,25.760148321623728,20.952576112412178,19.049180327868854,9.674473067915692,5.420569867291179,11.56752537080406
2023-03-10,25.7560641627543,20.960680751173708,19.044600938967136,9.673708920187794,5.414514866979656,11.570031298904537
2023-03-11,25.76366120218579,20.958430913348945,19.040983606557376,9.66744730679157,5.4123731459797035,11.575722092115534
2023-03-12,25.758411580594675,20.96537558685446,19.038732394366196,9.665492957746478,5.408646322378717,11.577073552425665
2023-03-13,25.764832162373143,20.966627634660423,19.030444964871194,9.660421545667447,5.405347384855582,11.587431693989071
2023-03-14,25.76893052302888,20.97365339578454,19.019320843091336,9.652810304449648,5.3977361436377835,11.5967993754879
2023-03-15,25.76893052302888,20.97365339578454,19.019320843091336,9.652810304449648,5.3977361436377835,11.5967993754879
2023-03-16,25.773614363778297,20.980679156908664,19.002927400468383,9.648126463700235,5.393052302888369,11.603825136612022
2023-03-17,25.782982045277123,20.990046838407494,18.993559718969554,9.636416861826698,5.3836846213895395,11.61319281811085
2023-03-18,25.788161993769467,20.985397196261683,18.99123831775701,9.630257009345794,5.38278816199377,11.621105919003115
2023-03-19,25.79283489096573,20.994742990654206,18.977219626168225,9.623831775700934,5.376947040498442,11.63278816199377
2023-03-20,25.797979797979796,20.995920745920746,18.96794871794872,9.618881118881118,5.3760683760683765,11.642968142968142
2023-03-21,25.8026418026418,21.005244755244757,18.956293706293707,9.609557109557109,5.371406371406372,11.649961149961149
2023-03-22,25.799844236760123,21.01693925233645,18.949182242990656,9.610981308411215,5.367601246105919,11.651479750778815
2023-03-23,25.81196581196581,21.016899766899765,18.942307692307693,9.603729603729604,5.365578865578866,11.659285159285158
2023-03-24,25.81196581196581,21.016899766899765,18.942307692307693,9.603729603729604,5.365578865578866,11.659285159285158
2023-03-25,25.816627816627815,21.025058275058274,18.928321678321677,9.6002331002331,5.355089355089356,11.67094017094017
2023-03-26,25.813862928348907,21.03446261682243,18.923481308411215,9.59929906542056,5.351246105919003,11.670171339563863
2023-03-27,25.818958818958816,21.033216783216783,18.916666666666668,9.595571095571096,5.348096348096348,11.67909867909868
2023-03-28,25.82362082362082,21.04254079254079,18.905011655011656,9.586247086247086,5.3411033411033415,11.688422688422687
2023-03-29,25.82362082362082,21.04254079254079,18.905011655011656,9.586247086247086,5.3411033411033415,11.688422688422687
2023-03-30,25.82362082362082,21.04254079254079,18.905011655011656,9.586247086247086,5.3411033411033415,11.688422688422687
2023-03-31,25.833333333333332,21.037790697674417,18.900581395348837,9.580232558139535,5.34031007751938,11.696124031007752
2023-04-01,25.834496124031006,21.04825581395349,18.89011627906977,9.576744186046511,5.328682170542636,11.70658914728682
2023-04-02,25.830613830613828,21.057692307692307,18.886363636363637,9.575757575757576,5.324786324786325,11.705905205905205
2023-04-03,25.83565891472868,21.055232558139537,18.878488372093024,9.570930232558139,5.322868217054264,11.715891472868217
2023-04-04,25.842635658914727,21.063372093023254,18.865697674418605,9.565116279069768,5.3135658914728685,11.724031007751938
2023-04-05,25.837606837606835,21.077505827505828,18.86072261072261,9.561771561771561,5.30963480963481,11.725718725718725
2023-04-06,25.838772338772337,21.082167832167833,18.852564102564102,9.555944055944057,5.301476301476302,11.733877233877234
2023-04-07,25.838772338772337,21.082167832167833,18.852564102564102,9.555944055944057,5.301476301476302,11.733877233877234
2023-04-08,25.835275835275834,21.093822843822842,18.84090909090909,9.553613053613054,5.293317793317794,11.743201243201243
2023-04-09,25.835275835275834,21.093822843822842,18.84090909090909,9.553613053613054,5.293317793317794,11.743201243201243
2023-04-10,25.834890965732086,21.10806074766355,18.83002336448598,9.550233644859814,5.2899143302180685,11.743769470404983
2023-04-11,25.836643302180683,21.11390186915888,18.815420560747665,9.544392523364486,5.282320872274144,11.756619937694703
2023-04-12,25.836643302180683,21.11390186915888,18.815420560747665,9.544392523364486,5.282320872274144,11.756619937694703
2023-04-13,25.84832554517134,21.11857476635514,18.80140186915888,9.532710280373832,5.27297507788162,11.765965732087226
2023-04-14,25.845628415300542,21.13758782201405,18.779859484777518,9.533957845433255,5.268930523028884,11.770101483216237
2023-04-15,25.84832554517134,21.137266355140188,18.773364485981308,9.530373831775702,5.2683021806853585,11.777647975077882
2023-04-16,25.854996096799372,21.14929742388759,18.763466042154565,9.524590163934427,5.261904761904762,11.777127244340358
2023-04-17,25.858839563862926,21.14894859813084,18.75467289719626,9.521028037383177,5.260124610591901,11.786993769470405
2023-04-18,25.875194704049843,21.160630841121495,18.72897196261682,9.509345794392523,5.253115264797509,11.796339563862928
2023-04-19,25.875194704049843,21.160630841121495,18.72897196261682,9.509345794392523,5.253115264797509,11.796339563862928
2023-04-20,25.875194704049843,21.160630841121495,18.72897196261682,9.509345794392523,5.253115264797509,11.796339563862928
2023-04-21,25.891549844236756,21.16764018691589,18.707943925233646,9.49766355140187,5.246105919003115,11.808021806853581
2023-04-22,25.897630147630146,21.163752913752912,18.7016317016317,9.494172494172494,5.243201243201243,11.816627816627816
2023-04-23,25.902063862928348,21.178154205607477,18.689252336448597,9.488317757009346,5.239096573208723,11.81619937694704
2023-04-24,25.90578865578865,21.175407925407924,18.67948717948718,9.487179487179487,5.237373737373738,11.825951825951826
2023-04-25,25.92210567210567,21.184731934731936,18.651515151515152,9.475524475524475,5.232711732711733,11.837606837606836
2023-04-26,25.940753690753688,21.19871794871795,18.625874125874127,9.467365967365968,5.23038073038073,11.846930846930846
2023-04-27,25.942951713395637,21.21553738317757,18.608644859813083,9.466121495327103,5.226246105919003,11.848909657320872
2023-04-28,25.949843871975016,21.22775175644028,18.591334894613585,9.460187353629976,5.222092115534739,11.853239656518344
2023-04-29,25.95697040498442,21.223714953271028,18.582943925233646,9.455607476635514,5.2215732087227416,11.862928348909657
2023-04-30,25.95804059328649,21.238290398126463,18.571428571428573,9.449648711943794,5.21623731459797,11.864949258391881
2023-05-01,25.95804059328649,21.238290398126463,18.571428571428573,9.449648711943794,5.21623731459797,11.864949258391881
2023-05-02,25.968579234972676,21.247658079625293,18.54449648711944,9.441451990632318,5.212138953942233,11.8795862607338
2023-05-03,25.973200312989043,21.262323943661972,18.529342723004696,9.435446009389672,5.207942097026605,11.881651017214397
2023-05-04,25.982630757220917,21.252341920374707,18.52341920374707,9.429742388758783,5.207455113192818,11.891295862607338
2023-05-05,25.996682279469162,21.261709601873537,18.504683840749415,9.418032786885245,5.200429352068697,11.900663544106166
2023-05-06,26.007220921155344,21.267564402810304,18.483606557377048,9.412177985948478,5.193403590944575,11.910031225604996
2023-05-07,26.007824726134583,21.281103286384976,18.471830985915492,9.40669014084507,5.189749608763694,11.912167449139279
2023-05-08,26.012490241998435,21.278103044496486,18.461358313817332,9.405737704918034,5.188134270101483,11.922911787665885
2023-05-09,26.020101483216234,21.283957845433257,18.440281030444964,9.397540983606557,5.182864949258392,11.936963309914129
2023-05-10,26.020101483216234,21.283957845433257,18.440281030444964,9.397540983606557,5.182864949258392,11.936963309914129
2023-05-11,26.027127244340356,21.293325526932083,18.420374707259953,9.390515222482435,5.177010148321624,11.948672911787666
2023-05-12,26.027127244340356,21.293325526932083,18.420374707259953,9.390515222482435,5.177010148321624,11.948672911787666
2023-05-13,26.037665886026538,21.298009367681498,18.403981264637004,9.379976580796253,5.173497267759563,11.958040593286494
2023-05-14,26.037665886026538,21.298009367681498,18.403981264637004,9.379976580796253,5.173497267759563,11.958040593286494
2023-05-15,26.042349726775953,21.307377049180328,18.3864168618267,9.370608899297423,5.169984387197502,11.96975019516003
2023-05-16,26.056401249024198,21.31440281030445,18.362997658079625,9.358899297423887,5.165300546448088,11.983801717408275
2023-05-17,26.056401249024198,21.31440281030445,18.362997658079625,9.358899297423887,5.165300546448088,11.983801717408275
2023-05-18,26.072794691647147,21.321428571428573,18.346604215456676,9.34953161592506,5.160616705698673,11.990827478532395
2023-05-19,26.07531298904538,21.333920187793428,18.338028169014084,9.340962441314554,5.156298904538342,11.99080594679186
2023-05-20,26.07982045277127,21.329625292740047,18.330210772833723,9.337822014051522,5.155932864949259,12.001366120218579
2023-05-21,26.08118153364632,21.343309859154928,18.322769953051644,9.328051643192488,5.152777777777779,12.003716744913927
2023-05-22,26.084504293520684,21.341334894613585,18.31264637002342,9.326112412177986,5.152419984387198,12.015417642466822
2023-05-23,26.09621389539422,21.35070257611241,18.289227166276348,9.309718969555036,5.150078064012491,12.031811085089773
2023-05-24,26.09621389539422,21.35070257611241,18.289227166276348,9.309718969555036,5.150078064012491,12.031811085089773
2023-05-25,26.09621389539422,21.35070257611241,18.289227166276348,9.309718969555036,5.150078064012491,12.031811085089773
2023-05-26,26.105581576893048,21.36007025761124,18.275175644028103,9.293325526932085,5.145394223263076,12.045862607338016
2023-05-27,26.11143637782982,21.364754098360656,18.258782201405154,9.285128805620609,5.141881342701015,12.057572209211553
2023-05-28,26.110524256651015,21.378521126760564,18.253521126760564,9.275234741784038,5.137519561815337,12.06005477308294
2023-05-29,26.110524256651015,21.378521126760564,18.253521126760564,9.275234741784038,5.137519561815337,12.06005477308294
2023-05-30,26.115219092331767,21.387910798122064,18.23474178403756,9.258802816901408,5.135172143974962,12.078834115805947
2023-05-31,26.115219092331767,21.40199530516432,18.215962441314552,9.25293427230047,5.129303599374023,12.094092331768387
2023-06-01,26.12226134585289,21.406690140845072,18.2018779342723,9.238849765258216,5.122261345852896,12.110524256651017
2023-06-02,26.12019607843137,21.41941176470588,18.19764705882353,9.23,5.1201960784313725,12.113137254901961
2023-06-03,26.12226134585289,21.414906103286384,18.187793427230048,9.228286384976526,5.11991392801252,12.126956181533645
2023-06-04,26.119019607843136,21.426470588235293,18.18470588235294,9.218235294117648,5.117843137254902,12.129607843137254
2023-06-05,26.119913928012515,21.420774647887324,18.173708920187792,9.217723004694836,5.117566510172145,12.14573552425665
2023-06-06,26.1216744913928,21.426643192488264,18.15786384976526,9.20481220657277,5.110524256651018,12.16686228482003
2023-06-07,26.1216744913928,21.426643192488264,18.15786384976526,9.20481220657277,5.110524256651018,12.16686228482003
2023-06-08,26.119607843137253,21.437058823529412,18.153529411764705,9.198235294117646,5.106078431372549,12.171960784313725
2023-06-09,26.119607843137253,21.437058823529412,18.153529411764705,9.198235294117646,5.106078431372549,12.171960784313725
2023-06-10,26.11725490196078,21.446470588235293,18.139411764705883,9.185294117647059,5.103725490196079,12.189607843137255
2023-06-11,26.112224842767294,21.45990566037736,18.13620283018868,9.17629716981132,5.0980738993710695,12.194182389937106
2023-06-12,26.11431372549019,21.456470588235295,18.124117647058824,9.173529411764706,5.096666666666667,12.211372549019607
2023-06-13,26.11431372549019,21.463529411764707,18.10764705882353,9.159411764705883,5.091960784313726,12.234901960784313
2023-06-14,26.109866352201255,21.47877358490566,18.100825471698112,9.15507075471698,5.089819182389937,12.235455974842766
2023-06-15,26.104215918045703,21.49290780141844,18.0951536643026,9.151891252955084,5.085303388494879,12.24074074074074
2023-06-16,26.108687106918236,21.48702830188679,18.090212264150942,9.14445754716981,5.085102201257862,12.254323899371068
2023-06-17,26.106328616352197,21.494103773584907,18.078419811320753,9.132665094339623,5.079205974842767,12.27319182389937
2023-06-18,26.098305752561068,21.50709219858156,18.078605200945628,9.123522458628841,5.073483057525611,12.276201733648541
2023-06-19,26.099253144654085,21.503537735849058,18.067806603773583,9.119693396226415,5.072130503144654,12.29441823899371
2023-06-20,26.092177672955973,21.51297169811321,18.056014150943398,9.107900943396226,5.0650550314465415,12.318003144654087
2023-06-21,26.087667454688727,21.52836879432624,18.05141843971631,9.103427895981087,5.060480693459417,12.321118991331756
2023-06-22,26.090031520882583,21.530732860520093,18.039598108747043,9.093971631205674,5.053388494877857,12.340031520882585
2023-06-23,26.090031520882583,21.530732860520093,18.039598108747043,9.093971631205674,5.053388494877857,12.340031520882585
2023-06-24,26.086485421591803,21.53664302600473,18.03014184397163,9.082151300236406,5.046296296296297,12.363672182821118
2023-06-25,26.086485421591803,21.53664302600473,18.03014184397163,9.082151300236406,5.046296296296297,12.363672182821118
2023-06-26,26.080575256107167,21.54373522458629,18.01950354609929,9.067966903073286,5.040386130811663,12.38849487785658
2023-06-27,26.073483057525607,21.55082742316785,18.010047281323878,9.058510638297872,5.0332939322301025,12.40977147360126
2023-06-28,26.073483057525607,21.55082742316785,18.010047281323878,9.058510638297872,5.0332939322301025,12.40977147360126
2023-06-29,26.085102201257858,21.544811320754718,18.002948113207548,9.056014150943396,5.030856918238994,12.42059748427673
2023-06-30,26.08392295597484,21.54952830188679,17.99823113207547,9.04304245283019,5.023781446540881,12.439465408805031
2023-07-01,26.083725490196077,21.54235294117647,17.99,9.038235294117648,5.023725490196079,12.456078431372548
2023-07-02,26.079205974842765,21.55306603773585,17.99233490566038,9.03007075471698,5.019064465408805,12.459512578616351
2023-07-03,26.0778431372549,21.54705882352941,17.984117647058824,9.024117647058823,5.019019607843138,12.479607843137254
2023-07-04,26.071960784313724,21.55294117647059,17.973529411764705,9.011176470588236,5.013137254901961,12.504313725490196
2023-07-05,26.071960784313724,21.55294117647059,17.973529411764705,9.011176470588236,5.013137254901961,12.504313725490196
2023-07-06,26.069607843137252,21.56,17.959411764705884,9.00294117647059,5.004901960784314,12.526666666666666
2023-07-07,26.065055031446537,21.57075471698113,17.95931603773585,8.995872641509434,5.000196540880504,12.530267295597483
2023-07-08,26.06725490196078,21.563529411764705,17.95,8.99,5.000196078431373,12.547843137254901
2023-07-09,26.060338050314463,21.57547169811321,17.9498820754717,8.982900943396226,4.997838050314466,12.550314465408805
2023-07-10,26.047366352201255,21.5813679245283,17.940448113207548,8.971108490566039,4.994300314465409,12.57625786163522
2023-07-11,26.045007861635217,21.58608490566038,17.92865566037736,8.95931603773585,4.989583333333334,12.59748427672956
2023-07-12,26.038022064617806,21.599290780141843,17.92612293144208,8.952127659574469,4.987194641449961,12.603624901497241
2023-07-13,26.033372827804104,21.612559241706162,17.923578199052134,8.944905213270141,4.982424960505529,12.60742496050553
2023-07-14,26.033372827804104,21.612559241706162,17.91883886255924,8.93068720379147,4.9753159557661935,12.628751974723539
2023-07-15,26.034475965327026,21.60520094562648,17.910756501182032,8.92612293144208,4.975374310480694,12.646178092986602
2023-07-16,26.032187993680882,21.614928909952607,17.911729857819907,8.916469194312796,4.972946287519748,12.647709320695101
2023-07-17,26.025078988941544,21.622037914691944,17.902251184834125,8.90462085308057,4.968206951026857,12.67259083728278
2023-07-18,26.020339652448655,21.627962085308056,17.889810426540283,8.891587677725118,4.96109794628752,12.696879936808847
2023-07-19,26.020339652448655,21.627962085308056,17.889810426540283,8.891587677725118,4.96109794628752,12.696879936808847
2023-07-20,26.021524486571877,21.631516587677726,17.873222748815166,8.880924170616113,4.9551737756714065,12.718206951026856
2023-07-21,26.019200316706254,21.64251781472684,17.8729216152019,8.871140142517815,4.952692003167063,12.722288202692003
2023-07-22,26.019154818325433,21.63388625592417,17.86611374407583,8.86670616113744,4.952804107424961,12.74190363349131
2023-07-23,26.01563737133808,21.64251781472684,17.86579572446556,8.856888361045131,4.947941409342834,12.746041171813143
2023-07-24,26.0156746031746,21.65595238095238,17.860714285714284,8.84702380952381,4.945436507936508,12.752579365079365
2023-07-25,26.02222222222222,21.65654761904762,17.841666666666665,8.832142857142857,4.942460317460318,12.774603174603174
2023-07-26,26.019888623707235,21.66527446300716,17.83890214797136,8.824582338902148,4.939936356404137,12.781225139220366
2023-07-27,26.026984126984125,21.65892857142857,17.83452380952381,8.820238095238095,4.937698412698413,12.793650793650793
2023-07-28,26.027048528241842,21.66766109785203,17.83412887828162,8.812649164677804,4.932776451869531,12.797931583134446
2023-07-29,26.0281746031746,21.65892857142857,17.827380952380953,8.807142857142857,4.932936507936509,12.817460317460316
2023-07-30,26.02943516308671,21.668854415274463,17.828162291169452,8.798329355608592,4.929196499602228,12.820604614160699
2023-07-31,26.03055555555555,21.661309523809525,17.81904761904762,8.792857142857143,4.92936507936508,12.84126984126984
2023-08-01,26.036507936507935,21.65654761904762,17.80595238095238,8.778571428571428,4.924603174603175,12.86626984126984
2023-08-02,26.036507936507935,21.65654761904762,17.80595238095238,8.778571428571428,4.924603174603175,12.86626984126984
2023-08-03,26.038888888888884,21.651785714285715,17.79642857142857,8.769047619047619,4.917460317460318,12.890079365079364
2023-08-04,26.041368337311056,21.655727923627683,17.795942720763723,8.761336515513127,4.912490055688147,12.89459029435163
2023-08-05,26.04365079365079,21.649404761904762,17.789285714285715,8.755952380952381,4.912698412698413,12.911507936507936
2023-08-06,26.04614160700079,21.653341288782816,17.78997613365155,8.747016706443913,4.908910103420844,12.91607000795545
2023-08-07,26.048412698412694,21.64702380952381,17.78214285714286,8.744047619047619,4.907936507936508,12.934126984126983
2023-08-08,26.0531746031746,21.6375,17.77261904761905,8.732142857142858,4.9031746031746035,12.96031746031746
2023-08-09,26.059920634920633,21.629166666666666,17.763492063492063,8.720238095238095,4.8956349206349214,12.984126984126984
2023-08-10,26.059920634920633,21.629166666666666,17.763492063492063,8.720238095238095,4.8956349206349214,12.984126984126984
2023-08-11,26.069610182975335,21.628281622911693,17.765314240254575,8.710023866348449,4.890612569610184,12.986475735879077
2023-08-12,26.07063492063492,21.623214285714287,17.757539682539683,8.704761904761904,4.8920634920634924,13.001984126984127
2023-08-13,26.077963404932376,21.619928400954652,17.759347653142402,8.694510739856803,4.88703261734288,13.00676213206046
2023-08-14,26.08750994431185,21.61157517899761,17.748607796340494,8.682577565632458,4.883452665075576,13.033015115354017
2023-08-15,26.084920634920632,21.600595238095238,17.742063492063494,8.678571428571429,4.881349206349206,13.051984126984125
2023-08-16,26.09228321400159,21.5972553699284,17.741447891805887,8.670644391408114,4.87629276054097,13.056881463802704
2023-08-17,26.104216388225932,21.58532219570406,17.727128082736677,8.663484486873509,4.871519490851233,13.080747812251392
2023-08-18,26.110182975338105,21.573389021479713,17.722354813046937,8.652147971360382,4.869132856006364,13.102824184566428
2023-08-19,26.11111111111111,21.564880952380953,17.714682539682542,8.649404761904762,4.8694444444444445,13.11924603174603
2023-08-20,26.125696101829753,21.55668257756563,17.717581543357202,8.63782816229117,4.864359586316627,13.124303898170245
2023-08-21,26.13882259347653,21.545942720763723,17.708035003977727,8.628281622911695,4.861972951471758,13.1469769291965
2023-08-22,26.138492063492063,21.5375,17.69920634920635,8.624404761904762,4.859920634920635,13.16329365079365
2023-08-23,26.158730158730158,21.523214285714285,17.690873015873017,8.6125,4.856349206349206,13.181150793650794
2023-08-24,26.168655529037387,21.51491646778043,17.69252187748608,8.606801909307876,4.8512330946698485,13.186356404136832
2023-08-25,26.18341307814992,21.50657894736842,17.696570972886764,8.596291866028707,4.846092503987241,13.189194577352472
2023-08-26,26.184168655529035,21.49821002386635,17.68774860779634,8.592482100238664,4.846459824980111,13.206642800318217
2023-08-27,26.197767145135565,21.48744019138756,17.692982456140353,8.583133971291867,4.842503987240829,13.211921850079744
2023-08-28,26.210925039872407,21.470693779904305,17.687001594896334,8.569976076555024,4.838915470494418,13.235845295055821
2023-08-29,26.213317384370015,21.446770334928228,17.683413078149922,8.563995215311005,4.834130781499202,13.259768740031896
2023-08-30,26.22581934452438,21.438249400479616,17.685051958433252,8.555755395683454,4.831334932054356,13.262789768185451
2023-08-31,26.242605915267784,21.416666666666668,17.67785771382894,8.543764988009592,4.826538768984812,13.289168665067946
2023-09-01,26.25761217948718,21.40564903846154,17.684294871794872,8.533052884615385,4.823717948717948,13.294671474358974
2023-09-02,26.256994404476416,21.39748201438849,17.675459632294164,8.529376498800959,4.82414068745004,13.31195043964828
2023-09-03,26.270833333333332,21.38641826923077,17.681891025641026,8.51983173076923,4.820112179487179,13.31630608974359
2023-09-04,26.28165064102564,21.368389423076923,17.67467948717949,8.509014423076923,4.81650641025641,13.341546474358974
2023-09-05,26.28337330135891,21.355515587529975,17.665867306155075,8.505395683453237,4.814548361310951,13.359912070343725
2023-09-06,26.296073717948715,21.34435096153846,17.669871794871796,8.499399038461538,4.811698717948717,13.364383012820513
2023-09-07,26.306425702811243,21.3355421686747,17.67389558232932,8.493373493975904,4.808835341365461,13.37008032128514
2023-09-08,26.319243156199676,21.32427536231884,17.68035426731079,8.484903381642512,4.805958132045088,13.375805152979066
2023-09-09,26.319678714859435,21.315060240963856,17.6714859437751,8.480120481927711,4.806425702811245,13.395381526104417
2023-09-10,26.330112721417066,21.306159420289855,17.677938808373593,8.471618357487923,4.802334943639291,13.401167471819646
2023-09-11,26.34098228663446,21.289251207729468,17.670692431561996,8.46195652173913,4.798711755233494,13.427737520128824
2023-09-12,26.342570281124498,21.2789156626506,17.659437751004017,8.458433734939758,4.796787148594377,13.445983935742971
2023-09-13,26.353059581320448,21.269927536231883,17.662842190016104,8.452294685990339,4.792673107890499,13.453099838969404
2023-09-14,26.363929146537842,21.2469806763285,17.659219001610307,8.442028985507246,4.789049919484702,13.482085346215781
2023-09-15,26.36305220883534,21.236746987951808,17.655220883534138,8.436144578313254,4.789558232931727,13.50020080321285
2023-09-16,26.36338141025641,21.225360576923077,17.648838141025642,8.431490384615385,4.790064102564102,13.51943108974359
2023-09-17,26.36338141025641,21.225360576923077,17.648838141025642,8.431490384615385,4.790064102564102,13.51943108974359
2023-09-18,26.36338141025641,21.225360576923077,17.648838141025642,8.431490384615385,4.790064102564102,13.51943108974359
2023-09-19,26.364508393285373,21.21442845723421,17.64128697042366,8.425659472422062,4.788968824940048,13.539768185451639
2023-09-20,26.364508393285373,21.21442845723421,17.64128697042366,8.425659472422062,4.788968824940048,13.539768185451639
2023-09-21,26.388489208633093,21.19044764188649,17.636490807354118,8.411270983213429,4.788968824940048,13.561350919264587
2023-09-22,26.401442307692307,21.174078525641026,17.64042467948718,8.40264423076923,4.788461538461538,13.569911858974358
2023-09-23,26.402877697841728,21.164068745003995,17.632893685051958,8.398081534772182,4.787769784172662,13.588928856914468
2023-09-24,26.415865384615383,21.147636217948715,17.638020833333336,8.385817307692308,4.788461538461538,13.59755608974359
2023-09-25,26.43132530120482,21.1359437751004,17.641967871485946,8.372289156626506,4.787951807228915,13.608634538152609
2023-09-26,26.432692307692307,21.126602564102562,17.63261217948718,8.3671875,4.787259615384615,13.627003205128204
2023-09-27,26.432692307692307,21.126602564102562,17.63261217948718,8.3671875,4.787259615384615,13.627003205128204
2023-09-28,26.436450839328536,21.11430855315747,17.623900879296563,8.361510791366907,4.78537170263789,13.647082334132692
2023-09-29,26.451923076923077,21.100160256410255,17.62780448717949,8.349158653846153,4.784855769230769,13.655849358974358
2023-09-30,26.452038369304557,21.09032773780975,17.620303756994407,8.345923261390887,4.78537170263789,13.674660271782573
2023-10-01,26.46875,21.072516025641026,17.62419871794872,8.331129807692308,4.787259615384615,13.681089743589743
2023-10-02,26.486177884615383,21.053285256410255,17.618790064102566,8.311899038461538,4.7860576923076925,13.709935897435896
2023-10-03,26.486177884615383,21.053285256410255,17.618790064102566,8.311899038461538,4.7860576923076925,13.709935897435896
2023-10-04,26.50421686746988,21.041365461847388,17.620281124497993,8.298192771084338,4.785542168674699,13.718875502008032
2023-10-05,26.522342995169083,21.024557165861513,17.621779388083738,8.28683574879227,4.785024154589372,13.725442834138486
2023-10-06,26.540556900726394,21.007667473769168,17.625706214689266,8.275423728813559,4.786924939467313,13.732041969330105
2023-10-07,26.540458937198068,20.996779388083734,17.619363929146537,8.271135265700483,4.78743961352657,13.750805152979066
2023-10-08,26.559927360774818,20.979822437449556,17.623284907183212,8.254842615012107,4.786924939467313,13.756255044390636
2023-10-09,26.575849514563107,20.967637540453072,17.62722491909385,8.238470873786408,4.786407766990291,13.767799352750808
2023-10-10,26.59162621359223,20.94215210355987,17.624190938511326,8.219053398058252,4.785194174757281,13.796318770226536
2023-10-11,26.59162621359223,20.94215210355987,17.624190938511326,8.219053398058252,4.785194174757281,13.796318770226536
2023-10-12,26.597457627118644,20.927764326069408,17.612994350282488,8.211259079903147,4.783292978208232,13.818603712671509
2023-10-13,26.612257281553397,20.915453074433657,17.61569579288026,8.198422330097088,4.783980582524272,13.82544498381877
2023-10-14,26.614406779661017,20.9047619047619,17.606941081517352,8.193099273607748,4.784503631961259,13.84644874899112
2023-10-15,26.630461165048544,20.887540453074433,17.61084142394822,8.179004854368932,4.783980582524272,13.853357605177992
2023-10-16,26.6498786407767,20.866909385113267,17.601132686084142,8.154733009708737,4.782766990291262,13.887338187702264
2023-10-17,26.662832929782084,20.850282485875706,17.592413236481033,8.144673123486683,4.780871670702179,13.9045601291364
2023-10-18,26.674150485436893,20.837783171521036,17.596278317152105,8.132888349514563,4.782766990291262,13.914037216828477
2023-10-19,26.690389294403893,20.8227899432279,17.600162206001624,8.11861313868613,4.7822384428223845,13.921127331711272
2023-10-20,26.71228710462287,20.796025952960257,17.594079480940795,8.097931873479318,4.7822384428223845,13.945458231954582
2023-10-21,26.72026699029126,20.781957928802587,17.585355987055017,8.090412621359222,4.781553398058253,13.963794498381876
2023-10-22,26.72026699029126,20.781957928802587,17.585355987055017,8.090412621359222,4.781553398058253,13.963794498381876
2023-10-23,26.735401459854014,20.769261962692617,17.589213300892133,8.075425790754258,4.781021897810219,13.972830494728305
2023-10-24,26.74271844660194,20.755865695792878,17.57928802588997,8.068567961165048,4.780339805825243,13.991100323624595
2023-10-25,26.774271844660195,20.731593851132686,17.57200647249191,8.049150485436893,4.775485436893204,14.01294498381877
2023-10-26,26.78832116788321,20.718775344687753,17.575831305758314,8.032238442822385,4.7773722627737225,14.022708840227088
2023-10-27,26.80121951219512,20.705894308943087,17.58089430894309,8.01890243902439,4.7768292682926825,14.03130081300813
2023-10-28,26.80778588807786,20.694444444444443,17.573398215733985,8.012773722627736,4.776155717761557,14.047039740470396
2023-10-29,26.823170731707318,20.680284552845528,17.577235772357724,7.999390243902439,4.774390243902439,14.055691056910568
2023-10-30,26.84390243902439,20.659552845528452,17.569918699186992,7.978658536585366,4.771951219512195,14.084959349593495
2023-10-31,26.849148418491485,20.645782643957826,17.561232765612328,7.971411192214112,4.767639902676399,14.104217356042172
2023-11-01,26.849148418491485,20.645782643957826,17.561232765612328,7.971411192214112,4.767639902676399,14.104217356042172
2023-11-02,26.873479318734795,20.616585563665854,17.556366585563666,7.949513381995134,4.767639902676399,14.130981346309813
2023-11-03,26.88658536585366,20.604674796747965,17.56138211382114,7.935975609756097,4.765853658536585,14.139837398373983
2023-11-04,26.886861313868614,20.595904298459043,17.557583130575832,7.928832116788321,4.763990267639903,14.156528791565288
2023-11-05,26.90875912408759,20.5691403081914,17.55271695052717,7.911800486618005,4.760340632603406,14.182076236820762
2023-11-06,26.927007299270073,20.55089213300892,17.544201135442012,7.895985401459854,4.759124087591241,14.211273317112733
2023-11-07,26.932038834951456,20.53741909385113,17.53559870550162,7.888956310679611,4.757281553398058,14.227750809061488
2023-11-08,26.94160583941606,20.52169505271695,17.54176804541768,7.874087591240876,4.755474452554744,14.239253852392538
2023-11-09,26.949029126213592,20.5082928802589,17.53559870550162,7.867111650485437,4.753640776699029,14.25566343042071
2023-11-10,26.97087378640777,20.486448220064723,17.53195792880259,7.848907766990291,4.75,14.278721682847896
2023-11-11,26.975786924939467,20.476795803066988,17.52582728006457,7.843220338983051,4.74818401937046,14.293785310734462
2023-11-12,26.987864077669904,20.46338996763754,17.53438511326861,7.828276699029126,4.746359223300971,14.30177993527508
2023-11-13,27.008495145631066,20.445186084142392,17.525889967637543,7.81128640776699,4.745145631067961,14.329692556634303
2023-11-14,27.015738498789347,20.42958030669895,17.51735270379338,7.804479418886198,4.743341404358354,14.345843422114609
2023-11-15,27.030339805825243,20.41848705501618,17.518608414239484,7.791868932038835,4.742718446601942,14.353964401294498
2023-11-16,27.049878345498783,20.400040551500403,17.519870235198702,7.779197080291971,4.742092457420925,14.362124898621248
2023-11-17,27.06341463414634,20.38882113821138,17.522357723577237,7.76890243902439,4.739024390243903,14.36910569105691
2023-11-18,27.068126520681265,20.378142741281426,17.51500405515004,7.764598540145985,4.737226277372263,14.384022708840225
2023-11-19,27.082926829268292,20.366869918699187,17.51869918699187,7.749390243902439,4.735365853658537,14.392276422764226
2023-11-20,27.095354523227385,20.357986960065197,17.519967400163,7.738997555012225,4.734718826405868,14.403015484922575
2023-11-21,27.102439024390243,20.346747967479672,17.510162601626018,7.732926829268293,4.732317073170732,14.41910569105691
2023-11-22,27.112469437652813,20.335370823145883,17.511409942950287,7.722493887530562,4.731662591687042,14.427465362673185
2023-11-23,27.12439024390244,20.32723577235772,17.501626016260165,7.71829268292683,4.728658536585366,14.43861788617886
2023-11-24,27.15,20.299186991869917,17.50040650406504,7.7,4.725,14.464227642276422
2023-11-25,27.155717761557177,20.288726682887265,17.493106244931063,7.694647201946472,4.72323600973236,14.480129764801298
2023-11-26,27.16829268292683,20.27479674796748,17.49918699186992,7.680487804878049,4.7213414634146345,14.487398373983739
2023-11-27,27.1890243902439,20.25162601626016,17.48821138211382,7.668292682926829,4.71890243902439,14.516666666666666
2023-11-28,27.195863746958636,20.23641524736415,17.482157339821573,7.661800486618005,4.717153284671533,14.532441200324412
2023-11-29,27.20609756097561,20.222357723577236,17.48577235772358,7.651219512195122,4.716463414634147,14.541056910569106
2023-11-30,27.221271393643033,20.203341483292583,17.486960065199675,7.640586797066015,4.715770171149145,14.552159739201302
2023-12-01,27.235294117647058,20.186683006535947,17.493055555555557,7.629901960784314,4.7150735294117645,14.560866013071895
2023-12-02,27.24083129584352,20.177669111654442,17.485737571312143,7.624694376528117,4.712102689486553,14.575387123064385
2023-12-03,27.253676470588236,20.1609477124183,17.493055555555557,7.611519607843137,4.710171568627451,14.582924836601306
2023-12-04,27.264127764127764,20.146601146601146,17.499180999181,7.603194103194103,4.70945945945946,14.594185094185093
2023-12-05,27.270220588235293,20.133374183006534,17.48937908496732,7.598039215686274,4.707107843137255,14.612949346405228
2023-12-06,27.270220588235293,20.133374183006534,17.48937908496732,7.598039215686274,4.707107843137255,14.612949346405228
2023-12-07,27.281784841075794,20.11837815810921,17.483292583537082,7.589242053789731,4.702933985330073,14.628565607171963
2023-12-08,27.293504901960784,20.101511437908496,17.48937908496732,7.579656862745098,4.702205882352941,14.637459150326796
2023-12-09,27.300122249388753,20.089038304808476,17.482070089649554,7.5733496332518335,4.700488997555012,14.653015484922575
2023-12-10,27.314338235294116,20.070874183006534,17.48937908496732,7.560049019607843,4.698529411764706,14.660743464052286
2023-12-11,27.32248157248157,20.056306306306304,17.493038493038494,7.554054054054054,4.697788697788698,14.674651924651924
2023-12-12,27.33968058968059,20.028460278460276,17.48935298935299,7.535217035217035,4.693693693693693,14.703316953316953
2023-12-13,27.33968058968059,20.028460278460276,17.48935298935299,7.535217035217035,4.693693693693693,14.703316953316953
2023-12-14,27.33968058968059,20.028460278460276,17.48935298935299,7.535217035217035,4.693693693693693,14.703316953316953
2023-12-15,27.35110294117647,20.013684640522875,17.480800653594773,7.529003267973856,4.691993464052287,14.721200980392156
2023-12-16,27.370710784313726,19.981821895424837,17.478349673202615,7.514297385620914,4.689542483660131,14.746936274509803
2023-12-17,27.383906633906633,19.964578214578214,17.48198198198198,7.505733005733005,4.688779688779689,14.756142506142506
2023-12-18,27.393995098039216,19.953635620915033,17.469771241830067,7.499591503267973,4.687091503267974,14.776348039215685
2023-12-19,27.40281173594132,19.939079054604726,17.458842705786473,7.4934800325998365,4.682966585167074,14.79645476772616
2023-12-20,27.40281173594132,19.939079054604726,17.458842705786473,7.4934800325998365,4.682966585167074,14.79645476772616
2023-12-21,27.416463414634148,19.928252032520323,17.451626016260164,7.487398373983739,4.679471544715447,14.807926829268293
2023-12-22,27.424816625916872,19.910961695191524,17.45517522412388,7.48125509372453,4.678687856560717,14.81723716381418
2023-12-23,27.434756097560975,19.898983739837398,17.445528455284553,7.473983739837398,4.677032520325203,14.833536585365854
2023-12-24,27.445599022004888,19.88284433577832,17.450285248573756,7.465362673186633,4.673797881010595,14.841687041564793
2023-12-25,27.454044117647058,19.867851307189543,17.453839869281047,7.454248366013071,4.6754493464052285,14.851102941176471
2023-12-26,27.454044117647058,19.867851307189543,17.453839869281047,7.454248366013071,4.6754493464052285,14.851102941176471
2023-12-27,27.464987714987714,19.852784602784602,17.457411957411956,7.445536445536445,4.674651924651925,14.86056511056511
2023-12-28,27.47610294117647,19.840890522875817,17.44403594771242,7.43954248366013,4.672998366013072,14.880514705882353
2023-12-29,27.487100737100736,19.82330057330057,17.447583947583947,7.428337428337428,4.672194922194922,14.89004914004914
2023-12-30,27.487100737100736,19.82330057330057,17.447583947583947,7.428337428337428,4.672194922194922,14.89004914004914
2023-12-31,27.509213759213758,19.795045045045043,17.44021294021294,7.411138411138411,4.669737919737919,14.917076167076168
2024-01-01,27.51539408866995,19.782224958949097,17.44129720853859,7.404761904761904,4.668924466338259,14.931650246305418
2024-01-02,27.51539408866995,19.782224958949097,17.44129720853859,7.404761904761904,4.668924466338259,14.931650246305418
2024-01-03,27.527641277641276,19.76924651924652,17.430384930384932,7.400081900081899,4.666052416052416,14.95085995085995
2024-01-04,27.5497542997543,19.737305487305488,17.423013923013922,7.385339885339884,4.661138411138411,14.98034398034398
2024-01-05,27.560960591133004,19.720648604269293,17.42528735632184,7.37766830870279,4.6590722495894905,14.990147783251231
2024-01-06,27.56941031941032,19.71150696150696,17.411957411957413,7.371826371826371,4.657452907452908,15.00982800982801
2024-01-07,27.58189655172414,19.69601806239737,17.416666666666668,7.360426929392446,4.654146141215106,15.017241379310345
2024-01-08,27.58827160493827,19.682921810699586,17.420164609053497,7.353909465020576,4.653292181069959,15.02962962962963
2024-01-09,27.596674876847292,19.672619047619047,17.40927750410509,7.346880131362889,4.651683087027914,15.048029556650246
2024-01-10,27.605555555555554,19.659465020576132,17.41275720164609,7.340329218106995,4.650823045267489,15.055555555555555
2024-01-11,27.605555555555554,19.659465020576132,17.41275720164609,7.340329218106995,4.650823045267489,15.055555555555555
2024-01-12,27.626543209876544,19.627366255144032,17.406584362139917,7.3242798353909455,4.6458847736625515,15.080246913580247
2024-01-13,27.632389162561577,19.615968801313628,17.393267651888344,7.31855500821018,4.644293924466338,15.097290640394089
2024-01-14,27.641358024691357,19.60020576131687,17.39917695473251,7.308230452674897,4.640946502057613,15.107407407407408
2024-01-15,27.65864197530864,19.57304526748971,17.389300411522633,7.295884773662551,4.636008230452675,15.139506172839507
2024-01-16,27.678395061728395,19.53724279835391,17.3880658436214,7.2748971193415635,4.632304526748971,15.169135802469135
2024-01-17,27.678395061728395,19.53724279835391,17.3880658436214,7.2748971193415635,4.632304526748971,15.169135802469135
2024-01-18,27.689975247524753,19.526196369636963,17.386551155115512,7.268151815181517,4.626443894389439,15.181930693069306
2024-01-19,27.699131513647643,19.512613730355664,17.387510339123242,7.260132340777501,4.623035566583954,15.193548387096774
2024-01-20,27.706064356435643,19.49773102310231,17.38036303630363,7.253300330033002,4.620255775577558,15.21039603960396
2024-01-21,27.712779156327542,19.486559139784944,17.38626964433416,7.240281224152191,4.615591397849462,15.22332506203474
2024-01-22,27.721464019851116,19.46298593879239,17.377584780810587,7.230355665839536,4.608147229114971,15.251861042183624
2024-01-23,27.729579207920793,19.449463696369637,17.369224422442244,7.222359735973597,4.606641914191419,15.263613861386139
2024-01-24,27.73138957816377,19.443134822167078,17.37262200165426,7.215467328370553,4.605665839536807,15.271712158808933
2024-01-25,27.746905940594058,19.43213696369637,17.363036303630363,7.212458745874587,4.604166666666666,15.282178217821782
2024-01-26,27.752481389578165,19.42328370554177,17.36517783291977,7.2055417700578985,4.6007030603804795,15.292803970223325
2024-01-27,27.758044554455445,19.41233498349835,17.35808580858086,7.1976072607260715,4.599216171617162,15.304455445544555
2024-01-28,27.76240694789082,19.40343258891646,17.363937138130687,7.185690653432588,4.593258891645989,15.3151364764268
2024-01-29,27.76985111662531,19.38482216708023,17.355252274607114,7.175765095119933,4.5870554177005785,15.342431761786601
2024-01-30,27.780321782178216,19.373968646864686,17.346947194719473,7.1654290429042895,4.583127062706271,15.351485148514852
2024-01-31,27.780321782178216,19.373968646864686,17.346947194719473,7.1654290429042895,4.583127062706271,15.351485148514852
2024-02-01,27.792698019801982,19.351691419141915,17.341996699669966,7.153052805280527,4.575701320132013,15.371287128712872
2024-02-02,27.805074257425744,19.334364686468646,17.33457095709571,7.136963696369636,4.568275577557755,15.388613861386139
2024-02-03,27.810493827160492,19.32366255144033,17.323868312757202,7.129218106995884,4.566872427983539,15.4
2024-02-04,27.814975247524753,19.315800330033003,17.329620462046204,7.1171617161716165,4.563325082508251,15.408415841584159
2024-02-05,27.82240099009901,19.29599834983498,17.32095709570957,7.10602310231023,4.55713696369637,15.436881188118813
2024-02-06,27.831481481481482,19.28662551440329,17.311522633744858,7.09835390946502,4.552057613168724,15.443209876543209
2024-02-07,27.83601485148515,19.274958745874585,17.317244224422442,7.093646864686468,4.550948844884489,15.451732673267326
2024-02-08,27.83601485148515,19.274958745874585,17.317244224422442,7.093646864686468,4.550948844884489,15.451732673267326
2024-02-09,27.84181141439206,19.26571546732837,17.321753515301904,7.085194375516956,4.546112489660876,15.46029776674938
2024-02-10,27.847153465346533,19.255156765676567,17.31105610561056,7.077557755775577,4.542285478547854,15.471534653465346
2024-02-11,27.84925558312655,19.24586435070306,17.318031430934656,7.064102564102563,4.538668320926385,15.482630272952854
2024-02-12,27.856699751861044,19.22601323407775,17.306865177832922,7.050454921422663,4.532464846980976,15.511166253101736
2024-02-13,27.864480198019802,19.215552805280527,17.2986798679868,7.042904290429042,4.528671617161716,15.517326732673267
2024-02-14,27.866625310173696,19.20119933829611,17.304383788254757,7.034325889164598,4.525020678246484,15.531017369727047
2024-02-15,27.866625310173696,19.20119933829611,17.304383788254757,7.034325889164598,4.525020678246484,15.531017369727047
2024-02-16,27.873756218905474,19.184286898839137,17.30514096185738,7.02943615257048,4.518864013266998,15.544776119402986
2024-02-17,27.886194029850746,19.161898839137645,17.30016583747927,7.012023217247097,4.508913764510779,15.562189054726367
2024-02-18,27.886194029850746,19.161898839137645,17.30016583747927,7.012023217247097,4.508913764510779,15.562189054726367
2024-02-19,27.89572968490879,19.138266998341624,17.291044776119403,6.9983416252072965,4.502280265339967,15.58872305140962
2024-02-20,27.91065505804312,19.110903814262024,17.28358208955224,6.988391376451077,4.494817578772802,15.603648424543948
2024-02-21,27.915419783873652,19.09621778886118,17.286783042394013,6.9833748960931,4.493557772236077,15.61512884455528
2024-02-22,27.925580431177448,19.086028192371476,17.27860696517413,6.980928689883913,4.489842454394694,15.621061359867332
2024-02-23,27.936774461028193,19.0599087893864,17.27363184079602,6.967247097844112,4.484867330016584,15.642205638474296
2024-02-24,27.940653432588917,19.051075268817204,17.265508684863523,6.961124896608767,4.481182795698925,15.650537634408602
2024-02-25,27.94921227197347,19.03627694859038,17.269900497512438,6.951077943615256,4.47740464344942,15.663349917081261
2024-02-26,27.956566916043226,19.018911055694097,17.268079800498754,6.945968412302576,4.473607647547797,15.684954280964257
2024-02-27,27.962271973466006,19.008291873963515,17.25995024875622,6.9405058043117736,4.469941956882256,15.690713101160863
2024-02-28,27.962271973466006,19.008291873963515,17.25995024875622,6.9405058043117736,4.469941956882256,15.690713101160863
2024-02-29,27.972152950955945,18.98836242726517,17.258104738154614,6.935369908561928,4.468620116375727,15.704904405652536
2024-03-01,27.979583333333334,18.972083333333334,17.2575,6.930208333333333,4.4660416666666665,15.719166666666668
2024-03-02,27.98462177888612,18.96342477140482,17.24937655860349,6.925394846217788,4.46238570241064,15.726101413133833
2024-03-03,27.990833333333335,18.948333333333334,17.25375,6.916458333333333,4.461041666666667,15.739166666666668
2024-03-04,28.002083333333335,18.922083333333333,17.24125,6.907708333333333,4.456041666666667,15.765416666666667
2024-03-05,28.009559434746468,18.912302576891104,17.233167082294266,6.902950955943474,4.452410640066501,15.768495428096426
2024-03-06,28.014583333333334,18.89708333333333,17.23375,6.897708333333332,4.453541666666667,15.780416666666667
2024-03-07,28.017040731504572,18.88985868661679,17.22568578553616,6.892975893599334,4.449916874480466,15.788445552784706
2024-03-08,28.02701579384871,18.862427265170407,17.219451371571072,6.88050706566916,4.444929343308396,15.809642560266003
2024-03-09,28.034411276948592,18.852819237147596,17.20646766169154,6.87582918739635,4.441334991708127,15.817578772802655
2024-03-10,28.03823773898587,18.838736492103074,17.208229426433917,6.86554447215295,4.441188694929344,15.829592684954282
2024-03-11,28.04821280133001,18.81753948462178,17.194513715710723,6.8543225270157935,4.4374480465502915,15.853283458021613
2024-03-12,28.0530679933665,18.80804311774461,17.186567164179106,6.849709784411276,4.433872305140962,15.856135986733003
2024-03-13,28.060681629260184,18.79260182876143,17.18703241895262,6.840606816292601,4.432460515378222,15.870739817123857
2024-03-14,28.060681629260184,18.79260182876143,17.18703241895262,6.840606816292601,4.432460515378222,15.870739817123857
2024-03-15,28.067083333333336,18.774583333333332,17.1875,6.8339583333333325,4.429791666666667,15.885416666666668
2024-03-16,28.071903574397343,18.765170407315043,17.174563591022444,6.829384871155444,4.426226101413134,15.893183707398173
2024-03-17,28.071903574397343,18.765170407315043,17.174563591022444,6.829384871155444,4.426226101413134,15.893183707398173
2024-03-18,28.080631753948463,18.74397339983375,17.16147132169576,6.818162926018287,4.421862011637573,15.917497921862012
2024-03-19,28.087893864013267,18.73714759535655,17.151119402985074,6.811152570480928,4.41832504145937,15.920190713101162
2024-03-20,28.087893864013267,18.73714759535655,17.151119402985074,6.811152570480928,4.41832504145937,15.920190713101162
2024-03-21,28.102564102564106,18.72787427626137,17.143300248138956,6.806658395368072,4.414805624483044,15.920388751033913
2024-03-22,28.112489660876758,18.7055417700579,17.135856079404466,6.7942514474772535,4.411083540115798,15.940239867659223
2024-03-23,28.112489660876758,18.7055417700579,17.135856079404466,6.7942514474772535,4.411083540115798,15.940239867659223
2024-03-24,28.122415219189413,18.683209263854426,17.12468982630273,6.7806038047973525,4.4073614557485525,15.961331679073615
2024-03-25,28.137303556658395,18.65467328370554,17.108560794044664,6.773159636062861,4.406120760959471,15.987386269644334
2024-03-26,28.144389438943897,18.64810231023102,17.09839108910891,6.7662953795379535,4.402640264026402,15.989892739273929
2024-03-27,28.15219189412738,18.63482216708023,17.093672456575682,6.760752688172042,4.403639371381307,16.002274607113318
2024-03-28,28.16252072968491,18.61401326699834,17.088930348258707,6.7576699834162515,4.404643449419569,16.01471807628524
2024-03-29,28.169160432252703,18.595594347464672,17.08790523690773,6.752078137988362,4.405652535328346,16.028470490440565
2024-03-30,28.173714759535656,18.586650082918737,17.07773631840796,6.747719734660032,4.402155887230514,16.038349917081263
2024-03-31,28.176641729010807,18.57065669160432,17.076683291770575,6.742103075644222,4.401911886949294,16.05091438071488
2024-04-01,28.187083333333334,18.54958333333333,17.071875,6.738958333333333,4.402916666666667,16.06854166666667
2024-04-02,28.203333333333333,18.51833333333333,17.06125,6.727708333333332,4.3966666666666665,16.09166666666667
2024-04-03,28.20885547201337,18.504594820384295,17.05889724310777,6.724519632414369,4.39766081871345,16.104427736006684
2024-04-04,28.213333333333335,18.495833333333334,17.05375,6.7177083333333325,4.394166666666667,16.109166666666667
2024-04-05,28.22013366750209,18.47827903091061,17.051378446115287,6.711988304093566,4.39390142021721,16.124477861319967
2024-04-06,28.227083333333336,18.469583333333333,17.04125,6.707708333333333,4.390416666666667,16.131666666666668
2024-04-07,28.227083333333336,18.469583333333333,17.04125,6.707708333333333,4.390416666666667,16.131666666666668
2024-04-08,28.233918128654974,18.455096073517126,17.035087719298247,6.703216374269005,4.39076858813701,16.14703425229741
2024-04-09,28.238958333333336,18.44770833333333,17.025,6.698958333333333,4.388541666666667,16.151041666666668
2024-04-10,28.238958333333336,18.44770833333333,17.025,6.698958333333333,4.388541666666667,16.151041666666668
2024-04-11,28.238958333333336,18.44770833333333,17.025,6.698958333333333,4.388541666666667,16.151041666666668
2024-04-12,28.252708333333334,18.426458333333333,17.00875,6.6864583333333325,4.384791666666667,16.171041666666667
2024-04-13,28.257065669160433,18.42040731504572,16.99875311720698,6.682252701579384,4.381338320864506,16.175602660016626
2024-04-14,28.261458333333334,18.406458333333333,16.99625,6.676458333333333,4.3810416666666665,16.187291666666667
2024-04-15,28.271458333333335,18.383958333333332,16.98125,6.670208333333332,4.378541666666667,16.211041666666667
2024-04-16,28.27826267664173,18.378013300083126,16.968827930174562,6.666043225270157,4.378541666666667,16.21300914380715
2024-04-17,28.283958333333334,18.363958333333333,16.96625,6.660208333333332,4.381996658312448,16.226041666666667
2024-04-18,28.297201336675023,18.347326649958227,16.95614035087719,6.654344193817877,4.382956448911223,16.239139515455307
2024-04-19,28.309732664995824,18.329782790309107,16.94110275689223,6.644319131161236,4.377931323283082,16.26169590643275
2024-04-20,28.319757727652465,18.30973266499582,16.928571428571427,6.631787802840433,4.377931323283082,16.279239766081872
2024-04-21,28.32307370184255,18.297948073701843,16.923366834170853,6.624581239530987,4.377623845507976,16.293760469011726
2024-04-22,28.334380234505865,18.27784757118928,16.90452261306533,6.614530988274706,4.377623845507976,16.317629815745395
2024-04-23,28.341060985797828,18.272138680033414,16.892230576441104,6.61048454469507,4.377623845507976,16.31683375104428
2024-04-24,28.341060985797828,18.272138680033414,16.892230576441104,6.61048454469507,4.377623845507976,16.31683375104428
2024-04-25,28.341060985797828,18.272138680033414,16.892230576441104,6.61048454469507,4.377623845507976,16.31683375104428
2024-04-26,28.35171261487051,18.25334168755221,16.883458646616543,6.597953216374268,4.376364399664148,16.3343776106934
2024-04-27,28.353333333333335,18.247708333333332,16.87375,6.593958333333332,4.375418760469012,16.338541666666668
2024-04-28,28.35547201336675,18.23705096073517,16.86842105263158,6.5854218880534665,4.377623845507976,16.353174603174605
2024-04-29,28.36139028475712,18.225083752093802,16.858040201005025,6.579355108877722,4.378577441077441,16.371649916247907
2024-04-30,28.364870509607353,18.22138680033417,16.846491228070175,6.575396825396824,4.375734676742233,16.37385129490393
2024-05-01,28.370812395309883,18.211892797319933,16.83856783919598,6.57181742043551,4.376683501683502,16.387353433835848
2024-05-02,28.377401837928154,18.203842940685046,16.833959899749374,6.567878028404343,4.376683501683502,16.39139515455305
2024-05-03,28.382118927973202,18.19430485762144,16.8285175879397,6.560510887772193,4.376371308016878,16.40745393634841
2024-05-04,28.386173767752716,18.186299081035923,16.81641604010025,6.556599832915621,4.375420875420875,16.41144527986633
2024-05-05,28.387144053601343,18.177973199329983,16.8071608040201,6.550460636515912,4.378902953586498,16.4250418760469
2024-05-06,28.395938023450586,18.161641541038524,16.782035175879397,6.542922948073701,4.377637130801688,16.450167504187604
2024-05-07,28.40246449456976,18.15497076023392,16.772556390977442,6.539055973266499,4.372895622895623,16.45029239766082
2024-05-08,28.40246449456976,18.15497076023392,16.772556390977442,6.539055973266499,4.372895622895623,16.45029239766082
2024-05-09,28.40850083752094,18.145309882747068,16.75439698492462,6.537897822445561,4.373839662447257,16.466499162479064
2024-05-10,28.41204869857263,18.136859781696053,16.746221662468514,6.531696053736355,4.374788494077834,16.482787573467675
2024-05-11,28.41603852596315,18.12897822445561,16.73680904522613,6.527847571189279,4.373839662447257,16.484087102177554
2024-05-12,28.415827036104115,18.119227539882452,16.728589420654913,6.522879932829555,4.377326565143824,16.499160369437448
2024-05-13,28.416877104377107,18.11195286195286,16.712752525252526,6.521675084175083,4.378286683630195,16.518097643097644
2024-05-14,28.424013434089,18.106003358522248,16.703400503778337,6.517842149454239,4.375423011844332,16.51679261125105
2024-05-15,28.424013434089,18.106003358522248,16.703400503778337,6.517842149454239,4.375423011844332,16.51679261125105
2024-05-16,28.422558922558924,18.09111952861953,16.69381313131313,6.514099326599326,4.375106022052587,16.535774410774412
2024-05-17,28.431397306397308,18.074705387205388,16.67739898989899,6.505260942760942,4.373833757421544,16.55345117845118
2024-05-18,28.43534844668346,18.069479429051217,16.665617128463477,6.501469353484466,4.370346869712352,16.55457598656591
2024-05-19,28.438973063973066,18.059553872053872,16.655934343434343,6.496422558922558,4.372561492790501,16.571127946127948
2024-05-20,28.436286919831225,18.05337552742616,16.64240506329114,6.493881856540083,4.373511904761905,16.59282700421941
2024-05-21,28.442760942760945,18.048190235690235,16.633838383838384,6.490109427609426,4.370016963528414,16.591329966329965
2024-05-22,28.446413502109706,18.04071729957806,16.622784810126582,6.4862869198312225,4.3709608843537415,16.60548523206751
2024-05-23,28.446413502109706,18.04071729957806,16.622784810126582,6.4862869198312225,4.3709608843537415,16.60548523206751
2024-05-24,28.459071729957806,18.031856540084387,16.60126582278481,6.479957805907172,4.368409863945579,16.619409282700424
2024-05-25,28.462962962962965,18.024200336700336,16.592171717171716,6.476220538720538,4.364927905004241,16.62037037037037
2024-05-26,28.462962962962965,18.024200336700336,16.592171717171716,6.476220538720538,4.364927905004241,16.62037037037037
2024-05-27,28.46666666666667,18.020464135021097,16.577848101265822,6.470464135021096,4.366496598639456,16.63649789029536
2024-05-28,28.471170033670035,18.014099326599325,16.567550505050505,6.468013468013467,4.363019508057676,16.634890572390574
2024-05-29,28.471170033670035,18.014099326599325,16.567550505050505,6.468013468013467,4.363019508057676,16.634890572390574
2024-05-30,28.477539882451723,18.00650713685978,16.561083123425693,6.461796809403862,4.359560067681895,16.63832913518052
2024-05-31,28.48253367003367,17.997685185185183,16.547348484848484,6.455387205387205,4.360474978795589,16.657617845117844
2024-06-01,28.48887489504618,17.992653232577666,16.53589420654912,6.451721242653232,4.357021996615906,16.655961376994124
2024-06-02,28.491372053872055,17.987584175084173,16.52462121212121,6.444023569023568,4.359202714164547,16.671506734006734
2024-06-03,28.495147679324894,17.98248945147679,16.508227848101267,6.440084388185653,4.3601190476190474,16.690928270042196
2024-06-04,28.499579124579125,17.97874579124579,16.498106060606062,6.437710437710437,4.357930449533503,16.687289562289564
2024-06-05,28.499579124579125,17.97874579124579,16.498106060606062,6.437710437710437,4.357930449533503,16.687289562289564
2024-06-06,28.505907172995784,17.968565400843882,16.47658227848101,6.438818565400843,4.3562925170068025,16.7042194092827
2024-06-07,28.50719120135364,17.963409475465312,16.46256345177665,6.434856175972927,4.357203751065644,16.723773265651438
2024-06-08,28.51480541455161,17.953257191201352,16.439720812182742,6.424703891708967,4.354646206308611,16.739001692047378
2024-06-09,28.516115351993218,17.949321458863444,16.428117048346056,6.41687871077184,4.355555555555556,16.756149279050042
2024-06-10,28.516156462585034,17.94409013605442,16.413903061224488,6.412840136054421,4.356469580119966,16.777210884353742
2024-06-11,28.523809523809526,17.925595238095237,16.38966836734694,6.406462585034013,4.3526135389888605,16.792517006802722
2024-06-12,28.53401360544218,17.915391156462583,16.364158163265305,6.398809523809523,4.3500428449014565,16.80527210884354
2024-06-13,28.53774385072095,17.90542832909245,16.358142493638677,6.395250212044105,4.3500428449014565,16.803223070398644
2024-06-14,28.54421768707483,17.900085034013603,16.341198979591837,6.389880952380952,4.350945017182131,16.819302721088437
2024-06-15,28.550466497031383,17.895250212044104,16.327608142493638,6.3863443596268015,4.3474721508140535,16.819762510602207
2024-06-16,28.554421768707485,17.889880952380953,16.314413265306122,6.379676870748298,4.348367697594502,16.8358843537415
2024-06-17,28.567176870748302,17.877125850340136,16.28125,6.372023809523808,4.345790378006873,16.856292517006803
2024-06-18,28.57209499575912,17.868532654792197,16.272900763358777,6.368532654792196,4.3423307626392464,16.85665818490246
2024-06-19,28.57209499575912,17.868532654792197,16.272900763358777,6.368532654792196,4.3423307626392464,16.85665818490246
2024-06-20,28.584817642069552,17.855810008481765,16.24236641221374,6.368532654792196,4.3371893744644385,16.869380831212894
2024-06-21,28.59013605442177,17.85034013605442,16.223852040816325,6.363095238095237,4.338058419243986,16.88562925170068
2024-06-22,28.59013605442177,17.85034013605442,16.223852040816325,6.363095238095237,4.338058419243986,16.88562925170068
2024-06-23,28.5952380952381,17.84013605442177,16.200892857142858,6.3516156462585025,4.3354810996563575,16.90093537414966
2024-06-24,28.601875532821825,17.834612105711848,16.1809462915601,6.347399829497015,4.33634797588286,16.921142369991475
2024-06-25,28.60735544217687,17.826743197278912,16.168367346938776,6.343962585034013,4.332903780068729,16.920705782312925
2024-06-26,28.6114663256607,17.823742540494457,16.15089514066496,6.339727195225915,4.333763996554694,16.935848252344417
2024-06-27,28.6114663256607,17.823742540494457,16.15089514066496,6.339727195225915,4.333763996554694,16.935848252344417
2024-06-28,28.6268115942029,17.80839727195226,16.122762148337596,6.332054560954816,4.328596037898364,16.95375106564365
2024-06-29,28.631926683716966,17.798167092924125,16.097186700767264,6.32693947144075,4.323428079242033,16.97165387894288
2024-06-30,28.631926683716966,17.798167092924125,16.097186700767264,6.32693947144075,4.323428079242033,16.97165387894288
2024-07-01,28.639599317988065,17.786658141517474,16.070332480818415,6.321184995737425,4.317614125753661,16.99083546462063
2024-07-02,28.645620748299322,17.77954931972789,16.057397959183675,6.3203656462585025,4.317614125753661,16.98830782312925
2024-07-03,28.645620748299322,17.77954931972789,16.057397959183675,6.3203656462585025,4.317614125753661,16.98830782312925
2024-07-04,28.65837585034014,17.76169217687075,16.026785714285715,6.317814625850339,4.31244616709733,17.00361394557823
2024-07-05,28.66985544217687,17.750212585034014,15.996173469387756,6.31016156462585,4.3059862187769165,17.021471088435376
2024-07-06,28.66985544217687,17.750212585034014,15.996173469387756,6.31016156462585,4.3059862187769165,17.021471088435376
2024-07-07,28.675404944586532,17.74829497016198,15.98081841432225,6.305839727195226,4.305483592400691,17.034313725490197
2024-07-08,28.686913895993182,17.735507246376812,15.947570332480819,6.304560954816709,4.300302245250432,17.056052855924978
2024-07-09,28.69026360544218,17.72597789115646,15.934948979591837,6.301232993197278,4.300302245250432,17.05590986394558
2024-07-10,28.69458653026428,17.722719522591646,15.919437340153452,6.299445865302642,4.301082251082251,17.068840579710145
2024-07-11,28.69458653026428,17.722719522591646,15.919437340153452,6.299445865302642,4.301082251082251,17.068840579710145
2024-07-12,28.708653026427964,17.71248934356351,15.89386189258312,6.290494458653026,4.295887445887446,17.08162830349531
2024-07-13,28.711947278911566,17.705569727891156,15.883928571428571,6.2872023809523805,4.289939550949914,17.083971088435376
2024-07-14,28.71760443307758,17.703537936913897,15.868286445012787,6.282821824381926,4.288095238095238,17.096973572037513
2024-07-15,28.72457264957265,17.700213675213675,15.847435897435897,6.283547008547008,4.286241319444445,17.11517094017094
2024-07-16,28.735470085470087,17.68611111111111,15.818589743589744,6.2758547008547,4.281032986111112,17.131837606837607
2024-07-17,28.735470085470087,17.68611111111111,15.818589743589744,6.2758547008547,4.281032986111112,17.131837606837607
2024-07-18,28.735470085470087,17.68611111111111,15.818589743589744,6.2758547008547,4.281032986111112,17.131837606837607
2024-07-19,28.742502142245076,17.680162810625536,15.802699228791774,6.2714224507283625,4.279155787641428,17.14631533847472
2024-07-20,28.745726495726498,17.6732905982906,15.790384615384616,6.268162393162393,4.275824652777778,17.14594017094017
2024-07-21,28.751499571550987,17.67116538131962,15.774421593830334,6.2637103684661515,4.273933855526545,17.15916880891174
2024-07-22,28.761782347900603,17.663453299057412,15.739717223650386,6.2585689802913445,4.270017406440383,17.177163667523565
2024-07-23,28.76752136752137,17.65405982905983,15.727564102564102,6.25534188034188,4.269314236111112,17.176709401709402
2024-07-24,28.769494430162812,17.6557412167952,15.708868894601542,6.253427592116537,4.270017406440383,17.18744644387318
2024-07-25,28.77777777777778,17.65277777777778,15.698076923076924,6.252777777777777,4.270017406440383,17.186965811965813
2024-07-26,28.784918594687234,17.64674378748929,15.681876606683804,6.249571550985432,4.268106457242583,17.201585261353898
2024-07-27,28.78803418803419,17.639957264957264,15.669871794871796,6.246367521367521,4.264795474325501,17.20363247863248
2024-07-28,28.792630676949443,17.639031705227076,15.654884318766067,6.241859468723221,4.261561954624782,17.21572407883462
2024-07-29,28.80291345329906,17.631319622964867,15.618894601542417,6.236718080548414,4.257635253054102,17.236289631533847
2024-07-30,28.80598290598291,17.62457264957265,15.607051282051282,6.230982905982906,4.2543516100957355,17.235683760683763
2024-07-31,28.80598290598291,17.62457264957265,15.607051282051282,6.230982905982906,4.2543516100957355,17.235683760683763
2024-08-01,28.813196229648675,17.62103684661525,15.580334190231362,6.229005998286203,4.255017452006981,17.249143101970866
2024-08-02,28.81786941580756,17.614905498281786,15.563788659793815,6.224441580756013,4.253062117235346,17.26396048109966
2024-08-03,28.823479005998287,17.608183376178236,15.54948586118252,6.221293916023992,4.24978184991274,17.26585261353899
2024-08-04,28.82560137457045,17.60459621993127,15.532860824742269,6.216709621993126,4.247812773403325,17.27942439862543
2024-08-05,28.832902670111974,17.603574504737296,15.508397932816537,6.217269595176571,4.248464912280702,17.295650301464256
2024-08-06,28.83655498281787,17.596864261168385,15.496134020618557,6.214132302405497,4.245188101487314,17.294888316151205
2024-08-07,28.838716623600344,17.595822566752798,15.476744186046512,6.212101636520241,4.245833333333334,17.308570198105084
2024-08-08,28.846864261168385,17.5891323024055,15.467783505154639,6.20897766323024,4.245833333333334,17.30519759450172
2024-08-09,28.854596219931274,17.580111683848795,15.44458762886598,6.203823024054982,4.241885964912281,17.315506872852236
2024-08-10,28.86011139674379,17.57604970008569,15.430591259640103,6.200728363324764,4.238626421697288,17.31726649528706
2024-08-11,28.86232817869416,17.573668384879724,15.416237113402062,6.19737972508591,4.235307017543859,17.328393470790378
2024-08-12,28.86972437553833,17.57256675279931,15.391472868217054,6.195305770887165,4.235927880386983,17.344745908699398
2024-08-13,28.874461670973304,17.560077519379846,15.36606373815676,6.187553832902669,4.230650835532102,17.358527131782946
2024-08-14,28.874461670973304,17.560077519379846,15.36606373815676,6.187553832902669,4.230650835532102,17.358527131782946
2024-08-15,28.882517182130588,17.55090206185567,15.35996563573883,6.181915807560137,4.2274122807017545,17.355025773195877
2024-08-16,28.887381567614128,17.545865633074936,15.34280792420327,6.17850990525409,4.225373790677221,17.36886304909561
2024-08-17,28.890249140893474,17.54188144329897,15.331615120274913,6.1754725085910644,4.222149122807018,17.373067010309278
2024-08-18,28.893841515934543,17.538113695090438,15.3182601205857,6.170757967269594,4.218777484608619,17.3843669250646
2024-08-19,28.901338514680486,17.539507772020727,15.293177892918823,6.168609671848013,4.216710758377425,17.400906735751295
2024-08-20,28.90611541774333,17.53359173126615,15.281438415159343,6.165590008613264,4.213500439753738,17.402454780361758
2024-08-21,28.911053540587222,17.53497409326425,15.264032815198616,6.160837651122624,4.21141975308642,17.41386010362694
2024-08-22,28.924203273040487,17.531007751937985,15.254306632213607,6.157838070628768,4.208223394898857,17.410206718346252
2024-08-23,28.93177892918826,17.52461139896373,15.239421416234887,6.1530656303972355,4.206128747795415,17.422927461139896
2024-08-24,28.937123169681314,17.520671834625322,15.228466838931954,6.1500861326442715,4.202946350043976,17.424418604651162
2024-08-25,28.937123169681314,17.520671834625322,15.228466838931954,6.1500861326442715,4.202946350043976,17.424418604651162
2024-08-26,28.948751076658056,17.512919896640827,15.200689061154176,6.145564168819982,4.197009674582234,17.440568475452196
2024-08-27,28.95403780068729,17.50644329896907,15.189862542955325,6.142611683848797,4.193859649122807,17.439432989690722
2024-08-28,28.95403780068729,17.50644329896907,15.189862542955325,6.142611683848797,4.193859649122807,17.439432989690722
2024-08-29,28.956503014642553,17.502583979328165,15.169681309216191,6.142980189491817,4.191732629727353,17.45090439276486
2024-08-30,28.964162348877377,17.497409326424872,15.15587219343696,6.138169257340241,4.189594356261023,17.463730569948186
2024-08-31,28.96942291128338,17.493540051679588,15.14513350559862,6.132644272179155,4.186455584872472,17.467700258397933
2024-09-01,28.971934369602767,17.492227979274613,15.132556131260793,6.127806563039723,4.182980599647267,17.4779792746114
2024-09-02,28.98100172711572,17.481865284974095,15.107944732297062,6.123920552677029,4.1763668430335095,17.493523316062177
2024-09-03,28.98880275624462,17.472868217054263,15.097329888027561,6.1210163652024105,4.173262972735269,17.492248062015506
2024-09-04,28.99136442141624,17.474093264248705,15.082037996545766,6.1187392055267695,4.171075837742505,17.501295336787564
2024-09-05,28.999136442141626,17.46113989637306,15.06131260794473,6.110967184801381,4.164462081128748,17.511658031088082
2024-09-06,29.012089810017276,17.449481865284973,15.03929188255613,6.103195164075992,4.159171075837743,17.5220207253886
2024-09-07,29.01722652885444,17.44315245478036,15.026270456503013,6.097760551248922,4.156112576956905,17.525839793281655
2024-09-08,29.01722652885444,17.44315245478036,15.026270456503013,6.097760551248922,4.156112576956905,17.525839793281655
2024-09-09,29.01921416234888,17.439766839378237,15.015975820379964,6.094775474956822,4.1532186948853616,17.536269430051814
2024-09-10,29.031519861830745,17.42940414507772,14.988773747841103,6.085708117443868,4.149911816578483,17.549870466321245
2024-09-11,29.031519861830745,17.42940414507772,14.988773747841103,6.085708117443868,4.149911816578483,17.549870466321245
2024-09-12,29.031519861830745,17.42940414507772,14.988773747841103,6.085708117443868,4.149911816578483,17.549870466321245
2024-09-13,29.03549783549784,17.425324675324674,14.977056277056276,6.082034632034631,4.147656940760389,17.55909090909091
2024-09-14,29.045768566493958,17.416450777202073,14.964162348877373,6.076640759930915,4.144620811287478,17.56282383419689
2024-09-15,29.04978354978355,17.414935064935065,14.95238095238095,6.071645021645021,4.141025641025641,17.56948051948052
2024-09-16,29.062770562770567,17.404545454545456,14.926406926406925,6.0651515151515145,4.134394341290893,17.586363636363636
2024-09-17,29.071675302245254,17.3970207253886,14.916234887737478,6.059801381692573,4.130070546737214,17.58613989637306
2024-09-18,29.071675302245254,17.3970207253886,14.916234887737478,6.059801381692573,4.130070546737214,17.58613989637306
2024-09-19,29.093696027633854,17.39183937823834,14.885146804835923,6.052029360967184,4.127763041556145,17.593911917098445
2024-09-20,29.0978354978355,17.387662337662338,14.873160173160171,6.046969696969696,4.124113475177305,17.603246753246754
2024-09-21,29.105354058721936,17.381476683937823,14.860535405872191,6.041666666666666,4.118479221927498,17.609455958549223
2024-09-22,29.105354058721936,17.381476683937823,14.860535405872191,6.041666666666666,4.118479221927498,17.609455958549223
2024-09-23,29.11636442141624,17.373704663212436,14.83527633851468,6.032599309153713,4.111184792219275,17.623704663212436
2024-09-24,29.12381567614126,17.367571059431526,14.825366063738155,6.027347114556416,4.111184792219275,17.622093023255815
2024-09-25,29.126727115716758,17.368523316062177,14.814550949913643,6.024827288428324,4.108820921985815,17.628886010362695
2024-09-26,29.126727115716758,17.368523316062177,14.814550949913643,6.024827288428324,4.108820921985815,17.628886010362695
2024-09-27,29.137089810017276,17.362046632124354,14.795120898100171,6.014464594127806,4.104831560283688,17.635362694300518
2024-09-28,29.144487510766584,17.35594315245478,14.785314384151592,6.009259259259259,4.101900972590628,17.63888888888889
2024-09-29,29.148747841105358,17.35038860103627,14.774395509499135,6.0053972366148525,4.099512411347518,17.645725388601036
2024-09-30,29.157815198618312,17.34261658031088,14.751079447322969,6.000215889464593,4.092863475177305,17.658678756476682
2024-10-01,29.16257536606374,17.34173126614987,14.738802756244615,5.995047372954349,4.089964633068082,17.656976744186046
2024-10-02,29.170768566493958,17.337435233160623,14.725172711571673,5.995034542314334,4.087544326241135,17.66386010362694
2024-10-03,29.170768566493958,17.337435233160623,14.725172711571673,5.995034542314334,4.087544326241135,17.66386010362694
2024-10-04,29.186312607944735,17.327072538860104,14.699265975820378,5.989853195164075,4.082225177304965,17.6690414507772
2024-10-05,29.194084628670122,17.319300518134714,14.681131260794471,5.979490500863557,4.076906028368795,17.68199481865285
2024-10-06,29.198484848484853,17.313636363636363,14.67121212121212,5.975541125541125,4.075777777777778,17.68766233766234
2024-10-07,29.210173160173163,17.303246753246754,14.646536796536795,5.970346320346319,4.071777777777778,17.703246753246752
2024-10-08,29.21481001727116,17.302461139896373,14.637089810017269,5.962651122625215,4.068927304964539,17.701424870466322
2024-10-09,29.211471861471864,17.29805194805195,14.625757575757575,5.9599567099567095,4.0664444444444445,17.711038961038962
2024-10-10,29.21926406926407,17.29025974025974,14.604978354978353,5.952164502164502,4.061111111111111,17.716233766233767
2024-10-11,29.235460069444446,17.277994791666668,14.590928819444443,5.949435763888888,4.061274509803922,17.720703125
2024-10-12,29.245876736111114,17.267578125,14.572699652777777,5.939019097222221,4.055926916221034,17.731119791666668
2024-10-13,29.245876736111114,17.267578125,14.572699652777777,5.939019097222221,4.055926916221034,17.731119791666668
2024-10-14,29.256944444444446,17.2578125,14.549913194444443,5.9305555555555545,4.053921568627451,17.741536458333332
2024-10-15,29.264756944444446,17.252604166666668,14.523871527777777,5.925347222222221,4.051247771836008,17.746744791666668
2024-10-16,29.264756944444446,17.252604166666668,14.523871527777777,5.925347222222221,4.051247771836008,17.746744791666668
2024-10-17,29.264756944444446,17.252604166666668,14.523871527777777,5.925347222222221,4.051247771836008,17.746744791666668
2024-10-18,29.286892361111114,17.23828125,14.499782986111109,5.9168836805555545,4.0485739750445635,17.751953125
2024-10-19,29.299913194444446,17.227864583333332,14.478949652777777,5.903862847222221,4.043226381461675,17.762369791666668
2024-10-20,29.299913194444446,17.227864583333332,14.478949652777777,5.903862847222221,4.043226381461675,17.762369791666668
2024-10-21,29.311631944444446,17.217447916666668,14.458116319444443,5.890842013888888,4.037878787878788,17.772786458333332
2024-10-22,29.322048611111114,17.20703125,14.434678819444443,5.883029513888888,4.035204991087344,17.780598958333332
2024-10-23,29.32550043516101,17.202349869451698,14.422758920800694,5.8827241079199295,4.032618409294012,17.79046997389034
2024-10-24,29.32550043516101,17.202349869451698,14.422758920800694,5.8827241079199295,4.032618409294012,17.79046997389034
2024-10-25,29.334205933682377,17.19240837696335,14.410776614310643,5.8771815008726,4.030017921146953,17.80039267015707
2024-10-26,29.342059336823738,17.176701570680628,14.395069808027921,5.866710296684118,4.024641577060932,17.81086387434555
2024-10-27,29.34820647419073,17.166666666666668,14.38692038495188,5.861111111111111,4.023360287511231,17.819553805774277
2024-10-28,29.356080489938762,17.156167979002625,14.365923009623796,5.855861767279089,4.016621743036837,17.83267716535433
2024-10-29,29.3630017452007,17.153141361256544,14.351876090750435,5.8510034904013954,4.013888888888889,17.830497382198953
2024-10-30,29.3665791776028,17.150918635170605,14.339676290463691,5.847987751531058,4.0139263252470805,17.840551181102363
2024-10-31,29.382327209098865,17.14304461942257,14.310804899387575,5.845363079615048,4.011261261261262,17.845800524934383
2024-11-01,29.398075240594927,17.12992125984252,14.28718285214348,5.8348643919510055,4.005855855855856,17.853674540682416
2024-11-02,29.40857392825897,17.116797900262466,14.266185476815396,5.826990376202974,4.005855855855856,17.861548556430446
2024-11-03,29.413596491228073,17.107894736842105,14.25767543859649,5.823903508771929,4.004516711833785,17.869078947368422
2024-11-04,29.41732629727353,17.102902374670183,14.242524186455583,5.82343887423043,4.004528985507247,17.87928759894459
2024-11-05,29.42543859649123,17.09934210526316,14.232017543859648,5.81798245614035,4.002484191508582,17.876973684210526
2024-11-06,29.42543859649123,17.09934210526316,14.232017543859648,5.81798245614035,4.002484191508582,17.876973684210526
2024-11-07,29.434820647419077,17.09776902887139,14.224846894138231,5.8132108486439185,3.999774774774775,17.875984251968504
2024-11-08,29.45056867891514,17.08727034120735,14.206474190726158,5.802712160979877,3.9970720720720725,17.889107611548557
2024-11-09,29.46106736657918,17.074146981627297,14.188101487314084,5.794838145231846,3.9943693693693696,17.8996062992126
2024-11-10,29.464912280701757,17.066447368421052,14.180701754385963,5.7903508771929815,3.9916440831074977,17.907236842105263
2024-11-11,29.476754385964917,17.05723684210526,14.158333333333331,5.787719298245613,3.9875790424570914,17.924342105263158
2024-11-12,29.48600174978128,17.054461942257216,14.150043744531931,5.783027121609798,3.98490990990991,17.921916010498688
2024-11-13,29.485964912280703,17.04671052631579,14.134649122807016,5.779824561403508,3.9848690153568205,17.93223684210526
2024-11-14,29.489885664028147,17.04155672823219,14.113896218117853,5.781882145998241,3.9793931159420293,17.942612137203167
2024-11-15,29.491181657848326,17.03637566137566,14.100970017636683,5.7786596119929445,3.9793369663941873,17.95568783068783
2024-11-16,29.504409171075842,17.02314814814815,14.079805996472661,5.770723104056437,3.97661217075386,17.966269841269842
2024-11-17,29.511052166224584,17.01259946949602,14.07073386383731,5.767462422634836,3.973816029143898,17.974137931034484
2024-11-18,29.51900972590628,17.004641909814325,14.046861184792217,5.763483642793987,3.9697176684881605,17.992705570291776
2024-11-19,29.528218694885364,16.999338624338623,14.03880070546737,5.758818342151675,3.969800181653043,17.992724867724867
2024-11-20,29.52696728558798,16.996684350132625,14.028293545534924,5.760831122900088,3.966985428051002,18.000663129973475
2024-11-21,29.540229885057474,16.98607427055703,14.009725906277628,5.75287356321839,3.9642531876138434,18.01923076923077
2024-11-22,29.55879752431477,16.97679045092838,13.989832007073385,5.743589743589743,3.9615209471766852,18.027188328912466
2024-11-23,29.565255731922402,16.968915343915345,13.981922398589063,5.741622574955907,3.961625794732062,18.029761904761905
2024-11-24,29.565255731922402,16.968915343915345,13.981922398589063,5.741622574955907,3.961625794732062,18.029761904761905
2024-11-25,29.57583774250441,16.956349206349206,13.963403880070546,5.735008818342151,3.9575386012715716,18.046296296296298
2024-11-26,29.58223394898857,16.95118733509235,13.958223394898855,5.730430958663148,3.9576539855072466,18.04617414248021
2024-11-27,29.58377425044092,16.9484126984127,13.94753086419753,5.7297178130511455,3.9548138056312445,18.054232804232804
2024-11-28,29.58377425044092,16.9484126984127,13.94753086419753,5.7297178130511455,3.9548138056312445,18.054232804232804
2024-11-29,29.597001763668434,16.937830687830687,13.931657848324514,5.72442680776014,3.9493642143505907,18.062169312169313
2024-11-30,29.607583774250443,16.924603174603174,13.918430335097,5.719135802469135,3.9466394187102636,18.07010582010582
2024-12-01,29.607583774250443,16.924603174603174,13.918430335097,5.719135802469135,3.9466394187102636,18.07010582010582
2024-12-02,29.614858906525576,16.915343915343914,13.903880070546736,5.712522045855378,3.943233424159855,18.08267195767196
2024-12-03,29.62379067722076,16.91160949868074,13.90017590149516,5.706684256816182,3.9420289855072466,18.0811345646438
2024-12-04,29.62379067722076,16.91160949868074,13.90017590149516,5.706684256816182,3.9420289855072466,18.0811345646438
2024-12-05,29.63434476693052,16.901055408970976,13.884344766930518,5.701407211961301,3.9365942028985508,18.089050131926122
2024-12-06,29.648856640281444,16.889182058047492,13.872471416007034,5.693491644678979,3.9311594202898554,18.095646437994723
2024-12-07,29.655043859649126,16.88684210526316,13.867543859649121,5.689035087719297,3.9313459801264683,18.098026315789475
2024-12-08,29.660729991204928,16.87598944591029,13.857959542656111,5.684256816182937,3.929800724637681,18.107519788918207
2024-12-09,29.669964819700972,16.87071240105541,13.838170624450306,5.677660510114335,3.924365942028986,18.12467018469657
2024-12-10,29.67260334212841,16.857519788918207,13.824978012313103,5.6684256816182925,3.920289855072464,18.140501319261215
2024-12-11,29.67260334212841,16.857519788918207,13.824978012313103,5.6684256816182925,3.920289855072464,18.140501319261215
2024-12-12,29.67260334212841,16.857519788918207,13.824978012313103,5.6684256816182925,3.920289855072464,18.140501319261215
2024-12-13,29.67702821869489,16.849206349206348,13.815255731922397,5.66358024691358,3.9173478655767484,18.151455026455025
2024-12-14,29.680518909410733,16.849604221635882,13.80782761653474,5.661829375549692,3.9148550724637685,18.156332453825858
2024-12-15,29.680518909410733,16.849604221635882,13.80782761653474,5.661829375549692,3.9148550724637685,18.156332453825858
2024-12-16,29.685307017543863,16.848684210526315,13.80175438596491,5.660087719298245,3.9110207768744356,18.159868421052632
2024-12-17,29.68613298337708,16.849081364829395,13.79965004374453,5.655730533683289,3.9085585585585587,18.162073490813647
2024-12-18,29.68613298337708,16.849081364829395,13.79965004374453,5.655730533683289,3.9085585585585587,18.162073490813647
2024-12-19,29.694808027923216,16.841623036649214,13.800174520069806,5.648778359511343,3.906109613656784,18.164267015706805
2024-12-20,29.712260034904016,16.831151832460733,13.787958115183246,5.640052356020942,3.9020664869721475,18.172993019197207
2024-12-21,29.718233246301132,16.828981723237597,13.783289817232376,5.638381201044386,3.8996415770609323,18.17776327241079
2024-12-22,29.72534904013962,16.82068062827225,13.773560209424083,5.633507853403142,3.8980233602875116,18.18608202443281
2024-12-23,29.7286771105309,16.818537859007833,13.77088772845953,5.629242819843342,3.8969534050179213,18.188859878154915
2024-12-24,29.730584642233858,16.81282722513089,13.762434554973822,5.62565445026178,3.8939802336028753,18.19982547993019
2024-12-25,29.732502187226597,16.80971128608924,13.748687664041995,5.624671916010499,3.890990990990991,18.2082239720035
2024-12-26,29.732502187226597,16.80971128608924,13.748687664041995,5.624671916010499,3.890990990990991,18.2082239720035
2024-12-27,29.732502187226597,16.80971128608924,13.748687664041995,5.624671916010499,3.890990990990991,18.2082239720035
2024-12-28,29.74300087489064,16.801837270341206,13.732939632545932,5.616797900262467,3.8855855855855856,18.22134733158355
2024-12-29,29.750219298245614,16.79342105263158,13.723026315789474,5.6118421052631575,3.88256549232159,18.229824561403507
2024-12-30,29.755482456140353,16.789473684210527,13.701973684210527,5.602631578947369,3.8798554652213193,18.24956140350877
2024-12-31,29.755482456140353,16.789473684210527,13.701973684210527,5.602631578947369,3.8798554652213193,18.24956140350877
2025-01-01,29.755482456140353,16.789473684210527,13.701973684210527,5.602631578947369,3.8798554652213193,18.24956140350877
2025-01-02,29.7627528583993,16.781002638522427,13.682717678100264,5.601583113456464,3.8740942028985508,18.260773966578714
2025-01-03,29.777264731750222,16.771767810026386,13.67084432717678,5.592348284960422,3.8700181159420293,18.27000879507476
2025-01-04,29.78048245614035,16.769736842105264,13.66907894736842,5.588157894736842,3.8676603432700998,18.27456140350877
2025-01-05,29.785180299032543,16.758575197889183,13.661609498680738,5.58311345646438,3.8645833333333335,18.283201407211962
2025-01-06,29.793095866314864,16.75197889182058,13.644459102902374,5.575197889182058,3.8591485507246377,18.305628847845206
2025-01-07,29.798903508771932,16.75263157894737,13.640131578947368,5.568421052631579,3.8568202348690157,18.307456140350876
2025-01-08,29.801011433597186,16.7467018469657,13.62598944591029,5.567282321899736,3.85643115942029,18.31882145998241
2025-01-09,29.804166666666667,16.742105263157896,13.626973684210526,5.563157894736842,3.8568202348690157,18.323245614035088
2025-01-10,29.81074561403509,16.726315789473684,13.61907894736842,5.556578947368421,3.8541102077687444,18.340350877192982
2025-01-11,29.811242344706912,16.724409448818896,13.61745406824147,5.55249343832021,3.851801801801802,18.349956255468065
2025-01-12,29.816008771929827,16.714473684210525,13.609868421052632,5.5473684210526315,3.850045167118338,18.35877192982456
2025-01-13,29.82390350877193,16.70394736842105,13.591447368421052,5.5394736842105265,3.8459801264679316,18.385087719298244
2025-01-14,29.826990376202975,16.70209973753281,13.58989501312336,5.535433070866142,3.843693693693694,18.389326334208224
2025-01-15,29.82390350877193,16.69078947368421,13.58092105263158,5.53421052631579,3.841915085817525,18.400877192982456
2025-01-16,29.831354441512755,16.679419525065963,13.566622691292876,5.532981530343008,3.836050724637681,18.409850483729112
2025-01-17,29.83619929453263,16.66931216931217,13.556216931216932,5.529100529100529,3.8328792007266124,18.420194003527335
2025-01-18,29.833992963940194,16.66754617414248,13.554749340369392,5.527704485488127,3.8333333333333335,18.427000879507474
2025-01-19,29.83752204585538,16.65740740740741,13.548280423280424,5.522486772486772,3.8301544050862852,18.43606701940035
2025-01-20,29.842813051146386,16.646825396825395,13.532407407407407,5.517195767195767,3.8274296094459586,18.458553791887123
2025-01-21,29.845866314863677,16.645118733509236,13.531002638522427,5.513192612137203,3.82518115942029,18.459982409850483
2025-01-22,29.853395061728396,16.636243386243386,13.519179894179894,5.5092592592592595,3.8247048138056314,18.469135802469136
2025-01-23,29.864335971855763,16.637203166226914,13.519129287598945,5.505277044854881,3.8247048138056314,18.473175021987686
2025-01-24,29.873570800351803,16.62137203166227,13.509894459102902,5.496042216358839,3.8247048138056314,18.48900615655233
2025-01-25,29.87390350877193,16.61973684210526,13.50592105263158,5.492105263157895,3.82518115942029,18.49561403508772
2025-01-26,29.88148636763413,16.608179419525065,13.49934036939314,5.485488126649076,3.8219800181653043,18.503518029903255
2025-01-27,29.886763412489007,16.593667546174142,13.484828496042216,5.478891820580475,3.820617620345141,18.52726473175022
2025-01-28,29.887061403508774,16.592105263157894,13.486184210526316,5.475,3.8211050724637685,18.53114035087719
2025-01-29,29.887061403508774,16.592105263157894,13.486184210526316,5.475,3.8211050724637685,18.53114035087719
2025-01-30,29.88560804899388,16.58967629046369,13.48753280839895,5.471128608923885,3.8233965672990067,18.537620297462816
2025-01-31,29.894794400699915,16.57524059492563,13.478346456692913,5.4619422572178475,3.8206865401987358,18.549431321084864
2025-02-01,29.895069808027927,16.576352530541012,13.474476439790577,5.458115183246074,3.8211711711711716,18.558464223385688
2025-02-02,29.900043744531935,16.5673665791776,13.467847769028872,5.452755905511811,3.817976513098465,18.565179352580927
2025-02-03,29.90529308836396,16.55424321959755,13.454724409448819,5.448818897637795,3.817976513098465,18.58880139982502
2025-02-04,29.900043744531935,16.53718285214348,13.452099737532809,5.439632545931759,3.8206865401987358,18.604549431321082
2025-02-05,29.902412280701757,16.530701754385962,13.442763157894737,5.438157894736842,3.8174818840579716,18.614035087719298
2025-02-06,29.905043859649126,16.51754385964912,13.429605263157894,5.435526315789474,3.8174818840579716,18.632456140350875
2025-02-07,29.911622807017547,16.50175438596491,13.423026315789473,5.427631578947368,3.8188405797101455,18.645614035087718
2025-02-08,29.909230096237973,16.500437445319335,13.419291338582678,5.423884514435696,3.8220415537488712,18.65179352580927
2025-02-09,29.911622807017547,16.487280701754383,13.413815789473684,5.419736842105263,3.8188405797101455,18.660087719298243
2025-02-10,29.911622807017547,16.478070175438596,13.403289473684211,5.413157894736842,3.821557971014493,18.681140350877193
2025-02-11,29.909230096237973,16.47681539807524,13.40485564304462,5.409448818897638,3.827461607949413,18.684601924759406
2025-02-12,29.909230096237973,16.47681539807524,13.40485564304462,5.409448818897638,3.827461607949413,18.684601924759406
2025-02-13,29.91470331588133,16.471640488656195,13.405104712041885,5.407068062827225,3.833333333333334,18.68935427574171
2025-02-14,29.91732111692845,16.458551483420592,13.398560209424083,5.400523560209424,3.8387387387387393,18.702443280977313
2025-02-15,29.917536988685818,16.45474325500435,13.397519582245431,5.396866840731071,3.8445642407906564,18.708442123585726
2025-02-16,29.918842471714537,16.442993907745866,13.390992167101828,5.3903394255874675,3.85130278526505,18.720191470844213
2025-02-17,29.916231505657095,16.42993907745866,13.380548302872063,5.389033942558747,3.855345911949686,18.743690165361183
2025-02-18,29.916449652777782,16.428819444444443,13.379557291666666,5.388020833333333,3.863799283154122,18.746961805555554
2025-02-19,29.916449652777782,16.421006944444443,13.369140625,5.3828125,3.866487455197133,18.762586805555554
2025-02-20,29.916449652777782,16.406684027777775,13.357421875,5.380859375,3.87320788530466,18.778211805555554
2025-02-21,29.922960069444446,16.393012152777775,13.343098958333334,5.377604166666667,3.8779121863799286,18.79513888888889
2025-02-22,29.921657986111114,16.379991319444443,13.333984375,5.37109375,3.8846326164874556,18.81076388888889
2025-02-23,29.921657986111114,16.379991319444443,13.333984375,5.37109375,3.8846326164874556,18.81076388888889
2025-02-24,29.92080069625762,16.37053959965187,13.326370757180158,5.368798955613577,3.8816262353998208,18.82267188859878
2025-02-25,29.92080069625762,16.37053959965187,13.326370757180158,5.368798955613577,3.8816262353998208,18.82267188859878
2025-02-26,29.92080069625762,16.37053959965187,13.326370757180158,5.368798955613577,3.8816262353998208,18.82267188859878
2025-02-27,29.92080069625762,16.37053959965187,13.326370757180158,5.368798955613577,3.8816262353998208,18.82267188859878
2025-02-28,29.92321116928447,16.361038394415356,13.315445026178011,5.364528795811518,3.8799549549549552,18.835296684118674
2025-03-01,29.92321116928447,16.361038394415356,13.315445026178011,5.364528795811518,3.8799549549549552,18.835296684118674
2025-03-02,29.92713787085515,16.344022687609073,13.303664921465968,5.355366492146596,3.893468468468469,18.851003490401396
2025-03-03,29.929571303587053,16.33442694663167,13.293963254593177,5.353674540682415,3.890469738030714,18.86373578302712
2025-03-04,29.92648342059337,16.33158813263525,13.287958115183246,5.348167539267016,3.9090090090090093,18.87194589877836
2025-03-05,29.92629046369204,16.32720909886264,13.280839895013123,5.343832020997375,3.9060523938572724,18.882108486439193
2025-03-06,29.92629046369204,16.31408573928259,13.26246719160105,5.338582677165355,3.9168925022583565,18.900481189851266
2025-03-07,29.92629046369204,16.303587051618546,13.249343832020998,5.330708661417323,3.9304426377597115,18.91622922134733
2025-03-08,29.93135964912281,16.291228070175436,13.244736842105263,5.323684210526316,3.9275362318840585,18.92390350877193
2025-03-09,29.93135964912281,16.27675438596491,13.23421052631579,5.314473684210526,3.9411231884057973,18.93706140350877
2025-03-10,29.930043859649125,16.27017543859649,13.214473684210526,5.307894736842106,3.9560688405797104,18.958114035087718
2025-03-11,29.924978127734036,16.2668416447944,13.208661417322835,5.304461942257218,3.9751580849141828,18.96609798775153
2025-03-12,29.92214912280702,16.25438596491228,13.201315789473684,5.301315789473684,3.9737318840579716,18.9765350877193
2025-03-13,29.92214912280702,16.25438596491228,13.201315789473684,5.301315789473684,3.9737318840579716,18.9765350877193
2025-03-14,29.927220756376432,16.245822339489884,13.191292875989445,5.295514511873351,3.9722979109900094,18.98702726473175
2025-03-15,29.92214912280702,16.24517543859649,13.185526315789474,5.2894736842105265,3.9886775362318843,18.994956140350876
2025-03-16,29.927220756376432,16.2339489885664,13.178100263852242,5.282321899736147,3.9886466848319713,19.004177660510113
2025-03-17,29.927220756376432,16.22471416007036,13.159630606860159,5.274406332453826,4.0063578564940965,19.025285839929637
2025-03-18,29.91951754385965,16.218859649122805,13.156578947368422,5.271052631578947,4.02536231884058,19.035745614035086
2025-03-19,29.91951754385965,16.218859649122805,13.156578947368422,5.271052631578947,4.02536231884058,19.035745614035086
2025-03-20,29.91930518909411,16.211521547933156,13.146437994722955,5.266490765171504,4.022706630336058,19.046394019349165
2025-03-21,29.91798592788039,16.200967458223392,13.131926121372032,5.255936675461742,4.03905540417802,19.064863676341247
2025-03-22,29.91798592788039,16.200967458223392,13.131926121372032,5.255936675461742,4.03905540417802,19.064863676341247
2025-03-23,29.923059964726633,16.190917107583772,13.125661375661375,5.25,4.037795992714026,19.072971781305114
2025-03-24,29.915123456790127,16.180335097001763,13.11111111111111,5.242063492063492,4.055555555555556,19.09678130511464
2025-03-25,29.904793315743188,16.17722075637643,13.108179419525065,5.238786279683377,4.071752951861944,19.1070800351803
2025-03-26,29.904541446208118,16.172398589065253,13.097883597883598,5.234126984126984,4.071948998178507,19.117945326278658
2025-03-27,29.903474054529468,16.171943711521546,13.093667546174142,5.228232189973615,4.088101725703906,19.122911169744942
2025-03-28,29.902154793315745,16.158751099384343,13.08311345646438,5.215039577836412,4.103088101725704,19.141380826737027
2025-03-29,29.891885964912284,16.15833333333333,13.080263157894738,5.20921052631579,4.11911231884058,19.151535087719296
2025-03-30,29.891885964912284,16.15833333333333,13.080263157894738,5.20921052631579,4.11911231884058,19.151535087719296
2025-03-31,29.885964912280706,16.14912280701754,13.067763157894737,5.198684210526316,4.136096014492754,19.17390350877193
2025-04-01,29.87314085739283,16.146106736657917,13.06496062992126,5.195538057742782,4.151987353206866,19.186570428696413
2025-04-02,29.875438596491232,16.138596491228068,13.054605263157894,5.190789473684211,4.152400362318841,19.197587719298244
2025-04-03,29.865266841644797,16.138232720909883,13.049212598425196,5.187664041994751,4.168247515808492,19.210192475940506
2025-04-04,29.872807017543863,16.125438596491225,13.041447368421053,5.1802631578947365,4.16598731884058,19.22127192982456
2025-04-05,29.857392825896767,16.125109361329834,13.036089238845145,5.177165354330708,4.184507678410118,19.233814523184602
2025-04-06,29.863596491228073,16.112280701754383,13.030921052631578,5.169736842105263,4.183650362318841,19.242324561403507
2025-04-07,29.853728070175443,16.105701754385965,13.014473684210527,5.161842105263158,4.200634057971015,19.26798245614035
2025-04-08,29.8409886264217,16.102799650043742,13.011811023622048,5.156167979002625,4.216350496838302,19.28040244969379
2025-04-09,29.8409886264217,16.102799650043742,13.011811023622048,5.156167979002625,4.216350496838302,19.28040244969379
2025-04-10,29.83793859649123,16.097807017543857,12.998684210526315,5.153947368421052,4.2169384057971016,19.291666666666664
2025-04-11,29.83135964912281,16.0859649122807,12.988157894736842,5.143421052631579,4.2332427536231885,19.314035087719297
2025-04-12,29.81867891513561,16.085739282589675,12.982939632545932,5.137795275590551,4.248870822041554,19.326334208223972
2025-04-13,29.82478070175439,16.075438596491228,12.978947368421053,5.127631578947368,4.2481884057971016,19.335087719298244
2025-04-14,29.812938596491232,16.07017543859649,12.965789473684211,5.118421052631579,4.2644927536231885,19.360087719298246
2025-04-15,29.79714912280702,16.057017543859647,12.957894736842105,5.106578947368421,4.278079710144928,19.381140350877192
2025-04-16,29.79714912280702,16.057017543859647,12.957894736842105,5.106578947368421,4.278079710144928,19.381140350877192
2025-04-17,29.79714912280702,16.057017543859647,12.957894736842105,5.106578947368421,4.278079710144928,19.381140350877192
2025-04-18,29.799252418645562,16.047933157431835,12.952506596306069,5.100263852242744,4.276112624886467,19.390061565523308
2025-04-19,29.789254385964917,16.047807017543857,12.948684210526316,5.096052631578948,4.291666666666667,19.401535087719296
2025-04-20,29.789254385964917,16.047807017543857,12.948684210526316,5.096052631578948,4.291666666666667,19.401535087719296
2025-04-21,29.79265611257696,16.040017590149514,12.941952506596307,5.089709762532982,4.291780199818348,19.409850483729112
2025-04-22,29.780043859649126,16.037280701754383,12.936842105263159,5.086184210526316,4.305932971014493,19.425877192982455
2025-04-23,29.779463500439757,16.034740545294632,12.928759894459104,5.0811345646438,4.304041780199819,19.434916446789796
2025-04-24,29.77888007054674,16.026895943562607,12.917989417989418,5.078703703703703,4.302140255009108,19.446649029982364
2025-04-25,29.76829805996473,16.0189594356261,12.91005291005291,5.064153439153439,4.317167577413479,19.469135802469136
2025-04-26,29.76829805996473,16.0189594356261,12.91005291005291,5.064153439153439,4.317167577413479,19.469135802469136
2025-04-27,29.77298850574713,16.00839964633068,12.907161803713528,5.053713527851459,4.316666666666667,19.477011494252874
2025-04-28,29.762378426171534,16.00176834659593,12.893899204244033,5.043103448275862,4.333105022831051,19.500884173297965
2025-04-29,29.74713403880071,15.996472663139329,12.89153439153439,5.037698412698413,4.348588342440802,19.518077601410933
2025-04-30,29.751768346595934,15.991158267020335,12.883289124668435,5.029840848806366,4.3468036529680365,19.527409372236956
2025-05-01,29.751768346595934,15.991158267020335,12.883289124668435,5.029840848806366,4.3468036529680365,19.527409372236956
2025-05-02,29.74778956675509,15.980548187444738,12.87002652519894,5.017904509283819,4.3618721461187215,19.54597701149425
2025-05-03,29.735229276895947,15.980599647266313,12.867724867724867,5.01521164021164,4.377276867030965,19.557760141093475
2025-05-04,29.73983200707339,15.96993810786914,12.86339522546419,5.005968169761273,4.375570776255708,19.565870910698496
2025-05-05,29.72590627763042,15.965959328028292,12.854111405835544,4.994031830238727,4.392009132420092,19.589080459770113
2025-05-06,29.72590627763042,15.965959328028292,12.854111405835544,4.994031830238727,4.392009132420092,19.589080459770113
2025-05-07,29.712643678160923,15.960654288240493,12.840848806366047,4.98342175066313,4.405707762557078,19.610300618921308
2025-05-08,29.712643678160923,15.960654288240493,12.840848806366047,4.98342175066313,4.405707762557078,19.610300618921308
2025-05-09,29.717198581560286,15.951241134751772,12.835106382978724,4.975398936170213,4.404075091575092,19.61857269503546
2025-05-10,29.704686118479223,15.951370468611847,12.830238726790451,4.972811671087533,4.419406392694064,19.630194518125553
2025-05-11,29.710549645390074,15.939273049645388,12.827127659574469,4.96343085106383,4.417811355311356,19.637189716312054
2025-05-12,29.697251773049647,15.933953900709218,12.819148936170214,4.954122340425532,4.4315476190476195,19.65979609929078
2025-05-13,29.684792219274982,15.931476569407602,12.814323607427056,4.94893899204244,4.446803652968037,19.67396109637489
2025-05-14,29.684792219274982,15.931476569407602,12.814323607427056,4.94893899204244,4.446803652968037,19.67396109637489
2025-05-15,29.689273049645394,15.920656028368793,12.805851063829786,4.946143617021277,4.445283882783883,19.68107269503546
2025-05-16,29.682624113475182,15.912677304964538,12.797872340425531,4.931515957446808,4.460393772893774,19.70234929078014
2025-05-17,29.682624113475182,15.912677304964538,12.797872340425531,4.931515957446808,4.460393772893774,19.70234929078014
2025-05-18,29.682624113475182,15.912677304964538,12.797872340425531,4.931515957446808,4.460393772893774,19.70234929078014
2025-05-19,29.674645390070925,15.904033687943262,12.79122340425532,4.922872340425532,4.474130036630037,19.720301418439714
2025-05-20,29.669326241134755,15.889406028368793,12.78590425531915,4.910904255319149,4.49198717948718,19.736258865248224
2025-05-21,29.6613475177305,15.881427304964538,12.777925531914894,4.900265957446808,4.511217948717949,19.74955673758865
2025-05-22,29.6613475177305,15.881427304964538,12.777925531914894,4.900265957446808,4.511217948717949,19.74955673758865
2025-05-23,29.658687943262414,15.872118794326239,12.772606382978724,4.888297872340425,4.524954212454213,19.76285460992908
2025-05-24,29.65296198054819,15.873784261715295,12.76790450928382,4.884615384615385,4.539954337899544,19.77210433244916
2025-05-25,29.6613475177305,15.865469858156027,12.76595744680851,4.8736702127659575,4.538690476190476,19.77415780141844
2025-05-26,29.652039007092203,15.860150709219857,12.756648936170214,4.86436170212766,4.555173992673993,19.791445035460992
2025-05-27,29.642351900972592,15.8578691423519,12.751989389920425,4.862068965517241,4.572831050228311,19.802608311229
2025-05-28,29.642351900972592,15.8578691423519,12.751989389920425,4.862068965517241,4.572831050228311,19.802608311229
2025-05-29,29.642351900972592,15.8578691423519,12.751989389920425,4.862068965517241,4.572831050228311,19.802608311229
2025-05-30,29.649379432624116,15.846852836879432,12.748670212765957,4.855053191489362,4.57165750915751,19.80607269503546
2025-05-31,29.639699381078696,15.849911582670202,12.741379310344827,4.852785145888594,4.589269406392694,19.817197170645446
2025-06-01,29.646719858156033,15.838874113475176,12.740691489361701,4.844414893617022,4.589514652014652,19.818040780141843
2025-06-02,29.640070921985817,15.833554964539006,12.731382978723405,4.836436170212766,4.607371794871796,19.83266843971631
2025-06-03,29.633068081343946,15.831343943412907,12.729442970822282,4.8315649867374,4.624885844748859,19.841069849690538
2025-06-04,29.63139329805997,15.829144620811286,12.727513227513228,4.829365079365079,4.636839708561021,19.84942680776014
2025-06-05,29.635720601237846,15.82073386383731,12.718832891246684,4.826259946949602,4.635844748858448,19.854332449160033
2025-06-06,29.635720601237846,15.807471264367814,12.713527851458887,4.815649867374005,4.65365296803653,19.864942528735632
2025-06-07,29.628747795414466,15.807980599647264,12.708994708994709,4.813492063492063,4.668260473588343,19.873236331569665
2025-06-08,29.637046861184796,15.796861184792217,12.706896551724139,4.8063660477453585,4.668721461187215,19.872900088417328
2025-06-09,29.644060283687946,15.791001773049643,12.700797872340425,4.800531914893617,4.670558608058609,19.875221631205672
2025-06-10,29.63770999115827,15.78890362511052,12.696286472148541,4.798408488063661,4.686529680365298,19.884173297966402
2025-06-11,29.639406028368796,15.785682624113473,12.690159574468085,4.795212765957447,4.688415750915751,19.886524822695034
2025-06-12,29.639406028368796,15.785682624113473,12.690159574468085,4.795212765957447,4.688415750915751,19.886524822695034
2025-06-13,29.64777777777778,15.775777777777776,12.686666666666667,4.789333333333333,4.690312213039486,19.886222222222223
2025-06-14,29.64073581560284,15.779033687943262,12.68218085106383,4.787234042553192,4.704899267399268,19.89450354609929
2025-06-15,29.649111111111115,15.76911111111111,12.68,4.782666666666667,4.705463728191002,19.892888888888887
2025-06-16,29.649111111111115,15.763777777777776,12.670666666666667,4.774666666666667,4.723370064279155,19.903555555555556
2025-06-17,29.644725177304966,15.759086879432623,12.66622340425532,4.772606382978723,4.737866300366301,19.911790780141843
2025-06-18,29.641111111111115,15.750444444444442,12.66,4.764,4.7398989898989905,19.919555555555554
2025-06-19,29.641111111111115,15.742444444444443,12.649333333333333,4.756,4.753673094582186,19.93022222222222
2025-06-20,29.649111111111115,15.735777777777777,12.64,4.748,4.764692378328743,19.939555555555554
2025-06-21,29.644725177304966,15.736480496453899,12.63563829787234,4.746010638297872,4.776327838827839,19.947695035460992
2025-06-22,29.655777777777782,15.727777777777776,12.630666666666666,4.741333333333333,4.775711662075299,19.944888888888887
2025-06-23,29.656444444444446,15.72111111111111,12.622,4.733333333333333,4.792240587695134,19.955555555555556
2025-06-24,29.656444444444446,15.72111111111111,12.622,4.733333333333333,4.792240587695134,19.955555555555556
2025-06-25,29.660873440285208,15.715017825311941,12.618315508021391,4.7272727272727275,4.794429097605893,19.9554367201426
2025-06-26,29.660873440285208,15.715017825311941,12.618315508021391,4.7272727272727275,4.794429097605893,19.9554367201426
2025-06-27,29.664884135472374,15.70699643493761,12.61163101604278,4.717914438502674,4.806860036832413,19.96345811051693
2025-06-28,29.664884135472374,15.70699643493761,12.61163101604278,4.717914438502674,4.806860036832413,19.96345811051693
2025-06-29,29.67470956210903,15.698168007149238,12.607908847184987,4.7117962466487935,4.806325023084026,19.96201966041108
2025-06-30,29.681899641577065,15.69198028673835,12.604166666666666,4.705645161290323,4.805787037037037,19.964605734767023
2025-07-01,29.67828418230563,15.689678284182305,12.602100089365504,4.702412868632708,4.819713758079409,19.97319034852547
2025-07-02,29.67828418230563,15.689678284182305,12.602100089365504,4.702412868632708,4.819713758079409,19.97319034852547
2025-07-03,29.68632707774799,15.678954423592494,12.591376228775692,4.6916890080428955,4.836334256694368,19.98123324396783
2025-07-04,29.69489247311828,15.671370967741936,12.58624551971326,4.685483870967742,4.83587962962963,19.981182795698924
2025-07-05,29.69034852546917,15.669571045576408,12.581992850759606,4.683646112600536,4.852954755309326,19.991957104557642
2025-07-06,29.697580645161292,15.663306451612904,12.578181003584229,4.67741935483871,4.852546296296296,19.990591397849464
2025-07-07,29.702956989247312,15.653897849462366,12.567428315412185,4.668010752688172,4.871990740740741,20.0
2025-07-08,29.695710455764075,15.646782841823056,12.565907059874888,4.663538873994638,4.888965835641736,20.010723860589813
2025-07-09,29.7002688172043,15.640456989247312,12.564740143369175,4.657258064516129,4.891435185185186,20.010752688172044
2025-07-10,29.7002688172043,15.640456989247312,12.564740143369175,4.657258064516129,4.891435185185186,20.010752688172044
2025-07-11,29.71024258760108,15.634097035040432,12.55817610062893,4.650943396226415,4.891132776230269,20.00808625336927
2025-07-12,29.705645161290324,15.63239247311828,12.553987455197133,4.646505376344086,4.908101851851852,20.018817204301076
2025-07-13,29.705645161290324,15.63239247311828,12.553987455197133,4.646505376344086,4.908101851851852,20.018817204301076
2025-07-14,29.70766129032258,15.623655913978494,12.545922939068099,4.637768817204301,4.924074074074074,20.02755376344086
2025-07-15,29.697721179624665,15.616621983914209,12.544459338695264,4.636058981233244,4.940904893813482,20.038203753351205
2025-07-16,29.699596774193548,15.60752688172043,12.535170250896057,4.629704301075269,4.943518518518519,20.043682795698924
2025-07-17,29.699596774193548,15.60752688172043,12.535170250896057,4.629704301075269,4.943518518518519,20.043682795698924
2025-07-18,29.70822102425876,15.601078167115903,12.528526504941599,4.62466307277628,4.943361188486537,20.0411051212938
2025-07-19,29.703629032258064,15.599462365591398,12.525761648745519,4.621639784946237,4.957407407407407,20.050403225806452
2025-07-20,29.712264150943398,15.591644204851752,12.521787960467204,4.616576819407008,4.957288765088208,20.046495956873315
2025-07-21,29.71900269541779,15.58355795148248,12.509658580413296,4.609838274932614,4.972609099350047,20.054582210242586
2025-07-22,29.706317204301076,15.576612903225806,12.508288530465949,4.605510752688172,4.99212962962963,20.06787634408602
2025-07-23,29.713611859838274,15.57277628032345,12.501572327044025,4.599056603773585,4.9948932219127204,20.065363881401616
2025-07-24,29.713611859838274,15.57277628032345,12.501572327044025,4.599056603773585,4.9948932219127204,20.065363881401616
2025-07-25,29.713611859838274,15.56199460916442,12.490790655884995,4.589622641509434,5.011606313834727,20.076145552560646
2025-07-26,29.706317204301076,15.560483870967742,12.486783154121863,4.585349462365591,5.025462962962963,20.086693548387096
2025-07-27,29.713611859838274,15.55121293800539,12.481356693620844,4.577493261455525,5.026926648096564,20.085579514824797
2025-07-28,29.72035040431267,15.544474393530997,12.469227313566936,4.568059299191375,5.043639740018571,20.09366576819407
2025-07-29,29.717654986522913,15.533692722371967,12.463836477987421,4.557277628032345,5.065923862581244,20.1044474393531
2025-07-30,29.717654986522913,15.533692722371967,12.463836477987421,4.557277628032345,5.065923862581244,20.1044474393531
2025-07-31,29.717654986522913,15.533692722371967,12.463836477987421,4.557277628032345,5.065923862581244,20.1044474393531
2025-08-01,29.71900269541779,15.518867924528301,12.457097933513028,4.550539083557951,5.081244196843083,20.11657681940701
2025-08-02,29.711693548387096,15.51747311827957,12.453181003584229,4.546370967741935,5.094907407407407,20.129704301075268
2025-08-03,29.721698113207548,15.506738544474393,12.450359389038633,4.539757412398922,5.096564531104922,20.12735849056604
2025-08-04,29.72843665768194,15.5,12.438230008984725,4.5289757412398925,5.1118848653667595,20.13814016172507
2025-08-05,29.715725806451612,15.493279569892474,12.437051971326165,4.524865591397849,5.131018518518519,20.151209677419356
2025-08-06,29.723045822102424,15.48921832884097,12.43283917340521,4.518194070080862,5.134168987929434,20.148921832884096
2025-08-07,29.725741239892184,15.473045822102426,12.424752920035939,4.5101078167115904,5.148096564531105,20.159703504043126
2025-08-08,29.73445945945946,15.466216216216216,12.419144144144143,4.502027027027027,5.148510242085662,20.160135135135135
2025-08-09,29.727088948787063,15.464959568733153,12.415318957771786,4.500673854447439,5.159238625812442,20.173180592991915
2025-08-10,29.73581081081081,15.456756756756757,12.411036036036036,4.491216216216216,5.159683426443203,20.1722972972973
2025-08-11,29.738513513513514,15.447297297297297,12.401576576576575,4.481756756756757,5.1750465549348235,20.18581081081081
2025-08-12,29.725,15.43108108108108,12.398873873873873,4.470945945945946,5.1918063314711365,20.20472972972973
2025-08-13,29.725,15.43108108108108,12.398873873873873,4.470945945945946,5.1918063314711365,20.20472972972973
2025-08-14,29.717654986522913,15.429919137466307,12.397798742138363,4.466981132075472,5.207985143918291,20.212264150943398
2025-08-15,29.716307277628033,15.420485175202156,12.39106019766397,4.458894878706199,5.220519962859796,20.224393530997304
2025-08-16,29.716307277628033,15.420485175202156,12.39106019766397,4.458894878706199,5.220519962859796,20.224393530997304
2025-08-17,29.725,15.413513513513514,12.385360360360359,4.452027027027027,5.222532588454376,20.2222972972973
2025-08-18,29.73509485094851,15.409214092140921,12.380984643179763,4.445121951219512,5.225957049486461,20.22018970189702
2025-08-19,29.72364864864865,15.40472972972973,12.378603603603603,4.4425675675675675,5.242085661080075,20.23445945945946
2025-08-20,29.725609756097562,15.403116531165312,12.374209575429086,4.438346883468835,5.245564892623716,20.229674796747968
2025-08-21,29.720945945945946,15.40472972972973,12.370495495495495,4.437162162162162,5.258845437616388,20.23581081081081
2025-08-22,29.731029810298104,15.39769647696477,12.366079494128273,4.4302168021680215,5.2595704948646125,20.23509485094851
2025-08-23,29.718243243243244,15.396621621621621,12.362387387387386,4.426351351351351,5.275605214152701,20.247972972972974
2025-08-24,29.726964769647697,15.390921409214092,12.359304426377596,4.418021680216802,5.277777777777778,20.244579945799458
2025-08-25,29.721544715447155,15.388211382113822,12.349819331526648,4.408536585365853,5.2973856209150325,20.255420054200542
2025-08-26,29.708783783783783,15.381756756756756,12.348873873873874,4.40472972972973,5.313314711359404,20.270945945945947
2025-08-27,29.708783783783783,15.381756756756756,12.348873873873874,4.40472972972973,5.313314711359404,20.270945945945947
2025-08-28,29.708783783783783,15.381756756756756,12.348873873873874,4.40472972972973,5.313314711359404,20.270945945945947
2025-08-29,29.707432432432434,15.375,12.340765765765765,4.39527027027027,5.330074487895717,20.280405405405407
2025-08-30,29.707432432432434,15.375,12.340765765765765,4.39527027027027,5.330074487895717,20.280405405405407
2025-08-31,29.716124661246614,15.367886178861788,12.336269196025293,4.388211382113822,5.332399626517274,20.275745257452574
2025-09-01,29.712059620596207,15.36111111111111,12.33084914182475,4.3787262872628725,5.352007469654529,20.286585365853657
2025-09-02,29.699324324324323,15.357432432432432,12.32725225225225,4.375,5.370577281191807,20.302027027027027
2025-09-03,29.69662162162162,15.352027027027027,12.316441441441441,4.364189189189189,5.38733705772812,20.310135135135134
2025-09-04,29.706639566395665,15.347560975609756,12.306458897922312,4.359756097560975,5.388422035480859,20.308265582655828
2025-09-05,29.7079945799458,15.34349593495935,12.295618789521228,4.350271002710027,5.402427637721756,20.317750677506776
2025-09-06,29.7079945799458,15.34349593495935,12.295618789521228,4.350271002710027,5.402427637721756,20.317750677506776
2025-09-07,29.697972972972973,15.342567567567567,12.29481981981982,4.346621621621622,5.418063314711359,20.330405405405404
2025-09-08,29.69436936936937,15.336711711711713,12.28536036036036,4.339864864864865,5.43389199255121,20.339864864864865
2025-09-09,29.681716082659477,15.333108715184188,12.281895777178795,4.336253369272237,5.4521819870009285,20.35512129380054
2025-09-10,29.670934411500447,15.325022461814916,12.273809523809524,4.3254716981132075,5.468895078922934,20.371293800539082
2025-09-11,29.670934411500447,15.325022461814916,12.273809523809524,4.3254716981132075,5.468895078922934,20.371293800539082
2025-09-12,29.67815315315315,15.320495495495496,12.267792792792791,4.319594594594594,5.471601489757914,20.368243243243242
2025-09-13,29.665543575920932,15.316936208445645,12.267070979335129,4.316037735849057,5.487000928505107,20.380727762803236
2025-09-14,29.665543575920932,15.316936208445645,12.267070979335129,4.316037735849057,5.487000928505107,20.380727762803236
2025-09-15,29.672747747747746,15.311711711711713,12.263063063063063,4.3108108108108105,5.48975791433892,20.37837837837838
2025-09-16,29.66082659478886,15.308849955076372,12.261680143755614,4.307277628032345,5.5051067780872796,20.391509433962263
2025-09-17,29.665315315315315,15.306981981981984,12.256981981981982,4.302702702702702,5.509310986964618,20.387162162162163
2025-09-18,29.665315315315315,15.306981981981984,12.256981981981982,4.302702702702702,5.509310986964618,20.387162162162163
2025-09-19,29.663963963963962,15.301576576576577,12.244819819819819,4.291891891891892,5.526070763500931,20.399324324324326
2025-09-20,29.651392632524708,15.3007637017071,12.241464510332435,4.288409703504043,5.541318477251624,20.414420485175203
2025-09-21,29.65788288288288,15.29346846846847,12.237387387387386,4.283783783783784,5.544227188081936,20.412837837837838
2025-09-22,29.65788288288288,15.29346846846847,12.237387387387386,4.283783783783784,5.544227188081936,20.412837837837838
2025-09-23,29.644654088050313,15.289308176100631,12.234052111410602,4.28099730458221,5.560120705663881,20.42924528301887
2025-09-24,29.63754480286738,15.288530465949822,12.230734767025089,4.280241935483871,5.575231481481481,20.438844086021504
2025-09-25,29.63754480286738,15.288530465949822,12.230734767025089,4.280241935483871,5.575231481481481,20.438844086021504
2025-09-26,29.633512544802866,15.284498207885306,12.222670250896057,4.270833333333333,5.591898148148148,20.450940860215052
2025-09-27,29.633512544802866,15.284498207885306,12.222670250896057,4.270833333333333,5.591898148148148,20.450940860215052
2025-09-28,29.633512544802866,15.284498207885306,12.222670250896057,4.270833333333333,5.591898148148148,20.450940860215052
2025-09-29,29.626792114695338,15.279121863799284,12.216621863799283,4.262768817204301,5.609953703703703,20.463709677419356
2025-09-30,29.61438784629133,15.275692582663094,12.214700625558534,4.259383378016086,5.623499538319483,20.478552278820377
2025-10-01,29.616039426523297,15.276433691756274,12.212589605734767,4.25739247311828,5.628009259259259,20.471774193548388
2025-10-02,29.6076854334227,15.274352100089367,12.210679177837354,4.25402144772118,5.641505078485688,20.485254691689008
2025-10-03,29.613351254480285,15.271057347670252,12.205869175627239,4.249327956989247,5.6432870370370365,20.47983870967742
2025-10-04,29.598302055406613,15.267649687220734,12.202636282394995,4.248659517426273,5.660895660203139,20.494638069705093
2025-10-05,29.60259856630824,15.264336917562726,12.200492831541219,4.243951612903226,5.66412037037037,20.487903225806452
2025-10-06,29.58243727598566,15.26568100358423,12.192428315412185,4.24260752688172,5.6849537037037035,20.502688172043012
2025-10-07,29.5674709562109,15.259606791778376,12.191912421805183,4.239276139410188,5.702446906740534,20.517426273458444
2025-10-08,29.5674709562109,15.259606791778376,12.191912421805183,4.239276139410188,5.702446906740534,20.517426273458444
2025-10-09,29.566308243727597,15.26030465949821,12.187051971326165,4.237231182795699,5.704398148148147,20.516129032258064
2025-10-10,29.55286738351254,15.26030465949821,12.181675627240143,4.231854838709677,5.719675925925925,20.525537634408604
2025-10-11,29.537980339588916,15.256925826630923,12.18118856121537,4.231233243967829,5.734302862419205,20.540214477211798
2025-10-12,29.537980339588916,15.256925826630923,12.18118856121537,4.231233243967829,5.734302862419205,20.540214477211798
2025-10-13,29.53741039426523,15.256944444444446,12.177643369175627,4.228494623655914,5.737731481481481,20.537634408602152
2025-10-14,29.51187275985663,15.247535842293908,12.174283154121863,4.224462365591398,5.760648148148148,20.55712365591398
2025-10-15,29.51187275985663,15.247535842293908,12.174283154121863,4.224462365591398,5.760648148148148,20.55712365591398
2025-10-16,29.51187275985663,15.247535842293908,12.174283154121863,4.224462365591398,5.760648148148148,20.55712365591398
2025-10-17,29.502464157706093,15.244847670250898,12.164874551971325,4.217741935483871,5.778703703703703,20.569220430107528
2025-10-18,29.490393208221626,15.241510277033067,12.161751563896335,4.2171581769437,5.793167128347183,20.58646112600536
2025-10-19,29.487679211469533,15.23812724014337,12.159498207885305,4.213709677419355,5.798148148148147,20.585349462365592
2025-10-20,29.475582437275985,15.23543906810036,12.15143369175627,4.211021505376344,5.8203703703703695,20.598790322580644
2025-10-21,29.46090259159964,15.232126899016981,12.151027703306523,4.2077747989276135,5.834718374884579,20.613270777479894
2025-10-22,29.459453405017918,15.230062724014338,12.14605734767025,4.208333333333333,5.837037037037036,20.609543010752688
2025-10-23,29.459453405017918,15.230062724014338,12.14605734767025,4.208333333333333,5.837037037037036,20.609543010752688
2025-10-24,29.4554211469534,15.224686379928317,12.132616487455197,4.205645161290323,5.855092592592592,20.621639784946236
2025-10-25,29.453953279424976,15.222596585804135,12.130278526504942,4.2008086253369274,5.8602599814298975,20.617924528301888
2025-10-26,29.453828828828826,15.219144144144146,12.126576576576575,4.197297297297298,5.864059590316573,20.61418918918919
2025-10-27,29.441666666666666,15.219144144144146,12.118468468468468,4.193243243243243,5.8850093109869634,20.627702702702702
2025-10-28,29.42969451931716,15.213162623539983,12.118149146451032,4.190026954177897,5.902042711234911,20.642183288409704
2025-10-29,29.42815315315315,15.21373873873874,12.11036036036036,4.187837837837838,5.9073556797020474,20.641216216216215
2025-10-30,29.426603432700993,15.211607949412828,12.102529358626919,4.185636856368563,5.912698412698412,20.640243902439025
2025-10-31,29.427762681159418,15.208106884057973,12.09465579710145,4.182065217391305,5.9180711610486885,20.640625
2025-11-01,29.41576332429991,15.207542908762422,12.091689250225835,4.178861788617886,5.932306255835667,20.655149051490515
2025-11-02,29.412817028985504,15.204030797101451,12.087862318840578,4.176630434782608,5.9363295880149805,20.652853260869566
2025-11-03,29.40058876811594,15.206748188405799,12.079710144927535,4.171195652173913,5.955992509363295,20.66508152173913
2025-11-04,29.385953026196926,15.203477868112016,12.079494128274614,4.168021680216802,5.972922502334266,20.679539295392953
2025-11-05,29.385953026196926,15.203477868112016,12.079494128274614,4.168021680216802,5.972922502334266,20.679539295392953
2025-11-06,29.379504504504503,15.200225225225227,12.079279279279278,4.164864864864865,5.984171322160148,20.693918918918918
2025-11-07,29.371396396396396,15.196171171171173,12.072522522522522,4.1567567567567565,6.000931098696461,20.707432432432434
2025-11-08,29.359613656783466,15.195642407906561,12.072327044025156,4.153638814016173,6.014856081708449,20.721698113207548
2025-11-09,29.359613656783466,15.195642407906561,12.072327044025156,4.153638814016173,6.014856081708449,20.721698113207548
2025-11-10,29.35788288288288,15.194144144144145,12.068468468468467,4.150675675675676,6.0211824953445054,20.720945945945946
2025-11-11,29.3447888589398,15.192946990116804,12.067610062893081,4.1475741239892185,6.034354688950788,20.735175202156334
2025-11-12,29.33761261261261,15.188063063063066,12.063738738738738,4.142567567567568,6.0414338919925505,20.739864864864863
2025-11-13,29.333107497741643,15.188572719060526,12.055781391147244,4.140243902439025,6.047152194211017,20.736449864498645
2025-11-14,29.326332429990966,15.18721770551039,12.046296296296296,4.134823848238482,6.063958916900092,20.744579945799458
2025-11-15,29.314639639639637,15.186711711711713,12.043468468468468,4.131756756756757,6.077746741154561,20.758783783783784
2025-11-16,29.311427280939473,15.185862691960255,12.04223125564589,4.126693766937669,6.083566760037347,20.755420054200542
2025-11-17,29.297199638663052,15.18721770551039,12.032746160794941,4.121951219512195,6.103174603174602,20.768970189701896
2025-11-18,29.285585585585583,15.18400900900901,12.032657657657657,4.118918918918919,6.116852886405958,20.78310810810811
2025-11-19,29.285585585585583,15.18400900900901,12.032657657657657,4.118918918918919,6.116852886405958,20.78310810810811
2025-11-20,29.285585585585583,15.18400900900901,12.032657657657657,4.118918918918919,6.116852886405958,20.78310810810811
2025-11-21,29.27882882882883,15.177252252252254,12.0259009009009,4.115176151761518,6.132216014897578,20.800675675675677
2025-11-22,29.267295597484274,15.176774483378258,12.023135669362084,4.1121621621621625,6.142989786443825,20.814690026954178
2025-11-23,29.267295597484274,15.176774483378258,12.023135669362084,4.1121621621621625,6.142989786443825,20.814690026954178
2025-11-24,29.255840071877806,15.177448337825698,12.01639712488769,4.105405405405405,6.161792014856081,20.824797843665767
2025-11-25,29.244399641577058,15.174283154121865,12.01635304659498,4.1024258760107815,6.175231481481481,20.838709677419356
2025-11-26,29.236972147349505,15.177448337825698,12.008310871518418,4.102702702702703,6.184076137418755,20.838274932614556
2025-11-27,29.236972147349505,15.177448337825698,12.008310871518418,4.102702702702703,6.184076137418755,20.838274932614556
2025-11-28,29.22349505840072,15.177448337825698,11.998876909254268,4.097297297297297,6.200789229340761,20.8544474393531
2025-11-29,29.22349505840072,15.177448337825698,11.998876909254268,4.097297297297297,6.200789229340761,20.8544474393531
2025-11-30,29.22349505840072,15.177448337825698,11.998876909254268,4.097297297297297,6.200789229340761,20.8544474393531
2025-12-01,29.21869369369369,15.178828828828829,11.994819819819819,4.093947606142728,6.208798882681564,20.8509009009009
2025-12-02,29.20664869721473,15.176325247079966,11.993486073674752,4.091666666666666,6.221448467966574,20.866127583108714
2025-12-03,29.20664869721473,15.176325247079966,11.993486073674752,4.091666666666666,6.221448467966574,20.866127583108714
2025-12-04,29.193171608265946,15.176325247079966,11.988095238095237,4.086261261261261,6.23816155988858,20.87421383647799
2025-12-05,29.188288288288287,15.176801801801803,11.982657657657656,4.083785004516711,6.244413407821229,20.872522522522523
2025-12-06,29.1769991015274,15.176325247079966,11.977313566936207,4.0835585585585585,6.257660167130919,20.886343216531895
2025-12-07,29.17072072072072,15.175450450450452,11.9759009009009,4.08107497741644,6.2639664804469275,20.88063063063063
2025-12-08,29.16576332429991,15.178635953026198,11.973125564588978,4.078577898550725,6.273109243697479,20.874887082204154
2025-12-09,29.152477477477476,15.176801801801803,11.97117117117117,4.077009936766034,6.2863128491620115,20.889414414414414
2025-12-10,29.130855855855856,15.17274774774775,11.964414414414414,4.071589882565492,6.307960893854749,20.90427927927928
2025-12-11,29.12511230907457,15.16958670260557,11.965858041329739,4.072747747747747,6.3154596100278555,20.915318957771788
2025-12-12,29.110287511230904,15.166891284815813,11.961814914645103,4.071589882565492,6.334958217270195,20.92475292003594
2025-12-13,29.09655017921147,15.16375448028674,11.959229390681003,4.071396396396396,6.347916666666666,20.93839605734767
2025-12-14,29.09655017921147,15.16375448028674,11.959229390681003,4.071396396396396,6.347916666666666,20.93839605734767
2025-12-15,29.09655017921147,15.16375448028674,11.959229390681003,4.071396396396396,6.347916666666666,20.93839605734767
2025-12-16,29.084226988382483,15.159294012511172,11.958668453976765,4.069856244384546,6.360110803324099,20.951966041108133
2025-12-17,29.076388888888886,15.159722222222223,11.95855734767025,4.067342342342342,6.366666666666666,20.946460573476703
2025-12-18,29.076388888888886,15.159722222222223,11.95855734767025,4.067342342342342,6.366666666666666,20.946460573476703
2025-12-19,29.076388888888886,15.159722222222223,11.95855734767025,4.067342342342342,6.366666666666666,20.946460573476703
2025-12-20,29.068508535489666,15.16015274034142,11.958445642407906,4.064814814814814,6.373259052924791,20.940925426774484
2025-12-21,29.0548835125448,15.157034050179213,11.95855734767025,4.06463963963964,6.386111111111111,20.954525089605735
2025-12-22,29.0548835125448,15.157034050179213,11.95855734767025,4.06463963963964,6.386111111111111,20.954525089605735
2025-12-23,29.03270609318996,15.154345878136201,11.956541218637993,4.058558558558558,6.406944444444444,20.96326164874552
2025-12-24,29.027403414195867,15.157457322551663,11.95372866127583,4.0560072267389335,6.413649025069638,20.960467205750223
2025-12-25,29.027403414195867,15.157457322551663,11.95372866127583,4.0560072267389335,6.413649025069638,20.960467205750223
2025-12-26,29.02207207207207,15.155180180180182,11.953603603603602,4.053442028985507,6.420391061452514,20.954954954954953
2025-12-27,29.02207207207207,15.155180180180182,11.953603603603602,4.053442028985507,6.420391061452514,20.954954954954953
2025-12-28,29.02207207207207,15.155180180180182,11.953603603603602,4.053442028985507,6.420391061452514,20.954954954954953
2025-12-29,29.016711833785003,15.154245709123758,11.950767841011743,4.052225249772933,6.427170868347339,20.950767841011743
2025-12-30,29.016711833785003,15.154245709123758,11.950767841011743,4.052225249772933,6.427170868347339,20.950767841011743
2025-12-31,29.016711833785003,15.154245709123758,11.950767841011743,4.052225249772933,6.427170868347339,20.950767841011743
2026-01-01,29.011322463768114,15.16009963768116,11.945199275362318,4.052367941712204,6.433988764044944,20.947916666666664
2026-01-02,29.0086285195277,15.160535876475931,11.945049954586738,4.0497716894977165,6.440845070422535,20.94504995458674
2026-01-03,28.997735507246375,15.157382246376812,11.94248188405797,4.0496357012750455,6.453651685393258,20.95878623188406
2026-01-04,28.99227974568574,15.160535876475931,11.942325158946412,4.047031963470319,6.46056338028169,20.95322434150772
2026-01-05,28.97320617620345,15.165985467756586,11.936875567665757,4.044292237442922,6.477464788732394,20.966848319709353
2026-01-06,28.962409420289852,15.164175724637682,11.934329710144926,4.042805100182149,6.490168539325842,20.979166666666664
2026-01-07,28.962409420289852,15.164175724637682,11.934329710144926,4.042805100182149,6.490168539325842,20.979166666666664
2026-01-08,28.95980126467931,15.158310749774165,11.934507678410117,4.039963669391462,6.5,20.99006323396567
2026-01-09,28.955615942028984,15.162817028985508,11.927536231884057,4.038706739526411,6.508426966292135,20.98731884057971
2026-01-10,28.94218608852755,15.1596657633243,11.927732610659438,4.038601271571299,6.5210084033613445,21.000903342366755
2026-01-11,28.937952898550723,15.164175724637682,11.926177536231883,4.035974499089253,6.530898876404494,20.999547101449274
2026-01-12,28.92028985507246,15.165534420289855,11.920742753623188,4.035974499089253,6.547752808988764,21.015851449275363
2026-01-13,28.906955736224027,15.1596657633243,11.923667570009032,4.033151680290644,6.560224089635854,21.029358626919603
2026-01-14,28.893115942028984,15.16009963768116,11.919384057971014,4.027777777777778,6.567415730337078,21.03351449275362
2026-01-15,28.893115942028984,15.16009963768116,11.919384057971014,4.027777777777778,6.567415730337078,21.03351449275362
2026-01-16,28.882246376811594,15.16009963768116,11.913949275362318,4.025045537340619,6.584269662921348,21.047101449275363
2026-01-17,28.871725383920506,15.15695573622403,11.914182475158084,4.0249772933696635,6.5966386554621845,21.060523938572718
2026-01-18,28.868659420289852,15.158740942028986,11.912590579710145,4.0223132969034605,6.605337078651686,21.0606884057971
2026-01-19,28.86012715712988,15.159173478655768,11.90690281562216,4.025114155251141,6.615492957746479,21.06630336058129
2026-01-20,28.849637681159418,15.156023550724639,11.90715579710145,4.02367941712204,6.625702247191011,21.079710144927535
2026-01-21,28.846503178928245,15.153723887375115,11.901453224341507,4.023744292237443,6.635915492957746,21.08537693006358
2026-01-22,28.84061930783242,15.154143897996358,11.898451730418943,4.023809523809524,6.646186440677966,21.091074681238617
2026-01-23,28.83744292237443,15.154566210045664,11.895433789954337,4.023875114784206,6.653682719546742,21.09406392694064
2026-01-24,28.82695810564663,15.154143897996358,11.892987249544626,4.023809523809524,6.663135593220339,21.107468123861565
2026-01-25,28.823744292237443,15.154566210045664,11.89132420091324,4.022497704315886,6.672096317280453,21.109132420091324
2026-01-26,28.816391941391938,15.153617216117217,11.886904761904761,4.02255985267035,6.683948863636363,21.117673992673993
2026-01-27,28.807305936073057,15.151141552511417,11.886529680365296,4.0211202938475665,6.695467422096317,21.128310502283103
